gene,amp_freq,del_freq,mean_cnv
A1BG,0.6352040816326531,0.02806122448979592,3.25765306122449
A1CF,0.4744897959183674,0.05612244897959184,2.7806122448979593
A2M,0.6173469387755102,0.02040816326530612,3.239795918367347
A4GALT,0.44387755102040816,0.07908163265306123,2.5969387755102042
A4GNT,0.6760204081632653,0.01020408163265306,3.556122448979592
AAAS,0.5994897959183674,0.02806122448979592,2.99234693877551
AACS,0.6147959183673469,0.02295918367346939,3.0153061224489797
AADAT,0.43112244897959184,0.07653061224489796,2.622448979591837
AAK1,0.6352040816326531,0.017857142857142856,3.3469387755102042
AAMP,0.35459183673469385,0.09948979591836735,2.436224489795918
AANAT,0.6887755102040817,0.012755102040816327,3.482142857142857
AAR2,0.7142857142857143,0.002551020408163265,3.693877551020408
AARS2,0.576530612244898,0.017857142857142856,3.1760204081632653
AARSD1,0.6224489795918368,0.017857142857142856,3.2193877551020407
AASDHPPT,0.45408163265306123,0.06887755102040816,2.811224489795918
AASS,0.5918367346938775,0.012755102040816327,3.2372448979591835
AATF,0.6198979591836735,0.017857142857142856,3.267857142857143
ABAT,0.5306122448979592,0.03826530612244898,3.2244897959183674
ABCA1,0.45663265306122447,0.1096938775510204,2.6683673469387754
ABCA2,0.4744897959183674,0.09948979591836735,2.7193877551020407
ABCA7,0.5153061224489796,0.07142857142857142,2.767857142857143
ABCB1,0.6020408163265306,0.00510204081632653,3.318877551020408
ABCB10,0.6632653061224489,0.02040816326530612,3.2244897959183674
ABCB4,0.5994897959183674,0.00510204081632653,3.316326530612245
ABCB6,0.35459183673469385,0.10204081632653061,2.433673469387755
ABCB7,0.21428571428571427,0.34183673469387754,2.038265306122449
ABCC1,0.5357142857142857,0.030612244897959183,2.8979591836734695
ABCC11,0.5102040816326531,0.03571428571428571,2.941326530612245
ABCC3,0.6403061224489796,0.012755102040816327,3.3520408163265305
ABCC8,0.35714285714285715,0.08673469387755102,2.443877551020408
ABCC9,0.6020408163265306,0.02040816326530612,3.2346938775510203
ABCD1,0.23469387755102042,0.33418367346938777,2.066326530612245
ABCD2,0.5994897959183674,0.02040816326530612,3.0841836734693877
ABCD3,0.576530612244898,0.04081632653061224,2.9591836734693877
ABCD4,0.5,0.04336734693877551,2.7780612244897958
ABCE1,0.45408163265306123,0.061224489795918366,2.75765306122449
ABCF1,0.6096938775510204,0.015306122448979591,3.183673469387755
ABCG1,0.5612244897959183,0.04081632653061224,3.1403061224489797
ABCG2,0.46683673469387754,0.04846938775510204,2.75765306122449
ABCG4,0.4489795918367347,0.07653061224489796,2.7066326530612246
ABCG8,0.6275510204081632,0.015306122448979591,3.2653061224489797
ABHD12,0.6760204081632653,0.007653061224489796,3.520408163265306
ABHD5,0.5102040816326531,0.03826530612244898,3.017857142857143
ABHD6,0.4846938775510204,0.06887755102040816,2.872448979591837
ABI1,0.5918367346938775,0.04081632653061224,3.260204081632653
ABI2,0.4336734693877551,0.061224489795918366,2.6581632653061225
ABI3,0.6352040816326531,0.015306122448979591,3.3035714285714284
ABL1,0.46938775510204084,0.10204081632653061,2.673469387755102
ABL2,0.6836734693877551,0.015306122448979591,3.4591836734693877
ABLIM2,0.4923469387755102,0.061224489795918366,2.7806122448979593
ABLIM3,0.42346938775510207,0.08673469387755102,2.5535714285714284
ABR,0.37244897959183676,0.12244897959183673,2.482142857142857
ABRA,0.7244897959183674,0.01020408163265306,4.23469387755102
ABRAXAS1,0.4642857142857143,0.05102040816326531,2.7219387755102042
ABRAXAS2,0.4413265306122449,0.07653061224489796,2.625
ABT1,0.5892857142857143,0.012755102040816327,3.211734693877551
ABTB1,0.6683673469387755,0.015306122448979591,3.510204081632653
ACAA1,0.5433673469387755,0.030612244897959183,3.1556122448979593
ACAA2,0.413265306122449,0.10714285714285714,2.5714285714285716
ACACA,0.625,0.015306122448979591,3.2755102040816326
ACACB,0.6173469387755102,0.02040816326530612,3.048469387755102
ACAD10,0.625,0.017857142857142856,3.1581632653061225
ACAD8,0.4744897959183674,0.07908163265306123,2.729591836734694
ACAD9,0.6632653061224489,0.012755102040816327,3.4846938775510203
ACADL,0.38010204081632654,0.08928571428571429,2.502551020408163
ACADM,0.5867346938775511,0.025510204081632654,3.0969387755102042
ACADS,0.6173469387755102,0.02040816326530612,3.045918367346939
ACADSB,0.44387755102040816,0.07397959183673469,2.670918367346939
ACADVL,0.375,0.12244897959183673,2.461734693877551
ACAN,0.5204081632653061,0.04846938775510204,2.7372448979591835
ACAT1,0.4413265306122449,0.07397959183673469,2.788265306122449
ACAT2,0.4260204081632653,0.07908163265306123,2.548469387755102
ACBD3,0.6632653061224489,0.02040816326530612,3.2193877551020407
ACBD6,0.6785714285714286,0.017857142857142856,3.433673469387755
ACE,0.6938775510204082,0.01020408163265306,3.576530612244898
ACE2,0.22704081632653061,0.3392857142857143,2.066326530612245
ACER1,0.5408163265306123,0.061224489795918366,2.8035714285714284
ACER2,0.3877551020408163,0.14540816326530612,2.688775510204082
ACER3,0.5586734693877551,0.025510204081632654,3.114795918367347
ACHE,0.6071428571428571,0.00510204081632653,3.298469387755102
ACIN1,0.5127551020408163,0.04336734693877551,2.8903061224489797
ACKR1,0.7091836734693877,0.012755102040816327,3.9591836734693877
ACKR2,0.5153061224489796,0.03826530612244898,3.0306122448979593
ACKR3,0.34438775510204084,0.11224489795918367,2.4005102040816326
ACLY,0.6275510204081632,0.012755102040816327,3.2193877551020407
ACMSD,0.5051020408163265,0.05102040816326531,2.9056122448979593
ACO1,0.4260204081632653,0.09183673469387756,2.7193877551020407
ACO2,0.4413265306122449,0.07908163265306123,2.586734693877551
ACOT1,0.4923469387755102,0.04336734693877551,2.7729591836734695
ACOT11,0.5867346938775511,0.02295918367346939,3.0408163265306123
ACOT12,0.39540816326530615,0.10459183673469388,2.489795918367347
ACOT13,0.6045918367346939,0.012755102040816327,3.4591836734693877
ACOT2,0.4923469387755102,0.04336734693877551,2.7729591836734695
ACOT4,0.4923469387755102,0.04336734693877551,2.7729591836734695
ACOT7,0.5739795918367347,0.04336734693877551,2.9693877551020407
ACOT8,0.7142857142857143,0.007653061224489796,3.711734693877551
ACOX1,0.6887755102040817,0.01020408163265306,3.4846938775510203
ACOX2,0.4846938775510204,0.06887755102040816,2.8698979591836733
ACOX3,0.49489795918367346,0.058673469387755105,2.7908163265306123
ACP1,0.6301020408163265,0.02040816326530612,3.3494897959183674
ACP2,0.4362244897959184,0.07142857142857142,2.6096938775510203
ACP5,0.5612244897959183,0.05102040816326531,2.8979591836734695
ACR,0.43112244897959184,0.09438775510204081,2.5510204081632653
ACSBG1,0.5051020408163265,0.05102040816326531,2.688775510204082
ACSF3,0.5102040816326531,0.04846938775510204,2.920918367346939
ACSL1,0.41581632653061223,0.08418367346938775,2.576530612244898
ACSL3,0.34438775510204084,0.10714285714285714,2.454081632653061
ACSL4,0.2193877551020408,0.3469387755102041,2.020408163265306
ACSL5,0.42857142857142855,0.07908163265306123,2.5841836734693877
ACSM1,0.5433673469387755,0.03316326530612245,2.9260204081632653
ACSM2B,0.5433673469387755,0.03316326530612245,2.9260204081632653
ACSM5,0.5433673469387755,0.03316326530612245,2.9183673469387754
ACSS1,0.673469387755102,0.007653061224489796,3.5153061224489797
ACSS2,0.7244897959183674,0.0,3.931122448979592
ACSS3,0.5816326530612245,0.03316326530612245,2.99234693877551
ACTA1,0.6607142857142857,0.02040816326530612,3.2142857142857144
ACTBL2,0.37755102040816324,0.1096938775510204,2.4948979591836733
ACTC1,0.4744897959183674,0.061224489795918366,2.627551020408163
ACTG1,0.6836734693877551,0.012755102040816327,3.4719387755102042
ACTG2,0.6326530612244898,0.02040816326530612,3.3443877551020407
ACTL6A,0.6989795918367347,0.00510204081632653,3.7627551020408165
ACTL6B,0.6071428571428571,0.007653061224489796,3.295918367346939
ACTL7A,0.45153061224489793,0.10714285714285714,2.7142857142857144
ACTN1,0.48214285714285715,0.05102040816326531,2.7244897959183674
ACTN2,0.6607142857142857,0.017857142857142856,3.270408163265306
ACTN3,0.5969387755102041,0.012755102040816327,3.122448979591837
ACTN4,0.6428571428571429,0.015306122448979591,3.7448979591836733
ACTR10,0.4719387755102041,0.04591836734693878,2.7244897959183674
ACTR1A,0.41581632653061223,0.08163265306122448,2.5510204081632653
ACTR1B,0.5790816326530612,0.02806122448979592,3.1989795918367347
ACTR2,0.6352040816326531,0.017857142857142856,3.3392857142857144
ACTR3,0.5382653061224489,0.03571428571428571,2.9846938775510203
ACTR3B,0.5867346938775511,0.02806122448979592,3.163265306122449
ACTR3C,0.5867346938775511,0.012755102040816327,3.170918367346939
ACTR5,0.7193877551020408,0.00510204081632653,3.6785714285714284
ACTR6,0.6020408163265306,0.025510204081632654,2.99234693877551
ACTR8,0.46938775510204084,0.07397959183673469,2.8801020408163267
ACVR1,0.4897959183673469,0.03826530612244898,2.875
ACVR1B,0.6045918367346939,0.025510204081632654,3.048469387755102
ACVR1C,0.4897959183673469,0.03826530612244898,2.875
ACVR2A,0.4897959183673469,0.04336734693877551,2.8010204081632653
ACVR2B,0.5433673469387755,0.030612244897959183,3.188775510204082
ACVRL1,0.6045918367346939,0.025510204081632654,3.048469387755102
ACY1,0.4719387755102041,0.0663265306122449,2.872448979591837
ACYP2,0.6403061224489796,0.017857142857142856,3.3494897959183674
ADA,0.7244897959183674,0.00510204081632653,3.9566326530612246
ADAM10,0.49489795918367346,0.058673469387755105,2.6530612244897958
ADAM11,0.6147959183673469,0.017857142857142856,3.204081632653061
ADAM12,0.4489795918367347,0.07142857142857142,2.6683673469387754
ADAM15,0.6989795918367347,0.01020408163265306,3.670918367346939
ADAM17,0.6377551020408163,0.017857142857142856,3.502551020408163
ADAM19,0.40561224489795916,0.09438775510204081,2.510204081632653
ADAM2,0.47959183673469385,0.08928571428571429,3.3622448979591835
ADAM21,0.4846938775510204,0.04846938775510204,2.7448979591836733
ADAM22,0.6020408163265306,0.00510204081632653,3.318877551020408
ADAM28,0.24489795918367346,0.2193877551020408,2.2244897959183674
ADAM30,0.6096938775510204,0.02295918367346939,3.2448979591836733
ADAM8,0.45408163265306123,0.0663265306122449,2.6658163265306123
ADAM9,0.46938775510204084,0.09948979591836735,3.375
ADAMTS1,0.5688775510204082,0.03571428571428571,3.173469387755102
ADAMTS12,0.7091836734693877,0.007653061224489796,3.997448979591837
ADAMTS13,0.4744897959183674,0.09438775510204081,2.6989795918367347
ADAMTS18,0.5153061224489796,0.04336734693877551,2.9668367346938775
ADAMTS2,0.413265306122449,0.09693877551020408,2.5153061224489797
ADAMTS4,0.7142857142857143,0.012755102040816327,4.596938775510204
ADAMTS5,0.5663265306122449,0.03571428571428571,3.173469387755102
ADAMTS7,0.5051020408163265,0.05102040816326531,2.683673469387755
ADAMTSL1,0.3877551020408163,0.14540816326530612,2.6556122448979593
ADAMTSL2,0.4744897959183674,0.09438775510204081,2.701530612244898
ADAMTSL3,0.5102040816326531,0.04846938775510204,2.711734693877551
ADAMTSL5,0.5178571428571429,0.07142857142857142,2.75765306122449
ADAP1,0.6556122448979592,0.017857142857142856,3.5280612244897958
ADAP2,0.6301020408163265,0.017857142857142856,3.4260204081632653
ADAR,0.6989795918367347,0.01020408163265306,3.691326530612245
ADCY1,0.6454081632653061,0.01020408163265306,3.4591836734693877
ADCY10,0.7040816326530612,0.012755102040816327,3.854591836734694
ADCY2,0.7168367346938775,0.015306122448979591,4.13265306122449
ADCY3,0.6301020408163265,0.017857142857142856,3.2831632653061225
ADCY5,0.6658163265306123,0.017857142857142856,3.497448979591837
ADCY6,0.5892857142857143,0.02806122448979592,2.9744897959183674
ADCY7,0.5076530612244898,0.03826530612244898,2.8698979591836733
ADCY8,0.7142857142857143,0.01020408163265306,4.012755102040816
ADCY9,0.43112244897959184,0.07142857142857142,2.604591836734694
ADCYAP1,0.5739795918367347,0.02806122448979592,3.4030612244897958
ADD1,0.4923469387755102,0.05357142857142857,2.7933673469387754
ADD2,0.6403061224489796,0.017857142857142856,3.372448979591837
ADD3,0.42857142857142855,0.08163265306122448,2.568877551020408
ADGRA2,0.4642857142857143,0.10204081632653061,3.7627551020408165
ADGRB1,0.7040816326530612,0.01020408163265306,3.8877551020408165
ADGRE5,0.5535714285714286,0.05102040816326531,2.8520408163265305
ADGRF5,0.5688775510204082,0.02295918367346939,3.1020408163265305
ADGRG3,0.48214285714285715,0.04081632653061224,2.7908163265306123
ADGRL1,0.5535714285714286,0.05102040816326531,2.836734693877551
ADGRL2,0.5714285714285714,0.03826530612244898,2.979591836734694
ADGRL3,0.4872448979591837,0.030612244897959183,2.8341836734693877
ADH1A,0.461734693877551,0.05612244897959184,2.693877551020408
ADH1B,0.461734693877551,0.05357142857142857,2.6964285714285716
ADH1C,0.461734693877551,0.05357142857142857,2.6964285714285716
ADH4,0.461734693877551,0.05612244897959184,2.693877551020408
ADH5,0.461734693877551,0.05612244897959184,2.693877551020408
ADH7,0.461734693877551,0.05357142857142857,2.6964285714285716
ADHFE1,0.7117346938775511,0.00510204081632653,3.8341836734693877
ADI1,0.6275510204081632,0.02040816326530612,3.3341836734693877
ADIPOQ,0.6964285714285714,0.00510204081632653,3.75765306122449
ADIPOR1,0.6275510204081632,0.02040816326530612,3.0841836734693877
ADIPOR2,0.6275510204081632,0.02295918367346939,3.2857142857142856
ADK,0.46938775510204084,0.058673469387755105,2.86734693877551
ADM,0.3392857142857143,0.09438775510204081,2.4183673469387754
ADNP,0.7193877551020408,0.00510204081632653,3.75765306122449
ADO,0.45153061224489793,0.04846938775510204,2.7168367346938775
ADORA1,0.6275510204081632,0.02040816326530612,3.0841836734693877
ADORA2A,0.5076530612244898,0.0663265306122449,2.938775510204082
ADORA2B,0.336734693877551,0.13520408163265307,2.385204081632653
ADPGK,0.5076530612244898,0.04336734693877551,2.7346938775510203
ADRA1A,0.25,0.21683673469387754,2.232142857142857
ADRA1B,0.4030612244897959,0.09438775510204081,2.50765306122449
ADRA1D,0.6530612244897959,0.012755102040816327,3.443877551020408
ADRA2A,0.42346938775510207,0.08418367346938775,2.563775510204082
ADRA2B,0.5790816326530612,0.025510204081632654,3.1683673469387754
ADRA2C,0.4897959183673469,0.05357142857142857,2.7780612244897958
ADRB1,0.43112244897959184,0.07908163265306123,2.5918367346938775
ADRB2,0.4260204081632653,0.08673469387755102,2.556122448979592
ADRB3,0.461734693877551,0.10204081632653061,3.3494897959183674
ADRM1,0.6913265306122449,0.012755102040816327,3.563775510204082
ADSL,0.42857142857142855,0.07908163265306123,2.5943877551020407
AEBP2,0.6045918367346939,0.015306122448979591,3.260204081632653
AFAP1,0.4897959183673469,0.061224489795918366,2.7755102040816326
AFDN,0.41836734693877553,0.08673469387755102,2.556122448979592
AFF1,0.4719387755102041,0.04846938775510204,2.7933673469387754
AFF4,0.41836734693877553,0.09693877551020408,2.5510204081632653
AFG3L2,0.5561224489795918,0.03571428571428571,3.270408163265306
AFMID,0.6836734693877551,0.012755102040816327,3.479591836734694
AGA,0.41836734693877553,0.09183673469387756,2.6020408163265305
AGAP2,0.5994897959183674,0.030612244897959183,3.1505102040816326
AGER,0.5969387755102041,0.017857142857142856,3.076530612244898
AGFG1,0.3392857142857143,0.1096938775510204,2.4030612244897958
AGGF1,0.37244897959183676,0.125,2.443877551020408
AGL,0.5790816326530612,0.03826530612244898,2.931122448979592
AGMAT,0.5663265306122449,0.03571428571428571,2.954081632653061
AGMO,0.6581632653061225,0.012755102040816327,3.670918367346939
AGO1,0.5739795918367347,0.030612244897959183,2.9489795918367347
AGO2,0.7066326530612245,0.012755102040816327,3.872448979591837
AGO3,0.5739795918367347,0.030612244897959183,2.9489795918367347
AGO4,0.5739795918367347,0.030612244897959183,2.9489795918367347
AGPAT1,0.5969387755102041,0.017857142857142856,3.076530612244898
AGPAT2,0.4744897959183674,0.09948979591836735,2.7193877551020407
AGPAT3,0.5637755102040817,0.04081632653061224,3.145408163265306
AGPAT4,0.42346938775510207,0.07908163265306123,2.548469387755102
AGPAT5,0.2602040816326531,0.22193877551020408,2.2551020408163267
AGPS,0.48214285714285715,0.03826530612244898,2.8239795918367347
AGR2,0.6632653061224489,0.012755102040816327,3.829081632653061
AGR3,0.6632653061224489,0.012755102040816327,3.8341836734693877
AGRN,0.5714285714285714,0.03826530612244898,2.989795918367347
AGRP,0.5255102040816326,0.03571428571428571,3.0051020408163267
AGT,0.6607142857142857,0.02040816326530612,3.2448979591836733
AGTR1,0.6811224489795918,0.007653061224489796,3.635204081632653
AGTR2,0.21173469387755103,0.34438775510204084,2.020408163265306
AGTRAP,0.5714285714285714,0.03826530612244898,2.9770408163265305
AGXT,0.3494897959183674,0.1326530612244898,2.3877551020408165
AGXT2,0.7117346938775511,0.01020408163265306,4.073979591836735
AHCTF1,0.6632653061224489,0.015306122448979591,3.2831632653061225
AHCY,0.7270408163265306,0.0,3.951530612244898
AHCYL1,0.5739795918367347,0.03571428571428571,2.938775510204082
AHCYL2,0.5943877551020408,0.012755102040816327,3.2142857142857144
AHI1,0.4489795918367347,0.07142857142857142,2.8316326530612246
AHNAK,0.5790816326530612,0.007653061224489796,3.056122448979592
AHR,0.6658163265306123,0.015306122448979591,3.9285714285714284
AHRR,0.7091836734693877,0.01020408163265306,4.107142857142857
AHSA1,0.5076530612244898,0.04591836734693878,2.8010204081632653
AHSG,0.6989795918367347,0.00510204081632653,3.752551020408163
AHSP,0.5739795918367347,0.025510204081632654,3.0051020408163267
AICDA,0.6198979591836735,0.02040816326530612,3.2372448979591835
AIF1,0.6071428571428571,0.015306122448979591,3.11734693877551
AIFM1,0.21428571428571427,0.3520408163265306,2.0127551020408165
AIFM2,0.45408163265306123,0.05357142857142857,2.7066326530612246
AIM2,0.7040816326530612,0.012755102040816327,3.9489795918367347
AIMP1,0.461734693877551,0.0663265306122449,2.686224489795918
AIMP2,0.6581632653061225,0.007653061224489796,3.5816326530612246
AIP,0.6122448979591837,0.012755102040816327,3.1785714285714284
AIPL1,0.375,0.11989795918367346,2.4846938775510203
AJAP1,0.5688775510204082,0.04081632653061224,2.9719387755102042
AJUBA,0.5102040816326531,0.04336734693877551,2.8698979591836733
AK2,0.5714285714285714,0.03316326530612245,2.9285714285714284
AK3,0.41836734693877553,0.1326530612244898,2.816326530612245
AK4,0.5841836734693877,0.02295918367346939,3.0229591836734695
AK5,0.5841836734693877,0.025510204081632654,3.1096938775510203
AK8,0.46683673469387754,0.09948979591836735,2.6785714285714284
AKAP1,0.6479591836734694,0.02040816326530612,3.4183673469387754
AKAP10,0.4260204081632653,0.08163265306122448,2.8316326530612246
AKAP12,0.4260204081632653,0.07142857142857142,2.545918367346939
AKAP13,0.5102040816326531,0.04846938775510204,2.7729591836734695
AKAP14,0.21173469387755103,0.3494897959183674,2.002551020408163
AKAP3,0.6224489795918368,0.02295918367346939,3.2627551020408165
AKAP4,0.22959183673469388,0.34183673469387754,2.0408163265306123
AKAP5,0.4770408163265306,0.04591836734693878,2.739795918367347
AKAP7,0.4489795918367347,0.06887755102040816,2.627551020408163
AKAP8,0.5637755102040817,0.04846938775510204,2.877551020408163
AKAP8L,0.5637755102040817,0.04846938775510204,2.877551020408163
AKAP9,0.6045918367346939,0.00510204081632653,3.295918367346939
AKIRIN1,0.5994897959183674,0.017857142857142856,3.2193877551020407
AKIRIN2,0.42091836734693877,0.07908163265306123,2.5229591836734695
AKR1A1,0.5994897959183674,0.017857142857142856,3.0408163265306123
AKR1B1,0.5918367346938775,0.015306122448979591,3.247448979591837
AKR1C1,0.6581632653061225,0.025510204081632654,3.6403061224489797
AKR1C2,0.6581632653061225,0.02806122448979592,3.6403061224489797
AKR1C3,0.6530612244897959,0.02806122448979592,3.673469387755102
AKR1C4,0.6581632653061225,0.02806122448979592,3.6683673469387754
AKR1D1,0.5918367346938775,0.012755102040816327,3.2091836734693877
AKR7A2,0.5637755102040817,0.03826530612244898,2.941326530612245
AKR7A3,0.5637755102040817,0.03826530612244898,2.941326530612245
AKT1,0.5025510204081632,0.04591836734693878,2.7933673469387754
AKT1S1,0.6403061224489796,0.025510204081632654,3.2857142857142856
AKT2,0.6326530612244898,0.02040816326530612,3.556122448979592
AKT3,0.6607142857142857,0.015306122448979591,3.25
AKTIP,0.4846938775510204,0.04336734693877551,2.813775510204082
ALAD,0.461734693877551,0.09693877551020408,2.663265306122449
ALAS1,0.46938775510204084,0.06887755102040816,2.8622448979591835
ALB,0.5127551020408163,0.03571428571428571,3.002551020408163
ALCAM,0.6530612244897959,0.017857142857142856,3.4566326530612246
ALDH18A1,0.42346938775510207,0.07908163265306123,2.566326530612245
ALDH1A1,0.45408163265306123,0.125,2.6198979591836733
ALDH1A2,0.49489795918367346,0.058673469387755105,2.6989795918367347
ALDH1A3,0.5153061224489796,0.05102040816326531,2.7372448979591835
ALDH1B1,0.4260204081632653,0.09948979591836735,2.6989795918367347
ALDH1L1,0.6658163265306123,0.015306122448979591,3.502551020408163
ALDH1L2,0.6071428571428571,0.025510204081632654,3.0051020408163267
ALDH2,0.625,0.017857142857142856,3.1683673469387754
ALDH3A1,0.4336734693877551,0.08163265306122448,2.8392857142857144
ALDH3A2,0.43112244897959184,0.08673469387755102,2.854591836734694
ALDH3B1,0.6147959183673469,0.017857142857142856,3.2142857142857144
ALDH4A1,0.5637755102040817,0.03571428571428571,2.941326530612245
ALDH5A1,0.6045918367346939,0.012755102040816327,3.558673469387755
ALDH6A1,0.49744897959183676,0.04336734693877551,2.767857142857143
ALDH9A1,0.7040816326530612,0.012755102040816327,4.045918367346939
ALDOC,0.6479591836734694,0.012755102040816327,3.4668367346938775
ALG1,0.4362244897959184,0.0663265306122449,2.625
ALG10,0.6377551020408163,0.015306122448979591,3.316326530612245
ALG10B,0.6096938775510204,0.02040816326530612,3.127551020408163
ALG11,0.44387755102040816,0.09948979591836735,2.7627551020408165
ALG12,0.4336734693877551,0.09438775510204081,2.5510204081632653
ALG13,0.21683673469387754,0.3392857142857143,2.020408163265306
ALG14,0.5739795918367347,0.04081632653061224,2.951530612244898
ALG2,0.4387755102040816,0.11224489795918367,2.622448979591837
ALG3,0.6989795918367347,0.00510204081632653,3.7244897959183674
ALG5,0.4846938775510204,0.061224489795918366,2.8622448979591835
ALG8,0.5382653061224489,0.025510204081632654,3.142857142857143
ALG9,0.4387755102040816,0.07142857142857142,2.688775510204082
ALK,0.6326530612244898,0.015306122448979591,3.316326530612245
ALKBH1,0.5102040816326531,0.04591836734693878,2.8035714285714284
ALKBH2,0.6173469387755102,0.02040816326530612,3.048469387755102
ALKBH3,0.4107142857142857,0.08418367346938775,2.556122448979592
ALKBH4,0.6020408163265306,0.00510204081632653,3.2933673469387754
ALKBH5,0.3673469387755102,0.10714285714285714,2.49234693877551
ALKBH7,0.5408163265306123,0.058673469387755105,2.806122448979592
ALKBH8,0.44387755102040816,0.06887755102040816,2.813775510204082
ALMS1,0.6326530612244898,0.02040816326530612,3.336734693877551
ALOX12,0.375,0.11989795918367346,2.4642857142857144
ALOX15,0.38010204081632654,0.11989795918367346,2.5051020408163267
ALOX15B,0.3647959183673469,0.11989795918367346,2.4260204081632653
ALOX5,0.5102040816326531,0.05357142857142857,2.9081632653061225
ALOX5AP,0.5714285714285714,0.025510204081632654,3.1377551020408165
ALPG,0.32653061224489793,0.11224489795918367,2.3698979591836733
ALPI,0.32653061224489793,0.11224489795918367,2.3698979591836733
ALPL,0.5612244897959183,0.03826530612244898,2.9489795918367347
ALPP,0.32653061224489793,0.11224489795918367,2.3698979591836733
ALS2,0.4387755102040816,0.058673469387755105,2.635204081632653
ALS2CL,0.5025510204081632,0.04591836734693878,2.961734693877551
ALYREF,0.6836734693877551,0.012755102040816327,3.4642857142857144
AMACR,0.7091836734693877,0.007653061224489796,4.005102040816326
AMBN,0.5025510204081632,0.03571428571428571,2.872448979591837
AMBP,0.45918367346938777,0.09693877551020408,2.6607142857142856
AMBRA1,0.42857142857142855,0.07653061224489796,2.5816326530612246
AMD1,0.41836734693877553,0.09183673469387756,2.520408163265306
AMDHD1,0.5994897959183674,0.025510204081632654,3.0153061224489797
AMELX,0.23214285714285715,0.34438775510204084,2.066326530612245
AMFR,0.4846938775510204,0.03826530612244898,2.8010204081632653
AMH,0.5280612244897959,0.0663265306122449,2.7831632653061225
AMHR2,0.5969387755102041,0.02806122448979592,2.979591836734694
AMN,0.49744897959183676,0.04846938775510204,2.767857142857143
AMOT,0.21428571428571427,0.3469387755102041,2.0051020408163267
AMOTL1,0.49489795918367346,0.04081632653061224,2.8418367346938775
AMPD1,0.5892857142857143,0.02806122448979592,3.0255102040816326
AMPD3,0.3392857142857143,0.09438775510204081,2.431122448979592
AMPH,0.6479591836734694,0.02040816326530612,3.5051020408163267
AMT,0.4719387755102041,0.061224489795918366,2.885204081632653
AMTN,0.5025510204081632,0.03571428571428571,2.872448979591837
AMY1A,0.5739795918367347,0.03571428571428571,2.954081632653061
AMY1B,0.5739795918367347,0.03571428571428571,2.954081632653061
AMY1C,0.5739795918367347,0.03571428571428571,2.954081632653061
ANAPC1,0.5382653061224489,0.03571428571428571,2.9642857142857144
ANAPC10,0.45408163265306123,0.061224489795918366,2.75765306122449
ANAPC11,0.6836734693877551,0.012755102040816327,3.4642857142857144
ANAPC13,0.6658163265306123,0.015306122448979591,3.517857142857143
ANAPC15,0.5816326530612245,0.02295918367346939,3.125
ANAPC16,0.45663265306122447,0.05612244897959184,2.7346938775510203
ANAPC2,0.4744897959183674,0.09948979591836735,2.717948717948718
ANAPC4,0.4719387755102041,0.05357142857142857,2.75
ANAPC5,0.6147959183673469,0.02040816326530612,3.048469387755102
ANAPC7,0.6224489795918368,0.02040816326530612,3.104591836734694
ANG,0.5051020408163265,0.03826530612244898,2.8520408163265305
ANGPT1,0.7270408163265306,0.012755102040816327,4.26530612244898
ANGPT2,0.25510204081632654,0.22193877551020408,2.2448979591836733
ANGPT4,0.6556122448979592,0.012755102040816327,3.4668367346938775
ANGPTL3,0.5892857142857143,0.02295918367346939,3.0280612244897958
ANGPTL4,0.5561224489795918,0.05612244897959184,2.8520408163265305
ANK1,0.5076530612244898,0.07653061224489796,3.3010204081632653
ANK2,0.45918367346938777,0.0663265306122449,2.683673469387755
ANK3,0.45153061224489793,0.05612244897959184,2.7066326530612246
ANKFY1,0.3826530612244898,0.11989795918367346,2.5051020408163267
ANKLE2,0.5943877551020408,0.04081632653061224,3.020408163265306
ANKMY2,0.6632653061224489,0.012755102040816327,3.760204081632653
ANKRA2,0.3596938775510204,0.11734693877551021,2.436224489795918
ANKRD1,0.42857142857142855,0.07397959183673469,2.576530612244898
ANKRD2,0.43112244897959184,0.07653061224489796,2.5841836734693877
ANKRD27,0.6377551020408163,0.015306122448979591,3.558673469387755
ANKRD28,0.5969387755102041,0.02040816326530612,3.441326530612245
ANKRD49,0.49744897959183676,0.03826530612244898,2.8698979591836733
ANKS4B,0.5459183673469388,0.03316326530612245,2.9285714285714284
ANKS6,0.4387755102040816,0.11479591836734694,2.6122448979591835
ANLN,0.6454081632653061,0.012755102040816327,3.4948979591836733
ANO1,0.6352040816326531,0.012755102040816327,3.943877551020408
ANO10,0.5127551020408163,0.03826530612244898,3.020408163265306
ANO6,0.5892857142857143,0.030612244897959183,2.9668367346938775
ANO8,0.5535714285714286,0.04336734693877551,2.8443877551020407
ANOS1,0.23469387755102042,0.34438775510204084,2.066326530612245
ANP32A,0.5076530612244898,0.04336734693877551,2.686224489795918
ANP32B,0.4362244897959184,0.11479591836734694,2.607142857142857
ANP32E,0.7142857142857143,0.01020408163265306,3.8801020408163267
ANPEP,0.5255102040816326,0.05102040816326531,2.739795918367347
ANTXR1,0.6352040816326531,0.017857142857142856,3.3596938775510203
ANTXR2,0.4770408163265306,0.04591836734693878,2.7627551020408165
ANXA1,0.45408163265306123,0.125,2.6198979591836733
ANXA11,0.46683673469387754,0.05357142857142857,2.7729591836734695
ANXA2,0.5,0.061224489795918366,2.6760204081632653
ANXA5,0.45918367346938777,0.058673469387755105,2.704081632653061
ANXA6,0.41581632653061223,0.08673469387755102,2.5408163265306123
ANXA7,0.45918367346938777,0.05612244897959184,2.75
AOC1,0.5867346938775511,0.012755102040816327,3.1989795918367347
AOC2,0.625,0.015306122448979591,3.2270408163265305
AOC3,0.625,0.015306122448979591,3.2270408163265305
AOPEP,0.4489795918367347,0.1096938775510204,2.6581632653061225
AOX1,0.4387755102040816,0.05612244897959184,2.6403061224489797
AP1AR,0.45663265306122447,0.0663265306122449,2.683673469387755
AP1B1,0.5178571428571429,0.06377551020408163,3.0051020408163267
AP1G1,0.5204081632653061,0.03571428571428571,3.0510204081632653
AP1G2,0.5127551020408163,0.03826530612244898,2.8877551020408165
AP1M1,0.548469387755102,0.04591836734693878,2.836734693877551
AP1M2,0.5637755102040817,0.05357142857142857,2.920918367346939
AP1S1,0.6045918367346939,0.007653061224489796,3.313775510204082
AP1S2,0.22448979591836735,0.3392857142857143,2.058673469387755
AP1S3,0.3469387755102041,0.1096938775510204,2.423469387755102
AP2A1,0.6403061224489796,0.025510204081632654,3.2831632653061225
AP2A2,0.3494897959183674,0.09438775510204081,2.4158163265306123
AP2B1,0.625,0.015306122448979591,3.2729591836734695
AP2M1,0.6989795918367347,0.00510204081632653,3.7244897959183674
AP2S1,0.6352040816326531,0.02295918367346939,3.252551020408163
AP3B1,0.3673469387755102,0.125,2.423469387755102
AP3B2,0.5102040816326531,0.04846938775510204,2.7270408163265305
AP3M1,0.4744897959183674,0.05357142857142857,2.8801020408163267
AP3M2,0.5102040816326531,0.07653061224489796,3.2755102040816326
AP3S1,0.4030612244897959,0.10714285714285714,2.548469387755102
AP3S2,0.5255102040816326,0.05102040816326531,2.739795918367347
AP4B1,0.5918367346938775,0.030612244897959183,3.0229591836734695
AP4E1,0.5051020408163265,0.05612244897959184,2.7142857142857144
AP4M1,0.6071428571428571,0.007653061224489796,3.318877551020408
AP4S1,0.48214285714285715,0.04081632653061224,2.7780612244897958
AP5M1,0.4770408163265306,0.04336734693877551,2.752551020408163
APAF1,0.5969387755102041,0.025510204081632654,2.9846938775510203
APBA1,0.45153061224489793,0.11734693877551021,2.622448979591837
APBB1,0.336734693877551,0.09693877551020408,2.395408163265306
APBB1IP,0.5892857142857143,0.04336734693877551,3.25
APBB2,0.46683673469387754,0.05612244897959184,2.7193877551020407
APC,0.4030612244897959,0.10714285714285714,2.5127551020408165
APC2,0.5153061224489796,0.07142857142857142,2.752551020408163
APCS,0.7091836734693877,0.012755102040816327,4.0561224489795915
APEH,0.4719387755102041,0.061224489795918366,2.877551020408163
APEX1,0.5102040816326531,0.03571428571428571,2.8596938775510203
APEX2,0.22704081632653061,0.31887755102040816,2.058673469387755
APH1A,0.7142857142857143,0.01020408163265306,3.8801020408163267
APH1B,0.5076530612244898,0.05102040816326531,2.688775510204082
API5,0.40816326530612246,0.07908163265306123,2.563775510204082
APIP,0.40561224489795916,0.07397959183673469,2.7806122448979593
APLF,0.6352040816326531,0.017857142857142856,3.3443877551020407
APLNR,0.5714285714285714,0.015306122448979591,3.066326530612245
APLP1,0.6403061224489796,0.012755102040816327,3.5306122448979593
APLP2,0.4642857142857143,0.07397959183673469,2.7244897959183674
APOA1,0.45408163265306123,0.07397959183673469,2.683673469387755
APOA2,0.7142857142857143,0.012755102040816327,4.589285714285714
APOA4,0.45153061224489793,0.07397959183673469,2.681122448979592
APOA5,0.45153061224489793,0.07397959183673469,2.681122448979592
APOB,0.6352040816326531,0.017857142857142856,3.3239795918367347
APOBEC1,0.6198979591836735,0.017857142857142856,3.2755102040816326
APOBEC3A,0.4489795918367347,0.07653061224489796,2.6760204081632653
APOBEC3F,0.4489795918367347,0.07653061224489796,2.6760204081632653
APOBEC3G,0.4489795918367347,0.07653061224489796,2.6760204081632653
APOC1,0.6428571428571429,0.015306122448979591,3.4107142857142856
APOC2,0.6428571428571429,0.015306122448979591,3.4107142857142856
APOC3,0.45408163265306123,0.07397959183673469,2.683673469387755
APOC4,0.6428571428571429,0.015306122448979591,3.4107142857142856
APOE,0.6428571428571429,0.015306122448979591,3.4107142857142856
APOF,0.6020408163265306,0.025510204081632654,3.0153061224489797
APOH,0.6913265306122449,0.01020408163265306,3.561224489795918
APOL1,0.47959183673469385,0.07653061224489796,2.767857142857143
APOM,0.6071428571428571,0.015306122448979591,3.11734693877551
APOO,0.22959183673469388,0.32653061224489793,2.107142857142857
APOOL,0.20918367346938777,0.3469387755102041,2.00765306122449
APP,0.5612244897959183,0.03826530612244898,3.1505102040816326
APPBP2,0.6811224489795918,0.015306122448979591,3.6301020408163267
APPL1,0.47959183673469385,0.06887755102040816,2.864795918367347
APRT,0.5127551020408163,0.04336734693877551,2.931122448979592
APTX,0.42857142857142855,0.08418367346938775,2.7270408163265305
AQP1,0.6530612244897959,0.015306122448979591,3.5
AQP10,0.701530612244898,0.01020408163265306,3.7193877551020407
AQP11,0.5459183673469388,0.02806122448979592,3.104591836734694
AQP2,0.5969387755102041,0.025510204081632654,2.9872448979591835
AQP3,0.4260204081632653,0.08163265306122448,2.732142857142857
AQP4,0.5025510204081632,0.07142857142857142,2.9107142857142856
AQP5,0.5969387755102041,0.025510204081632654,2.997448979591837
AQP8,0.5535714285714286,0.025510204081632654,3.0994897959183674
AQR,0.4719387755102041,0.061224489795918366,2.625
AR,0.20408163265306123,0.34438775510204084,2.0
ARAP1,0.5790816326530612,0.02295918367346939,3.122448979591837
ARAP2,0.47959183673469385,0.05102040816326531,2.752551020408163
ARAP3,0.41836734693877553,0.08418367346938775,2.5408163265306123
ARCN1,0.45408163265306123,0.06887755102040816,2.704081632653061
AREL1,0.5076530612244898,0.04336734693877551,2.7908163265306123
ARF3,0.5892857142857143,0.030612244897959183,2.9668367346938775
ARF4,0.47959183673469385,0.07142857142857142,2.8622448979591835
ARF5,0.5867346938775511,0.015306122448979591,3.188775510204082
ARF6,0.4897959183673469,0.04081632653061224,2.7729591836734695
ARFGAP1,0.6964285714285714,0.015306122448979591,3.576530612244898
ARFGAP2,0.4387755102040816,0.07142857142857142,2.6122448979591835
ARFGAP3,0.44387755102040816,0.07908163265306123,2.5918367346938775
ARFGEF1,0.7117346938775511,0.00510204081632653,3.836734693877551
ARFGEF2,0.7193877551020408,0.00510204081632653,3.704081632653061
ARFIP1,0.42091836734693877,0.07142857142857142,2.622448979591837
ARFIP2,0.336734693877551,0.09693877551020408,2.395408163265306
ARFRP1,0.6964285714285714,0.015306122448979591,3.5714285714285716
ARG1,0.4489795918367347,0.06887755102040816,2.6301020408163267
ARG2,0.4770408163265306,0.05357142857142857,2.7219387755102042
ARGLU1,0.5739795918367347,0.015306122448979591,3.2372448979591835
ARHGAP1,0.43112244897959184,0.07397959183673469,2.607142857142857
ARHGAP10,0.45663265306122447,0.06377551020408163,2.74234693877551
ARHGAP11A,0.4744897959183674,0.06377551020408163,2.627551020408163
ARHGAP12,0.576530612244898,0.05102040816326531,3.183673469387755
ARHGAP15,0.5,0.04591836734693878,2.8341836734693877
ARHGAP17,0.5510204081632653,0.025510204081632654,3.125
ARHGAP19,0.43112244897959184,0.07653061224489796,2.5816326530612246
ARHGAP21,0.5867346938775511,0.04336734693877551,3.211734693877551
ARHGAP22,0.47959183673469385,0.05102040816326531,2.8341836734693877
ARHGAP24,0.461734693877551,0.04591836734693878,2.75
ARHGAP25,0.6352040816326531,0.017857142857142856,3.3418367346938775
ARHGAP28,0.5688775510204082,0.03571428571428571,3.3469387755102042
ARHGAP29,0.5790816326530612,0.04081632653061224,2.961734693877551
ARHGAP30,0.7168367346938775,0.012755102040816327,4.637755102040816
ARHGAP31,0.6658163265306123,0.012755102040816327,3.5127551020408165
ARHGAP32,0.45918367346938777,0.07908163265306123,2.729591836734694
ARHGAP36,0.21683673469387754,0.3494897959183674,2.0153061224489797
ARHGAP39,0.6964285714285714,0.012755102040816327,3.8469387755102042
ARHGAP4,0.2372448979591837,0.33418367346938777,2.068877551020408
ARHGAP44,0.34183673469387754,0.125,2.4005102040816326
ARHGAP45,0.5204081632653061,0.07142857142857142,2.7755102040816326
ARHGAP5,0.4770408163265306,0.04591836734693878,2.760204081632653
ARHGAP6,0.23214285714285715,0.34438775510204084,2.066326530612245
ARHGAP8,0.44387755102040816,0.08418367346938775,2.5816326530612246
ARHGAP9,0.5994897959183674,0.030612244897959183,3.0153061224489797
ARHGDIA,0.6836734693877551,0.012755102040816327,3.4642857142857144
ARHGDIB,0.5994897959183674,0.025510204081632654,3.1581632653061225
ARHGDIG,0.44387755102040816,0.06377551020408163,2.635204081632653
ARHGEF1,0.6377551020408163,0.015306122448979591,3.4005102040816326
ARHGEF10,0.2755102040816326,0.22959183673469388,2.270408163265306
ARHGEF10L,0.5637755102040817,0.03571428571428571,2.938775510204082
ARHGEF11,0.6989795918367347,0.012755102040816327,3.576530612244898
ARHGEF12,0.45153061224489793,0.07397959183673469,2.691326530612245
ARHGEF15,0.3622448979591837,0.11989795918367346,2.4285714285714284
ARHGEF16,0.5714285714285714,0.03826530612244898,2.982142857142857
ARHGEF17,0.5688775510204082,0.02295918367346939,3.068877551020408
ARHGEF18,0.5586734693877551,0.05612244897959184,2.864795918367347
ARHGEF2,0.701530612244898,0.012755102040816327,3.6403061224489797
ARHGEF25,0.5994897959183674,0.030612244897959183,3.061224489795918
ARHGEF28,0.3596938775510204,0.11734693877551021,2.436224489795918
ARHGEF3,0.4770408163265306,0.06887755102040816,2.86734693877551
ARHGEF4,0.5076530612244898,0.04846938775510204,2.8418367346938775
ARHGEF40,0.5127551020408163,0.04081632653061224,2.8698979591836733
ARHGEF5,0.5969387755102041,0.012755102040816327,3.2448979591836733
ARHGEF6,0.2193877551020408,0.3392857142857143,2.0408163265306123
ARHGEF7,0.5816326530612245,0.017857142857142856,3.2653061224489797
ARHGEF9,0.23214285714285715,0.336734693877551,2.061224489795918
ARID1A,0.5561224489795918,0.04336734693877551,2.895408163265306
ARID1B,0.42091836734693877,0.08418367346938775,2.5331632653061225
ARID2,0.5892857142857143,0.030612244897959183,2.982142857142857
ARID3A,0.5153061224489796,0.07142857142857142,2.767857142857143
ARID4A,0.4719387755102041,0.04591836734693878,2.7270408163265305
ARID5B,0.45663265306122447,0.05357142857142857,2.7244897959183674
ARIH1,0.5076530612244898,0.04336734693877551,2.7346938775510203
ARIH2,0.4744897959183674,0.061224489795918366,2.88265306122449
ARL1,0.6020408163265306,0.025510204081632654,2.99234693877551
ARL13B,0.6530612244897959,0.017857142857142856,3.5714285714285716
ARL2,0.5714285714285714,0.012755102040816327,3.0357142857142856
ARL2BP,0.4846938775510204,0.04081632653061224,2.8010204081632653
ARL3,0.41836734693877553,0.08418367346938775,2.5510204081632653
ARL4D,0.6198979591836735,0.02040816326530612,3.2219387755102042
ARL6,0.6505102040816326,0.017857142857142856,3.4872448979591835
ARL6IP5,0.48214285714285715,0.07653061224489796,2.9260204081632653
ARL8A,0.6147959183673469,0.025510204081632654,3.063775510204082
ARL8B,0.5816326530612245,0.02295918367346939,3.4872448979591835
ARNT,0.7168367346938775,0.01020408163265306,4.040816326530612
ARNT2,0.5076530612244898,0.04846938775510204,2.693877551020408
ARPC1A,0.6071428571428571,0.00510204081632653,3.3341836734693877
ARPC1B,0.6071428571428571,0.00510204081632653,3.3341836734693877
ARPC2,0.35459183673469385,0.09948979591836735,2.436224489795918
ARPC3,0.6224489795918368,0.02040816326530612,3.0892857142857144
ARPC4,0.6122448979591837,0.02295918367346939,3.6530612244897958
ARPC5,0.673469387755102,0.02040816326530612,3.4464285714285716
ARPC5L,0.45918367346938777,0.09948979591836735,2.6556122448979593
ARPP19,0.5,0.058673469387755105,2.711734693877551
ARR3,0.20153061224489796,0.35459183673469385,2.002551020408163
ARRB1,0.5561224489795918,0.025510204081632654,2.997448979591837
ARRB2,0.38010204081632654,0.11989795918367346,2.5051020408163267
ARRDC3,0.3877551020408163,0.10459183673469388,2.482142857142857
ARSA,0.43112244897959184,0.09438775510204081,2.5510204081632653
ARSB,0.38010204081632654,0.11734693877551021,2.454081632653061
ARSG,0.6964285714285714,0.012755102040816327,3.5280612244897958
ARSI,0.42091836734693877,0.08673469387755102,2.5433673469387754
ARSK,0.3979591836734694,0.10204081632653061,2.489795918367347
ART3,0.49744897959183676,0.03571428571428571,2.892857142857143
ASAH1,0.24744897959183673,0.2193877551020408,2.239795918367347
ASAP1,0.7168367346938775,0.01020408163265306,4.043367346938775
ASAP2,0.6352040816326531,0.02040816326530612,3.3698979591836733
ASAP3,0.5663265306122449,0.03826530612244898,2.938775510204082
ASB6,0.46683673469387754,0.09948979591836735,2.663265306122449
ASB8,0.5994897959183674,0.025510204081632654,3.0433673469387754
ASCC1,0.45663265306122447,0.05612244897959184,2.7346938775510203
ASCC3,0.42346938775510207,0.09183673469387756,2.5433673469387754
ASCL1,0.5994897959183674,0.02806122448979592,3.020408163265306
ASCL2,0.336734693877551,0.09948979591836735,2.392857142857143
ASCL3,0.33418367346938777,0.09693877551020408,2.4005102040816326
ASF1A,0.42091836734693877,0.08673469387755102,2.5535714285714284
ASF1B,0.5535714285714286,0.05102040816326531,2.836734693877551
ASGR1,0.375,0.11989795918367346,2.465473145780051
ASGR2,0.375,0.11989795918367346,2.4642857142857144
ASH1L,0.7040816326530612,0.012755102040816327,3.6581632653061225
ASH2L,0.45918367346938777,0.10204081632653061,3.329081632653061
ASIC1,0.5969387755102041,0.025510204081632654,2.9948979591836733
ASIC2,0.6301020408163265,0.015306122448979591,3.38265306122449
ASIC3,0.5867346938775511,0.012755102040816327,3.1989795918367347
ASL,0.6301020408163265,0.00510204081632653,3.3418367346938775
ASNS,0.6096938775510204,0.00510204081632653,3.316326530612245
ASPA,0.38010204081632654,0.11989795918367346,2.5
ASPH,0.6811224489795918,0.012755102040816327,3.75765306122449
ASPHD1,0.5816326530612245,0.02040816326530612,3.1122448979591835
ASPM,0.6403061224489796,0.02040816326530612,3.2755102040816326
ASRGL1,0.5790816326530612,0.007653061224489796,3.061224489795918
ASS1,0.4642857142857143,0.10204081632653061,2.6607142857142856
ASXL1,0.7270408163265306,0.0,4.096938775510204
ASXL2,0.6301020408163265,0.02040816326530612,3.2857142857142856
ASZ1,0.5943877551020408,0.01020408163265306,3.2933673469387754
ATAD2,0.7091836734693877,0.012755102040816327,4.112244897959184
ATAD3A,0.5714285714285714,0.03826530612244898,2.99234693877551
ATAD5,0.6326530612244898,0.017857142857142856,3.4464285714285716
ATF1,0.6020408163265306,0.025510204081632654,3.0816326530612246
ATF2,0.48214285714285715,0.03826530612244898,2.818877551020408
ATF3,0.6352040816326531,0.025510204081632654,3.11734693877551
ATF4,0.44642857142857145,0.07908163265306123,2.6505102040816326
ATF6,0.7040816326530612,0.012755102040816327,4.316326530612245
ATF6B,0.5994897959183674,0.015306122448979591,3.0816326530612246
ATF7,0.5994897959183674,0.02806122448979592,2.979591836734694
ATF7IP,0.5969387755102041,0.02806122448979592,3.145408163265306
ATF7IP2,0.5331632653061225,0.03826530612244898,3.0535714285714284
ATG10,0.39540816326530615,0.10714285714285714,2.489795918367347
ATG101,0.6045918367346939,0.025510204081632654,3.0994897959183674
ATG12,0.4030612244897959,0.10714285714285714,2.548469387755102
ATG13,0.42857142857142855,0.07653061224489796,2.5816326530612246
ATG14,0.4770408163265306,0.04336734693877551,2.747448979591837
ATG16L1,0.32908163265306123,0.10714285714285714,2.377551020408163
ATG16L2,0.576530612244898,0.02295918367346939,3.1198979591836733
ATG3,0.6530612244897959,0.015306122448979591,3.5051020408163267
ATG4A,0.21428571428571427,0.34183673469387754,2.010204081632653
ATG4B,0.35459183673469385,0.13010204081632654,2.395408163265306
ATG4C,0.5892857142857143,0.02295918367346939,3.0229591836734695
ATG4D,0.5637755102040817,0.05357142857142857,2.9158163265306123
ATG5,0.42346938775510207,0.08418367346938775,2.7806122448979593
ATG7,0.6045918367346939,0.02040816326530612,3.7806122448979593
ATG9A,0.35459183673469385,0.10204081632653061,2.433673469387755
ATIC,0.3596938775510204,0.09948979591836735,2.4591836734693877
ATL1,0.4846938775510204,0.04336734693877551,2.7627551020408165
ATL3,0.5739795918367347,0.01020408163265306,3.0229591836734695
ATM,0.4336734693877551,0.07397959183673469,2.7372448979591835
ATMIN,0.5076530612244898,0.04846938775510204,2.938775510204082
ATN1,0.6224489795918368,0.017857142857142856,3.2627551020408165
ATOH1,0.4642857142857143,0.058673469387755105,2.7168367346938775
ATOH7,0.4489795918367347,0.05612244897959184,2.6930946291560103
ATOX1,0.41581632653061223,0.08673469387755102,2.5408163265306123
ATP11A,0.5867346938775511,0.017857142857142856,3.267857142857143
ATP11B,0.7040816326530612,0.007653061224489796,3.7857142857142856
ATP12A,0.5408163265306123,0.02295918367346939,3.061224489795918
ATP13A2,0.5688775510204082,0.03571428571428571,2.941326530612245
ATP1A1,0.5918367346938775,0.025510204081632654,3.0280612244897958
ATP1A2,0.7091836734693877,0.012755102040816327,4.23469387755102
ATP1A3,0.6377551020408163,0.015306122448979591,3.3979591836734695
ATP1A4,0.7091836734693877,0.012755102040816327,4.24234693877551
ATP1B1,0.6989795918367347,0.012755102040816327,3.857142857142857
ATP1B2,0.3647959183673469,0.125,2.436224489795918
ATP1B3,0.6785714285714286,0.01020408163265306,3.5510204081632653
ATP1B4,0.21683673469387754,0.34183673469387754,2.0229591836734695
ATP23,0.6020408163265306,0.030612244897959183,3.1785714285714284
ATP2A1,0.5790816326530612,0.02295918367346939,3.107142857142857
ATP2A2,0.6224489795918368,0.02040816326530612,3.104591836734694
ATP2A3,0.3852040816326531,0.11989795918367346,2.510204081632653
ATP2B1,0.5943877551020408,0.02806122448979592,3.0153061224489797
ATP2B4,0.6326530612244898,0.02040816326530612,3.0892857142857144
ATP4A,0.6403061224489796,0.012755102040816327,3.5331632653061225
ATP4B,0.5867346938775511,0.017857142857142856,3.2729591836734695
ATP5F1A,0.4336734693877551,0.09183673469387756,2.670918367346939
ATP5F1B,0.5994897959183674,0.030612244897959183,2.9770408163265305
ATP5F1C,0.6683673469387755,0.02295918367346939,3.9107142857142856
ATP5F1D,0.5153061224489796,0.07142857142857142,2.747448979591837
ATP5F1E,0.701530612244898,0.01020408163265306,3.6198979591836733
ATP5IF1,0.5586734693877551,0.03826530612244898,2.8903061224489797
ATP5MC1,0.6377551020408163,0.015306122448979591,3.311224489795918
ATP5MC2,0.6020408163265306,0.02806122448979592,2.982142857142857
ATP5MC3,0.48214285714285715,0.03826530612244898,2.818877551020408
ATP5ME,0.4923469387755102,0.05357142857142857,2.811224489795918
ATP5MF,0.6071428571428571,0.00510204081632653,3.3341836734693877
ATP5MG,0.45663265306122447,0.0663265306122449,2.7091836734693877
ATP5PB,0.576530612244898,0.03316326530612245,2.9642857142857144
ATP5PD,0.6913265306122449,0.01020408163265306,3.4846938775510203
ATP5PF,0.5612244897959183,0.03826530612244898,3.142857142857143
ATP5PO,0.5841836734693877,0.03316326530612245,3.1989795918367347
ATP6AP1,0.23979591836734693,0.33418367346938777,2.0841836734693877
ATP6AP2,0.23214285714285715,0.3392857142857143,2.061224489795918
ATP6V0A1,0.625,0.015306122448979591,3.2193877551020407
ATP6V0A2,0.6173469387755102,0.02295918367346939,3.0255102040816326
ATP6V0A4,0.5918367346938775,0.012755102040816327,3.2091836734693877
ATP6V0B,0.5969387755102041,0.017857142857142856,3.076530612244898
ATP6V0C,0.4362244897959184,0.0663265306122449,2.61734693877551
ATP6V0D1,0.5255102040816326,0.03571428571428571,3.0051020408163267
ATP6V0D2,0.7066326530612245,0.015306122448979591,3.954081632653061
ATP6V0E1,0.413265306122449,0.09948979591836735,2.520408163265306
ATP6V0E2,0.5841836734693877,0.012755102040816327,3.170918367346939
ATP6V1A,0.6505102040816326,0.015306122448979591,3.482142857142857
ATP6V1B1,0.6403061224489796,0.017857142857142856,3.3622448979591835
ATP6V1B2,0.25,0.2193877551020408,2.2372448979591835
ATP6V1C1,0.7193877551020408,0.01020408163265306,4.581632653061225
ATP6V1C2,0.6326530612244898,0.017857142857142856,3.336734693877551
ATP6V1D,0.47959183673469385,0.05102040816326531,2.729591836734694
ATP6V1E1,0.5051020408163265,0.0663265306122449,2.864795918367347
ATP6V1E2,0.6352040816326531,0.015306122448979591,3.3239795918367347
ATP6V1F,0.5918367346938775,0.012755102040816327,3.2091836734693877
ATP6V1G1,0.45918367346938777,0.09693877551020408,2.6607142857142856
ATP6V1G2,0.6071428571428571,0.015306122448979591,3.1556122448979593
ATP6V1G3,0.6275510204081632,0.017857142857142856,3.1964285714285716
ATP6V1H,0.6709183673469388,0.017857142857142856,3.688775510204082
ATP7A,0.20408163265306123,0.34183673469387754,2.00765306122449
ATP7B,0.44387755102040816,0.09948979591836735,2.7627551020408165
ATP8A1,0.4744897959183674,0.05357142857142857,2.74234693877551
ATP8B2,0.701530612244898,0.01020408163265306,3.7193877551020407
ATP8B4,0.49744897959183676,0.061224489795918366,2.7091836734693877
ATPAF1,0.5969387755102041,0.02040816326530612,3.066326530612245
ATPAF2,0.3622448979591837,0.11224489795918367,2.4642857142857144
ATR,0.6760204081632653,0.01020408163265306,3.558673469387755
ATRIP,0.4846938775510204,0.061224489795918366,2.9030612244897958
ATRN,0.6556122448979592,0.01020408163265306,3.461734693877551
ATRX,0.2066326530612245,0.34183673469387754,2.010204081632653
ATXN1,0.6096938775510204,0.012755102040816327,3.5739795918367347
ATXN10,0.4413265306122449,0.08928571428571429,2.5816326530612246
ATXN1L,0.5204081632653061,0.03571428571428571,3.0535714285714284
ATXN2L,0.5816326530612245,0.02295918367346939,3.1096938775510203
ATXN3L,0.23214285714285715,0.34438775510204084,2.076530612244898
ATXN7L3,0.6147959183673469,0.017857142857142856,3.2066326530612246
AUH,0.45918367346938777,0.1096938775510204,2.673469387755102
AUP1,0.6352040816326531,0.02040816326530612,3.3392857142857144
AURKA,0.6989795918367347,0.012755102040816327,3.614795918367347
AURKAIP1,0.5714285714285714,0.03826530612244898,2.99234693877551
AURKB,0.3647959183673469,0.11989795918367346,2.431122448979592
AURKC,0.6454081632653061,0.02806122448979592,3.326530612244898
AVIL,0.5994897959183674,0.030612244897959183,3.1505102040816326
AVP,0.6530612244897959,0.012755102040816327,3.4566326530612246
AVPR1A,0.6020408163265306,0.030612244897959183,3.0357142857142856
AVPR1B,0.6377551020408163,0.025510204081632654,3.1377551020408165
AXIN1,0.44387755102040816,0.06377551020408163,2.635204081632653
AXIN2,0.6989795918367347,0.01020408163265306,3.6122448979591835
AXL,0.6377551020408163,0.015306122448979591,3.3877551020408165
AZGP1,0.6071428571428571,0.007653061224489796,3.318877551020408
AZI2,0.5612244897959183,0.02806122448979592,3.2729591836734695
AZIN1,0.7219387755102041,0.01020408163265306,4.630102040816326
AZIN2,0.5714285714285714,0.03316326530612245,2.9285714285714284
AZU1,0.5153061224489796,0.07142857142857142,2.75765306122449
B3GALNT1,0.6862244897959183,0.00510204081632653,3.686224489795918
B3GALNT2,0.6607142857142857,0.017857142857142856,3.2933673469387754
B3GALT1,0.4846938775510204,0.03571428571428571,2.8418367346938775
B3GALT2,0.6479591836734694,0.017857142857142856,3.385204081632653
B3GALT4,0.5790816326530612,0.017857142857142856,3.0051020408163267
B3GALT5,0.5535714285714286,0.03826530612244898,3.1556122448979593
B3GALT6,0.5714285714285714,0.03826530612244898,2.99234693877551
B3GAT1,0.4744897959183674,0.07908163265306123,2.729591836734694
B3GAT2,0.461734693877551,0.0663265306122449,2.670918367346939
B3GAT3,0.5790816326530612,0.007653061224489796,3.056122448979592
B3GLCT,0.5459183673469388,0.03826530612244898,3.114795918367347
B3GNT2,0.6454081632653061,0.017857142857142856,3.451530612244898
B3GNT3,0.5586734693877551,0.04336734693877551,2.857142857142857
B3GNT4,0.6198979591836735,0.02295918367346939,3.0510204081632653
B3GNT5,0.701530612244898,0.00510204081632653,3.7448979591836733
B3GNT7,0.33418367346938777,0.10714285714285714,2.3877551020408165
B3GNT8,0.6403061224489796,0.015306122448979591,3.392857142857143
B3GNT9,0.5229591836734694,0.03571428571428571,2.989795918367347
B4GALNT1,0.5994897959183674,0.030612244897959183,3.061224489795918
B4GALNT2,0.6352040816326531,0.015306122448979591,3.316326530612245
B4GALT1,0.4260204081632653,0.08163265306122448,2.732142857142857
B4GALT2,0.5969387755102041,0.017857142857142856,3.076530612244898
B4GALT3,0.7142857142857143,0.012755102040816327,4.596938775510204
B4GALT4,0.6658163265306123,0.012755102040816327,3.510204081632653
B4GALT5,0.7193877551020408,0.00510204081632653,3.691326530612245
B4GALT6,0.4872448979591837,0.07142857142857142,2.8341836734693877
B4GALT7,0.4107142857142857,0.09948979591836735,2.510204081632653
B4GAT1,0.5943877551020408,0.012755102040816327,3.0918367346938775
B9D1,0.42091836734693877,0.09438775510204081,2.7270408163265305
B9D2,0.6403061224489796,0.015306122448979591,3.392857142857143
BAAT,0.44387755102040816,0.11224489795918367,2.642857142857143
BABAM1,0.5535714285714286,0.04336734693877551,2.8443877551020407
BABAM2,0.625,0.015306122448979591,3.295918367346939
BACE1,0.45408163265306123,0.07142857142857142,2.688775510204082
BACH1,0.5459183673469388,0.03826530612244898,3.079081632653061
BACH2,0.42091836734693877,0.08163265306122448,2.538265306122449
BAD,0.5714285714285714,0.012755102040816327,3.0127551020408165
BAG3,0.44387755102040816,0.07142857142857142,2.6377551020408165
BAG4,0.45918367346938777,0.10204081632653061,3.329081632653061
BAG5,0.5,0.04846938775510204,2.770408163265306
BAG6,0.6071428571428571,0.015306122448979591,3.11734693877551
BAHD1,0.461734693877551,0.06377551020408163,2.6020408163265305
BAIAP2,0.6862244897959183,0.012755102040816327,3.4668367346938775
BAIAP2L1,0.6096938775510204,0.007653061224489796,3.3010204081632653
BAK1,0.5790816326530612,0.017857142857142856,3.002551020408163
BAMBI,0.5892857142857143,0.04591836734693878,3.2193877551020407
BANF1,0.5892857142857143,0.012755102040816327,3.0739795918367347
BANF2,0.6556122448979592,0.012755102040816327,3.5357142857142856
BANP,0.5102040816326531,0.04336734693877551,2.913265306122449
BAP1,0.46683673469387754,0.07142857142857142,2.854591836734694
BARD1,0.3596938775510204,0.09693877551020408,2.461734693877551
BARX1,0.45408163265306123,0.1096938775510204,2.6989795918367347
BATF,0.5076530612244898,0.04336734693877551,2.795918367346939
BATF2,0.5688775510204082,0.012755102040816327,3.0127551020408165
BATF3,0.6352040816326531,0.025510204081632654,3.11734693877551
BAX,0.6377551020408163,0.025510204081632654,3.2627551020408165
BAZ1A,0.46938775510204084,0.03571428571428571,2.747448979591837
BAZ1B,0.6071428571428571,0.00510204081632653,3.2831632653061225
BAZ2A,0.5994897959183674,0.030612244897959183,2.9770408163265305
BBC3,0.6326530612244898,0.025510204081632654,3.2448979591836733
BBIP1,0.42346938775510207,0.08163265306122448,2.568877551020408
BBOX1,0.37755102040816324,0.08418367346938775,2.5306122448979593
BBS1,0.5969387755102041,0.012755102040816327,3.122448979591837
BBS12,0.45153061224489793,0.061224489795918366,2.6760204081632653
BBS2,0.4846938775510204,0.03826530612244898,2.8010204081632653
BBS4,0.5076530612244898,0.04336734693877551,2.7346938775510203
BBS5,0.47959183673469385,0.03826530612244898,2.816326530612245
BBS7,0.45408163265306123,0.058673469387755105,2.691326530612245
BBS9,0.6454081632653061,0.015306122448979591,3.4948979591836733
BCAN,0.6989795918367347,0.012755102040816327,3.576530612244898
BCAP31,0.23469387755102042,0.33418367346938777,2.066326530612245
BCAR1,0.5153061224489796,0.03826530612244898,3.010204081632653
BCAS2,0.5892857142857143,0.02806122448979592,3.0255102040816326
BCAS3,0.6811224489795918,0.017857142857142856,3.6377551020408165
BCAS4,0.7193877551020408,0.00510204081632653,3.75765306122449
BCAT1,0.6173469387755102,0.02040816326530612,3.3801020408163267
BCAT2,0.6352040816326531,0.025510204081632654,3.24234693877551
BCCIP,0.44387755102040816,0.07397959183673469,2.642857142857143
BCHE,0.6964285714285714,0.00510204081632653,3.7653061224489797
BCKDHA,0.6403061224489796,0.015306122448979591,3.392857142857143
BCKDHB,0.4413265306122449,0.08163265306122448,2.6020408163265305
BCKDK,0.576530612244898,0.025510204081632654,3.0127551020408165
BCL11A,0.6428571428571429,0.017857142857142856,3.392857142857143
BCL11B,0.5076530612244898,0.04846938775510204,2.7908163265306123
BCL2,0.40816326530612246,0.11479591836734694,2.5535714285714284
BCL2A1,0.5076530612244898,0.05102040816326531,2.686224489795918
BCL2L1,0.7295918367346939,0.0,4.130102040816326
BCL2L10,0.49744897959183676,0.05612244897959184,2.711734693877551
BCL2L11,0.5357142857142857,0.03571428571428571,2.9591836734693877
BCL2L13,0.5025510204081632,0.0663265306122449,2.854591836734694
BCL2L14,0.5969387755102041,0.030612244897959183,3.142857142857143
BCL3,0.6454081632653061,0.012755102040816327,3.4158163265306123
BCL6,0.7117346938775511,0.00510204081632653,3.7857142857142856
BCL9,0.701530612244898,0.012755102040816327,3.808673469387755
BCL9L,0.45408163265306123,0.07397959183673469,2.7142857142857144
BCLAF1,0.45918367346938777,0.0663265306122449,2.663265306122449
BCO1,0.5051020408163265,0.05102040816326531,2.9158163265306123
BCOR,0.23214285714285715,0.336734693877551,2.061224489795918
BCORL1,0.21173469387755103,0.3520408163265306,2.00765306122449
BCR,0.5127551020408163,0.06377551020408163,2.923469387755102
BCS1L,0.35459183673469385,0.10204081632653061,2.433673469387755
BDH1,0.6989795918367347,0.007653061224489796,3.6785714285714284
BDH2,0.461734693877551,0.05612244897959184,2.6785714285714284
BDKRB1,0.49489795918367346,0.05357142857142857,2.7627551020408165
BDKRB2,0.49489795918367346,0.05357142857142857,2.7627551020408165
BDNF,0.3826530612244898,0.08418367346938775,2.5357142857142856
BDP1,0.35714285714285715,0.11989795918367346,2.423469387755102
BECN1,0.625,0.015306122448979591,3.2270408163265305
BEST2,0.5510204081632653,0.05102040816326531,2.836317135549872
BET1,0.6071428571428571,0.00510204081632653,3.298469387755102
BET1L,0.3392857142857143,0.10204081632653061,2.3979591836734695
BEX1,0.22193877551020408,0.34183673469387754,2.020408163265306
BEX2,0.22448979591836735,0.34183673469387754,2.0331632653061225
BEX3,0.22448979591836735,0.34183673469387754,2.0331632653061225
BFSP1,0.6581632653061225,0.012755102040816327,3.5408163265306123
BFSP2,0.6658163265306123,0.012755102040816327,3.520408163265306
BGLAP,0.6989795918367347,0.012755102040816327,3.622448979591837
BGN,0.23469387755102042,0.33418367346938777,2.066326530612245
BHLHE40,0.5816326530612245,0.02295918367346939,3.4872448979591835
BHLHE41,0.6122448979591837,0.02295918367346939,3.3979591836734695
BHMT,0.3852040816326531,0.11734693877551021,2.461734693877551
BHMT2,0.3826530612244898,0.11734693877551021,2.4591836734693877
BICD2,0.45918367346938777,0.1096938775510204,2.7066326530612246
BID,0.5025510204081632,0.0663265306122449,2.8520408163265305
BIK,0.44387755102040816,0.07908163265306123,2.5918367346938775
BIN1,0.5229591836734694,0.04591836734693878,2.857142857142857
BIN3,0.2423469387755102,0.22959183673469388,2.211734693877551
BIRC2,0.5051020408163265,0.04846938775510204,3.354591836734694
BIRC3,0.5051020408163265,0.04846938775510204,3.354591836734694
BIRC5,0.6836734693877551,0.012755102040816327,3.479591836734694
BIRC7,0.6938775510204082,0.015306122448979591,3.568877551020408
BLK,0.25510204081632654,0.2193877551020408,2.260204081632653
BLM,0.5229591836734694,0.05102040816326531,2.7372448979591835
BLMH,0.6377551020408163,0.015306122448979591,3.4489795918367347
BLNK,0.42857142857142855,0.08163265306122448,2.568877551020408
BLOC1S1,0.6045918367346939,0.02806122448979592,3.017857142857143
BLOC1S2,0.4260204081632653,0.08418367346938775,2.566326530612245
BLOC1S3,0.6454081632653061,0.015306122448979591,3.423469387755102
BLOC1S4,0.4923469387755102,0.058673469387755105,2.795918367346939
BLOC1S5,0.5943877551020408,0.017857142857142856,3.313775510204082
BLOC1S6,0.47959183673469385,0.05612244897959184,2.673469387755102
BLVRA,0.6530612244897959,0.012755102040816327,3.489795918367347
BLVRB,0.6352040816326531,0.02040816326530612,3.5357142857142856
BLZF1,0.6964285714285714,0.012755102040816327,3.8418367346938775
BMF,0.45663265306122447,0.06377551020408163,2.5994897959183674
BMI1,0.5867346938775511,0.04591836734693878,3.229591836734694
BMP1,0.24489795918367346,0.22193877551020408,2.2270408163265305
BMP10,0.6352040816326531,0.017857142857142856,3.3469387755102042
BMP15,0.22959183673469388,0.3392857142857143,2.0357142857142856
BMP2,0.6530612244897959,0.01020408163265306,3.4744897959183674
BMP4,0.48214285714285715,0.04591836734693878,2.747448979591837
BMP6,0.5994897959183674,0.017857142857142856,3.329081632653061
BMP7,0.6989795918367347,0.012755102040816327,3.6096938775510203
BMPER,0.6505102040816326,0.015306122448979591,3.5127551020408165
BMPR1A,0.4362244897959184,0.0663265306122449,2.627551020408163
BMPR1B,0.45918367346938777,0.061224489795918366,2.701530612244898
BMPR2,0.4336734693877551,0.061224489795918366,2.627551020408163
BMS1,0.5255102040816326,0.04591836734693878,2.933673469387755
BMX,0.22704081632653061,0.3392857142857143,2.066326530612245
BNIP1,0.413265306122449,0.09948979591836735,2.520408163265306
BNIP3,0.44387755102040816,0.06377551020408163,2.645408163265306
BNIP3L,0.24744897959183673,0.21683673469387754,2.232142857142857
BOC,0.6505102040816326,0.015306122448979591,3.482142857142857
BOD1,0.4107142857142857,0.09948979591836735,2.520408163265306
BOK,0.35459183673469385,0.13010204081632654,2.395408163265306
BOLA1,0.7091836734693877,0.01020408163265306,3.8494897959183674
BOLL,0.45153061224489793,0.04081632653061224,2.6989795918367347
BOP1,0.6989795918367347,0.01020408163265306,3.854591836734694
BPI,0.7193877551020408,0.00510204081632653,3.688775510204082
BPIFA1,0.7219387755102041,0.0,3.9260204081632653
BPIFB3,0.7219387755102041,0.0,3.920918367346939
BPNT1,0.6479591836734694,0.030612244897959183,3.1989795918367347
BPTF,0.6964285714285714,0.01020408163265306,3.517857142857143
BRAF,0.5969387755102041,0.012755102040816327,3.2346938775510203
BRAP,0.625,0.017857142857142856,3.1581632653061225
BRAT1,0.6556122448979592,0.015306122448979591,3.5357142857142856
BRCA1,0.6173469387755102,0.017857142857142856,3.211734693877551
BRCA2,0.5357142857142857,0.04336734693877551,3.068877551020408
BRCC3,0.23979591836734693,0.33418367346938777,2.0918367346938775
BRD1,0.43112244897959184,0.09438775510204081,2.545918367346939
BRD3,0.4770408163265306,0.09438775510204081,2.693877551020408
BRD4,0.5637755102040817,0.04846938775510204,2.877551020408163
BRD7,0.5051020408163265,0.03826530612244898,2.864795918367347
BRD8,0.42091836734693877,0.08673469387755102,2.5408163265306123
BRF2,0.4642857142857143,0.10204081632653061,3.752551020408163
BRI3,0.6096938775510204,0.00510204081632653,3.3035714285714284
BRINP1,0.45918367346938777,0.09693877551020408,2.6658163265306123
BRIP1,0.6887755102040817,0.01020408163265306,3.6479591836734695
BRIX1,0.7117346938775511,0.01020408163265306,4.073979591836735
BRK1,0.6122448979591837,0.02295918367346939,3.6530612244897958
BRMS1,0.5943877551020408,0.012755102040816327,3.0918367346938775
BRMS1L,0.46938775510204084,0.03571428571428571,2.747448979591837
BROX,0.6530612244897959,0.02295918367346939,3.211734693877551
BRPF1,0.6122448979591837,0.02295918367346939,3.6530612244897958
BRPF3,0.5714285714285714,0.015306122448979591,3.010204081632653
BRSK1,0.6556122448979592,0.025510204081632654,3.4260204081632653
BRWD1,0.5510204081632653,0.03571428571428571,3.142857142857143
BSCL2,0.5790816326530612,0.007653061224489796,3.056122448979592
BSG,0.5153061224489796,0.07397959183673469,2.760204081632653
BSN,0.4719387755102041,0.061224489795918366,2.877551020408163
BST1,0.4872448979591837,0.05357142857142857,2.7908163265306123
BST2,0.5561224489795918,0.04336734693877551,2.8469387755102042
BTAF1,0.4260204081632653,0.07653061224489796,2.576530612244898
BTBD1,0.5102040816326531,0.04846938775510204,2.7168367346938775
BTBD2,0.5255102040816326,0.0663265306122449,2.7806122448979593
BTBD6,0.5025510204081632,0.04591836734693878,2.795918367346939
BTC,0.5051020408163265,0.03571428571428571,2.923469387755102
BTD,0.5969387755102041,0.02040816326530612,3.49234693877551
BTF3,0.3596938775510204,0.11734693877551021,2.433673469387755
BTG1,0.5969387755102041,0.02806122448979592,3.058673469387755
BTG3,0.5561224489795918,0.04336734693877551,3.2142857142857144
BTK,0.22193877551020408,0.3392857142857143,2.0127551020408165
BTLA,0.6530612244897959,0.015306122448979591,3.502551020408163
BTN1A1,0.5892857142857143,0.012755102040816327,3.2142857142857144
BTN2A1,0.5892857142857143,0.012755102040816327,3.2142857142857144
BTN3A1,0.5918367346938775,0.012755102040816327,3.2244897959183674
BTN3A2,0.5943877551020408,0.012755102040816327,3.229591836734694
BTRC,0.413265306122449,0.08163265306122448,2.558673469387755
BUB1,0.5382653061224489,0.03316326530612245,2.9719387755102042
BUB1B,0.45663265306122447,0.06377551020408163,2.5994897959183674
BUB3,0.44642857142857145,0.07397959183673469,2.663265306122449
BUD13,0.45153061224489793,0.07397959183673469,2.681122448979592
BUD31,0.6071428571428571,0.00510204081632653,3.3341836734693877
BYSL,0.5663265306122449,0.015306122448979591,3.170918367346939
BZW1,0.4387755102040816,0.061224489795918366,2.6301020408163267
C11ORF54,0.49744897959183676,0.04336734693877551,2.9056122448979593
C15ORF48,0.4770408163265306,0.05612244897959184,2.6683673469387754
C1D,0.6352040816326531,0.017857142857142856,3.326530612244898
C1GALT1,0.6581632653061225,0.007653061224489796,3.5994897959183674
C1GALT1C1,0.2193877551020408,0.34183673469387754,2.0255102040816326
C1QA,0.5637755102040817,0.03826530612244898,2.954081632653061
C1QBP,0.37755102040816324,0.11989795918367346,2.4872448979591835
C1QC,0.5637755102040817,0.03826530612244898,2.954081632653061
C1S,0.6198979591836735,0.017857142857142856,3.2627551020408165
C2,0.6020408163265306,0.015306122448979591,3.114795918367347
C2CD2,0.5612244897959183,0.04336734693877551,3.13265306122449
C2CD3,0.5586734693877551,0.025510204081632654,3.061224489795918
C2ORF49,0.5459183673469388,0.03316326530612245,2.9693877551020407
C3,0.548469387755102,0.058673469387755105,2.811224489795918
C3AR1,0.6198979591836735,0.017857142857142856,3.2627551020408165
C4A,0.6020408163265306,0.015306122448979591,3.0892857142857144
C4B,0.6020408163265306,0.015306122448979591,3.0892857142857144
C4BPA,0.6352040816326531,0.025510204081632654,3.127551020408163
C4BPB,0.6352040816326531,0.025510204081632654,3.127551020408163
C5,0.45663265306122447,0.10204081632653061,2.645408163265306
C5AR1,0.6301020408163265,0.025510204081632654,3.2448979591836733
C6,0.6989795918367347,0.007653061224489796,3.989795918367347
C6ORF120,0.4260204081632653,0.08163265306122448,2.568877551020408
C7,0.6964285714285714,0.007653061224489796,3.982142857142857
C8A,0.6071428571428571,0.02295918367346939,3.076530612244898
C8B,0.6071428571428571,0.02295918367346939,3.076530612244898
C9,0.6989795918367347,0.01020408163265306,3.9872448979591835
C9ORF72,0.40816326530612246,0.11479591836734694,2.686224489795918
CA1,0.7066326530612245,0.017857142857142856,3.9744897959183674
CA2,0.7066326530612245,0.017857142857142856,3.9770408163265305
CA9,0.4387755102040816,0.08418367346938775,2.7908163265306123
CAB39,0.336734693877551,0.1096938775510204,2.392857142857143
CAB39L,0.413265306122449,0.1377551020408163,2.6964285714285716
CABIN1,0.5076530612244898,0.0663265306122449,2.931122448979592
CABLES1,0.548469387755102,0.04846938775510204,3.045918367346939
CABS1,0.5025510204081632,0.03571428571428571,2.86734693877551
CABYR,0.5331632653061225,0.061224489795918366,2.9642857142857144
CACNA1A,0.5535714285714286,0.05102040816326531,2.836734693877551
CACNA1B,0.4744897959183674,0.09948979591836735,2.693877551020408
CACNA1C,0.6301020408163265,0.02295918367346939,3.2551020408163267
CACNA1D,0.4719387755102041,0.07142857142857142,2.8877551020408165
CACNA1E,0.6785714285714286,0.015306122448979591,3.413265306122449
CACNA1F,0.22704081632653061,0.34183673469387754,2.0357142857142856
CACNA1G,0.6403061224489796,0.012755102040816327,3.3520408163265305
CACNA1H,0.4413265306122449,0.0663265306122449,2.63265306122449
CACNA1I,0.44642857142857145,0.07908163265306123,2.6505102040816326
CACNA1S,0.6403061224489796,0.015306122448979591,3.1683673469387754
CACNA2D1,0.6045918367346939,0.007653061224489796,3.3010204081632653
CACNA2D2,0.46683673469387754,0.07142857142857142,2.8520408163265305
CACNB1,0.6326530612244898,0.015306122448979591,3.438775510204082
CACNB2,0.6096938775510204,0.03826530612244898,3.357142857142857
CACNB3,0.5892857142857143,0.02806122448979592,2.9744897959183674
CACNB4,0.4897959183673469,0.04081632653061224,2.7933673469387754
CACNG1,0.6938775510204082,0.01020408163265306,3.566326530612245
CACNG2,0.46938775510204084,0.07397959183673469,2.7780612244897958
CACNG3,0.5382653061224489,0.02806122448979592,3.0739795918367347
CACNG4,0.6938775510204082,0.01020408163265306,3.568877551020408
CACNG5,0.6913265306122449,0.01020408163265306,3.5714285714285716
CACNG6,0.6505102040816326,0.025510204081632654,3.3801020408163267
CACNG7,0.6505102040816326,0.025510204081632654,3.385204081632653
CACTIN,0.5204081632653061,0.06887755102040816,2.7857142857142856
CACYBP,0.6862244897959183,0.015306122448979591,3.5816326530612246
CAD,0.6275510204081632,0.02040816326530612,3.288265306122449
CADM1,0.45153061224489793,0.06887755102040816,2.7066326530612246
CADM3,0.7091836734693877,0.012755102040816327,3.9591836734693877
CADPS,0.4770408163265306,0.07397959183673469,2.885204081632653
CALCA,0.3494897959183674,0.08928571428571429,2.4642857142857144
CALCOCO1,0.6045918367346939,0.02806122448979592,2.9846938775510203
CALCOCO2,0.6377551020408163,0.015306122448979591,3.311224489795918
CALCRL,0.4719387755102041,0.03826530612244898,2.808673469387755
CALD1,0.5918367346938775,0.015306122448979591,3.2346938775510203
CALM1,0.5127551020408163,0.05357142857142857,2.806122448979592
CALM2,0.6326530612244898,0.015306122448979591,3.311224489795918
CALM3,0.6377551020408163,0.02295918367346939,3.270408163265306
CALML5,0.6632653061224489,0.02806122448979592,3.7244897959183674
CALML6,0.5714285714285714,0.03826530612244898,2.99234693877551
CALR,0.5535714285714286,0.04846938775510204,2.8443877551020407
CALR3,0.5459183673469388,0.04591836734693878,2.8239795918367347
CALU,0.5918367346938775,0.012755102040816327,3.2091836734693877
CALY,0.45408163265306123,0.0663265306122449,2.6658163265306123
CAMK1,0.6122448979591837,0.02295918367346939,3.6530612244897958
CAMK1D,0.6352040816326531,0.02806122448979592,3.5433673469387754
CAMK1G,0.6352040816326531,0.025510204081632654,3.122448979591837
CAMK2A,0.42091836734693877,0.08673469387755102,2.5433673469387754
CAMK2B,0.6530612244897959,0.01020408163265306,3.4872448979591835
CAMK2D,0.45663265306122447,0.06377551020408163,2.6760204081632653
CAMK2G,0.4719387755102041,0.05357142857142857,2.8494897959183674
CAMK2N2,0.6989795918367347,0.00510204081632653,3.7244897959183674
CAMK4,0.4005102040816326,0.1096938775510204,2.4846938775510203
CAMKK1,0.3852040816326531,0.11989795918367346,2.510204081632653
CAMKK2,0.6147959183673469,0.02040816326530612,3.048469387755102
CAMKMT,0.6275510204081632,0.015306122448979591,3.2780612244897958
CAMLG,0.41581632653061223,0.09693877551020408,2.5357142857142856
CAMP,0.4846938775510204,0.061224489795918366,2.9005102040816326
CAMSAP1,0.4744897959183674,0.09948979591836735,2.691326530612245
CAMSAP3,0.5586734693877551,0.058673469387755105,2.8520408163265305
CAND1,0.6147959183673469,0.025510204081632654,3.739795918367347
CAND2,0.6122448979591837,0.02040816326530612,3.9056122448979593
CANT1,0.6887755102040817,0.012755102040816327,3.4668367346938775
CANX,0.41836734693877553,0.09183673469387756,2.5280612244897958
CAP1,0.6096938775510204,0.017857142857142856,3.497448979591837
CAP2,0.6071428571428571,0.015306122448979591,3.6683673469387754
CAPG,0.6428571428571429,0.02040816326530612,3.295918367346939
CAPN1,0.5739795918367347,0.012755102040816327,3.056122448979592
CAPN10,0.3494897959183674,0.1326530612244898,2.3877551020408165
CAPN11,0.576530612244898,0.017857142857142856,3.186224489795918
CAPN2,0.6505102040816326,0.02295918367346939,3.2091836734693877
CAPN3,0.46683673469387754,0.061224489795918366,2.6096938775510203
CAPN6,0.22193877551020408,0.34183673469387754,2.0229591836734695
CAPN7,0.6020408163265306,0.02040816326530612,3.482142857142857
CAPN8,0.6505102040816326,0.02295918367346939,3.2091836734693877
CAPNS1,0.6352040816326531,0.012755102040816327,3.517857142857143
CAPNS2,0.4846938775510204,0.04081632653061224,2.8010204081632653
CAPRIN1,0.4005102040816326,0.08163265306122448,2.7551020408163267
CAPZA1,0.5790816326530612,0.03316326530612245,2.9770408163265305
CAPZA2,0.5943877551020408,0.01020408163265306,3.3214285714285716
CAPZA3,0.6020408163265306,0.015306122448979591,3.2066326530612246
CAPZB,0.5637755102040817,0.03826530612244898,2.938775510204082
CARD10,0.4642857142857143,0.07397959183673469,2.7448979591836733
CARD11,0.6530612244897959,0.015306122448979591,3.548469387755102
CARD14,0.6887755102040817,0.012755102040816327,3.4719387755102042
CARD6,0.6964285714285714,0.007653061224489796,3.982142857142857
CARD8,0.6326530612244898,0.025510204081632654,3.267857142857143
CARD9,0.4719387755102041,0.09948979591836735,2.704081632653061
CARF,0.4362244897959184,0.061224489795918366,2.6301020408163267
CARM1,0.5637755102040817,0.05357142857142857,2.920918367346939
CARMIL1,0.5943877551020408,0.012755102040816327,3.3494897959183674
CARS2,0.5816326530612245,0.017857142857142856,3.2780612244897958
CARTPT,0.3596938775510204,0.11989795918367346,2.4260204081632653
CASC3,0.625,0.012755102040816327,3.364795918367347
CASK,0.23214285714285715,0.3392857142857143,2.0510204081632653
CASP1,0.4642857142857143,0.06377551020408163,2.836734693877551
CASP10,0.4362244897959184,0.06377551020408163,2.6301020408163267
CASP14,0.5586734693877551,0.04846938775510204,2.877551020408163
CASP2,0.5994897959183674,0.012755102040816327,3.239795918367347
CASP3,0.41581632653061223,0.08418367346938775,2.576530612244898
CASP4,0.46683673469387754,0.06377551020408163,2.8392857142857144
CASP6,0.45918367346938777,0.06377551020408163,2.6785714285714284
CASP7,0.43112244897959184,0.07908163265306123,2.5918367346938775
CASP8,0.4336734693877551,0.06887755102040816,2.6122448979591835
CASP9,0.5637755102040817,0.03571428571428571,2.951530612244898
CASQ2,0.5841836734693877,0.02806122448979592,3.0816326530612246
CASR,0.6658163265306123,0.015306122448979591,3.489795918367347
CASZ1,0.5663265306122449,0.04081632653061224,2.9642857142857144
CAT,0.40561224489795916,0.07908163265306123,2.767857142857143
CATSPER1,0.5892857142857143,0.012755102040816327,3.0739795918367347
CATSPER2,0.46938775510204084,0.05612244897959184,2.6479591836734695
CATSPER4,0.5586734693877551,0.03826530612244898,2.9030612244897958
CAV1,0.5969387755102041,0.01020408163265306,3.318877551020408
CAV2,0.5943877551020408,0.01020408163265306,3.2908163265306123
CAV3,0.6122448979591837,0.02295918367346939,3.607142857142857
CAVIN1,0.6275510204081632,0.015306122448979591,3.2244897959183674
CAVIN2,0.46938775510204084,0.04336734693877551,2.7857142857142856
CBFA2T2,0.7219387755102041,0.0,3.9489795918367347
CBFA2T3,0.5102040816326531,0.04591836734693878,2.9285714285714284
CBL,0.44642857142857145,0.07397959183673469,2.6989795918367347
CBLIF,0.5816326530612245,0.012755102040816327,3.1505102040816326
CBLL1,0.5969387755102041,0.007653061224489796,3.25765306122449
CBLN1,0.5127551020408163,0.03826530612244898,2.88265306122449
CBR1,0.5714285714285714,0.03316326530612245,3.2168367346938775
CBR3,0.5688775510204082,0.03316326530612245,3.211734693877551
CBR4,0.4336734693877551,0.07908163265306123,2.622448979591837
CBS,0.5637755102040817,0.04081632653061224,3.142857142857143
CBX1,0.6352040816326531,0.015306122448979591,3.3010204081632653
CBX2,0.6862244897959183,0.012755102040816327,3.479591836734694
CBX3,0.6505102040816326,0.012755102040816327,3.479591836734694
CBX4,0.6862244897959183,0.012755102040816327,3.479591836734694
CBX5,0.6122448979591837,0.02295918367346939,3.066326530612245
CBX6,0.4489795918367347,0.07653061224489796,2.681122448979592
CBX7,0.4489795918367347,0.07653061224489796,2.673469387755102
CBX8,0.6862244897959183,0.012755102040816327,3.479591836734694
CC2D1A,0.5510204081632653,0.05102040816326531,2.829081632653061
CC2D2A,0.4846938775510204,0.05357142857142857,2.7857142857142856
CCAR1,0.45153061224489793,0.05612244897959184,2.6964285714285716
CCAR2,0.2423469387755102,0.22959183673469388,2.211734693877551
CCDC106,0.6556122448979592,0.02806122448979592,3.413265306122449
CCDC115,0.5076530612244898,0.04846938775510204,2.8392857142857144
CCDC136,0.5918367346938775,0.012755102040816327,3.2091836734693877
CCDC181,0.6964285714285714,0.012755102040816327,3.8418367346938775
CCDC40,0.6862244897959183,0.012755102040816327,3.4693877551020407
CCDC59,0.5867346938775511,0.030612244897959183,2.989795918367347
CCDC6,0.45663265306122447,0.058673469387755105,2.7193877551020407
CCDC62,0.6173469387755102,0.02295918367346939,3.0433673469387754
CCDC8,0.6428571428571429,0.02295918367346939,3.2831632653061225
CCDC86,0.5790816326530612,0.01020408163265306,3.0816326530612246
CCDC88A,0.6428571428571429,0.017857142857142856,3.375
CCDC88C,0.5102040816326531,0.05102040816326531,2.8341836734693877
CCDC91,0.6198979591836735,0.02295918367346939,3.308673469387755
CCIN,0.4362244897959184,0.08418367346938775,2.7831632653061225
CCK,0.5204081632653061,0.03826530612244898,3.0535714285714284
CCKAR,0.46938775510204084,0.05612244897959184,2.7448979591836733
CCKBR,0.336734693877551,0.09693877551020408,2.395408163265306
CCL1,0.6301020408163265,0.012755102040816327,3.318877551020408
CCL11,0.6301020408163265,0.012755102040816327,3.357142857142857
CCL13,0.6301020408163265,0.012755102040816327,3.3316326530612246
CCL15,0.6224489795918368,0.015306122448979591,3.25765306122449
CCL16,0.6224489795918368,0.015306122448979591,3.24234693877551
CCL17,0.48214285714285715,0.04081632653061224,2.795918367346939
CCL18,0.6224489795918368,0.015306122448979591,3.24234693877551
CCL19,0.43112244897959184,0.08418367346938775,2.770408163265306
CCL2,0.6301020408163265,0.012755102040816327,3.3622448979591835
CCL20,0.336734693877551,0.11479591836734694,2.392857142857143
CCL21,0.43112244897959184,0.08418367346938775,2.770408163265306
CCL22,0.48214285714285715,0.04081632653061224,2.795918367346939
CCL24,0.6071428571428571,0.007653061224489796,3.260204081632653
CCL25,0.5561224489795918,0.05612244897959184,2.8520408163265305
CCL26,0.6045918367346939,0.007653061224489796,3.2551020408163267
CCL27,0.43112244897959184,0.08418367346938775,2.747448979591837
CCL28,0.6964285714285714,0.012755102040816327,3.9770408163265305
CCL3,0.6224489795918368,0.015306122448979591,3.252551020408163
CCL4,0.6224489795918368,0.015306122448979591,3.252551020408163
CCL4L2,0.6122448979591837,0.015306122448979591,3.2287917737789202
CCL7,0.6301020408163265,0.012755102040816327,3.357142857142857
CCL8,0.6301020408163265,0.012755102040816327,3.357142857142857
CCM2,0.6505102040816326,0.01020408163265306,3.4668367346938775
CCN1,0.5790816326530612,0.03826530612244898,2.9668367346938775
CCN2,0.4489795918367347,0.06887755102040816,2.6403061224489797
CCNA1,0.4897959183673469,0.058673469387755105,2.8903061224489797
CCNA2,0.45663265306122447,0.058673469387755105,2.693877551020408
CCNB1,0.35714285714285715,0.12244897959183673,2.4183673469387754
CCNB2,0.49744897959183676,0.058673469387755105,2.6683673469387754
CCNB3,0.22959183673469388,0.34183673469387754,2.0433673469387754
CCNC,0.42091836734693877,0.09183673469387756,2.5306122448979593
CCND1,0.6403061224489796,0.012755102040816327,4.589285714285714
CCND2,0.6198979591836735,0.02295918367346939,3.2551020408163267
CCND3,0.5637755102040817,0.015306122448979591,3.163265306122449
CCNDBP1,0.46938775510204084,0.058673469387755105,2.645408163265306
CCNE1,0.6454081632653061,0.017857142857142856,3.9183673469387754
CCNE2,0.7066326530612245,0.015306122448979591,4.071428571428571
CCNF,0.4362244897959184,0.0663265306122449,2.61734693877551
CCNG1,0.40561224489795916,0.10204081632653061,2.50765306122449
CCNH,0.3903061224489796,0.10714285714285714,2.4872448979591835
CCNL1,0.6862244897959183,0.00510204081632653,3.6377551020408165
CCNL2,0.5714285714285714,0.03826530612244898,2.99234693877551
CCNO,0.40561224489795916,0.10204081632653061,2.614795918367347
CCNT1,0.5892857142857143,0.02806122448979592,2.9744897959183674
CCNT2,0.5051020408163265,0.04846938775510204,2.9081632653061225
CCNY,0.576530612244898,0.04336734693877551,3.191326530612245
CCP110,0.5408163265306123,0.030612244897959183,2.920918367346939
CCR1,0.5025510204081632,0.04081632653061224,3.010204081632653
CCR10,0.625,0.015306122448979591,3.2142857142857144
CCR3,0.5025510204081632,0.04081632653061224,3.010204081632653
CCR4,0.5637755102040817,0.030612244897959183,3.2627551020408165
CCR5,0.5025510204081632,0.04081632653061224,3.010204081632653
CCR6,0.41836734693877553,0.08673469387755102,2.548469387755102
CCR7,0.6275510204081632,0.012755102040816327,3.2831632653061225
CCR8,0.5331632653061225,0.030612244897959183,3.114795918367347
CCR9,0.5051020408163265,0.03826530612244898,3.0153061224489797
CCRL2,0.5025510204081632,0.04081632653061224,3.010204081632653
CCS,0.5969387755102041,0.012755102040816327,3.122448979591837
CCT2,0.6352040816326531,0.02040816326530612,4.5688775510204085
CCT3,0.6964285714285714,0.012755102040816327,3.5841836734693877
CCT4,0.6454081632653061,0.017857142857142856,3.4489795918367347
CCT5,0.7142857142857143,0.012755102040816327,4.163265306122449
CCT6A,0.6658163265306123,0.012755102040816327,3.760204081632653
CCT6B,0.6301020408163265,0.017857142857142856,3.316326530612245
CCT7,0.6326530612244898,0.017857142857142856,3.3443877551020407
CCT8,0.548469387755102,0.03826530612244898,3.0841836734693877
CCZ1,0.6581632653061225,0.007653061224489796,3.579081632653061
CD101,0.6020408163265306,0.02806122448979592,3.076530612244898
CD109,0.46683673469387754,0.06887755102040816,2.6530612244897958
CD14,0.41581632653061223,0.08418367346938775,2.5408163265306123
CD151,0.3469387755102041,0.09438775510204081,2.413265306122449
CD160,0.6989795918367347,0.012755102040816327,3.6785714285714284
CD163,0.6198979591836735,0.017857142857142856,3.2627551020408165
CD177,0.6403061224489796,0.015306122448979591,3.433673469387755
CD180,0.3494897959183674,0.11989795918367346,2.413265306122449
CD19,0.5790816326530612,0.02295918367346939,3.107142857142857
CD1A,0.6989795918367347,0.012755102040816327,3.75765306122449
CD1B,0.6989795918367347,0.012755102040816327,3.7551020408163267
CD1C,0.6989795918367347,0.012755102040816327,3.729591836734694
CD1D,0.6989795918367347,0.012755102040816327,3.747448979591837
CD1E,0.6989795918367347,0.012755102040816327,3.752551020408163
CD2,0.5969387755102041,0.025510204081632654,3.038265306122449
CD200,0.6530612244897959,0.015306122448979591,3.502551020408163
CD200R1,0.6530612244897959,0.017857142857142856,3.4846938775510203
CD207,0.6403061224489796,0.017857142857142856,3.364795918367347
CD209,0.5561224489795918,0.058673469387755105,2.8494897959183674
CD22,0.6377551020408163,0.012755102040816327,3.502551020408163
CD226,0.40561224489795916,0.11989795918367346,2.5306122448979593
CD24,0.43112244897959184,0.09183673469387756,3.086734693877551
CD244,0.7142857142857143,0.012755102040816327,4.5229591836734695
CD247,0.7040816326530612,0.012755102040816327,3.8494897959183674
CD248,0.5943877551020408,0.012755102040816327,3.0918367346938775
CD27,0.6301020408163265,0.017857142857142856,3.2729591836734695
CD274,0.41581632653061223,0.1326530612244898,2.8801020408163267
CD28,0.43112244897959184,0.061224489795918366,2.645408163265306
CD2AP,0.5663265306122449,0.025510204081632654,3.0280612244897958
CD2BP2,0.5816326530612245,0.02040816326530612,3.066326530612245
CD300A,0.6913265306122449,0.01020408163265306,3.489795918367347
CD300E,0.6913265306122449,0.01020408163265306,3.4872448979591835
CD300LB,0.6913265306122449,0.01020408163265306,3.489795918367347
CD300LF,0.6913265306122449,0.01020408163265306,3.4846938775510203
CD33,0.6403061224489796,0.025510204081632654,3.311224489795918
CD34,0.6275510204081632,0.02806122448979592,3.107142857142857
CD36,0.6071428571428571,0.012755102040816327,3.308673469387755
CD38,0.4872448979591837,0.05357142857142857,2.7908163265306123
CD3D,0.45663265306122447,0.0663265306122449,2.7091836734693877
CD3E,0.45663265306122447,0.0663265306122449,2.7091836734693877
CD3G,0.45663265306122447,0.0663265306122449,2.7091836734693877
CD4,0.6275510204081632,0.017857142857142856,3.2729591836734695
CD40,0.7168367346938775,0.007653061224489796,3.732142857142857
CD40LG,0.2193877551020408,0.3392857142857143,2.0408163265306123
CD44,0.40816326530612246,0.07397959183673469,2.75
CD46,0.6275510204081632,0.025510204081632654,3.107142857142857
CD47,0.6479591836734694,0.017857142857142856,3.4693877551020407
CD48,0.7117346938775511,0.012755102040816327,4.357142857142857
CD5,0.5790816326530612,0.01020408163265306,3.079081632653061
CD53,0.5739795918367347,0.03571428571428571,2.9489795918367347
CD55,0.6275510204081632,0.02806122448979592,3.1122448979591835
CD58,0.5918367346938775,0.025510204081632654,3.0255102040816326
CD59,0.3979591836734694,0.07908163265306123,2.75
CD6,0.5790816326530612,0.01020408163265306,3.076530612244898
CD63,0.6045918367346939,0.02806122448979592,3.017857142857143
CD68,0.3673469387755102,0.125,2.441326530612245
CD69,0.6096938775510204,0.025510204081632654,3.2193877551020407
CD7,0.6811224489795918,0.015306122448979591,3.443877551020408
CD70,0.548469387755102,0.05612244897959184,2.813775510204082
CD72,0.4387755102040816,0.08418367346938775,2.7908163265306123
CD74,0.42091836734693877,0.08673469387755102,2.538265306122449
CD79A,0.6377551020408163,0.015306122448979591,3.4005102040816326
CD79B,0.6938775510204082,0.01020408163265306,3.5739795918367347
CD80,0.6658163265306123,0.012755102040816327,3.5127551020408165
CD81,0.336734693877551,0.09948979591836735,2.392857142857143
CD83,0.6147959183673469,0.012755102040816327,3.510204081632653
CD86,0.6658163265306123,0.015306122448979591,3.489795918367347
CD8A,0.6352040816326531,0.02040816326530612,3.270408163265306
CD8B,0.6352040816326531,0.02040816326530612,3.270408163265306
CD9,0.6301020408163265,0.017857142857142856,3.2780612244897958
CD93,0.6811224489795918,0.007653061224489796,3.576530612244898
CD96,0.6556122448979592,0.017857142857142856,3.4846938775510203
CD99,0.5280612244897959,0.11479591836734694,3.1989795918367347
CDA,0.5612244897959183,0.03826530612244898,2.9464285714285716
CDC14A,0.576530612244898,0.03571428571428571,2.931122448979592
CDC14B,0.4413265306122449,0.11224489795918367,2.6198979591836733
CDC16,0.5816326530612245,0.017857142857142856,3.2729591836734695
CDC20,0.5943877551020408,0.017857142857142856,3.0969387755102042
CDC23,0.42091836734693877,0.08673469387755102,2.5408163265306123
CDC25A,0.4846938775510204,0.061224489795918366,2.9005102040816326
CDC25B,0.6556122448979592,0.01020408163265306,3.4591836734693877
CDC25C,0.42091836734693877,0.08673469387755102,2.5408163265306123
CDC26,0.461734693877551,0.09693877551020408,2.663265306122449
CDC27,0.6352040816326531,0.017857142857142856,3.308673469387755
CDC34,0.5153061224489796,0.07397959183673469,2.760204081632653
CDC37,0.5663265306122449,0.05612244897959184,2.9183673469387754
CDC37L1,0.41836734693877553,0.1326530612244898,2.7908163265306123
CDC40,0.41581632653061223,0.09183673469387756,2.50765306122449
CDC42,0.5612244897959183,0.03826530612244898,2.9464285714285716
CDC42BPA,0.6658163265306123,0.02040816326530612,3.2219387755102042
CDC42BPB,0.5025510204081632,0.04846938775510204,2.7755102040816326
CDC42EP2,0.576530612244898,0.012755102040816327,3.048469387755102
CDC42EP3,0.6224489795918368,0.015306122448979591,3.2831632653061225
CDC42EP5,0.6505102040816326,0.025510204081632654,3.385204081632653
CDC45,0.5204081632653061,0.058673469387755105,2.9693877551020407
CDC5L,0.5714285714285714,0.017857142857142856,3.1556122448979593
CDC6,0.6275510204081632,0.012755102040816327,3.2806122448979593
CDC7,0.576530612244898,0.03826530612244898,2.941326530612245
CDC73,0.6479591836734694,0.017857142857142856,3.385204081632653
CDCA2,0.23979591836734693,0.21428571428571427,2.229591836734694
CDCA5,0.5714285714285714,0.012755102040816327,3.038265306122449
CDCA7,0.4872448979591837,0.03826530612244898,2.872448979591837
CDCA8,0.5892857142857143,0.02040816326530612,3.0510204081632653
CDCP1,0.5076530612244898,0.03826530612244898,3.0
CDH1,0.5280612244897959,0.03826530612244898,3.0535714285714284
CDH10,0.7168367346938775,0.01020408163265306,4.125
CDH11,0.5153061224489796,0.03826530612244898,2.961734693877551
CDH12,0.7142857142857143,0.012755102040816327,4.1811224489795915
CDH13,0.5127551020408163,0.04846938775510204,2.9285714285714284
CDH15,0.5102040816326531,0.04846938775510204,2.9158163265306123
CDH17,0.7066326530612245,0.015306122448979591,4.0688775510204085
CDH18,0.7168367346938775,0.012755102040816327,4.153061224489796
CDH2,0.49489795918367346,0.06887755102040816,2.892857142857143
CDH23,0.45408163265306123,0.05612244897959184,2.7270408163265305
CDH24,0.5102040816326531,0.04336734693877551,2.892857142857143
CDH3,0.5306122448979592,0.03826530612244898,3.063775510204082
CDH4,0.6938775510204082,0.012755102040816327,3.5841836734693877
CDH5,0.5229591836734694,0.03571428571428571,2.9668367346938775
CDH6,0.7117346938775511,0.01020408163265306,4.00765306122449
CDH7,0.41836734693877553,0.11734693877551021,2.568877551020408
CDH8,0.5,0.04336734693877551,2.895408163265306
CDH9,0.7066326530612245,0.01020408163265306,4.033163265306122
CDHR1,0.4387755102040816,0.06377551020408163,2.625
CDHR2,0.40561224489795916,0.09693877551020408,2.5127551020408165
CDHR5,0.34183673469387754,0.09948979591836735,2.4030612244897958
CDIPT,0.5816326530612245,0.02040816326530612,3.1096938775510203
CDK1,0.45408163265306123,0.05357142857142857,2.7066326530612246
CDK11A,0.5714285714285714,0.03826530612244898,2.99234693877551
CDK11B,0.5714285714285714,0.03826530612244898,2.99234693877551
CDK12,0.6326530612244898,0.015306122448979591,3.5994897959183674
CDK13,0.6505102040816326,0.015306122448979591,3.510204081632653
CDK14,0.6045918367346939,0.00510204081632653,3.308673469387755
CDK2,0.6045918367346939,0.025510204081632654,3.0280612244897958
CDK20,0.461734693877551,0.11224489795918367,2.681122448979592
CDK2AP1,0.6173469387755102,0.02295918367346939,3.0280612244897958
CDK4,0.5994897959183674,0.030612244897959183,3.1505102040816326
CDK5,0.5867346938775511,0.012755102040816327,3.1989795918367347
CDK5R1,0.6352040816326531,0.012755102040816327,3.5331632653061225
CDK5R2,0.35459183673469385,0.10204081632653061,2.433673469387755
CDK5RAP2,0.45663265306122447,0.09948979591836735,2.6505102040816326
CDK6,0.6045918367346939,0.00510204081632653,3.3316326530612246
CDK7,0.35714285714285715,0.12244897959183673,2.4183673469387754
CDK8,0.548469387755102,0.02295918367346939,3.0816326530612246
CDK9,0.4719387755102041,0.09693877551020408,2.670918367346939
CDKL5,0.22448979591836735,0.336734693877551,2.056122448979592
CDKN1A,0.5714285714285714,0.02040816326530612,3.0229591836734695
CDKN1B,0.5918367346938775,0.03571428571428571,3.1301020408163267
CDKN1C,0.33163265306122447,0.09948979591836735,2.3877551020408165
CDKN2A,0.29591836734693877,0.3673469387755102,1.933673469387755
CDKN2AIP,0.40816326530612246,0.08163265306122448,2.5816326530612246
CDKN2B,0.29846938775510207,0.3647959183673469,1.941326530612245
CDKN2C,0.5994897959183674,0.02040816326530612,3.058673469387755
CDKN2D,0.5637755102040817,0.05357142857142857,2.920918367346939
CDKN3,0.47959183673469385,0.04336734693877551,2.760204081632653
CDO1,0.4030612244897959,0.10714285714285714,2.545918367346939
CDON,0.461734693877551,0.07142857142857142,2.7219387755102042
CDS1,0.461734693877551,0.04846938775510204,2.7448979591836733
CDS2,0.6479591836734694,0.01020408163265306,3.4464285714285716
CDSN,0.6096938775510204,0.015306122448979591,3.191326530612245
CDT1,0.5127551020408163,0.04336734693877551,2.931122448979592
CDX1,0.42091836734693877,0.08673469387755102,2.5433673469387754
CDX2,0.5637755102040817,0.02295918367346939,3.1301020408163267
CDX4,0.2066326530612245,0.34183673469387754,2.0229591836734695
CDYL,0.5637755102040817,0.02806122448979592,3.1683673469387754
CEACAM1,0.6403061224489796,0.015306122448979591,3.4056122448979593
CEACAM3,0.6403061224489796,0.015306122448979591,3.4056122448979593
CEACAM5,0.6403061224489796,0.015306122448979591,3.3979591836734695
CEACAM6,0.6403061224489796,0.015306122448979591,3.4056122448979593
CEACAM7,0.6403061224489796,0.015306122448979591,3.4005102040816326
CEACAM8,0.6403061224489796,0.015306122448979591,3.4056122448979593
CEBPA,0.6326530612244898,0.015306122448979591,3.4475703324808182
CEBPB,0.7193877551020408,0.00510204081632653,3.711734693877551
CEBPD,0.6709183673469388,0.02806122448979592,3.681122448979592
CEBPG,0.6352040816326531,0.015306122448979591,3.454081632653061
CEBPZ,0.6224489795918368,0.015306122448979591,3.2780612244897958
CECR2,0.5102040816326531,0.0663265306122449,2.86734693877551
CELF1,0.4362244897959184,0.07142857142857142,2.614795918367347
CELF2,0.6428571428571429,0.025510204081632654,3.7627551020408165
CELSR1,0.4413265306122449,0.08928571428571429,2.5943877551020407
CELSR2,0.5739795918367347,0.03571428571428571,2.9591836734693877
CENPA,0.6275510204081632,0.017857142857142856,3.288265306122449
CENPB,0.6556122448979592,0.01020408163265306,3.4591836734693877
CENPC,0.5127551020408163,0.03571428571428571,2.8239795918367347
CENPE,0.45918367346938777,0.05612244897959184,2.6760204081632653
CENPF,0.6377551020408163,0.030612244897959183,3.135204081632653
CENPH,0.35714285714285715,0.12244897959183673,2.4183673469387754
CENPI,0.22193877551020408,0.3392857142857143,2.0280612244897958
CENPK,0.3494897959183674,0.125,2.4081632653061225
CENPL,0.6862244897959183,0.015306122448979591,3.6096938775510203
CENPM,0.44387755102040816,0.07908163265306123,2.5943877551020407
CENPN,0.5076530612244898,0.04846938775510204,2.951530612244898
CENPO,0.6301020408163265,0.017857142857142856,3.2831632653061225
CENPP,0.45918367346938777,0.1096938775510204,2.6989795918367347
CENPQ,0.5561224489795918,0.025510204081632654,3.079081632653061
CENPS,0.5663265306122449,0.04336734693877551,2.9744897959183674
CENPT,0.5255102040816326,0.03571428571428571,3.020408163265306
CENPU,0.41581632653061223,0.08418367346938775,2.576530612244898
CENPW,0.44387755102040816,0.07142857142857142,2.61734693877551
CENPX,0.6836734693877551,0.012755102040816327,3.4566326530612246
CEP120,0.40816326530612246,0.10204081632653061,2.520408163265306
CEP131,0.6836734693877551,0.012755102040816327,3.4668367346938775
CEP135,0.5357142857142857,0.025510204081632654,2.9489795918367347
CEP152,0.4872448979591837,0.05612244897959184,2.673469387755102
CEP162,0.43112244897959184,0.07653061224489796,2.568877551020408
CEP164,0.45408163265306123,0.07142857142857142,2.686224489795918
CEP170,0.6556122448979592,0.015306122448979591,3.25
CEP192,0.5535714285714286,0.03571428571428571,3.2627551020408165
CEP250,0.7219387755102041,0.00510204081632653,3.8698979591836733
CEP290,0.5969387755102041,0.025510204081632654,3.079081632653061
CEP295,0.5,0.04336734693877551,2.9107142857142856
CEP350,0.6785714285714286,0.017857142857142856,3.4260204081632653
CEP41,0.5892857142857143,0.012755102040816327,3.2219387755102042
CEP55,0.42346938775510207,0.07908163265306123,2.576530612244898
CEP57,0.5,0.04336734693877551,2.88265306122449
CEP70,0.6760204081632653,0.01020408163265306,3.556122448979592
CEP72,0.7117346938775511,0.01020408163265306,4.1479591836734695
CEP76,0.5586734693877551,0.03571428571428571,3.25765306122449
CEP78,0.45153061224489793,0.11989795918367346,2.6198979591836733
CEP89,0.6377551020408163,0.015306122448979591,3.4872448979591835
CEP97,0.6556122448979592,0.017857142857142856,3.454081632653061
CEPT1,0.5739795918367347,0.03571428571428571,2.9566326530612246
CER1,0.3852040816326531,0.1377551020408163,2.6403061224489797
CERK,0.4387755102040816,0.09183673469387756,2.586734693877551
CERS2,0.7168367346938775,0.01020408163265306,3.9872448979591835
CERS3,0.5153061224489796,0.05102040816326531,2.729591836734694
CERS4,0.5561224489795918,0.05612244897959184,2.854591836734694
CERS5,0.5994897959183674,0.025510204081632654,3.0
CERS6,0.4846938775510204,0.03571428571428571,2.8469387755102042
CES1,0.4872448979591837,0.04081632653061224,2.8035714285714284
CES4A,0.5204081632653061,0.03826530612244898,2.9642857142857144
CETN1,0.576530612244898,0.02806122448979592,3.4056122448979593
CETN2,0.2372448979591837,0.33418367346938777,2.068877551020408
CETN3,0.3877551020408163,0.10714285714285714,2.4770408163265305
CETP,0.4872448979591837,0.04081632653061224,2.8035714285714284
CFAP45,0.7091836734693877,0.012755102040816327,4.176020408163265
CFAP52,0.35459183673469385,0.125,2.4285714285714284
CFB,0.6020408163265306,0.015306122448979591,3.114795918367347
CFD,0.5153061224489796,0.07142857142857142,2.75765306122449
CFH,0.6428571428571429,0.02040816326530612,3.288265306122449
CFHR1,0.6403061224489796,0.02040816326530612,3.2857142857142856
CFHR2,0.6403061224489796,0.02040816326530612,3.2857142857142856
CFHR3,0.6403061224489796,0.02040816326530612,3.2857142857142856
CFHR4,0.6403061224489796,0.02040816326530612,3.2857142857142856
CFHR5,0.6403061224489796,0.02040816326530612,3.2857142857142856
CFI,0.461734693877551,0.06377551020408163,2.681122448979592
CFL1,0.5841836734693877,0.012755102040816327,3.0943877551020407
CFL2,0.46938775510204084,0.03826530612244898,2.7448979591836733
CFLAR,0.4362244897959184,0.06377551020408163,2.6301020408163267
CFP,0.22959183673469388,0.34183673469387754,2.048469387755102
CFTR,0.5943877551020408,0.01020408163265306,3.2908163265306123
CGA,0.42346938775510207,0.07908163265306123,2.5255102040816326
CGGBP1,0.5510204081632653,0.05357142857142857,3.375
CGN,0.7142857142857143,0.01020408163265306,3.938775510204082
CGNL1,0.49744897959183676,0.05612244897959184,2.691326530612245
CH25H,0.43112244897959184,0.08418367346938775,2.556122448979592
CHAF1A,0.5204081632653061,0.0663265306122449,2.7755102040816326
CHAF1B,0.5663265306122449,0.03316326530612245,3.2066326530612246
CHAMP1,0.5816326530612245,0.017857142857142856,3.2729591836734695
CHAT,0.4719387755102041,0.05102040816326531,2.7908163265306123
CHCHD1,0.46938775510204084,0.05357142857142857,2.8443877551020407
CHCHD10,0.5102040816326531,0.0663265306122449,2.9260204081632653
CHCHD2,0.6658163265306123,0.012755102040816327,3.7551020408163267
CHCHD3,0.5918367346938775,0.012755102040816327,3.25
CHCHD4,0.6020408163265306,0.02040816326530612,3.6607142857142856
CHCHD7,0.6658163265306123,0.017857142857142856,3.652173913043478
CHD1,0.3979591836734694,0.10714285714285714,2.5
CHD1L,0.7040816326530612,0.012755102040816327,3.7908163265306123
CHD3,0.3647959183673469,0.12244897959183673,2.4285714285714284
CHD4,0.6301020408163265,0.017857142857142856,3.2755102040816326
CHD5,0.5739795918367347,0.04591836734693878,2.9770408163265305
CHD7,0.6811224489795918,0.017857142857142856,3.688775510204082
CHD9,0.4897959183673469,0.04336734693877551,2.826530612244898
CHDH,0.4719387755102041,0.07142857142857142,2.8877551020408165
CHEK1,0.45918367346938777,0.07142857142857142,2.711734693877551
CHEK2,0.5076530612244898,0.0663265306122449,2.9081632653061225
CHERP,0.5459183673469388,0.04591836734693878,2.8316326530612246
CHFR,0.5943877551020408,0.03826530612244898,3.0229591836734695
CHGA,0.5,0.05357142857142857,2.7627551020408165
CHGB,0.6505102040816326,0.012755102040816327,3.4489795918367347
CHI3L1,0.6275510204081632,0.02040816326530612,3.0841836734693877
CHIA,0.5739795918367347,0.03571428571428571,2.9566326530612246
CHID1,0.3494897959183674,0.09438775510204081,2.4158163265306123
CHIT1,0.6275510204081632,0.02040816326530612,3.0841836734693877
CHKA,0.6147959183673469,0.017857142857142856,3.201530612244898
CHKB,0.43112244897959184,0.09438775510204081,2.5510204081632653
CHL1,0.5739795918367347,0.02295918367346939,3.3341836734693877
CHM,0.20918367346938777,0.3469387755102041,2.0051020408163267
CHML,0.6556122448979592,0.017857142857142856,3.25765306122449
CHMP1A,0.5102040816326531,0.04846938775510204,2.9107142857142856
CHMP1B,0.5561224489795918,0.03316326530612245,3.2908163265306123
CHMP2A,0.6275510204081632,0.03571428571428571,3.252551020408163
CHMP2B,0.548469387755102,0.05357142857142857,3.392857142857143
CHMP4A,0.49744897959183676,0.03826530612244898,2.808673469387755
CHMP4B,0.7270408163265306,0.0,3.9056122448979593
CHMP4C,0.701530612244898,0.015306122448979591,4.002551020408164
CHMP5,0.4260204081632653,0.08163265306122448,2.7219387755102042
CHMP6,0.6862244897959183,0.012755102040816327,3.4668367346938775
CHMP7,0.23979591836734693,0.22959183673469388,2.211734693877551
CHN1,0.47959183673469385,0.03826530612244898,2.8035714285714284
CHN2,0.6479591836734694,0.015306122448979591,3.4642857142857144
CHP1,0.4642857142857143,0.06377551020408163,2.604591836734694
CHP2,0.5382653061224489,0.02806122448979592,3.0051020408163267
CHPF,0.35459183673469385,0.10459183673469388,2.433673469387755
CHPF2,0.5867346938775511,0.012755102040816327,3.1989795918367347
CHPT1,0.6045918367346939,0.025510204081632654,3.104591836734694
CHRAC1,0.7066326530612245,0.012755102040816327,3.8698979591836733
CHRD,0.6989795918367347,0.00510204081632653,3.7244897959183674
CHRDL1,0.2193877551020408,0.34183673469387754,2.0153061224489797
CHRDL2,0.5510204081632653,0.025510204081632654,3.010204081632653
CHRM1,0.5816326530612245,0.007653061224489796,3.0510204081632653
CHRM2,0.5918367346938775,0.012755102040816327,3.2168367346938775
CHRM3,0.6556122448979592,0.017857142857142856,3.2755102040816326
CHRM4,0.43112244897959184,0.07397959183673469,2.5943877551020407
CHRM5,0.47959183673469385,0.058673469387755105,2.6377551020408165
CHRNA1,0.47959183673469385,0.03826530612244898,2.8035714285714284
CHRNA2,0.25510204081632654,0.21173469387755103,2.2627551020408165
CHRNA3,0.5051020408163265,0.05102040816326531,2.686224489795918
CHRNA4,0.6964285714285714,0.015306122448979591,3.576530612244898
CHRNA5,0.5051020408163265,0.05102040816326531,2.686224489795918
CHRNA7,0.4719387755102041,0.06377551020408163,2.625
CHRNA9,0.4719387755102041,0.05357142857142857,2.732142857142857
CHRNB1,0.3673469387755102,0.12244897959183673,2.443877551020408
CHRNB2,0.6989795918367347,0.01020408163265306,3.691326530612245
CHRNB3,0.5178571428571429,0.07653061224489796,3.306122448979592
CHRNB4,0.5051020408163265,0.05102040816326531,2.686224489795918
CHRND,0.32653061224489793,0.11224489795918367,2.3698979591836733
CHST1,0.42857142857142855,0.07397959183673469,2.5841836734693877
CHST10,0.5688775510204082,0.030612244897959183,3.127551020408163
CHST11,0.6045918367346939,0.025510204081632654,3.0051020408163267
CHST12,0.6556122448979592,0.015306122448979591,3.5357142857142856
CHST13,0.6658163265306123,0.015306122448979591,3.502551020408163
CHST14,0.461734693877551,0.06377551020408163,2.6020408163265305
CHST15,0.4413265306122449,0.07653061224489796,2.63265306122449
CHST3,0.45663265306122447,0.05612244897959184,2.732142857142857
CHST4,0.5204081632653061,0.03571428571428571,3.048469387755102
CHST6,0.5127551020408163,0.03826530612244898,3.0051020408163267
CHST7,0.23214285714285715,0.34183673469387754,2.0510204081632653
CHST8,0.6326530612244898,0.017857142857142856,3.4668367346938775
CHSY1,0.5153061224489796,0.05102040816326531,2.75
CHSY3,0.42091836734693877,0.10459183673469388,2.5357142857142856
CHTF18,0.44387755102040816,0.06377551020408163,2.6377551020408165
CHTF8,0.5255102040816326,0.03826530612244898,3.045918367346939
CHTOP,0.7091836734693877,0.01020408163265306,3.795918367346939
CHUK,0.4260204081632653,0.08418367346938775,2.566326530612245
CIAO1,0.5790816326530612,0.025510204081632654,3.170918367346939
CIAPIN1,0.48214285714285715,0.04081632653061224,2.795918367346939
CIB1,0.5229591836734694,0.05102040816326531,2.7346938775510203
CIC,0.6403061224489796,0.015306122448979591,3.4005102040816326
CIDEA,0.5561224489795918,0.03571428571428571,3.270408163265306
CIDEB,0.5,0.03826530612244898,2.808673469387755
CIDEC,0.6122448979591837,0.02295918367346939,3.63265306122449
CIITA,0.5357142857142857,0.03826530612244898,3.0892857142857144
CILP,0.5051020408163265,0.04846938775510204,2.6785714285714284
CINP,0.49489795918367346,0.05102040816326531,2.7627551020408165
CIR1,0.4846938775510204,0.03826530612244898,2.813775510204082
CIRBP,0.5153061224489796,0.07142857142857142,2.747448979591837
CISD1,0.45663265306122447,0.05612244897959184,2.7142857142857144
CISD2,0.461734693877551,0.05612244897959184,2.6785714285714284
CISD3,0.6301020408163265,0.017857142857142856,3.3877551020408165
CIT,0.6224489795918368,0.02040816326530612,3.0535714285714284
CITED1,0.20918367346938777,0.34438775510204084,2.0255102040816326
CITED2,0.4489795918367347,0.06887755102040816,2.6760204081632653
CITED4,0.5994897959183674,0.017857142857142856,3.3392857142857144
CKAP2,0.44642857142857145,0.09183673469387756,2.788265306122449
CKAP2L,0.5357142857142857,0.03571428571428571,2.9770408163265305
CKAP4,0.6122448979591837,0.02295918367346939,3.017857142857143
CKAP5,0.4336734693877551,0.07142857142857142,2.6198979591836733
CKB,0.5025510204081632,0.04846938775510204,2.7729591836734695
CKLF,0.5229591836734694,0.03571428571428571,2.961734693877551
CKM,0.6454081632653061,0.015306122448979591,3.423469387755102
CKMT1A,0.46938775510204084,0.05612244897959184,2.6479591836734695
CKMT1B,0.46938775510204084,0.05612244897959184,2.6479591836734695
CKMT2,0.39285714285714285,0.10459183673469388,2.4872448979591835
CKS1B,0.6989795918367347,0.01020408163265306,3.681122448979592
CLASP1,0.5331632653061225,0.03826530612244898,2.9030612244897958
CLASP2,0.5586734693877551,0.030612244897959183,3.247448979591837
CLCA1,0.576530612244898,0.03571428571428571,2.9642857142857144
CLCA2,0.576530612244898,0.03571428571428571,2.9642857142857144
CLCA4,0.576530612244898,0.03571428571428571,2.9642857142857144
CLCF1,0.6122448979591837,0.012755102040816327,3.1785714285714284
CLCN6,0.5714285714285714,0.03826530612244898,2.9770408163265305
CLCN7,0.4387755102040816,0.0663265306122449,2.6301020408163267
CLDN1,0.7091836734693877,0.007653061224489796,3.7780612244897958
CLDN10,0.5714285714285714,0.025510204081632654,3.1683673469387754
CLDN11,0.6964285714285714,0.007653061224489796,3.767857142857143
CLDN14,0.5663265306122449,0.03316326530612245,3.2066326530612246
CLDN15,0.6045918367346939,0.007653061224489796,3.295918367346939
CLDN16,0.7091836734693877,0.007653061224489796,3.7780612244897958
CLDN17,0.5535714285714286,0.03571428571428571,3.11734693877551
CLDN18,0.6760204081632653,0.01020408163265306,3.556122448979592
CLDN19,0.5969387755102041,0.017857142857142856,3.2219387755102042
CLDN2,0.21428571428571427,0.34438775510204084,2.0229591836734695
CLDN22,0.40816326530612246,0.08163265306122448,2.5816326530612246
CLDN23,0.25255102040816324,0.22448979591836735,2.2448979591836733
CLDN3,0.6096938775510204,0.00510204081632653,3.2933673469387754
CLDN4,0.6096938775510204,0.00510204081632653,3.2933673469387754
CLDN5,0.5229591836734694,0.058673469387755105,2.979591836734694
CLDN6,0.42857142857142855,0.07397959183673469,2.6020408163265305
CLDN7,0.375,0.12244897959183673,2.4642857142857144
CLDN8,0.5535714285714286,0.03571428571428571,3.11734693877551
CLDN9,0.42857142857142855,0.07397959183673469,2.6020408163265305
CLEC10A,0.375,0.11989795918367346,2.4642857142857144
CLEC12A,0.6122448979591837,0.025510204081632654,3.2244897959183674
CLEC14A,0.4719387755102041,0.04336734693877551,2.74234693877551
CLEC1B,0.6122448979591837,0.025510204081632654,3.2244897959183674
CLEC2A,0.6122448979591837,0.025510204081632654,3.2244897959183674
CLEC2D,0.6096938775510204,0.025510204081632654,3.2142857142857144
CLEC3B,0.5102040816326531,0.03826530612244898,3.0051020408163267
CLEC4C,0.6173469387755102,0.017857142857142856,3.2729591836734695
CLEC4D,0.6173469387755102,0.017857142857142856,3.2448979591836733
CLEC4E,0.6173469387755102,0.017857142857142856,3.2346938775510203
CLEC4G,0.5561224489795918,0.058673469387755105,2.8494897959183674
CLEC4M,0.5561224489795918,0.058673469387755105,2.854591836734694
CLEC5A,0.5943877551020408,0.012755102040816327,3.211734693877551
CLEC6A,0.6173469387755102,0.017857142857142856,3.25
CLEC7A,0.6122448979591837,0.025510204081632654,3.2168367346938775
CLGN,0.45408163265306123,0.061224489795918366,2.681122448979592
CLIC1,0.6071428571428571,0.015306122448979591,3.13265306122449
CLIC2,0.27040816326530615,0.33163265306122447,2.127551020408163
CLIC3,0.4744897959183674,0.09948979591836735,2.7193877551020407
CLIC4,0.5739795918367347,0.03571428571428571,2.9770408163265305
CLIC5,0.5688775510204082,0.02295918367346939,3.061224489795918
CLIC6,0.576530612244898,0.03316326530612245,3.181122448979592
CLINT1,0.40816326530612246,0.09438775510204081,2.5127551020408165
CLIP1,0.6198979591836735,0.02295918367346939,3.0510204081632653
CLIP2,0.6096938775510204,0.00510204081632653,3.2729591836734695
CLIP3,0.6403061224489796,0.012755102040816327,3.5153061224489797
CLK1,0.4387755102040816,0.061224489795918366,2.63265306122449
CLK2,0.7040816326530612,0.012755102040816327,3.6530612244897958
CLK3,0.5051020408163265,0.04846938775510204,2.7066326530612246
CLK4,0.40816326530612246,0.09948979591836735,2.502551020408163
CLN3,0.576530612244898,0.02295918367346939,3.0994897959183674
CLN5,0.5382653061224489,0.03316326530612245,3.127551020408163
CLN6,0.5076530612244898,0.04081632653061224,2.7219387755102042
CLN8,0.2780612244897959,0.22959183673469388,2.2806122448979593
CLNS1A,0.5459183673469388,0.02806122448979592,3.104591836734694
CLOCK,0.5357142857142857,0.025510204081632654,2.961734693877551
CLP1,0.5714285714285714,0.015306122448979591,3.104591836734694
CLPP,0.5408163265306123,0.058673469387755105,2.806122448979592
CLPS,0.576530612244898,0.015306122448979591,3.0331632653061225
CLPX,0.5051020408163265,0.04846938775510204,2.6785714285714284
CLRN1,0.6887755102040817,0.00510204081632653,3.6581632653061225
CLSPN,0.5739795918367347,0.030612244897959183,2.9489795918367347
CLSTN1,0.5739795918367347,0.03826530612244898,2.9770408163265305
CLTA,0.4362244897959184,0.08418367346938775,2.788265306122449
CLTB,0.40561224489795916,0.09438775510204081,2.5153061224489797
CLTCL1,0.5127551020408163,0.058673469387755105,2.9056122448979593
CLU,0.25510204081632654,0.21173469387755103,2.2627551020408165
CLUAP1,0.42346938775510207,0.07908163265306123,2.5841836734693877
CLVS1,0.6785714285714286,0.012755102040816327,3.7270408163265305
CLVS2,0.4362244897959184,0.07908163265306123,2.5994897959183674
CMA1,0.5025510204081632,0.04081632653061224,2.806122448979592
CMAS,0.6020408163265306,0.02040816326530612,3.2346938775510203
CMC2,0.5076530612244898,0.04591836734693878,2.9566326530612246
CMC4,0.23979591836734693,0.33418367346938777,2.0918367346938775
CMIP,0.5102040816326531,0.04591836734693878,2.923469387755102
CMKLR1,0.6147959183673469,0.02040816326530612,3.0408163265306123
CMPK1,0.5994897959183674,0.02040816326530612,3.0739795918367347
CMTM2,0.5229591836734694,0.03571428571428571,2.961734693877551
CMTM3,0.5229591836734694,0.03571428571428571,2.961734693877551
CMTM4,0.5229591836734694,0.03571428571428571,2.961734693877551
CMTM5,0.5102040816326531,0.03826530612244898,2.8877551020408165
CMTM6,0.5663265306122449,0.030612244897959183,3.2729591836734695
CMTM7,0.5663265306122449,0.030612244897959183,3.2806122448979593
CMTM8,0.5663265306122449,0.030612244897959183,3.288265306122449
CMTR1,0.5714285714285714,0.017857142857142856,3.045918367346939
CMYA5,0.3852040816326531,0.10714285714285714,2.4719387755102042
CNBP,0.6632653061224489,0.012755102040816327,3.482142857142857
CNDP1,0.41581632653061223,0.10459183673469388,2.556122448979592
CNDP2,0.41836734693877553,0.10204081632653061,2.561224489795918
CNEP1R1,0.5076530612244898,0.03826530612244898,2.86734693877551
CNGA1,0.5153061224489796,0.04591836734693878,2.8341836734693877
CNGB1,0.4846938775510204,0.04081632653061224,2.7933673469387754
CNGB3,0.7066326530612245,0.015306122448979591,3.954081632653061
CNIH1,0.47959183673469385,0.04336734693877551,2.760204081632653
CNIH2,0.5918367346938775,0.012755102040816327,3.086734693877551
CNIH3,0.6581632653061225,0.02040816326530612,3.2244897959183674
CNKSR1,0.5586734693877551,0.03826530612244898,2.9030612244897958
CNKSR2,0.2193877551020408,0.33163265306122447,2.0739795918367347
CNN1,0.5612244897959183,0.05102040816326531,2.8979591836734695
CNN2,0.5153061224489796,0.07142857142857142,2.767857142857143
CNNM1,0.4260204081632653,0.08418367346938775,2.568877551020408
CNNM3,0.5816326530612245,0.025510204081632654,3.193877551020408
CNNM4,0.5816326530612245,0.025510204081632654,3.193877551020408
CNOT1,0.49489795918367346,0.04081632653061224,2.8214285714285716
CNOT10,0.5637755102040817,0.030612244897959183,3.2653061224489797
CNOT11,0.5688775510204082,0.02806122448979592,3.1096938775510203
CNOT2,0.6147959183673469,0.02295918367346939,3.6377551020408165
CNOT3,0.6505102040816326,0.025510204081632654,3.3801020408163267
CNOT4,0.5918367346938775,0.015306122448979591,3.2193877551020407
CNOT6,0.41581632653061223,0.09183673469387756,2.5255102040816326
CNOT6L,0.4872448979591837,0.03826530612244898,2.8239795918367347
CNOT7,0.24744897959183673,0.2193877551020408,2.24234693877551
CNOT8,0.41836734693877553,0.08673469387755102,2.5408163265306123
CNOT9,0.35459183673469385,0.09948979591836735,2.436224489795918
CNPY3,0.5663265306122449,0.015306122448979591,3.142857142857143
CNR1,0.42346938775510207,0.07653061224489796,2.561224489795918
CNR2,0.5663265306122449,0.03826530612244898,2.933673469387755
CNTF,0.576530612244898,0.015306122448979591,3.0892857142857144
CNTFR,0.4260204081632653,0.08418367346938775,2.732142857142857
CNTLN,0.39285714285714285,0.1326530612244898,2.6683673469387754
CNTN1,0.5969387755102041,0.02040816326530612,3.058673469387755
CNTN2,0.6428571428571429,0.02295918367346939,3.1479591836734695
CNTN3,0.4923469387755102,0.06887755102040816,2.9770408163265305
CNTN4,0.5841836734693877,0.02040816326530612,3.385204081632653
CNTN5,0.5025510204081632,0.04846938775510204,3.0357142857142856
CNTNAP1,0.625,0.015306122448979591,3.2142857142857144
CNTNAP2,0.5969387755102041,0.01020408163265306,3.2219387755102042
CNTRL,0.45663265306122447,0.10204081632653061,2.645408163265306
COA5,0.576530612244898,0.02806122448979592,3.2142857142857144
COA6,0.6632653061224489,0.025510204081632654,3.2729591836734695
COG1,0.6913265306122449,0.01020408163265306,3.502551020408163
COG2,0.6607142857142857,0.02040816326530612,3.2448979591836733
COG3,0.42857142857142855,0.09948979591836735,2.681122448979592
COG4,0.5280612244897959,0.03571428571428571,3.048469387755102
COG5,0.5969387755102041,0.007653061224489796,3.25765306122449
COG6,0.4642857142857143,0.07653061224489796,2.813775510204082
COG7,0.5408163265306123,0.030612244897959183,2.99234693877551
COG8,0.5255102040816326,0.03826530612244898,3.061224489795918
COIL,0.6505102040816326,0.017857142857142856,3.5153061224489797
COL10A1,0.4107142857142857,0.09438775510204081,2.517857142857143
COL11A1,0.576530612244898,0.03571428571428571,2.923469387755102
COL12A1,0.45663265306122447,0.07397959183673469,2.622448979591837
COL13A1,0.45408163265306123,0.05357142857142857,2.7091836734693877
COL14A1,0.7193877551020408,0.01020408163265306,4.10969387755102
COL16A1,0.5714285714285714,0.03571428571428571,2.9030612244897958
COL18A1,0.5663265306122449,0.03316326530612245,3.1581632653061225
COL1A1,0.6377551020408163,0.012755102040816327,3.3494897959183674
COL1A2,0.6071428571428571,0.00510204081632653,3.2806122448979593
COL20A1,0.6964285714285714,0.015306122448979591,3.576530612244898
COL23A1,0.4107142857142857,0.10204081632653061,2.5051020408163267
COL25A1,0.45918367346938777,0.0663265306122449,2.683673469387755
COL26A1,0.6045918367346939,0.00510204081632653,3.298469387755102
COL2A1,0.5969387755102041,0.02806122448979592,3.068877551020408
COL3A1,0.4719387755102041,0.04081632653061224,2.788265306122449
COL4A1,0.5816326530612245,0.015306122448979591,3.295918367346939
COL4A2,0.5841836734693877,0.015306122448979591,3.2831632653061225
COL4A3,0.3392857142857143,0.1096938775510204,2.4030612244897958
COL4A4,0.3392857142857143,0.1096938775510204,2.4030612244897958
COL4A5,0.2193877551020408,0.3469387755102041,2.0127551020408165
COL4A6,0.21428571428571427,0.3469387755102041,2.00765306122449
COL5A1,0.4770408163265306,0.09438775510204081,2.6964285714285716
COL5A2,0.4744897959183674,0.03826530612244898,2.816326530612245
COL5A3,0.5714285714285714,0.05357142857142857,2.9081632653061225
COL6A1,0.5663265306122449,0.03316326530612245,3.1760204081632653
COL6A2,0.5663265306122449,0.03316326530612245,3.1760204081632653
COL6A3,0.3494897959183674,0.11224489795918367,2.4107142857142856
COL7A1,0.48214285714285715,0.061224489795918366,2.895408163265306
COL8A1,0.6505102040816326,0.015306122448979591,3.4744897959183674
COL8A2,0.5739795918367347,0.030612244897959183,2.9489795918367347
COL9A1,0.461734693877551,0.06887755102040816,2.670918367346939
COL9A2,0.6071428571428571,0.017857142857142856,3.395408163265306
COLEC10,0.7193877551020408,0.01020408163265306,4.066326530612245
COLEC11,0.6275510204081632,0.02040816326530612,3.3341836734693877
COLEC12,0.576530612244898,0.02806122448979592,3.4030612244897958
COLGALT1,0.5586734693877551,0.04336734693877551,2.8596938775510203
COLGALT2,0.673469387755102,0.02040816326530612,3.4464285714285716
COLQ,0.5994897959183674,0.02040816326530612,3.479591836734694
COMMD1,0.6454081632653061,0.017857142857142856,3.4489795918367347
COMMD4,0.5076530612244898,0.04846938775510204,2.704081632653061
COMMD5,0.6964285714285714,0.01020408163265306,3.857142857142857
COMMD6,0.5331632653061225,0.03571428571428571,3.127551020408163
COMP,0.5637755102040817,0.04846938775510204,2.875
COMT,0.5280612244897959,0.058673469387755105,3.0051020408163267
COPA,0.7066326530612245,0.012755102040816327,4.247448979591836
COPB1,0.3494897959183674,0.09183673469387756,2.4668367346938775
COPB2,0.6760204081632653,0.01020408163265306,3.558673469387755
COPE,0.5586734693877551,0.04846938775510204,2.8698979591836733
COPG1,0.6632653061224489,0.012755102040816327,3.482142857142857
COPG2,0.5892857142857143,0.012755102040816327,3.2219387755102042
COPRS,0.6326530612244898,0.012755102040816327,3.5255102040816326
COPS2,0.4923469387755102,0.058673469387755105,2.681122448979592
COPS3,0.34438775510204084,0.12755102040816327,2.4107142857142856
COPS4,0.461734693877551,0.05102040816326531,2.7193877551020407
COPS5,0.7117346938775511,0.00510204081632653,3.836734693877551
COPS6,0.6071428571428571,0.007653061224489796,3.318877551020408
COPS7A,0.6275510204081632,0.017857142857142856,3.2729591836734695
COPS7B,0.33163265306122447,0.10714285714285714,2.385204081632653
COPS8,0.3469387755102041,0.11224489795918367,2.4056122448979593
COPZ1,0.6096938775510204,0.02295918367346939,3.061224489795918
COPZ2,0.6352040816326531,0.015306122448979591,3.3010204081632653
COQ2,0.461734693877551,0.05102040816326531,2.7168367346938775
COQ3,0.42091836734693877,0.09183673469387756,2.5357142857142856
COQ4,0.46683673469387754,0.09693877551020408,2.6683673469387754
COQ5,0.6173469387755102,0.02040816326530612,3.0433673469387754
COQ6,0.49744897959183676,0.04336734693877551,2.7627551020408165
COQ7,0.5382653061224489,0.030612244897959183,2.9183673469387754
COQ8B,0.6377551020408163,0.02040816326530612,3.50765306122449
COQ9,0.48214285714285715,0.04081632653061224,2.795918367346939
CORIN,0.5127551020408163,0.04591836734693878,2.826530612244898
CORO1A,0.5816326530612245,0.02040816326530612,3.066326530612245
CORO1B,0.6122448979591837,0.012755102040816327,3.1785714285714284
CORO1C,0.6173469387755102,0.02040816326530612,3.0331632653061225
CORT,0.5663265306122449,0.04081632653061224,2.9642857142857144
COX10,0.34183673469387754,0.12755102040816327,2.4081632653061225
COX11,0.6479591836734694,0.015306122448979591,3.423469387755102
COX14,0.5994897959183674,0.025510204081632654,3.0
COX15,0.42857142857142855,0.08418367346938775,2.5739795918367347
COX16,0.4846938775510204,0.04846938775510204,2.752551020408163
COX17,0.6658163265306123,0.012755102040816327,3.510204081632653
COX18,0.5153061224489796,0.03571428571428571,3.0280612244897958
COX19,0.6556122448979592,0.017857142857142856,3.5280612244897958
COX20,0.6658163265306123,0.015306122448979591,3.2551020408163267
COX4I1,0.5051020408163265,0.04336734693877551,2.9056122448979593
COX4I2,0.7295918367346939,0.0,4.130102040816326
COX5A,0.5076530612244898,0.04846938775510204,2.711734693877551
COX5B,0.5790816326530612,0.02806122448979592,3.201530612244898
COX6A1,0.6198979591836735,0.02040816326530612,3.048469387755102
COX6A2,0.5739795918367347,0.025510204081632654,3.0051020408163267
COX6B2,0.6556122448979592,0.025510204081632654,3.4260204081632653
COX6C,0.7219387755102041,0.01020408163265306,4.783163265306122
COX7A2,0.45408163265306123,0.07397959183673469,2.625
COX7A2L,0.625,0.017857142857142856,3.2653061224489797
COX7C,0.3903061224489796,0.10459183673469388,2.4872448979591835
COX8A,0.5714285714285714,0.01020408163265306,3.0229591836734695
CP,0.6836734693877551,0.007653061224489796,3.642857142857143
CPA1,0.5892857142857143,0.012755102040816327,3.2219387755102042
CPA2,0.5892857142857143,0.012755102040816327,3.204081632653061
CPB2,0.42346938775510207,0.10459183673469388,2.6581632653061225
CPD,0.6352040816326531,0.015306122448979591,3.4464285714285716
CPE,0.4362244897959184,0.07908163265306123,2.61734693877551
CPEB1,0.5102040816326531,0.04846938775510204,2.7270408163265305
CPLX1,0.4897959183673469,0.05357142857142857,2.8010204081632653
CPLX2,0.40561224489795916,0.09693877551020408,2.5153061224489797
CPLX3,0.5051020408163265,0.04846938775510204,2.704081632653061
CPLX4,0.41836734693877553,0.1096938775510204,2.558673469387755
CPM,0.6326530612244898,0.02040816326530612,4.594387755102041
CPN1,0.4260204081632653,0.08418367346938775,2.566326530612245
CPN2,0.6938775510204082,0.012755102040816327,3.6581632653061225
CPNE3,0.7066326530612245,0.015306122448979591,3.943877551020408
CPS1,0.3826530612244898,0.08928571428571429,2.5306122448979593
CPSF1,0.6989795918367347,0.01020408163265306,3.854591836734694
CPSF2,0.5051020408163265,0.05357142857142857,2.7729591836734695
CPSF3,0.6352040816326531,0.017857142857142856,3.372448979591837
CPSF4,0.6071428571428571,0.00510204081632653,3.3341836734693877
CPSF6,0.6326530612244898,0.02040816326530612,4.5561224489795915
CPSF7,0.5816326530612245,0.01020408163265306,3.0408163265306123
CPT1A,0.6071428571428571,0.02040816326530612,3.3596938775510203
CPT2,0.5918367346938775,0.02295918367346939,3.0433673469387754
CR1,0.6301020408163265,0.025510204081632654,3.1122448979591835
CR2,0.6301020408163265,0.025510204081632654,3.11734693877551
CRABP1,0.5051020408163265,0.05102040816326531,2.686224489795918
CRABP2,0.6989795918367347,0.012755102040816327,3.576530612244898
CRACR2A,0.6224489795918368,0.02295918367346939,3.298469387755102
CRADD,0.6020408163265306,0.025510204081632654,3.0357142857142856
CRAMP1,0.4387755102040816,0.0663265306122449,2.6301020408163267
CRAT,0.46938775510204084,0.09438775510204081,2.6785714285714284
CRB1,0.6326530612244898,0.017857142857142856,3.2372448979591835
CRB3,0.5459183673469388,0.058673469387755105,2.808673469387755
CRBN,0.576530612244898,0.02295918367346939,3.375
CRCP,0.6301020408163265,0.00510204081632653,3.3418367346938775
CREB1,0.41581632653061223,0.07653061224489796,2.5739795918367347
CREB3,0.4387755102040816,0.08418367346938775,2.7908163265306123
CREB3L1,0.4336734693877551,0.07397959183673469,2.5994897959183674
CREB3L2,0.5918367346938775,0.012755102040816327,3.2091836734693877
CREB3L3,0.5153061224489796,0.07142857142857142,2.75765306122449
CREB3L4,0.7066326530612245,0.01020408163265306,3.760204081632653
CREB5,0.6479591836734694,0.015306122448979591,3.4566326530612246
CREBBP,0.42346938775510207,0.08163265306122448,2.579081632653061
CREBZF,0.5102040816326531,0.04081632653061224,2.9285714285714284
CREG1,0.7040816326530612,0.012755102040816327,3.8494897959183674
CRELD2,0.4336734693877551,0.09438775510204081,2.5510204081632653
CREM,0.576530612244898,0.04336734693877551,3.191326530612245
CRH,0.7117346938775511,0.00510204081632653,3.8214285714285716
CRHBP,0.37244897959183676,0.125,2.443877551020408
CRHR1,0.6173469387755102,0.017857142857142856,3.2142857142857144
CRHR2,0.6530612244897959,0.015306122448979591,3.5
CRIP1,0.5025510204081632,0.04591836734693878,2.795918367346939
CRISP2,0.5561224489795918,0.025510204081632654,3.066326530612245
CRISP3,0.5561224489795918,0.025510204081632654,3.066326530612245
CRK,0.37244897959183676,0.12244897959183673,2.50765306122449
CRKL,0.5382653061224489,0.05612244897959184,3.2270408163265305
CRLF1,0.5663265306122449,0.04591836734693878,2.872448979591837
CRLF2,0.5280612244897959,0.11479591836734694,3.135549872122762
CRLS1,0.6505102040816326,0.012755102040816327,3.4566326530612246
CRMP1,0.4872448979591837,0.05612244897959184,2.7908163265306123
CRNKL1,0.673469387755102,0.01020408163265306,3.5535714285714284
CRNN,0.7091836734693877,0.01020408163265306,3.806122448979592
CROT,0.5994897959183674,0.00510204081632653,3.316326530612245
CRP,0.7091836734693877,0.012755102040816327,4.091836734693878
CRTAM,0.4642857142857143,0.07908163265306123,2.711734693877551
CRTAP,0.5637755102040817,0.030612244897959183,3.2627551020408165
CRTC1,0.5637755102040817,0.04591836734693878,2.877551020408163
CRTC2,0.7066326530612245,0.01020408163265306,3.760204081632653
CRTC3,0.5229591836734694,0.05102040816326531,2.7372448979591835
CRX,0.6326530612244898,0.02806122448979592,3.252551020408163
CRY1,0.6096938775510204,0.025510204081632654,3.0153061224489797
CRY2,0.43112244897959184,0.07653061224489796,2.586734693877551
CRYAA,0.5637755102040817,0.04081632653061224,3.142857142857143
CRYAB,0.4387755102040816,0.07142857142857142,2.6785714285714284
CRYBA1,0.6479591836734694,0.012755102040816327,3.538265306122449
CRYGC,0.40561224489795916,0.07908163265306123,2.561224489795918
CRYL1,0.5408163265306123,0.030612244897959183,3.056122448979592
CRYM,0.5459183673469388,0.03316326530612245,2.9285714285714284
CRYZ,0.5841836734693877,0.025510204081632654,3.038265306122449
CS,0.6020408163265306,0.025510204081632654,3.0255102040816326
CSAD,0.6045918367346939,0.02806122448979592,3.002551020408163
CSDE1,0.5892857142857143,0.02806122448979592,3.0255102040816326
CSE1L,0.7193877551020408,0.00510204081632653,3.7066326530612246
CSF1,0.5739795918367347,0.03571428571428571,2.9770408163265305
CSF1R,0.42091836734693877,0.08673469387755102,2.5433673469387754
CSF2,0.41836734693877553,0.10204081632653061,2.5306122448979593
CSF2RB,0.4642857142857143,0.07397959183673469,2.74234693877551
CSF3,0.6275510204081632,0.012755102040816327,3.4081632653061225
CSF3R,0.5714285714285714,0.02806122448979592,2.9668367346938775
CSGALNACT1,0.24744897959183673,0.2193877551020408,2.232142857142857
CSGALNACT2,0.5255102040816326,0.05102040816326531,2.938775510204082
CSH1,0.6938775510204082,0.01020408163265306,3.5739795918367347
CSK,0.5051020408163265,0.04846938775510204,2.704081632653061
CSN1S1,0.5076530612244898,0.03826530612244898,2.872448979591837
CSN2,0.5051020408163265,0.03826530612244898,2.864795918367347
CSN3,0.5025510204081632,0.03571428571428571,2.86734693877551
CSNK1A1,0.42091836734693877,0.08673469387755102,2.5433673469387754
CSNK1A1L,0.4872448979591837,0.061224489795918366,2.864795918367347
CSNK1D,0.6811224489795918,0.012755102040816327,3.4464285714285716
CSNK1E,0.45408163265306123,0.07397959183673469,2.704081632653061
CSNK1G1,0.5076530612244898,0.04846938775510204,2.686224489795918
CSNK1G2,0.5229591836734694,0.0663265306122449,2.7755102040816326
CSNK1G3,0.40561224489795916,0.10459183673469388,2.5153061224489797
CSNK2A1,0.6556122448979592,0.01020408163265306,3.4591836734693877
CSNK2A2,0.4897959183673469,0.04081632653061224,2.8010204081632653
CSNK2B,0.6071428571428571,0.015306122448979591,3.114795918367347
CSPG4,0.5076530612244898,0.04846938775510204,2.6989795918367347
CSPG5,0.4923469387755102,0.05612244897959184,2.9107142857142856
CSPP1,0.7117346938775511,0.00510204081632653,3.836734693877551
CSRP1,0.6147959183673469,0.03316326530612245,3.056122448979592
CSRP3,0.3596938775510204,0.08673469387755102,2.4693877551020407
CST1,0.6785714285714286,0.007653061224489796,3.5510204081632653
CST3,0.6811224489795918,0.007653061224489796,3.561224489795918
CST4,0.6811224489795918,0.007653061224489796,3.561224489795918
CST6,0.5892857142857143,0.012755102040816327,3.0739795918367347
CSTA,0.6658163265306123,0.015306122448979591,3.49234693877551
CSTB,0.5612244897959183,0.04081632653061224,3.142857142857143
CSTF1,0.6989795918367347,0.012755102040816327,3.614795918367347
CSTF2,0.22193877551020408,0.3392857142857143,2.0306122448979593
CSTF2T,0.46938775510204084,0.05357142857142857,2.806122448979592
CSTF3,0.4005102040816326,0.08163265306122448,2.683673469387755
CTAG1A,0.23979591836734693,0.33418367346938777,2.0841836734693877
CTAG1B,0.23979591836734693,0.33418367346938777,2.0841836734693877
CTBP1,0.49489795918367346,0.05357142857142857,2.8392857142857144
CTBP2,0.44387755102040816,0.07397959183673469,2.635204081632653
CTBS,0.5790816326530612,0.03826530612244898,2.9566326530612246
CTCF,0.5255102040816326,0.03571428571428571,3.010204081632653
CTDNEP1,0.37244897959183676,0.12244897959183673,2.4603580562659846
CTDP1,0.40816326530612246,0.11734693877551021,2.545918367346939
CTDSP1,0.35459183673469385,0.09948979591836735,2.436224489795918
CTDSP2,0.5994897959183674,0.030612244897959183,3.1505102040816326
CTF1,0.576530612244898,0.025510204081632654,3.0051020408163267
CTH,0.5790816326530612,0.02806122448979592,2.9770408163265305
CTIF,0.42346938775510207,0.09948979591836735,2.61734693877551
CTNNA1,0.41581632653061223,0.08673469387755102,2.5433673469387754
CTNNA2,0.6403061224489796,0.02040816326530612,3.3316326530612246
CTNNA3,0.44642857142857145,0.05102040816326531,2.693877551020408
CTNNB1,0.5280612244897959,0.03571428571428571,3.0714285714285716
CTNNBIP1,0.5739795918367347,0.03826530612244898,2.9770408163265305
CTNNBL1,0.7142857142857143,0.007653061224489796,3.6989795918367347
CTNND1,0.5714285714285714,0.015306122448979591,3.1020408163265305
CTNND2,0.7142857142857143,0.015306122448979591,4.125
CTPS2,0.22193877551020408,0.3392857142857143,2.056122448979592
CTR9,0.34438775510204084,0.08928571428571429,2.443877551020408
CTRB1,0.5153061224489796,0.03826530612244898,3.010204081632653
CTRB2,0.5127551020408163,0.03826530612244898,3.00765306122449
CTRL,0.5255102040816326,0.03571428571428571,3.0408163265306123
CTSA,0.7168367346938775,0.007653061224489796,3.711734693877551
CTSB,0.25510204081632654,0.2193877551020408,2.260204081632653
CTSC,0.5178571428571429,0.04336734693877551,2.931122448979592
CTSD,0.3392857142857143,0.09693877551020408,2.4005102040816326
CTSE,0.6377551020408163,0.025510204081632654,3.1377551020408165
CTSF,0.5969387755102041,0.012755102040816327,3.122448979591837
CTSG,0.5025510204081632,0.04081632653061224,2.808673469387755
CTSH,0.5051020408163265,0.05102040816326531,2.683673469387755
CTSK,0.7168367346938775,0.01020408163265306,4.030612244897959
CTSL,0.461734693877551,0.11224489795918367,2.681122448979592
CTSO,0.42091836734693877,0.07142857142857142,2.63265306122449
CTSS,0.7168367346938775,0.01020408163265306,4.030612244897959
CTSV,0.4387755102040816,0.11479591836734694,2.6122448979591835
CTSZ,0.6989795918367347,0.01020408163265306,3.61734693877551
CTTN,0.6326530612244898,0.012755102040816327,3.86734693877551
CTTNBP2,0.5918367346938775,0.01020408163265306,3.239795918367347
CTTNBP2NL,0.576530612244898,0.03316326530612245,2.9719387755102042
CTU1,0.6403061224489796,0.025510204081632654,3.3214285714285716
CTU2,0.5127551020408163,0.04336734693877551,2.933673469387755
CUBN,0.6147959183673469,0.03316326530612245,3.375
CUEDC2,0.413265306122449,0.08163265306122448,2.548469387755102
CUL1,0.5790816326530612,0.012755102040816327,3.1658163265306123
CUL2,0.576530612244898,0.04336734693877551,3.183673469387755
CUL3,0.336734693877551,0.11734693877551021,2.4056122448979593
CUL4A,0.5892857142857143,0.017857142857142856,3.2729591836734695
CUL4B,0.2193877551020408,0.34183673469387754,2.0255102040816326
CUL5,0.4413265306122449,0.07142857142857142,2.7908163265306123
CUL9,0.5663265306122449,0.017857142857142856,3.163265306122449
CUX1,0.6045918367346939,0.007653061224489796,3.295918367346939
CWC15,0.49744897959183676,0.04081632653061224,2.854591836734694
CWC22,0.4770408163265306,0.04081632653061224,2.829081632653061
CWC27,0.35459183673469385,0.125,2.413265306122449
CX3CL1,0.48214285714285715,0.04081632653061224,2.795918367346939
CX3CR1,0.5357142857142857,0.030612244897959183,3.1683673469387754
CXADR,0.5586734693877551,0.04081632653061224,3.2193877551020407
CXCL1,0.5102040816326531,0.03571428571428571,2.9948979591836733
CXCL10,0.5,0.03826530612244898,2.892857142857143
CXCL11,0.49744897959183676,0.03826530612244898,2.885204081632653
CXCL12,0.5153061224489796,0.05102040816326531,2.9081632653061225
CXCL13,0.4872448979591837,0.03826530612244898,2.8698979591836733
CXCL14,0.413265306122449,0.09438775510204081,2.5433673469387754
CXCL16,0.38010204081632654,0.11989795918367346,2.5051020408163267
CXCL2,0.5025510204081632,0.03571428571428571,2.9285714285714284
CXCL3,0.5025510204081632,0.03571428571428571,2.936224489795918
CXCL5,0.5051020408163265,0.03571428571428571,2.954081632653061
CXCL6,0.5102040816326531,0.03571428571428571,3.00765306122449
CXCL8,0.5102040816326531,0.03571428571428571,3.010204081632653
CXCL9,0.5,0.03826530612244898,2.892857142857143
CXCR1,0.35459183673469385,0.09948979591836735,2.436224489795918
CXCR2,0.35459183673469385,0.09948979591836735,2.436224489795918
CXCR3,0.2066326530612245,0.3469387755102041,2.0229591836734695
CXCR4,0.5,0.04591836734693878,2.8239795918367347
CXCR5,0.45408163265306123,0.07397959183673469,2.7142857142857144
CXCR6,0.5051020408163265,0.03826530612244898,3.0153061224489797
CXXC1,0.413265306122449,0.10714285714285714,2.556122448979592
CXXC5,0.413265306122449,0.08673469387755102,2.538265306122449
CYB5A,0.4260204081632653,0.10459183673469388,2.5714285714285716
CYB5B,0.5255102040816326,0.03571428571428571,3.066326530612245
CYB5R1,0.6275510204081632,0.02040816326530612,3.0841836734693877
CYB5R2,0.336734693877551,0.09693877551020408,2.395408163265306
CYB5R3,0.44642857142857145,0.07908163265306123,2.5994897959183674
CYBA,0.5127551020408163,0.04336734693877551,2.933673469387755
CYBB,0.2372448979591837,0.336734693877551,2.068877551020408
CYBRD1,0.4846938775510204,0.03826530612244898,2.806122448979592
CYC1,0.6989795918367347,0.01020408163265306,3.857142857142857
CYCS,0.6505102040816326,0.015306122448979591,3.4770408163265305
CYFIP1,0.5306122448979592,0.05357142857142857,2.826530612244898
CYGB,0.6887755102040817,0.012755102040816327,3.482142857142857
CYLC1,0.20408163265306123,0.3469387755102041,2.00765306122449
CYLC2,0.45153061224489793,0.11224489795918367,2.6505102040816326
CYLD,0.5,0.04081632653061224,2.8392857142857144
CYP11A1,0.5076530612244898,0.04846938775510204,2.711734693877551
CYP11B1,0.7040816326530612,0.01020408163265306,3.8877551020408165
CYP11B2,0.7040816326530612,0.01020408163265306,3.8877551020408165
CYP17A1,0.42091836734693877,0.08673469387755102,2.5510204081632653
CYP19A1,0.5051020408163265,0.05612244897959184,2.711734693877551
CYP1A1,0.5051020408163265,0.04846938775510204,2.704081632653061
CYP1A2,0.5051020408163265,0.04846938775510204,2.704081632653061
CYP1B1,0.625,0.017857142857142856,3.288265306122449
CYP24A1,0.7066326530612245,0.012755102040816327,3.686224489795918
CYP26A1,0.4260204081632653,0.07397959183673469,2.5739795918367347
CYP27A1,0.35459183673469385,0.10204081632653061,2.433673469387755
CYP2A13,0.6377551020408163,0.02040816326530612,3.4260204081632653
CYP2A6,0.6428571428571429,0.02040816326530612,3.5127551020408165
CYP2A7,0.6428571428571429,0.02040816326530612,3.5127551020408165
CYP2B6,0.6403061224489796,0.02040816326530612,3.4642857142857144
CYP2C18,0.42346938775510207,0.07908163265306123,2.568877551020408
CYP2C19,0.42346938775510207,0.07908163265306123,2.568877551020408
CYP2C8,0.42346938775510207,0.07908163265306123,2.568877551020408
CYP2C9,0.42346938775510207,0.07908163265306123,2.568877551020408
CYP2E1,0.45408163265306123,0.0663265306122449,2.6607142857142856
CYP2J2,0.5994897959183674,0.02295918367346939,3.0892857142857144
CYP2S1,0.6377551020408163,0.015306122448979591,3.392857142857143
CYP3A4,0.6071428571428571,0.00510204081632653,3.3214285714285716
CYP3A5,0.6071428571428571,0.00510204081632653,3.3239795918367347
CYP4A11,0.5943877551020408,0.02040816326530612,3.0510204081632653
CYP4A22,0.5969387755102041,0.02040816326530612,3.0714285714285716
CYP4F2,0.5510204081632653,0.04846938775510204,2.836734693877551
CYP4F22,0.5586734693877551,0.04846938775510204,2.872448979591837
CYP4F8,0.5561224489795918,0.04846938775510204,2.872448979591837
CYP51A1,0.6045918367346939,0.00510204081632653,3.295918367346939
CYP7B1,0.7040816326530612,0.00510204081632653,3.798469387755102
CYP8B1,0.5153061224489796,0.03826530612244898,3.0306122448979593
CYREN,0.5918367346938775,0.015306122448979591,3.239795918367347
CYTH2,0.6326530612244898,0.025510204081632654,3.2551020408163267
CYTH3,0.6556122448979592,0.007653061224489796,3.5918367346938775
CYTH4,0.45918367346938777,0.07397959183673469,2.739795918367347
D2HGDH,0.35459183673469385,0.13010204081632654,2.392857142857143
DAAM1,0.4719387755102041,0.04591836734693878,2.729591836734694
DAB2,0.6989795918367347,0.01020408163265306,3.9872448979591835
DAB2IP,0.45408163265306123,0.09948979591836735,2.645408163265306
DACH1,0.5153061224489796,0.03826530612244898,3.076530612244898
DACT1,0.4719387755102041,0.04591836734693878,2.7270408163265305
DAD1,0.5102040816326531,0.04336734693877551,2.8698979591836733
DAO,0.6198979591836735,0.02040816326530612,3.0714285714285716
DAOA,0.5714285714285714,0.017857142857142856,3.25
DAP3,0.701530612244898,0.012755102040816327,3.6683673469387754
DAPK1,0.45918367346938777,0.11224489795918367,2.6785714285714284
DAPK2,0.5127551020408163,0.04846938775510204,2.693877551020408
DAPK3,0.5153061224489796,0.07142857142857142,2.760204081632653
DAPP1,0.45408163265306123,0.058673469387755105,2.663265306122449
DAXX,0.5790816326530612,0.017857142857142856,3.00765306122449
DAZAP1,0.5153061224489796,0.07142857142857142,2.752551020408163
DAZL,0.5943877551020408,0.02040816326530612,3.423469387755102
DBF4,0.6020408163265306,0.00510204081632653,3.318877551020408
DBF4B,0.6147959183673469,0.017857142857142856,3.204081632653061
DBH,0.4770408163265306,0.09438775510204081,2.704081632653061
DBN1,0.40816326530612246,0.09948979591836735,2.50765306122449
DBNL,0.6530612244897959,0.012755102040816327,3.4872448979591835
DBP,0.6352040816326531,0.025510204081632654,3.2448979591836733
DBR1,0.6760204081632653,0.01020408163265306,3.556122448979592
DBT,0.5790816326530612,0.03571428571428571,2.933673469387755
DCAF1,0.4719387755102041,0.0663265306122449,2.875
DCAF10,0.42346938775510207,0.08928571428571429,2.7168367346938775
DCAF11,0.5,0.03826530612244898,2.811224489795918
DCAF12,0.4260204081632653,0.08673469387755102,2.7270408163265305
DCAF13,0.7193877551020408,0.01020408163265306,4.441326530612245
DCAF16,0.47959183673469385,0.058673469387755105,2.7831632653061225
DCAF17,0.4846938775510204,0.03826530612244898,2.806122448979592
DCAF4,0.4923469387755102,0.04591836734693878,2.7780612244897958
DCAF5,0.47959183673469385,0.04846938775510204,2.7219387755102042
DCAF6,0.6989795918367347,0.012755102040816327,3.8596938775510203
DCAF7,0.6938775510204082,0.01020408163265306,3.576530612244898
DCAF8,0.7066326530612245,0.012755102040816327,4.247448979591836
DCC,0.40561224489795916,0.11224489795918367,2.538265306122449
DCK,0.5102040816326531,0.03826530612244898,2.9081632653061225
DCLRE1A,0.43112244897959184,0.07908163265306123,2.5918367346938775
DCLRE1C,0.6173469387755102,0.03826530612244898,3.395408163265306
DCN,0.5943877551020408,0.02806122448979592,3.00765306122449
DCP1A,0.4719387755102041,0.07142857142857142,2.9005102040816326
DCP1B,0.6301020408163265,0.02295918367346939,3.2780612244897958
DCP2,0.4005102040816326,0.1096938775510204,2.5153061224489797
DCPS,0.4642857142857143,0.07142857142857142,2.7219387755102042
DCT,0.5637755102040817,0.030612244897959183,3.163265306122449
DCTD,0.41836734693877553,0.08163265306122448,2.5943877551020407
DCTN1,0.6352040816326531,0.02040816326530612,3.336734693877551
DCTN2,0.5994897959183674,0.03316326530612245,3.0127551020408165
DCTN3,0.42857142857142855,0.08418367346938775,2.739795918367347
DCTN4,0.41836734693877553,0.08673469387755102,2.5408163265306123
DCTN5,0.5408163265306123,0.02806122448979592,3.00765306122449
DCTN6,0.27040816326530615,0.20408163265306123,2.2831632653061225
DCTPP1,0.5816326530612245,0.02040816326530612,3.058673469387755
DCUN1D1,0.7040816326530612,0.007653061224489796,3.7857142857142856
DCUN1D3,0.5408163265306123,0.03316326530612245,2.938775510204082
DCXR,0.6836734693877551,0.012755102040816327,3.4566326530612246
DDAH2,0.6071428571428571,0.015306122448979591,3.13265306122449
DDB1,0.5841836734693877,0.01020408163265306,3.086734693877551
DDB2,0.4387755102040816,0.07142857142857142,2.6122448979591835
DDC,0.6479591836734694,0.012755102040816327,3.5127551020408165
DDHD1,0.48214285714285715,0.04336734693877551,2.752551020408163
DDHD2,0.45918367346938777,0.10204081632653061,3.318877551020408
DDIT3,0.5994897959183674,0.030612244897959183,3.0179028132992327
DDIT4,0.45663265306122447,0.05612244897959184,2.7346938775510203
DDIT4L,0.45408163265306123,0.058673469387755105,2.6658163265306123
DDN,0.5892857142857143,0.030612244897959183,2.9668367346938775
DDO,0.41581632653061223,0.09183673469387756,2.50765306122449
DDOST,0.5612244897959183,0.03826530612244898,2.9464285714285716
DDRGK1,0.6556122448979592,0.01020408163265306,3.461734693877551
DDX1,0.6377551020408163,0.017857142857142856,3.3520408163265305
DDX11,0.6275510204081632,0.015306122448979591,3.372448979591837
DDX17,0.45408163265306123,0.07653061224489796,2.711734693877551
DDX18,0.5357142857142857,0.03571428571428571,2.923469387755102
DDX19A,0.5280612244897959,0.03571428571428571,3.0510204081632653
DDX19B,0.5280612244897959,0.03571428571428571,3.0510204081632653
DDX20,0.576530612244898,0.03316326530612245,2.9744897959183674
DDX21,0.45408163265306123,0.05357142857142857,2.6989795918367347
DDX23,0.5892857142857143,0.02806122448979592,2.9744897959183674
DDX24,0.5,0.05357142857142857,2.7627551020408165
DDX25,0.45918367346938777,0.07142857142857142,2.7193877551020407
DDX28,0.5255102040816326,0.03571428571428571,3.0408163265306123
DDX31,0.46938775510204084,0.09693877551020408,2.691326530612245
DDX39A,0.5535714285714286,0.05102040816326531,2.8520408163265305
DDX39B,0.6071428571428571,0.015306122448979591,3.1556122448979593
DDX3X,0.23214285714285715,0.3392857142857143,2.0510204081632653
DDX4,0.39285714285714285,0.10204081632653061,2.556122448979592
DDX41,0.4107142857142857,0.09948979591836735,2.510204081632653
DDX42,0.6938775510204082,0.01020408163265306,3.576530612244898
DDX46,0.413265306122449,0.09693877551020408,2.5306122448979593
DDX47,0.5918367346938775,0.03571428571428571,3.122448979591837
DDX5,0.6964285714285714,0.01020408163265306,3.5841836734693877
DDX50,0.45408163265306123,0.05357142857142857,2.6989795918367347
DDX51,0.5943877551020408,0.04336734693877551,3.00765306122449
DDX52,0.6326530612244898,0.012755102040816327,3.4183673469387754
DDX54,0.6224489795918368,0.017857142857142856,3.0841836734693877
DDX56,0.6505102040816326,0.01020408163265306,3.4668367346938775
DDX6,0.45408163265306123,0.07142857142857142,2.7091836734693877
DECR1,0.7091836734693877,0.015306122448979591,4.040816326530612
DECR2,0.44387755102040816,0.06377551020408163,2.635204081632653
DEF6,0.5816326530612245,0.017857142857142856,3.0255102040816326
DEFA1,0.2576530612244898,0.22193877551020408,2.252551020408163
DEFA1B,0.2576530612244898,0.22193877551020408,2.252551020408163
DEFA3,0.2576530612244898,0.22193877551020408,2.252551020408163
DEFA5,0.2576530612244898,0.22193877551020408,2.252551020408163
DEFA6,0.2576530612244898,0.22193877551020408,2.252551020408163
DEFB1,0.2602040816326531,0.22193877551020408,2.2551020408163267
DEFB104A,0.25510204081632654,0.22448979591836735,2.252551020408163
DEFB104B,0.25510204081632654,0.22448979591836735,2.247448979591837
DEFB121,0.7270408163265306,0.0,4.071428571428571
DEFB4A,0.25510204081632654,0.22448979591836735,2.252551020408163
DEFB4B,0.25510204081632654,0.22448979591836735,2.247448979591837
DEGS1,0.6556122448979592,0.02295918367346939,3.2168367346938775
DENND1A,0.45918367346938777,0.09693877551020408,2.6556122448979593
DENND1B,0.6326530612244898,0.02040816326530612,3.2219387755102042
DENND1C,0.5459183673469388,0.058673469387755105,2.808673469387755
DENND4A,0.5051020408163265,0.04591836734693878,2.681122448979592
DENND4C,0.3903061224489796,0.14285714285714285,2.701530612244898
DENND5A,0.336734693877551,0.09693877551020408,2.413265306122449
DEPDC1,0.5841836734693877,0.02806122448979592,2.9770408163265305
DEPDC1B,0.3647959183673469,0.11989795918367346,2.4489795918367347
DEPP1,0.5178571428571429,0.05357142857142857,2.923469387755102
DEPTOR,0.7193877551020408,0.01020408163265306,4.10969387755102
DERL1,0.7117346938775511,0.01020408163265306,4.107142857142857
DERL2,0.37755102040816324,0.11989795918367346,2.4872448979591835
DERL3,0.5076530612244898,0.0663265306122449,2.920918367346939
DES,0.35459183673469385,0.10459183673469388,2.431122448979592
DET1,0.5204081632653061,0.04846938775510204,2.7627551020408165
DFFA,0.5663265306122449,0.04081632653061224,2.9642857142857144
DFFB,0.5714285714285714,0.03571428571428571,2.9770408163265305
DGAT1,0.6989795918367347,0.01020408163265306,3.854591836734694
DGAT2,0.5510204081632653,0.025510204081632654,3.0051020408163267
DGCR8,0.5280612244897959,0.058673469387755105,3.0306122448979593
DGKB,0.6556122448979592,0.012755102040816327,3.6198979591836733
DGKQ,0.4923469387755102,0.05357142857142857,2.8035714285714284
DGLUCY,0.5102040816326531,0.05102040816326531,2.7908163265306123
DGUOK,0.6352040816326531,0.02040816326530612,3.3494897959183674
DHCR24,0.5918367346938775,0.02295918367346939,3.068877551020408
DHCR7,0.5918367346938775,0.02040816326530612,3.2066326530612246
DHFR2,0.6530612244897959,0.017857142857142856,3.5714285714285716
DHODH,0.5204081632653061,0.03571428571428571,3.0535714285714284
DHPS,0.5535714285714286,0.05102040816326531,2.8443877551020407
DHRS1,0.5,0.03826530612244898,2.808673469387755
DHRS3,0.5637755102040817,0.03571428571428571,2.961734693877551
DHRS4,0.5025510204081632,0.03826530612244898,2.8392857142857144
DHRS7B,0.4642857142857143,0.07908163265306123,2.9158163265306123
DHRS9,0.48214285714285715,0.03826530612244898,2.8239795918367347
DHTKD1,0.6352040816326531,0.02806122448979592,3.586734693877551
DHX15,0.4719387755102041,0.05357142857142857,2.752551020408163
DHX16,0.6071428571428571,0.015306122448979591,3.193877551020408
DHX32,0.44642857142857145,0.07397959183673469,2.6581632653061225
DHX33,0.37755102040816324,0.11989795918367346,2.4872448979591835
DHX35,0.7168367346938775,0.00510204081632653,3.670918367346939
DHX36,0.6862244897959183,0.00510204081632653,3.6377551020408165
DHX38,0.5204081632653061,0.03571428571428571,3.0535714285714284
DHX58,0.6275510204081632,0.012755102040816327,3.2219387755102042
DHX8,0.6198979591836735,0.02040816326530612,3.2142857142857144
DHX9,0.6760204081632653,0.017857142857142856,3.4183673469387754
DIAPH2,0.20918367346938777,0.34438775510204084,2.002551020408163
DICER1,0.49489795918367346,0.05102040816326531,2.7551020408163267
DIDO1,0.6938775510204082,0.015306122448979591,3.563775510204082
DIMT1,0.3622448979591837,0.12244897959183673,2.4260204081632653
DIO2,0.5153061224489796,0.04336734693877551,2.8418367346938775
DIO3,0.5076530612244898,0.04846938775510204,2.7857142857142856
DIS3,0.5204081632653061,0.03826530612244898,3.063775510204082
DIS3L,0.5102040816326531,0.04591836734693878,2.686224489795918
DISC1,0.6556122448979592,0.02040816326530612,3.2244897959183674
DISP1,0.6530612244897959,0.025510204081632654,3.2091836734693877
DISP3,0.5663265306122449,0.03826530612244898,2.9719387755102042
DKC1,0.23979591836734693,0.33418367346938777,2.0918367346938775
DKK1,0.46683673469387754,0.05102040816326531,2.8010204081632653
DLAT,0.4387755102040816,0.07142857142857142,2.6785714285714284
DLC1,0.25255102040816324,0.22193877551020408,2.25765306122449
DLD,0.5969387755102041,0.00510204081632653,3.260204081632653
DLG1,0.6989795918367347,0.007653061224489796,3.686224489795918
DLG2,0.5306122448979592,0.02806122448979592,2.99234693877551
DLG3,0.20408163265306123,0.35714285714285715,2.0
DLG4,0.375,0.12244897959183673,2.461734693877551
DLGAP2,0.28316326530612246,0.2193877551020408,2.308673469387755
DLGAP3,0.5688775510204082,0.030612244897959183,2.920918367346939
DLGAP4,0.7168367346938775,0.002551020408163265,3.7142857142857144
DLGAP5,0.47959183673469385,0.04336734693877551,2.75
DLK1,0.5076530612244898,0.04846938775510204,2.7780612244897958
DLL1,0.4260204081632653,0.08163265306122448,2.5714285714285716
DLL4,0.4642857142857143,0.06377551020408163,2.604591836734694
DLST,0.5076530612244898,0.04336734693877551,2.795918367346939
DLX1,0.48214285714285715,0.03826530612244898,2.913265306122449
DLX3,0.6352040816326531,0.012755102040816327,3.3392857142857144
DLX6,0.6096938775510204,0.00510204081632653,3.318877551020408
DMAC2L,0.48214285714285715,0.04336734693877551,2.760204081632653
DMAP1,0.5943877551020408,0.017857142857142856,3.063775510204082
DMBT1,0.4413265306122449,0.07397959183673469,2.645408163265306
DMC1,0.45663265306122447,0.07653061224489796,2.7142857142857144
DMD,0.23979591836734693,0.34183673469387754,2.086734693877551
DMGDH,0.3826530612244898,0.11734693877551021,2.4591836734693877
DMP1,0.46683673469387754,0.04846938775510204,2.7780612244897958
DMPK,0.6403061224489796,0.017857142857142856,3.377551020408163
DMTN,0.24489795918367346,0.22193877551020408,2.229591836734694
DMXL2,0.5025510204081632,0.05612244897959184,2.693877551020408
DNA2,0.45408163265306123,0.05612244897959184,2.6989795918367347
DNAAF1,0.5102040816326531,0.04846938775510204,2.895408163265306
DNAAF2,0.4897959183673469,0.04081632653061224,2.7729591836734695
DNAAF4,0.4923469387755102,0.05357142857142857,2.6556122448979593
DNAH1,0.46683673469387754,0.07142857142857142,2.854591836734694
DNAH10,0.6173469387755102,0.02295918367346939,3.0255102040816326
DNAH11,0.6530612244897959,0.012755102040816327,3.6020408163265305
DNAH12,0.4770408163265306,0.07397959183673469,2.857142857142857
DNAH14,0.6581632653061225,0.02040816326530612,3.2244897959183674
DNAH17,0.6862244897959183,0.012755102040816327,3.4846938775510203
DNAH2,0.3622448979591837,0.125,2.4183673469387754
DNAH3,0.5433673469387755,0.03316326530612245,2.9464285714285716
DNAH6,0.6428571428571429,0.025510204081632654,3.3010204081632653
DNAH7,0.45153061224489793,0.04336734693877551,2.688775510204082
DNAH8,0.5688775510204082,0.017857142857142856,3.1020408163265305
DNAH9,0.3469387755102041,0.13010204081632654,2.4030612244897958
DNAI1,0.4260204081632653,0.08418367346938775,2.732142857142857
DNAI2,0.6938775510204082,0.01020408163265306,3.49234693877551
DNAJA1,0.4260204081632653,0.08418367346938775,2.7219387755102042
DNAJA2,0.5102040816326531,0.03571428571428571,2.941326530612245
DNAJA3,0.42857142857142855,0.07142857142857142,2.5969387755102042
DNAJA4,0.5051020408163265,0.05102040816326531,2.688775510204082
DNAJB1,0.5510204081632653,0.05102040816326531,2.854591836734694
DNAJB11,0.6989795918367347,0.00510204081632653,3.752551020408163
DNAJB12,0.45663265306122447,0.05612244897959184,2.7346938775510203
DNAJB2,0.35459183673469385,0.10204081632653061,2.433673469387755
DNAJB4,0.5841836734693877,0.02806122448979592,3.0714285714285716
DNAJB5,0.43112244897959184,0.08163265306122448,2.760204081632653
DNAJB6,0.576530612244898,0.02806122448979592,3.122448979591837
DNAJB9,0.5943877551020408,0.00510204081632653,3.247448979591837
DNAJC1,0.5892857142857143,0.04591836734693878,3.25
DNAJC10,0.4872448979591837,0.03826530612244898,2.8316326530612246
DNAJC11,0.5739795918367347,0.04081632653061224,2.9770408163265305
DNAJC15,0.4489795918367347,0.09438775510204081,2.747448979591837
DNAJC19,0.701530612244898,0.00510204081632653,3.739795918367347
DNAJC2,0.5994897959183674,0.007653061224489796,3.2857142857142856
DNAJC3,0.5714285714285714,0.02295918367346939,3.1760204081632653
DNAJC4,0.5688775510204082,0.012755102040816327,3.0127877237851663
DNAJC5,0.6989795918367347,0.015306122448979591,3.576530612244898
DNAJC6,0.5816326530612245,0.02295918367346939,3.0051020408163267
DNAJC7,0.6275510204081632,0.012755102040816327,3.2168367346938775
DNAJC8,0.5586734693877551,0.03826530612244898,2.8903061224489797
DNAL4,0.45408163265306123,0.07653061224489796,2.6964285714285716
DNALI1,0.5867346938775511,0.02040816326530612,3.045918367346939
DNASE1L1,0.23979591836734693,0.33418367346938777,2.0841836734693877
DNASE2,0.5510204081632653,0.04846938775510204,2.8392857142857144
DND1,0.41581632653061223,0.08418367346938775,2.5408163265306123
DNER,0.3392857142857143,0.11479591836734694,2.413265306122449
DNLZ,0.4719387755102041,0.09948979591836735,2.704081632653061
DNM1,0.46683673469387754,0.09693877551020408,2.6683673469387754
DNM1L,0.6275510204081632,0.015306122448979591,3.298469387755102
DNM2,0.5637755102040817,0.05102040816326531,2.9285714285714284
DNM3,0.6938775510204082,0.012755102040816327,3.767857142857143
DNMBP,0.43112244897959184,0.08418367346938775,2.5739795918367347
DNMT1,0.5688775510204082,0.05612244897959184,2.913265306122449
DNMT3A,0.6301020408163265,0.02040816326530612,3.2857142857142856
DNMT3B,0.7270408163265306,0.0,3.9872448979591835
DNMT3L,0.5637755102040817,0.04081632653061224,3.1403061224489797
DNTT,0.42857142857142855,0.08163265306122448,2.568877551020408
DNTTIP1,0.7142857142857143,0.007653061224489796,3.711734693877551
DNTTIP2,0.5816326530612245,0.03826530612244898,3.002551020408163
DOC2A,0.5816326530612245,0.02040816326530612,3.135204081632653
DOC2B,0.3647959183673469,0.12755102040816327,2.4668367346938775
DOCK1,0.44642857142857145,0.07142857142857142,2.6658163265306123
DOCK11,0.21428571428571427,0.34438775510204084,2.0229591836734695
DOCK3,0.46938775510204084,0.0663265306122449,2.857142857142857
DOCK4,0.5994897959183674,0.007653061224489796,3.295918367346939
DOCK5,0.23979591836734693,0.21683673469387754,2.2244897959183674
DOCK6,0.5637755102040817,0.05357142857142857,2.9158163265306123
DOCK7,0.5892857142857143,0.02295918367346939,3.0280612244897958
DOCK8,0.42346938775510207,0.1326530612244898,2.75765306122449
DOK1,0.6352040816326531,0.02040816326530612,3.3392857142857144
DOK2,0.24489795918367346,0.22193877551020408,2.2270408163265305
DOK7,0.4923469387755102,0.05357142857142857,2.7908163265306123
DOLK,0.46938775510204084,0.09438775510204081,2.683673469387755
DOLPP1,0.46938775510204084,0.09438775510204081,2.6785714285714284
DOP1A,0.42857142857142855,0.08163265306122448,2.5816326530612246
DOP1B,0.5663265306122449,0.03316326530612245,3.2066326530612246
DOT1L,0.5255102040816326,0.0663265306122449,2.7806122448979593
DPAGT1,0.45153061224489793,0.07653061224489796,2.711734693877551
DPEP1,0.5102040816326531,0.04846938775510204,2.9107142857142856
DPEP2,0.5255102040816326,0.03571428571428571,3.0408163265306123
DPF1,0.6479591836734694,0.015306122448979591,3.75
DPF2,0.576530612244898,0.012755102040816327,3.0535714285714284
DPH1,0.375,0.12244897959183673,2.5153061224489797
DPH2,0.5969387755102041,0.017857142857142856,3.076530612244898
DPH3,0.5918367346938775,0.02040816326530612,3.413265306122449
DPM1,0.7193877551020408,0.00510204081632653,3.75765306122449
DPM2,0.4719387755102041,0.09693877551020408,2.673469387755102
DPM3,0.701530612244898,0.012755102040816327,3.6607142857142856
DPP4,0.4872448979591837,0.03571428571428571,2.8903061224489797
DPP6,0.5867346938775511,0.02295918367346939,3.1658163265306123
DPP7,0.4744897959183674,0.09948979591836735,2.7142857142857144
DPP8,0.5051020408163265,0.04846938775510204,2.6785714285714284
DPP9,0.5306122448979592,0.06377551020408163,2.7908163265306123
DPPA4,0.6505102040816326,0.017857142857142856,3.4770408163265305
DPT,0.6989795918367347,0.012755102040816327,3.885204081632653
DPY30,0.6326530612244898,0.015306122448979591,3.311224489795918
DPYD,0.576530612244898,0.04336734693877551,2.941326530612245
DPYS,0.7168367346938775,0.012755102040816327,4.293367346938775
DPYSL2,0.24744897959183673,0.2193877551020408,2.2270408163265305
DPYSL3,0.42091836734693877,0.08418367346938775,2.5433673469387754
DPYSL4,0.44642857142857145,0.06377551020408163,2.6556122448979593
DPYSL5,0.6275510204081632,0.017857142857142856,3.288265306122449
DR1,0.576530612244898,0.03826530612244898,2.954081632653061
DRAP1,0.5892857142857143,0.012755102040816327,3.0892857142857144
DRAXIN,0.5688775510204082,0.03826530612244898,2.9744897959183674
DRD1,0.40561224489795916,0.09693877551020408,2.5306122448979593
DRD2,0.4413265306122449,0.07397959183673469,2.6658163265306123
DRD3,0.6530612244897959,0.015306122448979591,3.479591836734694
DRD4,0.34183673469387754,0.09948979591836735,2.4030612244897958
DRD5,0.5,0.061224489795918366,2.816326530612245
DRG1,0.5102040816326531,0.0663265306122449,2.951530612244898
DRG2,0.3622448979591837,0.1096938775510204,2.4693877551020407
DROSHA,0.7091836734693877,0.012755102040816327,3.9846938775510203
DSC1,0.4872448979591837,0.07142857142857142,2.829081632653061
DSC2,0.4897959183673469,0.07142857142857142,2.8316326530612246
DSC3,0.4897959183673469,0.07397959183673469,2.8214285714285716
DSCAM,0.5535714285714286,0.03571428571428571,3.11734693877551
DSCC1,0.7193877551020408,0.01020408163265306,4.104591836734694
DSE,0.4107142857142857,0.09438775510204081,2.5127551020408165
DSG1,0.4897959183673469,0.07142857142857142,2.8392857142857144
DSG2,0.4872448979591837,0.07142857142857142,2.8341836734693877
DSG3,0.4897959183673469,0.07142857142857142,2.836734693877551
DSG4,0.4897959183673469,0.07142857142857142,2.8494897959183674
DSN1,0.7142857142857143,0.002551020408163265,3.681122448979592
DSP,0.5969387755102041,0.02040816326530612,3.357142857142857
DST,0.5739795918367347,0.02295918367346939,3.066326530612245
DSTN,0.6581632653061225,0.012755102040816327,3.5408163265306123
DTL,0.6352040816326531,0.025510204081632654,3.125
DTNA,0.45663265306122447,0.08418367346938775,2.7142857142857144
DTNB,0.6326530612244898,0.02040816326530612,3.288265306122449
DTNBP1,0.6173469387755102,0.015306122448979591,3.538265306122449
DTX1,0.625,0.017857142857142856,3.086734693877551
DTX2,0.6096938775510204,0.00510204081632653,3.267857142857143
DTX3L,0.6658163265306123,0.015306122448979591,3.497448979591837
DTX4,0.576530612244898,0.015306122448979591,3.056122448979592
DTYMK,0.35459183673469385,0.13010204081632654,2.392857142857143
DUOX1,0.4744897959183674,0.05612244897959184,2.6581632653061225
DUOX2,0.4744897959183674,0.05612244897959184,2.6581632653061225
DUOXA1,0.4744897959183674,0.05612244897959184,2.6581632653061225
DUSP1,0.413265306122449,0.09948979591836735,2.520408163265306
DUSP10,0.6505102040816326,0.02295918367346939,3.2168367346938775
DUSP12,0.7040816326530612,0.012755102040816327,4.295918367346939
DUSP16,0.5969387755102041,0.03316326530612245,3.142857142857143
DUSP19,0.4846938775510204,0.03826530612244898,2.826530612244898
DUSP2,0.5790816326530612,0.025510204081632654,3.163265306122449
DUSP3,0.6198979591836735,0.02040816326530612,3.2142857142857144
DUSP4,0.2627551020408163,0.20918367346938777,2.2627551020408165
DUSP5,0.42091836734693877,0.08673469387755102,2.556122448979592
DUSP6,0.5943877551020408,0.025510204081632654,3.017857142857143
DUSP7,0.4719387755102041,0.0663265306122449,2.872448979591837
DUSP8,0.34438775510204084,0.09693877551020408,2.4056122448979593
DUSP9,0.23214285714285715,0.33418367346938777,2.063775510204082
DUT,0.48214285714285715,0.058673469387755105,2.673469387755102
DVL1,0.5714285714285714,0.03826530612244898,2.99234693877551
DVL2,0.375,0.12244897959183673,2.461734693877551
DVL3,0.6989795918367347,0.00510204081632653,3.7244897959183674
DYM,0.42091836734693877,0.10204081632653061,2.6096938775510203
DYNC1H1,0.5051020408163265,0.04846938775510204,2.7831632653061225
DYNC1I1,0.6045918367346939,0.00510204081632653,3.295918367346939
DYNC1I2,0.48214285714285715,0.03826530612244898,2.8035714285714284
DYNC1LI1,0.5637755102040817,0.030612244897959183,3.2653061224489797
DYNC1LI2,0.5229591836734694,0.03571428571428571,2.9642857142857144
DYNC2LI1,0.6275510204081632,0.015306122448979591,3.2653061224489797
DYNLL1,0.6198979591836735,0.02040816326530612,3.048469387755102
DYNLL2,0.6581632653061225,0.02040816326530612,3.461734693877551
DYNLRB1,0.7244897959183674,0.0,3.941326530612245
DYNLRB2,0.5102040816326531,0.04846938775510204,2.938775510204082
DYNLT1,0.42346938775510207,0.07908163265306123,2.548469387755102
DYNLT3,0.23469387755102042,0.336734693877551,2.086734693877551
DYRK1A,0.5612244897959183,0.03571428571428571,3.1785714285714284
DYRK1B,0.6326530612244898,0.017857142857142856,3.576530612244898
DYRK2,0.6173469387755102,0.025510204081632654,3.635204081632653
DYRK4,0.6224489795918368,0.02295918367346939,3.2627551020408165
DYSF,0.6352040816326531,0.017857142857142856,3.3443877551020407
DZIP1,0.5714285714285714,0.02295918367346939,3.173469387755102
DZIP3,0.6505102040816326,0.017857142857142856,3.4668367346938775
E2F1,0.7219387755102041,0.0,3.938775510204082
E2F2,0.5663265306122449,0.03826530612244898,2.938775510204082
E2F3,0.6352040816326531,0.012755102040816327,5.441326530612245
E2F4,0.5229591836734694,0.03571428571428571,2.989795918367347
E2F5,0.7040816326530612,0.017857142857142856,3.979591836734694
E2F6,0.6352040816326531,0.02040816326530612,3.318877551020408
E2F7,0.5790816326530612,0.02806122448979592,2.9948979591836733
E2F8,0.35714285714285715,0.08673469387755102,2.4668367346938775
E4F1,0.4362244897959184,0.0663265306122449,2.61734693877551
EAF1,0.5994897959183674,0.02040816326530612,3.479591836734694
EAF2,0.6658163265306123,0.015306122448979591,3.5051020408163267
EAPP,0.46938775510204084,0.03826530612244898,2.75
EARS2,0.5408163265306123,0.02806122448979592,3.017857142857143
EBAG9,0.7142857142857143,0.012755102040816327,4.084183673469388
EBF1,0.413265306122449,0.09438775510204081,2.5153061224489797
EBI3,0.5153061224489796,0.07142857142857142,2.7627551020408165
EBNA1BP2,0.5969387755102041,0.017857142857142856,3.201530612244898
EBP,0.22704081632653061,0.34183673469387754,2.0331632653061225
ECD,0.45918367346938777,0.05612244897959184,2.752551020408163
ECE1,0.5612244897959183,0.03826530612244898,2.951530612244898
ECH1,0.6428571428571429,0.015306122448979591,3.75765306122449
ECHDC1,0.44642857142857145,0.07142857142857142,2.6301020408163267
ECHDC2,0.5918367346938775,0.02295918367346939,3.045918367346939
ECHS1,0.45408163265306123,0.0663265306122449,2.6658163265306123
ECI1,0.4362244897959184,0.0663265306122449,2.61734693877551
ECI2,0.5663265306122449,0.02806122448979592,3.13265306122449
ECM1,0.7168367346938775,0.01020408163265306,3.9668367346938775
ECPAS,0.45408163265306123,0.10204081632653061,2.688775510204082
ECSIT,0.5612244897959183,0.05102040816326531,2.8979591836734695
ECT2,0.6964285714285714,0.00510204081632653,3.7780612244897958
EDA,0.20153061224489796,0.35459183673469385,2.020408163265306
EDA2R,0.22193877551020408,0.336734693877551,2.0280612244897958
EDAR,0.5382653061224489,0.03316326530612245,2.9668367346938775
EDARADD,0.6607142857142857,0.017857142857142856,3.2780612244897958
EDC3,0.5051020408163265,0.04846938775510204,2.7066326530612246
EDC4,0.5255102040816326,0.03571428571428571,3.020408163265306
EDEM1,0.5841836734693877,0.02295918367346939,3.5
EDEM3,0.673469387755102,0.017857142857142856,3.4642857142857144
EDF1,0.4744897959183674,0.09948979591836735,2.7193877551020407
EDIL3,0.39540816326530615,0.10459183673469388,2.497448979591837
EDN1,0.5969387755102041,0.012755102040816327,3.579081632653061
EDN2,0.5994897959183674,0.017857142857142856,3.2933673469387754
EDN3,0.701530612244898,0.01020408163265306,3.61734693877551
EDNRA,0.45663265306122447,0.06377551020408163,2.739795918367347
EDNRB,0.5408163265306123,0.03316326530612245,3.135204081632653
EEA1,0.5994897959183674,0.02806122448979592,3.1377551020408165
EED,0.5178571428571429,0.04081632653061224,2.9260204081632653
EEF1A1,0.46683673469387754,0.06887755102040816,2.6556122448979593
EEF1A2,0.6964285714285714,0.015306122448979591,3.576530612244898
EEF1B2,0.41581632653061223,0.07653061224489796,2.5714285714285716
EEF1D,0.701530612244898,0.01020408163265306,3.8801020408163267
EEF1E1,0.5943877551020408,0.017857142857142856,3.313775510204082
EEF1G,0.5790816326530612,0.007653061224489796,3.056122448979592
EEF2,0.5153061224489796,0.07142857142857142,2.75765306122449
EEF2K,0.5357142857142857,0.030612244897959183,2.9081632653061225
EEFSEC,0.6658163265306123,0.015306122448979591,3.510204081632653
EFEMP1,0.6403061224489796,0.017857142857142856,3.3877551020408165
EFEMP2,0.5892857142857143,0.012755102040816327,3.1020408163265305
EFHC1,0.5663265306122449,0.02806122448979592,3.104591836734694
EFHD2,0.5637755102040817,0.03571428571428571,2.951530612244898
EFNA1,0.6989795918367347,0.012755102040816327,3.6581632653061225
EFNA2,0.5153061224489796,0.07142857142857142,2.747448979591837
EFNA3,0.6989795918367347,0.01020408163265306,3.670918367346939
EFNA4,0.6989795918367347,0.01020408163265306,3.670918367346939
EFNA5,0.39540816326530615,0.10459183673469388,2.5229591836734695
EFNB1,0.2066326530612245,0.3494897959183674,2.048469387755102
EFNB3,0.3622448979591837,0.12755102040816327,2.4158163265306123
EFTUD2,0.6147959183673469,0.017857142857142856,3.2091836734693877
EGF,0.4642857142857143,0.06377551020408163,2.688775510204082
EGFR,0.6607142857142857,0.015306122448979591,4.505102040816326
EGLN1,0.6581632653061225,0.02040816326530612,3.239795918367347
EGLN2,0.6428571428571429,0.02040816326530612,3.50765306122449
EGLN3,0.4719387755102041,0.03826530612244898,2.74234693877551
EGR1,0.42091836734693877,0.08673469387755102,2.5408163265306123
EGR2,0.4489795918367347,0.04846938775510204,2.7066326530612246
EGR4,0.6326530612244898,0.017857142857142856,3.3443877551020407
EHBP1,0.6428571428571429,0.017857142857142856,3.4056122448979593
EHD1,0.5663265306122449,0.012755102040816327,3.002551020408163
EHD2,0.6352040816326531,0.025510204081632654,3.260204081632653
EHD3,0.6301020408163265,0.017857142857142856,3.311224489795918
EHD4,0.46683673469387754,0.061224489795918366,2.61734693877551
EHHADH,0.6989795918367347,0.00510204081632653,3.7244897959183674
EHMT1,0.47959183673469385,0.09438775510204081,2.711734693877551
EHMT2,0.6020408163265306,0.015306122448979591,3.114795918367347
EID3,0.6020408163265306,0.025510204081632654,3.0
EIF1,0.625,0.012755102040816327,3.2346938775510203
EIF1AX,0.22959183673469388,0.336734693877551,2.0714285714285716
EIF2A,0.6887755102040817,0.00510204081632653,3.6607142857142856
EIF2AK1,0.6581632653061225,0.007653061224489796,3.5816326530612246
EIF2AK2,0.625,0.015306122448979591,3.2831632653061225
EIF2AK3,0.6301020408163265,0.017857142857142856,3.252551020408163
EIF2AK4,0.461734693877551,0.06377551020408163,2.6096938775510203
EIF2B1,0.6173469387755102,0.02295918367346939,3.0331632653061225
EIF2B2,0.5076530612244898,0.04336734693877551,2.795918367346939
EIF2B3,0.5994897959183674,0.017857142857142856,3.056122448979592
EIF2B4,0.6275510204081632,0.02040816326530612,3.288265306122449
EIF2D,0.6377551020408163,0.025510204081632654,3.1301020408163267
EIF2S1,0.4770408163265306,0.05102040816326531,2.7270408163265305
EIF2S2,0.7270408163265306,0.0,3.9591836734693877
EIF2S3,0.23214285714285715,0.3239795918367347,2.1122448979591835
EIF3A,0.44387755102040816,0.07142857142857142,2.635204081632653
EIF3B,0.6556122448979592,0.015306122448979591,3.5357142857142856
EIF3C,0.5790816326530612,0.02295918367346939,3.107142857142857
EIF3D,0.46938775510204084,0.07397959183673469,2.7729591836734695
EIF3E,0.7244897959183674,0.012755102040816327,4.096938775510204
EIF3F,0.33418367346938777,0.09693877551020408,2.395408163265306
EIF3G,0.5688775510204082,0.05612244897959184,2.913265306122449
EIF3H,0.7142857142857143,0.012755102040816327,4.048469387755102
EIF3I,0.5688775510204082,0.03316326530612245,2.8979591836734695
EIF3J,0.4719387755102041,0.05612244897959184,2.6505102040816326
EIF3K,0.6428571428571429,0.015306122448979591,3.74234693877551
EIF3L,0.45918367346938777,0.07397959183673469,2.711734693877551
EIF3M,0.4030612244897959,0.07908163265306123,2.6989795918367347
EIF4A1,0.3673469387755102,0.125,2.441326530612245
EIF4A2,0.6989795918367347,0.00510204081632653,3.75765306122449
EIF4B,0.6045918367346939,0.02806122448979592,2.997448979591837
EIF4E,0.461734693877551,0.05612244897959184,2.693877551020408
EIF4E1B,0.40561224489795916,0.09693877551020408,2.5127551020408165
EIF4E2,0.32653061224489793,0.11224489795918367,2.3698979591836733
EIF4E3,0.47959183673469385,0.07653061224489796,2.9183673469387754
EIF4EBP1,0.461734693877551,0.10204081632653061,3.3494897959183674
EIF4EBP3,0.41581632653061223,0.08418367346938775,2.5433673469387754
EIF4ENIF1,0.5102040816326531,0.0663265306122449,2.951530612244898
EIF4G1,0.6989795918367347,0.00510204081632653,3.7244897959183674
EIF4G2,0.3469387755102041,0.08928571428571429,2.4464285714285716
EIF4G3,0.5612244897959183,0.04336734693877551,2.938775510204082
EIF4H,0.6096938775510204,0.00510204081632653,3.2755102040816326
EIF5,0.5,0.04846938775510204,2.770408163265306
EIF5A,0.37244897959183676,0.12244897959183673,2.4566326530612246
EIF5A2,0.6964285714285714,0.007653061224489796,3.770408163265306
EIF5AL1,0.46938775510204084,0.05357142857142857,2.785166240409207
EIF5B,0.5688775510204082,0.030612244897959183,3.24234693877551
EIF6,0.7193877551020408,0.0,3.829081632653061
ELAC2,0.3392857142857143,0.125,2.3903061224489797
ELANE,0.5153061224489796,0.07142857142857142,2.75765306122449
ELAVL1,0.5561224489795918,0.058673469387755105,2.8494897959183674
ELF1,0.44387755102040816,0.09183673469387756,2.7627551020408165
ELF2,0.4489795918367347,0.06377551020408163,2.6683673469387754
ELF3,0.6096938775510204,0.030612244897959183,3.048469387755102
ELK4,0.6403061224489796,0.02295918367346939,3.1479591836734695
ELL,0.5663265306122449,0.04591836734693878,2.86734693877551
ELL2,0.4005102040816326,0.10204081632653061,2.49234693877551
ELL3,0.46938775510204084,0.05612244897959184,2.6479591836734695
ELMO1,0.6505102040816326,0.017857142857142856,3.49234693877551
ELMO2,0.7168367346938775,0.007653061224489796,3.732142857142857
ELMO3,0.5229591836734694,0.03571428571428571,2.989795918367347
ELOA,0.5663265306122449,0.03826530612244898,2.933673469387755
ELOA2,0.4362244897959184,0.09438775510204081,2.6505102040816326
ELOB,0.4362244897959184,0.0663265306122449,2.625
ELOC,0.6989795918367347,0.007653061224489796,3.9030612244897958
ELOVL1,0.5943877551020408,0.017857142857142856,3.0969387755102042
ELOVL2,0.5918367346938775,0.017857142857142856,3.311224489795918
ELOVL3,0.413265306122449,0.08163265306122448,2.5510204081632653
ELOVL4,0.4413265306122449,0.08163265306122448,2.5943877551020407
ELOVL5,0.5714285714285714,0.02806122448979592,3.079081632653061
ELOVL6,0.461734693877551,0.06377551020408163,2.683673469387755
ELOVL7,0.3622448979591837,0.11734693877551021,2.4489795918367347
ELP1,0.45153061224489793,0.10714285714285714,2.7142857142857144
ELP2,0.461734693877551,0.08928571428571429,2.7193877551020407
ELP3,0.25255102040816324,0.21173469387755103,2.2448979591836733
ELP4,0.39285714285714285,0.08163265306122448,2.6530612244897958
ELP5,0.375,0.12244897959183673,2.4642857142857144
EMB,0.4744897959183674,0.07653061224489796,2.923469387755102
EMC1,0.5637755102040817,0.03826530612244898,2.936224489795918
EMC10,0.6352040816326531,0.025510204081632654,3.2806122448979593
EMC2,0.7244897959183674,0.012755102040816327,4.10969387755102
EMC4,0.47959183673469385,0.058673469387755105,2.6377551020408165
EMC6,0.3852040816326531,0.12244897959183673,2.502551020408163
EMC7,0.47959183673469385,0.058673469387755105,2.6377551020408165
EMC8,0.5051020408163265,0.04336734693877551,2.9056122448979593
EMD,0.23979591836734693,0.33418367346938777,2.0841836734693877
EME1,0.6403061224489796,0.012755102040816327,3.3239795918367347
EME2,0.4387755102040816,0.0663265306122449,2.6301020408163267
EMG1,0.6198979591836735,0.017857142857142856,3.2551020408163267
EML1,0.5076530612244898,0.04846938775510204,2.788265306122449
EML4,0.625,0.017857142857142856,3.2653061224489797
EMSY,0.5561224489795918,0.025510204081632654,3.076530612244898
ENAH,0.6607142857142857,0.02040816326530612,3.2091836734693877
ENAM,0.5025510204081632,0.03571428571428571,2.872448979591837
ENC1,0.3622448979591837,0.12244897959183673,2.420918367346939
ENDOG,0.46683673469387754,0.09438775510204081,2.6785714285714284
ENG,0.4719387755102041,0.09693877551020408,2.673469387755102
ENGASE,0.6887755102040817,0.012755102040816327,3.4668367346938775
ENKUR,0.5841836734693877,0.04336734693877551,3.1989795918367347
ENO1,0.5739795918367347,0.03826530612244898,2.9719387755102042
ENO2,0.6224489795918368,0.017857142857142856,3.2627551020408165
ENO3,0.37755102040816324,0.11989795918367346,2.489795918367347
ENPEP,0.461734693877551,0.06377551020408163,2.683673469387755
ENPP2,0.7168367346938775,0.01020408163265306,4.071428571428571
ENPP3,0.4489795918367347,0.06887755102040816,2.635204081632653
ENPP6,0.413265306122449,0.08163265306122448,2.579081632653061
ENPP7,0.6862244897959183,0.012755102040816327,3.479591836734694
ENSA,0.7168367346938775,0.01020408163265306,4.033163265306122
ENTPD2,0.4744897959183674,0.09948979591836735,2.7193877551020407
ENTPD3,0.5331632653061225,0.03316326530612245,3.086734693877551
ENTPD4,0.23979591836734693,0.22704081632653061,2.211734693877551
ENTPD5,0.49744897959183676,0.04336734693877551,2.7627551020408165
ENTPD6,0.6760204081632653,0.007653061224489796,3.520408163265306
ENTPD8,0.47959183673469385,0.09693877551020408,2.7346938775510203
ENY2,0.7193877551020408,0.012755102040816327,4.091836734693878
EOGT,0.47959183673469385,0.07653061224489796,2.9158163265306123
EOMES,0.5637755102040817,0.030612244897959183,3.2857142857142856
EP300,0.4336734693877551,0.07908163265306123,2.579081632653061
EPAS1,0.6352040816326531,0.015306122448979591,3.318877551020408
EPB41,0.5663265306122449,0.03571428571428571,2.920918367346939
EPB41L1,0.7168367346938775,0.002551020408163265,3.739795918367347
EPB41L2,0.4489795918367347,0.06887755102040816,2.625
EPB41L3,0.5637755102040817,0.03826530612244898,3.3494897959183674
EPB41L5,0.5331632653061225,0.04081632653061224,2.8877551020408165
EPC1,0.5790816326530612,0.05102040816326531,3.186224489795918
EPC2,0.4923469387755102,0.04081632653061224,2.8010204081632653
EPCAM,0.6301020408163265,0.015306122448979591,3.3010204081632653
EPGN,0.5051020408163265,0.03571428571428571,2.936224489795918
EPHA1,0.5994897959183674,0.012755102040816327,3.24234693877551
EPHA10,0.5892857142857143,0.02040816326530612,3.0510204081632653
EPHA2,0.5637755102040817,0.03571428571428571,2.9489795918367347
EPHA3,0.5586734693877551,0.04591836734693878,3.36734693877551
EPHA4,0.3469387755102041,0.10714285714285714,2.4642857142857144
EPHA5,0.49744897959183676,0.03826530612244898,2.816326530612245
EPHA7,0.42857142857142855,0.08163265306122448,2.548469387755102
EPHA8,0.5637755102040817,0.03826530612244898,2.954081632653061
EPHB1,0.6683673469387755,0.012755102040816327,3.5229591836734695
EPHB2,0.5637755102040817,0.03826530612244898,2.954081632653061
EPHB3,0.6989795918367347,0.00510204081632653,3.7244897959183674
EPHB4,0.6071428571428571,0.00510204081632653,3.298469387755102
EPHB6,0.5994897959183674,0.012755102040816327,3.2346938775510203
EPHX1,0.6607142857142857,0.02040816326530612,3.2091836734693877
EPHX2,0.25510204081632654,0.21173469387755103,2.2627551020408165
EPM2A,0.4413265306122449,0.06887755102040816,2.5892857142857144
EPM2AIP1,0.548469387755102,0.030612244897959183,3.229591836734694
EPN1,0.6556122448979592,0.025510204081632654,3.4158163265306123
EPN2,0.41836734693877553,0.09438775510204081,2.7066326530612246
EPN3,0.6403061224489796,0.012755102040816327,3.3520408163265305
EPO,0.6071428571428571,0.007653061224489796,3.295918367346939
EPOR,0.5637755102040817,0.05102040816326531,2.913265306122449
EPPK1,0.6989795918367347,0.01020408163265306,3.857142857142857
EPS15,0.5994897959183674,0.02040816326530612,3.056122448979592
EPS15L1,0.5459183673469388,0.04591836734693878,2.8341836734693877
EPS8L2,0.3469387755102041,0.09693877551020408,2.4107142857142856
ERAL1,0.6530612244897959,0.012755102040816327,3.50765306122449
ERBB2,0.6352040816326531,0.012755102040816327,4.025510204081633
ERBB3,0.6045918367346939,0.025510204081632654,3.0408163265306123
ERBB4,0.37755102040816324,0.08673469387755102,2.5051020408163267
ERBIN,0.3494897959183674,0.12755102040816327,2.395408163265306
ERC1,0.6275510204081632,0.02295918367346939,3.308673469387755
ERCC1,0.6403061224489796,0.017857142857142856,3.4005102040816326
ERCC2,0.6428571428571429,0.017857142857142856,3.4183673469387754
ERCC3,0.5229591836734694,0.04846938775510204,2.854591836734694
ERCC4,0.5306122448979592,0.03571428571428571,2.9158163265306123
ERCC6,0.4719387755102041,0.05102040816326531,2.7908163265306123
ERCC6L,0.2066326530612245,0.34438775510204084,2.0255102040816326
ERCC8,0.3647959183673469,0.11734693877551021,2.4693877551020407
EREG,0.5051020408163265,0.03571428571428571,2.936224489795918
ERF,0.6403061224489796,0.015306122448979591,3.4005102040816326
ERG28,0.5051020408163265,0.04591836734693878,2.7908163265306123
ERGIC1,0.413265306122449,0.09948979591836735,2.520408163265306
ERGIC2,0.6275510204081632,0.02295918367346939,3.329081632653061
ERGIC3,0.7219387755102041,0.00510204081632653,3.8698979591836733
ERH,0.48214285714285715,0.04846938775510204,2.7270408163265305
ERLEC1,0.6428571428571429,0.017857142857142856,3.375
ERLIN1,0.4260204081632653,0.08418367346938775,2.566326530612245
ERMAP,0.5969387755102041,0.017857142857142856,3.211734693877551
ERN1,0.6938775510204082,0.01020408163265306,3.5739795918367347
ERO1A,0.48214285714285715,0.04336734693877551,2.760204081632653
ERO1B,0.6607142857142857,0.017857142857142856,3.2729591836734695
ERP27,0.5994897959183674,0.025510204081632654,3.1581632653061225
ERP44,0.4413265306122449,0.1096938775510204,2.635204081632653
ERRFI1,0.5739795918367347,0.03826530612244898,2.9719387755102042
ERVW-1,0.6020408163265306,0.00510204081632653,3.326530612244898
ESAM,0.461734693877551,0.07142857142857142,2.711734693877551
ESCO1,0.5561224489795918,0.03826530612244898,3.020408163265306
ESCO2,0.25510204081632654,0.21173469387755103,2.2755102040816326
ESD,0.41836734693877553,0.11224489795918367,2.6581632653061225
ESF1,0.6581632653061225,0.01020408163265306,3.538265306122449
ESPL1,0.5994897959183674,0.02806122448979592,2.9948979591836733
ESR1,0.42346938775510207,0.07397959183673469,2.548469387755102
ESR2,0.4719387755102041,0.04591836734693878,2.7346938775510203
ESRP1,0.7066326530612245,0.015306122448979591,4.071428571428571
ESRP2,0.5280612244897959,0.03571428571428571,3.0433673469387754
ESRRA,0.5714285714285714,0.012755102040816327,3.0127551020408165
ESRRB,0.5051020408163265,0.04591836734693878,2.798469387755102
ESRRG,0.6428571428571429,0.03316326530612245,3.201530612244898
ESS2,0.5127551020408163,0.061224489795918366,2.9030612244897958
ESYT1,0.6045918367346939,0.025510204081632654,3.0408163265306123
ESYT2,0.5790816326530612,0.02806122448979592,3.1301020408163267
ESYT3,0.6760204081632653,0.01020408163265306,3.5535714285714284
ETF1,0.42091836734693877,0.08673469387755102,2.5408163265306123
ETFA,0.5051020408163265,0.05102040816326531,2.704081632653061
ETFB,0.6428571428571429,0.025510204081632654,3.3392857142857144
ETFBKMT,0.6301020408163265,0.012755102040816327,3.364795918367347
ETFDH,0.42091836734693877,0.07397959183673469,2.614795918367347
ETFRF1,0.6147959183673469,0.02040816326530612,3.395408163265306
ETHE1,0.6428571428571429,0.015306122448979591,3.436224489795918
ETNK1,0.6045918367346939,0.017857142857142856,3.247448979591837
ETS1,0.4642857142857143,0.07653061224489796,2.7270408163265305
ETS2,0.5561224489795918,0.03316326530612245,3.1505102040816326
ETV1,0.6556122448979592,0.015306122448979591,3.622448979591837
ETV3,0.6989795918367347,0.012755102040816327,3.5892857142857144
ETV4,0.6198979591836735,0.02040816326530612,3.2142857142857144
ETV5,0.6964285714285714,0.00510204081632653,3.711734693877551
ETV6,0.5969387755102041,0.030612244897959183,3.1556122448979593
ETV7,0.5714285714285714,0.02040816326530612,3.0280612244897958
EVA1A,0.6352040816326531,0.02040816326530612,3.3443877551020407
EVA1C,0.5688775510204082,0.02806122448979592,3.1683673469387754
EVC,0.4872448979591837,0.05612244897959184,2.7908163265306123
EVC2,0.48214285714285715,0.05612244897959184,2.788265306122449
EVI2A,0.6326530612244898,0.02040816326530612,3.431122448979592
EVI2B,0.6326530612244898,0.02040816326530612,3.431122448979592
EVI5,0.5714285714285714,0.04081632653061224,2.9464285714285716
EVL,0.5102040816326531,0.04846938775510204,2.7933673469387754
EVPL,0.6887755102040817,0.01020408163265306,3.4846938775510203
EWSR1,0.5204081632653061,0.06377551020408163,2.989795918367347
EXO1,0.6530612244897959,0.017857142857142856,3.2551020408163267
EXOC1,0.5357142857142857,0.025510204081632654,2.9566326530612246
EXOC2,0.5204081632653061,0.05357142857142857,2.9642857142857144
EXOC3,0.7117346938775511,0.01020408163265306,4.13265306122449
EXOC3L1,0.5229591836734694,0.03571428571428571,2.989795918367347
EXOC4,0.5892857142857143,0.012755102040816327,3.267857142857143
EXOC5,0.4744897959183674,0.04336734693877551,2.747448979591837
EXOC6,0.4260204081632653,0.07397959183673469,2.5714285714285716
EXOC6B,0.6326530612244898,0.017857142857142856,3.3443877551020407
EXOC7,0.6862244897959183,0.01020408163265306,3.489795918367347
EXOC8,0.6607142857142857,0.02040816326530612,3.2448979591836733
EXOSC1,0.43112244897959184,0.07653061224489796,2.5841836734693877
EXOSC10,0.5688775510204082,0.03826530612244898,2.9770408163265305
EXOSC2,0.46938775510204084,0.10204081632653061,2.673469387755102
EXOSC3,0.42346938775510207,0.08928571428571429,2.7168367346938775
EXOSC4,0.6989795918367347,0.01020408163265306,3.857142857142857
EXOSC5,0.6403061224489796,0.015306122448979591,3.392857142857143
EXOSC6,0.5280612244897959,0.03571428571428571,3.0510204081632653
EXOSC7,0.5102040816326531,0.03826530612244898,3.0051020408163267
EXOSC8,0.4872448979591837,0.061224489795918366,2.864795918367347
EXOSC9,0.45663265306122447,0.058673469387755105,2.693877551020408
EXPH5,0.4336734693877551,0.07397959183673469,2.7372448979591835
EXT1,0.7168367346938775,0.012755102040816327,4.0561224489795915
EXT2,0.4107142857142857,0.08163265306122448,2.556122448979592
EXTL1,0.5612244897959183,0.03316326530612245,2.920918367346939
EXTL2,0.5714285714285714,0.03571428571428571,2.923469387755102
EXTL3,0.25255102040816324,0.20918367346938777,2.247448979591837
EYA1,0.7040816326530612,0.007653061224489796,3.8494897959183674
EYA2,0.7168367346938775,0.007653061224489796,3.7066326530612246
EYA3,0.5561224489795918,0.03826530612244898,2.885204081632653
EYA4,0.44642857142857145,0.06887755102040816,2.627551020408163
EZH1,0.625,0.015306122448979591,3.2142857142857144
EZH2,0.576530612244898,0.012755102040816327,3.1607142857142856
EZR,0.4260204081632653,0.07908163265306123,2.5510204081632653
F10,0.5892857142857143,0.017857142857142856,3.270408163265306
F11,0.4107142857142857,0.09438775510204081,2.563775510204082
F11R,0.7168367346938775,0.012755102040816327,4.594387755102041
F12,0.40816326530612246,0.09948979591836735,2.50765306122449
F13A1,0.5918367346938775,0.017857142857142856,3.2551020408163267
F13B,0.6403061224489796,0.02040816326530612,3.2755102040816326
F2,0.4336734693877551,0.07142857142857142,2.6198979591836733
F2R,0.36989795918367346,0.12244897959183673,2.438775510204082
F2RL1,0.37244897959183676,0.125,2.443877551020408
F2RL2,0.36989795918367346,0.12244897959183673,2.438775510204082
F2RL3,0.5459183673469388,0.04336734693877551,2.8341836734693877
F3,0.576530612244898,0.04081632653061224,2.9591836734693877
F5,0.6964285714285714,0.012755102040816327,3.8469387755102042
F7,0.5867346938775511,0.017857142857142856,3.267857142857143
F8,0.23979591836734693,0.33418367346938777,2.0918367346938775
F9,0.2193877551020408,0.336734693877551,2.0331632653061225
FA2H,0.5127551020408163,0.03826530612244898,3.0
FAAH,0.5994897959183674,0.02040816326530612,3.063775510204082
FAAP100,0.6836734693877551,0.012755102040816327,3.4719387755102042
FAAP24,0.6352040816326531,0.015306122448979591,3.4846938775510203
FABP1,0.6326530612244898,0.02040816326530612,3.25765306122449
FABP2,0.45918367346938777,0.058673469387755105,2.704081632653061
FABP3,0.5714285714285714,0.03571428571428571,2.9285714285714284
FABP4,0.701530612244898,0.015306122448979591,3.997448979591837
FABP5,0.701530612244898,0.015306122448979591,3.9744897959183674
FABP7,0.4336734693877551,0.07908163265306123,2.5918367346938775
FADD,0.6352040816326531,0.012755102040816327,3.7780612244897958
FADS1,0.5841836734693877,0.01020408163265306,3.0433673469387754
FADS2,0.5841836734693877,0.01020408163265306,3.045918367346939
FADS6,0.6913265306122449,0.01020408163265306,3.4846938775510203
FAF1,0.5994897959183674,0.02040816326530612,3.058673469387755
FAF2,0.40561224489795916,0.09438775510204081,2.5153061224489797
FAH,0.5076530612244898,0.04846938775510204,2.688775510204082
FAHD1,0.4387755102040816,0.0663265306122449,2.6301020408163267
FAIM,0.6760204081632653,0.01020408163265306,3.556122448979592
FAM110A,0.6556122448979592,0.012755102040816327,3.4668367346938775
FAM110B,0.6709183673469388,0.015306122448979591,3.6556122448979593
FAM110C,0.6301020408163265,0.02040816326530612,3.3494897959183674
FAM120B,0.4260204081632653,0.08163265306122448,2.5739795918367347
FAM13A,0.461734693877551,0.05102040816326531,2.739795918367347
FAM13B,0.42091836734693877,0.08673469387755102,2.538265306122449
FAM161A,0.6454081632653061,0.017857142857142856,3.4489795918367347
FAM20A,0.6989795918367347,0.012755102040816327,3.5433673469387754
FAM20B,0.6836734693877551,0.015306122448979591,3.461734693877551
FAM20C,0.6581632653061225,0.017857142857142856,3.5127551020408165
FAM220A,0.6556122448979592,0.007653061224489796,3.5918367346938775
FAM3C,0.5918367346938775,0.012755102040816327,3.232142857142857
FAM83D,0.7168367346938775,0.00510204081632653,3.673469387755102
FAM8A1,0.6071428571428571,0.015306122448979591,3.61734693877551
FAM98B,0.46938775510204084,0.061224489795918366,2.61734693877551
FAM9A,0.23469387755102042,0.34438775510204084,2.066326530612245
FAN1,0.46938775510204084,0.0663265306122449,2.627551020408163
FANCA,0.5127551020408163,0.04846938775510204,2.9030612244897958
FANCC,0.4489795918367347,0.1096938775510204,2.6556122448979593
FANCD2,0.6122448979591837,0.02295918367346939,3.6530612244897958
FANCE,0.5816326530612245,0.017857142857142856,3.0229591836734695
FANCF,0.3647959183673469,0.09183673469387756,2.4693877551020407
FANCG,0.43112244897959184,0.08163265306122448,2.760204081632653
FANCI,0.5255102040816326,0.04846938775510204,2.752551020408163
FANCL,0.6454081632653061,0.017857142857142856,3.3903061224489797
FANCM,0.47959183673469385,0.04081632653061224,2.752551020408163
FAR1,0.3520408163265306,0.09438775510204081,2.502551020408163
FAR2,0.625,0.02040816326530612,3.3239795918367347
FARP1,0.5790816326530612,0.015306122448979591,3.204081632653061
FARP2,0.35459183673469385,0.13010204081632654,2.395408163265306
FARS2,0.5816326530612245,0.02295918367346939,3.186224489795918
FARSA,0.5510204081632653,0.04846938775510204,2.8418367346938775
FARSB,0.3469387755102041,0.10714285714285714,2.4566326530612246
FAS,0.43112244897959184,0.08418367346938775,2.558673469387755
FASLG,0.6938775510204082,0.012755102040816327,3.732142857142857
FASN,0.6811224489795918,0.012755102040816327,3.455242966751918
FASTK,0.5867346938775511,0.012755102040816327,3.1989795918367347
FASTKD2,0.41581632653061223,0.07653061224489796,2.5739795918367347
FAT1,0.413265306122449,0.08928571428571429,2.5892857142857144
FAT4,0.45153061224489793,0.061224489795918366,2.645408163265306
FBF1,0.6887755102040817,0.01020408163265306,3.4846938775510203
FBH1,0.6607142857142857,0.025510204081632654,3.75765306122449
FBL,0.6326530612244898,0.02040816326530612,3.5714285714285716
FBLIM1,0.5663265306122449,0.03571428571428571,2.954081632653061
FBLL1,0.4030612244897959,0.10459183673469388,2.502551020408163
FBLN1,0.4413265306122449,0.08928571428571429,2.5841836734693877
FBLN2,0.6045918367346939,0.02040816326530612,3.8035714285714284
FBLN5,0.5102040816326531,0.05357142857142857,2.7755102040816326
FBN1,0.4872448979591837,0.058673469387755105,2.681122448979592
FBN2,0.41836734693877553,0.10459183673469388,2.5280612244897958
FBN3,0.5561224489795918,0.05612244897959184,2.854591836734694
FBP1,0.45153061224489793,0.1096938775510204,2.663265306122449
FBP2,0.45153061224489793,0.1096938775510204,2.663265306122449
FBXL12,0.5714285714285714,0.05357142857142857,2.913265306122449
FBXL14,0.6275510204081632,0.02295918367346939,3.308673469387755
FBXL2,0.5586734693877551,0.030612244897959183,3.247448979591837
FBXL20,0.6352040816326531,0.015306122448979591,3.461734693877551
FBXL3,0.5382653061224489,0.03316326530612245,3.127551020408163
FBXL4,0.42091836734693877,0.08673469387755102,2.5408163265306123
FBXL5,0.4846938775510204,0.05357142857142857,2.7857142857142856
FBXL7,0.7091836734693877,0.012755102040816327,4.130102040816326
FBXO10,0.42091836734693877,0.08928571428571429,2.7270408163265305
FBXO11,0.6301020408163265,0.015306122448979591,3.3035714285714284
FBXO15,0.42346938775510207,0.10459183673469388,2.568877551020408
FBXO17,0.6377551020408163,0.017857142857142856,3.7066326530612246
FBXO2,0.5663265306122449,0.03826530612244898,2.9719387755102042
FBXO21,0.6301020408163265,0.017857142857142856,3.1377551020408165
FBXO22,0.5076530612244898,0.05102040816326531,2.7066326530612246
FBXO25,0.288265306122449,0.22448979591836735,2.3214285714285716
FBXO27,0.6377551020408163,0.017857142857142856,3.6556122448979593
FBXO3,0.3979591836734694,0.07908163265306123,2.75
FBXO31,0.5102040816326531,0.04336734693877551,2.913265306122449
FBXO38,0.42346938775510207,0.08418367346938775,2.545918367346939
FBXO4,0.6964285714285714,0.007653061224489796,3.9668367346938775
FBXO40,0.6658163265306123,0.015306122448979591,3.5
FBXO44,0.5663265306122449,0.03826530612244898,2.9719387755102042
FBXO45,0.6964285714285714,0.007653061224489796,3.681122448979592
FBXO5,0.42857142857142855,0.07397959183673469,2.5433673469387754
FBXO6,0.5663265306122449,0.03826530612244898,2.9719387755102042
FBXO7,0.5076530612244898,0.0663265306122449,2.877551020408163
FBXO8,0.42091836734693877,0.09183673469387756,2.586734693877551
FBXO9,0.5714285714285714,0.02806122448979592,3.076530612244898
FBXW11,0.4107142857142857,0.10204081632653061,2.5051020408163267
FBXW2,0.45663265306122447,0.10204081632653061,2.645408163265306
FBXW4,0.413265306122449,0.08163265306122448,2.558673469387755
FBXW5,0.4744897959183674,0.09948979591836735,2.7193877551020407
FBXW7,0.4260204081632653,0.07908163265306123,2.6301020408163267
FBXW8,0.6301020408163265,0.017857142857142856,3.1377551020408165
FCAR,0.6581632653061225,0.02295918367346939,3.4183673469387754
FCER1A,0.7091836734693877,0.012755102040816327,3.9744897959183674
FCER1G,0.7142857142857143,0.012755102040816327,4.589285714285714
FCER2,0.5561224489795918,0.058673469387755105,2.8469387755102042
FCF1,0.5076530612244898,0.04336734693877551,2.795918367346939
FCGR1A,0.7040816326530612,0.012755102040816327,3.798469387755102
FCGR2A,0.7066326530612245,0.012755102040816327,4.354591836734694
FCGR2B,0.7040816326530612,0.012755102040816327,4.280612244897959
FCGRT,0.6403061224489796,0.025510204081632654,3.2831632653061225
FCN1,0.4744897959183674,0.09693877551020408,2.691326530612245
FCN2,0.4744897959183674,0.09693877551020408,2.691326530612245
FCN3,0.5586734693877551,0.03826530612244898,2.8801020408163267
FDPS,0.7066326530612245,0.012755102040816327,3.6581632653061225
FDX1,0.4362244897959184,0.07142857142857142,2.7142857142857144
FDX2,0.5688775510204082,0.05612244897959184,2.9183673469387754
FDXR,0.6913265306122449,0.01020408163265306,3.4846938775510203
FECH,0.4107142857142857,0.1096938775510204,2.558673469387755
FEM1A,0.5382653061224489,0.061224489795918366,2.8010204081632653
FEM1B,0.5076530612244898,0.04081632653061224,2.7219387755102042
FEM1C,0.40561224489795916,0.10714285714285714,2.5408163265306123
FEN1,0.5867346938775511,0.01020408163265306,3.045918367346939
FER,0.39540816326530615,0.10459183673469388,2.4872448979591835
FERD3L,0.6581632653061225,0.012755102040816327,3.711734693877551
FERMT1,0.6505102040816326,0.012755102040816327,3.454081632653061
FERMT2,0.48214285714285715,0.04336734693877551,2.760204081632653
FERMT3,0.5714285714285714,0.012755102040816327,3.020408163265306
FES,0.5229591836734694,0.05102040816326531,2.7372448979591835
FEZ1,0.461734693877551,0.07142857142857142,2.7168367346938775
FEZF2,0.4744897959183674,0.07653061224489796,2.877551020408163
FFAR1,0.6377551020408163,0.012755102040816327,3.510204081632653
FFAR2,0.6377551020408163,0.012755102040816327,3.510204081632653
FFAR3,0.6377551020408163,0.012755102040816327,3.510204081632653
FGB,0.42346938775510207,0.07142857142857142,2.6403061224489797
FGD1,0.23214285714285715,0.32142857142857145,2.063775510204082
FGD2,0.5739795918367347,0.017857142857142856,3.0408163265306123
FGD3,0.45408163265306123,0.1096938775510204,2.6989795918367347
FGD4,0.6275510204081632,0.015306122448979591,3.2933673469387754
FGF1,0.41581632653061223,0.08418367346938775,2.548469387755102
FGF10,0.6938775510204082,0.012755102040816327,3.9642857142857144
FGF12,0.7066326530612245,0.007653061224489796,3.7142857142857144
FGF13,0.2193877551020408,0.336734693877551,2.0357142857142856
FGF14,0.5714285714285714,0.017857142857142856,3.201530612244898
FGF17,0.24489795918367346,0.22193877551020408,2.2270408163265305
FGF18,0.4107142857142857,0.10204081632653061,2.50765306122449
FGF19,0.6403061224489796,0.012755102040816327,4.39030612244898
FGF2,0.45408163265306123,0.06377551020408163,2.6760204081632653
FGF20,0.24489795918367346,0.22193877551020408,2.2346938775510203
FGF22,0.5153061224489796,0.07397959183673469,2.760204081632653
FGF23,0.6224489795918368,0.02295918367346939,3.2627551020408165
FGF3,0.6403061224489796,0.012755102040816327,4.313775510204081
FGF4,0.6403061224489796,0.012755102040816327,4.385204081632653
FGF5,0.46683673469387754,0.04336734693877551,2.75765306122449
FGF6,0.6224489795918368,0.02295918367346939,3.2627551020408165
FGF7,0.49489795918367346,0.058673469387755105,2.7091836734693877
FGF8,0.413265306122449,0.08163265306122448,2.558673469387755
FGF9,0.5331632653061225,0.030612244897959183,3.0280612244897958
FGFBP1,0.4872448979591837,0.05357142857142857,2.7908163265306123
FGFR1,0.45918367346938777,0.10204081632653061,3.3010204081632653
FGFR1OP2,0.6147959183673469,0.02295918367346939,3.3801020408163267
FGFR2,0.4489795918367347,0.07397959183673469,2.6785714285714284
FGFR3,0.49744897959183676,0.05357142857142857,2.8801020408163267
FGFR4,0.40816326530612246,0.09693877551020408,2.5153061224489797
FGFRL1,0.4923469387755102,0.05357142857142857,2.8035714285714284
FGG,0.42346938775510207,0.07142857142857142,2.6403061224489797
FGL1,0.24489795918367346,0.22193877551020408,2.232142857142857
FGR,0.5586734693877551,0.03826530612244898,2.8877551020408165
FH,0.6556122448979592,0.017857142857142856,3.25765306122449
FHL1,0.2193877551020408,0.34438775510204084,2.0306122448979593
FHL2,0.5459183673469388,0.03316326530612245,2.9693877551020407
FHL5,0.42346938775510207,0.08673469387755102,2.556122448979592
FHOD1,0.5229591836734694,0.03571428571428571,2.989795918367347
FIBP,0.5892857142857143,0.012755102040816327,3.1020408163265305
FIG4,0.413265306122449,0.09183673469387756,2.50765306122449
FIGLA,0.6403061224489796,0.017857142857142856,3.372448979591837
FIP1L1,0.5357142857142857,0.02806122448979592,2.885204081632653
FIS1,0.6045918367346939,0.007653061224489796,3.295918367346939
FIZ1,0.6556122448979592,0.02806122448979592,3.413265306122449
FJX1,0.4030612244897959,0.07397959183673469,2.7219387755102042
FKBP10,0.6275510204081632,0.012755102040816327,3.2193877551020407
FKBP15,0.461734693877551,0.09693877551020408,2.663265306122449
FKBP1A,0.6556122448979592,0.012755102040816327,3.443877551020408
FKBP1B,0.6352040816326531,0.015306122448979591,3.2933673469387754
FKBP3,0.47959183673469385,0.04081632653061224,2.752551020408163
FKBP4,0.625,0.02295918367346939,3.2653061224489797
FKBP5,0.5790816326530612,0.017857142857142856,3.020408163265306
FKBP6,0.6071428571428571,0.00510204081632653,3.2831632653061225
FKBP7,0.47959183673469385,0.03826530612244898,2.818877551020408
FKBP8,0.5663265306122449,0.04591836734693878,2.8698979591836733
FKBP9,0.6505102040816326,0.015306122448979591,3.497448979591837
FKBPL,0.5969387755102041,0.017857142857142856,3.076530612244898
FKRP,0.6377551020408163,0.02295918367346939,3.25765306122449
FKTN,0.45408163265306123,0.1096938775510204,2.6760204081632653
FLAD1,0.6989795918367347,0.01020408163265306,3.673469387755102
FLCN,0.34438775510204084,0.12755102040816327,2.4107142857142856
FLG,0.7117346938775511,0.01020408163265306,3.808673469387755
FLI1,0.461734693877551,0.07653061224489796,2.729591836734694
FLII,0.3673469387755102,0.10714285714285714,2.49234693877551
FLNA,0.23979591836734693,0.33418367346938777,2.0841836734693877
FLNB,0.47959183673469385,0.06887755102040816,2.864795918367347
FLNC,0.5918367346938775,0.012755102040816327,3.2091836734693877
FLOT1,0.6071428571428571,0.015306122448979591,3.2219387755102042
FLOT2,0.6530612244897959,0.012755102040816327,3.50765306122449
FLRT1,0.5714285714285714,0.012755102040816327,3.020408163265306
FLRT2,0.5204081632653061,0.04846938775510204,2.8801020408163267
FLRT3,0.6556122448979592,0.012755102040816327,3.5153061224489797
FLT1,0.5663265306122449,0.02295918367346939,3.1096938775510203
FLT3,0.5637755102040817,0.02295918367346939,3.127551020408163
FLT3LG,0.6403061224489796,0.025510204081632654,3.2780612244897958
FLT4,0.41581632653061223,0.09183673469387756,2.5255102040816326
FMC1,0.5918367346938775,0.012755102040816327,3.2168367346938775
FMN1,0.4744897959183674,0.06377551020408163,2.63265306122449
FMNL1,0.6173469387755102,0.017857142857142856,3.1989795918367347
FMNL2,0.48214285714285715,0.04336734693877551,2.770408163265306
FMNL3,0.5969387755102041,0.025510204081632654,2.99234693877551
FMO1,0.6913265306122449,0.012755102040816327,3.75
FMO2,0.6913265306122449,0.012755102040816327,3.75
FMO3,0.6913265306122449,0.012755102040816327,3.752551020408163
FMO4,0.6913265306122449,0.012755102040816327,3.7627551020408165
FMO5,0.7040816326530612,0.012755102040816327,3.767857142857143
FMOD,0.6275510204081632,0.02040816326530612,3.0841836734693877
FMR1,0.2423469387755102,0.33418367346938777,2.076530612244898
FN1,0.35714285714285715,0.09948979591836735,2.4464285714285716
FNBP1,0.4642857142857143,0.09948979591836735,2.6607142857142856
FNBP1L,0.5790816326530612,0.03826530612244898,2.9948979591836733
FNDC5,0.5714285714285714,0.030612244897959183,2.9107142857142856
FNIP1,0.42091836734693877,0.10204081632653061,2.5408163265306123
FNIP2,0.42091836734693877,0.07397959183673469,2.614795918367347
FNTA,0.5306122448979592,0.07653061224489796,3.2831632653061225
FNTB,0.4770408163265306,0.04591836734693878,2.7372448979591835
FOLH1,0.4642857142857143,0.0663265306122449,2.6964285714285716
FOLR1,0.5790816326530612,0.02295918367346939,3.122448979591837
FOS,0.5076530612244898,0.04336734693877551,2.795918367346939
FOSB,0.6428571428571429,0.017857142857142856,3.4081632653061225
FOSL1,0.5892857142857143,0.012755102040816327,3.0994897959183674
FOSL2,0.6275510204081632,0.015306122448979591,3.311224489795918
FOXA1,0.4719387755102041,0.04336734693877551,2.7448979591836733
FOXA2,0.6836734693877551,0.007653061224489796,3.5841836734693877
FOXA3,0.6403061224489796,0.017857142857142856,3.377551020408163
FOXD3,0.5892857142857143,0.025510204081632654,3.0280612244897958
FOXE1,0.4362244897959184,0.11479591836734694,2.6096938775510203
FOXG1,0.4846938775510204,0.04591836734693878,2.7780612244897958
FOXH1,0.6938775510204082,0.012755102040816327,3.846547314578005
FOXJ1,0.6862244897959183,0.01020408163265306,3.489795918367347
FOXK1,0.6530612244897959,0.015306122448979591,3.5306122448979593
FOXK2,0.6811224489795918,0.017857142857142856,3.4285714285714284
FOXM1,0.6224489795918368,0.02295918367346939,3.2627551020408165
FOXN1,0.6479591836734694,0.012755102040816327,3.4668367346938775
FOXN3,0.5102040816326531,0.05357142857142857,2.7933673469387754
FOXN4,0.6173469387755102,0.02040816326530612,3.056122448979592
FOXO1,0.45408163265306123,0.08418367346938775,2.788265306122449
FOXO3,0.41581632653061223,0.09438775510204081,2.5127551020408165
FOXO4,0.2066326530612245,0.3469387755102041,2.0306122448979593
FOXP2,0.5943877551020408,0.01020408163265306,3.2857142857142856
FOXP3,0.22704081632653061,0.34183673469387754,2.0357142857142856
FOXR1,0.45408163265306123,0.07653061224489796,2.7142857142857144
FOXRED1,0.461734693877551,0.07142857142857142,2.7168367346938775
FOXRED2,0.46938775510204084,0.07397959183673469,2.7755102040816326
FPGS,0.4719387755102041,0.09693877551020408,2.670918367346939
FPR1,0.6403061224489796,0.025510204081632654,3.3443877551020407
FPR2,0.6403061224489796,0.025510204081632654,3.3443877551020407
FRA10AC1,0.4260204081632653,0.07908163265306123,2.579081632653061
FRAS1,0.48214285714285715,0.04081632653061224,2.7908163265306123
FRAT1,0.43112244897959184,0.07653061224489796,2.5816326530612246
FREM2,0.47959183673469385,0.07142857142857142,2.8698979591836733
FRG1,0.4362244897959184,0.10459183673469388,2.625
FRG2,0.4362244897959184,0.10459183673469388,2.625
FRK,0.4107142857142857,0.09183673469387756,2.520408163265306
FRMD1,0.42091836734693877,0.08928571428571429,2.566326530612245
FRMD6,0.48214285714285715,0.04591836734693878,2.75765306122449
FRS2,0.6352040816326531,0.02040816326530612,4.571428571428571
FRS3,0.5663265306122449,0.015306122448979591,3.170918367346939
FSCN1,0.6556122448979592,0.01020408163265306,3.556122448979592
FSHB,0.3852040816326531,0.08673469387755102,2.5408163265306123
FSHR,0.6352040816326531,0.015306122448979591,3.3341836734693877
FST,0.42346938775510207,0.08928571428571429,2.6607142857142856
FSTL1,0.6658163265306123,0.015306122448979591,3.4948979591836733
FSTL3,0.5153061224489796,0.07142857142857142,2.75765306122449
FTCD,0.5663265306122449,0.03316326530612245,3.1658163265306123
FTH1,0.5790816326530612,0.01020408163265306,3.038265306122449
FTL,0.6377551020408163,0.025510204081632654,3.2627551020408165
FTO,0.4846938775510204,0.04336734693877551,2.813775510204082
FTSJ3,0.6938775510204082,0.01020408163265306,3.576530612244898
FUBP1,0.5841836734693877,0.02806122448979592,3.0714285714285716
FUBP3,0.4642857142857143,0.10204081632653061,2.6607142857142856
FUCA1,0.5663265306122449,0.03826530612244898,2.933673469387755
FUCA2,0.4413265306122449,0.06887755102040816,2.6096938775510203
FURIN,0.5229591836734694,0.05102040816326531,2.7372448979591835
FUS,0.576530612244898,0.025510204081632654,3.0127551020408165
FUT2,0.6352040816326531,0.025510204081632654,3.2448979591836733
FUT3,0.5382653061224489,0.061224489795918366,2.798469387755102
FUT4,0.49744897959183676,0.03826530612244898,2.8698979591836733
FUT7,0.4744897959183674,0.09948979591836735,2.7193877551020407
FUT8,0.4744897959183674,0.04846938775510204,2.729591836734694
FUT9,0.42346938775510207,0.08673469387755102,2.5051020408163267
FUZ,0.6403061224489796,0.025510204081632654,3.2831632653061225
FXN,0.45153061224489793,0.11734693877551021,2.622448979591837
FXR1,0.701530612244898,0.00510204081632653,3.739795918367347
FXR2,0.3673469387755102,0.125,2.441326530612245
FXYD1,0.6352040816326531,0.015306122448979591,3.5
FXYD2,0.4489795918367347,0.06887755102040816,2.686224489795918
FXYD3,0.6352040816326531,0.015306122448979591,3.4948979591836733
FXYD7,0.6352040816326531,0.015306122448979591,3.5
FYCO1,0.5051020408163265,0.03826530612244898,3.0153061224489797
FYN,0.42346938775510207,0.09183673469387756,2.5331632653061225
FYTTD1,0.6989795918367347,0.007653061224489796,3.6785714285714284
FZD1,0.6045918367346939,0.00510204081632653,3.295918367346939
FZD10,0.5943877551020408,0.03571428571428571,3.0153061224489797
FZD2,0.6147959183673469,0.02040816326530612,3.1989795918367347
FZD3,0.25510204081632654,0.21173469387755103,2.247448979591837
FZD4,0.5127551020408163,0.04336734693877551,2.9056122448979593
FZD5,0.413265306122449,0.07653061224489796,2.568877551020408
FZD6,0.7193877551020408,0.01020408163265306,4.464285714285714
FZD7,0.4362244897959184,0.061224489795918366,2.63265306122449
FZD8,0.5739795918367347,0.04081632653061224,3.191326530612245
FZD9,0.6071428571428571,0.00510204081632653,3.2831632653061225
FZR1,0.5204081632653061,0.06887755102040816,2.7857142857142856
G3BP1,0.41581632653061223,0.08673469387755102,2.5408163265306123
G3BP2,0.5025510204081632,0.03571428571428571,2.9107142857142856
G6PC3,0.6147959183673469,0.017857142857142856,3.211734693877551
G6PD,0.23979591836734693,0.33418367346938777,2.0841836734693877
GAA,0.6862244897959183,0.012755102040816327,3.4693877551020407
GAB1,0.45663265306122447,0.058673469387755105,2.7908163265306123
GAB2,0.5408163265306123,0.025510204081632654,3.1479591836734695
GABARAP,0.375,0.12244897959183673,2.461734693877551
GABARAPL1,0.6122448979591837,0.025510204081632654,3.2168367346938775
GABARAPL2,0.5127551020408163,0.03826530612244898,3.002551020408163
GABBR1,0.5994897959183674,0.012755102040816327,3.163265306122449
GABBR2,0.4387755102040816,0.11224489795918367,2.61734693877551
GABPA,0.5612244897959183,0.03826530612244898,3.142857142857143
GABPB1,0.5,0.058673469387755105,2.7066326530612246
GABPB2,0.7142857142857143,0.01020408163265306,3.936224489795918
GABRA1,0.4030612244897959,0.09693877551020408,2.502551020408163
GABRA2,0.5076530612244898,0.04846938775510204,2.798469387755102
GABRA3,0.23469387755102042,0.336734693877551,2.063775510204082
GABRA4,0.5076530612244898,0.04591836734693878,2.818877551020408
GABRA5,0.49489795918367346,0.058673469387755105,2.747448979591837
GABRA6,0.40561224489795916,0.09693877551020408,2.50765306122449
GABRB1,0.5076530612244898,0.04591836734693878,2.8239795918367347
GABRB2,0.40561224489795916,0.09693877551020408,2.50765306122449
GABRB3,0.49744897959183676,0.058673469387755105,2.75
GABRD,0.5714285714285714,0.03826530612244898,2.99234693877551
GABRE,0.22959183673469388,0.336734693877551,2.056122448979592
GABRG2,0.4030612244897959,0.09693877551020408,2.5
GABRG3,0.4846938775510204,0.058673469387755105,2.6989795918367347
GABRR1,0.42346938775510207,0.08163265306122448,2.556122448979592
GABRR2,0.42346938775510207,0.08163265306122448,2.5535714285714284
GAD1,0.4846938775510204,0.03826530612244898,2.8035714285714284
GAD2,0.5841836734693877,0.04591836734693878,3.2780612244897958
GADD45A,0.5867346938775511,0.02806122448979592,2.979591836734694
GADD45B,0.5255102040816326,0.0663265306122449,2.7806122448979593
GADD45G,0.45918367346938777,0.1096938775510204,2.6785714285714284
GADD45GIP1,0.5535714285714286,0.04846938775510204,2.8443877551020407
GAK,0.4897959183673469,0.05357142857142857,2.8010204081632653
GAL3ST1,0.5178571428571429,0.0663265306122449,3.0127551020408165
GAL3ST2,0.3520408163265306,0.1326530612244898,2.3801020408163267
GALC,0.5127551020408163,0.05357142857142857,2.818877551020408
GALE,0.5663265306122449,0.03826530612244898,2.933673469387755
GALK1,0.6887755102040817,0.01020408163265306,3.4846938775510203
GALK2,0.49489795918367346,0.058673469387755105,2.7091836734693877
GALM,0.625,0.017857142857142856,3.2780612244897958
GALNS,0.5127551020408163,0.04336734693877551,2.931122448979592
GALNT1,0.461734693877551,0.08418367346938775,2.7168367346938775
GALNT10,0.41581632653061223,0.08673469387755102,2.545918367346939
GALNT11,0.5867346938775511,0.02806122448979592,3.1607142857142856
GALNT12,0.4387755102040816,0.11479591836734694,2.6122448979591835
GALNT13,0.4872448979591837,0.04081632653061224,2.788265306122449
GALNT14,0.6301020408163265,0.017857142857142856,3.316326530612245
GALNT15,0.5943877551020408,0.02040816326530612,3.5357142857142856
GALNT16,0.48214285714285715,0.04846938775510204,2.7244897959183674
GALNT18,0.3469387755102041,0.08673469387755102,2.4591836734693877
GALNT2,0.6607142857142857,0.02040816326530612,3.2448979591836733
GALNT3,0.4846938775510204,0.03826530612244898,2.8316326530612246
GALNT4,0.5943877551020408,0.02806122448979592,3.020408163265306
GALNT6,0.6045918367346939,0.025510204081632654,3.058673469387755
GALNT7,0.42346938775510207,0.07908163265306123,2.607142857142857
GALNT8,0.6224489795918368,0.02295918367346939,3.267857142857143
GALR2,0.6862244897959183,0.01020408163265306,3.489795918367347
GALT,0.43112244897959184,0.08418367346938775,2.747448979591837
GAMT,0.5153061224489796,0.07142857142857142,2.747448979591837
GANAB,0.5790816326530612,0.007653061224489796,3.056122448979592
GAP43,0.6581632653061225,0.017857142857142856,3.4846938775510203
GAPDH,0.6301020408163265,0.017857142857142856,3.2729591836734695
GAPDHS,0.6403061224489796,0.012755102040816327,3.502551020408163
GAPVD1,0.45918367346938777,0.09948979591836735,2.6556122448979593
GAR1,0.461734693877551,0.06377551020408163,2.681122448979592
GART,0.5816326530612245,0.02806122448979592,3.1989795918367347
GAS1,0.45663265306122447,0.11224489795918367,2.673469387755102
GAS2,0.3647959183673469,0.09183673469387756,2.4693877551020407
GAS2L1,0.5204081632653061,0.06377551020408163,2.9948979591836733
GAS6,0.5867346938775511,0.017857142857142856,3.2729591836734695
GAST,0.6275510204081632,0.012755102040816327,3.2372448979591835
GATA1,0.22704081632653061,0.34183673469387754,2.0357142857142856
GATA2,0.6683673469387755,0.012755102040816327,3.5306122448979593
GATA3,0.673469387755102,0.02295918367346939,4.043367346938775
GATA4,0.25510204081632654,0.2193877551020408,2.260204081632653
GATA5,0.6913265306122449,0.012755102040816327,3.563775510204082
GATA6,0.5510204081632653,0.04081632653061224,3.020408163265306
GATAD2A,0.5714285714285714,0.04336734693877551,2.9719387755102042
GATAD2B,0.7091836734693877,0.01020408163265306,3.7933673469387754
GATB,0.43112244897959184,0.07142857142857142,2.6530612244897958
GATC,0.6198979591836735,0.02040816326530612,3.048469387755102
GATM,0.4770408163265306,0.05612244897959184,2.6683673469387754
GBA2,0.4387755102040816,0.08418367346938775,2.7908163265306123
GBE1,0.5102040816326531,0.06377551020408163,3.0331632653061225
GBF1,0.413265306122449,0.08163265306122448,2.548469387755102
GBP1,0.5790816326530612,0.03826530612244898,2.9591836734693877
GBP2,0.5790816326530612,0.03571428571428571,2.961734693877551
GBP3,0.5816326530612245,0.03826530612244898,2.9642857142857144
GBP4,0.5790816326530612,0.03571428571428571,2.961734693877551
GBP5,0.5790816326530612,0.03571428571428571,2.961734693877551
GBP7,0.5790816326530612,0.03571428571428571,2.961734693877551
GC,0.5153061224489796,0.03826530612244898,2.9770408163265305
GCA,0.4872448979591837,0.03571428571428571,2.8903061224489797
GCAT,0.461734693877551,0.07397959183673469,2.729591836734694
GCC1,0.5867346938775511,0.015306122448979591,3.188775510204082
GCC2,0.5408163265306123,0.03316326530612245,2.982142857142857
GCDH,0.5510204081632653,0.04846938775510204,2.8418367346938775
GCFC2,0.6352040816326531,0.02040816326530612,3.3469387755102042
GCG,0.4872448979591837,0.03571428571428571,2.8877551020408165
GCGR,0.6836734693877551,0.012755102040816327,3.4642857142857144
GCH1,0.47959183673469385,0.04336734693877551,2.75
GCHFR,0.4642857142857143,0.06377551020408163,2.604591836734694
GCK,0.6530612244897959,0.01020408163265306,3.4872448979591835
GCKR,0.6275510204081632,0.02040816326530612,3.288265306122449
GCLM,0.5816326530612245,0.03826530612244898,3.00765306122449
GCN1,0.6173469387755102,0.02040816326530612,3.0331632653061225
GCNT1,0.45408163265306123,0.12244897959183673,2.6122448979591835
GCNT2,0.5892857142857143,0.02040816326530612,3.3035714285714284
GCNT3,0.49744897959183676,0.061224489795918366,2.6581632653061225
GCSH,0.5051020408163265,0.05102040816326531,2.9158163265306123
GDA,0.45408163265306123,0.125,2.6198979591836733
GDAP1,0.701530612244898,0.01020408163265306,3.9183673469387754
GDE1,0.5382653061224489,0.030612244897959183,2.9183673469387754
GDF2,0.4923469387755102,0.05612244897959184,2.8622448979591835
GDF5,0.7193877551020408,0.002551020408163265,3.818877551020408
GDF7,0.6352040816326531,0.017857142857142856,3.329081632653061
GDF9,0.41836734693877553,0.09693877551020408,2.563775510204082
GDI1,0.23979591836734693,0.33418367346938777,2.0841836734693877
GDI2,0.6632653061224489,0.025510204081632654,3.7448979591836733
GDNF,0.7091836734693877,0.007653061224489796,4.030612244897959
GDPD1,0.673469387755102,0.015306122448979591,3.561224489795918
GDPD5,0.5561224489795918,0.025510204081632654,3.002551020408163
GEMIN2,0.46938775510204084,0.04591836734693878,2.7346938775510203
GEMIN4,0.3647959183673469,0.125,2.4719387755102042
GEMIN5,0.41836734693877553,0.08673469387755102,2.5408163265306123
GEMIN6,0.625,0.017857142857142856,3.2780612244897958
GEMIN7,0.6428571428571429,0.015306122448979591,3.413265306122449
GEMIN8,0.22704081632653061,0.34183673469387754,2.0816326530612246
GEN1,0.6352040816326531,0.017857142857142856,3.3341836734693877
GET4,0.6556122448979592,0.017857142857142856,3.5280612244897958
GFAP,0.6147959183673469,0.017857142857142856,3.2091836734693877
GFI1,0.5714285714285714,0.04081632653061224,2.9464285714285716
GFI1B,0.46683673469387754,0.09693877551020408,2.693877551020408
GFM1,0.6836734693877551,0.00510204081632653,3.635204081632653
GFM2,0.3622448979591837,0.125,2.431122448979592
GFPT1,0.6326530612244898,0.02040816326530612,3.3520408163265305
GFPT2,0.41581632653061223,0.09183673469387756,2.5255102040816326
GFRA1,0.4413265306122449,0.07397959183673469,2.6198979591836733
GFRA2,0.24489795918367346,0.22193877551020408,2.229591836734694
GFRA4,0.6556122448979592,0.01020408163265306,3.4591836734693877
GGA1,0.46683673469387754,0.07397959183673469,2.7448979591836733
GGA2,0.5408163265306123,0.02806122448979592,3.017857142857143
GGA3,0.6913265306122449,0.01020408163265306,3.4846938775510203
GGCT,0.6530612244897959,0.015306122448979591,3.545918367346939
GGCX,0.6403061224489796,0.02040816326530612,3.298469387755102
GGH,0.6913265306122449,0.01020408163265306,3.8214285714285716
GGPS1,0.6607142857142857,0.017857142857142856,3.2933673469387754
GGT1,0.5076530612244898,0.0663265306122449,2.9260204081632653
GGT5,0.5076530612244898,0.0663265306122449,2.931122448979592
GGT6,0.38010204081632654,0.11989795918367346,2.5051020408163267
GGT7,0.7244897959183674,0.0,3.931122448979592
GH1,0.6938775510204082,0.01020408163265306,3.5739795918367347
GH2,0.6938775510204082,0.01020408163265306,3.5739795918367347
GHR,0.6964285714285714,0.012755102040816327,3.9770408163265305
GHRH,0.7142857142857143,0.00510204081632653,3.6964285714285716
GHRHR,0.6530612244897959,0.015306122448979591,3.5
GHRL,0.6096938775510204,0.02295918367346939,3.6096938775510203
GHSR,0.6964285714285714,0.00510204081632653,3.798469387755102
GID8,0.6938775510204082,0.015306122448979591,3.563775510204082
GIGYF1,0.6071428571428571,0.007653061224489796,3.295918367346939
GIMAP4,0.5867346938775511,0.012755102040816327,3.1964285714285716
GIMAP8,0.5867346938775511,0.012755102040816327,3.1964285714285716
GINS1,0.6760204081632653,0.007653061224489796,3.520408163265306
GINS2,0.5025510204081632,0.04336734693877551,2.8979591836734695
GINS3,0.4923469387755102,0.04081632653061224,2.808673469387755
GINS4,0.5076530612244898,0.07908163265306123,3.2448979591836733
GIP,0.6377551020408163,0.015306122448979591,3.3214285714285716
GIPC1,0.5535714285714286,0.05102040816326531,2.857142857142857
GIPC2,0.5841836734693877,0.02806122448979592,3.068877551020408
GIPR,0.6403061224489796,0.017857142857142856,3.38265306122449
GIT1,0.6454081632653061,0.012755102040816327,3.5229591836734695
GIT2,0.6198979591836735,0.02040816326530612,3.086734693877551
GJA1,0.4336734693877551,0.08163265306122448,2.579081632653061
GJA3,0.5357142857142857,0.030612244897959183,3.045918367346939
GJD3,0.6275510204081632,0.012755102040816327,3.2806122448979593
GK,0.2372448979591837,0.336734693877551,2.11734693877551
GK2,0.48214285714285715,0.04081632653061224,2.7755102040816326
GKAP1,0.45408163265306123,0.11989795918367346,2.6198979591836733
GKN2,0.6352040816326531,0.017857142857142856,3.3596938775510203
GLA,0.22193877551020408,0.3392857142857143,2.0153061224489797
GLB1,0.5637755102040817,0.030612244897959183,3.2627551020408165
GLCE,0.5102040816326531,0.04336734693877551,2.7168367346938775
GLDC,0.41581632653061223,0.13520408163265307,2.8494897959183674
GLE1,0.46683673469387754,0.09693877551020408,2.670918367346939
GLG1,0.5102040816326531,0.03571428571428571,2.982142857142857
GLI1,0.5994897959183674,0.030612244897959183,3.0153061224489797
GLI2,0.5331632653061225,0.03826530612244898,2.9056122448979593
GLI3,0.6505102040816326,0.015306122448979591,3.49234693877551
GLIPR1,0.5790816326530612,0.025510204081632654,2.9846938775510203
GLMN,0.5790816326530612,0.03826530612244898,2.961734693877551
GLO1,0.5688775510204082,0.017857142857142856,3.1096938775510203
GLOD4,0.3647959183673469,0.125,2.4719387755102042
GLP1R,0.5714285714285714,0.017857142857142856,3.1530612244897958
GLP2R,0.35459183673469385,0.125,2.4081632653061225
GLRA1,0.41581632653061223,0.08673469387755102,2.5306122448979593
GLRA2,0.22704081632653061,0.34183673469387754,2.0739795918367347
GLRA3,0.41836734693877553,0.08928571428571429,2.579081632653061
GLRB,0.42091836734693877,0.07397959183673469,2.622448979591837
GLRX,0.4005102040816326,0.10204081632653061,2.49234693877551
GLRX2,0.6505102040816326,0.017857142857142856,3.3903061224489797
GLRX3,0.4413265306122449,0.06887755102040816,2.6301020408163267
GLRX5,0.49744897959183676,0.05102040816326531,2.7653061224489797
GLS,0.4744897959183674,0.04336734693877551,2.806122448979592
GLS2,0.5994897959183674,0.02806122448979592,2.9744897959183674
GLUD1,0.4362244897959184,0.06887755102040816,2.6096938775510203
GLUD2,0.21683673469387754,0.34183673469387754,2.0280612244897958
GLUL,0.6760204081632653,0.017857142857142856,3.4056122448979593
GLYAT,0.5739795918367347,0.015306122448979591,3.086734693877551
GLYCTK,0.46683673469387754,0.07142857142857142,2.854591836734694
GM2A,0.41581632653061223,0.08673469387755102,2.5408163265306123
GMDS,0.5306122448979592,0.04336734693877551,3.0306122448979593
GMEB1,0.5637755102040817,0.03826530612244898,2.8877551020408165
GMEB2,0.6964285714285714,0.015306122448979591,3.576530612244898
GMIP,0.5688775510204082,0.04336734693877551,2.9719387755102042
GML,0.7040816326530612,0.01020408163265306,3.8877551020408165
GMNN,0.6045918367346939,0.012755102040816327,3.377551020408163
GMPPA,0.35459183673469385,0.10459183673469388,2.431122448979592
GMPR,0.6096938775510204,0.012755102040816327,3.566326530612245
GMPR2,0.49744897959183676,0.03826530612244898,2.806122448979592
GMPS,0.6836734693877551,0.00510204081632653,3.61734693877551
GNA11,0.5229591836734694,0.0663265306122449,2.788265306122449
GNA12,0.6530612244897959,0.015306122448979591,3.5433673469387754
GNA13,0.6938775510204082,0.012755102040816327,3.5306122448979593
GNA14,0.45408163265306123,0.12244897959183673,2.61734693877551
GNA15,0.5229591836734694,0.0663265306122449,2.788265306122449
GNAI1,0.6045918367346939,0.015306122448979591,3.2908163265306123
GNAI2,0.46683673469387754,0.06887755102040816,2.857142857142857
GNAI3,0.5739795918367347,0.03571428571428571,2.9846938775510203
GNAL,0.5561224489795918,0.03316326530612245,3.2908163265306123
GNAO1,0.4846938775510204,0.03826530612244898,2.8010204081632653
GNAQ,0.45153061224489793,0.11989795918367346,2.622448979591837
GNAS,0.6989795918367347,0.01020408163265306,3.61734693877551
GNAT1,0.46683673469387754,0.06887755102040816,2.857142857142857
GNAT2,0.5739795918367347,0.03571428571428571,2.9846938775510203
GNAT3,0.6045918367346939,0.012755102040816327,3.3010204081632653
GNAZ,0.5127551020408163,0.06377551020408163,2.9158163265306123
GNB1,0.5714285714285714,0.03826530612244898,2.99234693877551
GNB2,0.6071428571428571,0.007653061224489796,3.295918367346939
GNB3,0.625,0.017857142857142856,3.267857142857143
GNB4,0.6989795918367347,0.00510204081632653,3.7551020408163267
GNB5,0.49744897959183676,0.05612244897959184,2.711734693877551
GNE,0.4362244897959184,0.08418367346938775,2.788265306122449
GNG10,0.45663265306122447,0.09948979591836735,2.6785714285714284
GNG11,0.6071428571428571,0.00510204081632653,3.298469387755102
GNG12,0.5867346938775511,0.02806122448979592,2.979591836734694
GNG13,0.44387755102040816,0.06377551020408163,2.6377551020408165
GNG2,0.4846938775510204,0.04081632653061224,2.770408163265306
GNG3,0.5790816326530612,0.007653061224489796,3.056122448979592
GNG4,0.6607142857142857,0.017857142857142856,3.2933673469387754
GNG5,0.5790816326530612,0.03826530612244898,2.9591836734693877
GNG7,0.5229591836734694,0.0663265306122449,2.7755102040816326
GNG8,0.6377551020408163,0.02295918367346939,3.270408163265306
GNGT1,0.6045918367346939,0.00510204081632653,3.295918367346939
GNGT2,0.6352040816326531,0.015306122448979591,3.313775510204082
GNL1,0.6096938775510204,0.015306122448979591,3.181122448979592
GNL2,0.5867346938775511,0.02040816326530612,3.0408163265306123
GNL3,0.46683673469387754,0.07142857142857142,2.857142857142857
GNL3L,0.23214285714285715,0.31887755102040816,2.063775510204082
GNMT,0.5663265306122449,0.015306122448979591,3.145408163265306
GNPAT,0.6607142857142857,0.02040816326530612,3.2448979591836733
GNPDA1,0.41836734693877553,0.08673469387755102,2.5408163265306123
GNPDA2,0.4897959183673469,0.05102040816326531,2.760204081632653
GNPNAT1,0.48214285714285715,0.04336734693877551,2.760204081632653
GNPTAB,0.6045918367346939,0.025510204081632654,3.104591836734694
GNPTG,0.4413265306122449,0.0663265306122449,2.63265306122449
GNRH1,0.23979591836734693,0.21428571428571427,2.229591836734694
GNRHR,0.5076530612244898,0.03316326530612245,2.8239795918367347
GNS,0.6045918367346939,0.025510204081632654,3.173469387755102
GOLGA1,0.45918367346938777,0.09948979591836735,2.6556122448979593
GOLGA2,0.46683673469387754,0.09693877551020408,2.6683673469387754
GOLGA3,0.5943877551020408,0.04081632653061224,3.020408163265306
GOLGA4,0.5459183673469388,0.030612244897959183,3.1760204081632653
GOLGA5,0.5,0.05357142857142857,2.7627551020408165
GOLGA7,0.5051020408163265,0.08163265306122448,3.24234693877551
GOLGB1,0.6658163265306123,0.015306122448979591,3.502551020408163
GOLIM4,0.6938775510204082,0.00510204081632653,3.74234693877551
GOLM1,0.45408163265306123,0.11224489795918367,2.6530612244897958
GOLPH3,0.7117346938775511,0.01020408163265306,3.9744897959183674
GOLPH3L,0.7168367346938775,0.01020408163265306,4.033163265306122
GON4L,0.701530612244898,0.012755102040816327,3.6683673469387754
GOPC,0.41836734693877553,0.08928571428571429,2.5357142857142856
GORAB,0.6938775510204082,0.012755102040816327,3.7627551020408165
GORASP1,0.5357142857142857,0.030612244897959183,3.170918367346939
GORASP2,0.4846938775510204,0.03826530612244898,2.808673469387755
GOSR1,0.6326530612244898,0.017857142857142856,3.443877551020408
GOSR2,0.6326530612244898,0.017857142857142856,3.2857142857142856
GOT1,0.4260204081632653,0.08418367346938775,2.568877551020408
GOT2,0.4923469387755102,0.04081632653061224,2.811224489795918
GP1BA,0.38010204081632654,0.11989795918367346,2.5
GP1BB,0.5229591836734694,0.058673469387755105,2.982142857142857
GP2,0.5433673469387755,0.03316326530612245,2.9183673469387754
GP5,0.6938775510204082,0.012755102040816327,3.6581632653061225
GP6,0.6581632653061225,0.02295918367346939,3.4158163265306123
GP9,0.6632653061224489,0.012755102040816327,3.482142857142857
GPA33,0.7040816326530612,0.012755102040816327,3.885204081632653
GPAA1,0.6989795918367347,0.01020408163265306,3.857142857142857
GPAM,0.42857142857142855,0.07908163265306123,2.586734693877551
GPAT3,0.4642857142857143,0.05102040816326531,2.7219387755102042
GPAT4,0.5076530612244898,0.07653061224489796,3.2551020408163267
GPATCH1,0.6352040816326531,0.015306122448979591,3.4846938775510203
GPC1,0.3494897959183674,0.1326530612244898,2.3877551020408165
GPC2,0.6071428571428571,0.007653061224489796,3.318877551020408
GPC3,0.22193877551020408,0.34438775510204084,2.086734693877551
GPC4,0.21683673469387754,0.34438775510204084,2.0229591836734695
GPC5,0.5663265306122449,0.017857142857142856,3.170918367346939
GPC6,0.5663265306122449,0.02295918367346939,3.1683673469387754
GPCPD1,0.6505102040816326,0.012755102040816327,3.4489795918367347
GPD1,0.5994897959183674,0.025510204081632654,3.0
GPD1L,0.5663265306122449,0.030612244897959183,3.288265306122449
GPD2,0.4897959183673469,0.04081632653061224,2.8392857142857144
GPHA2,0.5663265306122449,0.012755102040816327,3.002551020408163
GPHB5,0.46938775510204084,0.04846938775510204,2.729591836734694
GPHN,0.4744897959183674,0.04846938775510204,2.7193877551020407
GPI,0.6352040816326531,0.015306122448979591,3.5153061224489797
GPIHBP1,0.7040816326530612,0.01020408163265306,3.8877551020408165
GPKOW,0.22704081632653061,0.34183673469387754,2.0357142857142856
GPLD1,0.6045918367346939,0.012755102040816327,3.558673469387755
GPN1,0.6275510204081632,0.015306122448979591,3.298469387755102
GPN3,0.6224489795918368,0.02040816326530612,3.0892857142857144
GPNMB,0.6505102040816326,0.015306122448979591,3.4744897959183674
GPR119,0.21428571428571427,0.3494897959183674,2.0127551020408165
GPR143,0.22959183673469388,0.34438775510204084,2.061224489795918
GPR15,0.6530612244897959,0.017857142857142856,3.4744897959183674
GPR153,0.5739795918367347,0.04336734693877551,2.979591836734694
GPR156,0.6658163265306123,0.015306122448979591,3.497448979591837
GPR161,0.6989795918367347,0.012755102040816327,3.8418367346938775
GPR17,0.5229591836734694,0.04846938775510204,2.872448979591837
GPR180,0.5612244897959183,0.030612244897959183,3.1581632653061225
GPR183,0.5816326530612245,0.015306122448979591,3.2091836734693877
GPR20,0.7040816326530612,0.012755102040816327,3.8520408163265305
GPR25,0.6403061224489796,0.015306122448979591,3.1964285714285716
GPR35,0.3494897959183674,0.1326530612244898,2.3877551020408165
GPR37,0.5867346938775511,0.012755102040816327,3.2091836734693877
GPR39,0.5076530612244898,0.04846938775510204,2.8903061224489797
GPR45,0.5433673469387755,0.03316326530612245,2.9668367346938775
GPR50,0.2372448979591837,0.336734693877551,2.0714285714285716
GPR55,0.33418367346938777,0.1096938775510204,2.385204081632653
GPR83,0.5,0.04081632653061224,2.9107142857142856
GPR84,0.6096938775510204,0.02295918367346939,3.061224489795918
GPS1,0.6836734693877551,0.012755102040816327,3.4566326530612246
GPS2,0.37244897959183676,0.12244897959183673,2.4566326530612246
GPSM1,0.4719387755102041,0.09948979591836735,2.704081632653061
GPSM2,0.576530612244898,0.03571428571428571,2.961734693877551
GPT,0.6964285714285714,0.012755102040816327,3.8494897959183674
GPT2,0.5102040816326531,0.03571428571428571,2.941326530612245
GPX1,0.4719387755102041,0.061224489795918366,2.885204081632653
GPX2,0.4770408163265306,0.04591836734693878,2.7372448979591835
GPX4,0.5178571428571429,0.07142857142857142,2.767857142857143
GPX7,0.5918367346938775,0.02295918367346939,3.0255102040816326
GPX8,0.40561224489795916,0.10204081632653061,2.614795918367347
GRAP,0.3826530612244898,0.10204081632653061,2.5408163265306123
GRAP2,0.4387755102040816,0.07908163265306123,2.622448979591837
GRB10,0.6479591836734694,0.012755102040816327,3.510204081632653
GRB14,0.48214285714285715,0.03571428571428571,2.826530612244898
GRB2,0.6913265306122449,0.01020408163265306,3.482142857142857
GRB7,0.6352040816326531,0.012755102040816327,4.025510204081633
GREM2,0.6454081632653061,0.017857142857142856,3.25765306122449
GRHL1,0.6377551020408163,0.017857142857142856,3.4668367346938775
GRHPR,0.42091836734693877,0.08673469387755102,2.729591836734694
GRIA1,0.413265306122449,0.08418367346938775,2.5433673469387754
GRIA2,0.42091836734693877,0.07397959183673469,2.622448979591837
GRIA3,0.21683673469387754,0.3520408163265306,2.017857142857143
GRIA4,0.461734693877551,0.0663265306122449,2.795918367346939
GRID2,0.4642857142857143,0.05612244897959184,2.7244897959183674
GRID2IP,0.6556122448979592,0.007653061224489796,3.5918367346938775
GRIK1,0.548469387755102,0.03571428571428571,3.0918367346938775
GRIK2,0.41581632653061223,0.09693877551020408,2.5255102040816326
GRIK3,0.5714285714285714,0.025510204081632654,2.9719387755102042
GRIK4,0.45153061224489793,0.07908163265306123,2.6964285714285716
GRIK5,0.6377551020408163,0.015306122448979591,3.4005102040816326
GRIN1,0.4744897959183674,0.09948979591836735,2.7142857142857144
GRIN2A,0.5306122448979592,0.03826530612244898,3.145408163265306
GRIN2B,0.5994897959183674,0.02295918367346939,3.1607142857142856
GRIN2C,0.6913265306122449,0.01020408163265306,3.4846938775510203
GRIN2D,0.6326530612244898,0.025510204081632654,3.2627551020408165
GRIN3A,0.44642857142857145,0.11224489795918367,2.645408163265306
GRIN3B,0.5153061224489796,0.07142857142857142,2.767857142857143
GRIP1,0.6045918367346939,0.025510204081632654,3.4719387755102042
GRIP2,0.5969387755102041,0.02040816326530612,3.5510204081632653
GRK1,0.5867346938775511,0.017857142857142856,3.2729591836734695
GRK2,0.6071428571428571,0.012755102040816327,3.170918367346939
GRK4,0.4923469387755102,0.05357142857142857,2.7933673469387754
GRK5,0.44387755102040816,0.07142857142857142,2.635204081632653
GRK6,0.40816326530612246,0.09948979591836735,2.50765306122449
GRK7,0.6785714285714286,0.01020408163265306,3.548469387755102
GRM1,0.4413265306122449,0.06887755102040816,2.622448979591837
GRM2,0.4719387755102041,0.06887755102040816,2.8698979591836733
GRM3,0.5994897959183674,0.00510204081632653,3.308673469387755
GRM4,0.576530612244898,0.017857142857142856,3.0153061224489797
GRM5,0.5127551020408163,0.04336734693877551,2.9030612244897958
GRM6,0.4107142857142857,0.09948979591836735,2.50765306122449
GRM7,0.6071428571428571,0.02295918367346939,3.558673469387755
GRM8,0.5841836734693877,0.017857142857142856,3.183673469387755
GRN,0.6173469387755102,0.017857142857142856,3.211734693877551
GRP,0.41836734693877553,0.1096938775510204,2.558673469387755
GRPEL1,0.4897959183673469,0.058673469387755105,2.7908163265306123
GRPEL2,0.42346938775510207,0.08673469387755102,2.5535714285714284
GRPR,0.22448979591836735,0.3392857142857143,2.058673469387755
GRSF1,0.5076530612244898,0.03826530612244898,2.8979591836734695
GRWD1,0.6326530612244898,0.025510204081632654,3.2551020408163267
GRXCR1,0.47959183673469385,0.05357142857142857,2.752551020408163
GSC,0.4923469387755102,0.05357142857142857,2.75
GSDMB,0.6275510204081632,0.012755102040816327,3.4285714285714284
GSK3A,0.6403061224489796,0.015306122448979591,3.4030612244897958
GSK3B,0.6658163265306123,0.012755102040816327,3.5051020408163267
GSN,0.45408163265306123,0.09948979591836735,2.645408163265306
GSPT1,0.5433673469387755,0.03316326530612245,3.058673469387755
GSPT2,0.22448979591836735,0.3392857142857143,2.0433673469387754
GSR,0.27040816326530615,0.1989795918367347,2.295918367346939
GSTA1,0.5663265306122449,0.02806122448979592,3.0739795918367347
GSTA2,0.5663265306122449,0.02806122448979592,3.0739795918367347
GSTA3,0.5663265306122449,0.02806122448979592,3.0739795918367347
GSTA4,0.5663265306122449,0.02806122448979592,3.076530612244898
GSTA5,0.5663265306122449,0.02806122448979592,3.0739795918367347
GSTK1,0.5994897959183674,0.012755102040816327,3.239795918367347
GSTM1,0.5739795918367347,0.03571428571428571,2.9770408163265305
GSTM2,0.5739795918367347,0.03571428571428571,2.9770408163265305
GSTM3,0.5739795918367347,0.03571428571428571,2.9770408163265305
GSTM4,0.5739795918367347,0.03571428571428571,2.9770408163265305
GSTM5,0.5739795918367347,0.03571428571428571,2.9770408163265305
GSTO1,0.42346938775510207,0.07908163265306123,2.5714285714285716
GSTO2,0.42346938775510207,0.07908163265306123,2.5714285714285716
GSTP1,0.6147959183673469,0.012755102040816327,3.183673469387755
GSTT2B,0.5102040816326531,0.0663265306122449,2.920918367346939
GSTZ1,0.5051020408163265,0.04591836734693878,2.795918367346939
GTF2A1,0.5178571428571429,0.03826530612244898,2.8596938775510203
GTF2A1L,0.6326530612244898,0.015306122448979591,3.318877551020408
GTF2A2,0.49489795918367346,0.06377551020408163,2.6505102040816326
GTF2B,0.5816326530612245,0.03826530612244898,2.9642857142857144
GTF2E1,0.6658163265306123,0.015306122448979591,3.4948979591836733
GTF2E2,0.27040816326530615,0.1989795918367347,2.295918367346939
GTF2F1,0.5408163265306123,0.058673469387755105,2.806122448979592
GTF2F2,0.4336734693877551,0.09693877551020408,2.7066326530612246
GTF2H1,0.35714285714285715,0.08673469387755102,2.4566326530612246
GTF2H2,0.35714285714285715,0.11989795918367346,2.423469387755102
GTF2H2C,0.3596938775510204,0.11989795918367346,2.431122448979592
GTF2H3,0.6173469387755102,0.02295918367346939,3.0331632653061225
GTF2H4,0.6071428571428571,0.015306122448979591,3.183673469387755
GTF2H5,0.42091836734693877,0.07908163265306123,2.5331632653061225
GTF2I,0.6096938775510204,0.00510204081632653,3.2729591836734695
GTF2IRD2,0.6071428571428571,0.00510204081632653,3.267857142857143
GTF2IRD2B,0.6045918367346939,0.007653061224489796,3.2627551020408165
GTF3A,0.5612244897959183,0.02040816326530612,3.13265306122449
GTF3C1,0.5586734693877551,0.02806122448979592,3.0331632653061225
GTF3C2,0.6275510204081632,0.02040816326530612,3.288265306122449
GTF3C3,0.45153061224489793,0.04081632653061224,2.691326530612245
GTF3C4,0.46938775510204084,0.09438775510204081,2.691326530612245
GTF3C5,0.4719387755102041,0.09438775510204081,2.704081632653061
GTF3C6,0.42091836734693877,0.09438775510204081,2.520408163265306
GTPBP1,0.45408163265306123,0.07653061224489796,2.701530612244898
GTPBP10,0.6045918367346939,0.007653061224489796,3.2908163265306123
GTPBP3,0.5535714285714286,0.04336734693877551,2.8443877551020407
GTPBP4,0.6326530612244898,0.02806122448979592,3.454081632653061
GTSE1,0.4413265306122449,0.08928571428571429,2.5943877551020407
GUCA1B,0.5612244897959183,0.017857142857142856,3.135204081632653
GUCY1A1,0.42346938775510207,0.06887755102040816,2.645408163265306
GUCY1A2,0.45663265306122447,0.0663265306122449,2.933673469387755
GUCY1B1,0.41836734693877553,0.07142857142857142,2.627551020408163
GUCY2C,0.5994897959183674,0.025510204081632654,3.1530612244897958
GUCY2D,0.3647959183673469,0.11989795918367346,2.4260204081632653
GUCY2F,0.22193877551020408,0.34438775510204084,2.0280612244897958
GUF1,0.4897959183673469,0.05102040816326531,2.760204081632653
GUK1,0.6607142857142857,0.02040816326530612,3.2270408163265305
GULP1,0.46683673469387754,0.03826530612244898,2.7857142857142856
GUSB,0.6301020408163265,0.00510204081632653,3.3443877551020407
GXYLT1,0.6020408163265306,0.02295918367346939,3.1122448979591835
GXYLT2,0.4846938775510204,0.07397959183673469,2.9464285714285716
GYG1,0.6836734693877551,0.007653061224489796,3.6377551020408165
GYG2,0.22704081632653061,0.3520408163265306,2.058673469387755
GYPB,0.45408163265306123,0.061224489795918366,2.7627551020408165
GYPC,0.5280612244897959,0.04591836734693878,2.885204081632653
GYS1,0.6377551020408163,0.025510204081632654,3.2627551020408165
GYS2,0.6045918367346939,0.02040816326530612,3.2091836734693877
GZMA,0.40561224489795916,0.10204081632653061,2.6122448979591835
GZMB,0.5025510204081632,0.04081632653061224,2.808673469387755
GZMH,0.5025510204081632,0.04081632653061224,2.808673469387755
GZMK,0.40561224489795916,0.10459183673469388,2.6096938775510203
GZMM,0.5153061224489796,0.07397959183673469,2.760204081632653
HAAO,0.6224489795918368,0.017857142857142856,3.252551020408163
HABP2,0.43112244897959184,0.07908163265306123,2.5918367346938775
HACD1,0.6173469387755102,0.03571428571428571,3.36734693877551
HACD2,0.6658163265306123,0.015306122448979591,3.4948979591836733
HACD4,0.37244897959183676,0.1760204081632653,2.622448979591837
HACE1,0.4260204081632653,0.08928571428571429,2.6479591836734695
HACL1,0.5969387755102041,0.02040816326530612,3.4770408163265305
HADH,0.45918367346938777,0.0663265306122449,2.683673469387755
HADHA,0.6275510204081632,0.02040816326530612,3.2806122448979593
HADHB,0.6275510204081632,0.017857142857142856,3.2831632653061225
HAGH,0.4387755102040816,0.0663265306122449,2.6301020408163267
HAL,0.5994897959183674,0.025510204081632654,3.0153061224489797
HAMP,0.6352040816326531,0.012755102040816327,3.5
HAND1,0.41836734693877553,0.08673469387755102,2.548469387755102
HAND2,0.42346938775510207,0.08163265306122448,2.607142857142857
HAO1,0.6505102040816326,0.01020408163265306,3.497448979591837
HAO2,0.6071428571428571,0.02295918367346939,3.2244897959183674
HAP1,0.6275510204081632,0.012755102040816327,3.232142857142857
HAPLN1,0.4005102040816326,0.10459183673469388,2.4948979591836733
HARBI1,0.42857142857142855,0.07653061224489796,2.5816326530612246
HARS2,0.41581632653061223,0.08418367346938775,2.5408163265306123
HASPIN,0.3852040816326531,0.11989795918367346,2.5051020408163267
HAT1,0.48214285714285715,0.03826530612244898,2.913265306122449
HAUS1,0.4336734693877551,0.09183673469387756,2.670918367346939
HAUS2,0.4642857142857143,0.061224489795918366,2.6122448979591835
HAUS3,0.49489795918367346,0.05612244897959184,2.86734693877551
HAUS4,0.5102040816326531,0.04336734693877551,2.8698979591836733
HAUS5,0.6403061224489796,0.012755102040816327,3.5306122448979593
HAUS6,0.3877551020408163,0.14540816326530612,2.688775510204082
HAUS7,0.23469387755102042,0.33418367346938777,2.066326530612245
HAUS8,0.5459183673469388,0.04336734693877551,2.826530612244898
HAVCR1,0.40816326530612246,0.09438775510204081,2.5051020408163267
HAVCR2,0.40816326530612246,0.09438775510204081,2.5051020408163267
HAX1,0.701530612244898,0.01020408163265306,3.7193877551020407
HBA1,0.4413265306122449,0.0663265306122449,2.6301020408163267
HBA2,0.4413265306122449,0.0663265306122449,2.6301020408163267
HBB,0.336734693877551,0.09693877551020408,2.3979591836734695
HBE1,0.336734693877551,0.09693877551020408,2.3979591836734695
HBEGF,0.41581632653061223,0.08418367346938775,2.5433673469387754
HBG1,0.336734693877551,0.09693877551020408,2.3979591836734695
HBP1,0.5969387755102041,0.007653061224489796,3.25765306122449
HBQ1,0.4413265306122449,0.0663265306122449,2.6301020408163267
HBZ,0.4413265306122449,0.06887755102040816,2.627551020408163
HCAR1,0.6198979591836735,0.02295918367346939,3.045918367346939
HCCS,0.23214285714285715,0.34438775510204084,2.068877551020408
HCFC1,0.2372448979591837,0.33418367346938777,2.068877551020408
HCFC2,0.6045918367346939,0.02806122448979592,3.0051020408163267
HCLS1,0.6658163265306123,0.015306122448979591,3.502551020408163
HCN1,0.6862244897959183,0.012755102040816327,3.920918367346939
HCN2,0.5153061224489796,0.07397959183673469,2.760204081632653
HCN4,0.5076530612244898,0.04591836734693878,2.7168367346938775
HCRT,0.6275510204081632,0.015306122448979591,3.2168367346938775
HCRTR1,0.5714285714285714,0.03571428571428571,2.9030612244897958
HCRTR2,0.5714285714285714,0.025510204081632654,3.058673469387755
HCST,0.6403061224489796,0.012755102040816327,3.5229591836734695
HDAC1,0.5688775510204082,0.03316326530612245,2.8979591836734695
HDAC10,0.43112244897959184,0.09693877551020408,2.545918367346939
HDAC11,0.6045918367346939,0.02040816326530612,3.8035714285714284
HDAC2,0.413265306122449,0.09183673469387756,2.502551020408163
HDAC3,0.41836734693877553,0.08418367346938775,2.5433673469387754
HDAC4,0.35714285714285715,0.11734693877551021,2.413265306122449
HDAC5,0.6147959183673469,0.017857142857142856,3.2066326530612246
HDAC6,0.22704081632653061,0.34183673469387754,2.0357142857142856
HDAC7,0.5943877551020408,0.030612244897959183,3.063775510204082
HDAC8,0.20918367346938777,0.34438775510204084,2.0255102040816326
HDAC9,0.6632653061224489,0.012755102040816327,3.760204081632653
HDC,0.5,0.058673469387755105,2.704081632653061
HDGF,0.6989795918367347,0.012755102040816327,3.576530612244898
HDLBP,0.3520408163265306,0.1326530612244898,2.3903061224489797
HEATR1,0.6607142857142857,0.02040816326530612,3.267857142857143
HEBP1,0.5918367346938775,0.03571428571428571,3.1301020408163267
HEBP2,0.4489795918367347,0.06887755102040816,2.686224489795918
HECTD3,0.5994897959183674,0.017857142857142856,3.0510204081632653
HECW1,0.6530612244897959,0.012755102040816327,3.4872448979591835
HECW2,0.45153061224489793,0.04336734693877551,2.688775510204082
HEG1,0.6658163265306123,0.015306122448979591,3.49234693877551
HELB,0.6071428571428571,0.025510204081632654,3.489795918367347
HELLS,0.42346938775510207,0.07908163265306123,2.568877551020408
HELQ,0.461734693877551,0.05102040816326531,2.7168367346938775
HELZ,0.6964285714285714,0.01020408163265306,3.568877551020408
HELZ2,0.6964285714285714,0.015306122448979591,3.576530612244898
HENMT1,0.576530612244898,0.03571428571428571,2.9591836734693877
HERC1,0.5127551020408163,0.04846938775510204,2.6964285714285716
HERC2,0.48214285714285715,0.058673469387755105,2.673469387755102
HERC3,0.461734693877551,0.04846938775510204,2.752551020408163
HERC4,0.4489795918367347,0.058673469387755105,2.6760204081632653
HERC5,0.4642857142857143,0.04846938775510204,2.7551020408163267
HERC6,0.4642857142857143,0.04846938775510204,2.7551020408163267
HERPUD1,0.4872448979591837,0.04081632653061224,2.8035714285714284
HES1,0.6964285714285714,0.012755102040816327,3.6683673469387754
HES6,0.35459183673469385,0.11224489795918367,2.454081632653061
HES7,0.3673469387755102,0.11989795918367346,2.438775510204082
HESX1,0.47959183673469385,0.06887755102040816,2.864795918367347
HEXA,0.5076530612244898,0.04336734693877551,2.7346938775510203
HEXB,0.3622448979591837,0.12244897959183673,2.420918367346939
HEXIM1,0.6173469387755102,0.017857142857142856,3.1989795918367347
HEXIM2,0.6173469387755102,0.017857142857142856,3.1989795918367347
HEY1,0.6989795918367347,0.01020408163265306,3.936224489795918
HEY2,0.4413265306122449,0.07397959183673469,2.6122448979591835
HEYL,0.6020408163265306,0.02040816326530612,3.4489795918367347
HFE,0.5867346938775511,0.015306122448979591,3.260204081632653
HGD,0.6658163265306123,0.015306122448979591,3.4948979591836733
HGF,0.6071428571428571,0.007653061224489796,3.2908163265306123
HGFAC,0.4923469387755102,0.05357142857142857,2.7908163265306123
HGS,0.6836734693877551,0.012755102040816327,3.4668367346938775
HHAT,0.6326530612244898,0.02295918367346939,3.1198979591836733
HHIP,0.45408163265306123,0.061224489795918366,2.767857142857143
HIBADH,0.6505102040816326,0.015306122448979591,3.479591836734694
HIBCH,0.4770408163265306,0.03826530612244898,2.808673469387755
HIC1,0.375,0.12244897959183673,2.5153061224489797
HID1,0.6913265306122449,0.01020408163265306,3.4846938775510203
HIF1A,0.46938775510204084,0.04846938775510204,2.7372448979591835
HIF1AN,0.42091836734693877,0.08163265306122448,2.558673469387755
HIF3A,0.6428571428571429,0.02040816326530612,3.308673469387755
HIGD1A,0.5153061224489796,0.03826530612244898,3.0408163265306123
HIKESHI,0.5178571428571429,0.04081632653061224,2.9260204081632653
HINT1,0.42091836734693877,0.10204081632653061,2.520408163265306
HIP1,0.5994897959183674,0.007653061224489796,3.25
HIP1R,0.6173469387755102,0.02295918367346939,3.0433673469387754
HIPK1,0.5918367346938775,0.030612244897959183,3.0255102040816326
HIPK2,0.5918367346938775,0.012755102040816327,3.2193877551020407
HIPK3,0.4005102040816326,0.08163265306122448,2.686224489795918
HIPK4,0.6352040816326531,0.02040816326530612,3.5357142857142856
HIRA,0.5204081632653061,0.058673469387755105,2.941326530612245
HIVEP2,0.44387755102040816,0.0663265306122449,2.6020408163265305
HIVEP3,0.5994897959183674,0.017857142857142856,3.288265306122449
HJURP,0.33418367346938777,0.10714285714285714,2.392857142857143
HJV,0.6989795918367347,0.012755102040816327,3.6785714285714284
HK2,0.6352040816326531,0.02040816326530612,3.3392857142857144
HK3,0.40816326530612246,0.09693877551020408,2.5153061224489797
HKDC1,0.45408163265306123,0.05357142857142857,2.6964285714285716
HLA-A,0.6045918367346939,0.015306122448979591,3.163265306122449
HLA-B,0.6096938775510204,0.015306122448979591,3.1607142857142856
HLA-C,0.6096938775510204,0.015306122448979591,3.1607142857142856
HLA-DMA,0.5841836734693877,0.02040816326530612,3.0408163265306123
HLA-DMB,0.5841836734693877,0.02040816326530612,3.0408163265306123
HLA-DOA,0.5841836734693877,0.02040816326530612,3.0408163265306123
HLA-DOB,0.5867346938775511,0.02040816326530612,3.048469387755102
HLA-DPA1,0.5816326530612245,0.02040816326530612,3.0127551020408165
HLA-DPB1,0.5816326530612245,0.02040816326530612,3.0127551020408165
HLA-DQA1,0.5867346938775511,0.02295918367346939,3.048469387755102
HLA-DQA2,0.5867346938775511,0.02040816326530612,3.0510204081632653
HLA-DQB1,0.5867346938775511,0.02295918367346939,3.048469387755102
HLA-DQB2,0.5867346938775511,0.02040816326530612,3.048469387755102
HLA-DRA,0.5943877551020408,0.02040816326530612,3.063775510204082
HLA-DRB1,0.5867346938775511,0.02295918367346939,3.048469387755102
HLA-DRB5,0.5867346938775511,0.02295918367346939,3.048469387755102
HLA-E,0.6096938775510204,0.015306122448979591,3.1785714285714284
HLA-F,0.6045918367346939,0.015306122448979591,3.1658163265306123
HLCS,0.5637755102040817,0.03316326530612245,3.193877551020408
HLTF,0.6836734693877551,0.007653061224489796,3.6377551020408165
HLX,0.6505102040816326,0.025510204081632654,3.211734693877551
HM13,0.7295918367346939,0.0,4.119897959183674
HMG20A,0.5051020408163265,0.05102040816326531,2.683673469387755
HMG20B,0.5204081632653061,0.06887755102040816,2.7857142857142856
HMGA1,0.576530612244898,0.017857142857142856,3.0127551020408165
HMGA2,0.6071428571428571,0.025510204081632654,3.298469387755102
HMGB1,0.5688775510204082,0.025510204081632654,3.142857142857143
HMGB2,0.42346938775510207,0.07908163265306123,2.6096938775510203
HMGB3,0.2372448979591837,0.336734693877551,2.0714285714285716
HMGCL,0.5663265306122449,0.03826530612244898,2.933673469387755
HMGCR,0.3622448979591837,0.12244897959183673,2.420918367346939
HMGCS1,0.6964285714285714,0.012755102040816327,3.9719387755102042
HMGCS2,0.6096938775510204,0.02295918367346939,3.2448979591836733
HMGN1,0.5535714285714286,0.03571428571428571,3.145408163265306
HMGN2,0.5561224489795918,0.04336734693877551,2.8979591836734695
HMGN3,0.4489795918367347,0.07908163265306123,2.607142857142857
HMGN5,0.1989795918367347,0.3469387755102041,1.9974489795918366
HMGXB4,0.4923469387755102,0.06887755102040816,2.8469387755102042
HMMR,0.40561224489795916,0.10204081632653061,2.510204081632653
HMOX1,0.4897959183673469,0.06887755102040816,2.8214285714285716
HMOX2,0.42857142857142855,0.07142857142857142,2.5969387755102042
HNF1A,0.6173469387755102,0.02040816326530612,3.048469387755102
HNF1B,0.6326530612244898,0.012755102040816327,3.4183673469387754
HNF4A,0.7244897959183674,0.002551020408163265,3.9668367346938775
HNF4G,0.701530612244898,0.01020408163265306,3.9719387755102042
HNMT,0.5051020408163265,0.04591836734693878,2.813775510204082
HNRNPA0,0.42091836734693877,0.08673469387755102,2.538265306122449
HNRNPA1,0.6096938775510204,0.02295918367346939,3.061224489795918
HNRNPA1L2,0.44642857142857145,0.08928571428571429,2.7755102040816326
HNRNPA2B1,0.6505102040816326,0.012755102040816327,3.479591836734694
HNRNPA3,0.48214285714285715,0.03826530612244898,2.8596938775510203
HNRNPAB,0.4107142857142857,0.10204081632653061,2.502551020408163
HNRNPC,0.5051020408163265,0.04081632653061224,2.8494897959183674
HNRNPD,0.45408163265306123,0.058673469387755105,2.693877551020408
HNRNPDL,0.45408163265306123,0.058673469387755105,2.6964285714285716
HNRNPF,0.5255102040816326,0.05102040816326531,2.951530612244898
HNRNPH1,0.41836734693877553,0.09183673469387756,2.5280612244897958
HNRNPH2,0.22193877551020408,0.3392857142857143,2.0153061224489797
HNRNPH3,0.45408163265306123,0.05612244897959184,2.6989795918367347
HNRNPK,0.45663265306122447,0.11734693877551021,2.627551020408163
HNRNPL,0.6377551020408163,0.015306122448979591,3.7219387755102042
HNRNPLL,0.625,0.017857142857142856,3.2857142857142856
HNRNPM,0.5586734693877551,0.05612244897959184,2.864795918367347
HNRNPR,0.5663265306122449,0.03826530612244898,2.941326530612245
HNRNPU,0.6658163265306123,0.015306122448979591,3.2551020408163267
HNRNPUL1,0.6377551020408163,0.015306122448979591,3.3877551020408165
HNRNPUL2,0.5790816326530612,0.007653061224489796,3.048469387755102
HOGA1,0.43112244897959184,0.07653061224489796,2.5841836734693877
HOMER1,0.3852040816326531,0.11479591836734694,2.461734693877551
HOMER2,0.5102040816326531,0.04846938775510204,2.7219387755102042
HOMER3,0.5586734693877551,0.04846938775510204,2.8698979591836733
HOOK1,0.5994897959183674,0.025510204081632654,3.086734693877551
HOOK2,0.5510204081632653,0.04846938775510204,2.836734693877551
HOOK3,0.5255102040816326,0.07653061224489796,3.3035714285714284
HOPX,0.5306122448979592,0.025510204081632654,2.943877551020408
HORMAD1,0.7168367346938775,0.01020408163265306,4.030612244897959
HOXA10,0.6505102040816326,0.015306122448979591,3.482142857142857
HOXA2,0.6505102040816326,0.015306122448979591,3.479591836734694
HOXA3,0.6505102040816326,0.015306122448979591,3.482142857142857
HOXA5,0.6505102040816326,0.015306122448979591,3.482142857142857
HOXA7,0.6505102040816326,0.015306122448979591,3.482142857142857
HOXA9,0.6505102040816326,0.015306122448979591,3.482142857142857
HOXB1,0.6428571428571429,0.015306122448979591,3.3010204081632653
HOXB13,0.6403061224489796,0.015306122448979591,3.2933673469387754
HOXB2,0.6428571428571429,0.015306122448979591,3.3010204081632653
HOXB3,0.6428571428571429,0.015306122448979591,3.3010204081632653
HOXB4,0.6403061224489796,0.015306122448979591,3.29923273657289
HOXB5,0.6403061224489796,0.015306122448979591,3.295918367346939
HOXB6,0.6403061224489796,0.015306122448979591,3.295918367346939
HOXB7,0.6403061224489796,0.015306122448979591,3.295918367346939
HOXB8,0.6403061224489796,0.015306122448979591,3.295918367346939
HOXC13,0.6096938775510204,0.02806122448979592,3.0408163265306123
HOXC4,0.6122448979591837,0.02806122448979592,3.045918367346939
HOXC5,0.6122448979591837,0.02806122448979592,3.045918367346939
HOXC6,0.6122448979591837,0.02806122448979592,3.0433673469387754
HOXC8,0.6122448979591837,0.02806122448979592,3.0433673469387754
HOXC9,0.6122448979591837,0.02806122448979592,3.0433673469387754
HOXD1,0.4846938775510204,0.03826530612244898,2.8239795918367347
HOXD3,0.48214285714285715,0.03826530612244898,2.8214285714285716
HOXD4,0.48214285714285715,0.03826530612244898,2.8214285714285716
HOXD9,0.48214285714285715,0.03826530612244898,2.8214285714285716
HP,0.5204081632653061,0.03571428571428571,3.0535714285714284
HPD,0.6147959183673469,0.02040816326530612,3.048469387755102
HPGDS,0.461734693877551,0.058673469387755105,2.7219387755102042
HPN,0.6352040816326531,0.015306122448979591,3.4948979591836733
HPR,0.5204081632653061,0.03571428571428571,3.0535714285714284
HPRT1,0.22193877551020408,0.34438775510204084,2.0331632653061225
HPS1,0.4260204081632653,0.08163265306122448,2.568877551020408
HPS3,0.6836734693877551,0.007653061224489796,3.642857142857143
HPS4,0.5102040816326531,0.06887755102040816,2.954081632653061
HPS5,0.35459183673469385,0.08673469387755102,2.454081632653061
HPS6,0.413265306122449,0.08163265306122448,2.558673469387755
HPSE,0.461734693877551,0.05102040816326531,2.7168367346938775
HPX,0.336734693877551,0.09693877551020408,2.395408163265306
HRAS,0.34183673469387754,0.09948979591836735,2.4030612244897958
HRC,0.6403061224489796,0.025510204081632654,3.2780612244897958
HRG,0.6989795918367347,0.00510204081632653,3.752551020408163
HRH1,0.6045918367346939,0.025510204081632654,3.760204081632653
HRH3,0.6913265306122449,0.012755102040816327,3.566326530612245
HRH4,0.5280612244897959,0.0663265306122449,2.951530612244898
HRK,0.6326530612244898,0.017857142857142856,3.142857142857143
HRNR,0.7117346938775511,0.01020408163265306,3.811224489795918
HS2ST1,0.576530612244898,0.03571428571428571,2.9668367346938775
HS3ST1,0.5025510204081632,0.058673469387755105,2.8494897959183674
HS3ST2,0.5408163265306123,0.030612244897959183,2.923469387755102
HS3ST3A1,0.34438775510204084,0.12755102040816327,2.3979591836734695
HS3ST3B1,0.34183673469387754,0.12755102040816327,2.4081632653061225
HS6ST1,0.5204081632653061,0.04846938775510204,2.872448979591837
HS6ST2,0.21428571428571427,0.3469387755102041,2.017857142857143
HSBP1,0.5051020408163265,0.04846938775510204,2.885204081632653
HSCB,0.5127551020408163,0.0663265306122449,2.9183673469387754
HSD11B1,0.6326530612244898,0.025510204081632654,3.11734693877551
HSD11B2,0.5255102040816326,0.03571428571428571,3.0051020408163267
HSD17B1,0.625,0.015306122448979591,3.2193877551020407
HSD17B10,0.22959183673469388,0.32908163265306123,2.063775510204082
HSD17B12,0.40816326530612246,0.08163265306122448,2.556122448979592
HSD17B2,0.5102040816326531,0.04591836734693878,2.931122448979592
HSD17B3,0.4413265306122449,0.11224489795918367,2.6198979591836733
HSD17B6,0.5994897959183674,0.02806122448979592,2.9744897959183674
HSD17B7,0.701530612244898,0.015306122448979591,4.308673469387755
HSD17B8,0.5790816326530612,0.017857142857142856,2.997448979591837
HSD3B1,0.6071428571428571,0.02295918367346939,3.2244897959183674
HSD3B2,0.6071428571428571,0.02295918367346939,3.2244897959183674
HSF1,0.6989795918367347,0.01020408163265306,3.854591836734694
HSF2,0.4336734693877551,0.08418367346938775,2.5739795918367347
HSP90AA1,0.5,0.05102040816326531,2.770408163265306
HSP90AB1,0.576530612244898,0.017857142857142856,3.181122448979592
HSP90B1,0.6045918367346939,0.02806122448979592,3.0051020408163267
HSPA13,0.5739795918367347,0.04846938775510204,3.211734693877551
HSPA14,0.6147959183673469,0.03571428571428571,3.3979591836734695
HSPA1A,0.6071428571428571,0.015306122448979591,3.13265306122449
HSPA1B,0.6045918367346939,0.015306122448979591,3.130434782608696
HSPA1L,0.6071428571428571,0.015306122448979591,3.13265306122449
HSPA2,0.4770408163265306,0.04591836734693878,2.739795918367347
HSPA4,0.41581632653061223,0.09693877551020408,2.548469387755102
HSPA4L,0.45408163265306123,0.06377551020408163,2.645408163265306
HSPA5,0.45918367346938777,0.09948979591836735,2.6556122448979593
HSPA6,0.7040816326530612,0.012755102040816327,4.327365728900256
HSPA8,0.4642857142857143,0.07653061224489796,2.7142857142857144
HSPA9,0.42091836734693877,0.08673469387755102,2.5408163265306123
HSPB1,0.6096938775510204,0.00510204081632653,3.267857142857143
HSPB2,0.4387755102040816,0.07142857142857142,2.6785714285714284
HSPB3,0.41581632653061223,0.09948979591836735,2.642857142857143
HSPB7,0.5637755102040817,0.03571428571428571,2.9489795918367347
HSPB8,0.6173469387755102,0.02040816326530612,3.045918367346939
HSPD1,0.45153061224489793,0.04081632653061224,2.701530612244898
HSPE1,0.45153061224489793,0.04081632653061224,2.701530612244898
HSPG2,0.5612244897959183,0.03826530612244898,2.9489795918367347
HSPH1,0.5586734693877551,0.02806122448979592,3.1505102040816326
HTATSF1,0.2193877551020408,0.34438775510204084,2.0331632653061225
HTN1,0.5,0.03826530612244898,2.857142857142857
HTN3,0.5,0.03826530612244898,2.857142857142857
HTR1A,0.35714285714285715,0.12244897959183673,2.4183673469387754
HTR1B,0.45408163265306123,0.07908163265306123,2.622448979591837
HTR1D,0.5637755102040817,0.03826530612244898,2.943877551020408
HTR1E,0.42346938775510207,0.07908163265306123,2.5255102040816326
HTR1F,0.5535714285714286,0.05102040816326531,3.385204081632653
HTR2A,0.41836734693877553,0.11479591836734694,2.6530612244897958
HTR2B,0.33418367346938777,0.1096938775510204,2.385204081632653
HTR2C,0.21173469387755103,0.34438775510204084,2.0153061224489797
HTR3A,0.44387755102040816,0.07653061224489796,2.6607142857142856
HTR3B,0.4413265306122449,0.07653061224489796,2.6581632653061225
HTR3C,0.6964285714285714,0.00510204081632653,3.7193877551020407
HTR3D,0.6989795918367347,0.00510204081632653,3.7219387755102042
HTR3E,0.6989795918367347,0.00510204081632653,3.7244897959183674
HTR4,0.42346938775510207,0.08418367346938775,2.5535714285714284
HTR5A,0.5892857142857143,0.02040816326530612,3.1479591836734695
HTR6,0.5612244897959183,0.03826530612244898,2.936224489795918
HTRA1,0.4413265306122449,0.07397959183673469,2.6479591836734695
HTRA2,0.6352040816326531,0.02040816326530612,3.3392857142857144
HTT,0.4923469387755102,0.05357142857142857,2.7933673469387754
HUS1,0.6530612244897959,0.01020408163265306,3.5229591836734695
HUWE1,0.22959183673469388,0.32908163265306123,2.058673469387755
HVCN1,0.6224489795918368,0.017857142857142856,3.0943877551020407
HYAL1,0.46683673469387754,0.07142857142857142,2.854591836734694
HYAL2,0.46683673469387754,0.07142857142857142,2.854591836734694
HYAL3,0.46683673469387754,0.07142857142857142,2.854591836734694
HYKK,0.5051020408163265,0.05102040816326531,2.686224489795918
HYLS1,0.45918367346938777,0.07142857142857142,2.7193877551020407
HYOU1,0.45153061224489793,0.07653061224489796,2.711734693877551
IAPP,0.6045918367346939,0.02040816326530612,3.2091836734693877
IARS2,0.6479591836734694,0.02806122448979592,3.201530612244898
IBA57,0.6607142857142857,0.02040816326530612,3.2270408163265305
IBTK,0.43112244897959184,0.08163265306122448,2.607142857142857
ICA1,0.6581632653061225,0.007653061224489796,3.5943877551020407
ICAM1,0.5688775510204082,0.05612244897959184,2.9183673469387754
ICAM2,0.6938775510204082,0.01020408163265306,3.576530612244898
ICAM3,0.5688775510204082,0.05612244897959184,2.9183673469387754
ICAM4,0.5688775510204082,0.05612244897959184,2.9183673469387754
ICAM5,0.5688775510204082,0.05612244897959184,2.9183673469387754
ICE2,0.5,0.061224489795918366,2.673469387755102
ICMT,0.5739795918367347,0.04336734693877551,2.979591836734694
ICOS,0.4336734693877551,0.06377551020408163,2.6403061224489797
ICOSLG,0.5637755102040817,0.04081632653061224,3.1403061224489797
ID1,0.7295918367346939,0.0,4.119897959183674
ID2,0.6326530612244898,0.017857142857142856,3.3698979591836733
ID4,0.6326530612244898,0.012755102040816327,4.887755102040816
IDE,0.4260204081632653,0.07397959183673469,2.5714285714285716
IDH1,0.4030612244897959,0.08163265306122448,2.556122448979592
IDH2,0.5229591836734694,0.05102040816326531,2.7346938775510203
IDH3A,0.5051020408163265,0.05102040816326531,2.688775510204082
IDH3B,0.6556122448979592,0.012755102040816327,3.4591836734693877
IDH3G,0.23469387755102042,0.33418367346938777,2.066326530612245
IDI1,0.6326530612244898,0.02806122448979592,3.461734693877551
IDI2,0.6326530612244898,0.02806122448979592,3.454081632653061
IDO1,0.4770408163265306,0.08928571428571429,3.313775510204082
IDS,0.23979591836734693,0.3392857142857143,2.068877551020408
IER3,0.6045918367346939,0.015306122448979591,3.20460358056266
IFI16,0.7040816326530612,0.012755102040816327,3.8979591836734695
IFI27,0.5,0.05612244897959184,2.760204081632653
IFI30,0.5637755102040817,0.04591836734693878,2.864795918367347
IFI35,0.6198979591836735,0.017857142857142856,3.2142857142857144
IFI44,0.5816326530612245,0.03316326530612245,3.0510204081632653
IFI6,0.5586734693877551,0.03826530612244898,2.8877551020408165
IFIT1,0.42857142857142855,0.08163265306122448,2.558673469387755
IFIT2,0.42857142857142855,0.08163265306122448,2.558673469387755
IFITM1,0.3392857142857143,0.10204081632653061,2.3979591836734695
IFITM3,0.3392857142857143,0.10204081632653061,2.3979591836734695
IFNA1,0.3494897959183674,0.22448979591836735,2.354591836734694
IFNA10,0.3647959183673469,0.19387755102040816,2.5331632653061225
IFNA13,0.35714285714285715,0.20918367346938777,2.3964194373401533
IFNA14,0.3647959183673469,0.19642857142857142,2.5280612244897958
IFNA17,0.3647959183673469,0.19642857142857142,2.5280612244897958
IFNA2,0.35459183673469385,0.21428571428571427,2.385204081632653
IFNA21,0.3647959183673469,0.1913265306122449,2.5703324808184145
IFNA4,0.3647959183673469,0.19387755102040816,2.563775510204082
IFNA5,0.3622448979591837,0.20408163265306123,2.520408163265306
IFNA7,0.3622448979591837,0.19387755102040816,2.5319693094629154
IFNA8,0.3520408163265306,0.21683673469387754,2.372448979591837
IFNAR1,0.5816326530612245,0.02806122448979592,3.1964285714285716
IFNAR2,0.5790816326530612,0.025510204081632654,3.193877551020408
IFNB1,0.37244897959183676,0.17857142857142858,2.6112531969309463
IFNE,0.3494897959183674,0.22704081632653061,2.3392857142857144
IFNG,0.6198979591836735,0.025510204081632654,3.50765306122449
IFNGR1,0.45153061224489793,0.06887755102040816,2.614795918367347
IFNGR2,0.5816326530612245,0.02806122448979592,3.1964285714285716
IFNL1,0.6326530612244898,0.017857142857142856,3.6403061224489797
IFNL2,0.6326530612244898,0.017857142857142856,3.642857142857143
IFNL3,0.6326530612244898,0.017857142857142856,3.6445012787723785
IFNLR1,0.5790816326530612,0.03571428571428571,2.979591836734694
IFNW1,0.37244897959183676,0.1836734693877551,2.6020408163265305
IFT122,0.6632653061224489,0.012755102040816327,3.4872448979591835
IFT172,0.6275510204081632,0.02040816326530612,3.288265306122449
IFT20,0.6479591836734694,0.012755102040816327,3.4693877551020407
IFT27,0.4642857142857143,0.07397959183673469,2.760204081632653
IFT46,0.45408163265306123,0.06887755102040816,2.701530612244898
IFT52,0.7219387755102041,0.002551020408163265,3.979591836734694
IFT57,0.6479591836734694,0.017857142857142856,3.4693877551020407
IFT74,0.4107142857142857,0.11479591836734694,2.663265306122449
IFT80,0.6862244897959183,0.00510204081632653,3.686224489795918
IFT81,0.6198979591836735,0.02040816326530612,3.0994897959183674
IFT88,0.5382653061224489,0.03571428571428571,3.038265306122449
IGBP1,0.1989795918367347,0.35459183673469385,1.9846938775510203
IGF1,0.6045918367346939,0.025510204081632654,3.0280612244897958
IGF2,0.3392857142857143,0.09693877551020408,2.3979591836734695
IGF2BP1,0.6377551020408163,0.015306122448979591,3.3214285714285716
IGF2BP2,0.6989795918367347,0.00510204081632653,3.7168367346938775
IGF2BP3,0.6530612244897959,0.015306122448979591,3.482142857142857
IGF2R,0.4260204081632653,0.07908163265306123,2.5408163265306123
IGFALS,0.4387755102040816,0.0663265306122449,2.6301020408163267
IGFBP1,0.6454081632653061,0.01020408163265306,3.4642857142857144
IGFBP2,0.35459183673469385,0.09948979591836735,2.436224489795918
IGFBP3,0.6454081632653061,0.01020408163265306,3.4668367346938775
IGFBP4,0.6275510204081632,0.012755102040816327,3.2806122448979593
IGFBP5,0.35459183673469385,0.09948979591836735,2.436224489795918
IGFBP6,0.6045918367346939,0.02806122448979592,2.997448979591837
IGFBP7,0.5153061224489796,0.025510204081632654,2.9107142857142856
IGLL1,0.5127551020408163,0.0663265306122449,2.920918367346939
IGLL5,0.5127551020408163,0.0663265306122449,2.9081632653061225
IGSF1,0.21683673469387754,0.3494897959183674,2.0153061224489797
IGSF5,0.5510204081632653,0.03826530612244898,3.1581632653061225
IGSF8,0.7091836734693877,0.012755102040816327,4.216836734693878
IHH,0.35459183673469385,0.10204081632653061,2.433673469387755
IK,0.41581632653061223,0.08418367346938775,2.5408163265306123
IKBKB,0.5076530612244898,0.07908163265306123,3.211734693877551
IKBKE,0.6352040816326531,0.025510204081632654,3.125
IKBKG,0.23979591836734693,0.33418367346938777,2.0841836734693877
IKZF1,0.6479591836734694,0.012755102040816327,3.510204081632653
IKZF3,0.6301020408163265,0.012755102040816327,3.7831632653061225
IKZF4,0.6045918367346939,0.025510204081632654,3.0306122448979593
IL10,0.6377551020408163,0.025510204081632654,3.1301020408163267
IL10RA,0.45153061224489793,0.07142857142857142,2.686224489795918
IL10RB,0.5790816326530612,0.025510204081632654,3.193877551020408
IL11,0.6556122448979592,0.025510204081632654,3.4260204081632653
IL12A,0.6836734693877551,0.00510204081632653,3.6683673469387754
IL12B,0.40816326530612246,0.09693877551020408,2.5051020408163267
IL12RB1,0.5612244897959183,0.04591836734693878,2.8596938775510203
IL12RB2,0.5816326530612245,0.025510204081632654,2.9693877551020407
IL13,0.41836734693877553,0.09948979591836735,2.5306122448979593
IL13RA1,0.21428571428571427,0.3469387755102041,2.020408163265306
IL13RA2,0.21173469387755103,0.34438775510204084,2.0127551020408165
IL15,0.45663265306122447,0.061224489795918366,2.6989795918367347
IL15RA,0.6607142857142857,0.025510204081632654,3.75765306122449
IL16,0.5076530612244898,0.04846938775510204,2.6964285714285716
IL17B,0.42346938775510207,0.08673469387755102,2.5535714285714284
IL17F,0.5612244897959183,0.02806122448979592,3.0969387755102042
IL17RA,0.5076530612244898,0.06887755102040816,2.8622448979591835
IL17RB,0.4719387755102041,0.07142857142857142,2.8877551020408165
IL17RC,0.6096938775510204,0.02295918367346939,3.625
IL17RD,0.4770408163265306,0.06887755102040816,2.8596938775510203
IL17RE,0.6122448979591837,0.02295918367346939,3.627551020408163
IL18,0.4387755102040816,0.07142857142857142,2.6785714285714284
IL18BP,0.5816326530612245,0.02295918367346939,3.1301020408163267
IL18R1,0.5714285714285714,0.02806122448979592,3.1122448979591835
IL18RAP,0.5714285714285714,0.02806122448979592,3.107142857142857
IL1A,0.5357142857142857,0.03571428571428571,2.9770408163265305
IL1B,0.5357142857142857,0.03571428571428571,2.9770408163265305
IL1F10,0.5382653061224489,0.03571428571428571,2.9744897959183674
IL1R1,0.5688775510204082,0.02806122448979592,3.1301020408163267
IL1R2,0.5688775510204082,0.02806122448979592,3.1198979591836733
IL1RAP,0.7066326530612245,0.007653061224489796,3.7755102040816326
IL1RAPL1,0.23214285714285715,0.3392857142857143,2.066326530612245
IL1RAPL2,0.22448979591836735,0.34183673469387754,2.0280612244897958
IL1RL1,0.5714285714285714,0.02806122448979592,3.1122448979591835
IL1RL2,0.5714285714285714,0.02806122448979592,3.122448979591837
IL1RN,0.5382653061224489,0.03571428571428571,2.9744897959183674
IL2,0.45408163265306123,0.058673469387755105,2.681122448979592
IL20RA,0.45408163265306123,0.06887755102040816,2.6301020408163267
IL20RB,0.673469387755102,0.012755102040816327,3.5510204081632653
IL22,0.6198979591836735,0.025510204081632654,3.4642857142857144
IL22RA1,0.5739795918367347,0.03571428571428571,2.9770408163265305
IL22RA2,0.45153061224489793,0.06887755102040816,2.614795918367347
IL23A,0.6020408163265306,0.025510204081632654,3.0153061224489797
IL23R,0.5790816326530612,0.025510204081632654,2.9642857142857144
IL24,0.6377551020408163,0.025510204081632654,3.1301020408163267
IL25,0.5102040816326531,0.03826530612244898,2.8877551020408165
IL26,0.6198979591836735,0.025510204081632654,3.50765306122449
IL27,0.576530612244898,0.02295918367346939,3.0994897959183674
IL27RA,0.5535714285714286,0.05102040816326531,2.836734693877551
IL2RA,0.6607142857142857,0.025510204081632654,3.7780612244897958
IL2RB,0.45918367346938777,0.07397959183673469,2.732142857142857
IL2RG,0.2066326530612245,0.3469387755102041,2.0306122448979593
IL32,0.42857142857142855,0.07397959183673469,2.6020408163265305
IL33,0.413265306122449,0.1377551020408163,2.877551020408163
IL36RN,0.5382653061224489,0.03571428571428571,2.9744897959183674
IL37,0.5357142857142857,0.03571428571428571,2.9770408163265305
IL3RA,0.5306122448979592,0.11479591836734694,3.163265306122449
IL4,0.41836734693877553,0.09948979591836735,2.5433673469387754
IL4I1,0.6403061224489796,0.025510204081632654,3.2857142857142856
IL4R,0.5586734693877551,0.030612244897959183,3.0510204081632653
IL5,0.41836734693877553,0.09948979591836735,2.5306122448979593
IL5RA,0.5790816326530612,0.02295918367346939,3.385204081632653
IL6,0.6505102040816326,0.015306122448979591,3.4872448979591835
IL6R,0.701530612244898,0.01020408163265306,3.7142857142857144
IL6ST,0.3903061224489796,0.10459183673469388,2.548469387755102
IL7,0.6989795918367347,0.007653061224489796,3.913265306122449
IL7R,0.7091836734693877,0.01020408163265306,4.10969387755102
IL9,0.4107142857142857,0.09438775510204081,2.538265306122449
IL9R,0.3826530612244898,0.288265306122449,2.461734693877551
ILF2,0.7091836734693877,0.01020408163265306,3.795918367346939
ILK,0.336734693877551,0.09693877551020408,2.395408163265306
ILKAP,0.35459183673469385,0.11224489795918367,2.454081632653061
IMMT,0.6377551020408163,0.02040816326530612,3.2908163265306123
IMP3,0.5076530612244898,0.04846938775510204,2.6989795918367347
IMP4,0.5076530612244898,0.04846938775510204,2.8392857142857144
IMPA1,0.701530612244898,0.015306122448979591,4.002551020408164
IMPA2,0.5535714285714286,0.03571428571428571,3.2806122448979593
IMPDH1,0.5918367346938775,0.012755102040816327,3.2193877551020407
IMPDH2,0.4744897959183674,0.061224489795918366,2.88265306122449
INA,0.42091836734693877,0.08163265306122448,2.561224489795918
INCENP,0.5790816326530612,0.01020408163265306,3.048469387755102
ING1,0.5816326530612245,0.017857142857142856,3.2780612244897958
ING2,0.40816326530612246,0.08163265306122448,2.5816326530612246
ING3,0.5918367346938775,0.012755102040816327,3.2346938775510203
ING4,0.6275510204081632,0.017857142857142856,3.2729591836734695
ING5,0.35459183673469385,0.13010204081632654,2.392857142857143
INHA,0.35459183673469385,0.10459183673469388,2.433673469387755
INHBA,0.6479591836734694,0.015306122448979591,3.517857142857143
INHBB,0.5331632653061225,0.03826530612244898,2.9005102040816326
INHBC,0.5994897959183674,0.030612244897959183,3.0153061224489797
INHBE,0.5994897959183674,0.030612244897959183,3.0153061224489797
INIP,0.45663265306122447,0.09948979591836735,2.6607142857142856
INO80B,0.6352040816326531,0.02040816326530612,3.336734693877551
INO80C,0.45918367346938777,0.08418367346938775,2.7193877551020407
INO80D,0.41836734693877553,0.07653061224489796,2.576530612244898
INO80E,0.5816326530612245,0.02040816326530612,3.135204081632653
INPP5A,0.45153061224489793,0.06377551020408163,2.663265306122449
INPP5B,0.5892857142857143,0.02040816326530612,3.061224489795918
INPP5D,0.32908163265306123,0.10714285714285714,2.377551020408163
INPP5E,0.4719387755102041,0.09948979591836735,2.704081632653061
INPP5J,0.5153061224489796,0.0663265306122449,2.997448979591837
INPP5K,0.37244897959183676,0.12244897959183673,2.50765306122449
INPPL1,0.5790816326530612,0.02295918367346939,3.122448979591837
INS,0.3392857142857143,0.09693877551020408,2.3979591836734695
INSC,0.35459183673469385,0.08928571428571429,2.479591836734694
INSIG1,0.5892857142857143,0.02040816326530612,3.1530612244897958
INSIG2,0.5331632653061225,0.03826530612244898,2.8979591836734695
INSL3,0.5586734693877551,0.04336734693877551,2.857142857142857
INSM1,0.6709183673469388,0.01020408163265306,3.5306122448979593
INSR,0.5561224489795918,0.05612244897959184,2.857142857142857
INSRR,0.6989795918367347,0.012755102040816327,3.568877551020408
INTS1,0.6556122448979592,0.017857142857142856,3.5280612244897958
INTS10,0.24489795918367346,0.2193877551020408,2.229591836734694
INTS11,0.5714285714285714,0.03826530612244898,2.99234693877551
INTS12,0.461734693877551,0.0663265306122449,2.686224489795918
INTS13,0.6147959183673469,0.02295918367346939,3.3801020408163267
INTS2,0.6887755102040817,0.01020408163265306,3.6377551020408165
INTS3,0.7091836734693877,0.01020408163265306,3.795918367346939
INTS4,0.5459183673469388,0.02806122448979592,3.1556122448979593
INTS5,0.5790816326530612,0.007653061224489796,3.056122448979592
INTS6,0.4362244897959184,0.11224489795918367,2.7270408163265305
INTS7,0.6352040816326531,0.025510204081632654,3.125
INTS8,0.7066326530612245,0.015306122448979591,4.071428571428571
INTS9,0.2576530612244898,0.20918367346938777,2.2551020408163267
INTU,0.45663265306122447,0.06377551020408163,2.6556122448979593
INVS,0.4413265306122449,0.1096938775510204,2.635204081632653
IP6K1,0.4719387755102041,0.061224489795918366,2.877551020408163
IP6K2,0.47959183673469385,0.061224489795918366,2.8903061224489797
IP6K3,0.5739795918367347,0.02040816326530612,2.9948979591836733
IPCEF1,0.42346938775510207,0.08163265306122448,2.5229591836734695
IPMK,0.45663265306122447,0.05612244897959184,2.7142857142857144
IPO11,0.3622448979591837,0.125,2.423469387755102
IPO13,0.5969387755102041,0.017857142857142856,3.0816326530612246
IPO4,0.5,0.03826530612244898,2.811224489795918
IPO5,0.5739795918367347,0.015306122448979591,3.2142857142857144
IPO7,0.33418367346938777,0.09693877551020408,2.4107142857142856
IPO8,0.6275510204081632,0.017857142857142856,3.357142857142857
IPO9,0.6122448979591837,0.03316326530612245,3.0408163265306123
IPP,0.5969387755102041,0.02295918367346939,3.0255102040816326
IPPK,0.45918367346938777,0.1096938775510204,2.7066326530612246
IQCB1,0.6658163265306123,0.015306122448979591,3.502551020408163
IQCE,0.6556122448979592,0.015306122448979591,3.538265306122449
IQGAP1,0.5229591836734694,0.05102040816326531,2.7372448979591835
IQGAP2,0.3673469387755102,0.125,2.433673469387755
IQGAP3,0.6989795918367347,0.012755102040816327,3.5816326530612246
IQSEC1,0.6071428571428571,0.02040816326530612,3.895408163265306
IRAK1,0.2372448979591837,0.33418367346938777,2.0714285714285716
IRAK2,0.6122448979591837,0.02295918367346939,3.6530612244897958
IRAK3,0.6071428571428571,0.025510204081632654,3.4107142857142856
IREB2,0.5051020408163265,0.05102040816326531,2.686224489795918
IRF1,0.41836734693877553,0.10204081632653061,2.5280612244897958
IRF2,0.41836734693877553,0.08418367346938775,2.5816326530612246
IRF2BP1,0.6377551020408163,0.017857142857142856,3.3580562659846547
IRF2BP2,0.6632653061224489,0.02295918367346939,3.2755102040816326
IRF2BPL,0.5051020408163265,0.04591836734693878,2.8035714285714284
IRF3,0.6403061224489796,0.025510204081632654,3.2831632653061225
IRF4,0.5204081632653061,0.05102040816326531,2.9693877551020407
IRF5,0.5943877551020408,0.012755102040816327,3.211734693877551
IRF6,0.6326530612244898,0.025510204081632654,3.11734693877551
IRF7,0.34183673469387754,0.09948979591836735,2.4030612244897958
IRF8,0.5076530612244898,0.04336734693877551,2.9081632653061225
IRF9,0.5,0.03826530612244898,2.811224489795918
IRGM,0.41581632653061223,0.08673469387755102,2.538265306122449
IRS1,0.34183673469387754,0.1096938775510204,2.423469387755102
IRS2,0.5841836734693877,0.015306122448979591,3.2933673469387754
IRS4,0.22193877551020408,0.34183673469387754,2.061224489795918
IRX1,0.7142857142857143,0.015306122448979591,4.063775510204081
IRX5,0.4897959183673469,0.03826530612244898,2.806122448979592
ISCA1,0.45408163265306123,0.11224489795918367,2.6607142857142856
ISCA2,0.5025510204081632,0.04336734693877551,2.7806122448979593
ISCU,0.6173469387755102,0.02040816326530612,3.0433673469387754
ISG20,0.5204081632653061,0.04846938775510204,2.7372448979591835
ISG20L2,0.6989795918367347,0.012755102040816327,3.576530612244898
ISL1,0.44387755102040816,0.08673469387755102,2.7908163265306123
ISL2,0.5051020408163265,0.05102040816326531,2.704081632653061
ISLR,0.5076530612244898,0.04846938775510204,2.711734693877551
IST1,0.5204081632653061,0.03571428571428571,3.0535714285714284
ISX,0.4923469387755102,0.06887755102040816,2.8239795918367347
ISY1,0.6632653061224489,0.012755102040816327,3.482142857142857
ISYNA1,0.5663265306122449,0.04591836734693878,2.86734693877551
ITGA1,0.42857142857142855,0.09183673469387756,2.686224489795918
ITGA10,0.6989795918367347,0.012755102040816327,3.6785714285714284
ITGA11,0.5076530612244898,0.04081632653061224,2.7219387755102042
ITGA2,0.43112244897959184,0.09183673469387756,2.686224489795918
ITGA2B,0.6173469387755102,0.017857142857142856,3.211734693877551
ITGA3,0.6377551020408163,0.012755102040816327,3.3443877551020407
ITGA4,0.4872448979591837,0.03826530612244898,2.8418367346938775
ITGA5,0.6096938775510204,0.02295918367346939,3.061224489795918
ITGA6,0.48214285714285715,0.03826530612244898,2.9107142857142856
ITGA7,0.6045918367346939,0.02806122448979592,3.017857142857143
ITGA8,0.6198979591836735,0.03826530612244898,3.4183673469387754
ITGA9,0.5459183673469388,0.030612244897959183,3.1760204081632653
ITGAD,0.576530612244898,0.025510204081632654,3.010204081632653
ITGAE,0.3852040816326531,0.11989795918367346,2.510204081632653
ITGAL,0.5816326530612245,0.02040816326530612,3.058673469387755
ITGAM,0.576530612244898,0.025510204081632654,3.0127551020408165
ITGAV,0.4719387755102041,0.04336734693877551,2.788265306122449
ITGAX,0.576530612244898,0.025510204081632654,3.0127551020408165
ITGB1,0.5790816326530612,0.05102040816326531,3.1785714285714284
ITGB1BP1,0.6352040816326531,0.02040816326530612,3.3698979591836733
ITGB1BP2,0.20408163265306123,0.3469387755102041,2.023017902813299
ITGB2,0.5612244897959183,0.04081632653061224,3.1377551020408165
ITGB3,0.6377551020408163,0.017857142857142856,3.316326530612245
ITGB3BP,0.5892857142857143,0.02806122448979592,3.0229591836734695
ITGB4,0.6913265306122449,0.01020408163265306,3.4872448979591835
ITGB5,0.6658163265306123,0.015306122448979591,3.4846938775510203
ITGB6,0.4897959183673469,0.04081632653061224,2.954081632653061
ITGB7,0.6045918367346939,0.02806122448979592,3.002551020408163
ITGB8,0.6530612244897959,0.012755102040816327,3.683673469387755
ITIH2,0.6683673469387755,0.02295918367346939,3.88265306122449
ITIH3,0.46938775510204084,0.07397959183673469,2.86734693877551
ITIH4,0.46938775510204084,0.07397959183673469,2.86734693877551
ITK,0.40816326530612246,0.09438775510204081,2.5127551020408165
ITLN1,0.7142857142857143,0.012755102040816327,4.517857142857143
ITLN2,0.7142857142857143,0.012755102040816327,4.571428571428571
ITPA,0.6556122448979592,0.01020408163265306,3.461734693877551
ITPK1,0.5,0.05357142857142857,2.7627551020408165
ITPKC,0.6403061224489796,0.02040816326530612,3.5127551020408165
ITPR1,0.5790816326530612,0.02295918367346939,3.433673469387755
ITPR2,0.6147959183673469,0.025510204081632654,3.3877551020408165
ITPR3,0.576530612244898,0.017857142857142856,3.002551020408163
ITSN1,0.5816326530612245,0.03316326530612245,3.1964285714285716
ITSN2,0.6301020408163265,0.02040816326530612,3.2831632653061225
IVD,0.461734693877551,0.06377551020408163,2.6020408163265305
IVL,0.7117346938775511,0.01020408163265306,3.795918367346939
IVNS1ABP,0.673469387755102,0.015306122448979591,3.4566326530612246
IWS1,0.5229591836734694,0.04846938775510204,2.8596938775510203
IZUMO1,0.6352040816326531,0.025510204081632654,3.2448979591836733
JADE1,0.45408163265306123,0.058673469387755105,2.6479591836734695
JADE2,0.41581632653061223,0.09693877551020408,2.5357142857142856
JADE3,0.22959183673469388,0.34183673469387754,2.048469387755102
JAG1,0.6607142857142857,0.01020408163265306,3.538265306122449
JAG2,0.5025510204081632,0.04591836734693878,2.795918367346939
JAK1,0.5841836734693877,0.025510204081632654,3.020408163265306
JAK2,0.413265306122449,0.13520408163265307,2.808673469387755
JAK3,0.5586734693877551,0.04336734693877551,2.857142857142857
JAM2,0.5612244897959183,0.03826530612244898,3.142857142857143
JAM3,0.46938775510204084,0.07908163265306123,2.7193877551020407
JAML,0.45408163265306123,0.06887755102040816,2.704081632653061
JARID2,0.6198979591836735,0.012755102040816327,3.517857142857143
JAZF1,0.6505102040816326,0.015306122448979591,3.4642857142857144
JCHAIN,0.5051020408163265,0.03571428571428571,2.8877551020408165
JDP2,0.5076530612244898,0.04336734693877551,2.795918367346939
JMJD1C,0.4489795918367347,0.05102040816326531,2.704081632653061
JMY,0.3852040816326531,0.11479591836734694,2.461734693877551
JPH2,0.7244897959183674,0.002551020408163265,3.9744897959183674
JPT1,0.6913265306122449,0.01020408163265306,3.482142857142857
JPT2,0.4387755102040816,0.0663265306122449,2.6301020408163267
JSRP1,0.5280612244897959,0.0663265306122449,2.7831632653061225
JUN,0.5969387755102041,0.02295918367346939,3.056122448979592
JUNB,0.5510204081632653,0.04846938775510204,2.836734693877551
JUND,0.5637755102040817,0.04591836734693878,2.864795918367347
JUP,0.6275510204081632,0.012755102040816327,3.232142857142857
KALRN,0.6658163265306123,0.015306122448979591,3.482142857142857
KANK1,0.42346938775510207,0.13010204081632654,2.767857142857143
KANSL1,0.6198979591836735,0.017857142857142856,3.2448979591836733
KANSL2,0.5892857142857143,0.02806122448979592,2.979591836734694
KANSL3,0.5790816326530612,0.025510204081632654,3.188775510204082
KAT14,0.6556122448979592,0.012755102040816327,3.538265306122449
KAT2A,0.6275510204081632,0.012755102040816327,3.2244897959183674
KAT2B,0.5739795918367347,0.02040816326530612,3.375
KAT5,0.576530612244898,0.012755102040816327,3.063775510204082
KAT6A,0.5102040816326531,0.07653061224489796,3.2908163265306123
KAT6B,0.4744897959183674,0.05102040816326531,2.836734693877551
KAT7,0.6326530612244898,0.015306122448979591,3.326530612244898
KAT8,0.576530612244898,0.025510204081632654,3.0127551020408165
KATNA1,0.4336734693877551,0.07397959183673469,2.5510204081632653
KATNAL1,0.5663265306122449,0.02295918367346939,3.1403061224489797
KATNAL2,0.4362244897959184,0.09438775510204081,2.6505102040816326
KATNB1,0.4846938775510204,0.04081632653061224,2.7933673469387754
KATNBL1,0.47959183673469385,0.058673469387755105,2.6377551020408165
KAZN,0.5663265306122449,0.03571428571428571,2.9693877551020407
KBTBD13,0.5051020408163265,0.04846938775510204,2.6785714285714284
KCNA1,0.6224489795918368,0.02040816326530612,3.260204081632653
KCNA10,0.5739795918367347,0.03571428571428571,2.9489795918367347
KCNA2,0.5739795918367347,0.03571428571428571,2.9489795918367347
KCNA3,0.5739795918367347,0.03316326530612245,2.961734693877551
KCNA4,0.3852040816326531,0.08418367346938775,2.5433673469387754
KCNA5,0.6224489795918368,0.02040816326530612,3.260204081632653
KCNAB1,0.6862244897959183,0.00510204081632653,3.622448979591837
KCNAB2,0.5739795918367347,0.04591836734693878,2.9770408163265305
KCNAB3,0.3647959183673469,0.12244897959183673,2.4285714285714284
KCNB1,0.7193877551020408,0.00510204081632653,3.6964285714285716
KCNB2,0.701530612244898,0.007653061224489796,3.877551020408163
KCNC1,0.35714285714285715,0.08673469387755102,2.454081632653061
KCNC2,0.5816326530612245,0.025510204081632654,3.020408163265306
KCNC3,0.6352040816326531,0.025510204081632654,3.2806122448979593
KCNC4,0.5739795918367347,0.03571428571428571,2.943877551020408
KCND2,0.5918367346938775,0.012755102040816327,3.2372448979591835
KCND3,0.576530612244898,0.03316326530612245,2.9744897959183674
KCNE1,0.5790816326530612,0.03316326530612245,3.193877551020408
KCNE2,0.5790816326530612,0.03316326530612245,3.191326530612245
KCNE3,0.5535714285714286,0.025510204081632654,3.0153061224489797
KCNE4,0.3469387755102041,0.10714285714285714,2.4591836734693877
KCNE5,0.22193877551020408,0.34438775510204084,2.0280612244897958
KCNF1,0.6326530612244898,0.02040816326530612,3.326530612244898
KCNG1,0.7168367346938775,0.007653061224489796,3.7448979591836733
KCNG2,0.40816326530612246,0.11989795918367346,2.5433673469387754
KCNG3,0.625,0.017857142857142856,3.2653061224489797
KCNG4,0.5102040816326531,0.04846938775510204,2.892857142857143
KCNH1,0.6326530612244898,0.02295918367346939,3.125
KCNH2,0.5867346938775511,0.012755102040816327,3.1989795918367347
KCNH3,0.5969387755102041,0.025510204081632654,2.99234693877551
KCNH5,0.46938775510204084,0.04846938775510204,2.729591836734694
KCNIP1,0.4107142857142857,0.10459183673469388,2.4948979591836733
KCNIP2,0.413265306122449,0.08163265306122448,2.558673469387755
KCNIP3,0.576530612244898,0.02806122448979592,3.1683673469387754
KCNIP4,0.47959183673469385,0.05357142857142857,2.788265306122449
KCNJ1,0.461734693877551,0.07908163265306123,2.7270408163265305
KCNJ11,0.35714285714285715,0.08673469387755102,2.443877551020408
KCNJ12,0.46938775510204084,0.07908163265306123,2.9005102040816326
KCNJ15,0.5612244897959183,0.03316326530612245,3.1556122448979593
KCNJ2,0.6964285714285714,0.015306122448979591,3.5918367346938775
KCNJ3,0.4872448979591837,0.04081632653061224,2.7933673469387754
KCNJ4,0.45408163265306123,0.07653061224489796,2.7142857142857144
KCNJ5,0.45918367346938777,0.07908163265306123,2.7270408163265305
KCNJ6,0.5561224489795918,0.03316326530612245,3.163265306122449
KCNJ8,0.6020408163265306,0.02040816326530612,3.204081632653061
KCNJ9,0.7091836734693877,0.012755102040816327,4.216836734693878
KCNK3,0.6275510204081632,0.017857142857142856,3.288265306122449
KCNK5,0.576530612244898,0.017857142857142856,3.142857142857143
KCNK9,0.7091836734693877,0.015306122448979591,3.8801020408163267
KCNMA1,0.4744897959183674,0.05102040816326531,2.836734693877551
KCNMB1,0.40816326530612246,0.10459183673469388,2.49234693877551
KCNMB2,0.6964285714285714,0.00510204081632653,3.7627551020408165
KCNMB4,0.6147959183673469,0.02295918367346939,3.5943877551020407
KCNN1,0.5586734693877551,0.04336734693877551,2.857142857142857
KCNN2,0.40816326530612246,0.10459183673469388,2.5408163265306123
KCNN3,0.6989795918367347,0.01020408163265306,3.688775510204082
KCNQ1,0.33418367346938777,0.09948979591836735,2.3903061224489797
KCNQ2,0.6964285714285714,0.015306122448979591,3.576530612244898
KCNQ3,0.7040816326530612,0.01020408163265306,3.9846938775510203
KCNQ4,0.6020408163265306,0.017857142857142856,3.3418367346938775
KCNQ5,0.4642857142857143,0.06377551020408163,2.6760204081632653
KCNRG,0.413265306122449,0.14540816326530612,2.604591836734694
KCNS2,0.7219387755102041,0.01020408163265306,4.385204081632653
KCNS3,0.6352040816326531,0.017857142857142856,3.3239795918367347
KCNV1,0.7142857142857143,0.012755102040816327,4.086734693877551
KCNV2,0.41581632653061223,0.125,2.7627551020408165
KCTD1,0.5102040816326531,0.06377551020408163,2.943877551020408
KCTD10,0.6173469387755102,0.02040816326530612,3.058673469387755
KCTD13,0.5816326530612245,0.02040816326530612,3.1122448979591835
KCTD15,0.6326530612244898,0.017857142857142856,3.454081632653061
KCTD3,0.6377551020408163,0.03316326530612245,3.1530612244897958
KCTD5,0.4362244897959184,0.0663265306122449,2.625
KCTD6,0.4846938775510204,0.06887755102040816,2.8698979591836733
KCTD7,0.6275510204081632,0.00510204081632653,3.3469387755102042
KDELR1,0.6326530612244898,0.025510204081632654,3.267857142857143
KDELR2,0.6556122448979592,0.007653061224489796,3.5918367346938775
KDELR3,0.45408163265306123,0.07653061224489796,2.711734693877551
KDM1A,0.5637755102040817,0.03826530612244898,2.9489795918367347
KDM1B,0.6096938775510204,0.015306122448979591,3.7755102040816326
KDM2A,0.6096938775510204,0.012755102040816327,3.1785714285714284
KDM2B,0.6147959183673469,0.02040816326530612,3.048469387755102
KDM3A,0.6352040816326531,0.02040816326530612,3.2806122448979593
KDM4A,0.5969387755102041,0.017857142857142856,3.1020408163265305
KDM4B,0.5382653061224489,0.061224489795918366,2.8010204081632653
KDM4C,0.41836734693877553,0.13520408163265307,2.854591836734694
KDM5A,0.625,0.02295918367346939,3.25
KDM5B,0.6301020408163265,0.02040816326530612,3.0892857142857144
KDM6A,0.22448979591836735,0.3520408163265306,2.0153061224489797
KDM6B,0.3647959183673469,0.12244897959183673,2.4285714285714284
KDM8,0.5586734693877551,0.030612244897959183,3.0535714285714284
KDR,0.5382653061224489,0.025510204081632654,3.002551020408163
KEAP1,0.5663265306122449,0.05357142857142857,2.920918367346939
KEL,0.5994897959183674,0.012755102040816327,3.2346938775510203
KERA,0.5943877551020408,0.02806122448979592,3.00765306122449
KHDRBS1,0.5714285714285714,0.03316326530612245,2.9005102040816326
KHDRBS2,0.5280612244897959,0.04591836734693878,2.8877551020408165
KHDRBS3,0.7142857142857143,0.01020408163265306,3.9464285714285716
KHK,0.6275510204081632,0.017857142857142856,3.2908163265306123
KHSRP,0.5433673469387755,0.058673469387755105,2.808673469387755
KIAA0319,0.6071428571428571,0.012755102040816327,3.5510204081632653
KIAA0319L,0.5739795918367347,0.030612244897959183,2.936224489795918
KIAA0513,0.5,0.04336734693877551,2.8903061224489797
KIAA1549,0.5918367346938775,0.012755102040816327,3.2168367346938775
KIAA1549L,0.3979591836734694,0.07908163265306123,2.75
KIAA2013,0.5714285714285714,0.03826530612244898,2.9770408163265305
KIDINS220,0.6326530612244898,0.017857142857142856,3.4668367346938775
KIF11,0.4260204081632653,0.07397959183673469,2.5714285714285716
KIF13A,0.6071428571428571,0.015306122448979591,3.6581632653061225
KIF13B,0.2627551020408163,0.20918367346938777,2.2627551020408165
KIF14,0.6428571428571429,0.015306122448979591,3.2142857142857144
KIF15,0.5127551020408163,0.03826530612244898,3.010204081632653
KIF16B,0.6632653061224489,0.012755102040816327,3.5229591836734695
KIF17,0.5612244897959183,0.03826530612244898,2.9464285714285716
KIF18A,0.3826530612244898,0.08418367346938775,2.5280612244897958
KIF18B,0.6173469387755102,0.017857142857142856,3.211734693877551
KIF19,0.6913265306122449,0.01020408163265306,3.489795918367347
KIF1A,0.3494897959183674,0.1326530612244898,2.3877551020408165
KIF1B,0.5688775510204082,0.04081632653061224,2.979591836734694
KIF1C,0.37755102040816324,0.11989795918367346,2.4846938775510203
KIF20A,0.42091836734693877,0.08673469387755102,2.5408163265306123
KIF20B,0.42857142857142855,0.07908163265306123,2.566326530612245
KIF21A,0.5994897959183674,0.02040816326530612,3.086734693877551
KIF21B,0.6403061224489796,0.015306122448979591,3.181122448979592
KIF22,0.5816326530612245,0.02040816326530612,3.1096938775510203
KIF23,0.5102040816326531,0.04336734693877551,2.7168367346938775
KIF26A,0.5025510204081632,0.04591836734693878,2.788265306122449
KIF26B,0.6607142857142857,0.015306122448979591,3.2551020408163267
KIF27,0.45663265306122447,0.11734693877551021,2.627551020408163
KIF2A,0.3622448979591837,0.12244897959183673,2.4260204081632653
KIF2B,0.6352040816326531,0.015306122448979591,3.3979591836734695
KIF2C,0.5969387755102041,0.017857142857142856,3.0535714285714284
KIF3A,0.41836734693877553,0.09948979591836735,2.5433673469387754
KIF3B,0.7270408163265306,0.0,4.119897959183674
KIF3C,0.6301020408163265,0.02040816326530612,3.2857142857142856
KIF4A,0.20153061224489796,0.35459183673469385,1.9974489795918366
KIF4B,0.41836734693877553,0.08673469387755102,2.5408163265306123
KIF5A,0.5994897959183674,0.03316326530612245,3.0127551020408165
KIF5B,0.576530612244898,0.05102040816326531,3.183673469387755
KIF5C,0.49489795918367346,0.03826530612244898,2.808673469387755
KIF6,0.5688775510204082,0.017857142857142856,3.068877551020408
KIF7,0.5255102040816326,0.05102040816326531,2.739795918367347
KIFAP3,0.6938775510204082,0.012755102040816327,3.7933673469387754
KIFC1,0.5790816326530612,0.017857142857142856,3.00765306122449
KIFC2,0.6964285714285714,0.012755102040816327,3.8443877551020407
KIFC3,0.4846938775510204,0.04081632653061224,2.7933673469387754
KIN,0.6683673469387755,0.02295918367346939,3.8877551020408165
KIR2DL1,0.6581632653061225,0.02295918367346939,3.392857142857143
KIR2DL3,0.6581632653061225,0.02295918367346939,3.392857142857143
KIR2DL4,0.6581632653061225,0.02295918367346939,3.423469387755102
KIR3DL1,0.6581632653061225,0.02295918367346939,3.423469387755102
KIR3DL2,0.6581632653061225,0.02295918367346939,3.4183673469387754
KIR3DL3,0.6581632653061225,0.02295918367346939,3.392857142857143
KIRREL1,0.6989795918367347,0.012755102040816327,3.6964285714285716
KIRREL2,0.6403061224489796,0.012755102040816327,3.5306122448979593
KIRREL3,0.46683673469387754,0.07397959183673469,2.7168367346938775
KISS1,0.6326530612244898,0.02295918367346939,3.0892857142857144
KISS1R,0.5153061224489796,0.07142857142857142,2.767857142857143
KIT,0.5408163265306123,0.025510204081632654,2.9668367346938775
KIZ,0.673469387755102,0.01020408163265306,3.563775510204082
KL,0.5306122448979592,0.04081632653061224,3.061224489795918
KLB,0.4719387755102041,0.05357142857142857,2.7346938775510203
KLC1,0.5,0.04846938775510204,2.7755102040816326
KLC2,0.5918367346938775,0.012755102040816327,3.086734693877551
KLC3,0.6454081632653061,0.015306122448979591,3.423469387755102
KLC4,0.5663265306122449,0.015306122448979591,3.145408163265306
KLF1,0.5510204081632653,0.04846938775510204,2.8392857142857144
KLF15,0.6658163265306123,0.015306122448979591,3.502551020408163
KLF2,0.5459183673469388,0.04591836734693878,2.8341836734693877
KLF4,0.45408163265306123,0.1096938775510204,2.693877551020408
KLF5,0.5331632653061225,0.03571428571428571,3.1505102040816326
KLF6,0.6403061224489796,0.025510204081632654,3.625
KLF7,0.41581632653061223,0.07653061224489796,2.5739795918367347
KLHDC2,0.4897959183673469,0.04081632653061224,2.7729591836734695
KLHDC3,0.5663265306122449,0.015306122448979591,3.145408163265306
KLHL10,0.6275510204081632,0.012755102040816327,3.2193877551020407
KLHL11,0.6275510204081632,0.012755102040816327,3.2193877551020407
KLHL2,0.4362244897959184,0.07908163265306123,2.6122448979591835
KLHL20,0.6862244897959183,0.015306122448979591,3.6301020408163267
KLHL21,0.5739795918367347,0.04081632653061224,2.9770408163265305
KLHL22,0.5331632653061225,0.05612244897959184,3.0739795918367347
KLHL24,0.6989795918367347,0.00510204081632653,3.729591836734694
KLHL25,0.5076530612244898,0.04846938775510204,2.7755102040816326
KLHL3,0.42091836734693877,0.08928571428571429,2.5433673469387754
KLHL41,0.48214285714285715,0.03826530612244898,2.818877551020408
KLHL5,0.46938775510204084,0.05357142857142857,2.7372448979591835
KLHL9,0.3596938775510204,0.2066326530612245,2.4285714285714284
KLK1,0.6377551020408163,0.025510204081632654,3.313775510204082
KLK12,0.6403061224489796,0.025510204081632654,3.3214285714285716
KLK13,0.6403061224489796,0.025510204081632654,3.3214285714285716
KLK14,0.6403061224489796,0.025510204081632654,3.3214285714285716
KLK3,0.6377551020408163,0.025510204081632654,3.316326530612245
KLK4,0.6403061224489796,0.025510204081632654,3.318877551020408
KLK5,0.6403061224489796,0.025510204081632654,3.313775510204082
KLK6,0.6403061224489796,0.025510204081632654,3.313775510204082
KLK7,0.6403061224489796,0.025510204081632654,3.313775510204082
KLK8,0.6403061224489796,0.025510204081632654,3.3214285714285716
KLKB1,0.40816326530612246,0.09183673469387756,2.563775510204082
KLRB1,0.6096938775510204,0.025510204081632654,3.2142857142857144
KLRC1,0.6096938775510204,0.025510204081632654,3.2142857142857144
KLRC2,0.6122448979591837,0.025510204081632654,3.2168367346938775
KLRC4,0.6122448979591837,0.025510204081632654,3.2168367346938775
KLRD1,0.6122448979591837,0.025510204081632654,3.2168367346938775
KLRF2,0.6122448979591837,0.02806122448979592,3.2219387755102042
KLRG1,0.6173469387755102,0.02040816326530612,3.239795918367347
KMO,0.6556122448979592,0.017857142857142856,3.25765306122449
KMT2A,0.45408163265306123,0.0663265306122449,2.704081632653061
KMT2B,0.6403061224489796,0.012755102040816327,3.5306122448979593
KMT2C,0.5892857142857143,0.025510204081632654,3.1658163265306123
KMT2D,0.5892857142857143,0.030612244897959183,2.9642857142857144
KMT2E,0.5969387755102041,0.007653061224489796,3.2448979591836733
KMT5A,0.6173469387755102,0.02295918367346939,3.0280612244897958
KMT5B,0.6147959183673469,0.017857142857142856,3.2448979591836733
KNL1,0.461734693877551,0.06377551020408163,2.6020408163265305
KNTC1,0.6173469387755102,0.02295918367346939,3.045918367346939
KPNA1,0.6658163265306123,0.015306122448979591,3.4948979591836733
KPNA2,0.6964285714285714,0.012755102040816327,3.5127551020408165
KPNA3,0.413265306122449,0.14030612244897958,2.688775510204082
KPNA4,0.6862244897959183,0.00510204081632653,3.686224489795918
KPNA5,0.41581632653061223,0.08673469387755102,2.5255102040816326
KPNA6,0.5714285714285714,0.03316326530612245,2.9005102040816326
KPNA7,0.6096938775510204,0.00510204081632653,3.3418367346938775
KPNB1,0.6352040816326531,0.015306122448979591,3.3035714285714284
KPRP,0.7091836734693877,0.01020408163265306,3.8316326530612246
KPTN,0.6326530612244898,0.025510204081632654,3.25
KRAS,0.6147959183673469,0.02040816326530612,3.395408163265306
KRIT1,0.6045918367346939,0.00510204081632653,3.295918367346939
KRR1,0.5790816326530612,0.025510204081632654,2.9846938775510203
KRT1,0.6045918367346939,0.02806122448979592,2.9948979591836733
KRT10,0.6224489795918368,0.017857142857142856,3.24234693877551
KRT12,0.6224489795918368,0.017857142857142856,3.24234693877551
KRT13,0.625,0.015306122448979591,3.2346938775510203
KRT14,0.6275510204081632,0.012755102040816327,3.24234693877551
KRT15,0.625,0.015306122448979591,3.2346938775510203
KRT16,0.6275510204081632,0.012755102040816327,3.24234693877551
KRT17,0.6275510204081632,0.012755102040816327,3.24234693877551
KRT18,0.6020408163265306,0.02806122448979592,2.9948979591836733
KRT19,0.625,0.015306122448979591,3.2346938775510203
KRT2,0.6071428571428571,0.02806122448979592,2.997448979591837
KRT20,0.6224489795918368,0.017857142857142856,3.24234693877551
KRT23,0.6198979591836735,0.017857142857142856,3.2372448979591835
KRT24,0.6275510204081632,0.012755102040816327,3.270408163265306
KRT25,0.625,0.017857142857142856,3.2627551020408165
KRT26,0.625,0.017857142857142856,3.2653061224489797
KRT27,0.625,0.017857142857142856,3.2653061224489797
KRT28,0.625,0.017857142857142856,3.260204081632653
KRT3,0.6045918367346939,0.02806122448979592,2.9948979591836733
KRT31,0.625,0.017857142857142856,3.2372448979591835
KRT32,0.625,0.015306122448979591,3.239795918367347
KRT33A,0.6224489795918368,0.017857142857142856,3.232142857142857
KRT33B,0.6224489795918368,0.017857142857142856,3.232142857142857
KRT34,0.625,0.017857142857142856,3.2372448979591835
KRT37,0.625,0.017857142857142856,3.2372448979591835
KRT38,0.625,0.017857142857142856,3.2372448979591835
KRT39,0.6198979591836735,0.017857142857142856,3.2372448979591835
KRT4,0.6045918367346939,0.02806122448979592,2.9948979591836733
KRT40,0.6198979591836735,0.017857142857142856,3.2372448979591835
KRT5,0.6045918367346939,0.02806122448979592,2.9948979591836733
KRT6A,0.6045918367346939,0.02806122448979592,2.9948979591836733
KRT6B,0.6045918367346939,0.02806122448979592,2.9948979591836733
KRT6C,0.6045918367346939,0.02806122448979592,2.9948979591836733
KRT7,0.6071428571428571,0.025510204081632654,3.0153061224489797
KRT71,0.6045918367346939,0.02806122448979592,2.9948979591836733
KRT72,0.6071428571428571,0.02806122448979592,3.0
KRT73,0.6071428571428571,0.02806122448979592,2.997448979591837
KRT74,0.6045918367346939,0.02806122448979592,2.9948979591836733
KRT75,0.6045918367346939,0.02806122448979592,2.9948979591836733
KRT76,0.6045918367346939,0.02806122448979592,2.9948979591836733
KRT78,0.6020408163265306,0.02806122448979592,2.99234693877551
KRT79,0.6045918367346939,0.02806122448979592,2.9948979591836733
KRT8,0.6020408163265306,0.02806122448979592,2.9948979591836733
KRT80,0.6071428571428571,0.025510204081632654,3.107142857142857
KRT81,0.6071428571428571,0.02806122448979592,3.0127551020408165
KRT83,0.6071428571428571,0.02806122448979592,3.0127551020408165
KRT85,0.6071428571428571,0.02806122448979592,3.00765306122449
KRT86,0.6071428571428571,0.025510204081632654,3.0153061224489797
KRT9,0.625,0.015306122448979591,3.2346938775510203
KSR1,0.6403061224489796,0.012755102040816327,3.4030612244897958
KTN1,0.4770408163265306,0.04336734693877551,2.7448979591836733
KYAT1,0.46683673469387754,0.09438775510204081,2.6785714285714284
KYNU,0.49744897959183676,0.04591836734693878,2.836734693877551
L1CAM,0.2372448979591837,0.33418367346938777,2.068877551020408
L2HGDH,0.4872448979591837,0.04336734693877551,2.767857142857143
L3MBTL1,0.7219387755102041,0.002551020408163265,3.961734693877551
L3MBTL2,0.4362244897959184,0.07908163265306123,2.579081632653061
LACRT,0.6096938775510204,0.02295918367346939,3.068877551020408
LAIR1,0.6505102040816326,0.025510204081632654,3.3877551020408165
LALBA,0.5918367346938775,0.02806122448979592,2.997448979591837
LAMA1,0.5714285714285714,0.03826530612244898,3.377551020408163
LAMA2,0.4489795918367347,0.06887755102040816,2.635204081632653
LAMA3,0.5408163265306123,0.05612244897959184,2.9668367346938775
LAMA4,0.42091836734693877,0.09183673469387756,2.520408163265306
LAMA5,0.6913265306122449,0.012755102040816327,3.563775510204082
LAMB1,0.5969387755102041,0.00510204081632653,3.2551020408163267
LAMB2,0.4744897959183674,0.061224489795918366,2.88265306122449
LAMB3,0.6326530612244898,0.025510204081632654,3.11734693877551
LAMC1,0.6760204081632653,0.017857142857142856,3.4285714285714284
LAMC2,0.6785714285714286,0.017857142857142856,3.4464285714285716
LAMC3,0.4719387755102041,0.09693877551020408,2.7219387755102042
LAMP1,0.5892857142857143,0.017857142857142856,3.2755102040816326
LAMP2,0.21683673469387754,0.34183673469387754,2.0229591836734695
LAMTOR1,0.5816326530612245,0.02295918367346939,3.125
LAMTOR2,0.701530612244898,0.012755102040816327,3.6377551020408165
LAMTOR3,0.45408163265306123,0.058673469387755105,2.663265306122449
LAMTOR5,0.5739795918367347,0.03571428571428571,2.943877551020408
LAP3,0.48214285714285715,0.058673469387755105,2.7857142857142856
LAPTM5,0.5663265306122449,0.03571428571428571,2.920918367346939
LARGE1,0.49744897959183676,0.07142857142857142,2.8596938775510203
LARGE2,0.4336734693877551,0.07397959183673469,2.5943877551020407
LARP6,0.5076530612244898,0.04336734693877551,2.732142857142857
LARP7,0.45663265306122447,0.06887755102040816,2.6760204081632653
LAS1L,0.22448979591836735,0.33418367346938777,2.0306122448979593
LASP1,0.6301020408163265,0.015306122448979591,3.395408163265306
LAT,0.5790816326530612,0.02295918367346939,3.107142857142857
LAT2,0.6096938775510204,0.00510204081632653,3.2755102040816326
LATS1,0.43112244897959184,0.07397959183673469,2.548469387755102
LATS2,0.5382653061224489,0.030612244897959183,3.0408163265306123
LAYN,0.4387755102040816,0.07142857142857142,2.691326530612245
LBP,0.7193877551020408,0.00510204081632653,3.683673469387755
LBR,0.6607142857142857,0.02295918367346939,3.211734693877551
LCA5,0.4489795918367347,0.08163265306122448,2.607142857142857
LCAT,0.5255102040816326,0.03571428571428571,3.0408163265306123
LCE1A,0.7117346938775511,0.01020408163265306,3.8316326530612246
LCE1B,0.7117346938775511,0.01020408163265306,3.8316326530612246
LCE1C,0.7117346938775511,0.01020408163265306,3.836734693877551
LCE1D,0.7091836734693877,0.01020408163265306,3.790281329923274
LCE1E,0.7117346938775511,0.01020408163265306,3.836734693877551
LCE1F,0.7091836734693877,0.01020408163265306,3.8316326530612246
LCE2A,0.7091836734693877,0.01020408163265306,3.8316326530612246
LCE2B,0.7091836734693877,0.01020408163265306,3.8316326530612246
LCE2C,0.7091836734693877,0.01020408163265306,3.8316326530612246
LCE2D,0.7091836734693877,0.01020408163265306,3.8316326530612246
LCE3A,0.7066326530612245,0.01020408163265306,3.8341836734693877
LCE3B,0.7040816326530612,0.01020408163265306,3.7780612244897958
LCE3C,0.7040816326530612,0.01020408163265306,3.7780612244897958
LCE3D,0.7040816326530612,0.01020408163265306,3.8316326530612246
LCE4A,0.7091836734693877,0.01020408163265306,3.8316326530612246
LCE5A,0.7040816326530612,0.01020408163265306,3.8443877551020407
LCK,0.5688775510204082,0.03316326530612245,2.8979591836734695
LCLAT1,0.6301020408163265,0.017857142857142856,3.308673469387755
LCN1,0.4719387755102041,0.10204081632653061,2.686224489795918
LCN2,0.46938775510204084,0.09948979591836735,2.670918367346939
LCORL,0.4770408163265306,0.058673469387755105,2.7806122448979593
LCP1,0.42346938775510207,0.10459183673469388,2.6581632653061225
LCP2,0.40816326530612246,0.10459183673469388,2.49234693877551
LCT,0.5051020408163265,0.04591836734693878,2.8392857142857144
LDB1,0.413265306122449,0.08163265306122448,2.558673469387755
LDB2,0.48214285714285715,0.05612244897959184,2.795918367346939
LDB3,0.4362244897959184,0.0663265306122449,2.622448979591837
LDHAL6A,0.35714285714285715,0.08673469387755102,2.461734693877551
LDHAL6B,0.49744897959183676,0.058673469387755105,2.6683673469387754
LDHB,0.6020408163265306,0.02040816326530612,3.204081632653061
LDHC,0.35714285714285715,0.08673469387755102,2.461734693877551
LDHD,0.5127551020408163,0.03826530612244898,3.010204081632653
LDLR,0.5637755102040817,0.05357142857142857,2.9158163265306123
LDLRAP1,0.5663265306122449,0.03316326530612245,2.9489795918367347
LEF1,0.45918367346938777,0.0663265306122449,2.683673469387755
LEFTY1,0.6607142857142857,0.02040816326530612,3.2091836734693877
LEFTY2,0.6607142857142857,0.02040816326530612,3.2091836734693877
LEMD2,0.5714285714285714,0.02040816326530612,2.99234693877551
LEMD3,0.6045918367346939,0.025510204081632654,3.191326530612245
LEO1,0.49744897959183676,0.05612244897959184,2.673469387755102
LEP,0.5943877551020408,0.012755102040816327,3.2219387755102042
LEPR,0.5816326530612245,0.02295918367346939,3.0051020408163267
LEPROT,0.5816326530612245,0.02295918367346939,3.0051020408163267
LETM1,0.49744897959183676,0.05357142857142857,2.8801020408163267
LFNG,0.6556122448979592,0.015306122448979591,3.5357142857142856
LGALS1,0.4642857142857143,0.07397959183673469,2.7346938775510203
LGALS3,0.47959183673469385,0.04336734693877551,2.75
LGALS3BP,0.6887755102040817,0.012755102040816327,3.4668367346938775
LGALS4,0.6428571428571429,0.015306122448979591,3.75765306122449
LGALS7,0.6428571428571429,0.015306122448979591,3.74234693877551
LGALS7B,0.6403061224489796,0.015306122448979591,3.741687979539642
LGALS8,0.6581632653061225,0.017857142857142856,3.260204081632653
LGALS9,0.6428571428571429,0.012755102040816327,3.4107142857142856
LGI1,0.42346938775510207,0.07908163265306123,2.576530612244898
LGI3,0.24489795918367346,0.22193877551020408,2.229591836734694
LGMN,0.5,0.05357142857142857,2.7653061224489797
LGR4,0.3826530612244898,0.08418367346938775,2.5357142857142856
LGR5,0.6045918367346939,0.025510204081632654,3.354591836734694
LHCGR,0.6326530612244898,0.015306122448979591,3.3214285714285716
LHFPL5,0.576530612244898,0.015306122448979591,3.017857142857143
LHPP,0.4387755102040816,0.07653061224489796,2.625
LHX1,0.6198979591836735,0.017857142857142856,3.252551020408163
LHX2,0.45918367346938777,0.09693877551020408,2.6505102040816326
LHX3,0.4744897959183674,0.09693877551020408,2.7091836734693877
LHX4,0.6811224489795918,0.017857142857142856,3.431122448979592
LHX6,0.45408163265306123,0.09693877551020408,2.6479591836734695
LHX8,0.5867346938775511,0.02295918367346939,3.13265306122449
LHX9,0.6326530612244898,0.017857142857142856,3.2244897959183674
LIF,0.5153061224489796,0.0663265306122449,2.997448979591837
LIFR,0.701530612244898,0.01020408163265306,4.017857142857143
LIG1,0.6326530612244898,0.025510204081632654,3.267857142857143
LIG3,0.6301020408163265,0.017857142857142856,3.316326530612245
LIG4,0.5816326530612245,0.015306122448979591,3.247448979591837
LILRA1,0.6581632653061225,0.02295918367346939,3.4005102040816326
LILRA4,0.6505102040816326,0.025510204081632654,3.3877551020408165
LILRB1,0.6581632653061225,0.02295918367346939,3.4005102040816326
LILRB2,0.6505102040816326,0.025510204081632654,3.3877551020408165
LILRB3,0.6505102040816326,0.025510204081632654,3.375
LILRB4,0.6581632653061225,0.02295918367346939,3.4005102040816326
LIMA1,0.5994897959183674,0.025510204081632654,3.0
LIMD1,0.5051020408163265,0.03826530612244898,2.9846938775510203
LIMK1,0.6096938775510204,0.00510204081632653,3.270408163265306
LIMK2,0.5127551020408163,0.0663265306122449,2.982142857142857
LIMS1,0.5408163265306123,0.03316326530612245,2.997448979591837
LIMS2,0.5229591836734694,0.04846938775510204,2.872448979591837
LIMS3,0.5382653061224489,0.03316326530612245,2.979591836734694
LIN28A,0.5535714285714286,0.04591836734693878,2.892857142857143
LIN28B,0.4260204081632653,0.08928571428571429,2.6479591836734695
LIN37,0.6403061224489796,0.012755102040816327,3.5306122448979593
LIN52,0.49744897959183676,0.04336734693877551,2.767857142857143
LIN54,0.461734693877551,0.05102040816326531,2.7219387755102042
LIN7A,0.5790816326530612,0.03316326530612245,2.99234693877551
LIN7B,0.6377551020408163,0.025510204081632654,3.267857142857143
LIN7C,0.38010204081632654,0.08418367346938775,2.5331632653061225
LIN9,0.6632653061224489,0.02040816326530612,3.2193877551020407
LINGO1,0.5051020408163265,0.05102040816326531,2.683673469387755
LIPC,0.4923469387755102,0.058673469387755105,2.688775510204082
LIPE,0.6403061224489796,0.015306122448979591,3.4056122448979593
LIPG,0.41836734693877553,0.10204081632653061,2.5892857142857144
LIPH,0.6989795918367347,0.00510204081632653,3.7219387755102042
LIPT1,0.5739795918367347,0.02806122448979592,3.204081632653061
LLGL1,0.3673469387755102,0.10714285714285714,2.49234693877551
LLGL2,0.6913265306122449,0.01020408163265306,3.4872448979591835
LMAN1,0.41836734693877553,0.1096938775510204,2.558673469387755
LMAN2,0.40816326530612246,0.09948979591836735,2.50765306122449
LMAN2L,0.5816326530612245,0.025510204081632654,3.193877551020408
LMBR1,0.5790816326530612,0.02295918367346939,3.135204081632653
LMBR1L,0.5918367346938775,0.02806122448979592,2.9693877551020407
LMCD1,0.6122448979591837,0.02295918367346939,3.5918367346938775
LMF1,0.44387755102040816,0.06377551020408163,2.6377551020408165
LMF2,0.43112244897959184,0.09693877551020408,2.548469387755102
LMNA,0.701530612244898,0.012755102040816327,3.6301020408163267
LMNB1,0.413265306122449,0.10459183673469388,2.5127551020408165
LMNB2,0.5255102040816326,0.0663265306122449,2.7806122448979593
LMO1,0.33418367346938777,0.09948979591836735,2.3903061224489797
LMO2,0.3979591836734694,0.07908163265306123,2.74234693877551
LMO4,0.5790816326530612,0.03571428571428571,2.9770408163265305
LMO7,0.5357142857142857,0.03571428571428571,3.125
LMOD1,0.6122448979591837,0.03316326530612245,3.0408163265306123
LMTK2,0.6096938775510204,0.00510204081632653,3.3214285714285716
LMX1A,0.7040816326530612,0.012755102040816327,3.9948979591836733
LMX1B,0.4642857142857143,0.09948979591836735,2.663265306122449
LNPEP,0.3979591836734694,0.10714285714285714,2.479591836734694
LNPK,0.48214285714285715,0.03826530612244898,2.8239795918367347
LNX1,0.5433673469387755,0.025510204081632654,2.9081632653061225
LONP1,0.5382653061224489,0.061224489795918366,2.798469387755102
LONP2,0.5102040816326531,0.03571428571428571,2.997448979591837
LOX,0.4030612244897959,0.1096938775510204,2.5
LOXL1,0.5076530612244898,0.04846938775510204,2.711734693877551
LOXL2,0.23979591836734693,0.22959183673469388,2.211734693877551
LOXL3,0.6352040816326531,0.02040816326530612,3.3392857142857144
LOXL4,0.42346938775510207,0.08163265306122448,2.566326530612245
LPA,0.4260204081632653,0.07908163265306123,2.5433673469387754
LPAR1,0.45663265306122447,0.09948979591836735,2.7168367346938775
LPAR2,0.5688775510204082,0.04336734693877551,2.9719387755102042
LPAR3,0.576530612244898,0.04081632653061224,2.9566326530612246
LPAR4,0.20408163265306123,0.336734693877551,2.0127551020408165
LPAR6,0.4005102040816326,0.14285714285714285,2.5408163265306123
LPCAT1,0.7117346938775511,0.017857142857142856,4.137755102040816
LPCAT2,0.4846938775510204,0.04081632653061224,2.8010204081632653
LPCAT3,0.6198979591836735,0.017857142857142856,3.2627551020408165
LPCAT4,0.48214285714285715,0.058673469387755105,2.642857142857143
LPGAT1,0.6352040816326531,0.025510204081632654,3.125
LPIN1,0.6352040816326531,0.017857142857142856,3.318877551020408
LPIN2,0.576530612244898,0.02806122448979592,3.4668367346938775
LPIN3,0.7142857142857143,0.00510204081632653,3.691326530612245
LPXN,0.5739795918367347,0.015306122448979591,3.086734693877551
LRAT,0.42346938775510207,0.06887755102040816,2.642857142857143
LRCH3,0.6989795918367347,0.007653061224489796,3.6785714285714284
LRCH4,0.6071428571428571,0.007653061224489796,3.318877551020408
LRFN1,0.6326530612244898,0.017857142857142856,3.6198979591836733
LRFN3,0.6403061224489796,0.012755102040816327,3.520408163265306
LRFN4,0.5994897959183674,0.012755102040816327,3.142857142857143
LRG1,0.5229591836734694,0.0663265306122449,2.7780612244897958
LRIG1,0.47959183673469385,0.07397959183673469,2.892857142857143
LRIG3,0.5969387755102041,0.030612244897959183,3.3214285714285716
LRP1,0.5969387755102041,0.02806122448979592,3.0127551020408165
LRP10,0.5102040816326531,0.04336734693877551,2.877551020408163
LRP12,0.7168367346938775,0.012755102040816327,4.298469387755102
LRP2BP,0.413265306122449,0.08928571428571429,2.5714285714285716
LRP5,0.6122448979591837,0.017857142857142856,3.229591836734694
LRP6,0.5969387755102041,0.030612244897959183,3.1403061224489797
LRP8,0.5918367346938775,0.02295918367346939,3.0433673469387754
LRPPRC,0.6275510204081632,0.015306122448979591,3.2653061224489797
LRRC4,0.5892857142857143,0.015306122448979591,3.2142857142857144
LRRC49,0.5076530612244898,0.04336734693877551,2.732142857142857
LRRC4B,0.6352040816326531,0.025510204081632654,3.2806122448979593
LRRC4C,0.40816326530612246,0.08418367346938775,2.5892857142857144
LRRC8A,0.46683673469387754,0.09438775510204081,2.6785714285714284
LRRC8B,0.5790816326530612,0.03826530612244898,2.9591836734693877
LRRC8C,0.5790816326530612,0.03571428571428571,2.961734693877551
LRRC8D,0.5790816326530612,0.03571428571428571,2.961734693877551
LRRC8E,0.5561224489795918,0.058673469387755105,2.854591836734694
LRRFIP1,0.35459183673469385,0.11479591836734694,2.413265306122449
LRRK2,0.5943877551020408,0.02295918367346939,3.0433673469387754
LRRTM1,0.6403061224489796,0.02040816326530612,3.3316326530612246
LRRTM2,0.413265306122449,0.08673469387755102,2.5408163265306123
LRRTM4,0.6352040816326531,0.02040816326530612,3.3341836734693877
LRSAM1,0.461734693877551,0.09693877551020408,2.6530612244897958
LRWD1,0.6020408163265306,0.00510204081632653,3.2933673469387754
LSAMP,0.6556122448979592,0.015306122448979591,3.4770408163265305
LSG1,0.6964285714285714,0.01020408163265306,3.673469387755102
LSM1,0.45918367346938777,0.10204081632653061,3.329081632653061
LSM10,0.5714285714285714,0.02806122448979592,2.9668367346938775
LSM11,0.40816326530612246,0.09438775510204081,2.5127551020408165
LSM14A,0.6326530612244898,0.015306122448979591,3.489795918367347
LSM14B,0.6913265306122449,0.012755102040816327,3.566326530612245
LSM2,0.6071428571428571,0.015306122448979591,3.13265306122449
LSM3,0.5994897959183674,0.02040816326530612,3.6556122448979593
LSM4,0.5637755102040817,0.04591836734693878,2.864795918367347
LSM5,0.6530612244897959,0.012755102040816327,3.4948979591836733
LSM6,0.45663265306122447,0.061224489795918366,2.75
LSM7,0.5255102040816326,0.0663265306122449,2.7806122448979593
LSM8,0.5918367346938775,0.01020408163265306,3.239795918367347
LSP1,0.3392857142857143,0.09693877551020408,2.4005102040816326
LSR,0.6352040816326531,0.012755102040816327,3.5
LSS,0.5688775510204082,0.03316326530612245,3.1607142857142856
LTA,0.6071428571428571,0.015306122448979591,3.122448979591837
LTA4H,0.5994897959183674,0.025510204081632654,3.017857142857143
LTB4R,0.5,0.03826530612244898,2.808673469387755
LTB4R2,0.5,0.03826530612244898,2.808673469387755
LTBP1,0.6326530612244898,0.015306122448979591,3.3214285714285716
LTBP3,0.576530612244898,0.012755102040816327,3.063775510204082
LTBP4,0.6377551020408163,0.02040816326530612,3.5229591836734695
LTBR,0.6301020408163265,0.017857142857142856,3.2729591836734695
LTC4S,0.41836734693877553,0.09183673469387756,2.5280612244897958
LTF,0.5025510204081632,0.04336734693877551,3.00765306122449
LTV1,0.4413265306122449,0.07142857142857142,2.607142857142857
LUC7L,0.4413265306122449,0.0663265306122449,2.6301020408163267
LUC7L3,0.6403061224489796,0.015306122448979591,3.3494897959183674
LUM,0.5943877551020408,0.02806122448979592,3.00765306122449
LURAP1,0.5994897959183674,0.02040816326530612,3.063775510204082
LUZP4,0.21173469387755103,0.34438775510204084,2.0127551020408165
LY6D,0.7040816326530612,0.01020408163265306,3.8877551020408165
LY6E,0.7040816326530612,0.01020408163265306,3.8877551020408165
LY6G6C,0.6071428571428571,0.015306122448979591,3.114795918367347
LY6H,0.7040816326530612,0.01020408163265306,3.8877551020408165
LY86,0.5969387755102041,0.017857142857142856,3.2857142857142856
LY9,0.7142857142857143,0.012755102040816327,4.497448979591836
LY96,0.701530612244898,0.007653061224489796,3.931122448979592
LYAR,0.4897959183673469,0.05357142857142857,2.788265306122449
LYL1,0.5535714285714286,0.04846938775510204,2.8443877551020407
LYN,0.6658163265306123,0.017857142857142856,3.6403061224489797
LYPD1,0.5076530612244898,0.04846938775510204,2.885204081632653
LYPD3,0.6428571428571429,0.015306122448979591,3.436224489795918
LYPD4,0.6377551020408163,0.015306122448979591,3.4005102040816326
LYPD5,0.6428571428571429,0.015306122448979591,3.423469387755102
LYPLA1,0.6658163265306123,0.017857142857142856,3.686224489795918
LYPLA2,0.5663265306122449,0.03826530612244898,2.933673469387755
LYRM2,0.42091836734693877,0.08163265306122448,2.538265306122449
LYRM4,0.5714285714285714,0.030612244897959183,3.127551020408163
LYST,0.6581632653061225,0.017857142857142856,3.2755102040816326
LYVE1,0.3392857142857143,0.09438775510204081,2.4285714285714284
LYZ,0.6352040816326531,0.02040816326530612,4.604591836734694
LZTS2,0.42091836734693877,0.08418367346938775,2.556122448979592
LZTS3,0.6530612244897959,0.01020408163265306,3.4591836734693877
M6PR,0.6173469387755102,0.02040816326530612,3.239795918367347
MAB21L1,0.5076530612244898,0.05102040816326531,2.931122448979592
MACF1,0.6020408163265306,0.017857142857142856,3.3801020408163267
MACROD1,0.5714285714285714,0.012755102040816327,3.020408163265306
MAD1L1,0.6556122448979592,0.015306122448979591,3.5306122448979593
MAD2L1,0.45918367346938777,0.058673469387755105,2.6989795918367347
MAD2L1BP,0.576530612244898,0.017857142857142856,3.2142857142857144
MAD2L2,0.5663265306122449,0.03826530612244898,2.9719387755102042
MADCAM1,0.5153061224489796,0.07397959183673469,2.760204081632653
MADD,0.4387755102040816,0.07142857142857142,2.61734693877551
MAEA,0.4897959183673469,0.05357142857142857,2.8010204081632653
MAEL,0.7040816326530612,0.012755102040816327,3.951530612244898
MAF,0.5204081632653061,0.04336734693877551,2.9872448979591835
MAF1,0.6989795918367347,0.01020408163265306,3.857142857142857
MAFA,0.7040816326530612,0.01020408163265306,3.8877551020408165
MAFB,0.7117346938775511,0.00510204081632653,3.6581632653061225
MAFF,0.45408163265306123,0.07397959183673469,2.704081632653061
MAFG,0.6836734693877551,0.012755102040816327,3.4566326530612246
MAFK,0.6556122448979592,0.017857142857142856,3.5255102040816326
MAG,0.6352040816326531,0.012755102040816327,3.5
MAGEA1,0.23469387755102042,0.33418367346938777,2.066326530612245
MAGED1,0.22448979591836735,0.3392857142857143,2.0408163265306123
MAGEH1,0.22959183673469388,0.31887755102040816,2.066326530612245
MAGI1,0.4846938775510204,0.07653061224489796,2.933673469387755
MAGI2,0.6020408163265306,0.012755102040816327,3.2806122448979593
MAGI3,0.5816326530612245,0.030612244897959183,3.002551020408163
MAGOH,0.5918367346938775,0.02295918367346939,3.0433673469387754
MAGOHB,0.6071428571428571,0.02806122448979592,3.1989795918367347
MAGT1,0.2066326530612245,0.34183673469387754,2.010204081632653
MAIP1,0.4387755102040816,0.05612244897959184,2.645408163265306
MAK16,0.3239795918367347,0.15816326530612246,2.561224489795918
MAL,0.576530612244898,0.02806122448979592,3.173469387755102
MAL2,0.7193877551020408,0.01020408163265306,4.063775510204081
MALSU1,0.6530612244897959,0.015306122448979591,3.482142857142857
MAML1,0.41836734693877553,0.09183673469387756,2.5280612244897958
MAML2,0.5,0.04591836734693878,2.8979591836734695
MAML3,0.4489795918367347,0.061224489795918366,2.673469387755102
MAN1A1,0.42091836734693877,0.08418367346938775,2.556122448979592
MAN1A2,0.6020408163265306,0.02806122448979592,3.0892857142857144
MAN1B1,0.4744897959183674,0.09948979591836735,2.7142857142857144
MAN1C1,0.5637755102040817,0.03316326530612245,2.9464285714285716
MAN2A1,0.39540816326530615,0.10459183673469388,2.489795918367347
MAN2A2,0.5229591836734694,0.05102040816326531,2.7372448979591835
MAN2B1,0.5535714285714286,0.05102040816326531,2.8443877551020407
MANEA,0.4260204081632653,0.08928571428571429,2.502551020408163
MAOA,0.22959183673469388,0.34438775510204084,2.0331632653061225
MAOB,0.22704081632653061,0.3469387755102041,2.0306122448979593
MAP1A,0.46938775510204084,0.058673469387755105,2.645408163265306
MAP1B,0.3596938775510204,0.11734693877551021,2.4285714285714284
MAP1LC3A,0.7244897959183674,0.0,3.941326530612245
MAP1LC3B,0.5102040816326531,0.04336734693877551,2.9260204081632653
MAP1LC3B2,0.6301020408163265,0.017857142857142856,3.173469387755102
MAP1LC3C,0.6505102040816326,0.02040816326530612,3.247448979591837
MAP1S,0.5612244897959183,0.04336734693877551,2.8622448979591835
MAP2,0.3877551020408163,0.08673469387755102,2.5127551020408165
MAP2K1,0.5102040816326531,0.04846938775510204,2.683673469387755
MAP2K2,0.5153061224489796,0.07142857142857142,2.75765306122449
MAP2K3,0.46683673469387754,0.08163265306122448,2.9081632653061225
MAP2K4,0.3469387755102041,0.12755102040816327,2.4081632653061225
MAP2K5,0.5076530612244898,0.04336734693877551,2.683673469387755
MAP2K6,0.6989795918367347,0.007653061224489796,3.556122448979592
MAP2K7,0.5561224489795918,0.058673469387755105,2.8494897959183674
MAP3K1,0.3673469387755102,0.11734693877551021,2.4668367346938775
MAP3K10,0.6326530612244898,0.02040816326530612,3.556122448979592
MAP3K11,0.576530612244898,0.012755102040816327,3.063775510204082
MAP3K12,0.5994897959183674,0.02806122448979592,2.9846938775510203
MAP3K13,0.6989795918367347,0.00510204081632653,3.7244897959183674
MAP3K14,0.6173469387755102,0.017857142857142856,3.1989795918367347
MAP3K2,0.5229591836734694,0.04846938775510204,2.8622448979591835
MAP3K20,0.48214285714285715,0.03826530612244898,2.9183673469387754
MAP3K3,0.6938775510204082,0.01020408163265306,3.576530612244898
MAP3K4,0.42346938775510207,0.07908163265306123,2.548469387755102
MAP3K5,0.45663265306122447,0.0663265306122449,2.6607142857142856
MAP3K7,0.42091836734693877,0.08163265306122448,2.5408163265306123
MAP3K8,0.5790816326530612,0.05357142857142857,3.173469387755102
MAP4K2,0.5663265306122449,0.012755102040816327,3.0051020408163267
MAP4K4,0.5688775510204082,0.02806122448979592,3.1198979591836733
MAP4K5,0.4846938775510204,0.04336734693877551,2.7627551020408165
MAP9,0.4260204081632653,0.06887755102040816,2.6530612244897958
MAPK1,0.5153061224489796,0.061224489795918366,2.9183673469387754
MAPK10,0.46683673469387754,0.04846938775510204,2.75765306122449
MAPK11,0.43112244897959184,0.09693877551020408,2.545918367346939
MAPK12,0.43112244897959184,0.09693877551020408,2.545918367346939
MAPK13,0.5714285714285714,0.015306122448979591,3.0127551020408165
MAPK14,0.5714285714285714,0.015306122448979591,3.010204081632653
MAPK15,0.701530612244898,0.01020408163265306,3.8801020408163267
MAPK3,0.5816326530612245,0.02040816326530612,3.0841836734693877
MAPK4,0.4107142857142857,0.10714285714285714,2.5535714285714284
MAPK6,0.49744897959183676,0.05612244897959184,2.673469387755102
MAPK7,0.42091836734693877,0.09438775510204081,2.7270408163265305
MAPK8,0.47959183673469385,0.05612244897959184,2.836734693877551
MAPK8IP1,0.43112244897959184,0.07653061224489796,2.586734693877551
MAPK8IP2,0.43112244897959184,0.09438775510204081,2.5510204081632653
MAPK8IP3,0.4387755102040816,0.0663265306122449,2.6301020408163267
MAPK9,0.41836734693877553,0.09183673469387756,2.5280612244897958
MAPKAP1,0.4642857142857143,0.09948979591836735,2.6607142857142856
MAPKAPK2,0.6377551020408163,0.025510204081632654,3.1301020408163267
MAPKAPK3,0.46938775510204084,0.06887755102040816,2.854591836734694
MAPKAPK5,0.625,0.017857142857142856,3.1683673469387754
MAPRE1,0.7244897959183674,0.0,3.982142857142857
MAPRE2,0.45663265306122447,0.08418367346938775,2.7244897959183674
MAPRE3,0.6275510204081632,0.017857142857142856,3.2908163265306123
MAPT,0.6198979591836735,0.017857142857142856,3.239795918367347
MARCKS,0.41581632653061223,0.09183673469387756,2.566326530612245
MARCO,0.5306122448979592,0.03826530612244898,2.8877551020408165
MARK2,0.5714285714285714,0.01020408163265306,3.0280612244897958
MARK3,0.5025510204081632,0.04846938775510204,2.7755102040816326
MARK4,0.6454081632653061,0.015306122448979591,3.423469387755102
MARS2,0.45153061224489793,0.04081632653061224,2.6989795918367347
MAS1,0.42346938775510207,0.07908163265306123,2.538265306122449
MASP1,0.6989795918367347,0.00510204081632653,3.7780612244897958
MASP2,0.5688775510204082,0.03826530612244898,2.9770408163265305
MAST2,0.5994897959183674,0.02040816326530612,3.048469387755102
MASTL,0.5892857142857143,0.04081632653061224,3.247448979591837
MAT1A,0.46683673469387754,0.05357142857142857,2.739795918367347
MAT2A,0.6403061224489796,0.02040816326530612,3.298469387755102
MAT2B,0.40561224489795916,0.10204081632653061,2.510204081632653
MATK,0.5178571428571429,0.06887755102040816,2.770408163265306
MATN1,0.5663265306122449,0.03571428571428571,2.920918367346939
MATN3,0.6377551020408163,0.017857142857142856,3.3418367346938775
MATN4,0.7219387755102041,0.00510204081632653,3.9005102040816326
MATR3,0.413265306122449,0.08673469387755102,2.5357142857142856
MAU2,0.5663265306122449,0.04336734693877551,2.9668367346938775
MAVS,0.6556122448979592,0.01020408163265306,3.4591836734693877
MAX,0.4744897959183674,0.04591836734693878,2.732142857142857
MBD1,0.413265306122449,0.10714285714285714,2.556122448979592
MBD2,0.40561224489795916,0.11224489795918367,2.556122448979592
MBD3,0.5178571428571429,0.07142857142857142,2.7627551020408165
MBD3L1,0.5663265306122449,0.05612244897959184,2.8801020408163267
MBD4,0.6632653061224489,0.012755102040816327,3.4872448979591835
MBD5,0.4872448979591837,0.04081632653061224,2.7933673469387754
MBD6,0.5994897959183674,0.03316326530612245,3.0127551020408165
MBIP,0.4719387755102041,0.03571428571428571,2.75
MBL2,0.46938775510204084,0.04846938775510204,2.75765306122449
MBNL1,0.6862244897959183,0.00510204081632653,3.6556122448979593
MBNL2,0.5739795918367347,0.02040816326530612,3.181122448979592
MBOAT1,0.6326530612244898,0.012755102040816327,5.040816326530612
MBOAT2,0.6326530612244898,0.017857142857142856,3.4668367346938775
MBOAT7,0.6505102040816326,0.025510204081632654,3.3877551020408165
MBP,0.40561224489795916,0.11479591836734694,2.5357142857142856
MBTD1,0.6403061224489796,0.015306122448979591,3.3392857142857144
MBTPS1,0.5076530612244898,0.04846938775510204,2.8903061224489797
MBTPS2,0.2193877551020408,0.33163265306122447,2.0714285714285716
MC1R,0.5127551020408163,0.04846938775510204,2.9030612244897958
MC2R,0.5535714285714286,0.03826530612244898,3.2551020408163267
MC3R,0.6964285714285714,0.015306122448979591,3.6198979591836733
MC4R,0.41836734693877553,0.1096938775510204,2.558673469387755
MC5R,0.5535714285714286,0.03826530612244898,3.25765306122449
MCAM,0.44642857142857145,0.07397959183673469,2.688775510204082
MCAT,0.44387755102040816,0.07908163265306123,2.5918367346938775
MCC,0.40561224489795916,0.1096938775510204,2.5153061224489797
MCCC1,0.701530612244898,0.007653061224489796,3.739795918367347
MCCC2,0.3596938775510204,0.11989795918367346,2.4260204081632653
MCEE,0.6403061224489796,0.017857142857142856,3.354591836734694
MCEMP1,0.5561224489795918,0.058673469387755105,2.8469387755102042
MCF2,0.2193877551020408,0.336734693877551,2.0331632653061225
MCF2L,0.5867346938775511,0.017857142857142856,3.267857142857143
MCFD2,0.6326530612244898,0.015306122448979591,3.3035714285714284
MCIDAS,0.40561224489795916,0.10204081632653061,2.614795918367347
MCL1,0.7168367346938775,0.01020408163265306,4.005102040816326
MCM10,0.6403061224489796,0.02806122448979592,3.5357142857142856
MCM2,0.6683673469387755,0.015306122448979591,3.510204081632653
MCM3,0.5637755102040817,0.02806122448979592,3.0841836734693877
MCM3AP,0.5688775510204082,0.03316326530612245,3.1607142857142856
MCM4,0.6709183673469388,0.02806122448979592,3.6964285714285716
MCM5,0.4897959183673469,0.06887755102040816,2.8214285714285716
MCM6,0.5025510204081632,0.04591836734693878,2.829081632653061
MCM7,0.6071428571428571,0.007653061224489796,3.318877551020408
MCM8,0.6505102040816326,0.012755102040816327,3.4566326530612246
MCMBP,0.44387755102040816,0.07397959183673469,2.6403061224489797
MCPH1,0.25510204081632654,0.22193877551020408,2.2448979591836733
MCRS1,0.5969387755102041,0.025510204081632654,2.99234693877551
MCTS1,0.2193877551020408,0.34183673469387754,2.0255102040816326
MCU,0.45408163265306123,0.05612244897959184,2.7372448979591835
MCUB,0.45918367346938777,0.06377551020408163,2.681122448979592
MCUR1,0.6147959183673469,0.012755102040816327,3.5255102040816326
MDC1,0.6071428571428571,0.015306122448979591,3.2244897959183674
MDGA1,0.5714285714285714,0.017857142857142856,3.045918367346939
MDH1,0.6403061224489796,0.017857142857142856,3.375
MDH2,0.6096938775510204,0.00510204081632653,3.2653061224489797
MDK,0.43112244897959184,0.07397959183673469,2.5943877551020407
MDM2,0.6301020408163265,0.02040816326530612,4.591836734693878
MDM4,0.6377551020408163,0.025510204081632654,3.1096938775510203
MDN1,0.42091836734693877,0.08163265306122448,2.538265306122449
ME1,0.42857142857142855,0.07908163265306123,2.5943877551020407
ME2,0.40816326530612246,0.11224489795918367,2.5433673469387754
MEA1,0.5663265306122449,0.015306122448979591,3.145408163265306
MEAF6,0.5867346938775511,0.02040816326530612,3.045918367346939
MECP2,0.2372448979591837,0.33418367346938777,2.0714285714285716
MECR,0.5663265306122449,0.03571428571428571,2.941326530612245
MED1,0.6326530612244898,0.015306122448979591,3.4591836734693877
MED10,0.7117346938775511,0.017857142857142856,4.076530612244898
MED11,0.38010204081632654,0.11989795918367346,2.5051020408163267
MED12,0.2066326530612245,0.3469387755102041,2.0331632653061225
MED12L,0.6887755102040817,0.00510204081632653,3.6658163265306123
MED13,0.6887755102040817,0.01020408163265306,3.6377551020408165
MED13L,0.6301020408163265,0.017857142857142856,3.1785714285714284
MED14,0.23214285714285715,0.3392857142857143,2.061224489795918
MED15,0.5306122448979592,0.05612244897959184,3.1198979591836733
MED16,0.5153061224489796,0.07142857142857142,2.7755102040816326
MED17,0.49744897959183676,0.04336734693877551,2.9056122448979593
MED18,0.5586734693877551,0.03826530612244898,2.8903061224489797
MED19,0.5714285714285714,0.015306122448979591,3.104591836734694
MED20,0.5663265306122449,0.015306122448979591,3.170918367346939
MED21,0.6147959183673469,0.02295918367346939,3.36734693877551
MED22,0.4744897959183674,0.09438775510204081,2.701530612244898
MED23,0.4489795918367347,0.06887755102040816,2.635204081632653
MED24,0.6275510204081632,0.012755102040816327,3.392857142857143
MED25,0.6403061224489796,0.025510204081632654,3.2857142857142856
MED26,0.5459183673469388,0.04591836734693878,2.8316326530612246
MED27,0.4719387755102041,0.09438775510204081,2.6989795918367347
MED28,0.48214285714285715,0.058673469387755105,2.7857142857142856
MED29,0.6326530612244898,0.017857142857142856,3.5408163265306123
MED30,0.7193877551020408,0.012755102040816327,4.0229591836734695
MED31,0.37755102040816324,0.11989795918367346,2.489795918367347
MED4,0.40816326530612246,0.11734693877551021,2.6096938775510203
MED6,0.4846938775510204,0.04846938775510204,2.7448979591836733
MED7,0.40816326530612246,0.09438775510204081,2.5127551020408165
MED8,0.5969387755102041,0.017857142857142856,3.104591836734694
MED9,0.35459183673469385,0.11989795918367346,2.433673469387755
MEF2A,0.5153061224489796,0.05102040816326531,2.7219387755102042
MEF2C,0.39540816326530615,0.10714285714285714,2.502551020408163
MEF2D,0.6989795918367347,0.012755102040816327,3.5816326530612246
MEFV,0.42346938775510207,0.07653061224489796,2.5918367346938775
MEGF10,0.41836734693877553,0.10459183673469388,2.520408163265306
MEIG1,0.6173469387755102,0.03826530612244898,3.395408163265306
MEIS1,0.6275510204081632,0.017857142857142856,3.3418367346938775
MEIS2,0.46683673469387754,0.061224489795918366,2.6122448979591835
MEIS3,0.6301020408163265,0.025510204081632654,3.2448979591836733
MELK,0.43112244897959184,0.08673469387755102,2.7831632653061225
MELTF,0.6989795918367347,0.007653061224489796,3.681122448979592
MEMO1,0.6326530612244898,0.015306122448979591,3.311224489795918
MEP1A,0.5688775510204082,0.02295918367346939,3.1020408163265305
MEP1B,0.4872448979591837,0.07142857142857142,2.8418367346938775
MEPE,0.46683673469387754,0.04846938775510204,2.7653061224489797
MERTK,0.5382653061224489,0.03571428571428571,2.9642857142857144
MESP2,0.5255102040816326,0.05102040816326531,2.739795918367347
MET,0.5943877551020408,0.01020408163265306,3.3214285714285716
METAP1,0.461734693877551,0.05612244897959184,2.693877551020408
METAP1D,0.48214285714285715,0.03826530612244898,2.913265306122449
METAP2,0.5994897959183674,0.025510204081632654,3.0331632653061225
METTL1,0.5994897959183674,0.030612244897959183,3.1505102040816326
METTL14,0.461734693877551,0.06377551020408163,2.711734693877551
METTL3,0.5025510204081632,0.04081632653061224,2.8443877551020407
MEX3B,0.5076530612244898,0.04846938775510204,2.7168367346938775
MEX3C,0.40561224489795916,0.11224489795918367,2.538265306122449
MFAP1,0.46938775510204084,0.05612244897959184,2.6479591836734695
MFAP2,0.5688775510204082,0.03571428571428571,2.941326530612245
MFAP3,0.41581632653061223,0.08418367346938775,2.545918367346939
MFAP4,0.42091836734693877,0.09438775510204081,2.7270408163265305
MFAP5,0.6198979591836735,0.02040816326530612,3.2372448979591835
MFF,0.3392857142857143,0.1096938775510204,2.4030612244897958
MFGE8,0.5204081632653061,0.04846938775510204,2.7372448979591835
MFN1,0.6964285714285714,0.00510204081632653,3.752551020408163
MFN2,0.5714285714285714,0.03826530612244898,2.9770408163265305
MFNG,0.4642857142857143,0.07397959183673469,2.7448979591836733
MFSD10,0.4923469387755102,0.05357142857142857,2.7933673469387754
MFSD12,0.5204081632653061,0.06887755102040816,2.7857142857142856
MFSD2A,0.6096938775510204,0.017857142857142856,3.489795918367347
MFSD8,0.45408163265306123,0.06377551020408163,2.645408163265306
MGA,0.4642857142857143,0.06377551020408163,2.607142857142857
MGAM,0.5943877551020408,0.012755102040816327,3.211734693877551
MGAT1,0.41581632653061223,0.09183673469387756,2.5255102040816326
MGAT2,0.4872448979591837,0.04081632653061224,2.767857142857143
MGAT3,0.44642857142857145,0.07908163265306123,2.6505102040816326
MGAT4A,0.5739795918367347,0.02806122448979592,3.2066326530612246
MGAT4B,0.41836734693877553,0.09183673469387756,2.5280612244897958
MGAT4C,0.5841836734693877,0.030612244897959183,2.9668367346938775
MGAT4D,0.45408163265306123,0.061224489795918366,2.681122448979592
MGAT5,0.5076530612244898,0.04846938775510204,2.8801020408163267
MGAT5B,0.6836734693877551,0.012755102040816327,3.4693877551020407
MGLL,0.6683673469387755,0.015306122448979591,3.510204081632653
MGMT,0.44642857142857145,0.07142857142857142,2.63265306122449
MGRN1,0.4336734693877551,0.0663265306122449,2.6122448979591835
MGST1,0.6020408163265306,0.02295918367346939,3.163265306122449
MGST2,0.4489795918367347,0.061224489795918366,2.670918367346939
MGST3,0.7040816326530612,0.012755102040816327,4.045918367346939
MIA3,0.6530612244897959,0.02295918367346939,3.211734693877551
MIB1,0.5535714285714286,0.04081632653061224,3.017857142857143
MIB2,0.5714285714285714,0.03826530612244898,2.99234693877551
MICA,0.6071428571428571,0.015306122448979591,3.1581632653061225
MICAL1,0.413265306122449,0.09438775510204081,2.5051020408163267
MICALL1,0.45918367346938777,0.07397959183673469,2.7091836734693877
MICALL2,0.6556122448979592,0.017857142857142856,3.5280612244897958
MICB,0.6071428571428571,0.015306122448979591,3.1530612244897958
MICOS10,0.5612244897959183,0.03826530612244898,2.936224489795918
MICOS13,0.5382653061224489,0.061224489795918366,2.798469387755102
MICU1,0.45663265306122447,0.05612244897959184,2.7346938775510203
MICU2,0.5331632653061225,0.030612244897959183,3.0280612244897958
MICU3,0.24744897959183673,0.2193877551020408,2.24234693877551
MID1,0.23214285714285715,0.34438775510204084,2.061224489795918
MID1IP1,0.23214285714285715,0.336734693877551,2.076530612244898
MIDN,0.5153061224489796,0.07142857142857142,2.747448979591837
MIEF1,0.44642857142857145,0.07908163265306123,2.6505102040816326
MIEF2,0.3673469387755102,0.10714285714285714,2.49234693877551
MIEN1,0.6352040816326531,0.012755102040816327,4.025510204081633
MIER1,0.5790816326530612,0.025510204081632654,2.961734693877551
MIF,0.5076530612244898,0.0663265306122449,2.920918367346939
MIF4GD,0.6913265306122449,0.01020408163265306,3.4846938775510203
MIGA1,0.5841836734693877,0.025510204081632654,3.104591836734694
MIGA2,0.46938775510204084,0.09438775510204081,2.6785714285714284
MINK1,0.38010204081632654,0.11989795918367346,2.5
MINPP1,0.4260204081632653,0.07142857142857142,2.5816326530612246
MIS12,0.37755102040816324,0.11989795918367346,2.4872448979591835
MIS18BP1,0.48214285714285715,0.03826530612244898,2.75765306122449
MITF,0.47959183673469385,0.07397959183673469,2.931122448979592
MKI67,0.44387755102040816,0.07142857142857142,2.63265306122449
MKKS,0.6607142857142857,0.01020408163265306,3.538265306122449
MKLN1,0.5918367346938775,0.012755102040816327,3.2270408163265305
MKNK1,0.5969387755102041,0.02040816326530612,3.061224489795918
MKNK2,0.5255102040816326,0.0663265306122449,2.7780612244897958
MKS1,0.6658163265306123,0.02040816326530612,3.4668367346938775
MLANA,0.413265306122449,0.1377551020408163,2.86734693877551
MLC1,0.4336734693877551,0.09438775510204081,2.5510204081632653
MLEC,0.6173469387755102,0.02040816326530612,3.045918367346939
MLH1,0.548469387755102,0.030612244897959183,3.229591836734694
MLH3,0.5076530612244898,0.04336734693877551,2.795918367346939
MLLT1,0.5408163265306123,0.061224489795918366,2.8035714285714284
MLLT10,0.5918367346938775,0.04591836734693878,3.2448979591836733
MLLT3,0.3826530612244898,0.15051020408163265,2.7729591836734695
MLLT6,0.6301020408163265,0.017857142857142856,3.3877551020408165
MLNR,0.41836734693877553,0.1377551020408163,2.711734693877551
MLPH,0.3469387755102041,0.11479591836734694,2.4056122448979593
MLST8,0.4362244897959184,0.0663265306122449,2.61734693877551
MLX,0.625,0.015306122448979591,3.2193877551020407
MLXIP,0.6147959183673469,0.02295918367346939,3.045918367346939
MLXIPL,0.6071428571428571,0.00510204081632653,3.2857142857142856
MLYCD,0.5076530612244898,0.04846938775510204,2.8877551020408165
MMAB,0.6198979591836735,0.02040816326530612,3.0943877551020407
MMACHC,0.5994897959183674,0.017857142857142856,3.048469387755102
MMADHC,0.49489795918367346,0.03826530612244898,2.808673469387755
MMD,0.6505102040816326,0.012755102040816327,3.433673469387755
MME,0.6862244897959183,0.00510204081632653,3.6377551020408165
MMGT1,0.22193877551020408,0.34438775510204084,2.0331632653061225
MMP1,0.5,0.05357142857142857,3.3801020408163267
MMP10,0.5,0.05357142857142857,3.3801020408163267
MMP11,0.5102040816326531,0.0663265306122449,2.9260204081632653
MMP12,0.49744897959183676,0.05357142857142857,3.354591836734694
MMP13,0.5,0.05357142857142857,3.2831632653061225
MMP14,0.5102040816326531,0.04336734693877551,2.872448979591837
MMP15,0.4872448979591837,0.04081632653061224,2.795918367346939
MMP16,0.7091836734693877,0.015306122448979591,3.9744897959183674
MMP17,0.5943877551020408,0.04336734693877551,3.0051020408163267
MMP2,0.4846938775510204,0.04081632653061224,2.8010204081632653
MMP20,0.5051020408163265,0.04846938775510204,3.4056122448979593
MMP24,0.7193877551020408,0.0,3.826530612244898
MMP25,0.42857142857142855,0.07397959183673469,2.6020408163265305
MMP3,0.49744897959183676,0.05357142857142857,3.354591836734694
MMP7,0.5051020408163265,0.04846938775510204,3.423469387755102
MMP8,0.5,0.05357142857142857,3.3801020408163267
MMP9,0.7168367346938775,0.007653061224489796,3.7346938775510203
MMRN1,0.4642857142857143,0.04846938775510204,2.7653061224489797
MMS19,0.43112244897959184,0.07653061224489796,2.5841836734693877
MMS22L,0.42091836734693877,0.08673469387755102,2.520408163265306
MMUT,0.5561224489795918,0.025510204081632654,3.079081632653061
MNAT1,0.4719387755102041,0.04591836734693878,2.7372448979591835
MND1,0.42091836734693877,0.07397959183673469,2.6198979591836733
MNDA,0.701530612244898,0.012755102040816327,3.795918367346939
MNS1,0.4897959183673469,0.05357142857142857,2.670918367346939
MOAP1,0.5,0.05357142857142857,2.7627551020408165
MOB1A,0.6352040816326531,0.02040816326530612,3.336734693877551
MOB1B,0.5102040816326531,0.03826530612244898,2.9081632653061225
MOB2,0.3469387755102041,0.09438775510204081,2.4107142857142856
MOB4,0.45153061224489793,0.04081632653061224,2.701530612244898
MOCS2,0.42857142857142855,0.09183673469387756,2.681122448979592
MOCS3,0.7193877551020408,0.00510204081632653,3.75765306122449
MOG,0.5994897959183674,0.012755102040816327,3.1658163265306123
MOGAT3,0.6045918367346939,0.007653061224489796,3.313775510204082
MOK,0.49489795918367346,0.05357142857142857,2.75765306122449
MON2,0.5969387755102041,0.030612244897959183,3.0535714285714284
MORF4L1,0.5051020408163265,0.05102040816326531,2.683673469387755
MOSPD2,0.22704081632653061,0.34183673469387754,2.0739795918367347
MOV10,0.5790816326530612,0.03316326530612245,2.9770408163265305
MPDU1,0.3673469387755102,0.125,2.441326530612245
MPDZ,0.39285714285714285,0.13010204081632654,2.686224489795918
MPG,0.4387755102040816,0.06887755102040816,2.625
MPHOSPH10,0.6403061224489796,0.017857142857142856,3.354591836734694
MPHOSPH6,0.5102040816326531,0.04591836734693878,2.936224489795918
MPHOSPH8,0.5331632653061225,0.03316326530612245,3.045918367346939
MPI,0.5051020408163265,0.04846938775510204,2.704081632653061
MPL,0.5943877551020408,0.017857142857142856,3.0969387755102042
MPO,0.6658163265306123,0.02040816326530612,3.4668367346938775
MPP2,0.6198979591836735,0.02040816326530612,3.2142857142857144
MPP7,0.5867346938775511,0.04336734693877551,3.2193877551020407
MPRIP,0.34438775510204084,0.12755102040816327,2.4107142857142856
MPST,0.461734693877551,0.07397959183673469,2.74234693877551
MPV17,0.6275510204081632,0.02040816326530612,3.288265306122449
MPZ,0.7142857142857143,0.012755102040816327,4.5688775510204085
MRAP,0.5663265306122449,0.02806122448979592,3.1658163265306123
MRAP2,0.43112244897959184,0.07653061224489796,2.568877551020408
MRAS,0.6760204081632653,0.01020408163265306,3.5535714285714284
MRC1,0.6173469387755102,0.03571428571428571,3.372448979591837
MRC2,0.6964285714285714,0.01020408163265306,3.5994897959183674
MRE11,0.5,0.04081632653061224,2.872448979591837
MRFAP1,0.4923469387755102,0.058673469387755105,2.795918367346939
MRGBP,0.6938775510204082,0.015306122448979591,3.563775510204082
MRI1,0.5510204081632653,0.05102040816326531,2.829081632653061
MRM1,0.6147959183673469,0.017857142857142856,3.2091836734693877
MRM2,0.6530612244897959,0.015306122448979591,3.5255102040816326
MRM3,0.3647959183673469,0.125,2.4719387755102042
MRPL1,0.4872448979591837,0.03826530612244898,2.826530612244898
MRPL10,0.6352040816326531,0.015306122448979591,3.3010204081632653
MRPL11,0.5943877551020408,0.012755102040816327,3.0918367346938775
MRPL12,0.6836734693877551,0.012755102040816327,3.4668367346938775
MRPL13,0.7142857142857143,0.012755102040816327,4.048469387755102
MRPL14,0.5739795918367347,0.017857142857142856,3.1964285714285716
MRPL15,0.6658163265306123,0.017857142857142856,3.693877551020408
MRPL16,0.5790816326530612,0.012755102040816327,3.0739795918367347
MRPL17,0.336734693877551,0.09693877551020408,2.395408163265306
MRPL18,0.4260204081632653,0.07908163265306123,2.548469387755102
MRPL19,0.6352040816326531,0.02040816326530612,3.3443877551020407
MRPL2,0.5663265306122449,0.015306122448979591,3.145408163265306
MRPL20,0.5714285714285714,0.03826530612244898,2.99234693877551
MRPL21,0.6147959183673469,0.02040816326530612,3.4770408163265305
MRPL22,0.41836734693877553,0.08673469387755102,2.5408163265306123
MRPL23,0.3392857142857143,0.09948979591836735,2.3979591836734695
MRPL24,0.6989795918367347,0.012755102040816327,3.576530612244898
MRPL27,0.6403061224489796,0.012755102040816327,3.3239795918367347
MRPL28,0.44387755102040816,0.06377551020408163,2.635204081632653
MRPL3,0.6632653061224489,0.012755102040816327,3.489795918367347
MRPL30,0.5714285714285714,0.02806122448979592,3.2168367346938775
MRPL32,0.6530612244897959,0.012755102040816327,3.4846938775510203
MRPL33,0.6275510204081632,0.015306122448979591,3.3010204081632653
MRPL34,0.5535714285714286,0.04336734693877551,2.8443877551020407
MRPL35,0.6352040816326531,0.02040816326530612,3.288265306122449
MRPL36,0.7117346938775511,0.017857142857142856,4.142857142857143
MRPL37,0.5867346938775511,0.02295918367346939,3.038265306122449
MRPL38,0.6887755102040817,0.01020408163265306,3.4846938775510203
MRPL39,0.5612244897959183,0.03826530612244898,3.142857142857143
MRPL4,0.5688775510204082,0.05612244897959184,2.9183673469387754
MRPL40,0.5204081632653061,0.058673469387755105,2.9464285714285716
MRPL41,0.47959183673469385,0.09438775510204081,2.739795918367347
MRPL42,0.5969387755102041,0.02806122448979592,3.0153061224489797
MRPL43,0.42091836734693877,0.08418367346938775,2.556122448979592
MRPL45,0.6301020408163265,0.017857142857142856,3.4107142857142856
MRPL47,0.6989795918367347,0.00510204081632653,3.7627551020408165
MRPL48,0.5612244897959183,0.025510204081632654,3.063775510204082
MRPL49,0.5739795918367347,0.012755102040816327,3.0408163265306123
MRPL50,0.44387755102040816,0.11224489795918367,2.642857142857143
MRPL51,0.6301020408163265,0.017857142857142856,3.2729591836734695
MRPL52,0.5102040816326531,0.04336734693877551,2.872448979591837
MRPL53,0.6352040816326531,0.02040816326530612,3.336734693877551
MRPL54,0.5178571428571429,0.06887755102040816,2.770408163265306
MRPL55,0.6607142857142857,0.02040816326530612,3.229591836734694
MRPL57,0.5357142857142857,0.030612244897959183,3.0357142857142856
MRPL58,0.6913265306122449,0.01020408163265306,3.4846938775510203
MRPL9,0.7117346938775511,0.01020408163265306,3.936224489795918
MRPS10,0.5612244897959183,0.017857142857142856,3.135204081632653
MRPS11,0.5204081632653061,0.04846938775510204,2.7653061224489797
MRPS12,0.6377551020408163,0.017857142857142856,3.7066326530612246
MRPS14,0.6862244897959183,0.015306122448979591,3.5816326530612246
MRPS15,0.5714285714285714,0.02806122448979592,2.9668367346938775
MRPS16,0.45918367346938777,0.05612244897959184,2.752551020408163
MRPS17,0.6658163265306123,0.012755102040816327,3.875
MRPS18A,0.576530612244898,0.017857142857142856,3.2142857142857144
MRPS18B,0.6071428571428571,0.015306122448979591,3.181122448979592
MRPS18C,0.4642857142857143,0.05102040816326531,2.7219387755102042
MRPS2,0.4719387755102041,0.10204081632653061,2.686224489795918
MRPS21,0.7142857142857143,0.01020408163265306,3.8801020408163267
MRPS22,0.6760204081632653,0.01020408163265306,3.558673469387755
MRPS23,0.6530612244897959,0.02040816326530612,3.454081632653061
MRPS24,0.6530612244897959,0.012755102040816327,3.489795918367347
MRPS25,0.5994897959183674,0.02040816326530612,3.625
MRPS26,0.6530612244897959,0.012755102040816327,3.4566326530612246
MRPS27,0.3596938775510204,0.11734693877551021,2.4285714285714284
MRPS28,0.6989795918367347,0.01020408163265306,3.933673469387755
MRPS30,0.6887755102040817,0.012755102040816327,3.938775510204082
MRPS31,0.4489795918367347,0.08673469387755102,2.7729591836734695
MRPS33,0.5969387755102041,0.012755102040816327,3.2372448979591835
MRPS34,0.4387755102040816,0.0663265306122449,2.6301020408163267
MRPS35,0.6147959183673469,0.02295918367346939,3.25765306122449
MRPS5,0.576530612244898,0.02806122448979592,3.173469387755102
MRPS6,0.5816326530612245,0.03316326530612245,3.188775510204082
MRPS7,0.6913265306122449,0.01020408163265306,3.4846938775510203
MRPS9,0.5433673469387755,0.03316326530612245,2.9693877551020407
MRRF,0.45408163265306123,0.09693877551020408,2.6479591836734695
MRTO4,0.5637755102040817,0.03826530612244898,2.936224489795918
MS4A1,0.576530612244898,0.012755102040816327,3.0943877551020407
MS4A2,0.5816326530612245,0.015306122448979591,3.1556122448979593
MS4A3,0.5816326530612245,0.015306122448979591,3.1607142857142856
MS4A4A,0.5816326530612245,0.012755102040816327,3.1505102040816326
MS4A6A,0.5816326530612245,0.012755102040816327,3.1581632653061225
MS4A6E,0.5816326530612245,0.012755102040816327,3.145408163265306
MSH2,0.6301020408163265,0.015306122448979591,3.3035714285714284
MSH3,0.3903061224489796,0.10714285714285714,2.4846938775510203
MSH4,0.5867346938775511,0.025510204081632654,3.0969387755102042
MSH5,0.6071428571428571,0.015306122448979591,3.13265306122449
MSH6,0.6301020408163265,0.015306122448979591,3.3035714285714284
MSI1,0.6173469387755102,0.02040816326530612,3.0433673469387754
MSL1,0.625,0.012755102040816327,3.364795918367347
MSL2,0.6709183673469388,0.012755102040816327,3.5408163265306123
MSL3,0.23469387755102042,0.34438775510204084,2.0841836734693877
MSLN,0.44387755102040816,0.06377551020408163,2.6377551020408165
MSMO1,0.4362244897959184,0.07908163265306123,2.6122448979591835
MSN,0.22448979591836735,0.33418367346938777,2.0331632653061225
MSR1,0.25,0.22193877551020408,2.2551020408163267
MSRA,0.25510204081632654,0.2193877551020408,2.260204081632653
MSRB2,0.5816326530612245,0.04336734693877551,3.232142857142857
MSRB3,0.6045918367346939,0.025510204081632654,3.211734693877551
MST1R,0.46938775510204084,0.06377551020408163,2.8698979591836733
MSTN,0.4770408163265306,0.03826530612244898,2.808673469387755
MSX1,0.48214285714285715,0.058673469387755105,2.7627551020408165
MSX2,0.40816326530612246,0.09693877551020408,2.520408163265306
MT1M,0.4872448979591837,0.03826530612244898,2.8035714285714284
MT2A,0.4872448979591837,0.03826530612244898,2.8035714285714284
MTA1,0.5025510204081632,0.04591836734693878,2.795918367346939
MTA2,0.5790816326530612,0.007653061224489796,3.056122448979592
MTA3,0.6224489795918368,0.017857142857142856,3.25
MTCH1,0.5739795918367347,0.017857142857142856,3.0331632653061225
MTCH2,0.4387755102040816,0.06887755102040816,2.6198979591836733
MTCP1,0.23979591836734693,0.33418367346938777,2.0918367346938775
MTDH,0.7168367346938775,0.012755102040816327,4.293367346938775
MTERF1,0.6045918367346939,0.00510204081632653,3.298469387755102
MTERF2,0.6071428571428571,0.025510204081632654,3.010204081632653
MTERF3,0.7091836734693877,0.012755102040816327,4.119897959183674
MTERF4,0.3520408163265306,0.13520408163265307,2.3877551020408165
MTF1,0.5892857142857143,0.02040816326530612,3.061224489795918
MTF2,0.576530612244898,0.03826530612244898,2.9489795918367347
MTFMT,0.5051020408163265,0.04846938775510204,2.6785714285714284
MTG1,0.45408163265306123,0.0663265306122449,2.663265306122449
MTHFD1L,0.4260204081632653,0.07142857142857142,2.545918367346939
MTHFD2,0.6352040816326531,0.02040816326530612,3.336734693877551
MTHFD2L,0.5051020408163265,0.03571428571428571,2.933673469387755
MTHFR,0.5714285714285714,0.03826530612244898,2.9770408163265305
MTHFS,0.5076530612244898,0.05102040816326531,2.686224489795918
MTIF2,0.6428571428571429,0.017857142857142856,3.375
MTIF3,0.5612244897959183,0.02040816326530612,3.13265306122449
MTM1,0.2372448979591837,0.336734693877551,2.068877551020408
MTMR1,0.2372448979591837,0.336734693877551,2.068877551020408
MTMR12,0.7117346938775511,0.01020408163265306,3.9668367346938775
MTMR14,0.6096938775510204,0.02295918367346939,3.663265306122449
MTMR2,0.49489795918367346,0.04591836734693878,2.895408163265306
MTMR3,0.5204081632653061,0.0663265306122449,3.0229591836734695
MTMR4,0.6658163265306123,0.017857142857142856,3.5051020408163267
MTMR6,0.5433673469387755,0.02295918367346939,3.056122448979592
MTMR7,0.25,0.2193877551020408,2.2448979591836733
MTMR8,0.22959183673469388,0.336734693877551,2.058673469387755
MTMR9,0.25510204081632654,0.2193877551020408,2.260204081632653
MTNR1A,0.40816326530612246,0.09693877551020408,2.568877551020408
MTNR1B,0.49489795918367346,0.04336734693877551,2.875
MTO1,0.46683673469387754,0.06887755102040816,2.6556122448979593
MTOR,0.5688775510204082,0.03826530612244898,2.9770408163265305
MTR,0.6607142857142857,0.017857142857142856,3.267857142857143
MTREX,0.40561224489795916,0.10204081632653061,2.614795918367347
MTRF1,0.44642857142857145,0.09183673469387756,2.74234693877551
MTRF1L,0.42857142857142855,0.07653061224489796,2.5408163265306123
MTRR,0.7168367346938775,0.015306122448979591,4.14030612244898
MTSS1,0.7142857142857143,0.01020408163265306,4.150510204081633
MTTP,0.461734693877551,0.05357142857142857,2.6964285714285716
MTUS1,0.24489795918367346,0.22193877551020408,2.2346938775510203
MTX1,0.701530612244898,0.012755102040816327,3.6607142857142856
MTX2,0.48214285714285715,0.04081632653061224,2.811224489795918
MUC12,0.6045918367346939,0.00510204081632653,3.316326530612245
MUC13,0.6658163265306123,0.015306122448979591,3.49234693877551
MUC15,0.375,0.08673469387755102,2.5331632653061225
MUC16,0.5663265306122449,0.05612244897959184,2.895408163265306
MUC20,0.701530612244898,0.007653061224489796,3.683673469387755
MUC3A,0.6045918367346939,0.00510204081632653,3.316326530612245
MUC4,0.6989795918367347,0.007653061224489796,3.6760204081632653
MUC5AC,0.3494897959183674,0.09438775510204081,2.4158163265306123
MUC5B,0.3494897959183674,0.09438775510204081,2.413265306122449
MUC6,0.3494897959183674,0.09438775510204081,2.4158163265306123
MUC7,0.5025510204081632,0.03571428571428571,2.86734693877551
MUCL1,0.6045918367346939,0.02295918367346939,3.0535714285714284
MUL1,0.5612244897959183,0.03826530612244898,2.9464285714285716
MUS81,0.5867346938775511,0.012755102040816327,3.0994897959183674
MUSK,0.45663265306122447,0.09948979591836735,2.6964285714285716
MUTYH,0.5994897959183674,0.017857142857142856,3.0510204081632653
MVB12A,0.5561224489795918,0.04336734693877551,2.8469387755102042
MVB12B,0.4642857142857143,0.09948979591836735,2.6607142857142856
MVD,0.5127551020408163,0.04336734693877551,2.933673469387755
MVP,0.5816326530612245,0.02040816326530612,3.1096938775510203
MX1,0.5612244897959183,0.04336734693877551,3.122448979591837
MX2,0.5612244897959183,0.04336734693877551,3.1198979591836733
MXD1,0.6352040816326531,0.017857142857142856,3.357142857142857
MXD4,0.49489795918367346,0.05612244897959184,2.8596938775510203
MYADM,0.6505102040816326,0.025510204081632654,3.385204081632653
MYB,0.4489795918367347,0.06887755102040816,2.9158163265306123
MYBBP1A,0.3826530612244898,0.11989795918367346,2.510204081632653
MYBL1,0.7117346938775511,0.00510204081632653,3.8316326530612246
MYBL2,0.7219387755102041,0.002551020408163265,3.979591836734694
MYBPC1,0.6020408163265306,0.025510204081632654,2.99234693877551
MYBPC2,0.6352040816326531,0.025510204081632654,3.2806122448979593
MYBPC3,0.4387755102040816,0.07142857142857142,2.61734693877551
MYBPH,0.6275510204081632,0.02040816326530612,3.0841836734693877
MYCBP,0.5969387755102041,0.017857142857142856,3.1530612244897958
MYCBP2,0.5382653061224489,0.03316326530612245,3.1198979591836733
MYCBPAP,0.6403061224489796,0.012755102040816327,3.3520408163265305
MYCN,0.6377551020408163,0.017857142857142856,3.3596938775510203
MYD88,0.5433673469387755,0.030612244897959183,3.191326530612245
MYF5,0.5790816326530612,0.03316326530612245,2.99234693877551
MYF6,0.5790816326530612,0.03316326530612245,2.99234693877551
MYH1,0.3494897959183674,0.125,2.4158163265306123
MYH10,0.35714285714285715,0.12244897959183673,2.420918367346939
MYH11,0.5331632653061225,0.030612244897959183,2.9005102040816326
MYH13,0.3520408163265306,0.125,2.4081632653061225
MYH15,0.6479591836734694,0.017857142857142856,3.4693877551020407
MYH2,0.3494897959183674,0.125,2.4158163265306123
MYH3,0.3494897959183674,0.125,2.4158163265306123
MYH4,0.3520408163265306,0.125,2.4183673469387754
MYH6,0.5102040816326531,0.03826530612244898,2.8877551020408165
MYH7,0.5127551020408163,0.03826530612244898,2.8903061224489797
MYH7B,0.7219387755102041,0.0,3.9158163265306123
MYH8,0.3520408163265306,0.125,2.4056122448979593
MYH9,0.47959183673469385,0.07397959183673469,2.788265306122449
MYL1,0.3826530612244898,0.08928571428571429,2.50765306122449
MYL10,0.6045918367346939,0.00510204081632653,3.2933673469387754
MYL12A,0.576530612244898,0.02806122448979592,3.461734693877551
MYL12B,0.576530612244898,0.02806122448979592,3.461734693877551
MYL2,0.6224489795918368,0.017857142857142856,3.104591836734694
MYL3,0.5025510204081632,0.04336734693877551,2.9642857142857144
MYL4,0.6352040816326531,0.017857142857142856,3.311224489795918
MYL5,0.4923469387755102,0.05357142857142857,2.811224489795918
MYL6,0.6020408163265306,0.025510204081632654,3.0306122448979593
MYL6B,0.6020408163265306,0.025510204081632654,3.0306122448979593
MYL7,0.6530612244897959,0.012755102040816327,3.4872448979591835
MYL9,0.7168367346938775,0.002551020408163265,3.7066326530612246
MYLIP,0.6096938775510204,0.012755102040816327,3.4719387755102042
MYLK,0.6658163265306123,0.015306122448979591,3.4948979591836733
MYLK2,0.7270408163265306,0.0,4.076530612244898
MYLK3,0.5102040816326531,0.03571428571428571,2.936224489795918
MYO10,0.7142857142857143,0.012755102040816327,4.176020408163265
MYO18A,0.6479591836734694,0.012755102040816327,3.5433673469387754
MYO18B,0.5102040816326531,0.0663265306122449,2.989795918367347
MYO1A,0.5969387755102041,0.02806122448979592,3.010204081632653
MYO5A,0.49744897959183676,0.058673469387755105,2.711734693877551
MYO5B,0.4107142857142857,0.10714285714285714,2.556122448979592
MYO6,0.45153061224489793,0.07908163265306123,2.61734693877551
MYO7A,0.5535714285714286,0.02806122448979592,3.104591836734694
MYO7B,0.5229591836734694,0.04846938775510204,2.8622448979591835
MYO9A,0.5102040816326531,0.04336734693877551,2.74234693877551
MYO9B,0.548469387755102,0.04336734693877551,2.8341836734693877
MYOC,0.6913265306122449,0.012755102040816327,3.7653061224489797
MYOCD,0.34183673469387754,0.125,2.4030612244897958
MYOD1,0.35714285714285715,0.08673469387755102,2.454081632653061
MYOF,0.42346938775510207,0.07908163265306123,2.576530612244898
MYOG,0.6275510204081632,0.02040816326530612,3.0841836734693877
MYOM1,0.576530612244898,0.02806122448979592,3.4642857142857144
MYOM2,0.2729591836734694,0.22448979591836735,2.2831632653061225
MYOT,0.42091836734693877,0.08673469387755102,2.538265306122449
MYOZ1,0.46683673469387754,0.05357142857142857,2.7908163265306123
MYOZ2,0.45918367346938777,0.061224489795918366,2.701530612244898
MYOZ3,0.42091836734693877,0.08673469387755102,2.548469387755102
MYPN,0.45153061224489793,0.05612244897959184,2.6989795918367347
MYRIP,0.5306122448979592,0.030612244897959183,3.0841836734693877
MYSM1,0.5969387755102041,0.02295918367346939,3.068877551020408
MYT1,0.6989795918367347,0.015306122448979591,3.576530612244898
MYT1L,0.6224489795918368,0.025510204081632654,3.3494897959183674
MZB1,0.41581632653061223,0.08673469387755102,2.5408163265306123
MZF1,0.6275510204081632,0.03571428571428571,3.252551020408163
MZT1,0.5204081632653061,0.03826530612244898,3.063775510204082
MZT2A,0.5102040816326531,0.04846938775510204,2.8469387755102042
MZT2B,0.5076530612244898,0.04846938775510204,2.8392857142857144
NAA10,0.2372448979591837,0.33418367346938777,2.068877551020408
NAA11,0.48214285714285715,0.04081632653061224,2.7755102040816326
NAA15,0.44642857142857145,0.061224489795918366,2.6658163265306123
NAA16,0.44642857142857145,0.09183673469387756,2.7448979591836733
NAA20,0.6709183673469388,0.01020408163265306,3.5510204081632653
NAA25,0.625,0.017857142857142856,3.1683673469387754
NAA30,0.4770408163265306,0.04336734693877551,2.752551020408163
NAA35,0.45408163265306123,0.11224489795918367,2.6530612244897958
NAA38,0.3647959183673469,0.12244897959183673,2.4285714285714284
NAA50,0.6505102040816326,0.015306122448979591,3.482142857142857
NAB1,0.4744897959183674,0.04336734693877551,2.813775510204082
NAB2,0.5969387755102041,0.02806122448979592,3.010204081632653
NABP1,0.4642857142857143,0.04336734693877551,2.7653061224489797
NABP2,0.5994897959183674,0.025510204081632654,3.0127551020408165
NACA,0.5994897959183674,0.02806122448979592,2.9744897959183674
NACA2,0.6862244897959183,0.012755102040816327,3.642857142857143
NACAD,0.6505102040816326,0.01020408163265306,3.4668367346938775
NACC1,0.5535714285714286,0.04846938775510204,2.8443877551020407
NADK,0.5714285714285714,0.03826530612244898,2.99234693877551
NADK2,0.7117346938775511,0.007653061224489796,4.13265306122449
NADSYN1,0.5918367346938775,0.02040816326530612,3.1964285714285716
NAE1,0.5229591836734694,0.03571428571428571,2.9642857142857144
NAF1,0.4260204081632653,0.08163265306122448,2.6020408163265305
NAGA,0.44387755102040816,0.07908163265306123,2.5943877551020407
NAGK,0.6403061224489796,0.017857142857142856,3.354591836734694
NAGLU,0.625,0.015306122448979591,3.2193877551020407
NAGPA,0.4362244897959184,0.0663265306122449,2.622448979591837
NAIF1,0.4719387755102041,0.09693877551020408,2.673469387755102
NAIP,0.35714285714285715,0.11989795918367346,2.423469387755102
NAMPT,0.5969387755102041,0.007653061224489796,3.247448979591837
NANOG,0.6173469387755102,0.017857142857142856,3.2729591836734695
NANOS1,0.44387755102040816,0.07142857142857142,2.635204081632653
NANOS2,0.6403061224489796,0.017857142857142856,3.354591836734694
NANOS3,0.5510204081632653,0.05102040816326531,2.829081632653061
NANS,0.4362244897959184,0.11479591836734694,2.607142857142857
NAP1L1,0.576530612244898,0.02806122448979592,2.9668367346938775
NAP1L4,0.33163265306122447,0.09948979591836735,2.392857142857143
NAPA,0.6326530612244898,0.025510204081632654,3.25
NAPB,0.6811224489795918,0.007653061224489796,3.5841836734693877
NAPEPLD,0.5994897959183674,0.007653061224489796,3.2831632653061225
NAPG,0.5586734693877551,0.03571428571428571,3.316326530612245
NAPRT,0.701530612244898,0.01020408163265306,3.8801020408163267
NAPSA,0.6352040816326531,0.025510204081632654,3.2806122448979593
NARS2,0.5382653061224489,0.025510204081632654,3.135204081632653
NASP,0.5969387755102041,0.02295918367346939,3.0255102040816326
NAT10,0.4030612244897959,0.08163265306122448,2.75765306122449
NAT2,0.24489795918367346,0.2193877551020408,2.2372448979591835
NAT8,0.6326530612244898,0.02040816326530612,3.336734693877551
NAT8L,0.49744897959183676,0.05357142857142857,2.872448979591837
NAV1,0.6122448979591837,0.03316326530612245,3.0408163265306123
NAXE,0.6989795918367347,0.012755102040816327,3.5816326530612246
NBEA,0.5051020408163265,0.05102040816326531,2.9285714285714284
NBEAL2,0.49744897959183676,0.04336734693877551,2.954081632653061
NBN,0.7091836734693877,0.015306122448979591,4.040816326530612
NCALD,0.7295918367346939,0.01020408163265306,4.956632653061225
NCAM1,0.4413265306122449,0.07397959183673469,2.6658163265306123
NCAN,0.5637755102040817,0.04336734693877551,2.941326530612245
NCAPD2,0.6301020408163265,0.017857142857142856,3.2729591836734695
NCAPD3,0.4719387755102041,0.07908163265306123,2.7244897959183674
NCAPG,0.4770408163265306,0.058673469387755105,2.7806122448979593
NCAPG2,0.576530612244898,0.02806122448979592,3.122448979591837
NCAPH,0.5790816326530612,0.025510204081632654,3.1658163265306123
NCAPH2,0.43112244897959184,0.09693877551020408,2.548469387755102
NCBP1,0.4362244897959184,0.11479591836734694,2.6096938775510203
NCBP2,0.6989795918367347,0.007653061224489796,3.681122448979592
NCEH1,0.6964285714285714,0.00510204081632653,3.7780612244897958
NCF1,0.6071428571428571,0.00510204081632653,3.267857142857143
NCF2,0.6760204081632653,0.02040816326530612,3.436224489795918
NCF4,0.4642857142857143,0.07397959183673469,2.74234693877551
NCK1,0.673469387755102,0.012755102040816327,3.561224489795918
NCK2,0.5510204081632653,0.030612244897959183,3.0127551020408165
NCKAP1,0.4846938775510204,0.03826530612244898,2.826530612244898
NCKAP1L,0.6096938775510204,0.02295918367346939,3.063775510204082
NCKIPSD,0.47959183673469385,0.061224489795918366,2.8903061224489797
NCL,0.33418367346938777,0.10714285714285714,2.3877551020408165
NCLN,0.5229591836734694,0.0663265306122449,2.788265306122449
NCOA1,0.6301020408163265,0.017857142857142856,3.2831632653061225
NCOA2,0.7117346938775511,0.01020408163265306,3.854591836734694
NCOA3,0.7219387755102041,0.00510204081632653,3.729591836734694
NCOA4,0.5153061224489796,0.05357142857142857,2.8877551020408165
NCOA5,0.7168367346938775,0.007653061224489796,3.7270408163265305
NCOA6,0.7244897959183674,0.0,3.933673469387755
NCOA7,0.4413265306122449,0.07142857142857142,2.614795918367347
NCOR1,0.336734693877551,0.1326530612244898,2.375
NCOR2,0.6122448979591837,0.02295918367346939,3.0153061224489797
NCR1,0.6581632653061225,0.02295918367346939,3.4183673469387754
NCR2,0.5663265306122449,0.015306122448979591,3.1556122448979593
NCR3,0.6071428571428571,0.015306122448979591,3.11734693877551
NCR3LG1,0.35714285714285715,0.08673469387755102,2.443877551020408
NCS1,0.4642857142857143,0.09948979591836735,2.663265306122449
NCSTN,0.7066326530612245,0.012755102040816327,4.229591836734694
NDC1,0.5867346938775511,0.02295918367346939,3.0433673469387754
NDC80,0.5663265306122449,0.02806122448979592,3.4056122448979593
NDE1,0.5331632653061225,0.030612244897959183,2.8979591836734695
NDEL1,0.35714285714285715,0.11989795918367346,2.420918367346939
NDFIP1,0.41836734693877553,0.08418367346938775,2.548469387755102
NDOR1,0.47959183673469385,0.09948979591836735,2.7244897959183674
NDRG1,0.7040816326530612,0.01020408163265306,3.9744897959183674
NDRG2,0.5127551020408163,0.04081632653061224,2.8698979591836733
NDRG3,0.7142857142857143,0.002551020408163265,3.670918367346939
NDST1,0.42091836734693877,0.08673469387755102,2.5408163265306123
NDST2,0.4719387755102041,0.05357142857142857,2.8494897959183674
NDUFA1,0.21173469387755103,0.3494897959183674,2.002551020408163
NDUFA10,0.3520408163265306,0.12755102040816327,2.3979591836734695
NDUFA11,0.5382653061224489,0.061224489795918366,2.795918367346939
NDUFA12,0.5994897959183674,0.02806122448979592,3.0153061224489797
NDUFA13,0.5714285714285714,0.04336734693877551,2.9744897959183674
NDUFA2,0.41581632653061223,0.08418367346938775,2.5408163265306123
NDUFA3,0.6505102040816326,0.025510204081632654,3.3801020408163267
NDUFA4,0.6607142857142857,0.01020408163265306,3.5535714285714284
NDUFA5,0.5918367346938775,0.012755102040816327,3.2244897959183674
NDUFA6,0.44387755102040816,0.07908163265306123,2.5943877551020407
NDUFA7,0.5561224489795918,0.05612244897959184,2.8520408163265305
NDUFA8,0.45408163265306123,0.09693877551020408,2.6479591836734695
NDUFA9,0.6224489795918368,0.02295918367346939,3.2627551020408165
NDUFAB1,0.5408163265306123,0.02806122448979592,3.017857142857143
NDUFAF1,0.4642857142857143,0.06377551020408163,2.604591836734694
NDUFAF2,0.3622448979591837,0.11989795918367346,2.433673469387755
NDUFAF3,0.4744897959183674,0.061224489795918366,2.88265306122449
NDUFAF4,0.42091836734693877,0.08928571428571429,2.5153061224489797
NDUFAF5,0.6581632653061225,0.01020408163265306,3.538265306122449
NDUFAF6,0.7066326530612245,0.015306122448979591,4.076530612244898
NDUFAF7,0.6224489795918368,0.015306122448979591,3.2780612244897958
NDUFB1,0.5025510204081632,0.05357142857142857,2.767857142857143
NDUFB10,0.4387755102040816,0.0663265306122449,2.6301020408163267
NDUFB11,0.22959183673469388,0.34183673469387754,2.0510204081632653
NDUFB2,0.5969387755102041,0.012755102040816327,3.2346938775510203
NDUFB3,0.4387755102040816,0.061224489795918366,2.6403061224489797
NDUFB4,0.6658163265306123,0.015306122448979591,3.4948979591836733
NDUFB5,0.6989795918367347,0.00510204081632653,3.7551020408163267
NDUFB6,0.42346938775510207,0.08928571428571429,2.7142857142857144
NDUFB7,0.5510204081632653,0.05102040816326531,2.854591836734694
NDUFB8,0.42091836734693877,0.08163265306122448,2.558673469387755
NDUFB9,0.7117346938775511,0.01020408163265306,4.150510204081633
NDUFC1,0.44642857142857145,0.06377551020408163,2.663265306122449
NDUFC2,0.5382653061224489,0.025510204081632654,3.142857142857143
NDUFS2,0.7142857142857143,0.012755102040816327,4.596938775510204
NDUFS3,0.4387755102040816,0.07142857142857142,2.61734693877551
NDUFS4,0.42091836734693877,0.09438775510204081,2.663265306122449
NDUFS5,0.5994897959183674,0.017857142857142856,3.2653061224489797
NDUFS6,0.7117346938775511,0.015306122448979591,4.145408163265306
NDUFS7,0.5153061224489796,0.07142857142857142,2.747448979591837
NDUFS8,0.6147959183673469,0.017857142857142856,3.2142857142857144
NDUFV1,0.6147959183673469,0.012755102040816327,3.181122448979592
NDUFV2,0.5714285714285714,0.04081632653061224,3.357142857142857
NDUFV3,0.5612244897959183,0.04336734693877551,3.1377551020408165
NECAP1,0.6198979591836735,0.017857142857142856,3.260204081632653
NECAP2,0.5612244897959183,0.03571428571428571,2.938775510204082
NECTIN1,0.44642857142857145,0.07653061224489796,2.673469387755102
NECTIN2,0.6454081632653061,0.012755102040816327,3.4158163265306123
NECTIN3,0.6530612244897959,0.017857142857142856,3.4846938775510203
NECTIN4,0.7168367346938775,0.012755102040816327,4.645408163265306
NEDD1,0.6071428571428571,0.025510204081632654,3.010204081632653
NEDD4,0.4897959183673469,0.05357142857142857,2.6581632653061225
NEDD4L,0.4107142857142857,0.1096938775510204,2.5535714285714284
NEDD8,0.49744897959183676,0.03826530612244898,2.806122448979592
NEDD9,0.5943877551020408,0.017857142857142856,3.329081632653061
NEFL,0.2423469387755102,0.21683673469387754,2.2270408163265305
NEFM,0.2423469387755102,0.21683673469387754,2.2270408163265305
NEGR1,0.5790816326530612,0.02806122448979592,3.017857142857143
NEIL1,0.5076530612244898,0.04846938775510204,2.704081632653061
NEIL2,0.25510204081632654,0.2193877551020408,2.260204081632653
NEIL3,0.41836734693877553,0.09183673469387756,2.6122448979591835
NEK2,0.6352040816326531,0.02806122448979592,3.122448979591837
NEK6,0.45663265306122447,0.09948979591836735,2.6505102040816326
NEK7,0.6301020408163265,0.017857142857142856,3.204081632653061
NEK8,0.6479591836734694,0.012755102040816327,3.4693877551020407
NEK9,0.5076530612244898,0.04336734693877551,2.795918367346939
NELFA,0.49744897959183676,0.05357142857142857,2.872448979591837
NELFB,0.47959183673469385,0.09948979591836735,2.7244897959183674
NELFCD,0.6989795918367347,0.01020408163265306,3.61734693877551
NELFE,0.6020408163265306,0.015306122448979591,3.114795918367347
NELL1,0.3647959183673469,0.08673469387755102,2.489795918367347
NELL2,0.5943877551020408,0.025510204081632654,3.0
NEMF,0.4897959183673469,0.04081632653061224,2.7729591836734695
NEMP1,0.5969387755102041,0.02806122448979592,3.010204081632653
NEO1,0.5076530612244898,0.04591836734693878,2.7142857142857144
NEPRO,0.6505102040816326,0.017857142857142856,3.479591836734694
NES,0.6989795918367347,0.012755102040816327,3.576530612244898
NET1,0.6632653061224489,0.02806122448979592,3.7219387755102042
NEU1,0.6045918367346939,0.015306122448979591,3.127551020408163
NEU2,0.32908163265306123,0.10714285714285714,2.377551020408163
NEU3,0.5561224489795918,0.025510204081632654,3.017857142857143
NEU4,0.3520408163265306,0.1326530612244898,2.3801020408163267
NEURL1,0.42346938775510207,0.08163265306122448,2.563775510204082
NEURL2,0.7168367346938775,0.007653061224489796,3.711734693877551
NEUROD1,0.4872448979591837,0.03826530612244898,2.8316326530612246
NEUROD4,0.6045918367346939,0.02295918367346939,3.0535714285714284
NEUROG2,0.45918367346938777,0.06887755102040816,2.681122448979592
NEUROG3,0.45408163265306123,0.05357142857142857,2.7142857142857144
NF1,0.6301020408163265,0.02295918367346939,3.4158163265306123
NF2,0.5178571428571429,0.06377551020408163,3.0051020408163267
NFAM1,0.4489795918367347,0.07908163265306123,2.607142857142857
NFASC,0.6428571428571429,0.02295918367346939,3.1479591836734695
NFATC1,0.40561224489795916,0.11479591836734694,2.538265306122449
NFATC2,0.7142857142857143,0.007653061224489796,3.7244897959183674
NFATC2IP,0.5790816326530612,0.02295918367346939,3.107142857142857
NFATC3,0.5280612244897959,0.03571428571428571,3.0433673469387754
NFATC4,0.5,0.03826530612244898,2.808673469387755
NFE2,0.6096938775510204,0.02295918367346939,3.061224489795918
NFE2L1,0.6352040816326531,0.015306122448979591,3.3010204081632653
NFE2L2,0.48214285714285715,0.03826530612244898,2.854591836734694
NFIA,0.5969387755102041,0.02295918367346939,3.2653061224489797
NFIB,0.3852040816326531,0.14030612244897958,2.6377551020408165
NFIC,0.5204081632653061,0.06887755102040816,2.788265306122449
NFIL3,0.45918367346938777,0.1096938775510204,2.673469387755102
NFIX,0.5535714285714286,0.04846938775510204,2.8443877551020407
NFKB1,0.45918367346938777,0.05612244897959184,2.6683673469387754
NFKB2,0.413265306122449,0.08163265306122448,2.548469387755102
NFKBIA,0.4719387755102041,0.03571428571428571,2.75
NFKBIB,0.6377551020408163,0.017857142857142856,3.711734693877551
NFKBIE,0.576530612244898,0.017857142857142856,3.181122448979592
NFKBIZ,0.6556122448979592,0.017857142857142856,3.4566326530612246
NFRKB,0.4642857142857143,0.07397959183673469,2.729591836734694
NFS1,0.7219387755102041,0.002551020408163265,3.8035714285714284
NFU1,0.6326530612244898,0.02040816326530612,3.3520408163265305
NFX1,0.4260204081632653,0.08163265306122448,2.7219387755102042
NFYA,0.5663265306122449,0.015306122448979591,3.1607142857142856
NFYB,0.6045918367346939,0.02806122448979592,3.0051020408163267
NFYC,0.6020408163265306,0.017857142857142856,3.36734693877551
NGB,0.5051020408163265,0.04591836734693878,2.8035714285714284
NGDN,0.5127551020408163,0.03826530612244898,2.892857142857143
NGEF,0.32908163265306123,0.1096938775510204,2.375
NGF,0.5892857142857143,0.025510204081632654,3.0943877551020407
NGFR,0.6352040816326531,0.015306122448979591,3.295918367346939
NGLY1,0.5688775510204082,0.025510204081632654,3.306122448979592
NGRN,0.5229591836734694,0.05102040816326531,2.7372448979591835
NHEJ1,0.35459183673469385,0.10204081632653061,2.433673469387755
NHLRC1,0.6096938775510204,0.015306122448979591,3.681122448979592
NHLRC3,0.4744897959183674,0.07397959183673469,2.8596938775510203
NHP2,0.4107142857142857,0.09948979591836735,2.50765306122449
NICN1,0.4719387755102041,0.061224489795918366,2.885204081632653
NID1,0.6607142857142857,0.017857142857142856,3.2729591836734695
NID2,0.4846938775510204,0.04081632653061224,2.770408163265306
NIF3L1,0.4387755102040816,0.061224489795918366,2.63265306122449
NIFK,0.5331632653061225,0.03826530612244898,2.9005102040816326
NIN,0.4846938775510204,0.04336734693877551,2.760204081632653
NINJ1,0.45408163265306123,0.1096938775510204,2.704081632653061
NINL,0.6785714285714286,0.007653061224489796,3.517857142857143
NIP7,0.5255102040816326,0.03826530612244898,3.061224489795918
NIPA1,0.5306122448979592,0.05357142857142857,2.836734693877551
NIPA2,0.5331632653061225,0.05357142857142857,2.836734693877551
NIPAL4,0.40561224489795916,0.09438775510204081,2.510204081632653
NIPBL,0.7091836734693877,0.007653061224489796,4.107142857142857
NIPSNAP1,0.5178571428571429,0.06377551020408163,3.0051020408163267
NIPSNAP3A,0.45663265306122447,0.1096938775510204,2.6683673469387754
NKAIN4,0.6938775510204082,0.015306122448979591,3.568877551020408
NKAP,0.21428571428571427,0.3469387755102041,2.0153061224489797
NKD1,0.5025510204081632,0.03826530612244898,2.854591836734694
NKD2,0.7142857142857143,0.01020408163265306,4.150510204081633
NKG7,0.6428571428571429,0.025510204081632654,3.3392857142857144
NKTR,0.5204081632653061,0.03826530612244898,3.048469387755102
NKX2-1,0.4719387755102041,0.03571428571428571,2.75
NKX2-2,0.673469387755102,0.01020408163265306,3.558673469387755
NKX2-5,0.413265306122449,0.09948979591836735,2.520408163265306
NKX3-1,0.23979591836734693,0.22704081632653061,2.211734693877551
NKX3-2,0.4923469387755102,0.058673469387755105,2.818877551020408
NKX6-1,0.4642857142857143,0.04846938775510204,2.7346938775510203
NLE1,0.6326530612244898,0.015306122448979591,3.308673469387755
NLGN1,0.6964285714285714,0.00510204081632653,3.7780612244897958
NLGN2,0.3673469387755102,0.12244897959183673,2.443877551020408
NLGN3,0.2066326530612245,0.3469387755102041,2.0331632653061225
NLGN4X,0.22448979591836735,0.35459183673469385,2.045918367346939
NLK,0.6428571428571429,0.012755102040816327,3.461734693877551
NLN,0.34438775510204084,0.12755102040816327,2.392857142857143
NLRC3,0.42346938775510207,0.07908163265306123,2.5841836734693877
NLRC4,0.6326530612244898,0.015306122448979591,3.3010204081632653
NLRC5,0.4872448979591837,0.04081632653061224,2.8035714285714284
NLRP1,0.37755102040816324,0.11989795918367346,2.489795918367347
NLRP12,0.6479591836734694,0.025510204081632654,3.3801020408163267
NLRP3,0.6607142857142857,0.015306122448979591,3.2857142857142856
NLRP6,0.3392857142857143,0.10204081632653061,2.3979591836734695
NLRP9,0.6556122448979592,0.025510204081632654,3.4158163265306123
NLRX1,0.4489795918367347,0.07653061224489796,2.7066326530612246
NMB,0.5127551020408163,0.05102040816326531,2.7219387755102042
NMD3,0.6862244897959183,0.00510204081632653,3.693877551020408
NME1,0.6403061224489796,0.015306122448979591,3.354591836734694
NME2,0.6403061224489796,0.015306122448979591,3.357142857142857
NME3,0.4387755102040816,0.0663265306122449,2.6301020408163267
NME4,0.44387755102040816,0.06377551020408163,2.635204081632653
NME6,0.4846938775510204,0.061224489795918366,2.9005102040816326
NME7,0.6989795918367347,0.012755102040816327,3.8418367346938775
NME8,0.6505102040816326,0.02040816326530612,3.5127551020408165
NMI,0.4897959183673469,0.03826530612244898,2.795918367346939
NMNAT1,0.5739795918367347,0.03826530612244898,2.9770408163265305
NMNAT2,0.6760204081632653,0.017857142857142856,3.441326530612245
NMNAT3,0.6760204081632653,0.01020408163265306,3.563775510204082
NMRAL1,0.42857142857142855,0.07142857142857142,2.5969387755102042
NMT1,0.6173469387755102,0.017857142857142856,3.1989795918367347
NMT2,0.6173469387755102,0.03826530612244898,3.4005102040816326
NMU,0.5357142857142857,0.025510204081632654,2.954081632653061
NMUR2,0.41581632653061223,0.08418367346938775,2.5408163265306123
NNMT,0.44642857142857145,0.07397959183673469,2.673469387755102
NNT,0.6913265306122449,0.012755102040816327,3.941326530612245
NOA1,0.5255102040816326,0.025510204081632654,2.938775510204082
NOB1,0.5255102040816326,0.03571428571428571,3.0535714285714284
NOC2L,0.5714285714285714,0.03826530612244898,2.989795918367347
NOC3L,0.42346938775510207,0.07908163265306123,2.568877551020408
NOC4L,0.5943877551020408,0.04336734693877551,3.00765306122449
NOCT,0.45153061224489793,0.061224489795918366,2.6760204081632653
NOD1,0.6530612244897959,0.015306122448979591,3.545918367346939
NOD2,0.5,0.04081632653061224,2.8494897959183674
NODAL,0.45408163265306123,0.05612244897959184,2.7066326530612246
NOG,0.6479591836734694,0.017857142857142856,3.510204081632653
NOL10,0.6352040816326531,0.02040816326530612,3.4056122448979593
NOL11,0.6938775510204082,0.012755102040816327,3.5127551020408165
NOL12,0.4642857142857143,0.07397959183673469,2.7346938775510203
NOL3,0.5229591836734694,0.03571428571428571,2.989795918367347
NOL6,0.4260204081632653,0.08163265306122448,2.732142857142857
NOL7,0.6147959183673469,0.012755102040816327,3.520408163265306
NOL8,0.45918367346938777,0.1096938775510204,2.693877551020408
NOL9,0.5739795918367347,0.04081632653061224,2.9770408163265305
NOLC1,0.413265306122449,0.08163265306122448,2.5510204081632653
NOM1,0.5790816326530612,0.02806122448979592,3.1301020408163267
NOMO2,0.5382653061224489,0.03316326530612245,2.9005102040816326
NOMO3,0.5408163265306123,0.030612244897959183,2.9005102040816326
NONO,0.2066326530612245,0.3469387755102041,2.0331632653061225
NOP10,0.47959183673469385,0.058673469387755105,2.6377551020408165
NOP14,0.4923469387755102,0.05357142857142857,2.7933673469387754
NOP16,0.40561224489795916,0.09438775510204081,2.5153061224489797
NOP2,0.6301020408163265,0.017857142857142856,3.2755102040816326
NOP53,0.6352040816326531,0.025510204081632654,3.260204081632653
NOP56,0.6556122448979592,0.012755102040816327,3.4591836734693877
NOP58,0.4362244897959184,0.061224489795918366,2.635204081632653
NOS1,0.625,0.02040816326530612,3.107142857142857
NOS2,0.6454081632653061,0.012755102040816327,3.441326530612245
NOS3,0.5867346938775511,0.012755102040816327,3.1989795918367347
NOSIP,0.6403061224489796,0.025510204081632654,3.2831632653061225
NOSTRIN,0.4846938775510204,0.03571428571428571,2.829081632653061
NOTCH2,0.6096938775510204,0.02295918367346939,3.2448979591836733
NOTCH3,0.5612244897959183,0.04846938775510204,2.875
NOTCH4,0.5969387755102041,0.017857142857142856,3.076530612244898
NOTUM,0.6836734693877551,0.012755102040816327,3.4566326530612246
NOX1,0.22193877551020408,0.3392857142857143,2.0306122448979593
NOX4,0.5102040816326531,0.04081632653061224,2.9464285714285716
NOX5,0.5076530612244898,0.04336734693877551,2.686224489795918
NOXA1,0.47959183673469385,0.09693877551020408,2.7346938775510203
NOXO1,0.4387755102040816,0.0663265306122449,2.6301020408163267
NPAS2,0.5688775510204082,0.02806122448979592,3.181122448979592
NPB,0.6811224489795918,0.012755102040816327,3.4578005115089514
NPBWR2,0.6989795918367347,0.015306122448979591,3.576530612244898
NPC1,0.548469387755102,0.05102040816326531,3.0841836734693877
NPC1L1,0.6505102040816326,0.01020408163265306,3.479591836734694
NPC2,0.5025510204081632,0.04336734693877551,2.7806122448979593
NPDC1,0.4744897959183674,0.09948979591836735,2.7193877551020407
NPEPL1,0.701530612244898,0.01020408163265306,3.61734693877551
NPFF,0.5994897959183674,0.02806122448979592,2.979591836734694
NPFFR1,0.45408163265306123,0.05357142857142857,2.711734693877551
NPFFR2,0.5178571428571429,0.03571428571428571,2.9948979591836733
NPHP1,0.5408163265306123,0.03316326530612245,2.9846938775510203
NPHP3,0.6658163265306123,0.012755102040816327,3.50765306122449
NPHP4,0.5714285714285714,0.04591836734693878,2.9744897959183674
NPHS1,0.6403061224489796,0.012755102040816327,3.5306122448979593
NPHS2,0.6836734693877551,0.017857142857142856,3.451530612244898
NPL,0.6760204081632653,0.017857142857142856,3.4183673469387754
NPLOC4,0.6836734693877551,0.012755102040816327,3.4719387755102042
NPM1,0.4107142857142857,0.10204081632653061,2.50765306122449
NPM2,0.24489795918367346,0.22193877551020408,2.2270408163265305
NPM3,0.413265306122449,0.08163265306122448,2.558673469387755
NPNT,0.461734693877551,0.0663265306122449,2.686224489795918
NPPA,0.5714285714285714,0.03826530612244898,2.9770408163265305
NPPB,0.5714285714285714,0.03826530612244898,2.9770408163265305
NPPC,0.33163265306122447,0.10714285714285714,2.385204081632653
NPR1,0.7091836734693877,0.01020408163265306,3.795918367346939
NPRL2,0.46683673469387754,0.07142857142857142,2.854591836734694
NPSR1,0.6505102040816326,0.012755102040816327,3.538265306122449
NPTN,0.5076530612244898,0.04846938775510204,2.7142857142857144
NPY,0.6530612244897959,0.015306122448979591,3.482142857142857
NPY1R,0.4260204081632653,0.07908163265306123,2.6020408163265305
NPY2R,0.4260204081632653,0.06887755102040816,2.6530612244897958
NQO1,0.5280612244897959,0.03571428571428571,3.063775510204082
NR0B1,0.2372448979591837,0.336734693877551,2.122448979591837
NR0B2,0.5586734693877551,0.04336734693877551,2.88265306122449
NR1D1,0.625,0.012755102040816327,3.364795918367347
NR1D2,0.5688775510204082,0.02806122448979592,3.306122448979592
NR1H2,0.6352040816326531,0.025510204081632654,3.2806122448979593
NR1H3,0.4362244897959184,0.07142857142857142,2.6096938775510203
NR1H4,0.5994897959183674,0.025510204081632654,2.9872448979591835
NR1I2,0.6658163265306123,0.012755102040816327,3.510204081632653
NR1I3,0.7142857142857143,0.012755102040816327,4.586734693877551
NR2C1,0.5994897959183674,0.02806122448979592,3.0153061224489797
NR2C2,0.5969387755102041,0.02040816326530612,3.6198979591836733
NR2C2AP,0.5637755102040817,0.04336734693877551,2.933673469387755
NR2E1,0.41836734693877553,0.09183673469387756,2.566326530612245
NR2E3,0.5102040816326531,0.04336734693877551,2.739795918367347
NR2F1,0.3877551020408163,0.10204081632653061,2.482142857142857
NR2F2,0.5357142857142857,0.05102040816326531,2.7653061224489797
NR2F6,0.548469387755102,0.04336734693877551,2.8341836734693877
NR3C1,0.42091836734693877,0.08418367346938775,2.5510204081632653
NR3C2,0.45153061224489793,0.06377551020408163,2.7346938775510203
NR4A1,0.6045918367346939,0.025510204081632654,3.1198979591836733
NR4A2,0.4897959183673469,0.04081632653061224,2.8494897959183674
NR4A3,0.4413265306122449,0.1096938775510204,2.635204081632653
NR5A1,0.45663265306122447,0.09948979591836735,2.6530612244897958
NR5A2,0.6377551020408163,0.017857142857142856,3.1760204081632653
NR6A1,0.45918367346938777,0.09693877551020408,2.6581632653061225
NRAS,0.5892857142857143,0.02806122448979592,3.0255102040816326
NRBF2,0.4489795918367347,0.04846938775510204,2.7066326530612246
NRBP1,0.6275510204081632,0.02040816326530612,3.288265306122449
NRCAM,0.5943877551020408,0.00510204081632653,3.25
NRF1,0.5892857142857143,0.012755102040816327,3.201530612244898
NRG1,0.2857142857142857,0.1836734693877551,2.4260204081632653
NRG2,0.413265306122449,0.08418367346938775,2.5408163265306123
NRG3,0.45408163265306123,0.0663265306122449,2.6760204081632653
NRG4,0.5076530612244898,0.05102040816326531,2.7066326530612246
NRIP1,0.576530612244898,0.04591836734693878,3.298469387755102
NRL,0.5,0.03826530612244898,2.811224489795918
NRN1,0.5943877551020408,0.017857142857142856,3.2372448979591835
NRN1L,0.5255102040816326,0.03571428571428571,3.020408163265306
NRP1,0.5790816326530612,0.04591836734693878,3.181122448979592
NRP2,0.41836734693877553,0.07653061224489796,2.586734693877551
NRXN1,0.6352040816326531,0.015306122448979591,3.3622448979591835
NRXN3,0.5127551020408163,0.04081632653061224,2.8392857142857144
NSA2,0.3622448979591837,0.125,2.431122448979592
NSD2,0.49744897959183676,0.05357142857142857,2.86734693877551
NSD3,0.45918367346938777,0.10204081632653061,3.3316326530612246
NSDHL,0.2372448979591837,0.33418367346938777,2.068877551020408
NSF,0.6326530612244898,0.017857142857142856,3.2780612244897958
NSFL1C,0.6556122448979592,0.012755102040816327,3.443877551020408
NSL1,0.6352040816326531,0.025510204081632654,3.125
NSMAF,0.6709183673469388,0.017857142857142856,3.6403061224489797
NSMCE1,0.5586734693877551,0.030612244897959183,3.0510204081632653
NSMCE2,0.7142857142857143,0.01020408163265306,4.122448979591836
NSMCE3,0.4872448979591837,0.061224489795918366,2.673469387755102
NSMCE4A,0.44387755102040816,0.07653061224489796,2.6530612244897958
NSUN2,0.7117346938775511,0.017857142857142856,4.079081632653061
NSUN4,0.5994897959183674,0.02040816326530612,3.066326530612245
NT5C,0.6913265306122449,0.01020408163265306,3.482142857142857
NT5C1A,0.6020408163265306,0.02040816326530612,3.4489795918367347
NT5C1B,0.6326530612244898,0.017857142857142856,3.318877551020408
NT5C2,0.42091836734693877,0.08418367346938775,2.558673469387755
NT5E,0.42857142857142855,0.07653061224489796,2.548469387755102
NTAN1,0.5280612244897959,0.030612244897959183,2.875
NTF3,0.625,0.02040816326530612,3.288265306122449
NTF4,0.6377551020408163,0.025510204081632654,3.2627551020408165
NTHL1,0.4387755102040816,0.0663265306122449,2.6301020408163267
NTM,0.46938775510204084,0.07397959183673469,2.7346938775510203
NTMT1,0.46683673469387754,0.09948979591836735,2.6658163265306123
NTN1,0.35714285714285715,0.12244897959183673,2.436224489795918
NTN4,0.5969387755102041,0.025510204081632654,3.0280612244897958
NTNG1,0.5816326530612245,0.03571428571428571,2.9744897959183674
NTNG2,0.4719387755102041,0.09438775510204081,2.6989795918367347
NTPCR,0.6632653061224489,0.02295918367346939,3.2372448979591835
NTRK1,0.6989795918367347,0.012755102040816327,3.568877551020408
NTRK2,0.45663265306122447,0.11479591836734694,2.6505102040816326
NTS,0.5816326530612245,0.030612244897959183,2.961734693877551
NTSR1,0.6938775510204082,0.015306122448979591,3.563775510204082
NUAK1,0.6122448979591837,0.02295918367346939,3.020408163265306
NUB1,0.5867346938775511,0.012755102040816327,3.1989795918367347
NUBP1,0.5357142857142857,0.04081632653061224,3.0943877551020407
NUBP2,0.4387755102040816,0.0663265306122449,2.6301020408163267
NUBPL,0.47959183673469385,0.04081632653061224,2.7755102040816326
NUCB1,0.6326530612244898,0.025510204081632654,3.252551020408163
NUCKS1,0.6377551020408163,0.025510204081632654,3.1403061224489797
NUDC,0.5586734693877551,0.04336734693877551,2.88265306122449
NUDT1,0.6530612244897959,0.015306122448979591,3.5255102040816326
NUDT12,0.3877551020408163,0.10714285714285714,2.538265306122449
NUDT14,0.5025510204081632,0.04591836734693878,2.795918367346939
NUDT16,0.6632653061224489,0.012755102040816327,3.489795918367347
NUDT16L1,0.4336734693877551,0.0663265306122449,2.614795918367347
NUDT19,0.6377551020408163,0.015306122448979591,3.548469387755102
NUDT2,0.42346938775510207,0.08673469387755102,2.7244897959183674
NUDT21,0.4846938775510204,0.03826530612244898,2.8010204081632653
NUDT3,0.576530612244898,0.017857142857142856,3.00765306122449
NUDT5,0.6326530612244898,0.02806122448979592,3.5535714285714284
NUDT7,0.5178571428571429,0.04336734693877551,2.9744897959183674
NUDT8,0.6147959183673469,0.012755102040816327,3.181122448979592
NUDT9,0.46683673469387754,0.04846938775510204,2.7755102040816326
NUF2,0.701530612244898,0.015306122448979591,4.23469387755102
NUFIP1,0.4387755102040816,0.09693877551020408,2.7168367346938775
NUFIP2,0.6454081632653061,0.012755102040816327,3.5357142857142856
NUMA1,0.5816326530612245,0.02295918367346939,3.1301020408163267
NUMB,0.4923469387755102,0.04336734693877551,2.7653061224489797
NUMBL,0.6377551020408163,0.02040816326530612,3.502551020408163
NUP107,0.625,0.02295918367346939,4.112244897959184
NUP133,0.6607142857142857,0.02040816326530612,3.2219387755102042
NUP153,0.6096938775510204,0.015306122448979591,3.5994897959183674
NUP155,0.7091836734693877,0.007653061224489796,4.091836734693878
NUP160,0.4413265306122449,0.07142857142857142,2.61734693877551
NUP188,0.46938775510204084,0.09438775510204081,2.683673469387755
NUP205,0.5918367346938775,0.015306122448979591,3.2193877551020407
NUP210,0.6045918367346939,0.02040816326530612,3.7755102040816326
NUP214,0.4719387755102041,0.09438775510204081,2.7244897959183674
NUP37,0.6045918367346939,0.025510204081632654,3.0280612244897958
NUP43,0.43112244897959184,0.07397959183673469,2.548469387755102
NUP50,0.4413265306122449,0.08673469387755102,2.5816326530612246
NUP54,0.49744897959183676,0.03571428571428571,2.895408163265306
NUP58,0.5433673469387755,0.02295918367346939,3.0714285714285716
NUP62,0.6403061224489796,0.025510204081632654,3.311224489795918
NUP62CL,0.22448979591836735,0.3392857142857143,2.038265306122449
NUP85,0.6913265306122449,0.01020408163265306,3.482142857142857
NUP88,0.37755102040816324,0.11989795918367346,2.4872448979591835
NUP93,0.4846938775510204,0.03826530612244898,2.8035714285714284
NUP98,0.33418367346938777,0.09948979591836735,2.3979591836734695
NUSAP1,0.4642857142857143,0.06377551020408163,2.604591836734694
NUTF2,0.5255102040816326,0.03571428571428571,3.020408163265306
NVL,0.6581632653061225,0.02295918367346939,3.2219387755102042
NXF1,0.5816326530612245,0.007653061224489796,3.0331632653061225
NXF2,0.22193877551020408,0.3392857142857143,2.0229591836734695
NXF3,0.22448979591836735,0.34183673469387754,2.0229591836734695
NXPH3,0.6352040816326531,0.015306122448979591,3.318877551020408
NXT1,0.6811224489795918,0.007653061224489796,3.5892857142857144
NXT2,0.22193877551020408,0.34438775510204084,2.0280612244897958
OAS1,0.6224489795918368,0.017857142857142856,3.0969387755102042
OAS2,0.6224489795918368,0.017857142857142856,3.0943877551020407
OAS3,0.6224489795918368,0.017857142857142856,3.0969387755102042
OASL,0.6173469387755102,0.02040816326530612,3.048469387755102
OAT,0.4387755102040816,0.07653061224489796,2.627551020408163
OAZ1,0.5280612244897959,0.0663265306122449,2.7831632653061225
OAZ2,0.5076530612244898,0.04846938775510204,2.686224489795918
OAZ3,0.7117346938775511,0.01020408163265306,3.936224489795918
OBSCN,0.6607142857142857,0.02040816326530612,3.2244897959183674
OBSL1,0.35459183673469385,0.10459183673469388,2.433673469387755
OCA2,0.4846938775510204,0.058673469387755105,2.693877551020408
OCLN,0.35714285714285715,0.12244897959183673,2.4260204081632653
OCRL,0.21173469387755103,0.3520408163265306,2.00765306122449
ODF1,0.7219387755102041,0.01020408163265306,4.755102040816326
ODF2,0.46683673469387754,0.09693877551020408,2.670918367346939
OFD1,0.23214285714285715,0.34183673469387754,2.0816326530612246
OGA,0.413265306122449,0.08163265306122448,2.558673469387755
OGDH,0.6505102040816326,0.01020408163265306,3.4668367346938775
OGDHL,0.4719387755102041,0.05102040816326531,2.7908163265306123
OGG1,0.6122448979591837,0.02295918367346939,3.6530612244897958
OGN,0.45918367346938777,0.1096938775510204,2.6989795918367347
OGT,0.2066326530612245,0.3469387755102041,2.0229591836734695
OIP5,0.4642857142857143,0.06377551020408163,2.604591836734694
OLA1,0.4846938775510204,0.03826530612244898,2.8214285714285716
OLFM4,0.45663265306122447,0.08928571428571429,2.7908163265306123
OLIG1,0.5739795918367347,0.02806122448979592,3.1760204081632653
OLIG2,0.5739795918367347,0.02806122448979592,3.1760204081632653
OLR1,0.6122448979591837,0.025510204081632654,3.2168367346938775
OMA1,0.5969387755102041,0.02295918367346939,3.068877551020408
OMG,0.6301020408163265,0.02295918367346939,3.4158163265306123
ONECUT1,0.5051020408163265,0.05612244897959184,2.7244897959183674
ONECUT2,0.4107142857142857,0.10714285714285714,2.563775510204082
ONECUT3,0.5229591836734694,0.06887755102040816,2.7806122448979593
OOEP,0.46683673469387754,0.06887755102040816,2.6785714285714284
OPA1,0.6964285714285714,0.01020408163265306,3.681122448979592
OPCML,0.46683673469387754,0.07397959183673469,2.7193877551020407
OPHN1,0.2066326530612245,0.34438775510204084,2.0
OPLAH,0.6989795918367347,0.01020408163265306,3.857142857142857
OPN1LW,0.2372448979591837,0.33418367346938777,2.079081632653061
OPN1SW,0.5918367346938775,0.012755102040816327,3.2091836734693877
OPN4,0.4387755102040816,0.0663265306122449,2.63265306122449
OPRD1,0.5688775510204082,0.03826530612244898,2.920918367346939
OPRK1,0.6709183673469388,0.017857142857142856,3.6964285714285716
OPRL1,0.6989795918367347,0.015306122448979591,3.576530612244898
OPRM1,0.42346938775510207,0.08163265306122448,2.5229591836734695
OPTN,0.6403061224489796,0.02806122448979592,3.5357142857142856
OR10AG1,0.5714285714285714,0.02040816326530612,3.260204081632653
OR10J1,0.7091836734693877,0.012755102040816327,3.99234693877551
OR2F2,0.5994897959183674,0.012755102040816327,3.247448979591837
OR2W3,0.6632653061224489,0.015306122448979591,3.2831632653061225
OR3A1,0.38010204081632654,0.11989795918367346,2.5
OR4N2,0.5204081632653061,0.03826530612244898,2.88265306122449
OR4X1,0.4489795918367347,0.06887755102040816,2.6530612244897958
OR51B6,0.336734693877551,0.09693877551020408,2.3979591836734695
OR51E1,0.336734693877551,0.09693877551020408,2.3979591836734695
OR51E2,0.336734693877551,0.09693877551020408,2.3979591836734695
OR51F2,0.336734693877551,0.09693877551020408,2.3979591836734695
OR5F1,0.5688775510204082,0.02040816326530612,3.260869565217391
OR7D4,0.5739795918367347,0.05357142857142857,2.8877551020408165
OR7G3,0.5714285714285714,0.05357142857142857,2.885204081632653
ORAI2,0.6020408163265306,0.00510204081632653,3.2933673469387754
ORAI3,0.576530612244898,0.025510204081632654,3.0051020408163267
ORC1,0.5969387755102041,0.02040816326530612,3.045918367346939
ORC2,0.4387755102040816,0.061224489795918366,2.63265306122449
ORC3,0.42091836734693877,0.07908163265306123,2.5229591836734695
ORC4,0.4897959183673469,0.04336734693877551,2.798469387755102
ORC5,0.6020408163265306,0.00510204081632653,3.25765306122449
ORC6,0.5102040816326531,0.03571428571428571,2.936224489795918
ORM1,0.461734693877551,0.09693877551020408,2.663265306122449
ORM2,0.461734693877551,0.09693877551020408,2.663265306122449
ORMDL1,0.4744897959183674,0.03826530612244898,2.8214285714285716
ORMDL2,0.6045918367346939,0.025510204081632654,3.0280612244897958
ORMDL3,0.6275510204081632,0.012755102040816327,3.4285714285714284
OS9,0.5994897959183674,0.030612244897959183,3.061224489795918
OSBP,0.5790816326530612,0.012755102040816327,3.0739795918367347
OSBP2,0.5127551020408163,0.0663265306122449,2.997448979591837
OSBPL1A,0.5331632653061225,0.06377551020408163,2.9642857142857144
OSBPL5,0.33163265306122447,0.09948979591836735,2.392857142857143
OSCAR,0.6505102040816326,0.025510204081632654,3.3801020408163267
OSGEPL1,0.4744897959183674,0.03826530612244898,2.8214285714285716
OSM,0.5153061224489796,0.0663265306122449,2.997448979591837
OSMR,0.6964285714285714,0.012755102040816327,3.989795918367347
OST4,0.6275510204081632,0.017857142857142856,3.2908163265306123
OSTC,0.45918367346938777,0.0663265306122449,2.688775510204082
OSTM1,0.42091836734693877,0.09183673469387756,2.568877551020408
OTC,0.23214285714285715,0.33418367346938777,2.0892857142857144
OTUB1,0.5714285714285714,0.012755102040816327,3.020408163265306
OTUD5,0.22704081632653061,0.34183673469387754,2.0357142857142856
OTUD7A,0.46938775510204084,0.06377551020408163,2.625
OTUD7B,0.7117346938775511,0.01020408163265306,3.864795918367347
OTX2,0.4744897959183674,0.04336734693877551,2.74234693877551
OVCA2,0.375,0.12244897959183673,2.5153061224489797
OVGP1,0.5739795918367347,0.03316326530612245,2.9591836734693877
OXA1L,0.5102040816326531,0.04336734693877551,2.8698979591836733
OXCT1,0.6938775510204082,0.007653061224489796,3.9642857142857144
OXCT2,0.6071428571428571,0.017857142857142856,3.4693877551020407
OXER1,0.6224489795918368,0.017857142857142856,3.252551020408163
OXNAD1,0.5892857142857143,0.02040816326530612,3.4107142857142856
OXSM,0.5688775510204082,0.02806122448979592,3.3035714285714284
OXT,0.6530612244897959,0.012755102040816327,3.4566326530612246
OXTR,0.6122448979591837,0.02295918367346939,3.607142857142857
P2RX1,0.3852040816326531,0.11989795918367346,2.510204081632653
P2RX2,0.5943877551020408,0.04336734693877551,3.017857142857143
P2RX3,0.5714285714285714,0.015306122448979591,3.0841836734693877
P2RX4,0.6173469387755102,0.02040816326530612,3.048469387755102
P2RX5,0.3852040816326531,0.12244897959183673,2.502551020408163
P2RX6,0.5382653061224489,0.05612244897959184,3.229591836734694
P2RX7,0.6173469387755102,0.02040816326530612,3.048469387755102
P2RY1,0.6862244897959183,0.00510204081632653,3.6505102040816326
P2RY12,0.6887755102040817,0.00510204081632653,3.673469387755102
P2RY13,0.6887755102040817,0.00510204081632653,3.673469387755102
P2RY14,0.6887755102040817,0.00510204081632653,3.663265306122449
P2RY2,0.5714285714285714,0.02295918367346939,3.0714285714285716
P2RY4,0.20153061224489796,0.35459183673469385,1.9948979591836735
P2RY6,0.5688775510204082,0.02295918367346939,3.068877551020408
P2RY8,0.5357142857142857,0.11479591836734694,3.173469387755102
P3H2,0.7091836734693877,0.007653061224489796,3.7806122448979593
P3H3,0.6275510204081632,0.017857142857142856,3.270408163265306
P4HA1,0.45918367346938777,0.05612244897959184,2.752551020408163
P4HA2,0.41836734693877553,0.10204081632653061,2.5280612244897958
P4HA3,0.5561224489795918,0.025510204081632654,3.0408163265306123
P4HB,0.6836734693877551,0.012755102040816327,3.4642857142857144
PA2G4,0.6045918367346939,0.025510204081632654,3.0408163265306123
PAAF1,0.5586734693877551,0.025510204081632654,3.063775510204082
PABPC1,0.7295918367346939,0.01020408163265306,5.158163265306122
PABPC3,0.5459183673469388,0.02295918367346939,3.058673469387755
PABPC4,0.6045918367346939,0.017857142857142856,3.4285714285714284
PABPC5,0.21428571428571427,0.3392857142857143,2.0127551020408165
PABPN1,0.5127551020408163,0.04336734693877551,2.8877551020408165
PACS1,0.5867346938775511,0.012755102040816327,3.0739795918367347
PACSIN1,0.576530612244898,0.02040816326530612,3.002551020408163
PACSIN2,0.44387755102040816,0.07908163265306123,2.5918367346938775
PACSIN3,0.4387755102040816,0.07142857142857142,2.6122448979591835
PADI2,0.5663265306122449,0.03571428571428571,2.938775510204082
PAF1,0.6326530612244898,0.017857142857142856,3.5408163265306123
PAFAH1B1,0.37755102040816324,0.11989795918367346,2.482142857142857
PAFAH1B2,0.45153061224489793,0.07397959183673469,2.681122448979592
PAFAH1B3,0.6403061224489796,0.015306122448979591,3.4005102040816326
PAG1,0.701530612244898,0.015306122448979591,3.9464285714285716
PAH,0.5994897959183674,0.02806122448979592,3.020408163265306
PAICS,0.5306122448979592,0.025510204081632654,2.941326530612245
PAIP1,0.6913265306122449,0.012755102040816327,3.941326530612245
PAIP2,0.413265306122449,0.08673469387755102,2.5357142857142856
PAIP2B,0.6403061224489796,0.017857142857142856,3.357142857142857
PAK1,0.5510204081632653,0.02806122448979592,3.1122448979591835
PAK1IP1,0.5867346938775511,0.02040816326530612,3.311224489795918
PAK2,0.6989795918367347,0.007653061224489796,3.681122448979592
PAK3,0.22193877551020408,0.34183673469387754,2.0229591836734695
PAK4,0.6352040816326531,0.017857142857142856,3.635204081632653
PAK5,0.6581632653061225,0.01020408163265306,3.538265306122449
PAK6,0.45918367346938777,0.061224489795918366,2.5994897959183674
PALB2,0.5408163265306123,0.02806122448979592,3.0127551020408165
PAM16,0.42857142857142855,0.07142857142857142,2.5969387755102042
PAN2,0.6020408163265306,0.025510204081632654,3.0255102040816326
PAN3,0.5637755102040817,0.02295918367346939,3.125
PANK1,0.42857142857142855,0.07908163265306123,2.566326530612245
PANK2,0.6556122448979592,0.01020408163265306,3.4591836734693877
PANK4,0.5714285714285714,0.03826530612244898,2.9872448979591835
PANX1,0.5,0.04081632653061224,2.9158163265306123
PAOX,0.45408163265306123,0.0663265306122449,2.663265306122449
PAPOLA,0.49744897959183676,0.05357142857142857,2.767857142857143
PAPOLB,0.6556122448979592,0.01020408163265306,3.5433673469387754
PAPOLG,0.6428571428571429,0.017857142857142856,3.385204081632653
PAPPA,0.4642857142857143,0.09693877551020408,2.6658163265306123
PAPPA2,0.6862244897959183,0.015306122448979591,3.5816326530612246
PAPSS1,0.45918367346938777,0.0663265306122449,2.693877551020408
PAPSS2,0.42857142857142855,0.07653061224489796,2.576530612244898
PAQR3,0.48214285714285715,0.04336734693877551,2.7729591836734695
PAQR5,0.5102040816326531,0.04336734693877551,2.7168367346938775
PAQR8,0.5663265306122449,0.02806122448979592,3.104591836734694
PARD3,0.5688775510204082,0.04591836734693878,3.1658163265306123
PARD3B,0.42346938775510207,0.07142857142857142,2.6020408163265305
PARD6A,0.5255102040816326,0.03571428571428571,3.020408163265306
PARD6B,0.7193877551020408,0.00510204081632653,3.75765306122449
PARD6G,0.40561224489795916,0.12244897959183673,2.5357142857142856
PARG,0.4744897959183674,0.05102040816326531,2.8035714285714284
PARK7,0.5739795918367347,0.03826530612244898,2.9719387755102042
PARL,0.6989795918367347,0.00510204081632653,3.7270408163265305
PARN,0.5331632653061225,0.03316326530612245,2.8979591836734695
PARP1,0.6632653061224489,0.02040816326530612,3.2193877551020407
PARP12,0.5892857142857143,0.015306122448979591,3.2066326530612246
PARP14,0.6658163265306123,0.015306122448979591,3.49234693877551
PARP2,0.5102040816326531,0.03571428571428571,2.857142857142857
PARP3,0.4719387755102041,0.0663265306122449,2.872448979591837
PARP4,0.5357142857142857,0.02295918367346939,3.0535714285714284
PARP9,0.6658163265306123,0.015306122448979591,3.4948979591836733
PARPBP,0.6045918367346939,0.025510204081632654,3.0280612244897958
PARS2,0.5918367346938775,0.02295918367346939,3.058673469387755
PARVA,0.3494897959183674,0.08928571428571429,2.4719387755102042
PARVB,0.45153061224489793,0.08163265306122448,2.5943877551020407
PARVG,0.45153061224489793,0.08163265306122448,2.5943877551020407
PASD1,0.2372448979591837,0.336734693877551,2.0714285714285716
PASK,0.3520408163265306,0.13520408163265307,2.3877551020408165
PATJ,0.5918367346938775,0.02295918367346939,3.063775510204082
PATL1,0.5816326530612245,0.012755102040816327,3.076530612244898
PAWR,0.5790816326530612,0.03316326530612245,2.9872448979591835
PAX2,0.42091836734693877,0.08418367346938775,2.556122448979592
PAX3,0.3494897959183674,0.10714285714285714,2.4642857142857144
PAX4,0.5867346938775511,0.015306122448979591,3.188775510204082
PAX5,0.4260204081632653,0.08673469387755102,2.7627551020408165
PAX6,0.3979591836734694,0.08163265306122448,2.6556122448979593
PAX7,0.5637755102040817,0.03571428571428571,2.951530612244898
PAX8,0.5382653061224489,0.03571428571428571,2.9744897959183674
PAX9,0.46938775510204084,0.03826530612244898,2.74234693877551
PAXBP1,0.5714285714285714,0.02806122448979592,3.181122448979592
PAXIP1,0.5867346938775511,0.02040816326530612,3.1479591836734695
PBRM1,0.46683673469387754,0.07142857142857142,2.857142857142857
PBX1,0.7040816326530612,0.012755102040816327,4.073979591836735
PBX2,0.5969387755102041,0.017857142857142856,3.076530612244898
PBX3,0.4642857142857143,0.10204081632653061,2.6581632653061225
PBX4,0.5714285714285714,0.04336734693877551,2.9744897959183674
PC,0.6020408163265306,0.012755102040816327,3.145408163265306
PCBD1,0.45408163265306123,0.05612244897959184,2.711734693877551
PCBP1,0.6352040816326531,0.017857142857142856,3.357142857142857
PCBP2,0.5994897959183674,0.02806122448979592,2.9846938775510203
PCCA,0.5816326530612245,0.015306122448979591,3.211734693877551
PCCB,0.673469387755102,0.012755102040816327,3.5535714285714284
PCDH15,0.45918367346938777,0.05612244897959184,2.747448979591837
PCDHA10,0.41581632653061223,0.08418367346938775,2.5408163265306123
PCDHA11,0.41581632653061223,0.08418367346938775,2.5408163265306123
PCDHA4,0.41581632653061223,0.08418367346938775,2.5408163265306123
PCDHA7,0.41581632653061223,0.08418367346938775,2.5408163265306123
PCDHA9,0.41581632653061223,0.08418367346938775,2.5408163265306123
PCF11,0.5357142857142857,0.02806122448979592,3.0
PCGF1,0.6352040816326531,0.02040816326530612,3.336734693877551
PCGF2,0.6301020408163265,0.017857142857142856,3.3903061224489797
PCGF3,0.4923469387755102,0.05357142857142857,2.811224489795918
PCGF5,0.42857142857142855,0.07142857142857142,2.576530612244898
PCGF6,0.41836734693877553,0.08163265306122448,2.558673469387755
PCK1,0.6989795918367347,0.012755102040816327,3.6096938775510203
PCK2,0.5,0.03826530612244898,2.811224489795918
PCLAF,0.5076530612244898,0.04846938775510204,2.686224489795918
PCLO,0.5994897959183674,0.007653061224489796,3.3010204081632653
PCM1,0.24744897959183673,0.2193877551020408,2.239795918367347
PCMT1,0.43112244897959184,0.07397959183673469,2.5535714285714284
PCNA,0.6479591836734694,0.01020408163265306,3.4464285714285716
PCNT,0.5714285714285714,0.03316326530612245,3.1658163265306123
PCOLCE,0.6071428571428571,0.007653061224489796,3.318877551020408
PCOLCE2,0.6760204081632653,0.01020408163265306,3.566326530612245
PCSK1,0.3979591836734694,0.10714285714285714,2.482142857142857
PCSK2,0.6607142857142857,0.012755102040816327,3.5408163265306123
PCSK5,0.45663265306122447,0.12244897959183673,2.614795918367347
PCSK6,0.5153061224489796,0.05357142857142857,2.75
PCSK9,0.5918367346938775,0.02295918367346939,3.068877551020408
PCTP,0.6505102040816326,0.015306122448979591,3.433673469387755
PCYOX1L,0.42346938775510207,0.08673469387755102,2.5535714285714284
PCYT1A,0.6989795918367347,0.007653061224489796,3.688775510204082
PCYT1B,0.22704081632653061,0.32653061224489793,2.0994897959183674
PDC,0.6709183673469388,0.017857142857142856,3.433673469387755
PDCD1,0.3520408163265306,0.1326530612244898,2.3801020408163267
PDCD10,0.6938775510204082,0.00510204081632653,3.7346938775510203
PDCD11,0.42091836734693877,0.08163265306122448,2.561224489795918
PDCD1LG2,0.41581632653061223,0.1326530612244898,2.8801020408163267
PDCD2L,0.6352040816326531,0.015306122448979591,3.5153061224489797
PDCD4,0.42346938775510207,0.08418367346938775,2.566326530612245
PDCD5,0.6352040816326531,0.015306122448979591,3.556122448979592
PDCD6,0.7066326530612245,0.012755102040816327,4.089285714285714
PDCD6IP,0.5586734693877551,0.030612244897959183,3.247448979591837
PDCD7,0.5051020408163265,0.04846938775510204,2.6785714285714284
PDCL3,0.5688775510204082,0.02806122448979592,3.1301020408163267
PDE10A,0.42091836734693877,0.08673469387755102,2.566326530612245
PDE1A,0.4846938775510204,0.03826530612244898,2.8469387755102042
PDE1B,0.6096938775510204,0.02295918367346939,3.068877551020408
PDE1C,0.6530612244897959,0.012755102040816327,3.497448979591837
PDE2A,0.5816326530612245,0.02295918367346939,3.1301020408163267
PDE3A,0.6045918367346939,0.017857142857142856,3.229591836734694
PDE3B,0.3494897959183674,0.09183673469387756,2.4668367346938775
PDE4A,0.5663265306122449,0.05357142857142857,2.920918367346939
PDE4B,0.576530612244898,0.025510204081632654,2.989795918367347
PDE4D,0.3647959183673469,0.11989795918367346,2.461734693877551
PDE4DIP,0.701530612244898,0.012755102040816327,3.7193877551020407
PDE6A,0.42091836734693877,0.08673469387755102,2.5433673469387754
PDE6B,0.4923469387755102,0.05357142857142857,2.811224489795918
PDE6G,0.6836734693877551,0.012755102040816327,3.4668367346938775
PDE7A,0.7091836734693877,0.00510204081632653,3.8239795918367347
PDE7B,0.45408163265306123,0.06887755102040816,2.6581632653061225
PDF,0.5255102040816326,0.03826530612244898,3.061224489795918
PDGFA,0.6581632653061225,0.017857142857142856,3.5127551020408165
PDGFB,0.4489795918367347,0.07653061224489796,2.673469387755102
PDGFC,0.42346938775510207,0.07397959183673469,2.6377551020408165
PDGFD,0.4846938775510204,0.06377551020408163,3.010204081632653
PDGFRA,0.5433673469387755,0.025510204081632654,2.954081632653061
PDGFRB,0.42091836734693877,0.08673469387755102,2.5433673469387754
PDHA2,0.45663265306122447,0.061224489795918366,2.686224489795918
PDHB,0.4872448979591837,0.06887755102040816,2.875
PDHX,0.4107142857142857,0.07397959183673469,2.7908163265306123
PDIA2,0.44387755102040816,0.06377551020408163,2.635204081632653
PDIA3,0.46938775510204084,0.05612244897959184,2.6479591836734695
PDIA4,0.5816326530612245,0.012755102040816327,3.1530612244897958
PDIA5,0.6658163265306123,0.017857142857142856,3.497448979591837
PDIA6,0.6326530612244898,0.02040816326530612,3.326530612244898
PDK1,0.48214285714285715,0.03826530612244898,2.9107142857142856
PDK2,0.6377551020408163,0.012755102040816327,3.3443877551020407
PDK4,0.6045918367346939,0.00510204081632653,3.2857142857142856
PDLIM1,0.42346938775510207,0.07908163265306123,2.568877551020408
PDLIM2,0.2423469387755102,0.22959183673469388,2.2168367346938775
PDLIM3,0.4107142857142857,0.08928571428571429,2.568877551020408
PDLIM5,0.461734693877551,0.058673469387755105,2.7066326530612246
PDLIM7,0.40816326530612246,0.09948979591836735,2.50765306122449
PDP1,0.7066326530612245,0.012755102040816327,4.071428571428571
PDP2,0.5204081632653061,0.03826530612244898,2.9591836734693877
PDPK1,0.4362244897959184,0.0663265306122449,2.61734693877551
PDPN,0.5612244897959183,0.03571428571428571,2.9591836734693877
PDPR,0.5280612244897959,0.03571428571428571,3.0510204081632653
PDRG1,0.7270408163265306,0.0,4.076530612244898
PDS5A,0.4719387755102041,0.05357142857142857,2.7372448979591835
PDS5B,0.5280612244897959,0.04081632653061224,3.063775510204082
PDSS1,0.5918367346938775,0.04081632653061224,3.260204081632653
PDSS2,0.42346938775510207,0.09183673469387756,2.885204081632653
PDX1,0.5663265306122449,0.02295918367346939,3.1403061224489797
PDXK,0.5586734693877551,0.04081632653061224,3.1403061224489797
PDXP,0.4642857142857143,0.07397959183673469,2.7346938775510203
PDYN,0.6556122448979592,0.012755102040816327,3.443877551020408
PDZD11,0.20153061224489796,0.35459183673469385,1.9974489795918366
PDZD7,0.42091836734693877,0.08418367346938775,2.556122448979592
PDZK1,0.6989795918367347,0.012755102040816327,3.6607142857142856
PEA15,0.7066326530612245,0.012755102040816327,4.247448979591836
PEAK1,0.5051020408163265,0.05102040816326531,2.683673469387755
PEBP1,0.6326530612244898,0.02040816326530612,3.11734693877551
PECAM1,0.6938775510204082,0.01020408163265306,3.6020408163265305
PECR,0.35714285714285715,0.09948979591836735,2.443877551020408
PEF1,0.5714285714285714,0.03571428571428571,2.9030612244897958
PELI1,0.6377551020408163,0.017857142857142856,3.36734693877551
PELI2,0.4744897959183674,0.04336734693877551,2.739795918367347
PELI3,0.5969387755102041,0.012755102040816327,3.0943877551020407
PELO,0.4336734693877551,0.08928571428571429,2.6989795918367347
PELP1,0.38010204081632654,0.11989795918367346,2.5051020408163267
PEMT,0.35459183673469385,0.11989795918367346,2.438775510204082
PENK,0.6683673469387755,0.017857142857142856,3.6683673469387754
PER1,0.3673469387755102,0.11989795918367346,2.438775510204082
PER2,0.35459183673469385,0.11224489795918367,2.454081632653061
PER3,0.5739795918367347,0.03826530612244898,2.9744897959183674
PERP,0.45408163265306123,0.06887755102040816,2.691326530612245
PES1,0.5178571428571429,0.0663265306122449,3.0127551020408165
PEX1,0.6020408163265306,0.00510204081632653,3.326530612244898
PEX10,0.5714285714285714,0.03826530612244898,2.9872448979591835
PEX11A,0.5255102040816326,0.05102040816326531,2.739795918367347
PEX11B,0.6989795918367347,0.012755102040816327,3.6785714285714284
PEX11G,0.5586734693877551,0.05612244897959184,2.864795918367347
PEX13,0.6454081632653061,0.017857142857142856,3.4081632653061225
PEX14,0.5663265306122449,0.04081632653061224,2.9642857142857144
PEX16,0.4336734693877551,0.07397959183673469,2.5943877551020407
PEX19,0.7066326530612245,0.012755102040816327,4.247448979591836
PEX2,0.701530612244898,0.01020408163265306,3.9056122448979593
PEX26,0.5051020408163265,0.061224489795918366,2.864795918367347
PEX3,0.4413265306122449,0.06887755102040816,2.6096938775510203
PEX5,0.6198979591836735,0.017857142857142856,3.2627551020408165
PEX5L,0.6989795918367347,0.00510204081632653,3.75
PEX6,0.5663265306122449,0.015306122448979591,3.145408163265306
PEX7,0.45408163265306123,0.06887755102040816,2.6301020408163267
PF4,0.5076530612244898,0.03571428571428571,2.9566326530612246
PF4V1,0.5102040816326531,0.03571428571428571,3.00765306122449
PFAS,0.3622448979591837,0.11989795918367346,2.4285714285714284
PFDN1,0.41581632653061223,0.08418367346938775,2.5433673469387754
PFDN2,0.7142857142857143,0.012755102040816327,4.642857142857143
PFDN4,0.7066326530612245,0.012755102040816327,3.683673469387755
PFDN5,0.5994897959183674,0.02806122448979592,2.9948979591836733
PFDN6,0.5790816326530612,0.017857142857142856,3.0051020408163267
PFKFB1,0.22704081632653061,0.31887755102040816,2.058673469387755
PFKFB2,0.6352040816326531,0.025510204081632654,3.127551020408163
PFKFB3,0.6632653061224489,0.025510204081632654,3.7933673469387754
PFKFB4,0.48214285714285715,0.061224489795918366,2.895408163265306
PFKL,0.5637755102040817,0.04081632653061224,3.1403061224489797
PFKM,0.5969387755102041,0.02806122448979592,3.038265306122449
PFKP,0.6428571428571429,0.025510204081632654,3.561224489795918
PFN1,0.37755102040816324,0.11989795918367346,2.489795918367347
PFN2,0.6887755102040817,0.00510204081632653,3.6607142857142856
PGAM1,0.43112244897959184,0.07653061224489796,2.5841836734693877
PGAM5,0.5943877551020408,0.04081632653061224,3.020408163265306
PGAP1,0.45153061224489793,0.04081632653061224,2.6989795918367347
PGAP2,0.33418367346938777,0.09948979591836735,2.395408163265306
PGAP3,0.6352040816326531,0.012755102040816327,4.025510204081633
PGBD1,0.5892857142857143,0.012755102040816327,3.186224489795918
PGD,0.5663265306122449,0.04336734693877551,2.9744897959183674
PGF,0.5076530612244898,0.04336734693877551,2.795918367346939
PGGT1B,0.40561224489795916,0.10714285714285714,2.517857142857143
PGK1,0.20408163265306123,0.34183673469387754,2.00765306122449
PGK2,0.5561224489795918,0.025510204081632654,3.066326530612245
PGLS,0.5561224489795918,0.04336734693877551,2.854591836734694
PGLYRP1,0.6377551020408163,0.017857142857142856,3.3494897959183674
PGLYRP3,0.7117346938775511,0.007653061224489796,3.8392857142857144
PGLYRP4,0.7117346938775511,0.007653061224489796,3.8392857142857144
PGM1,0.5892857142857143,0.02806122448979592,3.0229591836734695
PGM2,0.4770408163265306,0.05102040816326531,2.7448979591836733
PGM2L1,0.5535714285714286,0.025510204081632654,3.0306122448979593
PGM5,0.45153061224489793,0.11224489795918367,2.645408163265306
PGR,0.49744897959183676,0.04846938775510204,3.1505102040816326
PGRMC1,0.21428571428571427,0.34438775510204084,2.017857142857143
PGS1,0.6862244897959183,0.012755102040816327,3.4846938775510203
PHACTR3,0.6989795918367347,0.012755102040816327,3.5918367346938775
PHAX,0.413265306122449,0.10459183673469388,2.5127551020408165
PHB2,0.6198979591836735,0.017857142857142856,3.2551020408163267
PHC1,0.6173469387755102,0.02040816326530612,3.2346938775510203
PHC2,0.5688775510204082,0.03316326530612245,2.9285714285714284
PHC3,0.6989795918367347,0.007653061224489796,3.8877551020408165
PHETA1,0.6275510204081632,0.017857142857142856,3.142857142857143
PHETA2,0.44387755102040816,0.07908163265306123,2.5943877551020407
PHF1,0.5790816326530612,0.017857142857142856,3.00765306122449
PHF10,0.4260204081632653,0.08163265306122448,2.568877551020408
PHF11,0.4107142857142857,0.1377551020408163,2.686224489795918
PHF12,0.6530612244897959,0.012755102040816327,3.545918367346939
PHF13,0.5739795918367347,0.04081632653061224,2.9770408163265305
PHF19,0.45663265306122447,0.10204081632653061,2.645408163265306
PHF2,0.45408163265306123,0.11224489795918367,2.704081632653061
PHF20,0.7219387755102041,0.002551020408163265,3.816326530612245
PHF21A,0.4362244897959184,0.07397959183673469,2.5994897959183674
PHF5A,0.4413265306122449,0.07908163265306123,2.586734693877551
PHGDH,0.6096938775510204,0.02295918367346939,3.2448979591836733
PHKA1,0.2066326530612245,0.34438775510204084,2.0229591836734695
PHKA2,0.22448979591836735,0.3392857142857143,2.0535714285714284
PHKB,0.5102040816326531,0.03571428571428571,2.9260204081632653
PHKG1,0.6658163265306123,0.012755102040816327,3.752551020408163
PHLDA1,0.576530612244898,0.025510204081632654,2.9693877551020407
PHLDA2,0.33163265306122447,0.09948979591836735,2.3877551020408165
PHLDA3,0.6147959183673469,0.03316326530612245,3.066326530612245
PHLPP1,0.4107142857142857,0.11224489795918367,2.5535714285714284
PHLPP2,0.5229591836734694,0.03571428571428571,3.0535714285714284
PHPT1,0.4744897959183674,0.09948979591836735,2.7193877551020407
PHYH,0.6403061224489796,0.02806122448979592,3.5331632653061225
PHYKPL,0.4107142857142857,0.10204081632653061,2.502551020408163
PI3,0.7244897959183674,0.00510204081632653,3.9107142857142856
PI4K2A,0.42857142857142855,0.07908163265306123,2.576530612244898
PI4K2B,0.4719387755102041,0.05357142857142857,2.75
PI4KA,0.5280612244897959,0.05612244897959184,3.1403061224489797
PI4KB,0.7142857142857143,0.01020408163265306,3.931122448979592
PIANP,0.6275510204081632,0.017857142857142856,3.2729591836734695
PIAS1,0.5076530612244898,0.04081632653061224,2.7219387755102042
PIAS2,0.4362244897959184,0.09438775510204081,2.6505102040816326
PIAS3,0.6989795918367347,0.012755102040816327,3.6785714285714284
PIAS4,0.5153061224489796,0.07142857142857142,2.75765306122449
PICALM,0.5153061224489796,0.04081632653061224,2.9285714285714284
PICK1,0.45663265306122447,0.07397959183673469,2.7168367346938775
PIDD1,0.3469387755102041,0.09438775510204081,2.413265306122449
PIF1,0.5051020408163265,0.04846938775510204,2.6785714285714284
PIGA,0.22704081632653061,0.336734693877551,2.066326530612245
PIGB,0.4923469387755102,0.05357142857142857,2.6530612244897958
PIGC,0.6938775510204082,0.012755102040816327,3.732142857142857
PIGF,0.6352040816326531,0.015306122448979591,3.316326530612245
PIGG,0.4923469387755102,0.05612244897959184,2.811224489795918
PIGH,0.4770408163265306,0.05357142857142857,2.7219387755102042
PIGK,0.5841836734693877,0.025510204081632654,3.0969387755102042
PIGL,0.3392857142857143,0.13010204081632654,2.3801020408163267
PIGM,0.7091836734693877,0.012755102040816327,4.198979591836735
PIGN,0.4107142857142857,0.11224489795918367,2.5510204081632653
PIGO,0.43112244897959184,0.08163265306122448,2.760204081632653
PIGP,0.5637755102040817,0.03316326530612245,3.193877551020408
PIGQ,0.44387755102040816,0.06377551020408163,2.6377551020408165
PIGR,0.6377551020408163,0.025510204081632654,3.127551020408163
PIGS,0.6479591836734694,0.012755102040816327,3.4668367346938775
PIGT,0.7219387755102041,0.00510204081632653,3.8520408163265305
PIGU,0.7244897959183674,0.0,3.938775510204082
PIGV,0.5586734693877551,0.04336734693877551,2.9005102040816326
PIGW,0.6147959183673469,0.017857142857142856,3.2142857142857144
PIGX,0.6989795918367347,0.007653061224489796,3.673469387755102
PIGY,0.4642857142857143,0.04846938775510204,2.7551020408163267
PIH1D1,0.6403061224489796,0.025510204081632654,3.2780612244897958
PIK3AP1,0.4260204081632653,0.07908163265306123,2.568877551020408
PIK3C2A,0.3596938775510204,0.08673469387755102,2.4566326530612246
PIK3C2B,0.6352040816326531,0.025510204081632654,3.104591836734694
PIK3C3,0.45408163265306123,0.09693877551020408,2.7244897959183674
PIK3CA,0.6989795918367347,0.00510204081632653,3.7627551020408165
PIK3CB,0.6760204081632653,0.01020408163265306,3.556122448979592
PIK3CD,0.5739795918367347,0.03826530612244898,2.9770408163265305
PIK3CG,0.5969387755102041,0.007653061224489796,3.2551020408163267
PIK3R1,0.3469387755102041,0.12244897959183673,2.3877551020408165
PIK3R2,0.5637755102040817,0.04591836734693878,2.864795918367347
PIK3R3,0.5994897959183674,0.02040816326530612,3.063775510204082
PIK3R4,0.6632653061224489,0.012755102040816327,3.4846938775510203
PIK3R5,0.3622448979591837,0.12244897959183673,2.443877551020408
PIK3R6,0.35714285714285715,0.12244897959183673,2.4107142857142856
PIKFYVE,0.3979591836734694,0.08163265306122448,2.5433673469387754
PILRA,0.6071428571428571,0.007653061224489796,3.316326530612245
PIM1,0.5739795918367347,0.017857142857142856,3.0433673469387754
PIMREG,0.375,0.11989795918367346,2.4846938775510203
PIN1,0.5714285714285714,0.05357142857142857,2.913265306122449
PINK1,0.5612244897959183,0.03826530612244898,2.9464285714285716
PINX1,0.25510204081632654,0.21683673469387754,2.260204081632653
PIP,0.5994897959183674,0.012755102040816327,3.239795918367347
PIP4K2B,0.6301020408163265,0.017857142857142856,3.392857142857143
PIP4K2C,0.5969387755102041,0.030612244897959183,3.010204081632653
PIP4P1,0.5102040816326531,0.03571428571428571,2.8596938775510203
PIP4P2,0.7066326530612245,0.015306122448979591,4.058673469387755
PIP5K1A,0.7142857142857143,0.01020408163265306,3.931122448979592
PIP5K1B,0.45153061224489793,0.11734693877551021,2.627551020408163
PIP5K1C,0.5178571428571429,0.06887755102040816,2.7831632653061225
PIP5KL1,0.4719387755102041,0.09693877551020408,2.673469387755102
PIPOX,0.6530612244897959,0.012755102040816327,3.548469387755102
PIR,0.22704081632653061,0.3392857142857143,2.063775510204082
PISD,0.5102040816326531,0.0663265306122449,2.9260204081632653
PITPNA,0.37244897959183676,0.12244897959183673,2.50765306122449
PITPNM1,0.6147959183673469,0.012755102040816327,3.183673469387755
PITPNM3,0.375,0.11989795918367346,2.489795918367347
PITRM1,0.6428571428571429,0.025510204081632654,3.561224489795918
PITX1,0.4107142857142857,0.09438775510204081,2.5306122448979593
PITX3,0.413265306122449,0.08163265306122448,2.5510204081632653
PIWIL1,0.5918367346938775,0.04081632653061224,3.00765306122449
PIWIL2,0.2423469387755102,0.22704081632653061,2.2193877551020407
PIWIL4,0.49744897959183676,0.03826530612244898,2.8698979591836733
PJA1,0.20153061224489796,0.3520408163265306,2.0229591836734695
PJA2,0.39540816326530615,0.10459183673469388,2.4872448979591835
PKD1,0.4387755102040816,0.0663265306122449,2.6301020408163267
PKD1L3,0.5204081632653061,0.03571428571428571,3.0535714285714284
PKD2,0.46683673469387754,0.04846938775510204,2.75765306122449
PKD2L1,0.4260204081632653,0.08673469387755102,2.563775510204082
PKIA,0.6989795918367347,0.007653061224489796,3.9081632653061225
PKLR,0.7066326530612245,0.012755102040816327,3.6581632653061225
PKM,0.5076530612244898,0.04336734693877551,2.7346938775510203
PKMYT1,0.4336734693877551,0.07142857142857142,2.614795918367347
PKN1,0.5535714285714286,0.05102040816326531,2.8520408163265305
PKN2,0.5816326530612245,0.03826530612244898,2.9642857142857144
PKN3,0.46683673469387754,0.09438775510204081,2.6760204081632653
PKNOX1,0.5637755102040817,0.04081632653061224,3.142857142857143
PKNOX2,0.461734693877551,0.07142857142857142,2.7168367346938775
PKP1,0.6275510204081632,0.025510204081632654,3.107142857142857
PKP2,0.6301020408163265,0.015306122448979591,3.3316326530612246
PKP3,0.34183673469387754,0.09948979591836735,2.4030612244897958
PKP4,0.4897959183673469,0.03826530612244898,2.836734693877551
PLA2G10,0.5306122448979592,0.03316326530612245,2.88265306122449
PLA2G12A,0.461734693877551,0.06377551020408163,2.681122448979592
PLA2G12B,0.45408163265306123,0.05612244897959184,2.74234693877551
PLA2G15,0.5280612244897959,0.03571428571428571,3.0433673469387754
PLA2G1B,0.6173469387755102,0.02040816326530612,3.0433673469387754
PLA2G2A,0.5612244897959183,0.03826530612244898,2.931122448979592
PLA2G3,0.5153061224489796,0.0663265306122449,2.9872448979591835
PLA2G4A,0.673469387755102,0.017857142857142856,3.454081632653061
PLA2G4D,0.46683673469387754,0.061224489795918366,2.61734693877551
PLA2G5,0.5612244897959183,0.03826530612244898,2.931122448979592
PLA2G6,0.45408163265306123,0.07397959183673469,2.711734693877551
PLA2G7,0.5663265306122449,0.02295918367346939,3.1020408163265305
PLA2R1,0.4923469387755102,0.03826530612244898,2.954081632653061
PLAGL1,0.4387755102040816,0.07142857142857142,2.6020408163265305
PLAT,0.5076530612244898,0.07908163265306123,3.260204081632653
PLAU,0.4719387755102041,0.05357142857142857,2.8443877551020407
PLAUR,0.6403061224489796,0.015306122448979591,3.423469387755102
PLB1,0.6301020408163265,0.015306122448979591,3.318877551020408
PLCB1,0.6556122448979592,0.01020408163265306,3.5280612244897958
PLCB2,0.45918367346938777,0.061224489795918366,2.5994897959183674
PLCB3,0.5714285714285714,0.012755102040816327,3.0153061224489797
PLCB4,0.6556122448979592,0.01020408163265306,3.5331632653061225
PLCD1,0.5459183673469388,0.030612244897959183,3.1658163265306123
PLCD3,0.6173469387755102,0.017857142857142856,3.1989795918367347
PLCD4,0.35459183673469385,0.10204081632653061,2.433673469387755
PLCE1,0.4260204081632653,0.07908163265306123,2.5739795918367347
PLCG1,0.7142857142857143,0.00510204081632653,3.688775510204082
PLCG2,0.5076530612244898,0.04591836734693878,2.923469387755102
PLCH1,0.6862244897959183,0.00510204081632653,3.635204081632653
PLCZ1,0.6045918367346939,0.015306122448979591,3.2091836734693877
PLD1,0.6964285714285714,0.00510204081632653,3.7857142857142856
PLD2,0.38010204081632654,0.11989795918367346,2.502551020408163
PLD3,0.6352040816326531,0.02040816326530612,3.538265306122449
PLEC,0.6989795918367347,0.01020408163265306,3.857142857142857
PLEK,0.6352040816326531,0.017857142857142856,3.3341836734693877
PLEKHA1,0.44387755102040816,0.07397959183673469,2.6556122448979593
PLEKHA2,0.4642857142857143,0.09693877551020408,3.3341836734693877
PLEKHA7,0.35714285714285715,0.08928571428571429,2.4591836734693877
PLEKHG2,0.6326530612244898,0.017857142857142856,3.5408163265306123
PLEKHG5,0.5739795918367347,0.04336734693877551,2.9693877551020407
PLEKHG6,0.6301020408163265,0.017857142857142856,3.2780612244897958
PLEKHM1,0.6198979591836735,0.017857142857142856,3.204081632653061
PLEKHM2,0.5663265306122449,0.03571428571428571,2.954081632653061
PLG,0.4260204081632653,0.07908163265306123,2.545918367346939
PLIN1,0.5255102040816326,0.05102040816326531,2.739795918367347
PLIN2,0.3903061224489796,0.14285714285714285,2.704081632653061
PLIN3,0.5382653061224489,0.061224489795918366,2.8010204081632653
PLIN5,0.5229591836734694,0.0663265306122449,2.7780612244897958
PLK1,0.5408163265306123,0.02806122448979592,3.00765306122449
PLK2,0.37244897959183676,0.1096938775510204,2.4846938775510203
PLK3,0.5994897959183674,0.017857142857142856,3.056122448979592
PLK4,0.45408163265306123,0.06377551020408163,2.645408163265306
PLLP,0.4846938775510204,0.04081632653061224,2.8010204081632653
PLN,0.42091836734693877,0.08673469387755102,2.5535714285714284
PLOD1,0.5714285714285714,0.03826530612244898,2.9770408163265305
PLOD2,0.6862244897959183,0.00510204081632653,3.625
PLOD3,0.6045918367346939,0.007653061224489796,3.313775510204082
PLP1,0.22448979591836735,0.34183673469387754,2.0331632653061225
PLP2,0.22704081632653061,0.34183673469387754,2.0357142857142856
PLPBP,0.461734693877551,0.10204081632653061,3.8316326530612246
PLPP1,0.4005102040816326,0.10204081632653061,2.5943877551020407
PLPP2,0.5153061224489796,0.07653061224489796,2.760204081632653
PLPP3,0.6020408163265306,0.02295918367346939,3.066326530612245
PLPP4,0.44642857142857145,0.07653061224489796,2.6377551020408165
PLPP6,0.41581632653061223,0.13520408163265307,2.7780612244897958
PLPPR2,0.5637755102040817,0.05102040816326531,2.913265306122449
PLPPR3,0.5153061224489796,0.07142857142857142,2.75765306122449
PLRG1,0.42346938775510207,0.07397959183673469,2.6377551020408165
PLS3,0.21173469387755103,0.34183673469387754,2.0153061224489797
PLSCR1,0.6862244897959183,0.00510204081632653,3.625
PLTP,0.7168367346938775,0.007653061224489796,3.711734693877551
PLXNA1,0.6658163265306123,0.015306122448979591,3.497448979591837
PLXNA2,0.625,0.030612244897959183,3.107142857142857
PLXNA3,0.23979591836734693,0.33418367346938777,2.0841836734693877
PLXNA4,0.5918367346938775,0.012755102040816327,3.2346938775510203
PLXNB1,0.4846938775510204,0.061224489795918366,2.9030612244897958
PLXNB2,0.43112244897959184,0.09693877551020408,2.545918367346939
PLXNB3,0.23469387755102042,0.33418367346938777,2.066326530612245
PLXNC1,0.5969387755102041,0.02806122448979592,3.0051020408163267
PLXND1,0.6632653061224489,0.012755102040816327,3.4872448979591835
PMAIP1,0.41836734693877553,0.11224489795918367,2.556122448979592
PMCH,0.6045918367346939,0.025510204081632654,3.0280612244897958
PMEL,0.6045918367346939,0.025510204081632654,3.0280612244897958
PMEPA1,0.6989795918367347,0.015306122448979591,3.6096938775510203
PMF1,0.6989795918367347,0.012755102040816327,3.622448979591837
PML,0.5076530612244898,0.04846938775510204,2.711734693877551
PMM1,0.4413265306122449,0.07908163265306123,2.586734693877551
PMM2,0.5408163265306123,0.03571428571428571,3.229591836734694
PMP2,0.701530612244898,0.015306122448979591,3.979591836734694
PMP22,0.3392857142857143,0.12755102040816327,2.4005102040816326
PMPCA,0.4719387755102041,0.09948979591836735,2.704081632653061
PMPCB,0.5994897959183674,0.007653061224489796,3.2857142857142856
PMS1,0.4744897959183674,0.03826530612244898,2.808673469387755
PMS2,0.6581632653061225,0.007653061224489796,3.5816326530612246
PMVK,0.6989795918367347,0.01020408163265306,3.681122448979592
PNISR,0.42091836734693877,0.09183673469387756,2.5357142857142856
PNKD,0.35459183673469385,0.09948979591836735,2.436224489795918
PNKP,0.6403061224489796,0.025510204081632654,3.2857142857142856
PNLIP,0.4413265306122449,0.07653061224489796,2.6198979591836733
PNLIPRP1,0.4413265306122449,0.07653061224489796,2.6198979591836733
PNMA2,0.24744897959183673,0.21683673469387754,2.232142857142857
PNMT,0.6326530612244898,0.015306122448979591,3.857142857142857
PNN,0.46938775510204084,0.04591836734693878,2.729591836734694
PNO1,0.6352040816326531,0.017857142857142856,3.329081632653061
PNP,0.5127551020408163,0.03571428571428571,2.864795918367347
PNPLA2,0.3469387755102041,0.09438775510204081,2.413265306122449
PNPLA3,0.4489795918367347,0.08163265306122448,2.5918367346938775
PNPLA6,0.5586734693877551,0.058673469387755105,2.8520408163265305
PNPO,0.6352040816326531,0.015306122448979591,3.3010204081632653
PNPT1,0.6403061224489796,0.017857142857142856,3.3698979591836733
PNRC2,0.5663265306122449,0.03826530612244898,2.933673469387755
POC5,0.3647959183673469,0.12244897959183673,2.423469387755102
PODXL2,0.6683673469387755,0.015306122448979591,3.510204081632653
POFUT1,0.7244897959183674,0.0,4.11734693877551
POFUT2,0.5637755102040817,0.03571428571428571,3.1556122448979593
POGLUT1,0.6658163265306123,0.012755102040816327,3.5127551020408165
POGZ,0.7142857142857143,0.01020408163265306,3.938775510204082
POLA1,0.22704081632653061,0.32908163265306123,2.1096938775510203
POLA2,0.576530612244898,0.012755102040816327,3.048469387755102
POLB,0.5102040816326531,0.07908163265306123,3.2168367346938775
POLD1,0.6352040816326531,0.025510204081632654,3.2806122448979593
POLD2,0.6530612244897959,0.012755102040816327,3.4872448979591835
POLD3,0.5510204081632653,0.02295918367346939,3.020408163265306
POLD4,0.6122448979591837,0.012755102040816327,3.1785714285714284
POLDIP3,0.44642857142857145,0.07908163265306123,2.5994897959183674
POLE,0.5943877551020408,0.04336734693877551,3.017857142857143
POLE2,0.4897959183673469,0.04081632653061224,2.7729591836734695
POLE3,0.461734693877551,0.09693877551020408,2.663265306122449
POLE4,0.6352040816326531,0.02040816326530612,3.3418367346938775
POLG,0.5280612244897959,0.04846938775510204,2.7448979591836733
POLG2,0.6964285714285714,0.01020408163265306,3.5841836734693877
POLH,0.5739795918367347,0.017857142857142856,3.204081632653061
POLI,0.40561224489795916,0.11224489795918367,2.556122448979592
POLK,0.3622448979591837,0.12244897959183673,2.420918367346939
POLL,0.413265306122449,0.08163265306122448,2.558673469387755
POLM,0.6530612244897959,0.012755102040816327,3.4872448979591835
POLN,0.49489795918367346,0.05612244897959184,2.86734693877551
POLQ,0.6658163265306123,0.015306122448979591,3.5
POLR1A,0.6403061224489796,0.02040816326530612,3.3010204081632653
POLR1B,0.5408163265306123,0.03571428571428571,2.9719387755102042
POLR1D,0.5637755102040817,0.02295918367346939,3.1377551020408165
POLR1E,0.42091836734693877,0.08928571428571429,2.7270408163265305
POLR2B,0.5204081632653061,0.025510204081632654,2.920918367346939
POLR2C,0.48214285714285715,0.04081632653061224,2.795918367346939
POLR2D,0.5229591836734694,0.04846938775510204,2.872448979591837
POLR2E,0.5178571428571429,0.07142857142857142,2.7698209718670075
POLR2F,0.45918367346938777,0.07397959183673469,2.7091836734693877
POLR2G,0.5816326530612245,0.007653061224489796,3.0433673469387754
POLR2H,0.6989795918367347,0.00510204081632653,3.7244897959183674
POLR2I,0.6377551020408163,0.012755102040816327,3.520408163265306
POLR2J,0.6020408163265306,0.00510204081632653,3.2933673469387754
POLR2J2,0.6020408163265306,0.00510204081632653,3.2933673469387754
POLR2J3,0.6020408163265306,0.00510204081632653,3.2933673469387754
POLR2K,0.7244897959183674,0.01020408163265306,4.994897959183674
POLR2L,0.3469387755102041,0.09438775510204081,2.413265306122449
POLR2M,0.5,0.05357142857142857,2.701530612244898
POLR3A,0.4770408163265306,0.05357142857142857,2.8469387755102042
POLR3B,0.6096938775510204,0.02295918367346939,3.017857142857143
POLR3C,0.6989795918367347,0.012755102040816327,3.6785714285714284
POLR3D,0.2423469387755102,0.22704081632653061,2.2193877551020407
POLR3E,0.5357142857142857,0.030612244897959183,2.9081632653061225
POLR3F,0.6530612244897959,0.012755102040816327,3.5331632653061225
POLR3G,0.3877551020408163,0.10714285714285714,2.4770408163265305
POLR3GL,0.6989795918367347,0.012755102040816327,3.6785714285714284
POLR3H,0.4413265306122449,0.07908163265306123,2.586734693877551
POLR3K,0.4387755102040816,0.06887755102040816,2.625
POLRMT,0.5153061224489796,0.07397959183673469,2.760204081632653
POM121,0.6071428571428571,0.00510204081632653,3.2857142857142856
POMC,0.6301020408163265,0.02040816326530612,3.2806122448979593
POMGNT1,0.5994897959183674,0.02040816326530612,3.063775510204082
POMGNT2,0.5153061224489796,0.03826530612244898,3.0306122448979593
POMK,0.5306122448979592,0.07397959183673469,3.2857142857142856
POMP,0.5586734693877551,0.02040816326530612,3.1096938775510203
POMT1,0.4719387755102041,0.09438775510204081,2.7372448979591835
POMT2,0.5051020408163265,0.04591836734693878,2.8010204081632653
PON1,0.6071428571428571,0.00510204081632653,3.2908163265306123
PON3,0.6045918367346939,0.00510204081632653,3.2857142857142856
POP1,0.7193877551020408,0.012755102040816327,4.316326530612245
POP4,0.6454081632653061,0.017857142857142856,3.9183673469387754
POP5,0.6173469387755102,0.02040816326530612,3.0433673469387754
POP7,0.6071428571428571,0.007653061224489796,3.295918367346939
POR,0.6071428571428571,0.007653061224489796,3.260204081632653
PORCN,0.22704081632653061,0.34183673469387754,2.0331632653061225
POT1,0.5867346938775511,0.012755102040816327,3.211734693877551
POU1F1,0.548469387755102,0.05612244897959184,3.3877551020408165
POU2AF1,0.4387755102040816,0.07142857142857142,2.6964285714285716
POU2F1,0.7040816326530612,0.012755102040816327,3.8801020408163267
POU2F2,0.6403061224489796,0.015306122448979591,3.4030612244897958
POU3F2,0.42091836734693877,0.08673469387755102,2.5408163265306123
POU4F1,0.5331632653061225,0.03316326530612245,3.127551020408163
POU4F2,0.45918367346938777,0.061224489795918366,2.752551020408163
POU5F1,0.6096938775510204,0.015306122448979591,3.1760204081632653
PPA1,0.45408163265306123,0.05357142857142857,2.711734693877551
PPA2,0.45918367346938777,0.061224489795918366,2.686224489795918
PPARA,0.4413265306122449,0.08928571428571429,2.5943877551020407
PPARD,0.5816326530612245,0.017857142857142856,3.0255102040816326
PPARG,0.6122448979591837,0.017857142857142856,4.466836734693878
PPARGC1A,0.4770408163265306,0.05612244897959184,2.7729591836734695
PPARGC1B,0.42091836734693877,0.08673469387755102,2.5433673469387754
PPAT,0.5331632653061225,0.025510204081632654,2.943877551020408
PPBP,0.5076530612244898,0.03571428571428571,2.961734693877551
PPCDC,0.5076530612244898,0.04846938775510204,2.7142857142857144
PPCS,0.5994897959183674,0.017857142857142856,3.252551020408163
PPFIA1,0.6326530612244898,0.012755102040816327,3.770408163265306
PPFIA2,0.5867346938775511,0.03316326530612245,2.997448979591837
PPFIA3,0.6377551020408163,0.025510204081632654,3.2755102040816326
PPFIA4,0.6275510204081632,0.02040816326530612,3.0841836734693877
PPFIBP1,0.6147959183673469,0.02295918367346939,3.25765306122449
PPIA,0.6505102040816326,0.01020408163265306,3.4668367346938775
PPIB,0.5102040816326531,0.04846938775510204,2.688775510204082
PPID,0.42091836734693877,0.07397959183673469,2.614795918367347
PPIE,0.6045918367346939,0.017857142857142856,3.4566326530612246
PPIF,0.4719387755102041,0.05612244897959184,2.813775510204082
PPIG,0.4846938775510204,0.03826530612244898,2.8214285714285716
PPIH,0.5969387755102041,0.017857142857142856,3.2193877551020407
PPIL1,0.5739795918367347,0.017857142857142856,3.0331632653061225
PPIL2,0.5178571428571429,0.061224489795918366,2.923469387755102
PPIL3,0.4387755102040816,0.061224489795918366,2.63265306122449
PPIL4,0.4336734693877551,0.07397959183673469,2.5510204081632653
PPIP5K1,0.46938775510204084,0.05612244897959184,2.6479591836734695
PPIP5K2,0.3877551020408163,0.1096938775510204,2.5357142857142856
PPL,0.4336734693877551,0.06887755102040816,2.61734693877551
PPM1A,0.46938775510204084,0.04846938775510204,2.7244897959183674
PPM1B,0.6275510204081632,0.015306122448979591,3.270408163265306
PPM1D,0.6811224489795918,0.015306122448979591,3.6301020408163267
PPM1K,0.46683673469387754,0.04846938775510204,2.75765306122449
PPM1L,0.6862244897959183,0.00510204081632653,3.686224489795918
PPOX,0.7142857142857143,0.012755102040816327,4.596938775510204
PPP1CA,0.6122448979591837,0.012755102040816327,3.1785714285714284
PPP1CB,0.6301020408163265,0.015306122448979591,3.313775510204082
PPP1CC,0.6224489795918368,0.017857142857142856,3.0943877551020407
PPP1R10,0.6071428571428571,0.015306122448979591,3.181122448979592
PPP1R12A,0.5790816326530612,0.03316326530612245,3.0229591836734695
PPP1R12B,0.6173469387755102,0.025510204081632654,3.058673469387755
PPP1R12C,0.6556122448979592,0.025510204081632654,3.433673469387755
PPP1R13B,0.49744897959183676,0.04846938775510204,2.770408163265306
PPP1R13L,0.6454081632653061,0.017857142857142856,3.4183673469387754
PPP1R14A,0.6479591836734694,0.015306122448979591,3.7755102040816326
PPP1R14B,0.5714285714285714,0.012755102040816327,3.0153061224489797
PPP1R14C,0.43112244897959184,0.07397959183673469,2.5535714285714284
PPP1R14D,0.4642857142857143,0.06377551020408163,2.604591836734694
PPP1R15A,0.6326530612244898,0.025510204081632654,3.252551020408163
PPP1R15B,0.6352040816326531,0.025510204081632654,3.104591836734694
PPP1R16B,0.7193877551020408,0.00510204081632653,3.6785714285714284
PPP1R17,0.6530612244897959,0.012755102040816327,3.49234693877551
PPP1R18,0.6045918367346939,0.015306122448979591,3.1918158567774935
PPP1R1B,0.6326530612244898,0.015306122448979591,3.673469387755102
PPP1R3A,0.5943877551020408,0.007653061224489796,3.295918367346939
PPP1R3C,0.42857142857142855,0.07397959183673469,2.5841836734693877
PPP1R3D,0.6964285714285714,0.012755102040816327,3.5918367346938775
PPP1R3E,0.5127551020408163,0.04336734693877551,2.8877551020408165
PPP1R3F,0.22704081632653061,0.34183673469387754,2.0357142857142856
PPP1R7,0.3520408163265306,0.13520408163265307,2.3877551020408165
PPP1R8,0.5586734693877551,0.03826530612244898,2.8877551020408165
PPP1R9A,0.6020408163265306,0.007653061224489796,3.2831632653061225
PPP1R9B,0.6377551020408163,0.012755102040816327,3.3443877551020407
PPP2CA,0.41581632653061223,0.09693877551020408,2.5331632653061225
PPP2CB,0.27040816326530615,0.1989795918367347,2.2908163265306123
PPP2R1A,0.6428571428571429,0.025510204081632654,3.372448979591837
PPP2R1B,0.4387755102040816,0.07142857142857142,2.688775510204082
PPP2R2A,0.24489795918367346,0.21683673469387754,2.229591836734694
PPP2R2B,0.42091836734693877,0.08418367346938775,2.545918367346939
PPP2R2C,0.4923469387755102,0.05612244897959184,2.798469387755102
PPP2R2D,0.44387755102040816,0.06377551020408163,2.645408163265306
PPP2R3A,0.6709183673469388,0.012755102040816327,3.5408163265306123
PPP2R3B,0.5306122448979592,0.11479591836734694,3.135204081632653
PPP2R3C,0.46938775510204084,0.03571428571428571,2.747448979591837
PPP2R5A,0.6352040816326531,0.025510204081632654,3.125
PPP2R5B,0.5663265306122449,0.012755102040816327,3.002551020408163
PPP2R5C,0.5051020408163265,0.04846938775510204,2.7831632653061225
PPP2R5D,0.5663265306122449,0.015306122448979591,3.145408163265306
PPP2R5E,0.46938775510204084,0.04846938775510204,2.729591836734694
PPP3CA,0.45663265306122447,0.05612244897959184,2.6683673469387754
PPP3CB,0.45918367346938777,0.05357142857142857,2.7551020408163267
PPP3CC,0.2423469387755102,0.22704081632653061,2.2193877551020407
PPP3R1,0.6352040816326531,0.017857142857142856,3.329081632653061
PPP4C,0.5816326530612245,0.02040816326530612,3.122448979591837
PPP4R1,0.5637755102040817,0.04081632653061224,3.3316326530612246
PPP4R2,0.4872448979591837,0.07397959183673469,2.9489795918367347
PPP4R3A,0.5102040816326531,0.05102040816326531,2.836734693877551
PPP4R3B,0.6403061224489796,0.017857142857142856,3.3698979591836733
PPP4R4,0.49744897959183676,0.05612244897959184,2.75765306122449
PPP5C,0.6428571428571429,0.02295918367346939,3.3010204081632653
PPP6C,0.45918367346938777,0.09948979591836735,2.6556122448979593
PPP6R1,0.6556122448979592,0.025510204081632654,3.4285714285714284
PPP6R2,0.42857142857142855,0.09693877551020408,2.5433673469387754
PPP6R3,0.6122448979591837,0.017857142857142856,3.2857142857142856
PPRC1,0.413265306122449,0.08163265306122448,2.558673469387755
PPT1,0.6096938775510204,0.017857142857142856,3.4107142857142856
PPT2,0.5969387755102041,0.017857142857142856,3.076530612244898
PPTC7,0.6224489795918368,0.02040816326530612,3.0918367346938775
PPWD1,0.3494897959183674,0.125,2.4081632653061225
PQBP1,0.22704081632653061,0.34183673469387754,2.0357142857142856
PRC1,0.5229591836734694,0.05102040816326531,2.7372448979591835
PRCC,0.6989795918367347,0.012755102040816327,3.568877551020408
PRCP,0.5408163265306123,0.02806122448979592,3.002551020408163
PRDM1,0.42091836734693877,0.08673469387755102,2.7729591836734695
PRDM14,0.7117346938775511,0.01020408163265306,3.854591836734694
PRDM16,0.5714285714285714,0.03826530612244898,2.982142857142857
PRDM4,0.6096938775510204,0.025510204081632654,3.010204081632653
PRDM6,0.40816326530612246,0.10204081632653061,2.517857142857143
PRDM7,0.5127551020408163,0.05102040816326531,2.9005102040816326
PRDM9,0.7168367346938775,0.017857142857142856,4.160714285714286
PRDX1,0.5994897959183674,0.017857142857142856,3.0408163265306123
PRDX2,0.5510204081632653,0.04846938775510204,2.836734693877551
PRDX3,0.44387755102040816,0.07142857142857142,2.635204081632653
PRDX4,0.22959183673469388,0.32653061224489793,2.0969387755102042
PRDX5,0.5714285714285714,0.012755102040816327,3.0127551020408165
PRDX6,0.6862244897959183,0.015306122448979591,3.63265306122449
PREB,0.6275510204081632,0.017857142857142856,3.2908163265306123
PRELID1,0.40816326530612246,0.09948979591836735,2.50765306122449
PRELID3A,0.5561224489795918,0.03571428571428571,3.270408163265306
PRELID3B,0.701530612244898,0.01020408163265306,3.6096938775510203
PRELP,0.6301020408163265,0.02040816326530612,3.086734693877551
PREP,0.42346938775510207,0.08673469387755102,2.6479591836734695
PREPL,0.6275510204081632,0.015306122448979591,3.270408163265306
PREX1,0.7219387755102041,0.00510204081632653,3.7142857142857144
PRF1,0.45408163265306123,0.05612244897959184,2.701530612244898
PRG2,0.5714285714285714,0.015306122448979591,3.086734693877551
PRH2,0.6045918367346939,0.030612244897959183,3.1658163265306123
PRICKLE1,0.6045918367346939,0.02806122448979592,3.11734693877551
PRICKLE2,0.4744897959183674,0.07397959183673469,2.9030612244897958
PRIM1,0.5994897959183674,0.02806122448979592,2.9744897959183674
PRIM2,0.576530612244898,0.02295918367346939,3.0739795918367347
PRKAA1,0.6964285714285714,0.007653061224489796,3.9770408163265305
PRKAA2,0.6045918367346939,0.02295918367346939,3.0739795918367347
PRKAB1,0.6224489795918368,0.02040816326530612,3.0535714285714284
PRKAB2,0.7040816326530612,0.012755102040816327,3.767857142857143
PRKACA,0.5535714285714286,0.05102040816326531,2.836734693877551
PRKACB,0.5790816326530612,0.04081632653061224,2.954081632653061
PRKACG,0.45153061224489793,0.11734693877551021,2.622448979591837
PRKAG1,0.5892857142857143,0.030612244897959183,2.9642857142857144
PRKAG2,0.5892857142857143,0.017857142857142856,3.1964285714285716
PRKAG3,0.35459183673469385,0.10204081632653061,2.433673469387755
PRKAR1A,0.6989795918367347,0.012755102040816327,3.5433673469387754
PRKAR1B,0.6581632653061225,0.017857142857142856,3.5127551020408165
PRKAR2A,0.4744897959183674,0.061224489795918366,2.88265306122449
PRKAR2B,0.5969387755102041,0.007653061224489796,3.2551020408163267
PRKCA,0.6913265306122449,0.01020408163265306,3.5714285714285716
PRKCD,0.4719387755102041,0.07142857142857142,2.875
PRKCE,0.6301020408163265,0.017857142857142856,3.295918367346939
PRKCG,0.6505102040816326,0.025510204081632654,3.385204081632653
PRKCH,0.4719387755102041,0.04846938775510204,2.74234693877551
PRKCI,0.6989795918367347,0.007653061224489796,3.8903061224489797
PRKCQ,0.6632653061224489,0.02806122448979592,3.7857142857142856
PRKCSH,0.5637755102040817,0.05102040816326531,2.913265306122449
PRKCZ,0.5714285714285714,0.03826530612244898,2.99234693877551
PRKD1,0.4846938775510204,0.04591836734693878,2.7857142857142856
PRKD2,0.6377551020408163,0.02295918367346939,3.270408163265306
PRKD3,0.6224489795918368,0.015306122448979591,3.2780612244897958
PRKDC,0.6709183673469388,0.02806122448979592,3.681122448979592
PRKG1,0.46938775510204084,0.05357142857142857,2.8035714285714284
PRKG2,0.4642857142857143,0.04081632653061224,2.75765306122449
PRKN,0.4260204081632653,0.07908163265306123,2.556122448979592
PRKRA,0.47959183673469385,0.03826530612244898,2.818877551020408
PRKRIP1,0.6020408163265306,0.00510204081632653,3.2908163265306123
PRKX,0.22704081632653061,0.3494897959183674,2.0535714285714284
PRL,0.6275510204081632,0.017857142857142856,4.798469387755102
PRLR,0.7117346938775511,0.01020408163265306,4.073979591836735
PRM1,0.5408163265306123,0.03826530612244898,3.048469387755102
PRM2,0.5408163265306123,0.03826530612244898,3.048469387755102
PRMT1,0.6403061224489796,0.025510204081632654,3.2831632653061225
PRMT3,0.3622448979591837,0.08673469387755102,2.4872448979591835
PRMT5,0.5102040816326531,0.04336734693877551,2.877551020408163
PRMT6,0.5790816326530612,0.03571428571428571,2.9566326530612246
PRMT7,0.5280612244897959,0.03571428571428571,3.0433673469387754
PRMT8,0.625,0.02295918367346939,3.298469387755102
PRND,0.6479591836734694,0.01020408163265306,3.438775510204082
PRNP,0.6479591836734694,0.01020408163265306,3.438775510204082
PROC,0.5229591836734694,0.04846938775510204,2.8596938775510203
PROCR,0.7193877551020408,0.0,3.8239795918367347
PRODH,0.5127551020408163,0.061224489795918366,2.8979591836734695
PROKR2,0.6479591836734694,0.012755102040816327,3.443877551020408
PROM1,0.4846938775510204,0.05357142857142857,2.7857142857142856
PROP1,0.4107142857142857,0.09948979591836735,2.50765306122449
PROS1,0.6530612244897959,0.017857142857142856,3.568877551020408
PROX1,0.6326530612244898,0.02806122448979592,3.1377551020408165
PROZ,0.5892857142857143,0.017857142857142856,3.270408163265306
PRPF18,0.6352040816326531,0.02806122448979592,3.5255102040816326
PRPF19,0.5790816326530612,0.01020408163265306,3.0841836734693877
PRPF3,0.7142857142857143,0.01020408163265306,3.8801020408163267
PRPF31,0.6505102040816326,0.025510204081632654,3.3801020408163267
PRPF38A,0.5969387755102041,0.02040816326530612,3.045918367346939
PRPF38B,0.576530612244898,0.03571428571428571,2.961734693877551
PRPF39,0.47959183673469385,0.04081632653061224,2.752551020408163
PRPF4,0.461734693877551,0.09693877551020408,2.663265306122449
PRPF40A,0.4872448979591837,0.04081632653061224,2.7806122448979593
PRPF40B,0.5969387755102041,0.025510204081632654,2.99234693877551
PRPF6,0.6989795918367347,0.015306122448979591,3.5739795918367347
PRPF8,0.37244897959183676,0.12244897959183673,2.50765306122449
PRPH2,0.5637755102040817,0.015306122448979591,3.1403061224489797
PRPS1,0.21683673469387754,0.3392857142857143,2.0280612244897958
PRPSAP1,0.6887755102040817,0.012755102040816327,3.482142857142857
PRPSAP2,0.3673469387755102,0.10459183673469388,2.50765306122449
PRRC1,0.41836734693877553,0.10459183673469388,2.5229591836734695
PRRT2,0.5816326530612245,0.02040816326530612,3.1096938775510203
PRSS1,0.6020408163265306,0.012755102040816327,3.247448979591837
PRSS21,0.4362244897959184,0.0663265306122449,2.625
PRSS23,0.5153061224489796,0.04336734693877551,2.9081632653061225
PRSS3,0.42346938775510207,0.08673469387755102,2.7219387755102042
PRTN3,0.5153061224489796,0.07142857142857142,2.75765306122449
PRUNE1,0.7168367346938775,0.01020408163265306,3.954081632653061
PSAP,0.45663265306122447,0.05612244897959184,2.729591836734694
PSAT1,0.45153061224489793,0.11989795918367346,2.6198979591836733
PSCA,0.7040816326530612,0.01020408163265306,3.8877551020408165
PSD,0.413265306122449,0.08163265306122448,2.548469387755102
PSEN1,0.4923469387755102,0.04336734693877551,2.7806122448979593
PSEN2,0.6658163265306123,0.02295918367346939,3.2193877551020407
PSENEN,0.6403061224489796,0.012755102040816327,3.5306122448979593
PSG1,0.6403061224489796,0.015306122448979591,3.4260204081632653
PSG11,0.6403061224489796,0.015306122448979591,3.433673469387755
PSG3,0.6403061224489796,0.015306122448979591,3.4081632653061225
PSG4,0.6403061224489796,0.015306122448979591,3.433673469387755
PSG5,0.6403061224489796,0.015306122448979591,3.433673469387755
PSG6,0.6403061224489796,0.015306122448979591,3.4260204081632653
PSG8,0.6403061224489796,0.015306122448979591,3.420918367346939
PSG9,0.6403061224489796,0.015306122448979591,3.433673469387755
PSIP1,0.3852040816326531,0.14540816326530612,2.6403061224489797
PSMA1,0.3494897959183674,0.09183673469387756,2.4668367346938775
PSMA2,0.6530612244897959,0.012755102040816327,3.4846938775510203
PSMA3,0.4719387755102041,0.04591836734693878,2.7244897959183674
PSMA4,0.5051020408163265,0.05102040816326531,2.686224489795918
PSMA5,0.5739795918367347,0.03571428571428571,2.9591836734693877
PSMA6,0.4719387755102041,0.03571428571428571,2.75
PSMA7,0.6913265306122449,0.012755102040816327,3.566326530612245
PSMB1,0.4260204081632653,0.08163265306122448,2.576530612244898
PSMB10,0.5255102040816326,0.03571428571428571,3.0408163265306123
PSMB11,0.5102040816326531,0.04336734693877551,2.8801020408163267
PSMB2,0.5739795918367347,0.030612244897959183,2.936224489795918
PSMB3,0.6301020408163265,0.017857142857142856,3.3903061224489797
PSMB4,0.7142857142857143,0.01020408163265306,3.938775510204082
PSMB5,0.5102040816326531,0.04336734693877551,2.8801020408163267
PSMB6,0.38010204081632654,0.11989795918367346,2.502551020408163
PSMB7,0.45663265306122447,0.09948979591836735,2.6505102040816326
PSMB8,0.5867346938775511,0.02040816326530612,3.048469387755102
PSMB9,0.5867346938775511,0.02040816326530612,3.048469387755102
PSMC1,0.5127551020408163,0.05612244897959184,2.8010204081632653
PSMC2,0.5994897959183674,0.007653061224489796,3.2857142857142856
PSMC3,0.4387755102040816,0.07142857142857142,2.61734693877551
PSMC4,0.6326530612244898,0.02040816326530612,3.561224489795918
PSMC5,0.6938775510204082,0.01020408163265306,3.576530612244898
PSMC6,0.48214285714285715,0.04336734693877551,2.760204081632653
PSMD1,0.33418367346938777,0.1096938775510204,2.385204081632653
PSMD10,0.21428571428571427,0.34183673469387754,2.010204081632653
PSMD11,0.6352040816326531,0.012755102040816327,3.561224489795918
PSMD12,0.6964285714285714,0.01020408163265306,3.510204081632653
PSMD13,0.3392857142857143,0.10204081632653061,2.3979591836734695
PSMD14,0.49489795918367346,0.03571428571428571,2.979591836734694
PSMD2,0.6989795918367347,0.00510204081632653,3.7244897959183674
PSMD3,0.6275510204081632,0.012755102040816327,3.4285714285714284
PSMD4,0.7142857142857143,0.01020408163265306,3.931122448979592
PSMD5,0.45663265306122447,0.10204081632653061,2.645408163265306
PSMD6,0.4744897959183674,0.07397959183673469,2.9183673469387754
PSMD7,0.5102040816326531,0.03571428571428571,2.9872448979591835
PSMD8,0.6479591836734694,0.015306122448979591,3.7780612244897958
PSMD9,0.6147959183673469,0.02040816326530612,3.048469387755102
PSME1,0.5,0.03826530612244898,2.811224489795918
PSME2,0.5,0.03826530612244898,2.811224489795918
PSME3,0.625,0.015306122448979591,3.2270408163265305
PSME4,0.6428571428571429,0.017857142857142856,3.375
PSMF1,0.6556122448979592,0.012755102040816327,3.443877551020408
PSMG1,0.5510204081632653,0.03571428571428571,3.1403061224489797
PSMG2,0.5586734693877551,0.03571428571428571,3.25765306122449
PSPC1,0.5331632653061225,0.03316326530612245,3.0433673469387754
PSPH,0.6658163265306123,0.012755102040816327,3.760204081632653
PSPN,0.5408163265306123,0.058673469387755105,2.806122448979592
PSRC1,0.5739795918367347,0.03571428571428571,2.9591836734693877
PSTPIP1,0.5051020408163265,0.05102040816326531,2.683673469387755
PSTPIP2,0.43112244897959184,0.09183673469387756,2.6658163265306123
PTAFR,0.5586734693877551,0.03826530612244898,2.8903061224489797
PTBP1,0.5153061224489796,0.07142857142857142,2.75765306122449
PTBP2,0.5739795918367347,0.04591836734693878,2.931122448979592
PTCD3,0.6403061224489796,0.02040816326530612,3.2933673469387754
PTCH1,0.44642857142857145,0.11224489795918367,2.625
PTCH2,0.5994897959183674,0.017857142857142856,3.056122448979592
PTCRA,0.5663265306122449,0.015306122448979591,3.142857142857143
PTDSS1,0.7117346938775511,0.01020408163265306,4.130102040816326
PTDSS2,0.34183673469387754,0.09948979591836735,2.4030612244897958
PTEN,0.4260204081632653,0.08163265306122448,2.548469387755102
PTF1A,0.5816326530612245,0.04336734693877551,3.232142857142857
PTGDR,0.48214285714285715,0.04081632653061224,2.7653061224489797
PTGDR2,0.5790816326530612,0.01020408163265306,3.0816326530612246
PTGDS,0.4744897959183674,0.09948979591836735,2.7193877551020407
PTGER1,0.5535714285714286,0.05102040816326531,2.857142857142857
PTGER2,0.48214285714285715,0.04081632653061224,2.7653061224489797
PTGER3,0.576530612244898,0.025510204081632654,2.9744897959183674
PTGER4,0.6938775510204082,0.01020408163265306,3.9744897959183674
PTGES,0.4642857142857143,0.09948979591836735,2.6607142857142856
PTGES2,0.4719387755102041,0.09693877551020408,2.6760204081632653
PTGES3,0.5994897959183674,0.02806122448979592,2.9744897959183674
PTGES3L-AARSD1,0.6224489795918368,0.017857142857142856,3.2193877551020407
PTGFR,0.5790816326530612,0.03316326530612245,3.048469387755102
PTGFRN,0.5969387755102041,0.025510204081632654,3.048469387755102
PTGIR,0.6377551020408163,0.02295918367346939,3.270408163265306
PTGIS,0.7193877551020408,0.00510204081632653,3.691326530612245
PTGS1,0.45408163265306123,0.09693877551020408,2.642857142857143
PTGS2,0.673469387755102,0.017857142857142856,3.433673469387755
PTH,0.3520408163265306,0.09183673469387756,2.4668367346938775
PTH1R,0.5,0.04336734693877551,2.9566326530612246
PTH2R,0.39540816326530615,0.08163265306122448,2.5408163265306123
PTHLH,0.6173469387755102,0.02295918367346939,3.3010204081632653
PTK2,0.7040816326530612,0.015306122448979591,3.8698979591836733
PTK2B,0.25510204081632654,0.21173469387755103,2.2627551020408165
PTK6,0.6964285714285714,0.015306122448979591,3.576530612244898
PTMA,0.33163265306122447,0.10714285714285714,2.392857142857143
PTN,0.5943877551020408,0.012755102040816327,3.2168367346938775
PTOV1,0.6403061224489796,0.025510204081632654,3.2857142857142856
PTP4A3,0.7040816326530612,0.012755102040816327,3.8520408163265305
PTPA,0.46938775510204084,0.09438775510204081,2.6785714285714284
PTPMT1,0.4387755102040816,0.07142857142857142,2.61734693877551
PTPN1,0.7219387755102041,0.00510204081632653,3.760204081632653
PTPN11,0.625,0.017857142857142856,3.1479591836734695
PTPN12,0.6045918367346939,0.00510204081632653,3.2857142857142856
PTPN13,0.45918367346938777,0.05102040816326531,2.7346938775510203
PTPN14,0.6352040816326531,0.030612244897959183,3.1301020408163267
PTPN18,0.5076530612244898,0.04846938775510204,2.8392857142857144
PTPN2,0.5586734693877551,0.03571428571428571,3.2729591836734695
PTPN21,0.5102040816326531,0.05357142857142857,2.8010204081632653
PTPN22,0.5892857142857143,0.030612244897959183,3.0255102040816326
PTPN23,0.4923469387755102,0.04846938775510204,2.9183673469387754
PTPN3,0.45408163265306123,0.10459183673469388,2.693877551020408
PTPN4,0.5331632653061225,0.04081632653061224,2.8877551020408165
PTPN5,0.3596938775510204,0.08673469387755102,2.4693877551020407
PTPN6,0.6224489795918368,0.017857142857142856,3.2627551020408165
PTPN7,0.6147959183673469,0.025510204081632654,3.063775510204082
PTPN9,0.5076530612244898,0.04846938775510204,2.6989795918367347
PTPRB,0.6071428571428571,0.02295918367346939,3.4642857142857144
PTPRC,0.6275510204081632,0.017857142857142856,3.183673469387755
PTPRCAP,0.6122448979591837,0.012755102040816327,3.1785714285714284
PTPRD,0.4107142857142857,0.14030612244897958,2.808673469387755
PTPRE,0.44387755102040816,0.07142857142857142,2.63265306122449
PTPRF,0.5969387755102041,0.017857142857142856,3.1020408163265305
PTPRJ,0.4413265306122449,0.06887755102040816,2.627551020408163
PTPRK,0.4413265306122449,0.07142857142857142,2.635204081632653
PTPRM,0.5688775510204082,0.03826530612244898,3.36734693877551
PTPRN,0.35459183673469385,0.10204081632653061,2.433673469387755
PTPRN2,0.576530612244898,0.02806122448979592,3.11734693877551
PTPRO,0.6020408163265306,0.025510204081632654,3.1607142857142856
PTPRR,0.5994897959183674,0.02806122448979592,3.433673469387755
PTPRU,0.5663265306122449,0.03571428571428571,2.941326530612245
PTPRZ1,0.5918367346938775,0.012755102040816327,3.2372448979591835
PTRH2,0.6785714285714286,0.015306122448979591,3.5969387755102042
PTS,0.4387755102040816,0.07142857142857142,2.681122448979592
PTTG1,0.40561224489795916,0.09438775510204081,2.510204081632653
PTX3,0.6862244897959183,0.00510204081632653,3.6377551020408165
PUF60,0.701530612244898,0.01020408163265306,3.8622448979591835
PUM1,0.5688775510204082,0.03826530612244898,2.920918367346939
PUM2,0.6352040816326531,0.017857142857142856,3.326530612244898
PUM3,0.41581632653061223,0.125,2.7627551020408165
PURA,0.413265306122449,0.08418367346938775,2.5408163265306123
PURB,0.6505102040816326,0.01020408163265306,3.4668367346938775
PUS1,0.5943877551020408,0.04336734693877551,3.00765306122449
PVR,0.6454081632653061,0.012755102040816327,3.4260204081632653
PWP1,0.6096938775510204,0.025510204081632654,3.010204081632653
PWP2,0.5637755102040817,0.04081632653061224,3.1403061224489797
PXN,0.6173469387755102,0.02040816326530612,3.0331632653061225
PYCARD,0.576530612244898,0.025510204081632654,3.0127551020408165
PYCR1,0.6836734693877551,0.012755102040816327,3.4566326530612246
PYCR2,0.6607142857142857,0.02040816326530612,3.2091836734693877
PYDC1,0.576530612244898,0.025510204081632654,3.0127551020408165
PYGB,0.6760204081632653,0.007653061224489796,3.520408163265306
PYGL,0.4846938775510204,0.04591836734693878,2.75765306122449
PYGM,0.5663265306122449,0.012755102040816327,3.0051020408163267
PYGO1,0.4923469387755102,0.05357142857142857,2.6607142857142856
PYGO2,0.6989795918367347,0.01020408163265306,3.681122448979592
PYM1,0.6045918367346939,0.025510204081632654,3.0280612244897958
PYY,0.6173469387755102,0.017857142857142856,3.2142857142857144
QDPR,0.48214285714285715,0.058673469387755105,2.7857142857142856
QKI,0.42346938775510207,0.08163265306122448,2.5510204081632653
QPCT,0.6224489795918368,0.015306122448979591,3.2780612244897958
QPRT,0.5816326530612245,0.02040816326530612,3.1198979591836733
QRFPR,0.45918367346938777,0.058673469387755105,2.686224489795918
QRSL1,0.4260204081632653,0.08928571428571429,2.9183673469387754
QSOX1,0.6811224489795918,0.017857142857142856,3.4285714285714284
QTRT1,0.5637755102040817,0.05102040816326531,2.933673469387755
QTRT2,0.6530612244897959,0.015306122448979591,3.479591836734694
RAB10,0.6301020408163265,0.02040816326530612,3.2857142857142856
RAB11A,0.5102040816326531,0.04591836734693878,2.686224489795918
RAB11B,0.5561224489795918,0.05612244897959184,2.8520408163265305
RAB11FIP1,0.461734693877551,0.10204081632653061,3.732142857142857
RAB11FIP2,0.4387755102040816,0.07397959183673469,2.61734693877551
RAB11FIP3,0.44387755102040816,0.06377551020408163,2.645408163265306
RAB11FIP4,0.6352040816326531,0.017857142857142856,3.438775510204082
RAB11FIP5,0.6326530612244898,0.017857142857142856,3.3469387755102042
RAB13,0.7040816326530612,0.01020408163265306,3.7551020408163267
RAB14,0.45663265306122447,0.10204081632653061,2.645408163265306
RAB15,0.4770408163265306,0.04591836734693878,2.7372448979591835
RAB17,0.3494897959183674,0.11479591836734694,2.4081632653061225
RAB18,0.5841836734693877,0.04336734693877551,3.232142857142857
RAB1A,0.6377551020408163,0.017857142857142856,3.3443877551020407
RAB1B,0.5918367346938775,0.012755102040816327,3.086734693877551
RAB21,0.6045918367346939,0.025510204081632654,3.4005102040816326
RAB22A,0.701530612244898,0.01020408163265306,3.6198979591836733
RAB23,0.5739795918367347,0.02295918367346939,3.056122448979592
RAB24,0.40816326530612246,0.09948979591836735,2.50765306122449
RAB25,0.701530612244898,0.012755102040816327,3.6377551020408165
RAB27A,0.4923469387755102,0.05357142857142857,2.6530612244897958
RAB27B,0.4107142857142857,0.1096938775510204,2.5714285714285716
RAB29,0.6377551020408163,0.025510204081632654,3.1403061224489797
RAB2A,0.6811224489795918,0.017857142857142856,3.688775510204082
RAB2B,0.5025510204081632,0.04081632653061224,2.8443877551020407
RAB30,0.5382653061224489,0.02806122448979592,2.997448979591837
RAB31,0.5637755102040817,0.04081632653061224,3.3239795918367347
RAB32,0.4387755102040816,0.06887755102040816,2.627551020408163
RAB33A,0.21428571428571427,0.3520408163265306,2.0127551020408165
RAB33B,0.44642857142857145,0.061224489795918366,2.6658163265306123
RAB34,0.6479591836734694,0.012755102040816327,3.4693877551020407
RAB35,0.6173469387755102,0.02040816326530612,3.0331632653061225
RAB36,0.5127551020408163,0.06377551020408163,2.923469387755102
RAB37,0.6913265306122449,0.01020408163265306,3.4846938775510203
RAB39B,0.2576530612244898,0.33163265306122447,2.114795918367347
RAB3A,0.5637755102040817,0.04591836734693878,2.864795918367347
RAB3B,0.5994897959183674,0.02040816326530612,3.0510204081632653
RAB3C,0.37244897959183676,0.1096938775510204,2.4846938775510203
RAB3D,0.5637755102040817,0.05102040816326531,2.913265306122449
RAB3GAP1,0.5025510204081632,0.04846938775510204,2.8801020408163267
RAB3GAP2,0.6505102040816326,0.02806122448979592,3.2091836734693877
RAB3IP,0.6326530612244898,0.02040816326530612,4.201530612244898
RAB40A,0.22448979591836735,0.34183673469387754,2.0331632653061225
RAB40AL,0.22193877551020408,0.34183673469387754,2.020408163265306
RAB40B,0.6811224489795918,0.017857142857142856,3.431122448979592
RAB40C,0.44387755102040816,0.06377551020408163,2.6377551020408165
RAB43,0.6632653061224489,0.012755102040816327,3.482142857142857
RAB4A,0.6607142857142857,0.02040816326530612,3.2142857142857144
RAB4B,0.6428571428571429,0.02040816326530612,3.50765306122449
RAB5A,0.5739795918367347,0.02040816326530612,3.375
RAB5B,0.6045918367346939,0.025510204081632654,3.0255102040816326
RAB5C,0.6275510204081632,0.012755102040816327,3.2193877551020407
RAB6A,0.5663265306122449,0.025510204081632654,3.058673469387755
RAB6B,0.6658163265306123,0.015306122448979591,3.520408163265306
RAB7A,0.6658163265306123,0.012755102040816327,3.489795918367347
RAB7B,0.6377551020408163,0.025510204081632654,3.1377551020408165
RAB8A,0.548469387755102,0.04591836734693878,2.836734693877551
RAB9A,0.23214285714285715,0.34183673469387754,2.079081632653061
RABEP1,0.37755102040816324,0.11989795918367346,2.4948979591836733
RABEPK,0.45918367346938777,0.09948979591836735,2.6556122448979593
RABGAP1,0.45918367346938777,0.09693877551020408,2.6505102040816326
RAC1,0.6556122448979592,0.007653061224489796,3.5918367346938775
RAC2,0.45918367346938777,0.07397959183673469,2.739795918367347
RAC3,0.6836734693877551,0.012755102040816327,3.4566326530612246
RACGAP1,0.5969387755102041,0.025510204081632654,2.9948979591836733
RACK1,0.41581632653061223,0.09183673469387756,2.5255102040816326
RAD1,0.7091836734693877,0.012755102040816327,4.066326530612245
RAD17,0.35714285714285715,0.12244897959183673,2.423469387755102
RAD18,0.6096938775510204,0.02295918367346939,3.6301020408163267
RAD21,0.7168367346938775,0.012755102040816327,4.061224489795919
RAD21L1,0.6556122448979592,0.012755102040816327,3.443877551020408
RAD23A,0.5535714285714286,0.04846938775510204,2.8443877551020407
RAD23B,0.45408163265306123,0.1096938775510204,2.683673469387755
RAD50,0.41836734693877553,0.09948979591836735,2.5306122448979593
RAD51,0.4642857142857143,0.06377551020408163,2.604591836734694
RAD51AP1,0.6224489795918368,0.02295918367346939,3.2627551020408165
RAD51B,0.461734693877551,0.07142857142857142,2.6658163265306123
RAD51C,0.6683673469387755,0.017857142857142856,3.517857142857143
RAD51D,0.6326530612244898,0.015306122448979591,3.308673469387755
RAD52,0.6275510204081632,0.02295918367346939,3.3010204081632653
RAD54B,0.7091836734693877,0.015306122448979591,4.079081632653061
RAD54L,0.5994897959183674,0.02040816326530612,3.066326530612245
RAD9A,0.6122448979591837,0.012755102040816327,3.1785714285714284
RAD9B,0.6224489795918368,0.02040816326530612,3.0918367346938775
RAE1,0.6989795918367347,0.012755102040816327,3.6122448979591835
RAET1E,0.43112244897959184,0.07397959183673469,2.5535714285714284
RAET1G,0.43112244897959184,0.07397959183673469,2.5535714285714284
RAF1,0.6122448979591837,0.017857142857142856,4.125
RAG1,0.3979591836734694,0.07397959183673469,2.6556122448979593
RAI1,0.3520408163265306,0.11734693877551021,2.4285714285714284
RAI14,0.7091836734693877,0.012755102040816327,4.066326530612245
RALA,0.6505102040816326,0.015306122448979591,3.510204081632653
RALB,0.5331632653061225,0.03826530612244898,2.9005102040816326
RALBP1,0.5637755102040817,0.04081632653061224,3.329081632653061
RALGAPA2,0.673469387755102,0.01020408163265306,3.5535714285714284
RALGAPB,0.7193877551020408,0.00510204081632653,3.6785714285714284
RALGDS,0.4719387755102041,0.09438775510204081,2.704081632653061
RALGPS2,0.6862244897959183,0.015306122448979591,3.4770408163265305
RALY,0.7270408163265306,0.0,3.931122448979592
RAMP1,0.35459183673469385,0.11479591836734694,2.4081632653061225
RAMP2,0.625,0.015306122448979591,3.2193877551020407
RAMP3,0.6505102040816326,0.01020408163265306,3.4668367346938775
RAN,0.5969387755102041,0.03571428571428571,2.997448979591837
RANBP1,0.5280612244897959,0.058673469387755105,3.0306122448979593
RANBP10,0.5255102040816326,0.03571428571428571,3.020408163265306
RANBP2,0.5382653061224489,0.03316326530612245,2.979591836734694
RANBP3,0.5408163265306123,0.061224489795918366,2.8035714285714284
RANBP6,0.413265306122449,0.1377551020408163,2.8596938775510203
RANBP9,0.6147959183673469,0.012755102040816327,3.520408163265306
RANGAP1,0.4362244897959184,0.08163265306122448,2.576530612244898
RANGRF,0.3622448979591837,0.11989795918367346,2.4285714285714284
RAP1A,0.576530612244898,0.03316326530612245,2.9668367346938775
RAP1B,0.6224489795918368,0.02295918367346939,4.081632653061225
RAP1GAP,0.5612244897959183,0.03826530612244898,2.9489795918367347
RAP1GAP2,0.38010204081632654,0.11989795918367346,2.4872448979591835
RAP2A,0.5739795918367347,0.015306122448979591,3.193877551020408
RAP2B,0.6862244897959183,0.00510204081632653,3.6530612244897958
RAP2C,0.21428571428571427,0.3469387755102041,2.0127551020408165
RAPGEF1,0.4719387755102041,0.09438775510204081,2.732142857142857
RAPGEF2,0.42091836734693877,0.07142857142857142,2.61734693877551
RAPGEF3,0.5943877551020408,0.030612244897959183,3.063775510204082
RAPGEF4,0.48214285714285715,0.03826530612244898,2.920918367346939
RAPGEF5,0.6556122448979592,0.012755102040816327,3.5816326530612246
RAPGEF6,0.42091836734693877,0.10204081632653061,2.5357142857142856
RAPH1,0.4336734693877551,0.061224489795918366,2.6581632653061225
RAPSN,0.4336734693877551,0.07142857142857142,2.6138107416879794
RARA,0.6275510204081632,0.012755102040816327,3.2806122448979593
RARB,0.5714285714285714,0.025510204081632654,3.313775510204082
RARG,0.5994897959183674,0.02806122448979592,2.9948979591836733
RARRES2,0.5867346938775511,0.012755102040816327,3.173469387755102
RARS2,0.42346938775510207,0.07908163265306123,2.5255102040816326
RASA1,0.3903061224489796,0.10714285714285714,2.4872448979591835
RASA2,0.6760204081632653,0.01020408163265306,3.5510204081632653
RASA3,0.5867346938775511,0.017857142857142856,3.2729591836734695
RASA4,0.6020408163265306,0.00510204081632653,3.2933673469387754
RASAL1,0.625,0.017857142857142856,3.086734693877551
RASAL2,0.6836734693877551,0.015306122448979591,3.4744897959183674
RASAL3,0.5612244897959183,0.04846938775510204,2.875
RASD1,0.35459183673469385,0.11989795918367346,2.433673469387755
RASD2,0.4923469387755102,0.06887755102040816,2.8214285714285716
RASGRF1,0.5051020408163265,0.05102040816326531,2.683673469387755
RASGRF2,0.39285714285714285,0.10714285714285714,2.4846938775510203
RASGRP1,0.46938775510204084,0.061224489795918366,2.61734693877551
RASGRP2,0.5663265306122449,0.012755102040816327,3.0051020408163267
RASGRP3,0.6326530612244898,0.015306122448979591,3.318877551020408
RASGRP4,0.6454081632653061,0.015306122448979591,3.74234693877551
RASIP1,0.6352040816326531,0.025510204081632654,3.2448979591836733
RASL10A,0.5204081632653061,0.06377551020408163,2.9948979591836733
RASSF1,0.46683673469387754,0.07142857142857142,2.854591836734694
RASSF2,0.6479591836734694,0.01020408163265306,3.438775510204082
RASSF5,0.6377551020408163,0.025510204081632654,3.1301020408163267
RAX2,0.5178571428571429,0.06887755102040816,2.770408163265306
RB1,0.4005102040816326,0.14285714285714285,2.5408163265306123
RB1CC1,0.673469387755102,0.017857142857142856,3.701530612244898
RBBP4,0.5714285714285714,0.03316326530612245,2.9081632653061225
RBBP5,0.6428571428571429,0.02295918367346939,3.145408163265306
RBBP6,0.548469387755102,0.02806122448979592,3.122448979591837
RBBP7,0.2193877551020408,0.3392857142857143,2.0510204081632653
RBBP8,0.548469387755102,0.04846938775510204,3.056122448979592
RBBP9,0.6530612244897959,0.012755102040816327,3.5331632653061225
RBCK1,0.6556122448979592,0.01020408163265306,3.4591836734693877
RBFOX1,0.46938775510204084,0.058673469387755105,2.732142857142857
RBFOX2,0.49489795918367346,0.07142857142857142,2.8341836734693877
RBL1,0.7142857142857143,0.00510204081632653,3.6658163265306123
RBL2,0.4846938775510204,0.04336734693877551,2.813775510204082
RBM10,0.22959183673469388,0.34183673469387754,2.0510204081632653
RBM12,0.7219387755102041,0.002551020408163265,3.816326530612245
RBM14,0.5969387755102041,0.012755102040816327,3.122448979591837
RBM15,0.5739795918367347,0.03571428571428571,2.943877551020408
RBM15B,0.4719387755102041,0.0663265306122449,2.8596938775510203
RBM17,0.6607142857142857,0.025510204081632654,3.7806122448979593
RBM19,0.6224489795918368,0.017857142857142856,3.1198979591836733
RBM22,0.41836734693877553,0.08673469387755102,2.5408163265306123
RBM23,0.5102040816326531,0.04336734693877551,2.877551020408163
RBM24,0.6096938775510204,0.015306122448979591,3.5816326530612246
RBM25,0.4923469387755102,0.04336734693877551,2.7806122448979593
RBM28,0.5918367346938775,0.012755102040816327,3.2193877551020407
RBM34,0.6632653061224489,0.017857142857142856,3.288265306122449
RBM38,0.6989795918367347,0.012755102040816327,3.6096938775510203
RBM39,0.7219387755102041,0.002551020408163265,3.8239795918367347
RBM4,0.5969387755102041,0.012755102040816327,3.125
RBM42,0.6403061224489796,0.012755102040816327,3.5306122448979593
RBM45,0.47959183673469385,0.03826530612244898,2.811224489795918
RBM4B,0.5969387755102041,0.012755102040816327,3.13265306122449
RBM5,0.46683673469387754,0.06887755102040816,2.857142857142857
RBM8A,0.6989795918367347,0.012755102040816327,3.6785714285714284
RBMX,0.2193877551020408,0.3392857142857143,2.0433673469387754
RBP2,0.6760204081632653,0.01020408163265306,3.563775510204082
RBP4,0.4260204081632653,0.07908163265306123,2.579081632653061
RBP5,0.6198979591836735,0.017857142857142856,3.2627551020408165
RBPJ,0.46938775510204084,0.05612244897959184,2.7448979591836733
RBPJL,0.7219387755102041,0.00510204081632653,3.9005102040816326
RBPMS,0.2729591836734694,0.20153061224489796,2.3010204081632653
RBSN,0.5994897959183674,0.02040816326530612,3.625
RBX1,0.42857142857142855,0.07908163265306123,2.576530612244898
RC3H1,0.6887755102040817,0.015306122448979591,3.6301020408163267
RCAN1,0.5790816326530612,0.03316326530612245,3.191326530612245
RCC1,0.5637755102040817,0.03826530612244898,2.895408163265306
RCC2,0.5637755102040817,0.03571428571428571,2.936224489795918
RCCD1,0.5229591836734694,0.05102040816326531,2.7372448979591835
RCE1,0.5969387755102041,0.012755102040816327,3.13265306122449
RCHY1,0.5051020408163265,0.03571428571428571,2.920918367346939
RCL1,0.41581632653061223,0.13520408163265307,2.811224489795918
RCN1,0.4005102040816326,0.07908163265306123,2.6658163265306123
RCOR1,0.49489795918367346,0.05357142857142857,2.752551020408163
RCOR2,0.5714285714285714,0.01020408163265306,3.0280612244897958
RCOR3,0.6326530612244898,0.025510204081632654,3.1198979591836733
RCSD1,0.7040816326530612,0.012755102040816327,3.8494897959183674
RDH10,0.701530612244898,0.007653061224489796,3.885204081632653
RDH11,0.4744897959183674,0.05357142857142857,2.7193877551020407
RDH13,0.6581632653061225,0.02295918367346939,3.420918367346939
RDH14,0.6326530612244898,0.017857142857142856,3.318877551020408
RDH5,0.6045918367346939,0.02806122448979592,3.017857142857143
REC8,0.5,0.03826530612244898,2.811224489795918
RECK,0.4362244897959184,0.08418367346938775,2.7831632653061225
RECQL,0.6045918367346939,0.02040816326530612,3.2091836734693877
RECQL4,0.6964285714285714,0.012755102040816327,3.8494897959183674
RECQL5,0.6913265306122449,0.01020408163265306,3.4872448979591835
REEP1,0.6352040816326531,0.02040816326530612,3.2780612244897958
REEP2,0.42091836734693877,0.08673469387755102,2.5408163265306123
REEP3,0.4489795918367347,0.05102040816326531,2.6989795918367347
REEP4,0.24489795918367346,0.22193877551020408,2.229591836734694
REEP5,0.3979591836734694,0.11224489795918367,2.5051020408163267
REEP6,0.5153061224489796,0.07142857142857142,2.752551020408163
REG1A,0.6403061224489796,0.02295918367346939,3.336734693877551
REG1B,0.6403061224489796,0.02295918367346939,3.336734693877551
REG3A,0.6403061224489796,0.02295918367346939,3.336734693877551
REL,0.6454081632653061,0.017857142857142856,3.395408163265306
RELA,0.576530612244898,0.012755102040816327,3.061224489795918
RELB,0.6428571428571429,0.015306122448979591,3.4056122448979593
RELN,0.6020408163265306,0.00510204081632653,3.260204081632653
RELT,0.5688775510204082,0.02295918367346939,3.068877551020408
REN,0.6326530612244898,0.02295918367346939,3.0892857142857144
REP15,0.6147959183673469,0.02295918367346939,3.25765306122449
REPIN1,0.5867346938775511,0.012755102040816327,3.1964285714285716
REPS1,0.4489795918367347,0.06887755102040816,2.6760204081632653
REPS2,0.2193877551020408,0.34183673469387754,2.045918367346939
RER1,0.5714285714285714,0.03826530612244898,2.9872448979591835
RERE,0.5714285714285714,0.04081632653061224,2.9668367346938775
REST,0.5255102040816326,0.025510204081632654,2.931122448979592
RET,0.5255102040816326,0.04846938775510204,2.9464285714285716
RETN,0.5561224489795918,0.058673469387755105,2.8469387755102042
RETREG1,0.7142857142857143,0.012755102040816327,4.142857142857143
RETSAT,0.6428571428571429,0.02040816326530612,3.295918367346939
REV1,0.5688775510204082,0.030612244897959183,3.24234693877551
REV3L,0.41836734693877553,0.09693877551020408,2.5153061224489797
REXO1,0.5229591836734694,0.06887755102040816,2.7780612244897958
REXO2,0.4489795918367347,0.07142857142857142,2.681122448979592
REXO4,0.4744897959183674,0.09438775510204081,2.701530612244898
REXO5,0.5408163265306123,0.03316326530612245,2.938775510204082
RFC1,0.46938775510204084,0.05357142857142857,2.732142857142857
RFC2,0.6096938775510204,0.00510204081632653,3.2755102040816326
RFC3,0.5127551020408163,0.04591836734693878,2.9872448979591835
RFC4,0.6989795918367347,0.00510204081632653,3.760204081632653
RFC5,0.6352040816326531,0.02040816326530612,3.145408163265306
RFFL,0.6301020408163265,0.017857142857142856,3.3035714285714284
RFK,0.45408163265306123,0.125,2.6096938775510203
RFT1,0.4719387755102041,0.07142857142857142,2.875
RFWD3,0.5102040816326531,0.03571428571428571,2.9872448979591835
RFX2,0.5408163265306123,0.061224489795918366,2.8035714285714284
RFX3,0.41581632653061223,0.13010204081632654,2.770408163265306
RFX5,0.7142857142857143,0.01020408163265306,3.938775510204082
RFX6,0.41836734693877553,0.08673469387755102,2.5357142857142856
RFX7,0.4897959183673469,0.05357142857142857,2.6581632653061225
RFXANK,0.5637755102040817,0.04336734693877551,2.933673469387755
RFXAP,0.4846938775510204,0.06377551020408163,2.864795918367347
RGCC,0.44642857142857145,0.09183673469387756,2.7448979591836733
RGMA,0.5229591836734694,0.05357142857142857,2.75
RGMB,0.3979591836734694,0.10714285714285714,2.50765306122449
RGPD8,0.5408163265306123,0.03571428571428571,2.9719387755102042
RGR,0.4387755102040816,0.06377551020408163,2.625
RGS1,0.6505102040816326,0.017857142857142856,3.4005102040816326
RGS10,0.44387755102040816,0.07142857142857142,2.635204081632653
RGS11,0.44387755102040816,0.06377551020408163,2.635204081632653
RGS12,0.4923469387755102,0.05357142857142857,2.7933673469387754
RGS13,0.6505102040816326,0.017857142857142856,3.4005102040816326
RGS14,0.40816326530612246,0.09948979591836735,2.50765306122449
RGS16,0.6760204081632653,0.017857142857142856,3.4005102040816326
RGS17,0.42857142857142855,0.07653061224489796,2.5408163265306123
RGS18,0.6530612244897959,0.017857142857142856,3.4005102040816326
RGS19,0.6989795918367347,0.015306122448979591,3.5739795918367347
RGS2,0.6505102040816326,0.017857142857142856,3.4056122448979593
RGS20,0.6658163265306123,0.017857142857142856,3.683673469387755
RGS22,0.7244897959183674,0.01020408163265306,4.9438775510204085
RGS3,0.45918367346938777,0.09693877551020408,2.6607142857142856
RGS4,0.6989795918367347,0.015306122448979591,4.25
RGS5,0.701530612244898,0.015306122448979591,4.198979591836735
RGS6,0.4923469387755102,0.04591836734693878,2.767857142857143
RGS7,0.6530612244897959,0.017857142857142856,3.25765306122449
RGS7BP,0.35459183673469385,0.125,2.4158163265306123
RGS8,0.6760204081632653,0.017857142857142856,3.4158163265306123
RGS9,0.6964285714285714,0.01020408163265306,3.548469387755102
RGS9BP,0.6377551020408163,0.015306122448979591,3.5535714285714284
RGSL1,0.673469387755102,0.017857142857142856,3.392857142857143
RHAG,0.5561224489795918,0.025510204081632654,3.066326530612245
RHBDD1,0.34183673469387754,0.1096938775510204,2.420918367346939
RHBDF1,0.4387755102040816,0.06887755102040816,2.625
RHBDF2,0.6887755102040817,0.012755102040816327,3.482142857142857
RHEB,0.5892857142857143,0.012755102040816327,3.204081632653061
RHNO1,0.6224489795918368,0.02295918367346939,3.2627551020408165
RHO,0.6632653061224489,0.012755102040816327,3.4872448979591835
RHOA,0.4719387755102041,0.061224489795918366,2.885204081632653
RHOB,0.6352040816326531,0.017857142857142856,3.329081632653061
RHOBTB1,0.45408163265306123,0.05357142857142857,2.7193877551020407
RHOBTB2,0.23979591836734693,0.22959183673469388,2.2066326530612246
RHOBTB3,0.3979591836734694,0.10204081632653061,2.489795918367347
RHOC,0.5790816326530612,0.03316326530612245,2.9770408163265305
RHOD,0.6096938775510204,0.012755102040816327,3.1785714285714284
RHOF,0.6147959183673469,0.02040816326530612,3.048469387755102
RHOG,0.33418367346938777,0.09948979591836735,2.395408163265306
RHOH,0.4719387755102041,0.05357142857142857,2.732142857142857
RHOQ,0.6352040816326531,0.015306122448979591,3.3239795918367347
RHOT1,0.6352040816326531,0.012755102040816327,3.5510204081632653
RHOT2,0.44387755102040816,0.06377551020408163,2.6377551020408165
RHOU,0.6632653061224489,0.02040816326530612,3.2219387755102042
RHOV,0.4642857142857143,0.06377551020408163,2.604591836734694
RHPN2,0.6352040816326531,0.015306122448979591,3.4846938775510203
RIC8A,0.3392857142857143,0.10204081632653061,2.3979591836734695
RIC8B,0.6096938775510204,0.025510204081632654,3.0127551020408165
RICTOR,0.6964285714285714,0.012755102040816327,3.9770408163265305
RIF1,0.4897959183673469,0.04081632653061224,2.7933673469387754
RILP,0.37244897959183676,0.12244897959183673,2.50765306122449
RIMKLA,0.5969387755102041,0.017857142857142856,3.2346938775510203
RIMKLB,0.6173469387755102,0.02040816326530612,3.2346938775510203
RIMS1,0.4642857142857143,0.0663265306122449,2.6556122448979593
RIMS2,0.7193877551020408,0.01020408163265306,4.339285714285714
RIN1,0.5943877551020408,0.012755102040816327,3.0918367346938775
RING1,0.5790816326530612,0.017857142857142856,2.997448979591837
RINT1,0.5943877551020408,0.007653061224489796,3.24234693877551
RIOK1,0.5994897959183674,0.017857142857142856,3.3494897959183674
RIOX1,0.4923469387755102,0.04336734693877551,2.7729591836734695
RIPK1,0.548469387755102,0.03316326530612245,3.076530612244898
RIPK2,0.7091836734693877,0.012755102040816327,4.048469387755102
RIPK3,0.5,0.03826530612244898,2.808673469387755
RIT1,0.701530612244898,0.012755102040816327,3.6403061224489797
RIT2,0.44387755102040816,0.09693877551020408,2.701530612244898
RLBP1,0.5255102040816326,0.04846938775510204,2.752551020408163
RLIM,0.2066326530612245,0.34438775510204084,2.0306122448979593
RMDN2,0.6224489795918368,0.017857142857142856,3.2831632653061225
RMDN3,0.4642857142857143,0.06377551020408163,2.604591836734694
RMI1,0.45663265306122447,0.11734693877551021,2.627551020408163
RMI2,0.5408163265306123,0.03826530612244898,3.045918367346939
RNASE2,0.5127551020408163,0.04081632653061224,2.875
RNASE3,0.5127551020408163,0.04081632653061224,2.872448979591837
RNASEH1,0.6275510204081632,0.02040816326530612,3.3341836734693877
RNASEH2A,0.5510204081632653,0.04846938775510204,2.836734693877551
RNASEH2B,0.42346938775510207,0.1326530612244898,2.6530612244897958
RNASEH2C,0.576530612244898,0.012755102040816327,3.063775510204082
RND1,0.5892857142857143,0.02806122448979592,2.9744897959183674
RND2,0.6198979591836735,0.017857142857142856,3.2142857142857144
RND3,0.4872448979591837,0.03826530612244898,2.7908163265306123
RNF103,0.6352040816326531,0.02040816326530612,3.2755102040816326
RNF11,0.5994897959183674,0.02040816326530612,3.058673469387755
RNF111,0.49489795918367346,0.05612244897959184,2.6556122448979593
RNF115,0.6989795918367347,0.012755102040816327,3.6785714285714284
RNF123,0.4719387755102041,0.061224489795918366,2.877551020408163
RNF125,0.4846938775510204,0.06887755102040816,2.8392857142857144
RNF128,0.21428571428571427,0.34438775510204084,2.0229591836734695
RNF13,0.6887755102040817,0.00510204081632653,3.663265306122449
RNF130,0.42091836734693877,0.09183673469387756,2.5331632653061225
RNF135,0.6301020408163265,0.02040816326530612,3.423469387755102
RNF138,0.4846938775510204,0.06887755102040816,2.8341836734693877
RNF139,0.7117346938775511,0.01020408163265306,4.158163265306122
RNF14,0.41836734693877553,0.08673469387755102,2.5408163265306123
RNF144A,0.6275510204081632,0.02040816326530612,3.364795918367347
RNF144B,0.6122448979591837,0.015306122448979591,3.8214285714285716
RNF146,0.44642857142857145,0.07142857142857142,2.63265306122449
RNF152,0.4107142857142857,0.11224489795918367,2.5510204081632653
RNF168,0.6964285714285714,0.007653061224489796,3.681122448979592
RNF17,0.5433673469387755,0.02295918367346939,3.063775510204082
RNF182,0.6147959183673469,0.012755102040816327,3.510204081632653
RNF185,0.5127551020408163,0.0663265306122449,2.982142857142857
RNF187,0.6607142857142857,0.02040816326530612,3.2193877551020407
RNF19A,0.7270408163265306,0.01020408163265306,5.073979591836735
RNF19B,0.5714285714285714,0.030612244897959183,2.931122448979592
RNF2,0.673469387755102,0.015306122448979591,3.4668367346938775
RNF20,0.44387755102040816,0.11224489795918367,2.642857142857143
RNF213,0.6887755102040817,0.012755102040816327,3.4668367346938775
RNF216,0.6556122448979592,0.01020408163265306,3.556122448979592
RNF220,0.5969387755102041,0.017857142857142856,3.066326530612245
RNF24,0.6556122448979592,0.01020408163265306,3.4489795918367347
RNF25,0.35459183673469385,0.10204081632653061,2.433673469387755
RNF31,0.5,0.03826530612244898,2.811224489795918
RNF32,0.576530612244898,0.025510204081632654,3.127551020408163
RNF34,0.6147959183673469,0.02040816326530612,3.048469387755102
RNF4,0.49744897959183676,0.05357142857142857,2.877551020408163
RNF40,0.5790816326530612,0.02295918367346939,3.0229591836734695
RNF41,0.5994897959183674,0.025510204081632654,3.0127551020408165
RNF43,0.6658163265306123,0.017857142857142856,3.479591836734694
RNF5,0.5969387755102041,0.017857142857142856,3.076530612244898
RNF6,0.5510204081632653,0.02295918367346939,3.0841836734693877
RNF7,0.6785714285714286,0.01020408163265306,3.5535714285714284
RNF8,0.5714285714285714,0.017857142857142856,3.0433673469387754
RNGTT,0.42346938775510207,0.07908163265306123,2.558673469387755
RNH1,0.34183673469387754,0.09948979591836735,2.4030612244897958
RNMT,0.5561224489795918,0.03571428571428571,3.2627551020408165
RNPEP,0.6096938775510204,0.03316326530612245,3.038265306122449
RNPS1,0.4362244897959184,0.0663265306122449,2.61734693877551
RO60,0.6505102040816326,0.017857142857142856,3.4005102040816326
ROBO1,0.49744897959183676,0.06887755102040816,2.9566326530612246
ROBO2,0.4923469387755102,0.07142857142857142,2.9260204081632653
ROBO3,0.461734693877551,0.07142857142857142,2.7091836734693877
ROBO4,0.45918367346938777,0.07142857142857142,2.7066326530612246
ROCK1,0.5510204081632653,0.03826530612244898,3.038265306122449
ROCK2,0.6352040816326531,0.02040816326530612,3.318877551020408
ROM1,0.5790816326530612,0.007653061224489796,3.056122448979592
ROMO1,0.7219387755102041,0.002551020408163265,3.8341836734693877
ROPN1L,0.7142857142857143,0.012755102040816327,4.155612244897959
ROR1,0.5892857142857143,0.02806122448979592,3.0229591836734695
ROR2,0.45918367346938777,0.1096938775510204,2.681122448979592
RORA,0.5025510204081632,0.061224489795918366,2.673469387755102
RORB,0.45408163265306123,0.12244897959183673,2.6096938775510203
RORC,0.7117346938775511,0.01020408163265306,3.938775510204082
RP1L1,0.25510204081632654,0.21683673469387754,2.260204081632653
RP2,0.22959183673469388,0.34183673469387754,2.0510204081632653
RP9,0.6479591836734694,0.015306122448979591,3.4872448979591835
RPA1,0.37244897959183676,0.125,2.5051020408163267
RPA2,0.5561224489795918,0.03826530612244898,2.885204081632653
RPA3,0.6581632653061225,0.007653061224489796,3.5892857142857144
RPA4,0.21173469387755103,0.3469387755102041,2.0
RPAIN,0.37755102040816324,0.11989795918367346,2.4872448979591835
RPAP1,0.4642857142857143,0.06377551020408163,2.6020408163265305
RPAP2,0.5790816326530612,0.03826530612244898,2.961734693877551
RPE,0.3826530612244898,0.08928571428571429,2.5
RPE65,0.5841836734693877,0.02806122448979592,2.9770408163265305
RPF1,0.5790816326530612,0.03826530612244898,2.9566326530612246
RPF2,0.42091836734693877,0.09438775510204081,2.520408163265306
RPGRIP1,0.5051020408163265,0.04081632653061224,2.8469387755102042
RPH3A,0.6224489795918368,0.017857142857142856,3.114795918367347
RPH3AL,0.3647959183673469,0.12755102040816327,2.4719387755102042
RPIA,0.6301020408163265,0.017857142857142856,3.252551020408163
RPL10A,0.5816326530612245,0.017857142857142856,3.0229591836734695
RPL10L,0.4872448979591837,0.04081632653061224,2.7806122448979593
RPL11,0.5663265306122449,0.03826530612244898,2.938775510204082
RPL12,0.461734693877551,0.09693877551020408,2.6530612244897958
RPL13,0.5102040816326531,0.04846938775510204,2.9107142857142856
RPL13A,0.6403061224489796,0.025510204081632654,3.2831632653061225
RPL14,0.5331632653061225,0.03316326530612245,3.086734693877551
RPL15,0.5663265306122449,0.02806122448979592,3.295918367346939
RPL18,0.6352040816326531,0.025510204081632654,3.2448979591836733
RPL18A,0.5586734693877551,0.04336734693877551,2.857142857142857
RPL19,0.6352040816326531,0.015306122448979591,3.441326530612245
RPL21,0.5637755102040817,0.02040816326530612,3.127551020408163
RPL22,0.5739795918367347,0.04591836734693878,2.9770408163265305
RPL22L1,0.6964285714285714,0.007653061224489796,3.770408163265306
RPL23,0.6326530612244898,0.017857142857142856,3.395408163265306
RPL23A,0.6479591836734694,0.012755102040816327,3.4693877551020407
RPL24,0.6556122448979592,0.017857142857142856,3.454081632653061
RPL26,0.3622448979591837,0.11989795918367346,2.4285714285714284
RPL26L1,0.413265306122449,0.09948979591836735,2.520408163265306
RPL27,0.6198979591836735,0.017857142857142856,3.2142857142857144
RPL27A,0.33418367346938777,0.09693877551020408,2.392857142857143
RPL28,0.6556122448979592,0.025510204081632654,3.4260204081632653
RPL29,0.4719387755102041,0.0663265306122449,2.872448979591837
RPL3,0.4489795918367347,0.07653061224489796,2.6683673469387754
RPL30,0.7168367346938775,0.012755102040816327,4.311224489795919
RPL31,0.5688775510204082,0.02806122448979592,3.173469387755102
RPL32,0.6122448979591837,0.02040816326530612,3.9056122448979593
RPL34,0.45918367346938777,0.0663265306122449,2.688775510204082
RPL35,0.45918367346938777,0.09948979591836735,2.6556122448979593
RPL36,0.5382653061224489,0.061224489795918366,2.798469387755102
RPL36A,0.22193877551020408,0.3392857142857143,2.0153061224489797
RPL36AL,0.4872448979591837,0.04081632653061224,2.767857142857143
RPL37,0.6964285714285714,0.007653061224489796,3.982142857142857
RPL37A,0.35459183673469385,0.09948979591836735,2.436224489795918
RPL38,0.6938775510204082,0.01020408163265306,3.49234693877551
RPL39,0.21173469387755103,0.3494897959183674,2.002551020408163
RPL39L,0.6964285714285714,0.00510204081632653,3.7627551020408165
RPL3L,0.4387755102040816,0.0663265306122449,2.6301020408163267
RPL4,0.5102040816326531,0.04846938775510204,2.683673469387755
RPL41,0.6045918367346939,0.025510204081632654,3.0408163265306123
RPL5,0.5714285714285714,0.04081632653061224,2.938775510204082
RPL6,0.625,0.017857142857142856,3.1683673469387754
RPL7,0.701530612244898,0.007653061224489796,3.885204081632653
RPL7A,0.4744897959183674,0.09438775510204081,2.701530612244898
RPL7L1,0.5663265306122449,0.015306122448979591,3.142857142857143
RPL8,0.6964285714285714,0.01020408163265306,3.857142857142857
RPL9,0.4719387755102041,0.05357142857142857,2.7346938775510203
RPLP0,0.6173469387755102,0.02040816326530612,3.0331632653061225
RPLP1,0.5102040816326531,0.04336734693877551,2.7168367346938775
RPLP2,0.3469387755102041,0.09438775510204081,2.413265306122449
RPN1,0.6658163265306123,0.012755102040816327,3.489795918367347
RPN2,0.7142857142857143,0.00510204081632653,3.6964285714285716
RPP14,0.4872448979591837,0.06887755102040816,2.875
RPP21,0.6096938775510204,0.015306122448979591,3.163265306122449
RPP25,0.5076530612244898,0.04846938775510204,2.711734693877551
RPP30,0.42857142857142855,0.07397959183673469,2.576530612244898
RPP38,0.6173469387755102,0.03826530612244898,3.4005102040816326
RPP40,0.5688775510204082,0.02806122448979592,3.188775510204082
RPRD1A,0.46683673469387754,0.08418367346938775,2.7270408163265305
RPRD1B,0.7193877551020408,0.00510204081632653,3.686224489795918
RPRD2,0.7168367346938775,0.01020408163265306,3.9566326530612246
RPS10,0.576530612244898,0.017857142857142856,3.0051020408163267
RPS11,0.6403061224489796,0.025510204081632654,3.2831632653061225
RPS12,0.44387755102040816,0.06887755102040816,2.622448979591837
RPS13,0.3596938775510204,0.08673469387755102,2.4566326530612246
RPS14,0.42091836734693877,0.08673469387755102,2.538265306122449
RPS15,0.5153061224489796,0.07142857142857142,2.752551020408163
RPS15A,0.5357142857142857,0.030612244897959183,2.923469387755102
RPS16,0.6326530612244898,0.017857142857142856,3.5408163265306123
RPS18,0.5790816326530612,0.017857142857142856,3.0051020408163267
RPS19,0.6377551020408163,0.015306122448979591,3.4005102040816326
RPS19BP1,0.44642857142857145,0.07908163265306123,2.6505102040816326
RPS2,0.4387755102040816,0.0663265306122449,2.6301020408163267
RPS20,0.6658163265306123,0.017857142857142856,3.6403061224489797
RPS21,0.6913265306122449,0.012755102040816327,3.563775510204082
RPS23,0.39540816326530615,0.10714285714285714,2.489795918367347
RPS24,0.4770408163265306,0.05357142857142857,2.826530612244898
RPS25,0.45408163265306123,0.07653061224489796,2.7142857142857144
RPS26,0.6045918367346939,0.025510204081632654,3.0306122448979593
RPS27A,0.6428571428571429,0.017857142857142856,3.375
RPS27L,0.5102040816326531,0.05102040816326531,2.6964285714285716
RPS28,0.5561224489795918,0.05612244897959184,2.8520408163265305
RPS29,0.4872448979591837,0.04081632653061224,2.767857142857143
RPS3,0.5561224489795918,0.025510204081632654,3.002551020408163
RPS3A,0.44387755102040816,0.06377551020408163,2.683673469387755
RPS4X,0.2066326530612245,0.34438775510204084,2.0229591836734695
RPS5,0.6352040816326531,0.02806122448979592,3.2729591836734695
RPS6,0.3903061224489796,0.14285714285714285,2.6964285714285716
RPS6KA1,0.5561224489795918,0.04336734693877551,2.9005102040816326
RPS6KA2,0.41836734693877553,0.08673469387755102,2.5433673469387754
RPS6KA3,0.22959183673469388,0.336734693877551,2.0714285714285716
RPS6KA4,0.5714285714285714,0.012755102040816327,3.0127551020408165
RPS6KA5,0.5102040816326531,0.05357142857142857,2.795918367346939
RPS6KA6,0.2066326530612245,0.3469387755102041,2.00765306122449
RPS6KB1,0.6811224489795918,0.015306122448979591,3.6096938775510203
RPS6KB2,0.6122448979591837,0.012755102040816327,3.1785714285714284
RPS8,0.5994897959183674,0.017857142857142856,3.056122448979592
RPS9,0.6505102040816326,0.025510204081632654,3.375
RPSA,0.5306122448979592,0.030612244897959183,3.1096938775510203
RPTOR,0.6862244897959183,0.012755102040816327,3.4668367346938775
RPUSD4,0.461734693877551,0.07142857142857142,2.7168367346938775
RRAGA,0.3877551020408163,0.14540816326530612,2.688775510204082
RRAGB,0.22959183673469388,0.31887755102040816,2.063775510204082
RRAGC,0.5969387755102041,0.017857142857142856,3.1530612244897958
RRAGD,0.42346938775510207,0.08163265306122448,2.5535714285714284
RRAS,0.6403061224489796,0.025510204081632654,3.2831632653061225
RRAS2,0.3494897959183674,0.09183673469387756,2.4668367346938775
RRBP1,0.6556122448979592,0.012755102040816327,3.5357142857142856
RRH,0.461734693877551,0.06377551020408163,2.681122448979592
RRM1,0.336734693877551,0.09693877551020408,2.4005102040816326
RRM2,0.6352040816326531,0.017857142857142856,3.4158163265306123
RRM2B,0.7244897959183674,0.01020408163265306,4.834183673469388
RRN3,0.5280612244897959,0.030612244897959183,2.875
RRP1,0.5612244897959183,0.04081632653061224,3.142857142857143
RRP12,0.43112244897959184,0.07653061224489796,2.5816326530612246
RRP15,0.6479591836734694,0.030612244897959183,3.2091836734693877
RRP1B,0.5586734693877551,0.04336734693877551,3.1377551020408165
RRP36,0.5663265306122449,0.015306122448979591,3.145408163265306
RRP8,0.336734693877551,0.09693877551020408,2.395408163265306
RRP9,0.4719387755102041,0.0663265306122449,2.872448979591837
RRS1,0.7117346938775511,0.00510204081632653,3.8316326530612246
RSAD2,0.6275510204081632,0.02040816326530612,3.364795918367347
RSF1,0.5459183673469388,0.02806122448979592,3.1530612244897958
RSL1D1,0.5433673469387755,0.03316326530612245,3.063775510204082
RSL24D1,0.4923469387755102,0.05357142857142857,2.6530612244897958
RSPH9,0.576530612244898,0.017857142857142856,3.2142857142857144
RSPO1,0.5867346938775511,0.02040816326530612,3.0408163265306123
RSRC1,0.6836734693877551,0.00510204081632653,3.635204081632653
RSU1,0.6173469387755102,0.03316326530612245,3.392857142857143
RTCA,0.576530612244898,0.03571428571428571,2.931122448979592
RTCB,0.5076530612244898,0.06887755102040816,2.8877551020408165
RTEL1,0.6964285714285714,0.015306122448979591,3.5714285714285716
RTF1,0.4642857142857143,0.06377551020408163,2.6020408163265305
RTKN,0.6352040816326531,0.02040816326530612,3.336734693877551
RTN1,0.46683673469387754,0.04846938775510204,2.7244897959183674
RTN3,0.5739795918367347,0.01020408163265306,3.0280612244897958
RTN4,0.6428571428571429,0.017857142857142856,3.377551020408163
RTN4IP1,0.42346938775510207,0.08928571428571429,2.9158163265306123
RTN4R,0.5306122448979592,0.05612244897959184,3.063775510204082
RTN4RL1,0.375,0.12244897959183673,2.5127551020408165
RTP2,0.7117346938775511,0.00510204081632653,3.7857142857142856
RTP4,0.701530612244898,0.00510204081632653,3.7857142857142856
RTRAF,0.4846938775510204,0.04081632653061224,2.770408163265306
RUBCN,0.6989795918367347,0.007653061224489796,3.6785714285714284
RUFY1,0.41581632653061223,0.09183673469387756,2.5255102040816326
RUFY3,0.5051020408163265,0.03826530612244898,2.8877551020408165
RUNX1,0.5714285714285714,0.03826530612244898,3.1658163265306123
RUNX1T1,0.7091836734693877,0.015306122448979591,4.017857142857143
RUNX2,0.5637755102040817,0.02040816326530612,3.0816326530612246
RUNX3,0.5739795918367347,0.03571428571428571,2.9719387755102042
RUSC1,0.7066326530612245,0.012755102040816327,3.6581632653061225
RUSC2,0.4362244897959184,0.08418367346938775,2.7857142857142856
RUVBL1,0.6683673469387755,0.015306122448979591,3.5153061224489797
RUVBL2,0.6377551020408163,0.025510204081632654,3.2627551020408165
RWDD3,0.5714285714285714,0.04081632653061224,2.951530612244898
RXFP1,0.42091836734693877,0.07397959183673469,2.61734693877551
RXFP3,0.7091836734693877,0.007653061224489796,4.005102040816326
RXFP4,0.701530612244898,0.012755102040816327,3.6403061224489797
RXRA,0.4770408163265306,0.09438775510204081,2.6964285714285716
RXRB,0.5790816326530612,0.017857142857142856,2.997448979591837
RXRG,0.701530612244898,0.012755102040816327,4.01530612244898
RYBP,0.48214285714285715,0.07653061224489796,2.931122448979592
RYK,0.6658163265306123,0.015306122448979591,3.520408163265306
RYR1,0.6428571428571429,0.015306122448979591,3.7448979591836733
RYR2,0.6607142857142857,0.017857142857142856,3.2627551020408165
RYR3,0.4744897959183674,0.061224489795918366,2.635204081632653
S100A1,0.7091836734693877,0.01020408163265306,3.795918367346939
S100A10,0.7117346938775511,0.01020408163265306,3.9030612244897958
S100A11,0.7117346938775511,0.01020408163265306,3.8698979591836733
S100A12,0.7117346938775511,0.007653061224489796,3.836734693877551
S100A14,0.7091836734693877,0.01020408163265306,3.795918367346939
S100A16,0.7091836734693877,0.01020408163265306,3.8010204081632653
S100A4,0.7091836734693877,0.01020408163265306,3.8010204081632653
S100A6,0.7091836734693877,0.01020408163265306,3.8010204081632653
S100A7,0.7091836734693877,0.01020408163265306,3.813775510204082
S100A8,0.7117346938775511,0.007653061224489796,3.8214285714285716
S100A9,0.7117346938775511,0.007653061224489796,3.836734693877551
S100B,0.5714285714285714,0.03316326530612245,3.1403061224489797
S100G,0.22193877551020408,0.3392857142857143,2.056122448979592
S100P,0.4923469387755102,0.058673469387755105,2.795918367346939
S100PBP,0.5714285714285714,0.030612244897959183,2.9107142857142856
S1PR1,0.5739795918367347,0.03826530612244898,2.9260204081632653
S1PR3,0.45918367346938777,0.11224489795918367,2.6785714285714284
S1PR4,0.5229591836734694,0.0663265306122449,2.788265306122449
S1PR5,0.5663265306122449,0.05357142857142857,2.920918367346939
SAA1,0.35459183673469385,0.08673469387755102,2.454081632653061
SACM1L,0.5076530612244898,0.03826530612244898,3.0331632653061225
SAE1,0.6326530612244898,0.025510204081632654,3.2448979591836733
SAFB,0.5408163265306123,0.058673469387755105,2.806122448979592
SAFB2,0.5408163265306123,0.058673469387755105,2.806122448979592
SALL1,0.5,0.04081632653061224,2.8494897959183674
SALL3,0.40561224489795916,0.11479591836734694,2.5535714285714284
SALL4,0.7142857142857143,0.007653061224489796,3.7142857142857144
SAMD8,0.4719387755102041,0.05102040816326531,2.8316326530612246
SAMHD1,0.7142857142857143,0.00510204081632653,3.673469387755102
SAMM50,0.4489795918367347,0.08163265306122448,2.5918367346938775
SAP130,0.5229591836734694,0.04846938775510204,2.885204081632653
SAP18,0.5357142857142857,0.030612244897959183,3.0357142857142856
SAP25,0.6071428571428571,0.007653061224489796,3.318877551020408
SAP30,0.42346938775510207,0.07908163265306123,2.6096938775510203
SAP30BP,0.6913265306122449,0.01020408163265306,3.4872448979591835
SAP30L,0.41836734693877553,0.08673469387755102,2.548469387755102
SAR1A,0.45408163265306123,0.05357142857142857,2.7066326530612246
SAR1B,0.41581632653061223,0.09693877551020408,2.5357142857142856
SARAF,0.27040816326530615,0.20408163265306123,2.2831632653061225
SARM1,0.6479591836734694,0.012755102040816327,3.4693877551020407
SARNP,0.6045918367346939,0.025510204081632654,3.020408163265306
SARS2,0.6377551020408163,0.017857142857142856,3.711734693877551
SART1,0.5892857142857143,0.012755102040816327,3.076530612244898
SART3,0.6173469387755102,0.02040816326530612,3.0433673469387754
SASS6,0.5790816326530612,0.03571428571428571,2.933673469387755
SAT1,0.22704081632653061,0.32653061224489793,2.0943877551020407
SAT2,0.3673469387755102,0.125,2.441326530612245
SATB1,0.5841836734693877,0.02040816326530612,3.38265306122449
SATB2,0.44387755102040816,0.05102040816326531,2.663265306122449
SAV1,0.4846938775510204,0.04336734693877551,2.7627551020408165
SBDS,0.6275510204081632,0.00510204081632653,3.3469387755102042
SBF1,0.43112244897959184,0.09693877551020408,2.548469387755102
SBF2,0.336734693877551,0.09438775510204081,2.4158163265306123
SC5D,0.45663265306122447,0.07908163265306123,2.691326530612245
SCAF1,0.6403061224489796,0.025510204081632654,3.2831632653061225
SCAF11,0.5892857142857143,0.030612244897959183,2.982142857142857
SCAF8,0.41836734693877553,0.08673469387755102,2.517857142857143
SCAI,0.45918367346938777,0.09948979591836735,2.6556122448979593
SCAMP1,0.36989795918367346,0.11989795918367346,2.438775510204082
SCAMP2,0.5051020408163265,0.04846938775510204,2.704081632653061
SCAND1,0.7193877551020408,0.002551020408163265,3.808673469387755
SCAP,0.4923469387755102,0.05357142857142857,2.913265306122449
SCARA3,0.25510204081632654,0.21173469387755103,2.2627551020408165
SCARA5,0.25510204081632654,0.21173469387755103,2.2755102040816326
SCARB1,0.6147959183673469,0.02295918367346939,3.017857142857143
SCARB2,0.49744897959183676,0.03571428571428571,2.9030612244897958
SCARF2,0.5306122448979592,0.05612244897959184,3.068877551020408
SCCPDH,0.6581632653061225,0.015306122448979591,3.2729591836734695
SCD,0.42091836734693877,0.08418367346938775,2.558673469387755
SCD5,0.45918367346938777,0.05102040816326531,2.7193877551020407
SCFD1,0.4846938775510204,0.04081632653061224,2.7933673469387754
SCG2,0.3469387755102041,0.1096938775510204,2.4260204081632653
SCG3,0.5,0.05612244897959184,2.691326530612245
SCG5,0.4744897959183674,0.06377551020408163,2.627551020408163
SCGB1A1,0.5790816326530612,0.007653061224489796,3.056122448979592
SCGB3A2,0.42091836734693877,0.08418367346938775,2.5433673469387754
SCLT1,0.45408163265306123,0.058673469387755105,2.6479591836734695
SCLY,0.35459183673469385,0.11224489795918367,2.454081632653061
SCML2,0.22448979591836735,0.3392857142857143,2.0510204081632653
SCN10A,0.5433673469387755,0.030612244897959183,3.186224489795918
SCN1A,0.48214285714285715,0.03826530612244898,2.8316326530612246
SCN1B,0.6352040816326531,0.015306122448979591,3.4948979591836733
SCN2A,0.4846938775510204,0.03826530612244898,2.8418367346938775
SCN2B,0.45408163265306123,0.06887755102040816,2.6989795918367347
SCN3A,0.4846938775510204,0.03826530612244898,2.8418367346938775
SCN3B,0.461734693877551,0.07397959183673469,2.7066326530612246
SCN4A,0.6938775510204082,0.01020408163265306,3.5739795918367347
SCN4B,0.45153061224489793,0.06887755102040816,2.688775510204082
SCN5A,0.5433673469387755,0.030612244897959183,3.1989795918367347
SCN8A,0.6045918367346939,0.025510204081632654,3.056122448979592
SCNN1A,0.6301020408163265,0.017857142857142856,3.2729591836734695
SCNN1B,0.5433673469387755,0.030612244897959183,2.99234693877551
SCNN1D,0.5714285714285714,0.03826530612244898,2.99234693877551
SCNN1G,0.5408163265306123,0.030612244897959183,2.951530612244898
SCO1,0.3494897959183674,0.12244897959183673,2.4183673469387754
SCO2,0.43112244897959184,0.09693877551020408,2.548469387755102
SCOC,0.45408163265306123,0.061224489795918366,2.681122448979592
SCP2,0.5918367346938775,0.02295918367346939,3.045918367346939
SCPEP1,0.6505102040816326,0.017857142857142856,3.4260204081632653
SCRIB,0.701530612244898,0.01020408163265306,3.8622448979591835
SCTR,0.5331632653061225,0.04081632653061224,2.8877551020408165
SCUBE2,0.33418367346938777,0.09693877551020408,2.4107142857142856
SCUBE3,0.5816326530612245,0.017857142857142856,3.0255102040816326
SCYL1,0.576530612244898,0.012755102040816327,3.063775510204082
SCYL2,0.5994897959183674,0.025510204081632654,2.989795918367347
SDAD1,0.5,0.03826530612244898,2.892857142857143
SDC1,0.6352040816326531,0.017857142857142856,3.3341836734693877
SDC2,0.7117346938775511,0.01020408163265306,4.165816326530612
SDC3,0.5663265306122449,0.03571428571428571,2.9158163265306123
SDC4,0.7219387755102041,0.00510204081632653,3.9005102040816326
SDCBP,0.6709183673469388,0.017857142857142856,3.6377551020408165
SDCCAG8,0.6581632653061225,0.015306122448979591,3.252551020408163
SDF2,0.6479591836734694,0.012755102040816327,3.4668367346938775
SDF2L1,0.5204081632653061,0.061224489795918366,2.9260204081632653
SDHA,0.7066326530612245,0.012755102040816327,4.094387755102041
SDHAF1,0.6403061224489796,0.012755102040816327,3.520408163265306
SDHAF2,0.5816326530612245,0.01020408163265306,3.0408163265306123
SDHAF3,0.6096938775510204,0.00510204081632653,3.318877551020408
SDHAF4,0.4642857142857143,0.06887755102040816,2.670918367346939
SDHB,0.5688775510204082,0.03571428571428571,2.941326530612245
SDHC,0.7117346938775511,0.012755102040816327,4.5
SDHD,0.4387755102040816,0.07142857142857142,2.6785714285714284
SDR16C5,0.6683673469387755,0.017857142857142856,3.6530612244897958
SDR9C7,0.5969387755102041,0.02806122448979592,2.989795918367347
SEC11A,0.5127551020408163,0.04846938775510204,2.7244897959183674
SEC11C,0.41836734693877553,0.1096938775510204,2.561224489795918
SEC13,0.6071428571428571,0.02295918367346939,3.604591836734694
SEC14L1,0.6811224489795918,0.012755102040816327,3.4642857142857144
SEC16A,0.4719387755102041,0.09948979591836735,2.704081632653061
SEC22A,0.6658163265306123,0.017857142857142856,3.497448979591837
SEC22B,0.6096938775510204,0.02295918367346939,3.2448979591836733
SEC22C,0.5204081632653061,0.03826530612244898,3.0510204081632653
SEC23A,0.46938775510204084,0.04591836734693878,2.7346938775510203
SEC23B,0.6530612244897959,0.012755102040816327,3.5306122448979593
SEC23IP,0.44387755102040816,0.07397959183673469,2.6403061224489797
SEC24A,0.41581632653061223,0.09693877551020408,2.5357142857142856
SEC24B,0.45918367346938777,0.06377551020408163,2.681122448979592
SEC24C,0.46683673469387754,0.05357142857142857,2.818877551020408
SEC24D,0.461734693877551,0.06377551020408163,2.711734693877551
SEC31A,0.461734693877551,0.05102040816326531,2.7219387755102042
SEC31B,0.42091836734693877,0.08163265306122448,2.558673469387755
SEC61A1,0.6683673469387755,0.015306122448979591,3.5153061224489797
SEC61A2,0.6352040816326531,0.02806122448979592,3.5816326530612246
SEC61B,0.4387755102040816,0.11224489795918367,2.622448979591837
SEC62,0.6989795918367347,0.00510204081632653,3.7831632653061225
SEC63,0.42346938775510207,0.09183673469387756,2.614795918367347
SECISBP2,0.45918367346938777,0.11224489795918367,2.6785714285714284
SECTM1,0.6811224489795918,0.015306122448979591,3.443877551020408
SEH1L,0.5535714285714286,0.03571428571428571,3.267857142857143
SEL1L,0.5178571428571429,0.03826530612244898,2.8622448979591835
SELE,0.6964285714285714,0.012755102040816327,3.818877551020408
SELENOI,0.6301020408163265,0.017857142857142856,3.2908163265306123
SELENOK,0.46938775510204084,0.07653061224489796,2.877551020408163
SELENON,0.5637755102040817,0.03316326530612245,2.9464285714285716
SELENOP,0.6938775510204082,0.012755102040816327,3.951530612244898
SELENOS,0.5153061224489796,0.05357142857142857,2.74234693877551
SELL,0.6938775510204082,0.012755102040816327,3.826530612244898
SELP,0.6938775510204082,0.012755102040816327,3.8214285714285716
SELPLG,0.6173469387755102,0.02040816326530612,3.0331632653061225
SEM1,0.6071428571428571,0.00510204081632653,3.318877551020408
SEMA3A,0.5994897959183674,0.002551020408163265,3.295918367346939
SEMA3B,0.46683673469387754,0.07142857142857142,2.854591836734694
SEMA3C,0.6071428571428571,0.01020408163265306,3.311224489795918
SEMA3F,0.46683673469387754,0.06887755102040816,2.857142857142857
SEMA4A,0.6989795918367347,0.012755102040816327,3.622448979591837
SEMA4B,0.5229591836734694,0.05102040816326531,2.7346938775510203
SEMA4D,0.45918367346938777,0.11224489795918367,2.6760204081632653
SEMA4F,0.6352040816326531,0.02040816326530612,3.3392857142857144
SEMA4G,0.42091836734693877,0.08418367346938775,2.556122448979592
SEMA6A,0.40816326530612246,0.10714285714285714,2.561224489795918
SEMA6D,0.48214285714285715,0.058673469387755105,2.670918367346939
SEMA7A,0.5076530612244898,0.04846938775510204,2.7066326530612246
SEMG1,0.7244897959183674,0.00510204081632653,3.9107142857142856
SENP1,0.5969387755102041,0.02806122448979592,3.038265306122449
SENP2,0.6989795918367347,0.00510204081632653,3.7168367346938775
SENP3,0.3673469387755102,0.125,2.441326530612245
SENP5,0.6989795918367347,0.007653061224489796,3.681122448979592
SENP6,0.45153061224489793,0.07908163265306123,2.61734693877551
SENP7,0.6530612244897959,0.017857142857142856,3.4489795918367347
SEPSECS,0.4719387755102041,0.05357142857142857,2.75
SERBP1,0.5816326530612245,0.025510204081632654,2.9693877551020407
SERGEF,0.35714285714285715,0.08673469387755102,2.461734693877551
SERINC3,0.7244897959183674,0.002551020408163265,3.9591836734693877
SERINC5,0.3826530612244898,0.1096938775510204,2.4668367346938775
SERP1,0.6887755102040817,0.00510204081632653,3.6607142857142856
SERPINA1,0.49744897959183676,0.05612244897959184,2.75765306122449
SERPINA10,0.49744897959183676,0.05612244897959184,2.75765306122449
SERPINA3,0.49489795918367346,0.05357142857142857,2.7551020408163267
SERPINA4,0.49489795918367346,0.05357142857142857,2.7551020408163267
SERPINA5,0.49489795918367346,0.05357142857142857,2.7551020408163267
SERPINA7,0.22448979591836735,0.34183673469387754,2.0331632653061225
SERPINB1,0.548469387755102,0.03316326530612245,3.076530612244898
SERPINB13,0.4107142857142857,0.11479591836734694,2.563775510204082
SERPINB2,0.40816326530612246,0.11734693877551021,2.5535714285714284
SERPINB3,0.4107142857142857,0.11479591836734694,2.563775510204082
SERPINB4,0.4107142857142857,0.11479591836734694,2.563775510204082
SERPINB5,0.40816326530612246,0.11479591836734694,2.558673469387755
SERPINB6,0.548469387755102,0.03316326530612245,3.086734693877551
SERPINB8,0.40816326530612246,0.11989795918367346,2.548469387755102
SERPINC1,0.6887755102040817,0.015306122448979591,3.6301020408163267
SERPIND1,0.5280612244897959,0.05612244897959184,3.1403061224489797
SERPINE1,0.6045918367346939,0.007653061224489796,3.313775510204082
SERPINE2,0.3469387755102041,0.1096938775510204,2.423469387755102
SERPINF1,0.37244897959183676,0.125,2.5127551020408165
SERPINF2,0.37244897959183676,0.125,2.5051020408163267
SERPING1,0.5714285714285714,0.015306122448979591,3.1020408163265305
SERPINH1,0.5535714285714286,0.025510204081632654,3.0
SERTAD3,0.6352040816326531,0.02040816326530612,3.5357142857142856
SESN2,0.5586734693877551,0.03826530612244898,2.8903061224489797
SESN3,0.49744897959183676,0.04081632653061224,2.8596938775510203
SET,0.46683673469387754,0.09438775510204081,2.6760204081632653
SETD1A,0.576530612244898,0.025510204081632654,3.0051020408163267
SETD1B,0.6147959183673469,0.02040816326530612,3.048469387755102
SETD2,0.49744897959183676,0.04336734693877551,2.954081632653061
SETD6,0.4897959183673469,0.04081632653061224,2.813775510204082
SETD7,0.44387755102040816,0.061224489795918366,2.663265306122449
SETDB1,0.7168367346938775,0.01020408163265306,3.9872448979591835
SETDB2,0.4107142857142857,0.1377551020408163,2.686224489795918
SETMAR,0.5790816326530612,0.02295918367346939,3.4030612244897958
SETX,0.4719387755102041,0.09438775510204081,2.6964285714285716
SEZ6L,0.5076530612244898,0.06887755102040816,2.9693877551020407
SEZ6L2,0.5816326530612245,0.02040816326530612,3.1122448979591835
SF1,0.5663265306122449,0.012755102040816327,3.0051020408163267
SF3A1,0.5178571428571429,0.0663265306122449,2.979591836734694
SF3A2,0.5280612244897959,0.0663265306122449,2.7831632653061225
SF3A3,0.5892857142857143,0.02040816326530612,3.061224489795918
SF3B1,0.45153061224489793,0.04081632653061224,2.701530612244898
SF3B2,0.5867346938775511,0.012755102040816327,3.056122448979592
SF3B3,0.5306122448979592,0.03571428571428571,3.061224489795918
SF3B4,0.7117346938775511,0.01020408163265306,3.854591836734694
SF3B5,0.4387755102040816,0.06887755102040816,2.60613810741688
SF3B6,0.6352040816326531,0.015306122448979591,3.2933673469387754
SFI1,0.5102040816326531,0.0663265306122449,2.941326530612245
SFN,0.5586734693877551,0.04336734693877551,2.88265306122449
SFPQ,0.5714285714285714,0.03316326530612245,2.9260204081632653
SFR1,0.42346938775510207,0.07908163265306123,2.566326530612245
SFRP1,0.5102040816326531,0.07908163265306123,3.2142857142857144
SFRP2,0.42346938775510207,0.07397959183673469,2.625
SFRP4,0.6505102040816326,0.02040816326530612,3.49234693877551
SFRP5,0.42857142857142855,0.07908163265306123,2.576530612244898
SFSWAP,0.5943877551020408,0.04336734693877551,3.0051020408163267
SFTPA1,0.4642857142857143,0.05357142857142857,2.760204081632653
SFTPA2,0.46683673469387754,0.05357142857142857,2.7806122448979593
SFTPB,0.6403061224489796,0.02040816326530612,3.3010204081632653
SFTPC,0.24489795918367346,0.22193877551020408,2.229591836734694
SFTPD,0.46683673469387754,0.05357142857142857,2.770408163265306
SFXN1,0.40561224489795916,0.09693877551020408,2.5229591836734695
SFXN2,0.41836734693877553,0.08418367346938775,2.5510204081632653
SGCA,0.6377551020408163,0.012755102040816327,3.3443877551020407
SGCB,0.5433673469387755,0.025510204081632654,2.8979591836734695
SGCD,0.413265306122449,0.08928571428571429,2.5255102040816326
SGCE,0.6045918367346939,0.00510204081632653,3.2780612244897958
SGCG,0.5331632653061225,0.02806122448979592,3.0331632653061225
SGCZ,0.2576530612244898,0.21683673469387754,2.267857142857143
SGF29,0.576530612244898,0.02295918367346939,3.1122448979591835
SGIP1,0.5790816326530612,0.02806122448979592,2.9566326530612246
SGK1,0.4489795918367347,0.06887755102040816,2.6556122448979593
SGMS1,0.46938775510204084,0.05612244897959184,2.7755102040816326
SGMS2,0.45663265306122447,0.0663265306122449,2.688775510204082
SGO1,0.5739795918367347,0.02040816326530612,3.375
SGO2,0.4387755102040816,0.05612244897959184,2.6377551020408165
SGPL1,0.45408163265306123,0.05612244897959184,2.711734693877551
SGPP1,0.46938775510204084,0.04846938775510204,2.729591836734694
SGSH,0.6887755102040817,0.012755102040816327,3.4719387755102042
SGSM1,0.5051020408163265,0.0663265306122449,2.9464285714285716
SGSM3,0.42857142857142855,0.07908163265306123,2.5943877551020407
SGTA,0.5229591836734694,0.0663265306122449,2.788265306122449
SH2B1,0.5790816326530612,0.02295918367346939,3.107142857142857
SH2B2,0.6045918367346939,0.00510204081632653,3.306122448979592
SH2B3,0.625,0.017857142857142856,3.145408163265306
SH2D1A,0.22193877551020408,0.3469387755102041,2.0255102040816326
SH2D2A,0.6989795918367347,0.012755102040816327,3.568877551020408
SH2D3C,0.4719387755102041,0.09693877551020408,2.670918367346939
SH2D4A,0.25,0.2193877551020408,2.2346938775510203
SH3BGRL3,0.5561224489795918,0.04081632653061224,2.8979591836734695
SH3BP5,0.5994897959183674,0.02040816326530612,3.4744897959183674
SH3GL1,0.5204081632653061,0.0663265306122449,2.7755102040816326
SH3GL2,0.39285714285714285,0.14030612244897958,2.6607142857142856
SH3GL3,0.5102040816326531,0.04846938775510204,2.7193877551020407
SH3GLB1,0.576530612244898,0.03571428571428571,2.9693877551020407
SH3GLB2,0.46938775510204084,0.09438775510204081,2.6785714285714284
SH3KBP1,0.23214285714285715,0.336734693877551,2.135204081632653
SH3PXD2A,0.4260204081632653,0.08163265306122448,2.568877551020408
SH3PXD2B,0.4107142857142857,0.10204081632653061,2.510204081632653
SH3RF1,0.4336734693877551,0.07908163265306123,2.622448979591837
SHANK1,0.6377551020408163,0.025510204081632654,3.298469387755102
SHARPIN,0.6989795918367347,0.01020408163265306,3.857142857142857
SHB,0.42346938775510207,0.09183673469387756,2.7091836734693877
SHBG,0.3673469387755102,0.125,2.441326530612245
SHC1,0.6989795918367347,0.01020408163265306,3.681122448979592
SHC4,0.4872448979591837,0.05612244897959184,2.673469387755102
SHH,0.5867346938775511,0.02295918367346939,3.1479591836734695
SHISA5,0.4846938775510204,0.061224489795918366,2.895408163265306
SHMT1,0.3673469387755102,0.10714285714285714,2.497448979591837
SHMT2,0.5969387755102041,0.02806122448979592,3.0127551020408165
SHOC2,0.4260204081632653,0.08163265306122448,2.5714285714285716
SHPRH,0.4387755102040816,0.06887755102040816,2.586734693877551
SHQ1,0.4846938775510204,0.07653061224489796,2.943877551020408
SHROOM3,0.49489795918367346,0.03571428571428571,2.933673469387755
SHTN1,0.4362244897959184,0.07653061224489796,2.607142857142857
SI,0.6938775510204082,0.00510204081632653,3.74234693877551
SIAH1,0.5102040816326531,0.03571428571428571,2.997448979591837
SIAH2,0.6887755102040817,0.00510204081632653,3.6658163265306123
SIGIRR,0.34183673469387754,0.09948979591836735,2.4030612244897958
SIGLEC1,0.6556122448979592,0.01020408163265306,3.4591836734693877
SIGLEC14,0.6403061224489796,0.025510204081632654,3.3418367346938775
SIGMAR1,0.43112244897959184,0.08418367346938775,2.747448979591837
SIK1,0.5561224489795918,0.04081632653061224,3.135204081632653
SIK2,0.4387755102040816,0.07142857142857142,2.691326530612245
SIK3,0.45153061224489793,0.07397959183673469,2.681122448979592
SIKE1,0.5892857142857143,0.02806122448979592,3.0255102040816326
SIL1,0.4107142857142857,0.08673469387755102,2.5331632653061225
SIM1,0.42346938775510207,0.09183673469387756,2.5433673469387754
SIM2,0.5637755102040817,0.03316326530612245,3.191326530612245
SIN3A,0.5076530612244898,0.04846938775510204,2.6989795918367347
SIN3B,0.5459183673469388,0.04336734693877551,2.8341836734693877
SIPA1,0.576530612244898,0.012755102040816327,3.061224489795918
SIPA1L1,0.4897959183673469,0.04591836734693878,2.7653061224489797
SIRPA,0.6556122448979592,0.012755102040816327,3.443877551020408
SIRPB1,0.6556122448979592,0.012755102040816327,3.4489795918367347
SIRPG,0.6556122448979592,0.012755102040816327,3.4489795918367347
SIRT1,0.44642857142857145,0.058673469387755105,2.6683673469387754
SIRT2,0.6377551020408163,0.017857142857142856,3.711734693877551
SIRT3,0.3392857142857143,0.10204081632653061,2.3979591836734695
SIRT4,0.6173469387755102,0.02040816326530612,3.0433673469387754
SIRT5,0.6147959183673469,0.012755102040816327,3.5229591836734695
SIRT6,0.5153061224489796,0.07142857142857142,2.75765306122449
SIRT7,0.6836734693877551,0.012755102040816327,3.4566326530612246
SIVA1,0.5025510204081632,0.04591836734693878,2.7933673469387754
SIX2,0.6301020408163265,0.015306122448979591,3.295918367346939
SIX3,0.6301020408163265,0.015306122448979591,3.295918367346939
SIX4,0.4719387755102041,0.04591836734693878,2.729591836734694
SIX5,0.6403061224489796,0.017857142857142856,3.377551020408163
SIX6,0.46938775510204084,0.04591836734693878,2.7270408163265305
SKA1,0.413265306122449,0.10714285714285714,2.556122448979592
SKA2,0.673469387755102,0.015306122448979591,3.561224489795918
SKA3,0.5357142857142857,0.030612244897959183,3.0357142857142856
SKAP1,0.6403061224489796,0.015306122448979591,3.3010204081632653
SKAP2,0.6479591836734694,0.015306122448979591,3.4744897959183674
SKI,0.5714285714285714,0.03826530612244898,2.99234693877551
SKIL,0.6964285714285714,0.007653061224489796,3.8877551020408165
SKP1,0.41581632653061223,0.09693877551020408,2.5331632653061225
SKP2,0.7117346938775511,0.007653061224489796,4.13265306122449
SLA,0.7066326530612245,0.01020408163265306,3.9770408163265305
SLA2,0.7168367346938775,0.002551020408163265,3.693877551020408
SLAIN2,0.5153061224489796,0.03826530612244898,2.836734693877551
SLAMF1,0.7091836734693877,0.012755102040816327,4.301020408163265
SLAMF6,0.7091836734693877,0.012755102040816327,4.25
SLBP,0.49489795918367346,0.05612244897959184,2.857142857142857
SLC10A1,0.4872448979591837,0.04846938775510204,2.752551020408163
SLC11A2,0.6045918367346939,0.025510204081632654,3.063775510204082
SLC12A1,0.48214285714285715,0.058673469387755105,2.6760204081632653
SLC12A2,0.41836734693877553,0.10459183673469388,2.5306122448979593
SLC12A3,0.4846938775510204,0.04081632653061224,2.806122448979592
SLC12A5,0.7168367346938775,0.007653061224489796,3.7346938775510203
SLC12A6,0.47959183673469385,0.058673469387755105,2.6377551020408165
SLC13A5,0.37755102040816324,0.11989795918367346,2.489795918367347
SLC15A4,0.6020408163265306,0.03316326530612245,3.0229591836734695
SLC15A5,0.6045918367346939,0.02295918367346939,3.1683673469387754
SLC16A1,0.5816326530612245,0.03316326530612245,2.9872448979591835
SLC16A13,0.375,0.11989795918367346,2.4642857142857144
SLC16A2,0.2066326530612245,0.34438775510204084,2.0510204081632653
SLC16A3,0.6811224489795918,0.012755102040816327,3.4464285714285716
SLC16A4,0.5739795918367347,0.03571428571428571,2.943877551020408
SLC16A7,0.5969387755102041,0.03316326530612245,3.232142857142857
SLC17A1,0.5943877551020408,0.012755102040816327,3.318877551020408
SLC17A7,0.6403061224489796,0.025510204081632654,3.2780612244897958
SLC17A8,0.5994897959183674,0.025510204081632654,2.99234693877551
SLC18A1,0.25,0.2193877551020408,2.2372448979591835
SLC18A3,0.4719387755102041,0.05102040816326531,2.7908163265306123
SLC19A1,0.5663265306122449,0.03316326530612245,3.170918367346939
SLC1A1,0.41581632653061223,0.1326530612244898,2.7857142857142856
SLC1A2,0.40561224489795916,0.07397959183673469,2.74234693877551
SLC20A2,0.5102040816326531,0.07653061224489796,3.239795918367347
SLC22A1,0.4260204081632653,0.07908163265306123,2.545918367346939
SLC22A12,0.5688775510204082,0.012755102040816327,3.010204081632653
SLC22A17,0.5102040816326531,0.04081632653061224,2.885204081632653
SLC22A2,0.4260204081632653,0.07908163265306123,2.545918367346939
SLC22A7,0.5688775510204082,0.017857142857142856,3.173469387755102
SLC22A8,0.5816326530612245,0.007653061224489796,3.048469387755102
SLC24A5,0.48214285714285715,0.058673469387755105,2.6760204081632653
SLC25A12,0.48214285714285715,0.03826530612244898,2.8035714285714284
SLC25A13,0.6045918367346939,0.00510204081632653,3.311224489795918
SLC25A14,0.21428571428571427,0.3494897959183674,2.0153061224489797
SLC25A16,0.45408163265306123,0.05612244897959184,2.6989795918367347
SLC25A17,0.43112244897959184,0.07397959183673469,2.5841836734693877
SLC25A20,0.4744897959183674,0.061224489795918366,2.88265306122449
SLC25A21,0.46938775510204084,0.03826530612244898,2.74234693877551
SLC25A24,0.5739795918367347,0.03571428571428571,2.9591836734693877
SLC25A25,0.4719387755102041,0.09693877551020408,2.673469387755102
SLC25A26,0.47959183673469385,0.07397959183673469,2.8979591836734695
SLC25A27,0.5663265306122449,0.02295918367346939,3.1020408163265305
SLC25A28,0.42857142857142855,0.08418367346938775,2.5739795918367347
SLC25A3,0.5969387755102041,0.025510204081632654,2.9846938775510203
SLC25A31,0.45663265306122447,0.06377551020408163,2.6556122448979593
SLC25A4,0.413265306122449,0.08673469387755102,2.5739795918367347
SLC25A5,0.21173469387755103,0.3494897959183674,2.002551020408163
SLC25A6,0.5306122448979592,0.11479591836734694,3.163265306122449
SLC26A6,0.48214285714285715,0.061224489795918366,2.895408163265306
SLC27A1,0.5561224489795918,0.04336734693877551,2.8520408163265305
SLC27A2,0.5,0.058673469387755105,2.704081632653061
SLC27A5,0.6301020408163265,0.030612244897959183,3.2653061224489797
SLC29A1,0.576530612244898,0.017857142857142856,3.186224489795918
SLC2A1,0.5969387755102041,0.017857142857142856,3.211734693877551
SLC2A14,0.6173469387755102,0.017857142857142856,3.267857142857143
SLC2A2,0.6964285714285714,0.007653061224489796,3.7653061224489797
SLC2A3,0.6173469387755102,0.017857142857142856,3.267857142857143
SLC2A5,0.5739795918367347,0.03826530612244898,2.9770408163265305
SLC2A8,0.4642857142857143,0.09693877551020408,2.663265306122449
SLC2A9,0.5,0.061224489795918366,2.8239795918367347
SLC30A1,0.6352040816326531,0.02806122448979592,3.122448979591837
SLC30A10,0.6479591836734694,0.030612244897959183,3.1964285714285716
SLC30A4,0.4770408163265306,0.05612244897959184,2.6683673469387754
SLC30A5,0.35714285714285715,0.12244897959183673,2.413265306122449
SLC30A6,0.6326530612244898,0.017857142857142856,3.298469387755102
SLC30A7,0.5714285714285714,0.03826530612244898,2.920918367346939
SLC30A8,0.7219387755102041,0.012755102040816327,4.0688775510204085
SLC30A9,0.4719387755102041,0.05357142857142857,2.7372448979591835
SLC31A1,0.461734693877551,0.09693877551020408,2.663265306122449
SLC32A1,0.7193877551020408,0.00510204081632653,3.681122448979592
SLC35A1,0.42346938775510207,0.07908163265306123,2.5255102040816326
SLC35A2,0.22704081632653061,0.34183673469387754,2.0357142857142856
SLC35A3,0.5790816326530612,0.03571428571428571,2.933673469387755
SLC35B1,0.6326530612244898,0.015306122448979591,3.316326530612245
SLC35B2,0.576530612244898,0.017857142857142856,3.181122448979592
SLC35B4,0.5918367346938775,0.012755102040816327,3.247448979591837
SLC35C1,0.43112244897959184,0.07653061224489796,2.586734693877551
SLC35C2,0.7168367346938775,0.007653061224489796,3.732142857142857
SLC35E3,0.6275510204081632,0.02040816326530612,4.385204081632653
SLC35G5,0.25510204081632654,0.2193877551020408,2.260204081632653
SLC38A9,0.39540816326530615,0.10459183673469388,2.566326530612245
SLC39A1,0.7066326530612245,0.01020408163265306,3.760204081632653
SLC39A10,0.45153061224489793,0.04336734693877551,2.688775510204082
SLC39A11,0.6913265306122449,0.01020408163265306,3.5
SLC39A13,0.4387755102040816,0.07142857142857142,2.61734693877551
SLC39A14,0.2423469387755102,0.22704081632653061,2.2193877551020407
SLC39A2,0.5127551020408163,0.04081632653061224,2.8698979591836733
SLC39A4,0.6989795918367347,0.01020408163265306,3.854591836734694
SLC39A5,0.5994897959183674,0.025510204081632654,3.0153061224489797
SLC39A6,0.461734693877551,0.08418367346938775,2.7193877551020407
SLC39A7,0.5790816326530612,0.017857142857142856,2.997448979591837
SLC39A8,0.45918367346938777,0.05612244897959184,2.6658163265306123
SLC39A9,0.48214285714285715,0.04846938775510204,2.7270408163265305
SLC3A1,0.6275510204081632,0.015306122448979591,3.270408163265306
SLC3A2,0.5816326530612245,0.007653061224489796,3.0331632653061225
SLC40A1,0.4744897959183674,0.03826530612244898,2.818877551020408
SLC44A2,0.5637755102040817,0.05102040816326531,2.9260204081632653
SLC45A2,0.7091836734693877,0.007653061224489796,4.005102040816326
SLC47A1,0.4260204081632653,0.09183673469387756,2.8392857142857144
SLC4A1,0.6147959183673469,0.017857142857142856,3.2066326530612246
SLC4A4,0.5127551020408163,0.03826530612244898,2.982142857142857
SLC4A7,0.5663265306122449,0.030612244897959183,3.2933673469387754
SLC51A,0.6989795918367347,0.007653061224489796,3.688775510204082
SLC51B,0.5051020408163265,0.04846938775510204,2.6785714285714284
SLC5A1,0.5127551020408163,0.06887755102040816,2.943877551020408
SLC5A2,0.5739795918367347,0.025510204081632654,3.0051020408163267
SLC5A4,0.5102040816326531,0.06887755102040816,2.8903061224489797
SLC5A6,0.6275510204081632,0.017857142857142856,3.2908163265306123
SLC5A7,0.5433673469387755,0.03316326530612245,3.00765306122449
SLC5A8,0.6020408163265306,0.025510204081632654,3.0153061224489797
SLC6A1,0.6045918367346939,0.025510204081632654,3.7193877551020407
SLC6A17,0.5739795918367347,0.03571428571428571,2.943877551020408
SLC6A3,0.7117346938775511,0.017857142857142856,4.137755102040816
SLC6A4,0.6377551020408163,0.012755102040816327,3.441326530612245
SLC6A9,0.5969387755102041,0.017857142857142856,3.076530612244898
SLC7A10,0.6326530612244898,0.015306122448979591,3.4872448979591835
SLC7A11,0.45153061224489793,0.06377551020408163,2.6760204081632653
SLC7A5,0.5102040816326531,0.04336734693877551,2.9260204081632653
SLC7A6,0.5280612244897959,0.03571428571428571,3.0433673469387754
SLC7A7,0.5102040816326531,0.04336734693877551,2.872448979591837
SLC7A8,0.5127551020408163,0.04336734693877551,2.8903061224489797
SLC7A9,0.6377551020408163,0.015306122448979591,3.5331632653061225
SLC8A1,0.625,0.015306122448979591,3.2933673469387754
SLC8A2,0.6326530612244898,0.025510204081632654,3.247448979591837
SLC8A3,0.4872448979591837,0.04846938775510204,2.7551020408163267
SLC9A1,0.5561224489795918,0.04081632653061224,2.8801020408163267
SLC9A2,0.5714285714285714,0.02806122448979592,3.107142857142857
SLC9A3,0.7117346938775511,0.01020408163265306,4.130102040816326
SLC9A5,0.5229591836734694,0.03571428571428571,2.989795918367347
SLCO1A2,0.6071428571428571,0.02040816326530612,3.2142857142857144
SLCO1B1,0.6071428571428571,0.02040816326530612,3.2219387755102042
SLCO1C1,0.6071428571428571,0.017857142857142856,3.2193877551020407
SLCO4C1,0.3903061224489796,0.10714285714285714,2.5255102040816326
SLF1,0.39540816326530615,0.10204081632653061,2.482142857142857
SLIRP,0.5102040816326531,0.04591836734693878,2.806122448979592
SLIT1,0.43112244897959184,0.07653061224489796,2.5816326530612246
SLIT2,0.47959183673469385,0.05612244897959184,2.7780612244897958
SLIT3,0.4030612244897959,0.10459183673469388,2.502551020408163
SLITRK1,0.5433673469387755,0.030612244897959183,3.163265306122449
SLITRK5,0.5612244897959183,0.015306122448979591,3.1760204081632653
SLK,0.4260204081632653,0.07908163265306123,2.5714285714285716
SLMAP,0.47959183673469385,0.07142857142857142,2.8622448979591835
SLN,0.44387755102040816,0.06887755102040816,2.795918367346939
SLPI,0.7219387755102041,0.00510204081632653,3.892857142857143
SLTM,0.4923469387755102,0.058673469387755105,2.6505102040816326
SLU7,0.40561224489795916,0.09438775510204081,2.510204081632653
SLURP1,0.7040816326530612,0.01020408163265306,3.8877551020408165
SLX4,0.42346938775510207,0.07908163265306123,2.5841836734693877
SMAD1,0.45663265306122447,0.061224489795918366,2.7780612244897958
SMAD2,0.42857142857142855,0.09693877551020408,2.627551020408163
SMAD3,0.5102040816326531,0.04591836734693878,2.686224489795918
SMAD4,0.40816326530612246,0.11224489795918367,2.5408163265306123
SMAD5,0.413265306122449,0.09438775510204081,2.561224489795918
SMAD6,0.5102040816326531,0.04591836734693878,2.686224489795918
SMAD7,0.42346938775510207,0.09948979591836735,2.61734693877551
SMAD9,0.4846938775510204,0.06377551020408163,2.864795918367347
SMAP1,0.461734693877551,0.06887755102040816,2.6658163265306123
SMAP2,0.6071428571428571,0.017857142857142856,3.4030612244897958
SMARCA1,0.21428571428571427,0.3520408163265306,2.0127551020408165
SMARCA2,0.42091836734693877,0.125,2.7806122448979593
SMARCA4,0.5612244897959183,0.05357142857142857,2.9107142857142856
SMARCA5,0.45663265306122447,0.058673469387755105,2.767857142857143
SMARCAD1,0.461734693877551,0.058673469387755105,2.7219387755102042
SMARCAL1,0.35714285714285715,0.09948979591836735,2.438775510204082
SMARCB1,0.5076530612244898,0.0663265306122449,2.920918367346939
SMARCC1,0.4897959183673469,0.05612244897959184,2.9056122448979593
SMARCC2,0.5994897959183674,0.025510204081632654,3.0127551020408165
SMARCD1,0.5994897959183674,0.025510204081632654,3.0
SMARCD2,0.6938775510204082,0.01020408163265306,3.576530612244898
SMARCD3,0.5867346938775511,0.012755102040816327,3.1989795918367347
SMARCE1,0.6275510204081632,0.012755102040816327,3.2831632653061225
SMC1A,0.22959183673469388,0.32908163265306123,2.063775510204082
SMC1B,0.4413265306122449,0.08673469387755102,2.5841836734693877
SMC2,0.45663265306122447,0.11224489795918367,2.6581632653061225
SMC3,0.42346938775510207,0.08418367346938775,2.561224489795918
SMC4,0.6862244897959183,0.00510204081632653,3.686224489795918
SMC5,0.4489795918367347,0.11989795918367346,2.614795918367347
SMC6,0.6352040816326531,0.017857142857142856,3.3341836734693877
SMCHD1,0.5663265306122449,0.02806122448979592,3.441326530612245
SMDT1,0.44387755102040816,0.07908163265306123,2.5943877551020407
SMG1,0.5357142857142857,0.030612244897959183,2.923469387755102
SMG5,0.6964285714285714,0.012755102040816327,3.61734693877551
SMG6,0.37244897959183676,0.12244897959183673,2.5127551020408165
SMG7,0.6760204081632653,0.02040816326530612,3.436224489795918
SMG9,0.6428571428571429,0.015306122448979591,3.423469387755102
SMN1,0.35714285714285715,0.11989795918367346,2.423469387755102
SMN2,0.35714285714285715,0.11989795918367346,2.423469387755102
SMNDC1,0.42091836734693877,0.08673469387755102,2.5535714285714284
SMO,0.5943877551020408,0.012755102040816327,3.2142857142857144
SMOX,0.6530612244897959,0.012755102040816327,3.443877551020408
SMPD1,0.336734693877551,0.09693877551020408,2.395408163265306
SMPD2,0.413265306122449,0.09438775510204081,2.5051020408163267
SMPD3,0.5280612244897959,0.03571428571428571,3.045918367346939
SMPD4,0.5076530612244898,0.04846938775510204,2.8392857142857144
SMPDL3A,0.4336734693877551,0.07908163265306123,2.5918367346938775
SMS,0.2193877551020408,0.33163265306122447,2.0714285714285716
SMTN,0.5178571428571429,0.0663265306122449,3.002551020408163
SMTNL1,0.5714285714285714,0.015306122448979591,3.0943877551020407
SMU1,0.4260204081632653,0.08163265306122448,2.732142857142857
SMUG1,0.6122448979591837,0.02295918367346939,3.066326530612245
SMURF1,0.6096938775510204,0.00510204081632653,3.3418367346938775
SMURF2,0.6964285714285714,0.01020408163265306,3.558673469387755
SMYD1,0.6326530612244898,0.02040816326530612,3.260204081632653
SMYD2,0.6301020408163265,0.02806122448979592,3.127551020408163
SMYD3,0.6505102040816326,0.02040816326530612,3.247448979591837
SNAI1,0.7219387755102041,0.00510204081632653,3.7066326530612246
SNAI2,0.673469387755102,0.02806122448979592,3.691326530612245
SNAI3,0.5127551020408163,0.04336734693877551,2.933673469387755
SNAP23,0.46683673469387754,0.061224489795918366,2.614795918367347
SNAP25,0.6581632653061225,0.012755102040816327,3.520408163265306
SNAP29,0.5331632653061225,0.05612244897959184,3.186224489795918
SNAP47,0.6632653061224489,0.02040816326530612,3.2346938775510203
SNAP91,0.42857142857142855,0.07908163265306123,2.5943877551020407
SNAPC1,0.46938775510204084,0.04846938775510204,2.7372448979591835
SNAPC2,0.5561224489795918,0.058673469387755105,2.8494897959183674
SNAPC3,0.3852040816326531,0.14540816326530612,2.6403061224489797
SNAPC4,0.4719387755102041,0.09948979591836735,2.704081632653061
SNAPC5,0.5102040816326531,0.04846938775510204,2.683673469387755
SNAPIN,0.7091836734693877,0.01020408163265306,3.795918367346939
SNCA,0.45918367346938777,0.04846938775510204,2.747448979591837
SNCAIP,0.40561224489795916,0.10204081632653061,2.5153061224489797
SNCB,0.40561224489795916,0.09693877551020408,2.5127551020408165
SND1,0.5918367346938775,0.015306122448979591,3.201530612244898
SNF8,0.6377551020408163,0.015306122448979591,3.3214285714285716
SNIP1,0.5867346938775511,0.02040816326530612,3.045918367346939
SNRNP200,0.5790816326530612,0.025510204081632654,3.170918367346939
SNRNP35,0.6173469387755102,0.02295918367346939,3.0331632653061225
SNRNP40,0.5688775510204082,0.03571428571428571,2.9260204081632653
SNRNP48,0.5994897959183674,0.017857142857142856,3.357142857142857
SNRNP70,0.6377551020408163,0.025510204081632654,3.267857142857143
SNRPA,0.6428571428571429,0.02040816326530612,3.5153061224489797
SNRPA1,0.5153061224489796,0.05357142857142857,2.74234693877551
SNRPB,0.6556122448979592,0.012755102040816327,3.451530612244898
SNRPB2,0.6658163265306123,0.012755102040816327,3.5357142857142856
SNRPC,0.5790816326530612,0.017857142857142856,3.0
SNRPD1,0.5561224489795918,0.03826530612244898,3.020408163265306
SNRPD2,0.6403061224489796,0.017857142857142856,3.38265306122449
SNRPD3,0.5051020408163265,0.0663265306122449,2.923469387755102
SNRPE,0.6326530612244898,0.02040816326530612,3.0918367346938775
SNRPF,0.5994897959183674,0.025510204081632654,3.0153061224489797
SNRPG,0.6377551020408163,0.017857142857142856,3.395408163265306
SNRPN,0.5178571428571429,0.05102040816326531,2.808673469387755
SNTA1,0.7219387755102041,0.0,3.941326530612245
SNTB1,0.7117346938775511,0.012755102040816327,4.051020408163265
SNTB2,0.5255102040816326,0.03826530612244898,3.061224489795918
SNTG2,0.6224489795918368,0.02040816326530612,3.329081632653061
SNU13,0.44387755102040816,0.07908163265306123,2.5892857142857144
SNUPN,0.5076530612244898,0.04846938775510204,2.6989795918367347
SNURF,0.5127551020408163,0.05102040816326531,2.8035714285714284
SNW1,0.5102040816326531,0.04591836734693878,2.8035714285714284
SNX1,0.5127551020408163,0.04846938775510204,2.691326530612245
SNX11,0.6352040816326531,0.015306122448979591,3.3010204081632653
SNX12,0.20408163265306123,0.3469387755102041,2.0255102040816326
SNX17,0.6275510204081632,0.02040816326530612,3.288265306122449
SNX18,0.413265306122449,0.09948979591836735,2.6403061224489797
SNX2,0.40816326530612246,0.09948979591836735,2.520408163265306
SNX20,0.5,0.03826530612244898,2.8520408163265305
SNX24,0.40816326530612246,0.09948979591836735,2.520408163265306
SNX27,0.7117346938775511,0.01020408163265306,3.9285714285714284
SNX3,0.41836734693877553,0.09183673469387756,2.566326530612245
SNX4,0.6658163265306123,0.015306122448979591,3.5
SNX5,0.6556122448979592,0.012755102040816327,3.5331632653061225
SNX6,0.46938775510204084,0.03826530612244898,2.75
SNX7,0.576530612244898,0.03826530612244898,2.941326530612245
SNX8,0.6530612244897959,0.015306122448979591,3.5306122448979593
SNX9,0.42091836734693877,0.07908163265306123,2.545918367346939
SOAT1,0.6862244897959183,0.017857142857142856,3.454081632653061
SOAT2,0.6045918367346939,0.02806122448979592,3.002551020408163
SOCS1,0.5408163265306123,0.03826530612244898,3.048469387755102
SOCS2,0.5969387755102041,0.02806122448979592,3.0255102040816326
SOCS3,0.6836734693877551,0.012755102040816327,3.479591836734694
SOCS6,0.40816326530612246,0.12244897959183673,2.5331632653061225
SOD1,0.5663265306122449,0.030612244897959183,3.170918367346939
SOD2,0.4260204081632653,0.07908163265306123,2.548469387755102
SOD3,0.46938775510204084,0.05357142857142857,2.75
SOHLH1,0.4719387755102041,0.09948979591836735,2.688775510204082
SOHLH2,0.49489795918367346,0.05612244897959184,2.9158163265306123
SON,0.5841836734693877,0.02806122448979592,3.204081632653061
SORBS1,0.42346938775510207,0.07908163265306123,2.568877551020408
SORBS3,0.2423469387755102,0.22704081632653061,2.2193877551020407
SORD,0.4744897959183674,0.05612244897959184,2.6581632653061225
SORL1,0.45408163265306123,0.07653061224489796,2.691326530612245
SORT1,0.5739795918367347,0.03571428571428571,2.9591836734693877
SOS2,0.4897959183673469,0.04336734693877551,2.7806122448979593
SOST,0.6173469387755102,0.02295918367346939,3.2091836734693877
SOSTDC1,0.6632653061224489,0.012755102040816327,3.75765306122449
SOX1,0.5816326530612245,0.015306122448979591,3.2653061224489797
SOX10,0.45918367346938777,0.07397959183673469,2.7091836734693877
SOX13,0.6326530612244898,0.02040816326530612,3.0918367346938775
SOX17,0.6658163265306123,0.017857142857142856,3.673469387755102
SOX2,0.7040816326530612,0.007653061224489796,3.826530612244898
SOX3,0.22193877551020408,0.33163265306122447,2.0408163265306123
SOX4,0.6377551020408163,0.015306122448979591,5.658163265306122
SOX5,0.6122448979591837,0.017857142857142856,3.3520408163265305
SOX6,0.35714285714285715,0.08928571428571429,2.4693877551020407
SOX9,0.6964285714285714,0.01020408163265306,3.5
SP1,0.5969387755102041,0.02806122448979592,2.979591836734694
SP100,0.33418367346938777,0.1096938775510204,2.395408163265306
SP110,0.336734693877551,0.1096938775510204,2.4005102040816326
SP3,0.4846938775510204,0.03826530612244898,2.829081632653061
SP7,0.5969387755102041,0.02806122448979592,2.979591836734694
SPA17,0.45918367346938777,0.07142857142857142,2.7091836734693877
SPACA4,0.6352040816326531,0.025510204081632654,3.2448979591836733
SPAG1,0.7244897959183674,0.01020408163265306,5.045918367346939
SPAG16,0.3596938775510204,0.09693877551020408,2.4668367346938775
SPAG17,0.6020408163265306,0.025510204081632654,3.1096938775510203
SPAG4,0.7219387755102041,0.002551020408163265,3.872448979591837
SPAG5,0.6479591836734694,0.012755102040816327,3.4668367346938775
SPAG6,0.5816326530612245,0.04846938775510204,3.2193877551020407
SPAG7,0.37755102040816324,0.11989795918367346,2.489795918367347
SPAG9,0.6403061224489796,0.015306122448979591,3.354591836734694
SPARC,0.41581632653061223,0.08673469387755102,2.5433673469387754
SPARCL1,0.46683673469387754,0.04846938775510204,2.7806122448979593
SPART,0.4923469387755102,0.058673469387755105,2.9005102040816326
SPATA13,0.5357142857142857,0.02295918367346939,3.048469387755102
SPATA2,0.7219387755102041,0.00510204081632653,3.7066326530612246
SPATC1,0.6989795918367347,0.01020408163265306,3.857142857142857
SPC24,0.5637755102040817,0.05357142857142857,2.9158163265306123
SPC25,0.4872448979591837,0.03571428571428571,2.8341836734693877
SPCS1,0.46683673469387754,0.07142857142857142,2.864795918367347
SPCS2,0.5561224489795918,0.025510204081632654,3.017857142857143
SPCS3,0.40816326530612246,0.09438775510204081,2.5943877551020407
SPDL1,0.40561224489795916,0.10459183673469388,2.5051020408163267
SPDYA,0.6301020408163265,0.015306122448979591,3.313775510204082
SPECC1,0.42857142857142855,0.08418367346938775,2.857142857142857
SPEN,0.5663265306122449,0.03571428571428571,2.954081632653061
SPG11,0.4719387755102041,0.05612244897959184,2.6505102040816326
SPG7,0.5102040816326531,0.05102040816326531,2.9056122448979593
SPHK1,0.6887755102040817,0.012755102040816327,3.482142857142857
SPHK2,0.6352040816326531,0.025510204081632654,3.2448979591836733
SPHKAP,0.336734693877551,0.11734693877551021,2.3903061224489797
SPI1,0.4387755102040816,0.07142857142857142,2.61734693877551
SPIB,0.6352040816326531,0.025510204081632654,3.2806122448979593
SPIC,0.6020408163265306,0.025510204081632654,2.99234693877551
SPICE1,0.6505102040816326,0.015306122448979591,3.482142857142857
SPIN1,0.461734693877551,0.11479591836734694,2.7142857142857144
SPINK1,0.42091836734693877,0.08418367346938775,2.5433673469387754
SPINK2,0.5255102040816326,0.025510204081632654,2.9285714285714284
SPINK5,0.42091836734693877,0.08418367346938775,2.5433673469387754
SPINK6,0.42091836734693877,0.08418367346938775,2.5433673469387754
SPINK9,0.42346938775510207,0.08418367346938775,2.545918367346939
SPINT1,0.4642857142857143,0.06377551020408163,2.604591836734694
SPINT2,0.6479591836734694,0.015306122448979591,3.7755102040816326
SPIRE1,0.5586734693877551,0.03571428571428571,3.270408163265306
SPIRE2,0.5127551020408163,0.04846938775510204,2.9030612244897958
SPN,0.5816326530612245,0.02040816326530612,3.11734693877551
SPNS1,0.5790816326530612,0.02295918367346939,3.107142857142857
SPNS3,0.3826530612244898,0.11989795918367346,2.5051020408163267
SPO11,0.6989795918367347,0.012755102040816327,3.6122448979591835
SPOCK3,0.43112244897959184,0.07653061224489796,2.6198979591836733
SPON1,0.3494897959183674,0.09183673469387756,2.4872448979591835
SPOP,0.6352040816326531,0.015306122448979591,3.3214285714285716
SPOPL,0.5051020408163265,0.04591836734693878,2.813775510204082
SPP1,0.46683673469387754,0.04846938775510204,2.7653061224489797
SPP2,0.34183673469387754,0.10714285714285714,2.4030612244897958
SPPL2A,0.5025510204081632,0.05612244897959184,2.711734693877551
SPPL2B,0.5255102040816326,0.0663265306122449,2.7806122448979593
SPPL3,0.6173469387755102,0.02040816326530612,3.048469387755102
SPR,0.6326530612244898,0.017857142857142856,3.3443877551020407
SPRED1,0.46683673469387754,0.061224489795918366,2.614795918367347
SPRED2,0.6352040816326531,0.017857142857142856,3.3443877551020407
SPRED3,0.6454081632653061,0.015306122448979591,3.7468030690537084
SPRR1A,0.7117346938775511,0.01020408163265306,3.7908163265306123
SPRR1B,0.7091836734693877,0.01020408163265306,3.798469387755102
SPRR2A,0.7091836734693877,0.01020408163265306,3.798469387755102
SPRR2E,0.7117346938775511,0.01020408163265306,3.8239795918367347
SPRR2G,0.7117346938775511,0.01020408163265306,3.8239795918367347
SPRR3,0.7117346938775511,0.01020408163265306,3.7908163265306123
SPRTN,0.6607142857142857,0.02040816326530612,3.2448979591836733
SPRY1,0.45408163265306123,0.06377551020408163,2.6658163265306123
SPRY2,0.5357142857142857,0.03571428571428571,3.127551020408163
SPRY3,0.2780612244897959,0.3647959183673469,2.0816326530612246
SPRY4,0.41836734693877553,0.08163265306122448,2.5535714285714284
SPSB1,0.5739795918367347,0.03826530612244898,2.9744897959183674
SPSB4,0.6760204081632653,0.01020408163265306,3.5510204081632653
SPTAN1,0.46683673469387754,0.09693877551020408,2.673469387755102
SPTBN1,0.6428571428571429,0.017857142857142856,3.38265306122449
SPTBN2,0.5969387755102041,0.012755102040816327,3.13265306122449
SPTBN4,0.6377551020408163,0.02040816326530612,3.5306122448979593
SPTBN5,0.46683673469387754,0.061224489795918366,2.622448979591837
SPTLC1,0.45918367346938777,0.1096938775510204,2.681122448979592
SPTLC2,0.5102040816326531,0.04591836734693878,2.806122448979592
SPTLC3,0.6581632653061225,0.01020408163265306,3.556122448979592
SPTSSA,0.4744897959183674,0.03826530612244898,2.75765306122449
SPTSSB,0.6887755102040817,0.00510204081632653,3.693877551020408
SQLE,0.7142857142857143,0.01020408163265306,4.114795918367347
SQOR,0.47959183673469385,0.05612244897959184,2.673469387755102
SQSTM1,0.41836734693877553,0.09183673469387756,2.5280612244897958
SRA1,0.41581632653061223,0.08418367346938775,2.5433673469387754
SRC,0.7142857142857143,0.00510204081632653,3.6964285714285716
SRCAP,0.576530612244898,0.02295918367346939,3.020408163265306
SRCIN1,0.6301020408163265,0.017857142857142856,3.3979591836734695
SRD5A2,0.6301020408163265,0.017857142857142856,3.311224489795918
SRD5A3,0.5357142857142857,0.025510204081632654,2.9872448979591835
SREBF1,0.35714285714285715,0.11224489795918367,2.4489795918367347
SREBF2,0.44387755102040816,0.07908163265306123,2.5943877551020407
SREK1,0.3494897959183674,0.12244897959183673,2.4005102040816326
SRF,0.5663265306122449,0.017857142857142856,3.163265306122449
SRGAP1,0.5994897959183674,0.030612244897959183,3.086734693877551
SRGAP2,0.6352040816326531,0.025510204081632654,3.13265306122449
SRGAP3,0.6096938775510204,0.02295918367346939,3.6683673469387754
SRGN,0.45408163265306123,0.05357142857142857,2.6964285714285716
SRI,0.6020408163265306,0.00510204081632653,3.313775510204082
SRL,0.42857142857142855,0.07142857142857142,2.5969387755102042
SRM,0.5688775510204082,0.03826530612244898,2.9770408163265305
SRP14,0.45918367346938777,0.06377551020408163,2.604591836734694
SRP19,0.3979591836734694,0.1096938775510204,2.50765306122449
SRP54,0.46938775510204084,0.03571428571428571,2.747448979591837
SRP68,0.6887755102040817,0.01020408163265306,3.4948979591836733
SRP9,0.6607142857142857,0.02040816326530612,3.2091836734693877
SRPK1,0.5739795918367347,0.015306122448979591,3.0153061224489797
SRPK2,0.5943877551020408,0.007653061224489796,3.239795918367347
SRPRA,0.461734693877551,0.07142857142857142,2.7168367346938775
SRPRB,0.6658163265306123,0.015306122448979591,3.520408163265306
SRPX2,0.22193877551020408,0.3392857142857143,2.0331632653061225
SRR,0.37244897959183676,0.12244897959183673,2.5127551020408165
SRRM1,0.5739795918367347,0.03571428571428571,2.9770408163265305
SRRM2,0.4362244897959184,0.0663265306122449,2.625
SRRM4,0.6224489795918368,0.02040816326530612,3.058673469387755
SRRT,0.6071428571428571,0.00510204081632653,3.298469387755102
SRSF1,0.6581632653061225,0.02040816326530612,3.461734693877551
SRSF10,0.5714285714285714,0.03571428571428571,2.9489795918367347
SRSF11,0.5790816326530612,0.02806122448979592,2.9770408163265305
SRSF12,0.42346938775510207,0.08163265306122448,2.556122448979592
SRSF2,0.6862244897959183,0.012755102040816327,3.4693877551020407
SRSF3,0.5739795918367347,0.02040816326530612,3.0306122448979593
SRSF4,0.5663265306122449,0.03571428571428571,2.9183673469387754
SRSF5,0.4846938775510204,0.04846938775510204,2.739795918367347
SRSF6,0.7219387755102041,0.002551020408163265,3.951530612244898
SRSF7,0.625,0.017857142857142856,3.2780612244897958
SRSF8,0.49744897959183676,0.04081632653061224,2.854591836734694
SRSF9,0.6198979591836735,0.02040816326530612,3.048469387755102
SRXN1,0.6556122448979592,0.01020408163265306,3.451530612244898
SS18,0.5076530612244898,0.06377551020408163,2.9260204081632653
SS18L1,0.6913265306122449,0.012755102040816327,3.566326530612245
SSB,0.4846938775510204,0.03826530612244898,2.8239795918367347
SSBP1,0.5943877551020408,0.012755102040816327,3.2142857142857144
SSBP2,0.39540816326530615,0.10459183673469388,2.489795918367347
SSBP4,0.5663265306122449,0.04591836734693878,2.86734693877551
SSH1,0.6173469387755102,0.02040816326530612,3.0408163265306123
SSH2,0.6428571428571429,0.012755102040816327,3.4846938775510203
SSH3,0.6071428571428571,0.012755102040816327,3.170918367346939
SSNA1,0.47959183673469385,0.09948979591836735,2.7244897959183674
SSPN,0.6147959183673469,0.02295918367346939,3.4005102040816326
SSR1,0.5994897959183674,0.017857142857142856,3.357142857142857
SSR2,0.701530612244898,0.012755102040816327,3.6403061224489797
SSR3,0.6862244897959183,0.00510204081632653,3.63265306122449
SSR4,0.23469387755102042,0.33418367346938777,2.066326530612245
SSRP1,0.5688775510204082,0.015306122448979591,3.063775510204082
SSTR1,0.4719387755102041,0.04336734693877551,2.7448979591836733
SSTR2,0.6913265306122449,0.01020408163265306,3.50765306122449
SSTR3,0.45918367346938777,0.07397959183673469,2.732142857142857
SSTR5,0.4413265306122449,0.0663265306122449,2.63265306122449
SSU72,0.5714285714285714,0.03826530612244898,2.99234693877551
SSX1,0.22959183673469388,0.34183673469387754,2.045918367346939
SSX2,0.22448979591836735,0.336734693877551,2.0460358056265986
SSX2B,0.22448979591836735,0.3392857142857143,2.0433673469387754
SSX2IP,0.5790816326530612,0.03826530612244898,2.9566326530612246
SSX3,0.22959183673469388,0.34183673469387754,2.045918367346939
SSX7,0.22704081632653061,0.336734693877551,2.0510204081632653
ST13,0.43112244897959184,0.07397959183673469,2.5841836734693877
ST14,0.4642857142857143,0.07653061224489796,2.7219387755102042
ST3GAL1,0.7066326530612245,0.01020408163265306,3.9872448979591835
ST3GAL2,0.5280612244897959,0.03571428571428571,3.0510204081632653
ST3GAL3,0.5969387755102041,0.017857142857142856,3.0918367346938775
ST3GAL4,0.4642857142857143,0.07142857142857142,2.7219387755102042
ST3GAL5,0.6403061224489796,0.02040816326530612,3.3010204081632653
ST3GAL6,0.6530612244897959,0.017857142857142856,3.4744897959183674
ST6GAL1,0.6964285714285714,0.00510204081632653,3.75765306122449
ST6GAL2,0.5561224489795918,0.03316326530612245,3.0255102040816326
ST6GALNAC1,0.6887755102040817,0.012755102040816327,3.482142857142857
ST6GALNAC2,0.6913265306122449,0.012755102040816327,3.4846938775510203
ST6GALNAC3,0.5867346938775511,0.025510204081632654,3.1020408163265305
ST6GALNAC4,0.4719387755102041,0.09693877551020408,2.673469387755102
ST6GALNAC5,0.5841836734693877,0.025510204081632654,3.0943877551020407
ST8SIA1,0.6071428571428571,0.02040816326530612,3.2551020408163267
ST8SIA2,0.5204081632653061,0.05357142857142857,2.747448979591837
ST8SIA4,0.3979591836734694,0.10459183673469388,2.520408163265306
ST8SIA5,0.4362244897959184,0.09183673469387756,2.6530612244897958
STAB1,0.46683673469387754,0.07142857142857142,2.854591836734694
STAB2,0.6020408163265306,0.030612244897959183,2.99234693877551
STAC,0.548469387755102,0.030612244897959183,3.2346938775510203
STAG1,0.673469387755102,0.012755102040816327,3.545918367346939
STAG2,0.2193877551020408,0.3469387755102041,2.0229591836734695
STAG3,0.6071428571428571,0.007653061224489796,3.318877551020408
STAM,0.6173469387755102,0.03571428571428571,3.375
STAM2,0.4897959183673469,0.04081632653061224,2.7933673469387754
STAMBP,0.6326530612244898,0.02040816326530612,3.3443877551020407
STAP1,0.5127551020408163,0.03571428571428571,2.8239795918367347
STAP2,0.5178571428571429,0.06887755102040816,2.770408163265306
STAR,0.45918367346938777,0.10204081632653061,3.329081632653061
STARD13,0.5229591836734694,0.04336734693877551,3.0510204081632653
STARD3,0.6326530612244898,0.015306122448979591,3.7193877551020407
STARD3NL,0.6479591836734694,0.02040816326530612,3.489795918367347
STARD8,0.20408163265306123,0.3494897959183674,1.9923469387755102
STAT1,0.4744897959183674,0.04336734693877551,2.806122448979592
STAT2,0.6020408163265306,0.025510204081632654,3.0153061224489797
STAT3,0.6301020408163265,0.015306122448979591,3.2193877551020407
STAT4,0.4744897959183674,0.04336734693877551,2.7857142857142856
STAT5A,0.6275510204081632,0.015306122448979591,3.211734693877551
STAT5B,0.6275510204081632,0.015306122448979591,3.211734693877551
STAT6,0.5969387755102041,0.02806122448979592,3.010204081632653
STATH,0.5,0.03826530612244898,2.857142857142857
STAU1,0.7193877551020408,0.00510204081632653,3.7066326530612246
STBD1,0.49744897959183676,0.03571428571428571,2.9056122448979593
STC2,0.413265306122449,0.09948979591836735,2.5229591836734695
STEAP3,0.5306122448979592,0.03826530612244898,2.8877551020408165
STH,0.6198979591836735,0.017857142857142856,3.239795918367347
STIL,0.5994897959183674,0.02040816326530612,3.0739795918367347
STIM1,0.33418367346938777,0.09948979591836735,2.395408163265306
STIM2,0.46938775510204084,0.05612244897959184,2.7448979591836733
STIP1,0.5714285714285714,0.012755102040816327,3.020408163265306
STK10,0.4107142857142857,0.10204081632653061,2.5051020408163267
STK11,0.5153061224489796,0.07142857142857142,2.747448979591837
STK24,0.5816326530612245,0.015306122448979591,3.201530612244898
STK25,0.35459183673469385,0.13010204081632654,2.395408163265306
STK26,0.21428571428571427,0.3469387755102041,2.0127551020408165
STK3,0.7219387755102041,0.01020408163265306,4.446428571428571
STK35,0.6556122448979592,0.012755102040816327,3.443877551020408
STK36,0.35459183673469385,0.10204081632653061,2.433673469387755
STK38,0.5739795918367347,0.02040816326530612,3.045918367346939
STK38L,0.6147959183673469,0.02295918367346939,3.2933673469387754
STK39,0.4846938775510204,0.03571428571428571,2.8418367346938775
STK4,0.7244897959183674,0.00510204081632653,3.9183673469387754
STK40,0.5714285714285714,0.02806122448979592,2.9668367346938775
STMN1,0.5612244897959183,0.03316326530612245,2.943877551020408
STMN4,0.25510204081632654,0.21683673469387754,2.2551020408163267
STN1,0.4260204081632653,0.07908163265306123,2.5714285714285716
STOM,0.45408163265306123,0.09948979591836735,2.645408163265306
STOML2,0.43112244897959184,0.08163265306122448,2.760204081632653
STOML3,0.4744897959183674,0.07397959183673469,2.8596938775510203
STON1,0.6326530612244898,0.015306122448979591,3.318877551020408
STON2,0.5178571428571429,0.03826530612244898,2.8596938775510203
STRA6,0.5076530612244898,0.04846938775510204,2.711734693877551
STRA8,0.5918367346938775,0.015306122448979591,3.2346938775510203
STRADA,0.6938775510204082,0.01020408163265306,3.576530612244898
STRADB,0.4413265306122449,0.06377551020408163,2.6377551020408165
STRAP,0.6045918367346939,0.02295918367346939,3.1658163265306123
STRBP,0.45663265306122447,0.09693877551020408,2.6505102040816326
STRIP1,0.5739795918367347,0.03571428571428571,2.938775510204082
STRIP2,0.5943877551020408,0.012755102040816327,3.2142857142857144
STRN,0.625,0.015306122448979591,3.2857142857142856
STRN3,0.48214285714285715,0.04081632653061224,2.7806122448979593
STRN4,0.6377551020408163,0.02295918367346939,3.267857142857143
STS,0.21683673469387754,0.37755102040816324,1.9948979591836735
STT3A,0.45918367346938777,0.07142857142857142,2.711734693877551
STT3B,0.5612244897959183,0.030612244897959183,3.2755102040816326
STUB1,0.44387755102040816,0.06377551020408163,2.6377551020408165
STX10,0.5535714285714286,0.04846938775510204,2.8418367346938775
STX11,0.4387755102040816,0.06887755102040816,2.604591836734694
STX12,0.5586734693877551,0.03826530612244898,2.8877551020408165
STX16,0.701530612244898,0.01020408163265306,3.61734693877551
STX17,0.4413265306122449,0.1096938775510204,2.635204081632653
STX18,0.4846938775510204,0.05612244897959184,2.767857142857143
STX19,0.6530612244897959,0.017857142857142856,3.5714285714285716
STX1A,0.6071428571428571,0.00510204081632653,3.2857142857142856
STX1B,0.576530612244898,0.025510204081632654,3.0051020408163267
STX2,0.5969387755102041,0.03571428571428571,2.997448979591837
STX3,0.5790816326530612,0.012755102040816327,3.068877551020408
STX4,0.576530612244898,0.025510204081632654,3.0127551020408165
STX5,0.5816326530612245,0.007653061224489796,3.0331632653061225
STX6,0.6760204081632653,0.017857142857142856,3.4107142857142856
STX7,0.44642857142857145,0.06887755102040816,2.6301020408163267
STX8,0.35714285714285715,0.12244897959183673,2.436224489795918
STXBP1,0.46938775510204084,0.09693877551020408,2.6658163265306123
STXBP2,0.5586734693877551,0.058673469387755105,2.8494897959183674
STXBP3,0.576530612244898,0.03571428571428571,2.961734693877551
STXBP4,0.6505102040816326,0.012755102040816327,3.441326530612245
STXBP5,0.4413265306122449,0.06887755102040816,2.579081632653061
STXBP5L,0.6658163265306123,0.015306122448979591,3.497448979591837
STXBP6,0.49744897959183676,0.04336734693877551,2.818877551020408
SUB1,0.7117346938775511,0.01020408163265306,3.9693877551020407
SUCLG1,0.6454081632653061,0.02295918367346939,3.311224489795918
SUCLG2,0.48214285714285715,0.07397959183673469,2.9183673469387754
SUCNR1,0.6862244897959183,0.00510204081632653,3.6581632653061225
SUDS3,0.6326530612244898,0.02040816326530612,3.0943877551020407
SUFU,0.41581632653061223,0.08163265306122448,2.5510204081632653
SUGP1,0.5637755102040817,0.04336734693877551,2.9642857142857144
SUGT1,0.4489795918367347,0.08928571428571429,2.7780612244897958
SULT1A2,0.576530612244898,0.02295918367346939,3.1122448979591835
SULT1E1,0.5051020408163265,0.03826530612244898,2.864795918367347
SULT2A1,0.6326530612244898,0.02806122448979592,3.260204081632653
SULT2B1,0.6326530612244898,0.025510204081632654,3.252551020408163
SULT4A1,0.4489795918367347,0.08163265306122448,2.5918367346938775
SUMF1,0.5790816326530612,0.02295918367346939,3.4030612244897958
SUMF2,0.6658163265306123,0.012755102040816327,3.760204081632653
SUMO1,0.4362244897959184,0.061224489795918366,2.635204081632653
SUMO2,0.6913265306122449,0.01020408163265306,3.482142857142857
SUMO3,0.5612244897959183,0.04336734693877551,3.135204081632653
SUN1,0.6556122448979592,0.017857142857142856,3.5280612244897958
SUN2,0.45153061224489793,0.07653061224489796,2.693877551020408
SUOX,0.6045918367346939,0.025510204081632654,3.0306122448979593
SUPT16H,0.5051020408163265,0.04081632653061224,2.8469387755102042
SUPT20H,0.4872448979591837,0.061224489795918366,2.864795918367347
SUPT3H,0.5637755102040817,0.02040816326530612,3.086734693877551
SUPT4H1,0.6658163265306123,0.017857142857142856,3.479591836734694
SUPT5H,0.6326530612244898,0.017857142857142856,3.5408163265306123
SUPT6H,0.6479591836734694,0.012755102040816327,3.4693877551020407
SUPT7L,0.6275510204081632,0.015306122448979591,3.298469387755102
SUPV3L1,0.45408163265306123,0.05357142857142857,2.6964285714285716
SURF1,0.4744897959183674,0.09438775510204081,2.701530612244898
SURF4,0.4744897959183674,0.09438775510204081,2.701530612244898
SURF6,0.4744897959183674,0.09438775510204081,2.701530612244898
SUV39H1,0.22704081632653061,0.34183673469387754,2.0357142857142856
SUV39H2,0.6173469387755102,0.03571428571428571,3.4005102040816326
SUZ12,0.6326530612244898,0.012755102040816327,3.510204081632653
SV2A,0.7117346938775511,0.01020408163265306,3.854591836734694
SV2B,0.5204081632653061,0.05102040816326531,2.7346938775510203
SVIL,0.5841836734693877,0.04591836734693878,3.193877551020408
SVIP,0.3647959183673469,0.09183673469387756,2.482142857142857
SWSAP1,0.5637755102040817,0.05102040816326531,2.913265306122449
SYBU,0.7142857142857143,0.012755102040816327,4.084183673469388
SYCE1,0.45408163265306123,0.0663265306122449,2.6607142857142856
SYCE2,0.5510204081632653,0.04846938775510204,2.8418367346938775
SYCE3,0.43112244897959184,0.09693877551020408,2.548469387755102
SYCN,0.6352040816326531,0.017857142857142856,3.642857142857143
SYCP1,0.5892857142857143,0.02806122448979592,3.0331632653061225
SYCP2,0.6964285714285714,0.012755102040816327,3.5918367346938775
SYCP3,0.6045918367346939,0.025510204081632654,3.104591836734694
SYDE1,0.5586734693877551,0.04846938775510204,2.877551020408163
SYDE2,0.576530612244898,0.04081632653061224,2.9591836734693877
SYF2,0.5688775510204082,0.03316326530612245,2.9642857142857144
SYK,0.45918367346938777,0.1096938775510204,2.673469387755102
SYMPK,0.6403061224489796,0.017857142857142856,3.377551020408163
SYN1,0.22959183673469388,0.34183673469387754,2.048469387755102
SYN2,0.6096938775510204,0.02040816326530612,4.415816326530612
SYN3,0.5,0.07142857142857142,2.875
SYNC,0.5714285714285714,0.03316326530612245,2.9081632653061225
SYNCRIP,0.43112244897959184,0.07653061224489796,2.556122448979592
SYNE1,0.4260204081632653,0.07397959183673469,2.5433673469387754
SYNE2,0.4719387755102041,0.04591836734693878,2.7346938775510203
SYNE4,0.6403061224489796,0.012755102040816327,3.520408163265306
SYNGAP1,0.5790816326530612,0.017857142857142856,3.002551020408163
SYNGR1,0.4489795918367347,0.07653061224489796,2.6683673469387754
SYNGR2,0.6836734693877551,0.012755102040816327,3.479591836734694
SYNJ1,0.5688775510204082,0.02806122448979592,3.173469387755102
SYNJ2,0.42091836734693877,0.07908163265306123,2.545918367346939
SYNJ2BP,0.4846938775510204,0.04846938775510204,2.752551020408163
SYNM,0.5178571428571429,0.05102040816326531,2.7270408163265305
SYNPO,0.42091836734693877,0.08673469387755102,2.548469387755102
SYNPR,0.4770408163265306,0.07142857142857142,2.9260204081632653
SYNRG,0.625,0.012755102040816327,3.375
SYP,0.22704081632653061,0.34183673469387754,2.0357142857142856
SYS1,0.7219387755102041,0.00510204081632653,3.9005102040816326
SYT1,0.5790816326530612,0.03316326530612245,2.9846938775510203
SYT10,0.6275510204081632,0.015306122448979591,3.3316326530612246
SYT11,0.701530612244898,0.012755102040816327,3.6658163265306123
SYT12,0.6096938775510204,0.012755102040816327,3.181122448979592
SYT2,0.625,0.025510204081632654,3.0714285714285716
SYT3,0.6352040816326531,0.025510204081632654,3.2780612244897958
SYT4,0.44387755102040816,0.09438775510204081,2.6964285714285716
SYT5,0.6556122448979592,0.025510204081632654,3.433673469387755
SYT6,0.5918367346938775,0.030612244897959183,3.0255102040816326
SYT7,0.5816326530612245,0.01020408163265306,3.0408163265306123
SYT9,0.336734693877551,0.09693877551020408,2.395408163265306
SYTL1,0.5586734693877551,0.03826530612244898,2.8801020408163267
SYTL2,0.5102040816326531,0.04081632653061224,2.9285714285714284
SYTL4,0.22193877551020408,0.3392857142857143,2.0331632653061225
SYVN1,0.5739795918367347,0.012755102040816327,3.0408163265306123
SZT2,0.5969387755102041,0.017857142857142856,3.104591836734694
TAAR1,0.44387755102040816,0.06887755102040816,2.6198979591836733
TAAR9,0.44387755102040816,0.06887755102040816,2.625
TAB1,0.44642857142857145,0.07908163265306123,2.6581632653061225
TAB2,0.4336734693877551,0.07142857142857142,2.5535714285714284
TAB3,0.2372448979591837,0.3392857142857143,2.114795918367347
TAC1,0.6096938775510204,0.00510204081632653,3.318877551020408
TACC1,0.461734693877551,0.09693877551020408,3.288265306122449
TACC2,0.44387755102040816,0.07397959183673469,2.6556122448979593
TACC3,0.49744897959183676,0.05357142857142857,2.8801020408163267
TACO1,0.6938775510204082,0.01020408163265306,3.576530612244898
TACR1,0.6352040816326531,0.02040816326530612,3.3418367346938775
TACR2,0.45408163265306123,0.05357142857142857,2.701530612244898
TACR3,0.45663265306122447,0.058673469387755105,2.6683673469387754
TADA1,0.7040816326530612,0.012755102040816327,3.99234693877551
TADA2A,0.6224489795918368,0.012755102040816327,3.311224489795918
TADA2B,0.4897959183673469,0.058673469387755105,2.7908163265306123
TADA3,0.6122448979591837,0.02295918367346939,3.6530612244897958
TAF1,0.2066326530612245,0.3469387755102041,2.0229591836734695
TAF10,0.336734693877551,0.09693877551020408,2.395408163265306
TAF11,0.5790816326530612,0.017857142857142856,2.989795918367347
TAF12,0.5637755102040817,0.03826530612244898,2.8877551020408165
TAF13,0.5739795918367347,0.03571428571428571,2.9591836734693877
TAF15,0.6224489795918368,0.015306122448979591,3.267857142857143
TAF1A,0.6530612244897959,0.02295918367346939,3.2142857142857144
TAF1B,0.6377551020408163,0.017857142857142856,3.4668367346938775
TAF1C,0.5102040816326531,0.04846938775510204,2.895408163265306
TAF1D,0.49744897959183676,0.04336734693877551,2.9056122448979593
TAF2,0.7193877551020408,0.01020408163265306,4.104591836734694
TAF3,0.6683673469387755,0.02295918367346939,4.038265306122449
TAF4,0.6913265306122449,0.012755102040816327,3.566326530612245
TAF4B,0.5076530612244898,0.06377551020408163,2.9260204081632653
TAF5,0.41836734693877553,0.08163265306122448,2.558673469387755
TAF5L,0.6607142857142857,0.02040816326530612,3.2219387755102042
TAF6,0.6071428571428571,0.007653061224489796,3.318877551020408
TAF6L,0.5816326530612245,0.007653061224489796,3.0433673469387754
TAF7,0.413265306122449,0.08673469387755102,2.5255102040816326
TAF7L,0.22193877551020408,0.3392857142857143,2.0280612244897958
TAF8,0.5637755102040817,0.015306122448979591,3.1581632653061225
TAF9,0.35714285714285715,0.12244897959183673,2.423469387755102
TAF9B,0.20408163265306123,0.3392857142857143,2.0127551020408165
TAGAP,0.42346938775510207,0.07908163265306123,2.548469387755102
TAGLN,0.45153061224489793,0.07397959183673469,2.681122448979592
TAL1,0.5969387755102041,0.02040816326530612,3.066326530612245
TALDO1,0.3469387755102041,0.09438775510204081,2.413265306122449
TAMM41,0.6071428571428571,0.02040816326530612,3.9668367346938775
TANC1,0.4897959183673469,0.03826530612244898,2.8520408163265305
TANK,0.49489795918367346,0.03571428571428571,2.9693877551020407
TAOK1,0.6479591836734694,0.012755102040816327,3.5433673469387754
TAOK2,0.5816326530612245,0.02040816326530612,3.135204081632653
TAOK3,0.6326530612244898,0.02040816326530612,3.0969387755102042
TAP1,0.5867346938775511,0.02040816326530612,3.048469387755102
TAPBP,0.5790816326530612,0.017857142857142856,3.00765306122449
TARBP2,0.5994897959183674,0.02806122448979592,2.979591836734694
TARDBP,0.5688775510204082,0.03826530612244898,2.9770408163265305
TARS2,0.7168367346938775,0.01020408163265306,3.9668367346938775
TAS1R1,0.5739795918367347,0.04081632653061224,2.9770408163265305
TAS1R2,0.5637755102040817,0.03571428571428571,2.941326530612245
TAS1R3,0.5714285714285714,0.03826530612244898,2.99234693877551
TAS2R10,0.6045918367346939,0.02806122448979592,3.173469387755102
TAS2R19,0.6045918367346939,0.03316326530612245,3.1581632653061225
TAS2R5,0.5943877551020408,0.012755102040816327,3.2142857142857144
TAS2R7,0.6045918367346939,0.02806122448979592,3.1683673469387754
TATDN1,0.7117346938775511,0.01020408163265306,4.158163265306122
TAX1BP1,0.6505102040816326,0.015306122448979591,3.4693877551020407
TAX1BP3,0.3852040816326531,0.12244897959183673,2.502551020408163
TBC1D1,0.4770408163265306,0.05102040816326531,2.7448979591836733
TBC1D10A,0.5153061224489796,0.0663265306122449,2.9770408163265305
TBC1D15,0.6020408163265306,0.025510204081632654,3.392857142857143
TBC1D2,0.4387755102040816,0.1096938775510204,2.61734693877551
TBC1D20,0.6556122448979592,0.01020408163265306,3.4591836734693877
TBC1D25,0.22704081632653061,0.34183673469387754,2.0331632653061225
TBC1D31,0.7117346938775511,0.01020408163265306,4.1020408163265305
TBC1D4,0.5331632653061225,0.03571428571428571,3.1198979591836733
TBC1D7,0.6096938775510204,0.012755102040816327,3.502551020408163
TBCA,0.3673469387755102,0.125,2.4285714285714284
TBCB,0.6377551020408163,0.012755102040816327,3.520408163265306
TBCC,0.5637755102040817,0.015306122448979591,3.1403061224489797
TBCD,0.6811224489795918,0.017857142857142856,3.443877551020408
TBCE,0.6607142857142857,0.017857142857142856,3.2933673469387754
TBCEL,0.45663265306122447,0.07653061224489796,2.704081632653061
TBK1,0.5994897959183674,0.030612244897959183,3.1403061224489797
TBL1XR1,0.6964285714285714,0.01020408163265306,3.75
TBL3,0.4387755102040816,0.0663265306122449,2.6301020408163267
TBP,0.4260204081632653,0.08163265306122448,2.576530612244898
TBPL1,0.4489795918367347,0.06887755102040816,2.670918367346939
TBPL2,0.4770408163265306,0.04336734693877551,2.747448979591837
TBR1,0.49489795918367346,0.03571428571428571,2.979591836734694
TBX18,0.42857142857142855,0.07397959183673469,2.563775510204082
TBX19,0.6989795918367347,0.012755102040816327,3.9005102040816326
TBX2,0.6862244897959183,0.012755102040816327,3.6607142857142856
TBX20,0.6505102040816326,0.017857142857142856,3.49234693877551
TBX21,0.6352040816326531,0.015306122448979591,3.3035714285714284
TBX22,0.20153061224489796,0.34438775510204084,2.0051020408163267
TBX3,0.6224489795918368,0.017857142857142856,3.193877551020408
TBX4,0.6862244897959183,0.012755102040816327,3.663265306122449
TBX5,0.6224489795918368,0.017857142857142856,3.2066326530612246
TBXA2R,0.5204081632653061,0.06887755102040816,2.7857142857142856
TCAP,0.6326530612244898,0.015306122448979591,3.857142857142857
TCEA1,0.6658163265306123,0.017857142857142856,3.686224489795918
TCEA2,0.6989795918367347,0.015306122448979591,3.5739795918367347
TCEA3,0.5663265306122449,0.03826530612244898,2.938775510204082
TCEAL1,0.22448979591836735,0.34183673469387754,2.0331632653061225
TCEAL4,0.22448979591836735,0.34183673469387754,2.0331632653061225
TCEAL6,0.22193877551020408,0.3392857142857143,2.0816326530612246
TCEAL7,0.22448979591836735,0.34183673469387754,2.0331632653061225
TCERG1,0.42091836734693877,0.08418367346938775,2.545918367346939
TCF12,0.49744897959183676,0.05357142857142857,2.6581632653061225
TCF19,0.6096938775510204,0.015306122448979591,3.1760204081632653
TCF20,0.44642857142857145,0.07908163265306123,2.5994897959183674
TCF21,0.4489795918367347,0.06887755102040816,2.670918367346939
TCF25,0.5127551020408163,0.04846938775510204,2.9030612244897958
TCF3,0.5153061224489796,0.07142857142857142,2.7627551020408165
TCF4,0.41581632653061223,0.10714285714285714,2.5714285714285716
TCF7,0.41581632653061223,0.09693877551020408,2.5331632653061225
TCF7L1,0.6454081632653061,0.02040816326530612,3.3035714285714284
TCF7L2,0.4362244897959184,0.08163265306122448,2.5969387755102042
TCHH,0.7117346938775511,0.01020408163265306,3.8316326530612246
TCIRG1,0.6147959183673469,0.017857142857142856,3.2142857142857144
TCL1A,0.49744897959183676,0.05102040816326531,2.7653061224489797
TCP1,0.4260204081632653,0.07908163265306123,2.548469387755102
TCP11,0.5816326530612245,0.017857142857142856,3.020408163265306
TCTN1,0.6224489795918368,0.017857142857142856,3.0943877551020407
TCTN2,0.6173469387755102,0.02295918367346939,3.0255102040816326
TCTN3,0.42346938775510207,0.07908163265306123,2.566326530612245
TDG,0.6045918367346939,0.02806122448979592,3.0051020408163267
TDO2,0.42091836734693877,0.07142857142857142,2.63265306122449
TDP1,0.5076530612244898,0.05612244897959184,2.7857142857142856
TDP2,0.6071428571428571,0.012755102040816327,3.5153061224489797
TDRD1,0.43112244897959184,0.07908163265306123,2.5918367346938775
TDRD5,0.6811224489795918,0.017857142857142856,3.441326530612245
TDRD6,0.5663265306122449,0.02295918367346939,3.1020408163265305
TDRD7,0.4362244897959184,0.11479591836734694,2.614795918367347
TDRD9,0.49744897959183676,0.04846938775510204,2.7755102040816326
TDRKH,0.7117346938775511,0.01020408163265306,3.936224489795918
TEAD1,0.3494897959183674,0.08928571428571429,2.479591836734694
TEAD2,0.6403061224489796,0.025510204081632654,3.2755102040816326
TEAD3,0.5816326530612245,0.017857142857142856,3.0229591836734695
TEAD4,0.6224489795918368,0.02295918367346939,3.2627551020408165
TEC,0.5153061224489796,0.03826530612244898,2.8392857142857144
TECPR1,0.6096938775510204,0.00510204081632653,3.3035714285714284
TECR,0.5510204081632653,0.05102040816326531,2.854591836734694
TEFM,0.6326530612244898,0.017857142857142856,3.4464285714285716
TEK,0.413265306122449,0.11224489795918367,2.6760204081632653
TELO2,0.4387755102040816,0.0663265306122449,2.6301020408163267
TEN1,0.6887755102040817,0.01020408163265306,3.4846938775510203
TENT2,0.3877551020408163,0.11224489795918367,2.4693877551020407
TENT4A,0.7117346938775511,0.017857142857142856,4.079081632653061
TEP1,0.5102040816326531,0.03571428571428571,2.857142857142857
TERF1,0.701530612244898,0.007653061224489796,3.857142857142857
TERF2,0.5255102040816326,0.03826530612244898,3.061224489795918
TERF2IP,0.5127551020408163,0.03826530612244898,2.997448979591837
TERT,0.7168367346938775,0.01020408163265306,4.160714285714286
TES,0.5943877551020408,0.01020408163265306,3.308673469387755
TESC,0.6301020408163265,0.017857142857142856,3.1377551020408165
TET1,0.45153061224489793,0.05612244897959184,2.688775510204082
TEX10,0.4413265306122449,0.1096938775510204,2.635204081632653
TEX101,0.6403061224489796,0.015306122448979591,3.433673469387755
TEX14,0.6658163265306123,0.017857142857142856,3.5127551020408165
TEX264,0.4719387755102041,0.06887755102040816,2.8698979591836733
TEX35,0.6862244897959183,0.015306122448979591,3.4770408163265305
TF,0.6658163265306123,0.015306122448979591,3.520408163265306
TFAM,0.45408163265306123,0.05612244897959184,2.7066326530612246
TFAP2B,0.5663265306122449,0.025510204081632654,3.0535714285714284
TFAP2C,0.6989795918367347,0.012755102040816327,3.614795918367347
TFAP2D,0.5663265306122449,0.025510204081632654,3.068877551020408
TFAP4,0.42857142857142855,0.07142857142857142,2.5969387755102042
TFB1M,0.42091836734693877,0.08418367346938775,2.5306122448979593
TFB2M,0.6581632653061225,0.015306122448979591,3.2755102040816326
TFDP1,0.5892857142857143,0.017857142857142856,3.2755102040816326
TFDP2,0.6785714285714286,0.01020408163265306,3.563775510204082
TFDP3,0.21683673469387754,0.34438775510204084,2.0229591836734695
TFE3,0.22704081632653061,0.34183673469387754,2.0357142857142856
TFEB,0.5663265306122449,0.015306122448979591,3.170918367346939
TFF1,0.5612244897959183,0.04081632653061224,3.1403061224489797
TFG,0.6530612244897959,0.017857142857142856,3.4642857142857144
TFIP11,0.5102040816326531,0.06887755102040816,2.954081632653061
TFPI,0.46938775510204084,0.03826530612244898,2.8010204081632653
TFPT,0.6505102040816326,0.025510204081632654,3.3801020408163267
TFR2,0.6071428571428571,0.007653061224489796,3.318877551020408
TFRC,0.6989795918367347,0.007653061224489796,3.688775510204082
TG,0.7066326530612245,0.01020408163265306,3.9668367346938775
TGFA,0.6377551020408163,0.017857142857142856,3.395408163265306
TGFB1,0.6403061224489796,0.015306122448979591,3.392857142857143
TGFB1I1,0.5739795918367347,0.025510204081632654,3.0051020408163267
TGFB2,0.6479591836734694,0.030612244897959183,3.2091836734693877
TGFB3,0.5051020408163265,0.04591836734693878,2.795918367346939
TGFBI,0.413265306122449,0.09438775510204081,2.545918367346939
TGFBR1,0.4362244897959184,0.11479591836734694,2.6096938775510203
TGFBR2,0.5612244897959183,0.03316326530612245,3.2551020408163267
TGFBR3,0.576530612244898,0.03826530612244898,2.9591836734693877
TGFBRAP1,0.5459183673469388,0.03316326530612245,2.9693877551020407
TGIF1,0.576530612244898,0.02806122448979592,3.4846938775510203
TGIF2,0.7168367346938775,0.002551020408163265,3.7066326530612246
TGIF2LX,0.21428571428571427,0.33418367346938777,2.0153061224489797
TGM1,0.49744897959183676,0.03826530612244898,2.806122448979592
TGM2,0.7193877551020408,0.00510204081632653,3.686224489795918
TGM5,0.46938775510204084,0.058673469387755105,2.645408163265306
TGOLN2,0.6428571428571429,0.02040816326530612,3.295918367346939
TGS1,0.6683673469387755,0.017857142857142856,3.6556122448979593
TH,0.3392857142857143,0.09693877551020408,2.3979591836734695
THAP1,0.5229591836734694,0.07653061224489796,3.312020460358056
THAP11,0.5255102040816326,0.03571428571428571,3.020408163265306
THAP7,0.5382653061224489,0.05612244897959184,3.229591836734694
THBD,0.6811224489795918,0.007653061224489796,3.5714285714285716
THBS1,0.46683673469387754,0.06377551020408163,2.614795918367347
THBS2,0.42346938775510207,0.08418367346938775,2.566326530612245
THBS3,0.701530612244898,0.012755102040816327,3.6607142857142856
THBS4,0.3826530612244898,0.10714285714285714,2.4693877551020407
THEM4,0.7117346938775511,0.01020408163265306,3.8979591836734695
THEMIS,0.4413265306122449,0.07142857142857142,2.625
THOC1,0.576530612244898,0.02806122448979592,3.4183673469387754
THOC2,0.2193877551020408,0.3469387755102041,2.0280612244897958
THOC3,0.40561224489795916,0.09693877551020408,2.5127551020408165
THOC5,0.5178571428571429,0.06377551020408163,3.00765306122449
THOC6,0.42857142857142855,0.07397959183673469,2.6020408163265305
THOC7,0.4744897959183674,0.07397959183673469,2.920918367346939
THRA,0.625,0.012755102040816327,3.364795918367347
THRAP3,0.5714285714285714,0.030612244897959183,2.961734693877551
THRB,0.5688775510204082,0.02806122448979592,3.306122448979592
THRSP,0.5382653061224489,0.025510204081632654,3.142857142857143
THSD7A,0.6556122448979592,0.012755102040816327,3.5433673469387754
THTPA,0.5127551020408163,0.03826530612244898,2.892857142857143
THY1,0.45153061224489793,0.07397959183673469,2.691326530612245
TIA1,0.6377551020408163,0.017857142857142856,3.395408163265306
TIAL1,0.44387755102040816,0.07142857142857142,2.635204081632653
TIAM1,0.5637755102040817,0.030612244897959183,3.163265306122449
TIAM2,0.42091836734693877,0.08673469387755102,2.5229591836734695
TICAM1,0.5382653061224489,0.061224489795918366,2.8010204081632653
TICAM2,0.4030612244897959,0.10714285714285714,2.538265306122449
TICRR,0.5255102040816326,0.05102040816326531,2.739795918367347
TIGD3,0.576530612244898,0.012755102040816327,3.0535714285714284
TIGIT,0.6530612244897959,0.012755102040816327,3.489795918367347
TIMELESS,0.5994897959183674,0.02806122448979592,2.9744897959183674
TIMM10,0.5714285714285714,0.015306122448979591,3.086734693877551
TIMM10B,0.336734693877551,0.09693877551020408,2.395408163265306
TIMM13,0.5255102040816326,0.0663265306122449,2.7806122448979593
TIMM17A,0.6096938775510204,0.03316326530612245,3.038265306122449
TIMM17B,0.22704081632653061,0.34183673469387754,2.0357142857142856
TIMM21,0.42346938775510207,0.10459183673469388,2.568877551020408
TIMM22,0.37244897959183676,0.125,2.4846938775510203
TIMM23,0.5153061224489796,0.05357142857142857,2.8877551020408165
TIMM44,0.5561224489795918,0.058673469387755105,2.8494897959183674
TIMM50,0.6326530612244898,0.017857142857142856,3.538265306122449
TIMM8A,0.2193877551020408,0.3392857142857143,2.010204081632653
TIMM8B,0.4387755102040816,0.07142857142857142,2.6785714285714284
TIMM9,0.4719387755102041,0.04591836734693878,2.7270408163265305
TIMMDC1,0.6658163265306123,0.012755102040816327,3.5127551020408165
TIMP1,0.22959183673469388,0.34183673469387754,2.048469387755102
TIMP2,0.6887755102040817,0.012755102040816327,3.4668367346938775
TIMP3,0.5025510204081632,0.07142857142857142,2.872448979591837
TINF2,0.49744897959183676,0.03826530612244898,2.806122448979592
TIPIN,0.5102040816326531,0.04591836734693878,2.686224489795918
TIPRL,0.6989795918367347,0.012755102040816327,3.9005102040816326
TIRAP,0.4642857142857143,0.07142857142857142,2.7219387755102042
TJAP1,0.5739795918367347,0.017857142857142856,3.204081632653061
TJP1,0.48214285714285715,0.061224489795918366,2.670918367346939
TJP2,0.45153061224489793,0.11734693877551021,2.622448979591837
TJP3,0.5178571428571429,0.06887755102040816,2.770408163265306
TK1,0.6836734693877551,0.012755102040816327,3.479591836734694
TK2,0.5229591836734694,0.03571428571428571,2.961734693877551
TKFC,0.5841836734693877,0.01020408163265306,3.086734693877551
TKT,0.4719387755102041,0.07142857142857142,2.8979591836734695
TKTL1,0.23979591836734693,0.33418367346938777,2.0816326530612246
TKTL2,0.42857142857142855,0.07908163265306123,2.6096938775510203
TLE1,0.45918367346938777,0.11734693877551021,2.670918367346939
TLE2,0.5204081632653061,0.0663265306122449,2.7857142857142856
TLE3,0.5102040816326531,0.04336734693877551,2.7168367346938775
TLE4,0.4489795918367347,0.11734693877551021,2.732142857142857
TLE6,0.5204081632653061,0.0663265306122449,2.7857142857142856
TLK1,0.4846938775510204,0.03826530612244898,2.806122448979592
TLK2,0.6964285714285714,0.01020408163265306,3.5994897959183674
TLL1,0.4362244897959184,0.07653061224489796,2.622448979591837
TLL2,0.42857142857142855,0.08163265306122448,2.568877551020408
TLN1,0.4387755102040816,0.08418367346938775,2.7908163265306123
TLN2,0.5102040816326531,0.05612244897959184,2.688775510204082
TLR1,0.4770408163265306,0.05102040816326531,2.7551020408163267
TLR10,0.4770408163265306,0.05102040816326531,2.7551020408163267
TLR2,0.42346938775510207,0.07397959183673469,2.625
TLR3,0.40816326530612246,0.09183673469387756,2.563775510204082
TLR4,0.46938775510204084,0.09693877551020408,2.6785714285714284
TLR7,0.22959183673469388,0.34438775510204084,2.0714285714285716
TLR8,0.22959183673469388,0.34438775510204084,2.0714285714285716
TLR9,0.46683673469387754,0.06887755102040816,2.8596938775510203
TM6SF2,0.5637755102040817,0.04336734693877551,2.9642857142857144
TM7SF2,0.5714285714285714,0.012755102040816327,3.038265306122449
TM9SF4,0.7244897959183674,0.0,4.13265306122449
TMBIM1,0.35459183673469385,0.09948979591836735,2.436224489795918
TMC6,0.6836734693877551,0.012755102040816327,3.479591836734694
TMC8,0.6836734693877551,0.012755102040816327,3.479591836734694
TMCO1,0.7040816326530612,0.012755102040816327,4.0229591836734695
TMED1,0.5612244897959183,0.05357142857142857,2.920716112531969
TMED10,0.5076530612244898,0.04336734693877551,2.795918367346939
TMED2,0.6173469387755102,0.02295918367346939,3.0331632653061225
TMED3,0.5051020408163265,0.05102040816326531,2.683673469387755
TMED4,0.6505102040816326,0.01020408163265306,3.4668367346938775
TMED5,0.576530612244898,0.03826530612244898,2.9489795918367347
TMED7,0.4030612244897959,0.10714285714285714,2.538265306122449
TMED9,0.4107142857142857,0.09948979591836735,2.510204081632653
TMEM11,0.461734693877551,0.07908163265306123,2.913265306122449
TMEM115,0.46683673469387754,0.07142857142857142,2.854591836734694
TMEM138,0.5841836734693877,0.01020408163265306,3.086734693877551
TMEM147,0.6403061224489796,0.012755102040816327,3.5331632653061225
TMEM17,0.6454081632653061,0.017857142857142856,3.4464285714285716
TMEM176A,0.5867346938775511,0.012755102040816327,3.1989795918367347
TMEM176B,0.5867346938775511,0.012755102040816327,3.1989795918367347
TMEM179B,0.5816326530612245,0.007653061224489796,3.0331632653061225
TMEM18,0.6275510204081632,0.017857142857142856,3.3418367346938775
TMEM199,0.6479591836734694,0.012755102040816327,3.4693877551020407
TMEM216,0.5841836734693877,0.01020408163265306,3.0943877551020407
TMEM219,0.5816326530612245,0.02040816326530612,3.1122448979591835
TMEM231,0.5127551020408163,0.03826530612244898,3.002551020408163
TMEM258,0.5867346938775511,0.01020408163265306,3.045918367346939
TMEM30A,0.45408163265306123,0.07653061224489796,2.622448979591837
TMEM43,0.6020408163265306,0.02040816326530612,3.6581632653061225
TMEM50A,0.5663265306122449,0.03316326530612245,2.9591836734693877
TMEM63A,0.6607142857142857,0.02040816326530612,3.2091836734693877
TMEM67,0.7066326530612245,0.012755102040816327,4.084183673469388
TMEM86B,0.6556122448979592,0.025510204081632654,3.4285714285714284
TMEM97,0.6479591836734694,0.012755102040816327,3.4693877551020407
TMF1,0.47959183673469385,0.07653061224489796,2.9183673469387754
TMLHE,0.2653061224489796,0.3647959183673469,2.061224489795918
TMOD1,0.4362244897959184,0.11479591836734694,2.614795918367347
TMOD2,0.5,0.05612244897959184,2.6785714285714284
TMOD3,0.49744897959183676,0.05612244897959184,2.673469387755102
TMOD4,0.7142857142857143,0.01020408163265306,3.931122448979592
TMPO,0.5969387755102041,0.025510204081632654,2.9846938775510203
TMPRSS2,0.5612244897959183,0.04336734693877551,3.122448979591837
TMPRSS6,0.45918367346938777,0.07397959183673469,2.732142857142857
TMSB4X,0.23214285714285715,0.34438775510204084,2.0739795918367347
TMX1,0.4846938775510204,0.04336734693877551,2.760204081632653
TNC,0.4642857142857143,0.09693877551020408,2.670918367346939
TNF,0.6071428571428571,0.015306122448979591,3.122448979591837
TNFAIP1,0.6479591836734694,0.012755102040816327,3.4693877551020407
TNFAIP3,0.45408163265306123,0.06887755102040816,2.691326530612245
TNFAIP8,0.40816326530612246,0.10459183673469388,2.517857142857143
TNFRSF10A,0.23979591836734693,0.22959183673469388,2.211734693877551
TNFRSF10B,0.23979591836734693,0.22959183673469388,2.2066326530612246
TNFRSF10C,0.23979591836734693,0.22959183673469388,2.211734693877551
TNFRSF10D,0.23979591836734693,0.22959183673469388,2.211734693877551
TNFRSF11A,0.4107142857142857,0.11224489795918367,2.5510204081632653
TNFRSF11B,0.7219387755102041,0.01020408163265306,4.071428571428571
TNFRSF12A,0.42857142857142855,0.07397959183673469,2.6020408163265305
TNFRSF13B,0.34438775510204084,0.12755102040816327,2.4107142857142856
TNFRSF13C,0.44387755102040816,0.07908163265306123,2.5943877551020407
TNFRSF14,0.5714285714285714,0.03826530612244898,2.9872448979591835
TNFRSF17,0.5433673469387755,0.03571428571428571,3.045918367346939
TNFRSF18,0.5714285714285714,0.03826530612244898,2.989795918367347
TNFRSF1A,0.6301020408163265,0.017857142857142856,3.2729591836734695
TNFRSF1B,0.5688775510204082,0.03826530612244898,2.9693877551020407
TNFRSF21,0.5663265306122449,0.02295918367346939,3.0331632653061225
TNFRSF25,0.5739795918367347,0.04336734693877551,2.9693877551020407
TNFRSF4,0.5714285714285714,0.03826530612244898,2.989795918367347
TNFRSF6B,0.6964285714285714,0.015306122448979591,3.5714285714285716
TNFRSF8,0.5714285714285714,0.03826530612244898,2.9770408163265305
TNFSF10,0.6964285714285714,0.00510204081632653,3.798469387755102
TNFSF11,0.44642857142857145,0.09438775510204081,2.7448979591836733
TNFSF12,0.3673469387755102,0.125,2.441326530612245
TNFSF13,0.3673469387755102,0.125,2.441326530612245
TNFSF13B,0.5816326530612245,0.015306122448979591,3.252551020408163
TNFSF14,0.548469387755102,0.058673469387755105,2.811224489795918
TNFSF15,0.461734693877551,0.09693877551020408,2.6683673469387754
TNFSF18,0.6862244897959183,0.012755102040816327,3.6683673469387754
TNFSF4,0.6887755102040817,0.015306122448979591,3.6581632653061225
TNFSF8,0.4642857142857143,0.09693877551020408,2.670918367346939
TNFSF9,0.5459183673469388,0.058673469387755105,2.808673469387755
TNIK,0.6964285714285714,0.007653061224489796,3.7806122448979593
TNIP1,0.41581632653061223,0.08673469387755102,2.538265306122449
TNIP2,0.49489795918367346,0.05357142857142857,2.836734693877551
TNK2,0.6989795918367347,0.007653061224489796,3.6760204081632653
TNKS,0.25255102040816324,0.22193877551020408,2.252551020408163
TNKS1BP1,0.5688775510204082,0.015306122448979591,3.063775510204082
TNKS2,0.42857142857142855,0.07653061224489796,2.5816326530612246
TNNC1,0.46683673469387754,0.07142857142857142,2.854591836734694
TNNC2,0.7142857142857143,0.007653061224489796,3.711734693877551
TNNI1,0.6224489795918368,0.025510204081632654,3.1020408163265305
TNNI2,0.3392857142857143,0.09693877551020408,2.4005102040816326
TNNI3,0.6556122448979592,0.025510204081632654,3.433673469387755
TNNI3K,0.5841836734693877,0.02806122448979592,3.038265306122449
TNNT1,0.6556122448979592,0.025510204081632654,3.433673469387755
TNNT3,0.3392857142857143,0.09693877551020408,2.4005102040816326
TNP1,0.35459183673469385,0.09948979591836735,2.438775510204082
TNP2,0.5408163265306123,0.03826530612244898,3.048469387755102
TNPO1,0.3596938775510204,0.11734693877551021,2.4285714285714284
TNPO2,0.5535714285714286,0.05102040816326531,2.8443877551020407
TNPO3,0.5943877551020408,0.012755102040816327,3.211734693877551
TNR,0.6862244897959183,0.015306122448979591,3.5739795918367347
TNRC6A,0.5535714285714286,0.025510204081632654,3.1556122448979593
TNRC6B,0.4362244897959184,0.07908163265306123,2.614795918367347
TNS1,0.35459183673469385,0.09948979591836735,2.436224489795918
TNS2,0.6045918367346939,0.02806122448979592,2.997448979591837
TNS3,0.6530612244897959,0.007653061224489796,3.5229591836734695
TNS4,0.6275510204081632,0.012755102040816327,3.2806122448979593
TNXB,0.6020408163265306,0.015306122448979591,3.0892857142857144
TOB2,0.4413265306122449,0.07908163265306123,2.586734693877551
TOE1,0.5994897959183674,0.017857142857142856,3.0510204081632653
TOLLIP,0.3494897959183674,0.09438775510204081,2.413265306122449
TOM1,0.4923469387755102,0.06887755102040816,2.8443877551020407
TOMM20,0.6632653061224489,0.02040816326530612,3.2857142857142856
TOMM20L,0.4719387755102041,0.04591836734693878,2.7270408163265305
TOMM22,0.45408163265306123,0.07653061224489796,2.701530612244898
TOMM34,0.7244897959183674,0.00510204081632653,3.9183673469387754
TOMM40,0.6428571428571429,0.015306122448979591,3.4107142857142856
TOMM40L,0.7142857142857143,0.012755102040816327,4.589285714285714
TOMM5,0.42091836734693877,0.08928571428571429,2.7270408163265305
TOMM6,0.5663265306122449,0.015306122448979591,3.170918367346939
TOMM7,0.6505102040816326,0.015306122448979591,3.489795918367347
TOMM70,0.6479591836734694,0.017857142857142856,3.4566326530612246
TONSL,0.6989795918367347,0.01020408163265306,3.854591836734694
TOP1,0.7142857142857143,0.00510204081632653,3.688775510204082
TOP1MT,0.7040816326530612,0.01020408163265306,3.8877551020408165
TOP2A,0.6275510204081632,0.012755102040816327,3.2806122448979593
TOP2B,0.5714285714285714,0.025510204081632654,3.3698979591836733
TOP3B,0.5153061224489796,0.061224489795918366,2.920918367346939
TOPBP1,0.6658163265306123,0.015306122448979591,3.520408163265306
TOPORS,0.42346938775510207,0.08928571428571429,2.7142857142857144
TOR1A,0.4642857142857143,0.09948979591836735,2.6607142857142856
TOR1AIP1,0.6785714285714286,0.017857142857142856,3.4260204081632653
TOR1AIP2,0.6811224489795918,0.017857142857142856,3.433673469387755
TOR1B,0.4642857142857143,0.09948979591836735,2.6607142857142856
TOR4A,0.47959183673469385,0.09948979591836735,2.7244897959183674
TOX2,0.7219387755102041,0.002551020408163265,3.933673469387755
TOX4,0.5025510204081632,0.04081632653061224,2.8443877551020407
TP53,0.3647959183673469,0.125,2.436224489795918
TP53AIP1,0.45918367346938777,0.07908163265306123,2.7270408163265305
TP53BP1,0.46938775510204084,0.058673469387755105,2.645408163265306
TP53BP2,0.6505102040816326,0.02295918367346939,3.2091836734693877
TP53INP1,0.7066326530612245,0.015306122448979591,4.071428571428571
TP53INP2,0.7244897959183674,0.0,3.933673469387755
TP53RK,0.7219387755102041,0.00510204081632653,3.7806122448979593
TP63,0.7091836734693877,0.00510204081632653,3.798469387755102
TP73,0.5714285714285714,0.03826530612244898,2.979591836734694
TPD52,0.6989795918367347,0.01020408163265306,3.9489795918367347
TPD52L1,0.4413265306122449,0.07397959183673469,2.607142857142857
TPD52L2,0.6989795918367347,0.015306122448979591,3.579081632653061
TPGS1,0.5153061224489796,0.07397959183673469,2.760204081632653
TPGS2,0.4642857142857143,0.08418367346938775,2.729591836734694
TPH1,0.35714285714285715,0.08673469387755102,2.461734693877551
TPH2,0.5969387755102041,0.025510204081632654,3.239795918367347
TPI1,0.625,0.017857142857142856,3.267857142857143
TPK1,0.5943877551020408,0.012755102040816327,3.24234693877551
TPM1,0.5102040816326531,0.05357142857142857,2.693877551020408
TPM2,0.4387755102040816,0.08418367346938775,2.7908163265306123
TPM3,0.701530612244898,0.01020408163265306,3.7244897959183674
TPM4,0.548469387755102,0.04846938775510204,2.8341836734693877
TPO,0.6224489795918368,0.02040816326530612,3.3316326530612246
TPP2,0.5739795918367347,0.017857142857142856,3.1964285714285716
TPPP,0.7117346938775511,0.01020408163265306,4.1479591836734695
TPR,0.6709183673469388,0.015306122448979591,3.395408163265306
TPRKB,0.6326530612244898,0.02040816326530612,3.3418367346938775
TPRN,0.47959183673469385,0.09948979591836735,2.7244897959183674
TPSAB1,0.4413265306122449,0.0663265306122449,2.63265306122449
TPST1,0.6301020408163265,0.00510204081632653,3.3418367346938775
TPST2,0.5102040816326531,0.0663265306122449,2.9566326530612246
TPT1,0.43112244897959184,0.09948979591836735,2.701530612244898
TPX2,0.7270408163265306,0.0,4.079081632653061
TRA2A,0.6530612244897959,0.015306122448979591,3.4872448979591835
TRA2B,0.6964285714285714,0.00510204081632653,3.711734693877551
TRADD,0.5229591836734694,0.03571428571428571,2.989795918367347
TRAF1,0.45663265306122447,0.10204081632653061,2.645408163265306
TRAF2,0.4744897959183674,0.09948979591836735,2.7193877551020407
TRAF3,0.49489795918367346,0.05102040816326531,2.75765306122449
TRAF3IP1,0.35459183673469385,0.11224489795918367,2.454081632653061
TRAF3IP3,0.6326530612244898,0.025510204081632654,3.11734693877551
TRAF5,0.6326530612244898,0.025510204081632654,3.1198979591836733
TRAF6,0.3979591836734694,0.07397959183673469,2.6581632653061225
TRAF7,0.4387755102040816,0.0663265306122449,2.6301020408163267
TRAIP,0.46938775510204084,0.06377551020408163,2.8698979591836733
TRAK1,0.5204081632653061,0.03826530612244898,3.0510204081632653
TRAK2,0.4413265306122449,0.06377551020408163,2.6377551020408165
TRAM1,0.7091836734693877,0.007653061224489796,3.877551020408163
TRAPPC1,0.3647959183673469,0.12244897959183673,2.4285714285714284
TRAPPC10,0.5637755102040817,0.04081632653061224,3.1403061224489797
TRAPPC11,0.4107142857142857,0.08163265306122448,2.5841836734693877
TRAPPC12,0.6275510204081632,0.02040816326530612,3.336734693877551
TRAPPC2,0.23214285714285715,0.34183673469387754,2.0816326530612246
TRAPPC2B,0.6479591836734694,0.02806122448979592,3.326530612244898
TRAPPC2L,0.5127551020408163,0.04336734693877551,2.933673469387755
TRAPPC3,0.5739795918367347,0.030612244897959183,2.9489795918367347
TRAPPC3L,0.4107142857142857,0.09438775510204081,2.5127551020408165
TRAPPC4,0.45408163265306123,0.07653061224489796,2.7142857142857144
TRAPPC5,0.5561224489795918,0.058673469387755105,2.8469387755102042
TRAPPC6A,0.6454081632653061,0.015306122448979591,3.423469387755102
TRAPPC6B,0.46938775510204084,0.04591836734693878,2.7346938775510203
TRAPPC8,0.4872448979591837,0.07142857142857142,2.8418367346938775
TRAT1,0.6505102040816326,0.017857142857142856,3.4668367346938775
TRDMT1,0.6147959183673469,0.03316326530612245,3.372448979591837
TRDN,0.4387755102040816,0.08163265306122448,2.604591836734694
TREH,0.45153061224489793,0.06887755102040816,2.704081632653061
TREM1,0.5663265306122449,0.015306122448979591,3.1556122448979593
TREM2,0.5663265306122449,0.015306122448979591,3.1556122448979593
TREML1,0.5637755102040817,0.015306122448979591,3.1505102040816326
TREML2,0.5663265306122449,0.015306122448979591,3.1556122448979593
TRERF1,0.5637755102040817,0.017857142857142856,3.1377551020408165
TRH,0.6632653061224489,0.012755102040816327,3.4846938775510203
TRHR,0.7219387755102041,0.012755102040816327,4.099489795918367
TRIAP1,0.6198979591836735,0.02040816326530612,3.048469387755102
TRIB1,0.7142857142857143,0.01020408163265306,4.130102040816326
TRIB2,0.6377551020408163,0.017857142857142856,3.3392857142857144
TRIB3,0.6556122448979592,0.01020408163265306,3.4591836734693877
TRIL,0.6505102040816326,0.015306122448979591,3.482142857142857
TRIM10,0.6045918367346939,0.015306122448979591,3.170918367346939
TRIM11,0.6607142857142857,0.02040816326530612,3.2244897959183674
TRIM13,0.413265306122449,0.14540816326530612,2.604591836734694
TRIM14,0.4362244897959184,0.11479591836734694,2.607142857142857
TRIM17,0.6607142857142857,0.02040816326530612,3.2244897959183674
TRIM2,0.42346938775510207,0.07142857142857142,2.625
TRIM21,0.336734693877551,0.09693877551020408,2.395408163265306
TRIM22,0.336734693877551,0.09693877551020408,2.395408163265306
TRIM23,0.3494897959183674,0.125,2.4081632653061225
TRIM24,0.5943877551020408,0.012755102040816327,3.2168367346938775
TRIM25,0.6505102040816326,0.017857142857142856,3.517857142857143
TRIM27,0.5918367346938775,0.012755102040816327,3.1479591836734695
TRIM28,0.6275510204081632,0.03571428571428571,3.252551020408163
TRIM29,0.45408163265306123,0.07653061224489796,2.691326530612245
TRIM3,0.336734693877551,0.09693877551020408,2.395408163265306
TRIM31,0.6045918367346939,0.015306122448979591,3.1658163265306123
TRIM32,0.4642857142857143,0.09693877551020408,2.663265306122449
TRIM33,0.5892857142857143,0.030612244897959183,3.0229591836734695
TRIM35,0.25255102040816324,0.21428571428571427,2.2551020408163267
TRIM36,0.40561224489795916,0.10714285714285714,2.517857142857143
TRIM37,0.673469387755102,0.015306122448979591,3.548469387755102
TRIM4,0.6071428571428571,0.007653061224489796,3.318877551020408
TRIM41,0.41581632653061223,0.09183673469387756,2.5255102040816326
TRIM45,0.6020408163265306,0.02806122448979592,3.076530612244898
TRIM5,0.336734693877551,0.09693877551020408,2.395408163265306
TRIM50,0.6071428571428571,0.00510204081632653,3.2831632653061225
TRIM56,0.6045918367346939,0.007653061224489796,3.313775510204082
TRIM59,0.6862244897959183,0.00510204081632653,3.686224489795918
TRIM6,0.33418367346938777,0.09948979591836735,2.3903061224489797
TRIM63,0.5612244897959183,0.03316326530612245,2.920918367346939
TRIM68,0.336734693877551,0.09693877551020408,2.3979591836734695
TRIM69,0.4719387755102041,0.05612244897959184,2.6556122448979593
TRIM7,0.41581632653061223,0.09183673469387756,2.5255102040816326
TRIM71,0.5637755102040817,0.030612244897959183,3.2627551020408165
TRIM72,0.576530612244898,0.025510204081632654,3.0127551020408165
TRIM8,0.41581632653061223,0.08163265306122448,2.5510204081632653
TRIM9,0.4846938775510204,0.04336734693877551,2.760204081632653
TRIO,0.7117346938775511,0.012755102040816327,4.125
TRIP10,0.548469387755102,0.058673469387755105,2.816326530612245
TRIP11,0.5051020408163265,0.05357142857142857,2.770408163265306
TRIP13,0.7142857142857143,0.01020408163265306,4.150510204081633
TRIP4,0.5076530612244898,0.04846938775510204,2.686224489795918
TRIP6,0.6071428571428571,0.00510204081632653,3.298469387755102
TRMT10C,0.6530612244897959,0.017857142857142856,3.454081632653061
TRMT112,0.5714285714285714,0.012755102040816327,3.0127551020408165
TRMT6,0.6505102040816326,0.012755102040816327,3.4566326530612246
TRMT61A,0.5025510204081632,0.04846938775510204,2.7729591836734695
TRNAU1AP,0.5637755102040817,0.03826530612244898,2.8877551020408165
TRNT1,0.5790816326530612,0.02295918367346939,3.38265306122449
TRO,0.22704081632653061,0.31887755102040816,2.056122448979592
TROAP,0.5969387755102041,0.025510204081632654,2.9872448979591835
TRPA1,0.7040816326530612,0.007653061224489796,3.8520408163265305
TRPC1,0.6760204081632653,0.01020408163265306,3.566326530612245
TRPC3,0.45408163265306123,0.058673469387755105,2.681122448979592
TRPC4,0.4897959183673469,0.06377551020408163,2.9183673469387754
TRPC4AP,0.7193877551020408,0.0,3.9081632653061225
TRPC5,0.21428571428571427,0.34183673469387754,2.0127551020408165
TRPC6,0.5076530612244898,0.04591836734693878,3.229591836734694
TRPC7,0.41836734693877553,0.09438775510204081,2.561224489795918
TRPM2,0.5612244897959183,0.04336734693877551,3.135204081632653
TRPM4,0.6403061224489796,0.025510204081632654,3.2806122448979593
TRPM8,0.33418367346938777,0.10714285714285714,2.392857142857143
TRPS1,0.7142857142857143,0.015306122448979591,4.0229591836734695
TRPV1,0.3826530612244898,0.12244897959183673,2.497448979591837
TRPV2,0.34183673469387754,0.13010204081632654,2.38265306122449
TRPV4,0.6198979591836735,0.02040816326530612,3.0943877551020407
TRPV5,0.5994897959183674,0.012755102040816327,3.2346938775510203
TRPV6,0.5994897959183674,0.012755102040816327,3.2346938775510203
TRRAP,0.6096938775510204,0.00510204081632653,3.326530612244898
TSC1,0.46683673469387754,0.09693877551020408,2.693877551020408
TSC2,0.4387755102040816,0.0663265306122449,2.6301020408163267
TSEN15,0.673469387755102,0.02040816326530612,3.4464285714285716
TSEN2,0.6122448979591837,0.017857142857142856,4.270408163265306
TSEN34,0.6505102040816326,0.025510204081632654,3.3877551020408165
TSEN54,0.6913265306122449,0.01020408163265306,3.4872448979591835
TSFM,0.5994897959183674,0.030612244897959183,3.1505102040816326
TSG101,0.35714285714285715,0.08673469387755102,2.461734693877551
TSHB,0.5892857142857143,0.025510204081632654,3.0331632653061225
TSHR,0.5153061224489796,0.03826530612244898,2.854591836734694
TSHZ1,0.40561224489795916,0.10714285714285714,2.5331632653061225
TSLP,0.4005102040816326,0.1096938775510204,2.4872448979591835
TSN,0.5331632653061225,0.03826530612244898,2.9005102040816326
TSNARE1,0.7040816326530612,0.01020408163265306,3.88265306122449
TSNAX,0.6556122448979592,0.02040816326530612,3.25
TSNAXIP1,0.5255102040816326,0.03571428571428571,3.020408163265306
TSPAN12,0.5918367346938775,0.012755102040816327,3.232142857142857
TSPAN14,0.461734693877551,0.05612244897959184,2.7244897959183674
TSPAN3,0.5051020408163265,0.05102040816326531,2.683673469387755
TSPAN7,0.23214285714285715,0.336734693877551,2.0841836734693877
TSPO,0.44387755102040816,0.07908163265306123,2.5918367346938775
TSPOAP1,0.6658163265306123,0.02040816326530612,3.4770408163265305
TSPYL2,0.22704081632653061,0.33418367346938777,2.048469387755102
TSR1,0.37244897959183676,0.12244897959183673,2.5127551020408165
TST,0.461734693877551,0.07397959183673469,2.74234693877551
TTBK2,0.46938775510204084,0.058673469387755105,2.635204081632653
TTC19,0.336734693877551,0.13520408163265307,2.372448979591837
TTC21B,0.4846938775510204,0.03826530612244898,2.8341836734693877
TTC5,0.5153061224489796,0.03571428571428571,2.872448979591837
TTF1,0.4719387755102041,0.09438775510204081,2.6964285714285716
TTK,0.4413265306122449,0.08163265306122448,2.6020408163265305
TTLL1,0.44387755102040816,0.07908163265306123,2.5918367346938775
TTLL5,0.5076530612244898,0.04591836734693878,2.798469387755102
TTN,0.48214285714285715,0.03826530612244898,2.829081632653061
TTR,0.4872448979591837,0.07142857142857142,2.8341836734693877
TUB,0.33418367346938777,0.09693877551020408,2.392857142857143
TUBA1A,0.5943877551020408,0.025510204081632654,2.979591836734694
TUBA1B,0.5943877551020408,0.025510204081632654,2.9744897959183674
TUBA1C,0.5943877551020408,0.025510204081632654,2.979591836734694
TUBA3E,0.5076530612244898,0.04846938775510204,2.8392857142857144
TUBA4A,0.35459183673469385,0.10204081632653061,2.433673469387755
TUBA8,0.5051020408163265,0.061224489795918366,2.864795918367347
TUBAL3,0.6632653061224489,0.02806122448979592,3.7219387755102042
TUBB,0.6071428571428571,0.015306122448979591,3.2244897959183674
TUBB1,0.701530612244898,0.01020408163265306,3.6198979591836733
TUBB2A,0.5510204081632653,0.030612244897959183,3.0816326530612246
TUBB2B,0.5510204081632653,0.030612244897959183,3.0816326530612246
TUBB3,0.5127551020408163,0.04846938775510204,2.9030612244897958
TUBB4A,0.5459183673469388,0.058673469387755105,2.808673469387755
TUBB4B,0.47959183673469385,0.09948979591836735,2.7244897959183674
TUBB6,0.5561224489795918,0.03571428571428571,3.270408163265306
TUBB8,0.6301020408163265,0.030612244897959183,3.538265306122449
TUBD1,0.6811224489795918,0.015306122448979591,3.6096938775510203
TUBE1,0.42091836734693877,0.09183673469387756,2.517857142857143
TUBG1,0.625,0.015306122448979591,3.2168367346938775
TUBG2,0.625,0.015306122448979591,3.2142857142857144
TUBGCP2,0.45408163265306123,0.0663265306122449,2.6658163265306123
TUBGCP3,0.5841836734693877,0.015306122448979591,3.267857142857143
TUBGCP4,0.46938775510204084,0.058673469387755105,2.645408163265306
TUBGCP5,0.5280612244897959,0.05357142857142857,2.8214285714285716
TUBGCP6,0.43112244897959184,0.09693877551020408,2.545918367346939
TUFM,0.5816326530612245,0.02295918367346939,3.1122448979591835
TUFT1,0.7142857142857143,0.01020408163265306,3.938775510204082
TULP3,0.6224489795918368,0.02295918367346939,3.2627551020408165
TULP4,0.42091836734693877,0.07908163265306123,2.5357142857142856
TUSC3,0.25,0.22193877551020408,2.2653061224489797
TUT1,0.5790816326530612,0.007653061224489796,3.056122448979592
TUT4,0.5943877551020408,0.02040816326530612,3.0433673469387754
TVP23B,0.3622448979591837,0.10459183673469388,2.5
TWF1,0.5994897959183674,0.025510204081632654,3.104591836734694
TWF2,0.46683673469387754,0.06887755102040816,2.8596938775510203
TWIST1,0.6581632653061225,0.012755102040816327,3.711734693877551
TWIST2,0.3520408163265306,0.11734693877551021,2.4056122448979593
TWNK,0.42091836734693877,0.08418367346938775,2.556122448979592
TWSG1,0.5663265306122449,0.04081632653061224,3.3469387755102042
TXK,0.5153061224489796,0.04081632653061224,2.836734693877551
TXLNA,0.5714285714285714,0.03316326530612245,2.9005102040816326
TXLNB,0.4489795918367347,0.06887755102040816,2.6760204081632653
TXLNG,0.22193877551020408,0.3392857142857143,2.056122448979592
TXN,0.45663265306122447,0.09948979591836735,2.681122448979592
TXN2,0.46938775510204084,0.07397959183673469,2.7755102040816326
TXNDC12,0.5994897959183674,0.02040816326530612,3.0510204081632653
TXNDC16,0.48214285714285715,0.04081632653061224,2.7653061224489797
TXNDC17,0.37755102040816324,0.11989795918367346,2.489795918367347
TXNDC5,0.5969387755102041,0.017857142857142856,3.288265306122449
TXNIP,0.6989795918367347,0.012755102040816327,3.6785714285714284
TXNL1,0.4107142857142857,0.10714285714285714,2.645408163265306
TXNL4A,0.4030612244897959,0.12244897959183673,2.5331632653061225
TXNL4B,0.5204081632653061,0.03571428571428571,3.0535714285714284
TXNRD1,0.6045918367346939,0.025510204081632654,3.00765306122449
TXNRD2,0.5280612244897959,0.058673469387755105,3.0051020408163267
TYK2,0.5663265306122449,0.05612244897959184,2.9183673469387754
TYMP,0.43112244897959184,0.09693877551020408,2.548469387755102
TYMS,0.5739795918367347,0.02806122448979592,3.4005102040816326
TYR,0.5102040816326531,0.04081632653061224,2.941326530612245
TYRO3,0.4642857142857143,0.06377551020408163,2.6020408163265305
TYROBP,0.6403061224489796,0.012755102040816327,3.5229591836734695
TYRP1,0.39285714285714285,0.1326530612244898,2.688775510204082
TYSND1,0.45408163265306123,0.05357142857142857,2.7066326530612246
U2AF1,0.5637755102040817,0.04081632653061224,3.142857142857143
U2AF1L4,0.6403061224489796,0.012755102040816327,3.5306122448979593
U2AF2,0.6556122448979592,0.02806122448979592,3.413265306122449
U2SURP,0.6760204081632653,0.01020408163265306,3.561224489795918
UAP1,0.7040816326530612,0.015306122448979591,4.375
UBA2,0.6352040816326531,0.015306122448979591,3.5153061224489797
UBA3,0.48214285714285715,0.07653061224489796,2.9260204081632653
UBA5,0.6658163265306123,0.012755102040816327,3.50765306122449
UBA52,0.5663265306122449,0.04591836734693878,2.8698979591836733
UBA6,0.5127551020408163,0.03571428571428571,2.826530612244898
UBA7,0.4719387755102041,0.061224489795918366,2.877551020408163
UBAC1,0.4744897959183674,0.09693877551020408,2.6964285714285716
UBAC2,0.5816326530612245,0.015306122448979591,3.2091836734693877
UBAP1,0.4260204081632653,0.08673469387755102,2.7270408163265305
UBAP2L,0.701530612244898,0.01020408163265306,3.7244897959183674
UBASH3A,0.5612244897959183,0.04081632653061224,3.1377551020408165
UBB,0.34183673469387754,0.13010204081632654,2.38265306122449
UBC,0.6173469387755102,0.02295918367346939,3.020408163265306
UBD,0.5994897959183674,0.012755102040816327,3.163265306122449
UBE2A,0.21173469387755103,0.3494897959183674,2.002551020408163
UBE2B,0.41581632653061223,0.09693877551020408,2.5331632653061225
UBE2C,0.7142857142857143,0.007653061224489796,3.711734693877551
UBE2D1,0.45408163265306123,0.05612244897959184,2.7066326530612246
UBE2D2,0.413265306122449,0.08673469387755102,2.538265306122449
UBE2D3,0.461734693877551,0.05612244897959184,2.6785714285714284
UBE2E1,0.5663265306122449,0.02806122448979592,3.295918367346939
UBE2E2,0.5688775510204082,0.02806122448979592,3.298469387755102
UBE2E3,0.4846938775510204,0.03826530612244898,2.836734693877551
UBE2F,0.35459183673469385,0.11224489795918367,2.451530612244898
UBE2G2,0.5612244897959183,0.04336734693877551,3.135204081632653
UBE2I,0.4413265306122449,0.0663265306122449,2.63265306122449
UBE2J1,0.42346938775510207,0.08163265306122448,2.5535714285714284
UBE2J2,0.5714285714285714,0.03826530612244898,2.99234693877551
UBE2K,0.4744897959183674,0.05357142857142857,2.739795918367347
UBE2L3,0.5229591836734694,0.061224489795918366,2.9285714285714284
UBE2L6,0.5714285714285714,0.015306122448979591,3.0943877551020407
UBE2M,0.6275510204081632,0.03571428571428571,3.252551020408163
UBE2N,0.5969387755102041,0.02806122448979592,3.0153061224489797
UBE2Q2,0.5076530612244898,0.05102040816326531,2.704081632653061
UBE2S,0.6556122448979592,0.025510204081632654,3.4260204081632653
UBE2V1,0.7193877551020408,0.00510204081632653,3.7066326530612246
UBE2V2,0.6709183673469388,0.02806122448979592,3.6964285714285716
UBE2W,0.6989795918367347,0.007653061224489796,3.9056122448979593
UBE2Z,0.6377551020408163,0.015306122448979591,3.3214285714285716
UBE3C,0.576530612244898,0.02806122448979592,3.122448979591837
UBE3D,0.42857142857142855,0.07908163265306123,2.5816326530612246
UBE4A,0.45663265306122447,0.0663265306122449,2.7091836734693877
UBE4B,0.5714285714285714,0.04081632653061224,2.9719387755102042
UBIAD1,0.5688775510204082,0.03826530612244898,2.9770408163265305
UBL3,0.5612244897959183,0.02295918367346939,3.135204081632653
UBL4A,0.23979591836734693,0.33418367346938777,2.0841836734693877
UBL4B,0.5739795918367347,0.03571428571428571,2.943877551020408
UBL5,0.5714285714285714,0.05357142857142857,2.913265306122449
UBLCP1,0.40816326530612246,0.09693877551020408,2.5051020408163267
UBN1,0.4336734693877551,0.06887755102040816,2.61734693877551
UBOX5,0.6530612244897959,0.01020408163265306,3.4591836734693877
UBQLN1,0.45663265306122447,0.11989795918367346,2.622448979591837
UBQLN2,0.23469387755102042,0.3163265306122449,2.0816326530612246
UBQLN4,0.701530612244898,0.012755102040816327,3.6377551020408165
UBR1,0.46938775510204084,0.058673469387755105,2.635204081632653
UBR2,0.5637755102040817,0.015306122448979591,3.1403061224489797
UBR4,0.5637755102040817,0.03826530612244898,2.936224489795918
UBR5,0.7219387755102041,0.01020408163265306,4.811224489795919
UBTF,0.6147959183673469,0.017857142857142856,3.2066326530612246
UBXN1,0.5790816326530612,0.007653061224489796,3.056122448979592
UBXN2A,0.6352040816326531,0.015306122448979591,3.2933673469387754
UBXN2B,0.6709183673469388,0.017857142857142856,3.6377551020408165
UBXN4,0.5051020408163265,0.04591836734693878,2.8392857142857144
UBXN7,0.6989795918367347,0.007653061224489796,3.683673469387755
UCHL1,0.46938775510204084,0.05357142857142857,2.739795918367347
UCHL3,0.5357142857142857,0.03571428571428571,3.13265306122449
UCHL5,0.6505102040816326,0.017857142857142856,3.4005102040816326
UCK1,0.4719387755102041,0.09438775510204081,2.7372448979591835
UCKL1,0.6989795918367347,0.015306122448979591,3.576530612244898
UCN,0.6275510204081632,0.02040816326530612,3.288265306122449
UCN3,0.6632653061224489,0.02806122448979592,3.7168367346938775
UCP1,0.45408163265306123,0.061224489795918366,2.681122448979592
UCP2,0.5586734693877551,0.025510204081632654,3.063775510204082
UCP3,0.5586734693877551,0.025510204081632654,3.063775510204082
UFD1,0.5204081632653061,0.058673469387755105,2.9566326530612246
UFL1,0.42346938775510207,0.08673469387755102,2.556122448979592
UFM1,0.4872448979591837,0.0663265306122449,2.8877551020408165
UFSP2,0.413265306122449,0.08928571428571429,2.5714285714285716
UGCG,0.45663265306122447,0.09693877551020408,2.686224489795918
UGDH,0.4719387755102041,0.05357142857142857,2.7346938775510203
UGGT1,0.5204081632653061,0.04846938775510204,2.872448979591837
UGP2,0.6403061224489796,0.017857142857142856,3.3698979591836733
UGT1A1,0.33418367346938777,0.10714285714285714,2.3903061224489797
UGT1A10,0.33163265306122447,0.10714285714285714,2.385204081632653
UGT1A3,0.33163265306122447,0.10714285714285714,2.385204081632653
UGT1A4,0.33163265306122447,0.10714285714285714,2.385204081632653
UGT1A6,0.33163265306122447,0.10714285714285714,2.385204081632653
UGT1A7,0.33163265306122447,0.10714285714285714,2.385204081632653
UGT1A8,0.33163265306122447,0.10714285714285714,2.385204081632653
UGT1A9,0.33163265306122447,0.10714285714285714,2.385204081632653
UGT2A3,0.5127551020408163,0.03571428571428571,2.8622448979591835
UGT2B11,0.5102040816326531,0.03571428571428571,2.8622448979591835
UGT2B15,0.5127551020408163,0.03571428571428571,2.864795918367347
UGT2B7,0.5127551020408163,0.03571428571428571,2.8622448979591835
UGT8,0.4489795918367347,0.06377551020408163,2.6683673469387754
UHRF1,0.5382653061224489,0.061224489795918366,2.8035714285714284
UHRF2,0.413265306122449,0.1377551020408163,2.8341836734693877
UIMC1,0.40816326530612246,0.09693877551020408,2.5153061224489797
ULBP1,0.43112244897959184,0.07397959183673469,2.5535714285714284
ULBP2,0.43112244897959184,0.07397959183673469,2.5535714285714284
ULBP3,0.43112244897959184,0.07653061224489796,2.5510204081632653
ULK1,0.5943877551020408,0.04336734693877551,3.00765306122449
ULK2,0.4260204081632653,0.08163265306122448,2.829081632653061
ULK3,0.5051020408163265,0.04846938775510204,2.704081632653061
UMOD,0.5433673469387755,0.03316326530612245,2.9183673469387754
UMPS,0.6658163265306123,0.015306122448979591,3.4846938775510203
UNC119,0.6479591836734694,0.012755102040816327,3.4668367346938775
UNC119B,0.6173469387755102,0.02040816326530612,3.045918367346939
UNC13A,0.5586734693877551,0.04336734693877551,2.8596938775510203
UNC13B,0.43112244897959184,0.08418367346938775,2.7551020408163267
UNC13D,0.6887755102040817,0.01020408163265306,3.4846938775510203
UNC45A,0.5229591836734694,0.05102040816326531,2.7372448979591835
UNC45B,0.6326530612244898,0.015306122448979591,3.308673469387755
UNC5A,0.40816326530612246,0.09693877551020408,2.5153061224489797
UNC5B,0.45153061224489793,0.05612244897959184,2.7193877551020407
UNC5C,0.461734693877551,0.058673469387755105,2.6964285714285716
UNC93B1,0.6173469387755102,0.017857142857142856,3.204081632653061
UNG,0.6173469387755102,0.02040816326530612,3.048469387755102
UNKL,0.4387755102040816,0.0663265306122449,2.6301020408163267
UPF1,0.5637755102040817,0.04846938775510204,2.875
UPF2,0.6377551020408163,0.02806122448979592,3.614795918367347
UPF3A,0.5816326530612245,0.017857142857142856,3.2729591836734695
UPF3B,0.21173469387755103,0.3494897959183674,2.002551020408163
UPK1B,0.6658163265306123,0.012755102040816327,3.510204081632653
UPK2,0.45408163265306123,0.07397959183673469,2.7142857142857144
UPK3A,0.4413265306122449,0.08673469387755102,2.5816326530612246
UPP1,0.6505102040816326,0.01020408163265306,3.5127551020408165
UPP2,0.4897959183673469,0.04081632653061224,2.857142857142857
UPRT,0.21173469387755103,0.34183673469387754,2.0357142857142856
UQCC1,0.7193877551020408,0.0,3.829081632653061
UQCC2,0.5739795918367347,0.02040816326530612,2.9948979591836733
UQCR10,0.5178571428571429,0.0663265306122449,3.017857142857143
UQCR11,0.5153061224489796,0.07142857142857142,2.760204081632653
UQCRB,0.7091836734693877,0.012755102040816327,4.119897959183674
UQCRC1,0.48214285714285715,0.061224489795918366,2.895408163265306
UQCRC2,0.5357142857142857,0.030612244897959183,2.8903061224489797
UQCRFS1,0.6454081632653061,0.02040816326530612,3.704081632653061
UQCRH,0.5994897959183674,0.02040816326530612,3.066326530612245
UQCRQ,0.41836734693877553,0.09693877551020408,2.563775510204082
URB1,0.5688775510204082,0.02806122448979592,3.1683673469387754
URB2,0.6607142857142857,0.02040816326530612,3.2219387755102042
URI1,0.6454081632653061,0.017857142857142856,3.9183673469387754
UROD,0.5994897959183674,0.017857142857142856,3.0510204081632653
UROS,0.44387755102040816,0.07397959183673469,2.642857142857143
USE1,0.548469387755102,0.04336734693877551,2.836734693877551
USF1,0.7168367346938775,0.012755102040816327,4.637755102040816
USF2,0.6352040816326531,0.012755102040816327,3.5
USH1C,0.35459183673469385,0.08673469387755102,2.441326530612245
USH1G,0.6913265306122449,0.01020408163265306,3.4846938775510203
USH2A,0.6377551020408163,0.03316326530612245,3.1581632653061225
USO1,0.5,0.03571428571428571,2.9005102040816326
USP1,0.5892857142857143,0.02295918367346939,3.038265306122449
USP10,0.5,0.04336734693877551,2.8903061224489797
USP11,0.22959183673469388,0.34183673469387754,2.0510204081632653
USP14,0.576530612244898,0.02806122448979592,3.4183673469387754
USP16,0.548469387755102,0.03826530612244898,3.0841836734693877
USP17L1,0.2576530612244898,0.22193877551020408,2.252551020408163
USP17L2,0.2576530612244898,0.22704081632653061,2.2551020408163267
USP17L5,0.4923469387755102,0.058673469387755105,2.8035714285714284
USP18,0.5051020408163265,0.061224489795918366,2.864795918367347
USP19,0.4744897959183674,0.061224489795918366,2.88265306122449
USP2,0.45153061224489793,0.07397959183673469,2.691326530612245
USP21,0.7142857142857143,0.012755102040816327,4.596938775510204
USP22,0.45408163265306123,0.08163265306122448,2.8979591836734695
USP25,0.5739795918367347,0.04591836734693878,3.313775510204082
USP26,0.21683673469387754,0.34438775510204084,2.0229591836734695
USP28,0.4413265306122449,0.07653061224489796,2.6581632653061225
USP3,0.5127551020408163,0.04846938775510204,2.6964285714285716
USP30,0.6173469387755102,0.02040816326530612,3.048469387755102
USP33,0.5841836734693877,0.025510204081632654,3.104591836734694
USP37,0.35459183673469385,0.09948979591836735,2.436224489795918
USP39,0.6403061224489796,0.02040816326530612,3.306122448979592
USP4,0.4719387755102041,0.061224489795918366,2.885204081632653
USP44,0.5994897959183674,0.025510204081632654,3.0331632653061225
USP47,0.3494897959183674,0.08673469387755102,2.454081632653061
USP48,0.5612244897959183,0.03826530612244898,2.9489795918367347
USP49,0.5663265306122449,0.015306122448979591,3.170918367346939
USP5,0.625,0.017857142857142856,3.267857142857143
USP6,0.37755102040816324,0.11989795918367346,2.4846938775510203
USP7,0.5382653061224489,0.03571428571428571,3.2219387755102042
USP8,0.5,0.058673469387755105,2.7066326530612246
USP9X,0.23214285714285715,0.3392857142857143,2.0535714285714284
UST,0.4336734693877551,0.07142857142857142,2.556122448979592
UTF1,0.45153061224489793,0.0663265306122449,2.663265306122449
UTP11,0.5892857142857143,0.02040816326530612,3.061224489795918
UTP14A,0.21173469387755103,0.3520408163265306,2.00765306122449
UTP14C,0.44387755102040816,0.09948979591836735,2.7627551020408165
UTP15,0.3596938775510204,0.11734693877551021,2.436224489795918
UTP18,0.6403061224489796,0.015306122448979591,3.3443877551020407
UTP20,0.6020408163265306,0.025510204081632654,3.0153061224489797
UTP23,0.7168367346938775,0.012755102040816327,4.061224489795919
UTP25,0.6326530612244898,0.025510204081632654,3.11734693877551
UTP3,0.5051020408163265,0.03826530612244898,2.885204081632653
UTP4,0.5255102040816326,0.03826530612244898,3.045918367346939
UTP6,0.6326530612244898,0.012755102040816327,3.517857142857143
UTRN,0.4362244897959184,0.07142857142857142,2.5969387755102042
UVRAG,0.5510204081632653,0.025510204081632654,3.0331632653061225
UXS1,0.5535714285714286,0.030612244897959183,3.0306122448979593
UXT,0.22959183673469388,0.34183673469387754,2.048469387755102
VAC14,0.5357142857142857,0.03571428571428571,3.061224489795918
VAMP1,0.6301020408163265,0.017857142857142856,3.2729591836734695
VAMP2,0.3647959183673469,0.11989795918367346,2.4347826086956523
VAMP3,0.5739795918367347,0.03826530612244898,2.9744897959183674
VAMP4,0.6913265306122449,0.012755102040816327,3.7653061224489797
VAMP5,0.6403061224489796,0.02040816326530612,3.306122448979592
VAMP7,0.3826530612244898,0.288265306122449,2.4629156010230178
VAMP8,0.6403061224489796,0.02040816326530612,3.298469387755102
VANGL1,0.5841836734693877,0.02806122448979592,3.0739795918367347
VANGL2,0.7066326530612245,0.012755102040816327,4.201530612244898
VAPA,0.5612244897959183,0.04081632653061224,3.3214285714285716
VAPB,0.701530612244898,0.01020408163265306,3.61734693877551
VARS2,0.6071428571428571,0.015306122448979591,3.183673469387755
VASN,0.42857142857142855,0.07142857142857142,2.5969387755102042
VASP,0.6428571428571429,0.017857142857142856,3.4030612244897958
VAT1,0.6198979591836735,0.017857142857142856,3.2142857142857144
VAV1,0.548469387755102,0.058673469387755105,2.816326530612245
VAV2,0.4770408163265306,0.09438775510204081,2.693877551020408
VAV3,0.576530612244898,0.03571428571428571,2.982142857142857
VAX1,0.4387755102040816,0.07653061224489796,2.6122448979591835
VBP1,0.23979591836734693,0.33418367346938777,2.0918367346938775
VCAM1,0.5714285714285714,0.03571428571428571,2.9260204081632653
VCAN,0.3979591836734694,0.10204081632653061,2.4948979591836733
VCL,0.4744897959183674,0.05357142857142857,2.8418367346938775
VCP,0.43112244897959184,0.08163265306122448,2.760204081632653
VCPIP1,0.7117346938775511,0.00510204081632653,3.8316326530612246
VDAC1,0.41581632653061223,0.09693877551020408,2.5280612244897958
VDAC2,0.4719387755102041,0.05102040816326531,2.8316326530612246
VDAC3,0.5102040816326531,0.07653061224489796,3.232142857142857
VDR,0.5969387755102041,0.02806122448979592,3.068877551020408
VEGFB,0.5688775510204082,0.012755102040816327,3.0127877237851663
VEGFC,0.41581632653061223,0.09183673469387756,2.6096938775510203
VEGFD,0.22704081632653061,0.3392857142857143,2.063775510204082
VENTX,0.45153061224489793,0.0663265306122449,2.663265306122449
VEZT,0.5969387755102041,0.025510204081632654,3.010204081632653
VGF,0.6045918367346939,0.007653061224489796,3.313775510204082
VGLL1,0.22193877551020408,0.3392857142857143,2.048469387755102
VGLL2,0.41836734693877553,0.08673469387755102,2.5357142857142856
VGLL3,0.5433673469387755,0.05357142857142857,3.392857142857143
VGLL4,0.6045918367346939,0.02040816326530612,3.8214285714285716
VHL,0.6122448979591837,0.02295918367346939,3.6479591836734695
VHLL,0.6964285714285714,0.012755102040816327,3.6096938775510203
VIM,0.6173469387755102,0.03571428571428571,3.3698979591836733
VIP,0.42857142857142855,0.07397959183673469,2.5433673469387754
VIPAS39,0.5051020408163265,0.04591836734693878,2.795918367346939
VIPR1,0.5204081632653061,0.03826530612244898,3.0510204081632653
VIPR2,0.5790816326530612,0.025510204081632654,3.1403061224489797
VIRMA,0.7091836734693877,0.015306122448979591,4.081632653061225
VKORC1,0.576530612244898,0.025510204081632654,3.0127551020408165
VKORC1L1,0.6301020408163265,0.00510204081632653,3.3520408163265305
VLDLR,0.41581632653061223,0.125,2.75765306122449
VMA21,0.2372448979591837,0.336734693877551,2.0714285714285716
VMP1,0.6785714285714286,0.015306122448979591,3.604591836734694
VN1R1,0.6479591836734694,0.030612244897959183,3.318877551020408
VNN2,0.44642857142857145,0.06887755102040816,2.625
VPREB1,0.5178571428571429,0.06377551020408163,2.9183673469387754
VPS11,0.45153061224489793,0.07653061224489796,2.711734693877551
VPS16,0.6556122448979592,0.012755102040816327,3.4591836734693877
VPS18,0.4642857142857143,0.06377551020408163,2.604591836734694
VPS25,0.625,0.015306122448979591,3.2244897959183674
VPS26A,0.45408163265306123,0.05357142857142857,2.6964285714285716
VPS26B,0.4744897959183674,0.07908163265306123,2.729591836734694
VPS26C,0.5637755102040817,0.03571428571428571,3.186224489795918
VPS28,0.6989795918367347,0.01020408163265306,3.854591836734694
VPS29,0.6224489795918368,0.02040816326530612,3.0918367346938775
VPS33A,0.6198979591836735,0.02295918367346939,3.0510204081632653
VPS33B,0.5229591836734694,0.05102040816326531,2.7346938775510203
VPS35,0.5102040816326531,0.03571428571428571,2.936224489795918
VPS35L,0.5382653061224489,0.030612244897959183,2.9183673469387754
VPS36,0.44387755102040816,0.09438775510204081,2.7831632653061225
VPS37A,0.24744897959183673,0.2193877551020408,2.24234693877551
VPS37B,0.6173469387755102,0.02295918367346939,3.0408163265306123
VPS37C,0.5790816326530612,0.01020408163265306,3.079081632653061
VPS37D,0.6071428571428571,0.00510204081632653,3.2857142857142856
VPS39,0.46683673469387754,0.061224489795918366,2.614795918367347
VPS41,0.6479591836734694,0.017857142857142856,3.510204081632653
VPS4A,0.5255102040816326,0.03826530612244898,3.061224489795918
VPS4B,0.40816326530612246,0.11479591836734694,2.558673469387755
VPS51,0.5714285714285714,0.012755102040816327,3.038265306122449
VPS52,0.5790816326530612,0.017857142857142856,3.0051020408163267
VPS53,0.3673469387755102,0.12755102040816327,2.4744897959183674
VPS72,0.7142857142857143,0.01020408163265306,3.931122448979592
VRK1,0.5025510204081632,0.05357142857142857,2.7729591836734695
VRK3,0.6403061224489796,0.025510204081632654,3.306122448979592
VSIG4,0.22448979591836735,0.33418367346938777,2.0306122448979593
VTA1,0.44387755102040816,0.06887755102040816,2.61734693877551
VTCN1,0.6020408163265306,0.02806122448979592,3.079081632653061
VTI1A,0.42857142857142855,0.07908163265306123,2.5841836734693877
VTI1B,0.4744897959183674,0.05357142857142857,2.7193877551020407
VTN,0.6479591836734694,0.012755102040816327,3.4693877551020407
VWA1,0.5714285714285714,0.03826530612244898,2.99234693877551
VWA8,0.44642857142857145,0.09183673469387756,2.74234693877551
VWF,0.6275510204081632,0.017857142857142856,3.2857142857142856
WAC,0.5892857142857143,0.04591836734693878,3.2193877551020407
WAPL,0.4387755102040816,0.0663265306122449,2.635204081632653
WARS2,0.6071428571428571,0.02295918367346939,3.173469387755102
WAS,0.22704081632653061,0.34183673469387754,2.0357142857142856
WASF1,0.413265306122449,0.09183673469387756,2.5051020408163267
WASF2,0.5586734693877551,0.03826530612244898,2.8801020408163267
WASF3,0.5561224489795918,0.02295918367346939,3.0918367346938775
WASHC1,0.42346938775510207,0.1326530612244898,2.7372448979591835
WASHC2A,0.46938775510204084,0.05102040816326531,2.7857142857142856
WASHC2C,0.5102040816326531,0.05357142857142857,2.8801020408163267
WASHC3,0.6020408163265306,0.025510204081632654,2.997448979591837
WASHC4,0.6071428571428571,0.025510204081632654,3.002551020408163
WASHC5,0.7142857142857143,0.01020408163265306,4.122448979591836
WASL,0.5892857142857143,0.012755102040816327,3.229591836734694
WBP11,0.5994897959183674,0.025510204081632654,3.1581632653061225
WBP4,0.4489795918367347,0.08928571428571429,2.7729591836734695
WDFY3,0.461734693877551,0.04846938775510204,2.7448979591836733
WDHD1,0.47959183673469385,0.04336734693877551,2.75
WDR1,0.5,0.061224489795918366,2.8239795918367347
WDR11,0.44642857142857145,0.07397959183673469,2.6403061224489797
WDR12,0.4362244897959184,0.061224489795918366,2.6301020408163267
WDR19,0.46938775510204084,0.05357142857142857,2.732142857142857
WDR26,0.6581632653061225,0.02040816326530612,3.2244897959183674
WDR3,0.5994897959183674,0.025510204081632654,3.0943877551020407
WDR33,0.5229591836734694,0.04846938775510204,2.875
WDR35,0.6377551020408163,0.017857142857142856,3.3392857142857144
WDR4,0.5612244897959183,0.04336734693877551,3.1377551020408165
WDR43,0.6275510204081632,0.015306122448979591,3.308673469387755
WDR48,0.5382653061224489,0.030612244897959183,3.183673469387755
WDR5,0.4770408163265306,0.09438775510204081,2.693877551020408
WDR62,0.6377551020408163,0.012755102040816327,3.520408163265306
WDR74,0.5816326530612245,0.007653061224489796,3.0331632653061225
WDR75,0.4744897959183674,0.03826530612244898,2.818877551020408
WDR77,0.576530612244898,0.03316326530612245,2.9642857142857144
WDR82,0.46683673469387754,0.06887755102040816,2.8596938775510203
WDR83,0.5535714285714286,0.05102040816326531,2.8443877551020407
WDR83OS,0.5535714285714286,0.05102040816326531,2.8443877551020407
WDTC1,0.5586734693877551,0.03826530612244898,2.8801020408163267
WEE1,0.336734693877551,0.09693877551020408,2.413265306122449
WFIKKN2,0.6403061224489796,0.015306122448979591,3.3494897959183674
WFS1,0.4897959183673469,0.05612244897959184,2.795918367346939
WHAMM,0.5102040816326531,0.04846938775510204,2.7219387755102042
WHRN,0.461734693877551,0.09693877551020408,2.663265306122449
WIF1,0.6045918367346939,0.025510204081632654,3.1964285714285716
WIPF1,0.48214285714285715,0.03826530612244898,2.806122448979592
WIPF2,0.6275510204081632,0.012755102040816327,3.3698979591836733
WIPF3,0.6505102040816326,0.015306122448979591,3.4948979591836733
WIPI1,0.6964285714285714,0.012755102040816327,3.5357142857142856
WIPI2,0.6556122448979592,0.01020408163265306,3.548469387755102
WIZ,0.5612244897959183,0.04846938775510204,2.875
WLS,0.5867346938775511,0.02806122448979592,2.982142857142857
WNK1,0.6275510204081632,0.02295918367346939,3.3010204081632653
WNK2,0.45408163265306123,0.1096938775510204,2.6989795918367347
WNK3,0.23214285714285715,0.32142857142857145,2.066326530612245
WNK4,0.625,0.015306122448979591,3.2244897959183674
WNT1,0.5892857142857143,0.030612244897959183,2.9668367346938775
WNT10B,0.5892857142857143,0.030612244897959183,2.9668367346938775
WNT11,0.5510204081632653,0.025510204081632654,3.0306122448979593
WNT16,0.5892857142857143,0.012755102040816327,3.229591836734694
WNT2,0.5943877551020408,0.01020408163265306,3.2933673469387754
WNT2B,0.576530612244898,0.03316326530612245,2.9719387755102042
WNT3,0.6326530612244898,0.017857142857142856,3.2780612244897958
WNT3A,0.6607142857142857,0.02040816326530612,3.229591836734694
WNT4,0.5612244897959183,0.03826530612244898,2.9464285714285716
WNT5A,0.4719387755102041,0.06887755102040816,2.8877551020408165
WNT5B,0.6275510204081632,0.02295918367346939,3.308673469387755
WNT6,0.35459183673469385,0.10204081632653061,2.433673469387755
WNT7A,0.6020408163265306,0.02040816326530612,3.767857142857143
WNT7B,0.4387755102040816,0.08928571428571429,2.576530612244898
WRAP73,0.5714285714285714,0.03826530612244898,2.982142857142857
WRN,0.27040816326530615,0.19387755102040816,2.306122448979592
WRNIP1,0.548469387755102,0.03316326530612245,3.076530612244898
WT1,0.4030612244897959,0.07908163265306123,2.7066326530612246
WTAP,0.4260204081632653,0.07908163265306123,2.548469387755102
WTIP,0.6352040816326531,0.015306122448979591,3.510204081632653
WWC1,0.4030612244897959,0.10459183673469388,2.502551020408163
WWOX,0.5204081632653061,0.04336734693877551,2.9668367346938775
WWP1,0.7066326530612245,0.015306122448979591,3.943877551020408
WWP2,0.5255102040816326,0.03571428571428571,3.0408163265306123
WWTR1,0.6862244897959183,0.00510204081632653,3.6581632653061225
XAB2,0.5586734693877551,0.058673469387755105,2.8520408163265305
XAF1,0.37755102040816324,0.11989795918367346,2.489795918367347
XBP1,0.5127551020408163,0.0663265306122449,2.9183673469387754
XCL1,0.6989795918367347,0.012755102040816327,3.895408163265306
XCL2,0.701530612244898,0.012755102040816327,3.8979591836734695
XDH,0.6301020408163265,0.017857142857142856,3.311224489795918
XIAP,0.21683673469387754,0.3469387755102041,2.0331632653061225
XIRP1,0.5357142857142857,0.030612244897959183,3.170918367346939
XK,0.2372448979591837,0.336734693877551,2.068877551020408
XPA,0.4362244897959184,0.11479591836734694,2.6096938775510203
XPC,0.5994897959183674,0.02040816326530612,3.6530612244897958
XPO1,0.6454081632653061,0.017857142857142856,3.438775510204082
XPO4,0.5382653061224489,0.03316326530612245,3.045918367346939
XPO5,0.5739795918367347,0.017857142857142856,3.204081632653061
XPO6,0.5739795918367347,0.02295918367346939,3.0918367346938775
XPO7,0.24489795918367346,0.22193877551020408,2.2270408163265305
XPOT,0.5994897959183674,0.030612244897959183,3.1403061224489797
XPR1,0.6811224489795918,0.017857142857142856,3.443877551020408
XRCC1,0.6403061224489796,0.015306122448979591,3.433673469387755
XRCC2,0.5867346938775511,0.02806122448979592,3.163265306122449
XRCC3,0.5,0.04846938775510204,2.7755102040816326
XRCC4,0.3979591836734694,0.10459183673469388,2.502551020408163
XRCC5,0.35714285714285715,0.09948979591836735,2.441326530612245
XRCC6,0.44387755102040816,0.07908163265306123,2.5892857142857144
XRN1,0.6785714285714286,0.01020408163265306,3.563775510204082
XRN2,0.673469387755102,0.01020408163265306,3.563775510204082
XYLT1,0.5357142857142857,0.03316326530612245,2.931122448979592
YAF2,0.6045918367346939,0.02295918367346939,3.11734693877551
YAP1,0.5025510204081632,0.04846938775510204,3.25
YARS2,0.6275510204081632,0.015306122448979591,3.295918367346939
YBX1,0.5969387755102041,0.017857142857142856,3.2193877551020407
YBX3,0.6045918367346939,0.02806122448979592,3.1658163265306123
YEATS2,0.6989795918367347,0.00510204081632653,3.7270408163265305
YEATS4,0.6352040816326531,0.02040816326530612,4.604591836734694
YES1,0.5739795918367347,0.02806122448979592,3.4005102040816326
YIF1A,0.5918367346938775,0.012755102040816327,3.086734693877551
YIF1B,0.6479591836734694,0.015306122448979591,3.7729591836734695
YIPF1,0.5867346938775511,0.02295918367346939,3.0433673469387754
YIPF2,0.5637755102040817,0.05357142857142857,2.9158163265306123
YIPF3,0.5739795918367347,0.017857142857142856,3.204081632653061
YIPF4,0.6326530612244898,0.015306122448979591,3.3010204081632653
YIPF5,0.41836734693877553,0.08163265306122448,2.548469387755102
YIPF6,0.20408163265306123,0.3494897959183674,1.9948979591836735
YKT6,0.6530612244897959,0.01020408163265306,3.4872448979591835
YLPM1,0.5076530612244898,0.04336734693877551,2.795918367346939
YME1L1,0.5892857142857143,0.04081632653061224,3.247448979591837
YOD1,0.6352040816326531,0.025510204081632654,3.127551020408163
YPEL1,0.5178571428571429,0.061224489795918366,2.9285714285714284
YRDC,0.5892857142857143,0.02040816326530612,3.061224489795918
YTHDC1,0.5102040816326531,0.03571428571428571,2.8520408163265305
YWHAB,0.7244897959183674,0.00510204081632653,3.9464285714285716
YWHAE,0.37244897959183676,0.12244897959183673,2.5127551020408165
YWHAG,0.6096938775510204,0.00510204081632653,3.267857142857143
YWHAH,0.5127551020408163,0.06887755102040816,2.941326530612245
YWHAQ,0.6377551020408163,0.017857142857142856,3.502551020408163
YWHAZ,0.7295918367346939,0.01020408163265306,5.176020408163265
YY1,0.5102040816326531,0.04846938775510204,2.7831632653061225
YY1AP1,0.701530612244898,0.012755102040816327,3.6683673469387754
YY2,0.2193877551020408,0.33163265306122447,2.0714285714285716
ZAP70,0.5790816326530612,0.02806122448979592,3.1989795918367347
ZBED1,0.5357142857142857,0.11734693877551021,3.1989795918367347
ZBP1,0.6989795918367347,0.015306122448979591,3.607142857142857
ZBTB14,0.5637755102040817,0.03826530612244898,3.354591836734694
ZBTB16,0.44387755102040816,0.07397959183673469,2.6658163265306123
ZBTB17,0.5663265306122449,0.03571428571428571,2.954081632653061
ZBTB18,0.6632653061224489,0.015306122448979591,3.2551020408163267
ZBTB22,0.5790816326530612,0.017857142857142856,3.00765306122449
ZBTB32,0.6403061224489796,0.012755102040816327,3.5280612244897958
ZBTB33,0.21683673469387754,0.34438775510204084,2.020408163265306
ZBTB38,0.6760204081632653,0.01020408163265306,3.5510204081632653
ZBTB7B,0.6989795918367347,0.01020408163265306,3.670918367346939
ZC3H15,0.46683673469387754,0.04846938775510204,2.770408163265306
ZC3H18,0.5127551020408163,0.04336734693877551,2.933673469387755
ZC3H3,0.7040816326530612,0.01020408163265306,3.8877551020408165
ZC3H8,0.5408163265306123,0.03571428571428571,2.9719387755102042
ZC3HAV1,0.5918367346938775,0.012755102040816327,3.2168367346938775
ZCCHC7,0.42091836734693877,0.08673469387755102,2.7244897959183674
ZCCHC8,0.6173469387755102,0.02295918367346939,3.0433673469387754
ZCRB1,0.6045918367346939,0.02295918367346939,3.11734693877551
ZDHHC17,0.576530612244898,0.02806122448979592,2.979591836734694
ZDHHC21,0.3852040816326531,0.1377551020408163,2.6403061224489797
ZDHHC8,0.5280612244897959,0.058673469387755105,3.0280612244897958
ZDHHC9,0.21173469387755103,0.3520408163265306,2.00765306122449
ZEB2,0.49744897959183676,0.04591836734693878,2.8316326530612246
ZER1,0.46683673469387754,0.09438775510204081,2.6760204081632653
ZFAND2B,0.35459183673469385,0.10204081632653061,2.433673469387755
ZFHX3,0.5229591836734694,0.03571428571428571,3.061224489795918
ZFP1,0.5127551020408163,0.03826530612244898,3.010204081632653
ZFP14,0.6326530612244898,0.012755102040816327,3.5357142857142856
ZFP2,0.4107142857142857,0.09948979591836735,2.50765306122449
ZFP28,0.6505102040816326,0.025510204081632654,3.38265306122449
ZFP36,0.6326530612244898,0.017857142857142856,3.5408163265306123
ZFP36L1,0.47959183673469385,0.05357142857142857,2.711734693877551
ZFP36L2,0.6275510204081632,0.017857142857142856,3.260204081632653
ZFP37,0.45918367346938777,0.09693877551020408,2.6607142857142856
ZFP69B,0.6045918367346939,0.017857142857142856,3.4005102040816326
ZFP90,0.5306122448979592,0.03826530612244898,3.063775510204082
ZFPM1,0.5127551020408163,0.04336734693877551,2.9260204081632653
ZFPM2,0.7193877551020408,0.015306122448979591,4.336734693877551
ZFR,0.7117346938775511,0.01020408163265306,3.9668367346938775
ZFYVE16,0.3826530612244898,0.10714285714285714,2.4693877551020407
ZFYVE26,0.4719387755102041,0.05612244897959184,2.7091836734693877
ZFYVE27,0.42857142857142855,0.07908163265306123,2.576530612244898
ZFYVE28,0.5,0.05357142857142857,2.9107142857142856
ZFYVE9,0.5994897959183674,0.02040816326530612,3.0510204081632653
ZG16,0.5816326530612245,0.02040816326530612,3.104591836734694
ZGPAT,0.6964285714285714,0.015306122448979591,3.5714285714285716
ZHX1,0.7117346938775511,0.01020408163265306,4.112244897959184
ZIC3,0.22193877551020408,0.336734693877551,2.076530612244898
ZIK1,0.6454081632653061,0.030612244897959183,3.316326530612245
ZIM3,0.6505102040816326,0.02806122448979592,3.3698979591836733
ZKSCAN1,0.6071428571428571,0.007653061224489796,3.318877551020408
ZKSCAN3,0.5892857142857143,0.012755102040816327,3.1785714285714284
ZKSCAN4,0.5892857142857143,0.012755102040816327,3.186224489795918
ZKSCAN5,0.6071428571428571,0.00510204081632653,3.3341836734693877
ZKSCAN7,0.5127551020408163,0.03826530612244898,3.0127551020408165
ZKSCAN8,0.5892857142857143,0.012755102040816327,3.183673469387755
ZMAT2,0.41581632653061223,0.08418367346938775,2.5408163265306123
ZMAT5,0.5178571428571429,0.06377551020408163,3.0051020408163267
ZMIZ1,0.46938775510204084,0.05612244897959184,2.813775510204082
ZMIZ2,0.6505102040816326,0.01020408163265306,3.4668367346938775
ZMPSTE24,0.6096938775510204,0.017857142857142856,3.4030612244897958
ZMYM2,0.5357142857142857,0.030612244897959183,3.0408163265306123
ZMYM3,0.2066326530612245,0.3469387755102041,2.0331632653061225
ZMYND11,0.6301020408163265,0.030612244897959183,3.538265306122449
ZMYND8,0.7219387755102041,0.00510204081632653,3.729591836734694
ZNF10,0.5918367346938775,0.04081632653061224,3.0127551020408165
ZNF100,0.5739795918367347,0.04081632653061224,3.0229591836734695
ZNF101,0.5688775510204082,0.04336734693877551,2.9668367346938775
ZNF112,0.6454081632653061,0.012755102040816327,3.436224489795918
ZNF114,0.6326530612244898,0.025510204081632654,3.267857142857143
ZNF12,0.6556122448979592,0.007653061224489796,3.5892857142857144
ZNF124,0.6658163265306123,0.015306122448979591,3.298469387755102
ZNF131,0.6964285714285714,0.012755102040816327,3.9719387755102042
ZNF133,0.6556122448979592,0.012755102040816327,3.5357142857142856
ZNF135,0.6428571428571429,0.02806122448979592,3.2933673469387754
ZNF136,0.5586734693877551,0.05102040816326531,2.8698979591836733
ZNF138,0.6326530612244898,0.007653061224489796,3.36734693877551
ZNF140,0.5943877551020408,0.03826530612244898,3.0229591836734695
ZNF143,0.336734693877551,0.09693877551020408,2.413265306122449
ZNF155,0.6454081632653061,0.015306122448979591,3.433673469387755
ZNF157,0.22959183673469388,0.34183673469387754,2.048469387755102
ZNF160,0.6454081632653061,0.025510204081632654,3.4005102040816326
ZNF169,0.45408163265306123,0.1096938775510204,2.693877551020408
ZNF17,0.6479591836734694,0.02806122448979592,3.326530612244898
ZNF174,0.42091836734693877,0.07908163265306123,2.5816326530612246
ZNF175,0.6403061224489796,0.025510204081632654,3.3443877551020407
ZNF18,0.3469387755102041,0.12755102040816327,2.4081632653061225
ZNF184,0.5867346938775511,0.015306122448979591,3.229591836734694
ZNF185,0.2372448979591837,0.33418367346938777,2.068877551020408
ZNF189,0.44387755102040816,0.11224489795918367,2.642857142857143
ZNF19,0.5204081632653061,0.03571428571428571,3.048469387755102
ZNF195,0.33163265306122447,0.09948979591836735,2.392857142857143
ZNF2,0.576530612244898,0.02806122448979592,3.173469387755102
ZNF20,0.5586734693877551,0.05102040816326531,2.8698979591836733
ZNF200,0.4260204081632653,0.07653061224489796,2.5943877551020407
ZNF202,0.461734693877551,0.07397959183673469,2.7066326530612246
ZNF205,0.42857142857142855,0.07397959183673469,2.6020408163265305
ZNF207,0.6352040816326531,0.012755102040816327,3.561224489795918
ZNF208,0.5790816326530612,0.03826530612244898,3.0331632653061225
ZNF211,0.6454081632653061,0.030612244897959183,3.316326530612245
ZNF212,0.5841836734693877,0.015306122448979591,3.1556122448979593
ZNF213,0.4260204081632653,0.07397959183673469,2.5994897959183674
ZNF214,0.336734693877551,0.09693877551020408,2.395408163265306
ZNF215,0.336734693877551,0.09693877551020408,2.395408163265306
ZNF217,0.7091836734693877,0.01020408163265306,3.688775510204082
ZNF219,0.5127551020408163,0.04081632653061224,2.8698979591836733
ZNF221,0.6454081632653061,0.015306122448979591,3.433673469387755
ZNF223,0.6454081632653061,0.015306122448979591,3.433673469387755
ZNF224,0.6454081632653061,0.015306122448979591,3.433673469387755
ZNF225,0.6454081632653061,0.015306122448979591,3.433673469387755
ZNF226,0.6454081632653061,0.015306122448979591,3.433673469387755
ZNF227,0.6454081632653061,0.015306122448979591,3.433673469387755
ZNF230,0.6454081632653061,0.015306122448979591,3.433673469387755
ZNF234,0.6454081632653061,0.015306122448979591,3.433673469387755
ZNF235,0.6454081632653061,0.015306122448979591,3.433673469387755
ZNF24,0.45918367346938777,0.08418367346938775,2.7219387755102042
ZNF25,0.5841836734693877,0.04081632653061224,3.2244897959183674
ZNF250,0.6964285714285714,0.01020408163265306,3.857142857142857
ZNF253,0.5637755102040817,0.04336734693877551,2.979591836734694
ZNF254,0.5790816326530612,0.03571428571428571,3.086734693877551
ZNF256,0.6454081632653061,0.030612244897959183,3.3010204081632653
ZNF257,0.5790816326530612,0.03826530612244898,3.020408163265306
ZNF26,0.5943877551020408,0.03826530612244898,3.0229591836734695
ZNF263,0.42346938775510207,0.07653061224489796,2.5918367346938775
ZNF264,0.6454081632653061,0.02806122448979592,3.326530612244898
ZNF266,0.5714285714285714,0.05357142857142857,2.895408163265306
ZNF267,0.5739795918367347,0.025510204081632654,2.9948979591836733
ZNF268,0.5918367346938775,0.04081632653061224,3.0127551020408165
ZNF274,0.6377551020408163,0.02806122448979592,3.2653061224489797
ZNF28,0.6428571428571429,0.025510204081632654,3.377551020408163
ZNF280A,0.5127551020408163,0.0663265306122449,2.9056122448979593
ZNF280B,0.5127551020408163,0.0663265306122449,2.9056122448979593
ZNF282,0.5841836734693877,0.015306122448979591,3.1530612244897958
ZNF286A,0.3392857142857143,0.1326530612244898,2.3903061224489797
ZNF30,0.6352040816326531,0.015306122448979591,3.49234693877551
ZNF300,0.41581632653061223,0.08673469387755102,2.538265306122449
ZNF302,0.6377551020408163,0.015306122448979591,3.497448979591837
ZNF304,0.6479591836734694,0.02806122448979592,3.326530612244898
ZNF311,0.5918367346938775,0.012755102040816327,3.135204081632653
ZNF317,0.5739795918367347,0.05357142857142857,2.8877551020408165
ZNF32,0.5255102040816326,0.05102040816326531,2.9285714285714284
ZNF320,0.6454081632653061,0.025510204081632654,3.3903061224489797
ZNF324,0.6301020408163265,0.030612244897959183,3.2653061224489797
ZNF324B,0.6326530612244898,0.030612244897959183,3.270408163265306
ZNF326,0.576530612244898,0.03571428571428571,2.9642857142857144
ZNF331,0.6454081632653061,0.025510204081632654,3.3877551020408165
ZNF333,0.5535714285714286,0.05102040816326531,2.864795918367347
ZNF334,0.7219387755102041,0.00510204081632653,3.7857142857142856
ZNF335,0.7168367346938775,0.007653061224489796,3.711734693877551
ZNF337,0.6785714285714286,0.007653061224489796,3.520408163265306
ZNF33A,0.5867346938775511,0.03826530612244898,3.25
ZNF33B,0.5280612244897959,0.04846938775510204,2.936224489795918
ZNF34,0.6938775510204082,0.012755102040816327,3.8443877551020407
ZNF343,0.6556122448979592,0.012755102040816327,3.454081632653061
ZNF350,0.6403061224489796,0.025510204081632654,3.3520408163265305
ZNF354A,0.40816326530612246,0.09948979591836735,2.502551020408163
ZNF354C,0.413265306122449,0.09693877551020408,2.5153061224489797
ZNF362,0.5714285714285714,0.03316326530612245,2.933673469387755
ZNF37A,0.5867346938775511,0.03826530612244898,3.24234693877551
ZNF382,0.6352040816326531,0.012755102040816327,3.5535714285714284
ZNF383,0.6428571428571429,0.012755102040816327,3.5994897959183674
ZNF384,0.6275510204081632,0.017857142857142856,3.2729591836734695
ZNF385A,0.6096938775510204,0.02295918367346939,3.061224489795918
ZNF394,0.6071428571428571,0.00510204081632653,3.3341836734693877
ZNF396,0.45918367346938777,0.08418367346938775,2.7219387755102042
ZNF398,0.5816326530612245,0.015306122448979591,3.1505102040816326
ZNF41,0.22959183673469388,0.34183673469387754,2.048469387755102
ZNF415,0.6454081632653061,0.025510204081632654,3.4005102040816326
ZNF416,0.6454081632653061,0.030612244897959183,3.316326530612245
ZNF417,0.6454081632653061,0.030612244897959183,3.3010204081632653
ZNF419,0.6454081632653061,0.030612244897959183,3.316326530612245
ZNF420,0.6403061224489796,0.012755102040816327,3.5969387755102042
ZNF423,0.5102040816326531,0.03826530612244898,2.8801020408163267
ZNF426,0.5739795918367347,0.05357142857142857,2.9030612244897958
ZNF430,0.5739795918367347,0.03826530612244898,3.0153061224489797
ZNF431,0.5739795918367347,0.04081632653061224,3.010204081632653
ZNF432,0.6403061224489796,0.025510204081632654,3.357142857142857
ZNF433,0.5586734693877551,0.05102040816326531,2.8698979591836733
ZNF436,0.5663265306122449,0.03826530612244898,2.941326530612245
ZNF439,0.5586734693877551,0.04846938775510204,2.88265306122449
ZNF440,0.5586734693877551,0.04846938775510204,2.9056122448979593
ZNF441,0.5586734693877551,0.04846938775510204,2.9056122448979593
ZNF442,0.5561224489795918,0.05102040816326531,2.864795918367347
ZNF443,0.5535714285714286,0.05102040816326531,2.857142857142857
ZNF445,0.5102040816326531,0.03826530612244898,3.0127551020408165
ZNF446,0.6301020408163265,0.030612244897959183,3.2653061224489797
ZNF45,0.6454081632653061,0.015306122448979591,3.431122448979592
ZNF451,0.5739795918367347,0.02295918367346939,3.056122448979592
ZNF454,0.4107142857142857,0.09948979591836735,2.50765306122449
ZNF460,0.6454081632653061,0.02806122448979592,3.326530612244898
ZNF461,0.6352040816326531,0.012755102040816327,3.5535714285714284
ZNF462,0.45408163265306123,0.1096938775510204,2.683673469387755
ZNF467,0.5841836734693877,0.012755102040816327,3.170918367346939
ZNF468,0.6454081632653061,0.025510204081632654,3.3877551020408165
ZNF471,0.6505102040816326,0.025510204081632654,3.38265306122449
ZNF473,0.6403061224489796,0.025510204081632654,3.306122448979592
ZNF479,0.6683673469387755,0.01020408163265306,3.688775510204082
ZNF480,0.6428571428571429,0.025510204081632654,3.3622448979591835
ZNF483,0.45408163265306123,0.10204081632653061,2.673469387755102
ZNF484,0.45663265306122447,0.1096938775510204,2.704081632653061
ZNF485,0.5255102040816326,0.05102040816326531,2.931122448979592
ZNF490,0.5535714285714286,0.05102040816326531,2.8443877551020407
ZNF493,0.5739795918367347,0.04081632653061224,3.017857142857143
ZNF496,0.6607142857142857,0.015306122448979591,3.2857142857142856
ZNF500,0.4336734693877551,0.0663265306122449,2.614795918367347
ZNF510,0.4413265306122449,0.11224489795918367,2.6198979591836733
ZNF514,0.576530612244898,0.02806122448979592,3.173469387755102
ZNF516,0.40561224489795916,0.11479591836734694,2.5255102040816326
ZNF517,0.6964285714285714,0.01020408163265306,3.857142857142857
ZNF519,0.5561224489795918,0.03826530612244898,3.25
ZNF521,0.5229591836734694,0.06377551020408163,2.9642857142857144
ZNF526,0.6403061224489796,0.015306122448979591,3.4030612244897958
ZNF529,0.6301020408163265,0.012755102040816327,3.5433673469387754
ZNF544,0.6377551020408163,0.02806122448979592,3.2653061224489797
ZNF547,0.6479591836734694,0.02806122448979592,3.326530612244898
ZNF549,0.6454081632653061,0.030612244897959183,3.316326530612245
ZNF551,0.6454081632653061,0.030612244897959183,3.316326530612245
ZNF552,0.6479591836734694,0.030612244897959183,3.311224489795918
ZNF554,0.5229591836734694,0.0663265306122449,2.788265306122449
ZNF555,0.5229591836734694,0.0663265306122449,2.788265306122449
ZNF556,0.5204081632653061,0.0663265306122449,2.7857142857142856
ZNF557,0.5561224489795918,0.05612244897959184,2.8596938775510203
ZNF559,0.5714285714285714,0.05357142857142857,2.895408163265306
ZNF561,0.5739795918367347,0.05357142857142857,2.920918367346939
ZNF562,0.5739795918367347,0.05357142857142857,2.920918367346939
ZNF564,0.5535714285714286,0.05102040816326531,2.8494897959183674
ZNF566,0.6301020408163265,0.012755102040816327,3.5255102040816326
ZNF567,0.6377551020408163,0.01020408163265306,3.5739795918367347
ZNF569,0.6454081632653061,0.015306122448979591,3.6607142857142856
ZNF582,0.6530612244897959,0.025510204081632654,3.392857142857143
ZNF585A,0.6403061224489796,0.012755102040816327,3.5918367346938775
ZNF585B,0.6403061224489796,0.012755102040816327,3.6020408163265305
ZNF587,0.6479591836734694,0.030612244897959183,3.311224489795918
ZNF589,0.4846938775510204,0.061224489795918366,2.9005102040816326
ZNF592,0.5127551020408163,0.04846938775510204,2.7244897959183674
ZNF593,0.5586734693877551,0.03826530612244898,2.9030612244897958
ZNF596,0.288265306122449,0.22448979591836735,2.318877551020408
ZNF597,0.42091836734693877,0.07908163265306123,2.5816326530612246
ZNF599,0.6377551020408163,0.015306122448979591,3.49234693877551
ZNF600,0.6428571428571429,0.025510204081632654,3.3622448979591835
ZNF605,0.5943877551020408,0.03826530612244898,3.0229591836734695
ZNF606,0.6479591836734694,0.02806122448979592,3.298469387755102
ZNF607,0.6428571428571429,0.015306122448979591,3.7448979591836733
ZNF611,0.6428571428571429,0.025510204081632654,3.3596938775510203
ZNF613,0.6403061224489796,0.025510204081632654,3.3469387755102042
ZNF614,0.6403061224489796,0.025510204081632654,3.357142857142857
ZNF615,0.6403061224489796,0.025510204081632654,3.354591836734694
ZNF616,0.6428571428571429,0.025510204081632654,3.364795918367347
ZNF620,0.5306122448979592,0.03316326530612245,3.0841836734693877
ZNF621,0.5280612244897959,0.03316326530612245,3.076530612244898
ZNF622,0.7142857142857143,0.012755102040816327,4.14030612244898
ZNF624,0.34438775510204084,0.12755102040816327,2.4005102040816326
ZNF625,0.5586734693877551,0.05102040816326531,2.8698979591836733
ZNF626,0.5688775510204082,0.03826530612244898,2.997448979591837
ZNF627,0.5612244897959183,0.05102040816326531,2.8979591836734695
ZNF638,0.6377551020408163,0.017857142857142856,3.3520408163265305
ZNF641,0.5969387755102041,0.02806122448979592,3.0510204081632653
ZNF649,0.6403061224489796,0.025510204081632654,3.3443877551020407
ZNF653,0.5612244897959183,0.05102040816326531,2.9030612244897958
ZNF655,0.6071428571428571,0.00510204081632653,3.3341836734693877
ZNF658,0.45918367346938777,0.10714285714285714,2.6530612244897958
ZNF660,0.5127551020408163,0.03826530612244898,3.0127551020408165
ZNF662,0.5153061224489796,0.03826530612244898,3.0306122448979593
ZNF664,0.6173469387755102,0.02295918367346939,3.0229591836734695
ZNF665,0.6454081632653061,0.025510204081632654,3.4005102040816326
ZNF668,0.576530612244898,0.025510204081632654,3.0127551020408165
ZNF669,0.6632653061224489,0.017857142857142856,3.2908163265306123
ZNF670,0.6632653061224489,0.017857142857142856,3.2933673469387754
ZNF671,0.6454081632653061,0.030612244897959183,3.316326530612245
ZNF675,0.576530612244898,0.03571428571428571,3.0714285714285716
ZNF676,0.5790816326530612,0.03826530612244898,3.0331632653061225
ZNF678,0.6632653061224489,0.02040816326530612,3.2346938775510203
ZNF679,0.6352040816326531,0.007653061224489796,3.375
ZNF684,0.6045918367346939,0.017857142857142856,3.3903061224489797
ZNF687,0.7142857142857143,0.01020408163265306,3.931122448979592
ZNF689,0.576530612244898,0.02295918367346939,3.0306122448979593
ZNF69,0.5586734693877551,0.04846938775510204,2.88265306122449
ZNF691,0.5969387755102041,0.017857142857142856,3.211734693877551
ZNF692,0.6632653061224489,0.015306122448979591,3.2627551020408165
ZNF696,0.7040816326530612,0.01020408163265306,3.8877551020408165
ZNF699,0.5739795918367347,0.05357142857142857,2.8979591836734695
ZNF7,0.6964285714285714,0.01020408163265306,3.857142857142857
ZNF70,0.5102040816326531,0.0663265306122449,2.9260204081632653
ZNF701,0.6403061224489796,0.025510204081632654,3.3494897959183674
ZNF703,0.461734693877551,0.10204081632653061,3.829081632653061
ZNF705G,0.25510204081632654,0.22448979591836735,2.247448979591837
ZNF707,0.701530612244898,0.01020408163265306,3.8801020408163267
ZNF708,0.5739795918367347,0.04081632653061224,3.010204081632653
ZNF71,0.6505102040816326,0.025510204081632654,3.38265306122449
ZNF710,0.5229591836734694,0.05102040816326531,2.7346938775510203
ZNF711,0.20918367346938777,0.3469387755102041,2.00765306122449
ZNF714,0.5739795918367347,0.04081632653061224,3.010204081632653
ZNF716,0.6709183673469388,0.01020408163265306,3.6530612244897958
ZNF721,0.4923469387755102,0.05612244897959184,2.811224489795918
ZNF724,0.576530612244898,0.03826530612244898,3.0535714285714284
ZNF726,0.5790816326530612,0.03316326530612245,3.0943877551020407
ZNF732,0.4923469387755102,0.05612244897959184,2.811224489795918
ZNF738,0.5739795918367347,0.04081632653061224,3.010204081632653
ZNF74,0.5280612244897959,0.05612244897959184,3.0739795918367347
ZNF740,0.6045918367346939,0.02806122448979592,3.002551020408163
ZNF746,0.5867346938775511,0.015306122448979591,3.170918367346939
ZNF747,0.576530612244898,0.02295918367346939,3.0331632653061225
ZNF75A,0.42346938775510207,0.07653061224489796,2.5918367346938775
ZNF76,0.5816326530612245,0.017857142857142856,3.0255102040816326
ZNF764,0.576530612244898,0.02295918367346939,3.0306122448979593
ZNF77,0.5204081632653061,0.0663265306122449,2.7857142857142856
ZNF770,0.4719387755102041,0.061224489795918366,2.625
ZNF771,0.5816326530612245,0.02040816326530612,3.058673469387755
ZNF773,0.6454081632653061,0.030612244897959183,3.316326530612245
ZNF774,0.5229591836734694,0.05102040816326531,2.7372448979591835
ZNF775,0.5867346938775511,0.012755102040816327,3.1964285714285716
ZNF785,0.576530612244898,0.02295918367346939,3.0306122448979593
ZNF786,0.5816326530612245,0.012755102040816327,3.1530612244897958
ZNF79,0.461734693877551,0.09693877551020408,2.6530612244897958
ZNF790,0.6403061224489796,0.01020408163265306,3.586734693877551
ZNF791,0.5535714285714286,0.05102040816326531,2.8443877551020407
ZNF792,0.6352040816326531,0.015306122448979591,3.4948979591836733
ZNF804B,0.6020408163265306,0.00510204081632653,3.313775510204082
ZNF830,0.6301020408163265,0.017857142857142856,3.316326530612245
ZNF860,0.5663265306122449,0.030612244897959183,3.2857142857142856
ZNF875,0.6454081632653061,0.015306122448979591,3.6377551020408165
ZNF92,0.625,0.01020408163265306,3.3520408163265305
ZNF99,0.576530612244898,0.03826530612244898,3.045918367346939
ZNHIT6,0.5790816326530612,0.03826530612244898,2.9668367346938775
ZNRF1,0.5127551020408163,0.03826530612244898,3.010204081632653
ZNRF2,0.6505102040816326,0.015306122448979591,3.5433673469387754
ZNRF3,0.5127551020408163,0.0663265306122449,2.913265306122449
ZP2,0.5459183673469388,0.03316326530612245,2.941326530612245
ZP3,0.6096938775510204,0.00510204081632653,3.267857142857143
ZP4,0.6607142857142857,0.017857142857142856,3.267857142857143
ZPR1,0.45153061224489793,0.07397959183673469,2.681122448979592
ZRANB1,0.44387755102040816,0.07397959183673469,2.627551020408163
ZRANB2,0.576530612244898,0.025510204081632654,2.9846938775510203
ZRSR2,0.22448979591836735,0.3392857142857143,2.058673469387755
ZSCAN22,0.6377551020408163,0.030612244897959183,3.25765306122449
ZSCAN25,0.6071428571428571,0.00510204081632653,3.3341836734693877
ZSWIM7,0.336734693877551,0.13520408163265307,2.372448979591837
ZW10,0.4413265306122449,0.07653061224489796,2.6581632653061225
ZWILCH,0.5102040816326531,0.04846938775510204,2.683673469387755
ZWINT,0.45663265306122447,0.05612244897959184,2.7066326530612246
ZYX,0.5994897959183674,0.012755102040816327,3.24234693877551
