gene,amp_freq,del_freq,mean_cnv
A1BG,0.580110497237569,0.06077348066298342,3.18232044198895
A1CF,0.5138121546961326,0.055248618784530384,2.8066298342541436
A2M,0.6077348066298343,0.06077348066298342,3.1767955801104972
A4GALT,0.44751381215469616,0.055248618784530384,2.685082872928177
A4GNT,0.7016574585635359,0.03314917127071823,3.718232044198895
AAAS,0.569060773480663,0.049723756906077346,2.81767955801105
AACS,0.56353591160221,0.049723756906077346,2.856353591160221
AADAT,0.3425414364640884,0.13812154696132597,2.4861878453038675
AAK1,0.6740331491712708,0.0055248618784530384,3.265193370165746
AAMP,0.5248618784530387,0.049723756906077346,2.8011049723756907
AANAT,0.6243093922651933,0.022099447513812154,3.0718232044198897
AAR2,0.7458563535911602,0.0,4.027624309392265
AARS2,0.6298342541436464,0.03314917127071823,3.696132596685083
AARSD1,0.6187845303867403,0.03314917127071823,3.0497237569060776
AASDHPPT,0.425414364640884,0.13259668508287292,2.6629834254143647
AASS,0.5303867403314917,0.08287292817679558,2.9337016574585637
AATF,0.6077348066298343,0.055248618784530384,3.016574585635359
ABAT,0.5082872928176796,0.07734806629834254,2.8066298342541436
ABCA1,0.5911602209944752,0.06077348066298342,2.9281767955801103
ABCA2,0.6132596685082873,0.055248618784530384,3.005524861878453
ABCA7,0.3756906077348066,0.07734806629834254,2.5082872928176796
ABCB1,0.7071823204419889,0.016574585635359115,4.016574585635359
ABCB10,0.6740331491712708,0.027624309392265192,3.43646408839779
ABCB4,0.712707182320442,0.016574585635359115,3.972375690607735
ABCB6,0.5248618784530387,0.055248618784530384,2.8011049723756907
ABCB7,0.20994475138121546,0.3370165745856354,1.9723756906077348
ABCC1,0.5248618784530387,0.08839779005524862,2.856353591160221
ABCC11,0.5248618784530387,0.055248618784530384,2.856353591160221
ABCC3,0.6298342541436464,0.03314917127071823,3.1712707182320443
ABCC8,0.4585635359116022,0.0718232044198895,2.7624309392265194
ABCC9,0.6298342541436464,0.06629834254143646,3.4640883977900554
ABCD1,0.2596685082872928,0.281767955801105,2.110497237569061
ABCD2,0.5469613259668509,0.06077348066298342,2.8232044198895028
ABCD3,0.5082872928176796,0.06077348066298342,2.6298342541436464
ABCD4,0.580110497237569,0.055248618784530384,2.861878453038674
ABCE1,0.36464088397790057,0.08287292817679558,2.596685082872928
ABCF1,0.6022099447513812,0.03867403314917127,3.0386740331491713
ABCG1,0.30386740331491713,0.15469613259668508,2.292817679558011
ABCG2,0.3314917127071823,0.12154696132596685,2.414364640883978
ABCG4,0.4088397790055249,0.11049723756906077,2.56353591160221
ABCG8,0.6574585635359116,0.016574585635359115,3.138121546961326
ABHD12,0.6850828729281768,0.04419889502762431,3.552486187845304
ABHD5,0.287292817679558,0.19337016574585636,2.2154696132596685
ABHD6,0.2541436464088398,0.2265193370165746,2.143646408839779
ABI1,0.580110497237569,0.049723756906077346,2.9447513812154695
ABI2,0.5966850828729282,0.022099447513812154,2.977900552486188
ABI3,0.6243093922651933,0.03314917127071823,3.0939226519337018
ABL1,0.6022099447513812,0.06629834254143646,2.911602209944751
ABL2,0.6740331491712708,0.03314917127071823,3.3646408839779007
ABLIM2,0.3370165745856354,0.14917127071823205,2.414364640883978
ABLIM3,0.35911602209944754,0.08839779005524862,2.386740331491713
ABR,0.39226519337016574,0.09392265193370165,2.5580110497237567
ABRA,0.7679558011049724,0.0055248618784530384,4.038674033149171
ABRAXAS1,0.34806629834254144,0.10497237569060773,2.4419889502762433
ABRAXAS2,0.5138121546961326,0.06629834254143646,2.751381215469613
ABT1,0.5414364640883977,0.055248618784530384,2.861878453038674
ABTB1,0.6629834254143646,0.04419889502762431,3.5193370165745854
ACAA1,0.2983425414364641,0.19337016574585636,2.2596685082872927
ACAA2,0.30939226519337015,0.27624309392265195,2.265193370165746
ACACA,0.6187845303867403,0.049723756906077346,3.0386740331491713
ACACB,0.580110497237569,0.03867403314917127,2.8784530386740332
ACAD10,0.569060773480663,0.03867403314917127,2.850828729281768
ACAD8,0.4088397790055249,0.143646408839779,2.6243093922651934
ACAD9,0.6685082872928176,0.03867403314917127,3.5303867403314917
ACADL,0.5303867403314917,0.055248618784530384,2.850828729281768
ACADM,0.48066298342541436,0.06629834254143646,2.6077348066298343
ACADS,0.569060773480663,0.03867403314917127,2.867403314917127
ACADSB,0.4972375690607735,0.06629834254143646,2.74585635359116
ACADVL,0.3812154696132597,0.09392265193370165,2.5303867403314917
ACAN,0.5469613259668509,0.022099447513812154,3.0
ACAT1,0.4143646408839779,0.1270718232044199,2.596685082872928
ACAT2,0.5248618784530387,0.06077348066298342,2.8232044198895028
ACBD3,0.6685082872928176,0.027624309392265192,3.430939226519337
ACBD6,0.6740331491712708,0.022099447513812154,3.3591160220994474
ACE,0.6685082872928176,0.03314917127071823,3.248618784530387
ACE2,0.1712707182320442,0.4585635359116022,1.7900552486187846
ACER1,0.4198895027624309,0.07734806629834254,2.56353591160221
ACER2,0.32044198895027626,0.1878453038674033,2.3701657458563536
ACER3,0.5082872928176796,0.06077348066298342,3.0662983425414363
ACHE,0.6850828729281768,0.03314917127071823,3.9281767955801103
ACIN1,0.5469613259668509,0.049723756906077346,2.911602209944751
ACKR1,0.712707182320442,0.016574585635359115,3.4696132596685083
ACKR2,0.2983425414364641,0.1878453038674033,2.2430939226519335
ACKR3,0.5082872928176796,0.06077348066298342,2.74585635359116
ACLY,0.6408839779005525,0.03867403314917127,3.9337016574585637
ACMSD,0.5911602209944752,0.049723756906077346,3.022099447513812
ACO1,0.39779005524861877,0.13812154696132597,2.6187845303867405
ACO2,0.44751381215469616,0.055248618784530384,2.679558011049724
ACOT1,0.580110497237569,0.055248618784530384,2.850828729281768
ACOT11,0.5027624309392266,0.03867403314917127,2.6685082872928176
ACOT12,0.2596685082872928,0.143646408839779,2.2375690607734806
ACOT13,0.5359116022099447,0.06077348066298342,2.9226519337016574
ACOT2,0.580110497237569,0.055248618784530384,2.850828729281768
ACOT4,0.580110497237569,0.055248618784530384,2.850828729281768
ACOT7,0.5193370165745856,0.06629834254143646,2.7845303867403315
ACOT8,0.7513812154696132,0.0055248618784530384,3.972375690607735
ACOX1,0.6298342541436464,0.022099447513812154,3.0662983425414363
ACOX2,0.24861878453038674,0.2265193370165746,2.1270718232044197
ACOX3,0.3370165745856354,0.14917127071823205,2.414364640883978
ACP1,0.6408839779005525,0.049723756906077346,3.0718232044198897
ACP2,0.5193370165745856,0.06077348066298342,2.8784530386740332
ACP5,0.47513812154696133,0.04419889502762431,2.707182320441989
ACR,0.4530386740331492,0.08287292817679558,2.657458563535912
ACSBG1,0.5138121546961326,0.03314917127071823,2.8121546961325965
ACSF3,0.4861878453038674,0.06629834254143646,2.7624309392265194
ACSL1,0.3314917127071823,0.143646408839779,2.43646408839779
ACSL3,0.5359116022099447,0.055248618784530384,2.773480662983425
ACSL4,0.23204419889502761,0.30386740331491713,2.0331491712707184
ACSL5,0.4861878453038674,0.07734806629834254,2.6243093922651934
ACSM1,0.5138121546961326,0.09392265193370165,2.8011049723756907
ACSM2B,0.5138121546961326,0.09392265193370165,2.8011049723756907
ACSM5,0.5138121546961326,0.08839779005524862,2.8066298342541436
ACSS1,0.6795580110497238,0.04419889502762431,3.56353591160221
ACSS2,0.7403314917127072,0.0055248618784530384,3.9392265193370166
ACSS3,0.5303867403314917,0.055248618784530384,2.7624309392265194
ACTA1,0.6740331491712708,0.027624309392265192,3.43646408839779
ACTBL2,0.2541436464088398,0.14917127071823205,2.2320441988950277
ACTC1,0.47513812154696133,0.04419889502762431,2.7845303867403315
ACTG1,0.6022099447513812,0.03314917127071823,3.0
ACTG2,0.6574585635359116,0.0055248618784530384,3.1933701657458564
ACTL6A,0.7790055248618785,0.022099447513812154,4.419889502762431
ACTL6B,0.6906077348066298,0.03314917127071823,3.977900552486188
ACTL7A,0.5911602209944752,0.06077348066298342,2.9281767955801103
ACTN1,0.580110497237569,0.06077348066298342,2.834254143646409
ACTN2,0.6685082872928176,0.016574585635359115,3.447513812154696
ACTN3,0.6243093922651933,0.022099447513812154,3.25414364640884
ACTN4,0.56353591160221,0.03314917127071823,3.044198895027624
ACTR10,0.574585635359116,0.049723756906077346,2.867403314917127
ACTR1A,0.48066298342541436,0.08839779005524862,2.6022099447513813
ACTR1B,0.6850828729281768,0.0055248618784530384,3.3314917127071824
ACTR2,0.6740331491712708,0.0055248618784530384,3.226519337016575
ACTR3,0.6629834254143646,0.022099447513812154,3.303867403314917
ACTR3B,0.46408839779005523,0.143646408839779,2.7569060773480665
ACTR3C,0.4585635359116022,0.13259668508287292,2.7569060773480665
ACTR5,0.7403314917127072,0.0,3.9392265193370166
ACTR6,0.569060773480663,0.055248618784530384,2.8066298342541436
ACTR8,0.2596685082872928,0.23204419889502761,2.132596685082873
ACVR1,0.5966850828729282,0.027624309392265192,3.0386740331491713
ACVR1B,0.5580110497237569,0.049723756906077346,2.839779005524862
ACVR1C,0.5966850828729282,0.027624309392265192,3.0386740331491713
ACVR2A,0.585635359116022,0.027624309392265192,3.0
ACVR2B,0.2983425414364641,0.19337016574585636,2.2596685082872927
ACVRL1,0.5580110497237569,0.049723756906077346,2.839779005524862
ACY1,0.2430939226519337,0.2265193370165746,2.116022099447514
ACYP2,0.6740331491712708,0.011049723756906077,3.1878453038674035
ADA,0.7458563535911602,0.0,4.05524861878453
ADAM10,0.48066298342541436,0.049723756906077346,2.7569060773480665
ADAM11,0.6243093922651933,0.03314917127071823,3.0939226519337018
ADAM12,0.5082872928176796,0.0718232044198895,2.7569060773480665
ADAM15,0.7071823204419889,0.011049723756906077,3.425414364640884
ADAM17,0.6353591160220995,0.049723756906077346,3.0828729281767955
ADAM19,0.3756906077348066,0.07734806629834254,2.4419889502762433
ADAM2,0.585635359116022,0.09392265193370165,3.2430939226519335
ADAM21,0.574585635359116,0.06077348066298342,2.8287292817679557
ADAM22,0.7071823204419889,0.022099447513812154,4.104972375690608
ADAM28,0.44751381215469616,0.16574585635359115,2.6353591160220993
ADAM30,0.5359116022099447,0.08839779005524862,2.883977900552486
ADAM8,0.49171270718232046,0.07734806629834254,2.679558011049724
ADAM9,0.574585635359116,0.10497237569060773,3.298342541436464
ADAMTS1,0.30939226519337015,0.14917127071823205,2.298342541436464
ADAMTS12,0.6408839779005525,0.027624309392265192,3.701657458563536
ADAMTS13,0.5966850828729282,0.06629834254143646,2.9171270718232045
ADAMTS18,0.4972375690607735,0.06077348066298342,2.7624309392265194
ADAMTS2,0.39226519337016574,0.06629834254143646,2.6187845303867405
ADAMTS4,0.7182320441988951,0.016574585635359115,3.56353591160221
ADAMTS5,0.30939226519337015,0.14917127071823205,2.298342541436464
ADAMTS7,0.5138121546961326,0.03314917127071823,2.8121546961325965
ADAMTSL1,0.3259668508287293,0.1878453038674033,2.4917127071823204
ADAMTSL2,0.5966850828729282,0.06629834254143646,2.9171270718232045
ADAMTSL3,0.5248618784530387,0.027624309392265192,2.856353591160221
ADAMTSL5,0.3756906077348066,0.07734806629834254,2.4917127071823204
ADAP1,0.7348066298342542,0.022099447513812154,3.883977900552486
ADAP2,0.6298342541436464,0.03867403314917127,3.0662983425414363
ADAR,0.7071823204419889,0.011049723756906077,3.430939226519337
ADCY1,0.7071823204419889,0.022099447513812154,3.734806629834254
ADCY10,0.7016574585635359,0.016574585635359115,3.4696132596685083
ADCY2,0.6685082872928176,0.03314917127071823,3.7900552486187844
ADCY3,0.6629834254143646,0.03314917127071823,3.1215469613259668
ADCY5,0.6629834254143646,0.04419889502762431,3.458563535911602
ADCY6,0.56353591160221,0.055248618784530384,2.8232044198895028
ADCY7,0.5082872928176796,0.055248618784530384,2.7955801104972378
ADCY8,0.8176795580110497,0.011049723756906077,4.458563535911602
ADCY9,0.4861878453038674,0.08839779005524862,2.6906077348066297
ADCYAP1,0.574585635359116,0.08287292817679558,3.25414364640884
ADD1,0.3370165745856354,0.16022099447513813,2.3922651933701657
ADD2,0.6740331491712708,0.0055248618784530384,3.226519337016575
ADD3,0.48066298342541436,0.0718232044198895,2.6243093922651934
ADGRA2,0.574585635359116,0.11602209944751381,3.408839779005525
ADGRB1,0.7790055248618785,0.022099447513812154,3.994475138121547
ADGRE5,0.5027624309392266,0.04419889502762431,2.8011049723756907
ADGRF5,0.6077348066298343,0.03867403314917127,3.425414364640884
ADGRG3,0.5193370165745856,0.06077348066298342,2.8232044198895028
ADGRL1,0.5027624309392266,0.04419889502762431,2.8066298342541436
ADGRL2,0.5027624309392266,0.06077348066298342,2.6187845303867405
ADGRL3,0.3867403314917127,0.09392265193370165,2.613259668508287
ADH1A,0.32044198895027626,0.1270718232044199,2.3480662983425415
ADH1B,0.32044198895027626,0.1270718232044199,2.3480662983425415
ADH1C,0.32044198895027626,0.1270718232044199,2.3480662983425415
ADH4,0.3149171270718232,0.13259668508287292,2.3370165745856353
ADH5,0.3149171270718232,0.13259668508287292,2.3370165745856353
ADH7,0.32044198895027626,0.1270718232044199,2.3480662983425415
ADHFE1,0.712707182320442,0.0055248618784530384,3.7569060773480665
ADI1,0.6408839779005525,0.03867403314917127,3.0718232044198897
ADIPOQ,0.7679558011049724,0.027624309392265192,4.303867403314917
ADIPOR1,0.6629834254143646,0.027624309392265192,3.3093922651933703
ADIPOR2,0.6077348066298343,0.06077348066298342,3.287292817679558
ADK,0.4861878453038674,0.0718232044198895,2.718232044198895
ADM,0.430939226519337,0.08839779005524862,2.723756906077348
ADNP,0.7734806629834254,0.011049723756906077,4.016574585635359
ADO,0.5138121546961326,0.049723756906077346,2.8121546961325965
ADORA1,0.6629834254143646,0.027624309392265192,3.3093922651933703
ADORA2A,0.48066298342541436,0.0718232044198895,2.6906077348066297
ADORA2B,0.35911602209944754,0.11602209944751381,2.5027624309392267
ADPGK,0.5082872928176796,0.03867403314917127,2.7955801104972378
ADRA1A,0.430939226519337,0.18232044198895028,2.591160220994475
ADRA1B,0.3756906077348066,0.07734806629834254,2.425414364640884
ADRA1D,0.6795580110497238,0.06629834254143646,3.4419889502762433
ADRA2A,0.4861878453038674,0.08287292817679558,2.6298342541436464
ADRA2B,0.6850828729281768,0.0055248618784530384,3.2044198895027622
ADRA2C,0.3314917127071823,0.16574585635359115,2.3756906077348066
ADRB1,0.48066298342541436,0.0718232044198895,2.6408839779005526
ADRB2,0.35359116022099446,0.08839779005524862,2.3812154696132595
ADRB3,0.574585635359116,0.11049723756906077,3.3666666666666667
ADRM1,0.7513812154696132,0.011049723756906077,3.972375690607735
ADSL,0.44751381215469616,0.06077348066298342,2.6353591160220993
AEBP2,0.6132596685082873,0.08287292817679558,3.265193370165746
AFAP1,0.3370165745856354,0.14917127071823205,2.414364640883978
AFDN,0.5524861878453039,0.055248618784530384,2.8729281767955803
AFF1,0.3425414364640884,0.12154696132596685,2.4198895027624308
AFF4,0.30939226519337015,0.10497237569060773,2.314917127071823
AFG3L2,0.5414364640883977,0.08287292817679558,2.977900552486188
AFMID,0.6298342541436464,0.027624309392265192,3.0828729281767955
AGA,0.3314917127071823,0.16022099447513813,2.3977900552486187
AGAP2,0.580110497237569,0.049723756906077346,2.889502762430939
AGER,0.5966850828729282,0.04419889502762431,3.005524861878453
AGFG1,0.5414364640883977,0.055248618784530384,2.7845303867403315
AGGF1,0.2596685082872928,0.14917127071823205,2.226519337016575
AGL,0.5027624309392266,0.0718232044198895,2.6408839779005526
AGMAT,0.5082872928176796,0.049723756906077346,2.701657458563536
AGMO,0.7348066298342542,0.022099447513812154,3.8784530386740332
AGO1,0.5138121546961326,0.03867403314917127,2.74585635359116
AGO2,0.7900552486187845,0.027624309392265192,4.171270718232044
AGO3,0.5138121546961326,0.03867403314917127,2.74585635359116
AGO4,0.5138121546961326,0.03867403314917127,2.74585635359116
AGPAT1,0.5966850828729282,0.04419889502762431,3.005524861878453
AGPAT2,0.6132596685082873,0.055248618784530384,3.0110497237569063
AGPAT3,0.30939226519337015,0.15469613259668508,2.303867403314917
AGPAT4,0.5248618784530387,0.06629834254143646,2.839779005524862
AGPAT5,0.46408839779005523,0.15469613259668508,2.8784530386740332
AGPS,0.6187845303867403,0.022099447513812154,3.1988950276243093
AGR2,0.7348066298342542,0.022099447513812154,3.9447513812154695
AGR3,0.7348066298342542,0.022099447513812154,3.9447513812154695
AGRN,0.5303867403314917,0.049723756906077346,2.7955801104972378
AGRP,0.5248618784530387,0.06629834254143646,2.856353591160221
AGT,0.6740331491712708,0.022099447513812154,3.4696132596685083
AGTR1,0.7513812154696132,0.027624309392265192,4.082872928176796
AGTR2,0.2430939226519337,0.281767955801105,2.0718232044198897
AGTRAP,0.5193370165745856,0.055248618784530384,2.867403314917127
AGXT,0.5082872928176796,0.06629834254143646,2.7403314917127073
AGXT2,0.6353591160220995,0.027624309392265192,3.6906077348066297
AHCTF1,0.6961325966850829,0.027624309392265192,3.5138121546961325
AHCY,0.7569060773480663,0.0055248618784530384,3.9337016574585637
AHCYL1,0.5082872928176796,0.09392265193370165,2.6408839779005526
AHCYL2,0.5027624309392266,0.09392265193370165,2.834254143646409
AHI1,0.5580110497237569,0.04419889502762431,3.458563535911602
AHNAK,0.574585635359116,0.04419889502762431,2.972375690607735
AHR,0.7348066298342542,0.022099447513812154,3.9281767955801103
AHRR,0.6629834254143646,0.03867403314917127,3.889502762430939
AHSA1,0.585635359116022,0.049723756906077346,2.8950276243093924
AHSG,0.7679558011049724,0.027624309392265192,4.30939226519337
AHSP,0.5524861878453039,0.06629834254143646,2.889502762430939
AICDA,0.6077348066298343,0.06077348066298342,3.1712707182320443
AIF1,0.6022099447513812,0.04419889502762431,3.0
AIFM1,0.24861878453038674,0.292817679558011,2.0552486187845305
AIFM2,0.5027624309392266,0.06629834254143646,2.7403314917127073
AIM2,0.712707182320442,0.016574585635359115,3.4696132596685083
AIMP1,0.3370165745856354,0.11049723756906077,2.3922651933701657
AIMP2,0.7403314917127072,0.016574585635359115,3.856353591160221
AIP,0.6519337016574586,0.016574585635359115,3.3977900552486187
AIPL1,0.3812154696132597,0.09392265193370165,2.5248618784530388
AJAP1,0.5248618784530387,0.06077348066298342,2.734806629834254
AJUBA,0.5414364640883977,0.049723756906077346,2.8784530386740332
AK2,0.5082872928176796,0.03867403314917127,2.729281767955801
AK3,0.3314917127071823,0.19337016574585636,2.408839779005525
AK4,0.49171270718232046,0.049723756906077346,2.6298342541436464
AK5,0.48066298342541436,0.06077348066298342,2.613259668508287
AK8,0.5966850828729282,0.06629834254143646,2.9171270718232045
AKAP1,0.6243093922651933,0.03867403314917127,3.1049723756906076
AKAP10,0.36464088397790057,0.1270718232044199,2.5303867403314917
AKAP12,0.5414364640883977,0.049723756906077346,2.8784530386740332
AKAP13,0.5359116022099447,0.022099447513812154,2.9502762430939224
AKAP14,0.23756906077348067,0.30386740331491713,2.0331491712707184
AKAP3,0.6077348066298343,0.06077348066298342,3.276243093922652
AKAP4,0.15469613259668508,0.44751381215469616,1.8011049723756907
AKAP5,0.574585635359116,0.049723756906077346,2.850828729281768
AKAP7,0.5414364640883977,0.03867403314917127,2.9337016574585637
AKAP8,0.5138121546961326,0.027624309392265192,2.9060773480662982
AKAP8L,0.5138121546961326,0.027624309392265192,2.9060773480662982
AKAP9,0.7403314917127072,0.016574585635359115,4.4088397790055245
AKIRIN1,0.5414364640883977,0.03314917127071823,2.9613259668508287
AKIRIN2,0.5082872928176796,0.049723756906077346,2.74585635359116
AKR1A1,0.5303867403314917,0.027624309392265192,2.729281767955801
AKR1B1,0.49171270718232046,0.09392265193370165,2.8232044198895028
AKR1C1,0.5524861878453039,0.06629834254143646,2.9668508287292816
AKR1C2,0.5524861878453039,0.0718232044198895,2.9613259668508287
AKR1C3,0.5524861878453039,0.0718232044198895,2.9668508287292816
AKR1C4,0.5580110497237569,0.06629834254143646,2.9668508287292816
AKR1D1,0.5082872928176796,0.08839779005524862,2.856353591160221
AKR7A2,0.4696132596685083,0.055248618784530384,2.657458563535912
AKR7A3,0.4696132596685083,0.055248618784530384,2.657458563535912
AKT1,0.5524861878453039,0.055248618784530384,2.9005524861878453
AKT1S1,0.5580110497237569,0.04419889502762431,2.9502762430939224
AKT2,0.5524861878453039,0.03867403314917127,2.9171270718232045
AKT3,0.6850828729281768,0.027624309392265192,3.4696132596685083
AKTIP,0.5027624309392266,0.055248618784530384,2.8287292817679557
ALAD,0.585635359116022,0.06077348066298342,2.9226519337016574
ALAS1,0.2430939226519337,0.2265193370165746,2.116022099447514
ALB,0.40331491712707185,0.08287292817679558,2.729281767955801
ALCAM,0.6408839779005525,0.03867403314917127,3.4640883977900554
ALDH18A1,0.4696132596685083,0.08287292817679558,2.5801104972375692
ALDH1A1,0.5524861878453039,0.06077348066298342,2.8784530386740332
ALDH1A2,0.48066298342541436,0.04419889502762431,2.7624309392265194
ALDH1A3,0.574585635359116,0.027624309392265192,3.0718232044198897
ALDH1B1,0.39226519337016574,0.13812154696132597,2.6077348066298343
ALDH1L1,0.6629834254143646,0.04419889502762431,3.4917127071823204
ALDH1L2,0.574585635359116,0.049723756906077346,2.81767955801105
ALDH2,0.569060773480663,0.03867403314917127,2.850828729281768
ALDH3A1,0.36464088397790057,0.1270718232044199,2.5580110497237567
ALDH3A2,0.36464088397790057,0.1270718232044199,2.5580110497237567
ALDH3B1,0.6574585635359116,0.016574585635359115,3.552486187845304
ALDH4A1,0.4696132596685083,0.055248618784530384,2.6685082872928176
ALDH5A1,0.5359116022099447,0.06629834254143646,2.9060773480662982
ALDH6A1,0.580110497237569,0.055248618784530384,2.861878453038674
ALDH9A1,0.7016574585635359,0.016574585635359115,3.458563535911602
ALDOC,0.6187845303867403,0.03314917127071823,3.110497237569061
ALG1,0.4861878453038674,0.08839779005524862,2.685082872928177
ALG10,0.6298342541436464,0.04419889502762431,3.270718232044199
ALG10B,0.56353591160221,0.055248618784530384,2.883977900552486
ALG11,0.4972375690607735,0.09392265193370165,2.9005524861878453
ALG12,0.4585635359116022,0.07734806629834254,2.6685082872928176
ALG13,0.2265193370165746,0.30386740331491713,2.022099447513812
ALG14,0.5027624309392266,0.055248618784530384,2.6408839779005526
ALG2,0.5911602209944752,0.06077348066298342,2.9281767955801103
ALG3,0.7624309392265194,0.027624309392265192,4.298342541436464
ALG5,0.48066298342541436,0.09944751381215469,2.7900552486187844
ALG8,0.5082872928176796,0.06077348066298342,2.9502762430939224
ALG9,0.4143646408839779,0.12154696132596685,2.56353591160221
ALK,0.6629834254143646,0.027624309392265192,3.132596685082873
ALKBH1,0.585635359116022,0.049723756906077346,2.883977900552486
ALKBH2,0.580110497237569,0.03867403314917127,2.867403314917127
ALKBH3,0.5193370165745856,0.0718232044198895,2.9447513812154695
ALKBH4,0.6906077348066298,0.03867403314917127,3.9613259668508287
ALKBH5,0.36464088397790057,0.1270718232044199,2.5193370165745854
ALKBH7,0.4198895027624309,0.07734806629834254,2.56353591160221
ALKBH8,0.4088397790055249,0.1270718232044199,2.5580110497237567
ALMS1,0.6574585635359116,0.0055248618784530384,3.1933701657458564
ALOX12,0.3867403314917127,0.09392265193370165,2.5359116022099446
ALOX15,0.39779005524861877,0.09392265193370165,2.5801104972375692
ALOX15B,0.3756906077348066,0.09392265193370165,2.5248618784530388
ALOX5,0.5524861878453039,0.03867403314917127,2.9447513812154695
ALOX5AP,0.4861878453038674,0.08287292817679558,2.867403314917127
ALPG,0.5193370165745856,0.055248618784530384,2.7569060773480665
ALPI,0.5193370165745856,0.055248618784530384,2.7569060773480665
ALPL,0.4530386740331492,0.055248618784530384,2.6187845303867405
ALPP,0.5193370165745856,0.055248618784530384,2.7569060773480665
ALS2,0.5966850828729282,0.011049723756906077,2.972375690607735
ALS2CL,0.27071823204419887,0.19889502762430938,2.1933701657458564
ALYREF,0.6022099447513812,0.03314917127071823,3.0
AMACR,0.6408839779005525,0.027624309392265192,3.701657458563536
AMBN,0.3867403314917127,0.08839779005524862,2.5580110497237567
AMBP,0.5911602209944752,0.06077348066298342,2.9447513812154695
AMBRA1,0.5248618784530387,0.06077348066298342,2.9281767955801103
AMD1,0.4861878453038674,0.06629834254143646,2.7624309392265194
AMDHD1,0.5524861878453039,0.049723756906077346,2.8011049723756907
AMELX,0.1712707182320442,0.4585635359116022,1.7845303867403315
AMFR,0.5138121546961326,0.06077348066298342,2.8232044198895028
AMH,0.3867403314917127,0.07734806629834254,2.5248618784530388
AMHR2,0.574585635359116,0.049723756906077346,2.8232044198895028
AMN,0.5469613259668509,0.0718232044198895,2.834254143646409
AMOT,0.2265193370165746,0.30386740331491713,2.027624309392265
AMOTL1,0.4696132596685083,0.08839779005524862,2.723756906077348
AMPD1,0.4972375690607735,0.11049723756906077,2.8784530386740332
AMPD3,0.430939226519337,0.08839779005524862,2.718232044198895
AMPH,0.7237569060773481,0.022099447513812154,3.751381215469613
AMT,0.24861878453038674,0.2265193370165746,2.1270718232044197
AMTN,0.3867403314917127,0.08839779005524862,2.5580110497237567
AMY1A,0.5082872928176796,0.0718232044198895,2.613259668508287
AMY1B,0.5082872928176796,0.0718232044198895,2.613259668508287
AMY1C,0.5082872928176796,0.08287292817679558,2.6022099447513813
ANAPC1,0.6685082872928176,0.022099447513812154,3.270718232044199
ANAPC10,0.36464088397790057,0.08287292817679558,2.5801104972375692
ANAPC11,0.6022099447513812,0.03314917127071823,3.0
ANAPC13,0.6850828729281768,0.03314917127071823,3.6408839779005526
ANAPC15,0.5911602209944752,0.03867403314917127,4.082872928176796
ANAPC16,0.5082872928176796,0.06077348066298342,2.74585635359116
ANAPC2,0.6077348066298343,0.055248618784530384,3.0
ANAPC4,0.3259668508287293,0.15469613259668508,2.408839779005525
ANAPC5,0.56353591160221,0.04419889502762431,2.867403314917127
ANAPC7,0.580110497237569,0.04419889502762431,2.8729281767955803
ANG,0.5524861878453039,0.055248618784530384,2.9060773480662982
ANGPT1,0.7734806629834254,0.0055248618784530384,4.05524861878453
ANGPT2,0.46408839779005523,0.15469613259668508,2.845303867403315
ANGPT4,0.6961325966850829,0.055248618784530384,3.4917127071823204
ANGPTL3,0.5027624309392266,0.04419889502762431,2.712707182320442
ANGPTL4,0.4143646408839779,0.06629834254143646,2.569060773480663
ANK1,0.6243093922651933,0.06629834254143646,3.6243093922651934
ANK2,0.3314917127071823,0.09944751381215469,2.403314917127072
ANK3,0.5138121546961326,0.049723756906077346,2.8011049723756907
ANKFY1,0.39779005524861877,0.09392265193370165,2.5580110497237567
ANKLE2,0.569060773480663,0.055248618784530384,2.850828729281768
ANKMY2,0.7348066298342542,0.022099447513812154,3.9171270718232045
ANKRA2,0.2596685082872928,0.143646408839779,2.265193370165746
ANKRD1,0.4585635359116022,0.07734806629834254,2.596685082872928
ANKRD2,0.4696132596685083,0.08839779005524862,2.5580110497237567
ANKRD27,0.6022099447513812,0.03314917127071823,3.1988950276243093
ANKRD28,0.3259668508287293,0.1878453038674033,2.3370165745856353
ANKRD49,0.48066298342541436,0.08839779005524862,2.74585635359116
ANKS4B,0.5138121546961326,0.08839779005524862,2.8011049723756907
ANKS6,0.5911602209944752,0.06077348066298342,2.9171270718232045
ANLN,0.7237569060773481,0.022099447513812154,3.8232044198895028
ANO1,0.7513812154696132,0.011049723756906077,8.044198895027625
ANO10,0.292817679558011,0.19337016574585636,2.2209944751381214
ANO6,0.5524861878453039,0.06629834254143646,2.845303867403315
ANO8,0.5027624309392266,0.027624309392265192,2.8121546961325965
ANOS1,0.16574585635359115,0.46408839779005523,1.7569060773480663
ANP32A,0.49171270718232046,0.04419889502762431,2.7679558011049723
ANP32B,0.5911602209944752,0.06077348066298342,2.8950276243093924
ANP32E,0.7071823204419889,0.0055248618784530384,3.4806629834254146
ANPEP,0.56353591160221,0.022099447513812154,3.116022099447514
ANTXR1,0.6740331491712708,0.0055248618784530384,3.265193370165746
ANTXR2,0.3370165745856354,0.11049723756906077,2.4198895027624308
ANXA1,0.5469613259668509,0.06077348066298342,2.9005524861878453
ANXA11,0.4861878453038674,0.0718232044198895,2.707182320441989
ANXA2,0.48066298342541436,0.049723756906077346,2.751381215469613
ANXA5,0.3370165745856354,0.09944751381215469,2.386740331491713
ANXA6,0.36464088397790057,0.08287292817679558,2.403314917127072
ANXA7,0.5027624309392266,0.06077348066298342,2.751381215469613
AOC1,0.4585635359116022,0.13259668508287292,2.7845303867403315
AOC2,0.6187845303867403,0.03314917127071823,3.0552486187845305
AOC3,0.6187845303867403,0.03314917127071823,3.0552486187845305
AOPEP,0.569060773480663,0.06077348066298342,2.889502762430939
AOX1,0.5966850828729282,0.016574585635359115,2.994475138121547
AP1AR,0.3370165745856354,0.09944751381215469,2.408839779005525
AP1B1,0.44751381215469616,0.0718232044198895,2.6519337016574585
AP1G1,0.5193370165745856,0.06077348066298342,2.81767955801105
AP1G2,0.5524861878453039,0.049723756906077346,2.9281767955801103
AP1M1,0.5082872928176796,0.027624309392265192,2.883977900552486
AP1M2,0.48066298342541436,0.049723756906077346,2.707182320441989
AP1S1,0.6795580110497238,0.027624309392265192,3.9392265193370166
AP1S2,0.1712707182320442,0.4585635359116022,1.7900552486187846
AP1S3,0.5303867403314917,0.055248618784530384,2.7679558011049723
AP2A1,0.5580110497237569,0.04419889502762431,2.9502762430939224
AP2A2,0.4088397790055249,0.09392265193370165,2.613259668508287
AP2B1,0.6022099447513812,0.049723756906077346,2.972375690607735
AP2M1,0.7624309392265194,0.027624309392265192,4.298342541436464
AP2S1,0.5580110497237569,0.04419889502762431,2.9447513812154695
AP3B1,0.2596685082872928,0.14917127071823205,2.226519337016575
AP3B2,0.5248618784530387,0.03314917127071823,2.850828729281768
AP3M1,0.49171270718232046,0.06077348066298342,2.74585635359116
AP3M2,0.6298342541436464,0.06629834254143646,3.734806629834254
AP3S1,0.292817679558011,0.11049723756906077,2.320441988950276
AP3S2,0.569060773480663,0.022099447513812154,3.116022099447514
AP4B1,0.49171270718232046,0.12154696132596685,2.6022099447513813
AP4E1,0.47513812154696133,0.04419889502762431,2.7569060773480665
AP4M1,0.6906077348066298,0.03314917127071823,3.9889502762430937
AP4S1,0.56353591160221,0.049723756906077346,3.110497237569061
AP5M1,0.574585635359116,0.049723756906077346,2.867403314917127
APAF1,0.5580110497237569,0.055248618784530384,2.7845303867403315
APBA1,0.5469613259668509,0.06629834254143646,2.845303867403315
APBB1,0.4088397790055249,0.08839779005524862,2.6243093922651934
APBB1IP,0.585635359116022,0.049723756906077346,2.9502762430939224
APBB2,0.34806629834254144,0.13259668508287292,2.4419889502762433
APC,0.30386740331491713,0.11602209944751381,2.3259668508287294
APC2,0.3701657458563536,0.07734806629834254,2.4861878453038675
APCS,0.712707182320442,0.016574585635359115,3.4972375690607733
APEH,0.24861878453038674,0.2265193370165746,2.1270718232044197
APEX1,0.5580110497237569,0.055248618784530384,2.9171270718232045
APEX2,0.17679558011049723,0.4088397790055249,1.839779005524862
APH1A,0.7071823204419889,0.0055248618784530384,3.4806629834254146
APH1B,0.48066298342541436,0.049723756906077346,2.7624309392265194
API5,0.5027624309392266,0.0718232044198895,2.9337016574585637
APIP,0.5469613259668509,0.06077348066298342,3.132596685082873
APLF,0.6740331491712708,0.0055248618784530384,3.2154696132596685
APLNR,0.580110497237569,0.04419889502762431,2.9668508287292816
APLP1,0.5911602209944752,0.03314917127071823,3.132596685082873
APLP2,0.4088397790055249,0.11602209944751381,2.6464088397790055
APOA1,0.4088397790055249,0.11602209944751381,2.6298342541436464
APOA2,0.7182320441988951,0.016574585635359115,3.56353591160221
APOA4,0.4088397790055249,0.11602209944751381,2.6464088397790055
APOA5,0.4088397790055249,0.11602209944751381,2.6464088397790055
APOB,0.6685082872928176,0.03314917127071823,3.1270718232044197
APOBEC1,0.6077348066298343,0.06077348066298342,3.18232044198895
APOBEC3A,0.4530386740331492,0.06629834254143646,2.6408839779005526
APOBEC3F,0.4530386740331492,0.06629834254143646,2.6408839779005526
APOBEC3G,0.4530386740331492,0.06629834254143646,2.6408839779005526
APOC1,0.569060773480663,0.04419889502762431,2.9447513812154695
APOC2,0.569060773480663,0.04419889502762431,2.9337016574585637
APOC3,0.4088397790055249,0.11602209944751381,2.6298342541436464
APOC4,0.569060773480663,0.04419889502762431,2.9337016574585637
APOE,0.569060773480663,0.04419889502762431,2.9447513812154695
APOF,0.585635359116022,0.049723756906077346,2.8784530386740332
APOH,0.6519337016574586,0.03314917127071823,3.154696132596685
APOL1,0.4419889502762431,0.08287292817679558,2.6408839779005526
APOM,0.6022099447513812,0.04419889502762431,3.0
APOO,0.1878453038674033,0.44751381215469616,1.8453038674033149
APOOL,0.20994475138121546,0.34806629834254144,1.9723756906077348
APP,0.2983425414364641,0.16022099447513813,2.265193370165746
APPBP2,0.6740331491712708,0.027624309392265192,3.2320441988950277
APPL1,0.24861878453038674,0.2265193370165746,2.1215469613259668
APRT,0.4861878453038674,0.06629834254143646,2.751381215469613
APTX,0.4088397790055249,0.143646408839779,2.6464088397790055
AQP1,0.7237569060773481,0.022099447513812154,3.7955801104972378
AQP10,0.7071823204419889,0.011049723756906077,3.430939226519337
AQP11,0.4972375690607735,0.06077348066298342,2.977900552486188
AQP2,0.569060773480663,0.055248618784530384,2.834254143646409
AQP3,0.4143646408839779,0.13812154696132597,2.6685082872928176
AQP4,0.430939226519337,0.1878453038674033,2.7845303867403315
AQP5,0.569060773480663,0.055248618784530384,2.834254143646409
AQP8,0.5193370165745856,0.07734806629834254,2.8729281767955803
AQR,0.4696132596685083,0.049723756906077346,2.7679558011049723
AR,0.22099447513812154,0.3314917127071823,2.016574585635359
ARAP1,0.5911602209944752,0.03314917127071823,3.845303867403315
ARAP2,0.34806629834254144,0.15469613259668508,2.414364640883978
ARAP3,0.3314917127071823,0.08839779005524862,2.3701657458563536
ARCN1,0.4088397790055249,0.11049723756906077,2.585635359116022
AREL1,0.585635359116022,0.055248618784530384,2.8729281767955803
ARF3,0.56353591160221,0.049723756906077346,2.8287292817679557
ARF4,0.24861878453038674,0.2265193370165746,2.1215469613259668
ARF5,0.5027624309392266,0.09392265193370165,2.8287292817679557
ARF6,0.6077348066298343,0.03867403314917127,2.9889502762430937
ARFGAP1,0.7513812154696132,0.011049723756906077,3.955801104972376
ARFGAP2,0.5193370165745856,0.055248618784530384,2.883977900552486
ARFGAP3,0.44751381215469616,0.055248618784530384,2.679558011049724
ARFGEF1,0.7182320441988951,0.0,3.7624309392265194
ARFGEF2,0.7624309392265194,0.0,3.972375690607735
ARFIP1,0.3425414364640884,0.11049723756906077,2.4861878453038675
ARFIP2,0.4088397790055249,0.08839779005524862,2.6243093922651934
ARFRP1,0.7513812154696132,0.011049723756906077,3.9447513812154695
ARG1,0.5414364640883977,0.03867403314917127,2.9337016574585637
ARG2,0.585635359116022,0.055248618784530384,2.889502762430939
ARGLU1,0.5359116022099447,0.08287292817679558,2.883977900552486
ARHGAP1,0.5193370165745856,0.055248618784530384,2.9171270718232045
ARHGAP10,0.35911602209944754,0.10497237569060773,2.5580110497237567
ARHGAP11A,0.48066298342541436,0.04419889502762431,2.773480662983425
ARHGAP12,0.569060773480663,0.03314917127071823,3.044198895027624
ARHGAP15,0.574585635359116,0.03314917127071823,2.994475138121547
ARHGAP17,0.5193370165745856,0.07734806629834254,2.8729281767955803
ARHGAP19,0.4696132596685083,0.08839779005524862,2.5580110497237567
ARHGAP21,0.569060773480663,0.06629834254143646,2.9281767955801103
ARHGAP22,0.5082872928176796,0.049723756906077346,2.8232044198895028
ARHGAP24,0.32044198895027626,0.13259668508287292,2.386740331491713
ARHGAP25,0.6740331491712708,0.0055248618784530384,3.2154696132596685
ARHGAP28,0.5469613259668509,0.10497237569060773,3.016574585635359
ARHGAP29,0.5027624309392266,0.06077348066298342,2.6187845303867405
ARHGAP30,0.7182320441988951,0.016574585635359115,3.569060773480663
ARHGAP31,0.6629834254143646,0.055248618784530384,3.4640883977900554
ARHGAP32,0.4143646408839779,0.11602209944751381,2.6740331491712706
ARHGAP36,0.24861878453038674,0.2983425414364641,2.044198895027624
ARHGAP39,0.7734806629834254,0.022099447513812154,3.9060773480662982
ARHGAP4,0.2596685082872928,0.281767955801105,2.110497237569061
ARHGAP44,0.35359116022099446,0.11602209944751381,2.4861878453038675
ARHGAP45,0.3756906077348066,0.07734806629834254,2.5082872928176796
ARHGAP5,0.5524861878453039,0.06077348066298342,2.9171270718232045
ARHGAP6,0.1712707182320442,0.4585635359116022,1.7845303867403315
ARHGAP8,0.4530386740331492,0.0718232044198895,2.6740331491712706
ARHGAP9,0.580110497237569,0.049723756906077346,2.889502762430939
ARHGDIA,0.6022099447513812,0.03314917127071823,3.0
ARHGDIB,0.6187845303867403,0.0718232044198895,3.303867403314917
ARHGDIG,0.4861878453038674,0.11049723756906077,2.679558011049724
ARHGEF1,0.5580110497237569,0.04419889502762431,2.9171270718232045
ARHGEF10,0.44751381215469616,0.16574585635359115,2.718232044198895
ARHGEF10L,0.48066298342541436,0.055248618784530384,2.679558011049724
ARHGEF11,0.7071823204419889,0.016574585635359115,3.4419889502762433
ARHGEF12,0.4088397790055249,0.11602209944751381,2.569060773480663
ARHGEF15,0.3756906077348066,0.09392265193370165,2.5248618784530388
ARHGEF16,0.5303867403314917,0.055248618784530384,2.7569060773480665
ARHGEF17,0.56353591160221,0.04419889502762431,3.5027624309392267
ARHGEF18,0.4088397790055249,0.0718232044198895,2.56353591160221
ARHGEF2,0.7016574585635359,0.016574585635359115,3.414364640883978
ARHGEF25,0.580110497237569,0.049723756906077346,2.889502762430939
ARHGEF28,0.24861878453038674,0.15469613259668508,2.2375690607734806
ARHGEF3,0.24861878453038674,0.2265193370165746,2.1215469613259668
ARHGEF4,0.6022099447513812,0.049723756906077346,3.016574585635359
ARHGEF40,0.5524861878453039,0.055248618784530384,2.8729281767955803
ARHGEF5,0.49171270718232046,0.11049723756906077,2.8121546961325965
ARHGEF6,0.26519337016574585,0.281767955801105,2.0828729281767955
ARHGEF7,0.5469613259668509,0.08839779005524862,2.8729281767955803
ARHGEF9,0.20441988950276244,0.3425414364640884,1.9834254143646408
ARID1A,0.425414364640884,0.07734806629834254,2.5082872928176796
ARID1B,0.5359116022099447,0.06077348066298342,2.8232044198895028
ARID2,0.5580110497237569,0.0718232044198895,2.845303867403315
ARID3A,0.3756906077348066,0.07734806629834254,2.5082872928176796
ARID4A,0.574585635359116,0.049723756906077346,2.867403314917127
ARID5B,0.5138121546961326,0.049723756906077346,2.861878453038674
ARIH1,0.5082872928176796,0.03867403314917127,2.7955801104972378
ARIH2,0.2541436464088398,0.2154696132596685,2.143646408839779
ARL1,0.574585635359116,0.055248618784530384,2.8121546961325965
ARL13B,0.6464088397790055,0.04419889502762431,3.447513812154696
ARL2,0.585635359116022,0.03314917127071823,2.9889502762430937
ARL2BP,0.5082872928176796,0.06077348066298342,2.8066298342541436
ARL3,0.48066298342541436,0.08839779005524862,2.6022099447513813
ARL4D,0.6298342541436464,0.027624309392265192,3.165745856353591
ARL6,0.6464088397790055,0.055248618784530384,3.3977900552486187
ARL6IP5,0.26519337016574585,0.22099447513812154,2.1988950276243093
ARL8A,0.6629834254143646,0.03314917127071823,3.298342541436464
ARL8B,0.2983425414364641,0.20441988950276244,2.2430939226519335
ARNT,0.7071823204419889,0.0055248618784530384,3.4806629834254146
ARNT2,0.5248618784530387,0.03314917127071823,2.856353591160221
ARPC1A,0.712707182320442,0.016574585635359115,4.138121546961326
ARPC1B,0.712707182320442,0.016574585635359115,4.138121546961326
ARPC2,0.5248618784530387,0.049723756906077346,2.8011049723756907
ARPC3,0.574585635359116,0.04419889502762431,2.867403314917127
ARPC4,0.3259668508287293,0.17679558011049723,2.3646408839779007
ARPC5,0.6795580110497238,0.027624309392265192,3.3701657458563536
ARPC5L,0.585635359116022,0.06629834254143646,2.9005524861878453
ARPP19,0.47513812154696133,0.049723756906077346,2.751381215469613
ARR3,0.20994475138121546,0.3314917127071823,1.977900552486188
ARRB1,0.5248618784530387,0.06077348066298342,3.292817679558011
ARRB2,0.39779005524861877,0.09392265193370165,2.5801104972375692
ARRDC3,0.2541436464088398,0.1270718232044199,2.2375690607734806
ARSA,0.4530386740331492,0.08839779005524862,2.6519337016574585
ARSB,0.2541436464088398,0.143646408839779,2.2209944751381214
ARSG,0.6464088397790055,0.022099447513812154,3.1933701657458564
ARSI,0.3701657458563536,0.08287292817679558,2.414364640883978
ARSK,0.27624309392265195,0.12154696132596685,2.298342541436464
ART3,0.39779005524861877,0.08839779005524862,2.718232044198895
ASAH1,0.44751381215469616,0.143646408839779,2.7790055248618786
ASAP1,0.8232044198895028,0.011049723756906077,4.475138121546961
ASAP2,0.6408839779005525,0.04419889502762431,3.110497237569061
ASAP3,0.4585635359116022,0.049723756906077346,2.6685082872928176
ASB6,0.6022099447513812,0.0718232044198895,2.911602209944751
ASB8,0.56353591160221,0.06077348066298342,2.8287292817679557
ASCC1,0.5138121546961326,0.06077348066298342,2.7569060773480665
ASCC3,0.48066298342541436,0.0718232044198895,2.707182320441989
ASCL1,0.569060773480663,0.049723756906077346,2.8121546961325965
ASCL2,0.3867403314917127,0.10497237569060773,2.56353591160221
ASCL3,0.425414364640884,0.07734806629834254,2.685082872928177
ASF1A,0.5193370165745856,0.049723756906077346,2.889502762430939
ASF1B,0.5027624309392266,0.04419889502762431,2.8066298342541436
ASGR1,0.3812154696132597,0.09392265193370165,2.5248618784530388
ASGR2,0.3812154696132597,0.09392265193370165,2.5248618784530388
ASH1L,0.7016574585635359,0.016574585635359115,3.414364640883978
ASH2L,0.574585635359116,0.11049723756906077,3.3591160220994474
ASIC1,0.569060773480663,0.055248618784530384,2.834254143646409
ASIC2,0.6187845303867403,0.04419889502762431,3.0386740331491713
ASIC3,0.46408839779005523,0.13259668508287292,2.7900552486187844
ASL,0.6519337016574586,0.027624309392265192,3.552486187845304
ASNS,0.7016574585635359,0.022099447513812154,4.093922651933702
ASPA,0.3867403314917127,0.09392265193370165,2.541436464088398
ASPH,0.712707182320442,0.0055248618784530384,3.596685082872928
ASPHD1,0.5469613259668509,0.0718232044198895,2.9005524861878453
ASPM,0.6519337016574586,0.03314917127071823,3.287292817679558
ASRGL1,0.580110497237569,0.04419889502762431,2.977900552486188
ASS1,0.6022099447513812,0.0718232044198895,2.9060773480662982
ASXL1,0.7569060773480663,0.0055248618784530384,3.9226519337016574
ASXL2,0.6629834254143646,0.03867403314917127,3.138121546961326
ASZ1,0.5580110497237569,0.07734806629834254,3.2596685082872927
ATAD2,0.8066298342541437,0.0055248618784530384,4.613259668508287
ATAD3A,0.5303867403314917,0.049723756906077346,2.845303867403315
ATAD5,0.6298342541436464,0.03867403314917127,3.0773480662983426
ATF1,0.569060773480663,0.055248618784530384,2.8784530386740332
ATF2,0.6187845303867403,0.016574585635359115,3.265193370165746
ATF3,0.6795580110497238,0.027624309392265192,3.3701657458563536
ATF4,0.44751381215469616,0.06629834254143646,2.6353591160220993
ATF6,0.6906077348066298,0.016574585635359115,3.4917127071823204
ATF6B,0.6022099447513812,0.04419889502762431,3.016574585635359
ATF7,0.574585635359116,0.04419889502762431,2.8287292817679557
ATF7IP,0.6187845303867403,0.0718232044198895,3.303867403314917
ATF7IP2,0.5082872928176796,0.08287292817679558,2.8287292817679557
ATG10,0.2541436464088398,0.143646408839779,2.226519337016575
ATG101,0.5524861878453039,0.055248618784530384,2.8011049723756907
ATG12,0.292817679558011,0.11049723756906077,2.320441988950276
ATG13,0.5248618784530387,0.055248618784530384,2.9281767955801103
ATG14,0.585635359116022,0.04419889502762431,2.9060773480662982
ATG16L1,0.5248618784530387,0.055248618784530384,2.7679558011049723
ATG16L2,0.580110497237569,0.04419889502762431,3.6906077348066297
ATG3,0.6464088397790055,0.049723756906077346,3.430939226519337
ATG4A,0.2265193370165746,0.30939226519337015,2.027624309392265
ATG4B,0.5027624309392266,0.06629834254143646,2.751381215469613
ATG4C,0.4972375690607735,0.04419889502762431,2.707182320441989
ATG4D,0.48066298342541436,0.049723756906077346,2.707182320441989
ATG5,0.4972375690607735,0.06077348066298342,2.7569060773480665
ATG7,0.30939226519337015,0.20441988950276244,2.276243093922652
ATG9A,0.5248618784530387,0.055248618784530384,2.8011049723756907
ATIC,0.5248618784530387,0.055248618784530384,2.7900552486187844
ATL1,0.6022099447513812,0.04419889502762431,2.977900552486188
ATL3,0.574585635359116,0.049723756906077346,2.9392265193370166
ATM,0.4143646408839779,0.1270718232044199,2.6077348066298343
ATMIN,0.49171270718232046,0.06629834254143646,2.712707182320442
ATN1,0.6077348066298343,0.055248618784530384,3.1988950276243093
ATOH1,0.30939226519337015,0.12154696132596685,2.3591160220994474
ATOH7,0.5082872928176796,0.06077348066298342,2.7569060773480665
ATOX1,0.36464088397790057,0.08287292817679558,2.403314917127072
ATP11A,0.5524861878453039,0.08287292817679558,3.0994475138121547
ATP11B,0.7679558011049724,0.027624309392265192,4.486187845303867
ATP12A,0.44751381215469616,0.09392265193370165,2.751381215469613
ATP13A2,0.4972375690607735,0.049723756906077346,2.701657458563536
ATP1A1,0.4972375690607735,0.09392265193370165,2.751381215469613
ATP1A2,0.712707182320442,0.016574585635359115,3.5082872928176796
ATP1A3,0.5580110497237569,0.04419889502762431,2.9171270718232045
ATP1A4,0.712707182320442,0.016574585635359115,3.5193370165745854
ATP1B1,0.712707182320442,0.016574585635359115,3.5193370165745854
ATP1B2,0.3812154696132597,0.09392265193370165,2.5359116022099446
ATP1B3,0.7182320441988951,0.022099447513812154,3.839779005524862
ATP1B4,0.2430939226519337,0.2983425414364641,2.0773480662983426
ATP23,0.574585635359116,0.049723756906077346,2.883977900552486
ATP2A1,0.5359116022099447,0.0718232044198895,2.883977900552486
ATP2A2,0.580110497237569,0.04419889502762431,2.8729281767955803
ATP2A3,0.39226519337016574,0.09392265193370165,2.541436464088398
ATP2B1,0.5524861878453039,0.06077348066298342,2.7845303867403315
ATP2B4,0.6685082872928176,0.027624309392265192,3.303867403314917
ATP4A,0.585635359116022,0.03867403314917127,3.132596685082873
ATP4B,0.5414364640883977,0.08287292817679558,2.883977900552486
ATP5F1A,0.3314917127071823,0.2596685082872928,2.4419889502762433
ATP5F1B,0.580110497237569,0.049723756906077346,2.867403314917127
ATP5F1C,0.5469613259668509,0.06629834254143646,2.9502762430939224
ATP5F1D,0.3701657458563536,0.07734806629834254,2.4972375690607733
ATP5F1E,0.7513812154696132,0.011049723756906077,3.994475138121547
ATP5IF1,0.4585635359116022,0.06629834254143646,2.585635359116022
ATP5MC1,0.6243093922651933,0.03314917127071823,3.0828729281767955
ATP5MC2,0.574585635359116,0.03867403314917127,2.839779005524862
ATP5MC3,0.6187845303867403,0.016574585635359115,3.265193370165746
ATP5ME,0.35911602209944754,0.1712707182320442,2.4751381215469612
ATP5MF,0.712707182320442,0.016574585635359115,4.138121546961326
ATP5MG,0.4143646408839779,0.11049723756906077,2.591160220994475
ATP5PB,0.4972375690607735,0.09392265193370165,2.6022099447513813
ATP5PD,0.6408839779005525,0.022099447513812154,3.132596685082873
ATP5PF,0.30386740331491713,0.15469613259668508,2.292817679558011
ATP5PO,0.3370165745856354,0.10497237569060773,2.3701657458563536
ATP6AP1,0.2541436464088398,0.287292817679558,2.0994475138121547
ATP6AP2,0.15469613259668508,0.4530386740331492,1.7955801104972375
ATP6V0A1,0.6298342541436464,0.03314917127071823,3.0994475138121547
ATP6V0A2,0.56353591160221,0.04419889502762431,2.861878453038674
ATP6V0A4,0.5027624309392266,0.09392265193370165,2.850828729281768
ATP6V0B,0.5303867403314917,0.03314917127071823,2.7790055248618786
ATP6V0C,0.4972375690607735,0.10497237569060773,2.696132596685083
ATP6V0D1,0.5248618784530387,0.06629834254143646,2.856353591160221
ATP6V0D2,0.7403314917127072,0.0,3.7955801104972378
ATP6V0E1,0.3756906077348066,0.0718232044198895,2.4751381215469612
ATP6V0E2,0.4585635359116022,0.13259668508287292,2.7679558011049723
ATP6V1A,0.6574585635359116,0.04419889502762431,3.458563535911602
ATP6V1B1,0.6685082872928176,0.0055248618784530384,3.226519337016575
ATP6V1B2,0.4530386740331492,0.14917127071823205,2.74585635359116
ATP6V1C1,0.7624309392265194,0.0055248618784530384,4.016574585635359
ATP6V1C2,0.6353591160220995,0.04419889502762431,3.0939226519337018
ATP6V1D,0.585635359116022,0.055248618784530384,2.889502762430939
ATP6V1E1,0.4143646408839779,0.09944751381215469,2.6077348066298343
ATP6V1E2,0.6574585635359116,0.011049723756906077,3.149171270718232
ATP6V1F,0.5027624309392266,0.09392265193370165,2.8287292817679557
ATP6V1G1,0.5966850828729282,0.06077348066298342,2.9613259668508287
ATP6V1G2,0.6022099447513812,0.04419889502762431,3.0
ATP6V1G3,0.6574585635359116,0.03314917127071823,3.314917127071823
ATP6V1H,0.6961325966850829,0.0055248618784530384,3.5303867403314917
ATP7A,0.20994475138121546,0.3314917127071823,1.988950276243094
ATP7B,0.49171270718232046,0.09944751381215469,2.856353591160221
ATP8A1,0.3812154696132597,0.1270718232044199,2.5248618784530388
ATP8B2,0.7071823204419889,0.011049723756906077,3.430939226519337
ATP8B4,0.47513812154696133,0.04419889502762431,2.751381215469613
ATPAF1,0.5248618784530387,0.027624309392265192,2.707182320441989
ATPAF2,0.36464088397790057,0.1270718232044199,2.5193370165745854
ATR,0.7182320441988951,0.027624309392265192,3.856353591160221
ATRIP,0.2596685082872928,0.20994475138121546,2.149171270718232
ATRN,0.6795580110497238,0.06629834254143646,3.43646408839779
ATRX,0.20994475138121546,0.3314917127071823,1.988950276243094
ATXN1,0.5082872928176796,0.09392265193370165,2.734806629834254
ATXN10,0.4530386740331492,0.0718232044198895,2.6740331491712706
ATXN1L,0.5138121546961326,0.06077348066298342,2.8066298342541436
ATXN2L,0.5359116022099447,0.0718232044198895,2.883977900552486
ATXN3L,0.1712707182320442,0.4530386740331492,1.7845303867403315
ATXN7L3,0.6187845303867403,0.03314917127071823,3.0718232044198897
AUH,0.5524861878453039,0.06077348066298342,2.8950276243093924
AUP1,0.6574585635359116,0.0055248618784530384,3.1767955801104972
AURKA,0.7513812154696132,0.016574585635359115,4.011049723756906
AURKAIP1,0.5303867403314917,0.049723756906077346,2.845303867403315
AURKB,0.3756906077348066,0.09392265193370165,2.5248618784530388
AURKC,0.580110497237569,0.03867403314917127,3.110497237569061
AVIL,0.580110497237569,0.049723756906077346,2.9005524861878453
AVP,0.6906077348066298,0.06077348066298342,3.458563535911602
AVPR1A,0.5966850828729282,0.022099447513812154,2.9613259668508287
AVPR1B,0.6574585635359116,0.027624309392265192,3.3259668508287294
AXIN1,0.48066298342541436,0.11602209944751381,2.6685082872928176
AXIN2,0.6519337016574586,0.03867403314917127,3.132596685082873
AXL,0.5469613259668509,0.04419889502762431,2.8950276243093924
AZGP1,0.6961325966850829,0.03314917127071823,4.011049723756906
AZI2,0.30939226519337015,0.1878453038674033,2.298342541436464
AZIN1,0.7624309392265194,0.0055248618784530384,4.044198895027624
AZIN2,0.5082872928176796,0.03867403314917127,2.729281767955801
AZU1,0.3867403314917127,0.07734806629834254,2.5027624309392267
B3GALNT1,0.7624309392265194,0.022099447513812154,4.2430939226519335
B3GALNT2,0.6685082872928176,0.016574585635359115,3.453038674033149
B3GALT1,0.6022099447513812,0.022099447513812154,3.0773480662983426
B3GALT2,0.6685082872928176,0.03867403314917127,3.3093922651933703
B3GALT4,0.5911602209944752,0.04419889502762431,2.977900552486188
B3GALT5,0.292817679558011,0.14917127071823205,2.2596685082872927
B3GALT6,0.5303867403314917,0.049723756906077346,2.845303867403315
B3GAT1,0.4088397790055249,0.143646408839779,2.6243093922651934
B3GAT2,0.5469613259668509,0.049723756906077346,2.867403314917127
B3GAT3,0.574585635359116,0.04419889502762431,2.972375690607735
B3GLCT,0.4861878453038674,0.08287292817679558,2.8784530386740332
B3GNT2,0.6740331491712708,0.0055248618784530384,3.248618784530387
B3GNT3,0.49171270718232046,0.03314917127071823,2.7900552486187844
B3GNT4,0.574585635359116,0.04419889502762431,2.8784530386740332
B3GNT5,0.7679558011049724,0.027624309392265192,4.502762430939226
B3GNT7,0.5359116022099447,0.055248618784530384,2.7790055248618786
B3GNT8,0.5469613259668509,0.04419889502762431,2.8950276243093924
B3GNT9,0.5248618784530387,0.06077348066298342,2.861878453038674
B4GALNT1,0.580110497237569,0.049723756906077346,2.889502762430939
B4GALNT2,0.6243093922651933,0.03314917127071823,3.0939226519337018
B4GALT1,0.4143646408839779,0.13812154696132597,2.6685082872928176
B4GALT2,0.5303867403314917,0.03314917127071823,2.7790055248618786
B4GALT3,0.7182320441988951,0.016574585635359115,3.56353591160221
B4GALT4,0.6574585635359116,0.055248618784530384,3.453038674033149
B4GALT5,0.7734806629834254,0.011049723756906077,4.005524861878453
B4GALT6,0.39779005524861877,0.2154696132596685,2.546961325966851
B4GALT7,0.39779005524861877,0.06629834254143646,2.569060773480663
B4GAT1,0.6243093922651933,0.022099447513812154,3.2044198895027622
B9D1,0.36464088397790057,0.12154696132596685,2.5580110497237567
B9D2,0.5469613259668509,0.04419889502762431,2.8950276243093924
BAAT,0.6022099447513812,0.06077348066298342,2.983425414364641
BABAM1,0.5027624309392266,0.027624309392265192,2.8121546961325965
BABAM2,0.6574585635359116,0.03314917127071823,3.1215469613259668
BACE1,0.4143646408839779,0.11049723756906077,2.5580110497237567
BACH1,0.30939226519337015,0.13812154696132597,2.320441988950276
BACH2,0.5082872928176796,0.055248618784530384,2.7900552486187844
BAD,0.580110497237569,0.04419889502762431,2.9447513812154695
BAG3,0.49171270718232046,0.06629834254143646,2.679558011049724
BAG4,0.569060773480663,0.11602209944751381,3.3480662983425415
BAG5,0.5524861878453039,0.06629834254143646,2.8287292817679557
BAG6,0.6022099447513812,0.04419889502762431,3.0
BAHD1,0.4530386740331492,0.06077348066298342,2.734806629834254
BAIAP2,0.6022099447513812,0.04419889502762431,2.9889502762430937
BAIAP2L1,0.7071823204419889,0.016574585635359115,4.099447513812155
BAK1,0.5966850828729282,0.049723756906077346,2.983425414364641
BAMBI,0.569060773480663,0.049723756906077346,2.9447513812154695
BANF1,0.6132596685082873,0.027624309392265192,3.088397790055249
BANF2,0.6795580110497238,0.049723756906077346,3.4917127071823204
BANP,0.49171270718232046,0.06629834254143646,2.729281767955801
BAP1,0.2430939226519337,0.2265193370165746,2.116022099447514
BARD1,0.5248618784530387,0.055248618784530384,2.7900552486187844
BARX1,0.569060773480663,0.06077348066298342,2.9171270718232045
BATF,0.5911602209944752,0.055248618784530384,2.8729281767955803
BATF2,0.585635359116022,0.03314917127071823,2.983425414364641
BATF3,0.6795580110497238,0.027624309392265192,3.3701657458563536
BAX,0.5580110497237569,0.049723756906077346,2.9337016574585637
BAZ1A,0.569060773480663,0.04419889502762431,3.0386740331491713
BAZ1B,0.6519337016574586,0.03314917127071823,3.447513812154696
BAZ2A,0.580110497237569,0.049723756906077346,2.867403314917127
BBC3,0.5524861878453039,0.04419889502762431,2.911602209944751
BBIP1,0.48066298342541436,0.08287292817679558,2.6187845303867405
BBOX1,0.4972375690607735,0.055248618784530384,2.983425414364641
BBS1,0.6243093922651933,0.022099447513812154,3.25414364640884
BBS12,0.3259668508287293,0.10497237569060773,2.3701657458563536
BBS2,0.5138121546961326,0.06077348066298342,2.8232044198895028
BBS4,0.5082872928176796,0.03867403314917127,2.7955801104972378
BBS5,0.5966850828729282,0.022099447513812154,3.0773480662983426
BBS7,0.3370165745856354,0.09944751381215469,2.3922651933701657
BBS9,0.7237569060773481,0.03314917127071823,3.7790055248618786
BCAN,0.7071823204419889,0.011049723756906077,3.4640883977900554
BCAP31,0.2596685082872928,0.281767955801105,2.110497237569061
BCAR1,0.5027624309392266,0.06077348066298342,2.8066298342541436
BCAS2,0.4972375690607735,0.11602209944751381,2.8729281767955803
BCAS3,0.6740331491712708,0.03314917127071823,3.226519337016575
BCAS4,0.7734806629834254,0.011049723756906077,4.016574585635359
BCAT1,0.6519337016574586,0.06077348066298342,4.773480662983426
BCAT2,0.5580110497237569,0.049723756906077346,2.9337016574585637
BCCIP,0.5082872928176796,0.0718232044198895,2.7624309392265194
BCHE,0.7790055248618785,0.022099447513812154,4.441988950276243
BCKDHA,0.5469613259668509,0.04419889502762431,2.8950276243093924
BCKDHB,0.5248618784530387,0.06077348066298342,2.7569060773480665
BCKDK,0.5524861878453039,0.06629834254143646,2.889502762430939
BCL11A,0.6740331491712708,0.0055248618784530384,3.226519337016575
BCL11B,0.56353591160221,0.055248618784530384,2.856353591160221
BCL2,0.3370165745856354,0.281767955801105,2.314917127071823
BCL2A1,0.5193370165745856,0.03314917127071823,2.8287292817679557
BCL2L1,0.7569060773480663,0.0055248618784530384,3.9226519337016574
BCL2L10,0.47513812154696133,0.049723756906077346,2.751381215469613
BCL2L11,0.6685082872928176,0.022099447513812154,3.2375690607734806
BCL2L13,0.4198895027624309,0.09392265193370165,2.6298342541436464
BCL2L14,0.6187845303867403,0.06077348066298342,3.2320441988950277
BCL3,0.574585635359116,0.03867403314917127,2.983425414364641
BCL6,0.7790055248618785,0.022099447513812154,4.43646408839779
BCL9,0.6961325966850829,0.011049723756906077,3.4419889502762433
BCL9L,0.4088397790055249,0.11049723756906077,2.56353591160221
BCLAF1,0.5580110497237569,0.049723756906077346,2.9889502762430937
BCO1,0.4972375690607735,0.06629834254143646,2.718232044198895
BCOR,0.16022099447513813,0.46408839779005523,1.7845303867403315
BCORL1,0.24861878453038674,0.292817679558011,2.0552486187845305
BCR,0.4696132596685083,0.07734806629834254,2.6685082872928176
BCS1L,0.5248618784530387,0.049723756906077346,2.7955801104972378
BDH1,0.7790055248618785,0.03314917127071823,4.30939226519337
BDH2,0.3259668508287293,0.11602209944751381,2.3756906077348066
BDKRB1,0.5469613259668509,0.06629834254143646,2.8232044198895028
BDKRB2,0.5469613259668509,0.06629834254143646,2.8232044198895028
BDNF,0.49171270718232046,0.055248618784530384,2.994475138121547
BDP1,0.24861878453038674,0.15469613259668508,2.2209944751381214
BECN1,0.6187845303867403,0.03314917127071823,3.0552486187845305
BEST2,0.49171270718232046,0.04419889502762431,2.7569060773480665
BET1,0.7348066298342542,0.016574585635359115,4.370165745856354
BET1L,0.3867403314917127,0.09944751381215469,2.574585635359116
BEX1,0.2265193370165746,0.3149171270718232,2.022099447513812
BEX2,0.2265193370165746,0.3149171270718232,2.022099447513812
BEX3,0.2265193370165746,0.3149171270718232,2.022099447513812
BFSP1,0.6850828729281768,0.049723756906077346,3.4917127071823204
BFSP2,0.6850828729281768,0.03314917127071823,3.6298342541436464
BGLAP,0.7016574585635359,0.011049723756906077,3.4198895027624308
BGN,0.2541436464088398,0.287292817679558,2.0994475138121547
BHLHE40,0.30386740331491713,0.20441988950276244,2.25414364640884
BHLHE41,0.6353591160220995,0.055248618784530384,4.419889502762431
BHMT,0.2596685082872928,0.143646408839779,2.2320441988950277
BHMT2,0.2596685082872928,0.143646408839779,2.2320441988950277
BICD2,0.56353591160221,0.06077348066298342,2.911602209944751
BID,0.4143646408839779,0.09392265193370165,2.6243093922651934
BIK,0.4530386740331492,0.06629834254143646,2.6740331491712706
BIN1,0.6077348066298343,0.055248618784530384,3.0331491712707184
BIN3,0.430939226519337,0.16574585635359115,2.613259668508287
BIRC2,0.4585635359116022,0.09392265193370165,2.8121546961325965
BIRC3,0.4585635359116022,0.09392265193370165,2.8121546961325965
BIRC5,0.6298342541436464,0.027624309392265192,3.0828729281767955
BIRC7,0.7513812154696132,0.011049723756906077,3.955801104972376
BLK,0.4861878453038674,0.14917127071823205,4.657458563535911
BLM,0.569060773480663,0.022099447513812154,3.0552486187845305
BLMH,0.6298342541436464,0.03867403314917127,3.0662983425414363
BLNK,0.4696132596685083,0.08287292817679558,2.6022099447513813
BLOC1S1,0.580110497237569,0.04419889502762431,2.861878453038674
BLOC1S2,0.47513812154696133,0.08287292817679558,2.5801104972375692
BLOC1S3,0.5580110497237569,0.049723756906077346,2.9005524861878453
BLOC1S4,0.3314917127071823,0.15469613259668508,2.3756906077348066
BLOC1S5,0.4972375690607735,0.1270718232044199,2.6740331491712706
BLOC1S6,0.47513812154696133,0.04419889502762431,2.74585635359116
BLVRA,0.712707182320442,0.022099447513812154,3.7403314917127073
BLVRB,0.5524861878453039,0.03867403314917127,2.911602209944751
BLZF1,0.7071823204419889,0.016574585635359115,3.4972375690607733
BMF,0.4530386740331492,0.06077348066298342,2.707182320441989
BMI1,0.574585635359116,0.06077348066298342,2.9226519337016574
BMP1,0.430939226519337,0.16022099447513813,2.6187845303867405
BMP10,0.6740331491712708,0.0055248618784530384,3.2154696132596685
BMP15,0.14917127071823205,0.43646408839779005,1.7845303867403315
BMP2,0.6795580110497238,0.06077348066298342,3.453038674033149
BMP4,0.5966850828729282,0.04419889502762431,2.977900552486188
BMP6,0.4972375690607735,0.1270718232044199,2.6740331491712706
BMP7,0.7458563535911602,0.011049723756906077,4.005524861878453
BMPER,0.7348066298342542,0.022099447513812154,3.8066298342541436
BMPR1A,0.46408839779005523,0.09944751381215469,2.596685082872928
BMPR1B,0.3149171270718232,0.12154696132596685,2.3370165745856353
BMPR2,0.6022099447513812,0.011049723756906077,3.044198895027624
BMS1,0.56353591160221,0.04419889502762431,2.9005524861878453
BMX,0.1712707182320442,0.4585635359116022,1.7900552486187846
BNIP1,0.3756906077348066,0.0718232044198895,2.4751381215469612
BNIP3,0.49171270718232046,0.07734806629834254,2.685082872928177
BNIP3L,0.430939226519337,0.17679558011049723,2.596685082872928
BOC,0.6519337016574586,0.04419889502762431,3.4419889502762433
BOD1,0.3756906077348066,0.0718232044198895,2.5082872928176796
BOK,0.5027624309392266,0.06629834254143646,2.751381215469613
BOLA1,0.7071823204419889,0.011049723756906077,3.4696132596685083
BOLL,0.6022099447513812,0.011049723756906077,3.0497237569060776
BOP1,0.7679558011049724,0.022099447513812154,3.9337016574585637
BPI,0.7403314917127072,0.0,3.955801104972376
BPIFA1,0.7624309392265194,0.0,3.9392265193370166
BPIFB3,0.7569060773480663,0.0,3.9226519337016574
BPNT1,0.6740331491712708,0.022099447513812154,3.425414364640884
BPTF,0.6464088397790055,0.022099447513812154,3.149171270718232
BRAF,0.5027624309392266,0.09392265193370165,2.845303867403315
BRAP,0.569060773480663,0.03867403314917127,2.850828729281768
BRAT1,0.7348066298342542,0.022099447513812154,3.8729281767955803
BRCA1,0.6187845303867403,0.03314917127071823,3.0497237569060776
BRCA2,0.49171270718232046,0.08287292817679558,2.9668508287292816
BRCC3,0.24861878453038674,0.287292817679558,2.088397790055249
BRD1,0.4585635359116022,0.07734806629834254,2.6685082872928176
BRD3,0.5966850828729282,0.06629834254143646,2.9171270718232045
BRD4,0.5193370165745856,0.027624309392265192,2.9281767955801103
BRD7,0.5082872928176796,0.055248618784530384,2.7955801104972378
BRD8,0.3259668508287293,0.08839779005524862,2.3646408839779007
BRF2,0.574585635359116,0.11049723756906077,3.414364640883978
BRI3,0.7016574585635359,0.016574585635359115,4.093922651933702
BRINP1,0.6022099447513812,0.06077348066298342,2.955801104972376
BRIP1,0.6795580110497238,0.03314917127071823,3.160220994475138
BRIX1,0.6353591160220995,0.027624309392265192,3.6906077348066297
BRK1,0.3259668508287293,0.17679558011049723,2.3812154696132595
BRMS1,0.6243093922651933,0.022099447513812154,3.1988950276243093
BRMS1L,0.56353591160221,0.04419889502762431,3.342541436464088
BROX,0.6740331491712708,0.022099447513812154,3.414364640883978
BRPF1,0.3314917127071823,0.17679558011049723,2.3701657458563536
BRPF3,0.5911602209944752,0.049723756906077346,3.005524861878453
BRSK1,0.585635359116022,0.03314917127071823,3.0552486187845305
BRWD1,0.292817679558011,0.143646408839779,2.265193370165746
BSCL2,0.569060773480663,0.04419889502762431,2.9668508287292816
BSG,0.3867403314917127,0.07734806629834254,2.4972375690607733
BSN,0.24861878453038674,0.2265193370165746,2.1270718232044197
BST1,0.32044198895027626,0.16022099447513813,2.3756906077348066
BST2,0.5027624309392266,0.027624309392265192,2.8121546961325965
BTAF1,0.4696132596685083,0.08287292817679558,2.6022099447513813
BTBD1,0.5248618784530387,0.03314917127071823,2.850828729281768
BTBD2,0.3756906077348066,0.07734806629834254,2.4917127071823204
BTBD6,0.5580110497237569,0.06077348066298342,2.867403314917127
BTC,0.40331491712707185,0.07734806629834254,2.7900552486187844
BTD,0.3259668508287293,0.1878453038674033,2.3370165745856353
BTF3,0.24861878453038674,0.14917127071823205,2.2430939226519335
BTG1,0.5580110497237569,0.06077348066298342,2.7845303867403315
BTG3,0.3259668508287293,0.16022099447513813,2.3646408839779007
BTK,0.23204419889502761,0.3149171270718232,2.027624309392265
BTLA,0.6408839779005525,0.049723756906077346,3.425414364640884
BTN1A1,0.5414364640883977,0.055248618784530384,2.856353591160221
BTN2A1,0.5414364640883977,0.055248618784530384,2.856353591160221
BTN3A1,0.5414364640883977,0.055248618784530384,2.856353591160221
BTN3A2,0.5414364640883977,0.055248618784530384,2.856353591160221
BTRC,0.48066298342541436,0.08287292817679558,2.6077348066298343
BUB1,0.6685082872928176,0.022099447513812154,3.2375690607734806
BUB1B,0.4530386740331492,0.06077348066298342,2.723756906077348
BUB3,0.5027624309392266,0.06629834254143646,2.734806629834254
BUD13,0.4088397790055249,0.11602209944751381,2.6464088397790055
BUD31,0.712707182320442,0.016574585635359115,4.138121546961326
BYSL,0.6298342541436464,0.03314917127071823,3.6629834254143647
BZW1,0.5966850828729282,0.016574585635359115,2.994475138121547
C11ORF54,0.49171270718232046,0.08839779005524862,2.845303867403315
C15ORF48,0.47513812154696133,0.03867403314917127,2.751381215469613
C1D,0.6740331491712708,0.0055248618784530384,3.2154696132596685
C1GALT1,0.7403314917127072,0.016574585635359115,3.9337016574585637
C1GALT1C1,0.2430939226519337,0.2983425414364641,2.0773480662983426
C1QA,0.4585635359116022,0.055248618784530384,2.6519337016574585
C1QBP,0.39226519337016574,0.09392265193370165,2.541436464088398
C1QC,0.4585635359116022,0.055248618784530384,2.6519337016574585
C1S,0.6077348066298343,0.055248618784530384,3.1878453038674035
C2,0.6022099447513812,0.04419889502762431,3.016574585635359
C2CD2,0.2983425414364641,0.15469613259668508,2.287292817679558
C2CD3,0.5469613259668509,0.055248618784530384,3.4751381215469612
C2ORF49,0.6740331491712708,0.011049723756906077,3.3370165745856353
C3,0.4198895027624309,0.06629834254143646,2.569060773480663
C3AR1,0.6077348066298343,0.06077348066298342,3.2099447513812156
C4A,0.6022099447513812,0.04419889502762431,3.016574585635359
C4B,0.6022099447513812,0.04419889502762431,3.016574585635359
C4BPA,0.6740331491712708,0.027624309392265192,3.3480662983425415
C4BPB,0.6795580110497238,0.027624309392265192,3.3701657458563536
C5,0.5911602209944752,0.06077348066298342,2.9005524861878453
C5AR1,0.5580110497237569,0.04419889502762431,2.9171270718232045
C6,0.6464088397790055,0.027624309392265192,3.861878453038674
C6ORF120,0.5524861878453039,0.055248618784530384,2.883977900552486
C7,0.6464088397790055,0.027624309392265192,3.9005524861878453
C8A,0.4972375690607735,0.04419889502762431,2.6464088397790055
C8B,0.4972375690607735,0.04419889502762431,2.6464088397790055
C9,0.6464088397790055,0.027624309392265192,3.8121546961325965
C9ORF72,0.34806629834254144,0.17679558011049723,2.4806629834254146
CA1,0.7403314917127072,0.0,3.7955801104972378
CA2,0.7403314917127072,0.0,3.7955801104972378
CA9,0.4419889502762431,0.1270718232044199,2.845303867403315
CAB39,0.5303867403314917,0.055248618784530384,2.7679558011049723
CAB39L,0.4861878453038674,0.09944751381215469,2.867403314917127
CABIN1,0.47513812154696133,0.0718232044198895,2.685082872928177
CABLES1,0.5193370165745856,0.09392265193370165,3.25414364640884
CABS1,0.39779005524861877,0.08839779005524862,2.569060773480663
CABYR,0.4972375690607735,0.12154696132596685,3.248618784530387
CACNA1A,0.4861878453038674,0.04419889502762431,2.7790055248618786
CACNA1B,0.6077348066298343,0.055248618784530384,3.0
CACNA1C,0.6077348066298343,0.06077348066298342,3.25414364640884
CACNA1D,0.2596685082872928,0.22099447513812154,2.160220994475138
CACNA1E,0.6795580110497238,0.022099447513812154,3.3591160220994474
CACNA1F,0.13812154696132597,0.4530386740331492,1.7513812154696133
CACNA1G,0.6298342541436464,0.03314917127071823,3.110497237569061
CACNA1H,0.4861878453038674,0.11049723756906077,2.6629834254143647
CACNA1I,0.44751381215469616,0.06629834254143646,2.6353591160220993
CACNA1S,0.6574585635359116,0.03314917127071823,3.281767955801105
CACNA2D1,0.6685082872928176,0.027624309392265192,3.596685082872928
CACNA2D2,0.2430939226519337,0.2265193370165746,2.116022099447514
CACNB1,0.6519337016574586,0.03314917127071823,3.4917127071823204
CACNB2,0.5580110497237569,0.06629834254143646,2.8950276243093924
CACNB3,0.56353591160221,0.055248618784530384,2.8232044198895028
CACNB4,0.5966850828729282,0.03314917127071823,3.0331491712707184
CACNG1,0.6519337016574586,0.022099447513812154,3.160220994475138
CACNG2,0.4419889502762431,0.08287292817679558,2.6353591160220993
CACNG3,0.5193370165745856,0.08287292817679558,2.8287292817679557
CACNG4,0.6464088397790055,0.022099447513812154,3.149171270718232
CACNG5,0.6408839779005525,0.027624309392265192,3.1988950276243093
CACNG6,0.580110497237569,0.03867403314917127,3.022099447513812
CACNG7,0.580110497237569,0.03867403314917127,3.022099447513812
CACTIN,0.4088397790055249,0.06629834254143646,2.6077348066298343
CACYBP,0.6850828729281768,0.022099447513812154,3.403314917127072
CAD,0.6629834254143646,0.03314917127071823,3.1270718232044197
CADM1,0.4143646408839779,0.12154696132596685,2.552486187845304
CADM3,0.712707182320442,0.016574585635359115,3.4696132596685083
CADPS,0.2596685082872928,0.2154696132596685,2.2099447513812156
CALCA,0.44751381215469616,0.0718232044198895,2.718232044198895
CALCOCO1,0.580110497237569,0.03867403314917127,2.845303867403315
CALCOCO2,0.6187845303867403,0.03314917127071823,3.0718232044198897
CALCRL,0.6077348066298343,0.011049723756906077,3.1215469613259668
CALD1,0.49171270718232046,0.09392265193370165,2.8232044198895028
CALM1,0.5359116022099447,0.0718232044198895,2.8121546961325965
CALM2,0.6629834254143646,0.011049723756906077,3.160220994475138
CALM3,0.56353591160221,0.04419889502762431,2.9226519337016574
CALML5,0.5524861878453039,0.06629834254143646,2.955801104972376
CALML6,0.5303867403314917,0.049723756906077346,2.845303867403315
CALR,0.4972375690607735,0.04419889502762431,2.7679558011049723
CALR3,0.5027624309392266,0.027624309392265192,2.8011049723756907
CALU,0.5027624309392266,0.09392265193370165,2.8287292817679557
CALY,0.49171270718232046,0.07734806629834254,2.679558011049724
CAMK1,0.3314917127071823,0.17679558011049723,2.3701657458563536
CAMK1D,0.5524861878453039,0.06629834254143646,2.911602209944751
CAMK1G,0.6740331491712708,0.027624309392265192,3.342541436464088
CAMK2A,0.3701657458563536,0.08839779005524862,2.408839779005525
CAMK2B,0.712707182320442,0.022099447513812154,3.7403314917127073
CAMK2D,0.3370165745856354,0.09944751381215469,2.408839779005525
CAMK2G,0.5027624309392266,0.06077348066298342,2.773480662983425
CAMK2N2,0.7624309392265194,0.027624309392265192,4.298342541436464
CAMK4,0.292817679558011,0.11602209944751381,2.314917127071823
CAMKK1,0.39226519337016574,0.09392265193370165,2.546961325966851
CAMKK2,0.56353591160221,0.04419889502762431,2.867403314917127
CAMKMT,0.6519337016574586,0.016574585635359115,3.149171270718232
CAMLG,0.30939226519337015,0.09392265193370165,2.320441988950276
CAMP,0.2596685082872928,0.20994475138121546,2.149171270718232
CAMSAP1,0.6022099447513812,0.06077348066298342,2.9613259668508287
CAMSAP3,0.40331491712707185,0.0718232044198895,2.541436464088398
CAND1,0.5966850828729282,0.027624309392265192,3.3480662983425415
CAND2,0.3259668508287293,0.1878453038674033,2.3370165745856353
CANT1,0.6187845303867403,0.027624309392265192,3.027624309392265
CANX,0.40331491712707185,0.06629834254143646,2.6353591160220993
CAP1,0.5414364640883977,0.027624309392265192,3.591160220994475
CAP2,0.5138121546961326,0.09392265193370165,2.74585635359116
CAPG,0.6685082872928176,0.0055248618784530384,3.1988950276243093
CAPN1,0.5966850828729282,0.03867403314917127,3.005524861878453
CAPN10,0.5082872928176796,0.06629834254143646,2.7403314917127073
CAPN11,0.6353591160220995,0.03314917127071823,3.701657458563536
CAPN2,0.6685082872928176,0.016574585635359115,3.408839779005525
CAPN3,0.4530386740331492,0.055248618784530384,2.701657458563536
CAPN6,0.2265193370165746,0.30386740331491713,2.022099447513812
CAPN7,0.3259668508287293,0.18232044198895028,2.342541436464088
CAPN8,0.6685082872928176,0.016574585635359115,3.408839779005525
CAPNS1,0.5911602209944752,0.03314917127071823,3.1270718232044197
CAPNS2,0.5082872928176796,0.06077348066298342,2.81767955801105
CAPRIN1,0.5359116022099447,0.06077348066298342,3.0828729281767955
CAPZA1,0.5027624309392266,0.08839779005524862,2.6519337016574585
CAPZA2,0.5580110497237569,0.07734806629834254,3.2596685082872927
CAPZA3,0.6132596685082873,0.08287292817679558,3.287292817679558
CAPZB,0.47513812154696133,0.055248618784530384,2.6685082872928176
CARD10,0.44751381215469616,0.0718232044198895,2.657458563535912
CARD11,0.7403314917127072,0.016574585635359115,3.8784530386740332
CARD14,0.6132596685082873,0.027624309392265192,3.016574585635359
CARD6,0.6408839779005525,0.027624309392265192,3.9226519337016574
CARD8,0.56353591160221,0.049723756906077346,2.9613259668508287
CARD9,0.6077348066298343,0.06077348066298342,2.9613259668508287
CARF,0.585635359116022,0.022099447513812154,3.022099447513812
CARM1,0.47513812154696133,0.04419889502762431,2.712707182320442
CARMIL1,0.5359116022099447,0.06629834254143646,2.81767955801105
CARS2,0.5469613259668509,0.08839779005524862,2.889502762430939
CARTPT,0.2430939226519337,0.15469613259668508,2.2044198895027622
CASC3,0.6740331491712708,0.022099447513812154,3.9060773480662982
CASK,0.14917127071823205,0.4696132596685083,1.7458563535911602
CASP1,0.4419889502762431,0.10497237569060773,2.7900552486187844
CASP10,0.5966850828729282,0.011049723756906077,3.0
CASP14,0.5138121546961326,0.03314917127071823,2.8784530386740332
CASP2,0.49171270718232046,0.09944751381215469,2.8121546961325965
CASP3,0.3314917127071823,0.143646408839779,2.4419889502762433
CASP4,0.4419889502762431,0.10497237569060773,2.734806629834254
CASP6,0.3370165745856354,0.10497237569060773,2.3977900552486187
CASP7,0.4861878453038674,0.0718232044198895,2.6629834254143647
CASP8,0.5911602209944752,0.016574585635359115,2.9613259668508287
CASP9,0.5027624309392266,0.055248618784530384,2.707182320441989
CASQ2,0.49171270718232046,0.09944751381215469,3.1049723756906076
CASR,0.6629834254143646,0.04419889502762431,3.458563535911602
CASZ1,0.5193370165745856,0.06629834254143646,2.889502762430939
CAT,0.5469613259668509,0.055248618784530384,3.138121546961326
CATSPER1,0.6132596685082873,0.027624309392265192,3.088397790055249
CATSPER2,0.46408839779005523,0.055248618784530384,2.7403314917127073
CATSPER4,0.4419889502762431,0.07734806629834254,2.546961325966851
CAV1,0.5580110497237569,0.07734806629834254,3.2596685082872927
CAV2,0.5580110497237569,0.07734806629834254,3.1049723756906076
CAV3,0.3425414364640884,0.18232044198895028,2.386740331491713
CAVIN1,0.6243093922651933,0.03867403314917127,3.088397790055249
CAVIN2,0.6132596685082873,0.011049723756906077,3.0994475138121547
CBFA2T2,0.7679558011049724,0.0,3.9502762430939224
CBFA2T3,0.4861878453038674,0.06629834254143646,2.7624309392265194
CBL,0.4088397790055249,0.11049723756906077,2.56353591160221
CBLIF,0.56353591160221,0.04419889502762431,2.9226519337016574
CBLL1,0.6408839779005525,0.04419889502762431,3.552486187845304
CBLN1,0.5138121546961326,0.055248618784530384,2.81767955801105
CBR1,0.32044198895027626,0.12154696132596685,2.3370165745856353
CBR3,0.3149171270718232,0.1270718232044199,2.314917127071823
CBR4,0.35911602209944754,0.11602209944751381,2.541436464088398
CBS,0.30386740331491713,0.143646408839779,2.298342541436464
CBX1,0.6298342541436464,0.03314917127071823,3.088397790055249
CBX2,0.6132596685082873,0.027624309392265192,3.005524861878453
CBX3,0.7348066298342542,0.022099447513812154,3.8232044198895028
CBX4,0.6132596685082873,0.027624309392265192,3.005524861878453
CBX5,0.574585635359116,0.03867403314917127,2.850828729281768
CBX6,0.4530386740331492,0.06629834254143646,2.6408839779005526
CBX7,0.4530386740331492,0.06629834254143646,2.6408839779005526
CBX8,0.6132596685082873,0.027624309392265192,3.005524861878453
CC2D1A,0.4972375690607735,0.04419889502762431,2.8232044198895028
CC2D2A,0.32044198895027626,0.16022099447513813,2.3756906077348066
CCAR1,0.4972375690607735,0.06077348066298342,2.7403314917127073
CCAR2,0.430939226519337,0.16574585635359115,2.613259668508287
CCDC106,0.580110497237569,0.03314917127071823,3.044198895027624
CCDC115,0.6077348066298343,0.049723756906077346,3.027624309392265
CCDC136,0.5027624309392266,0.09392265193370165,2.8287292817679557
CCDC181,0.712707182320442,0.016574585635359115,3.4751381215469612
CCDC40,0.6187845303867403,0.027624309392265192,3.016574585635359
CCDC59,0.5469613259668509,0.055248618784530384,2.8121546961325965
CCDC6,0.5138121546961326,0.049723756906077346,2.8011049723756907
CCDC62,0.569060773480663,0.04419889502762431,2.8729281767955803
CCDC8,0.56353591160221,0.04419889502762431,2.911602209944751
CCDC86,0.569060773480663,0.04419889502762431,2.994475138121547
CCDC88A,0.6795580110497238,0.011049723756906077,3.2044198895027622
CCDC88C,0.5414364640883977,0.0718232044198895,2.8232044198895028
CCDC91,0.6353591160220995,0.06077348066298342,3.591160220994475
CCIN,0.4143646408839779,0.143646408839779,2.6685082872928176
CCK,0.2983425414364641,0.1878453038674033,2.281767955801105
CCKAR,0.3259668508287293,0.15469613259668508,2.3977900552486187
CCKBR,0.4088397790055249,0.08839779005524862,2.6243093922651934
CCL1,0.6077348066298343,0.03867403314917127,3.0662983425414363
CCL11,0.6132596685082873,0.03867403314917127,3.0386740331491713
CCL13,0.6077348066298343,0.03867403314917127,3.0662983425414363
CCL15,0.6022099447513812,0.049723756906077346,2.983425414364641
CCL16,0.6022099447513812,0.049723756906077346,2.972375690607735
CCL17,0.5138121546961326,0.06077348066298342,2.8121546961325965
CCL18,0.6022099447513812,0.049723756906077346,2.983425414364641
CCL19,0.430939226519337,0.1270718232044199,2.729281767955801
CCL2,0.6132596685082873,0.04419889502762431,3.0331491712707184
CCL20,0.5414364640883977,0.055248618784530384,2.7845303867403315
CCL21,0.430939226519337,0.1270718232044199,2.729281767955801
CCL22,0.5138121546961326,0.06077348066298342,2.8121546961325965
CCL24,0.6574585635359116,0.027624309392265192,3.3756906077348066
CCL25,0.4088397790055249,0.06629834254143646,2.56353591160221
CCL26,0.6574585635359116,0.027624309392265192,3.3756906077348066
CCL27,0.430939226519337,0.1270718232044199,2.729281767955801
CCL28,0.6298342541436464,0.027624309392265192,3.9337016574585637
CCL3,0.6022099447513812,0.049723756906077346,2.983425414364641
CCL4,0.6077348066298343,0.049723756906077346,2.9889502762430937
CCL4L2,0.6077348066298343,0.049723756906077346,3.011111111111111
CCL7,0.6132596685082873,0.04419889502762431,3.0331491712707184
CCL8,0.6132596685082873,0.03867403314917127,3.0773480662983426
CCM2,0.712707182320442,0.022099447513812154,3.7403314917127073
CCN1,0.4972375690607735,0.06629834254143646,2.596685082872928
CCN2,0.5414364640883977,0.03867403314917127,2.911602209944751
CCNA1,0.47513812154696133,0.10497237569060773,2.7624309392265194
CCNA2,0.3370165745856354,0.09944751381215469,2.3922651933701657
CCNB1,0.2430939226519337,0.15469613259668508,2.2044198895027622
CCNB2,0.48066298342541436,0.055248618784530384,2.7403314917127073
CCNB3,0.15469613259668508,0.44751381215469616,1.8011049723756907
CCNC,0.49171270718232046,0.06629834254143646,2.723756906077348
CCND1,0.7513812154696132,0.011049723756906077,8.425414364640885
CCND2,0.6022099447513812,0.06077348066298342,3.281767955801105
CCND3,0.6298342541436464,0.03314917127071823,3.6187845303867405
CCNDBP1,0.4585635359116022,0.055248618784530384,2.734806629834254
CCNE1,0.6077348066298343,0.027624309392265192,4.132596685082873
CCNE2,0.7458563535911602,0.0055248618784530384,3.7955801104972378
CCNF,0.4972375690607735,0.10497237569060773,2.696132596685083
CCNG1,0.3701657458563536,0.07734806629834254,2.4696132596685083
CCNH,0.24861878453038674,0.13812154696132597,2.2044198895027622
CCNL1,0.7513812154696132,0.03314917127071823,4.2154696132596685
CCNL2,0.5303867403314917,0.049723756906077346,2.845303867403315
CCNO,0.27071823204419887,0.13812154696132597,2.276243093922652
CCNT1,0.56353591160221,0.055248618784530384,2.8232044198895028
CCNT2,0.5911602209944752,0.049723756906077346,3.0
CCNY,0.585635359116022,0.03867403314917127,3.0994475138121547
CCP110,0.5248618784530387,0.08287292817679558,2.883977900552486
CCR1,0.27071823204419887,0.19889502762430938,2.1933701657458564
CCR10,0.6298342541436464,0.03314917127071823,3.0994475138121547
CCR3,0.27071823204419887,0.19889502762430938,2.1933701657458564
CCR4,0.3259668508287293,0.1878453038674033,2.3370165745856353
CCR5,0.27624309392265195,0.19889502762430938,2.1988950276243093
CCR6,0.56353591160221,0.055248618784530384,2.8784530386740332
CCR7,0.6629834254143646,0.022099447513812154,4.093922651933702
CCR8,0.2983425414364641,0.1878453038674033,2.265193370165746
CCR9,0.27624309392265195,0.19889502762430938,2.2099447513812156
CCRL2,0.27624309392265195,0.19889502762430938,2.1988950276243093
CCS,0.6243093922651933,0.022099447513812154,3.2596685082872927
CCT2,0.6022099447513812,0.027624309392265192,3.7900552486187844
CCT3,0.7016574585635359,0.011049723756906077,3.447513812154696
CCT4,0.6795580110497238,0.0055248618784530384,3.25414364640884
CCT5,0.6740331491712708,0.027624309392265192,3.9005524861878453
CCT6A,0.7292817679558011,0.0055248618784530384,4.011049723756906
CCT6B,0.585635359116022,0.049723756906077346,2.994475138121547
CCT7,0.6574585635359116,0.0055248618784530384,3.1933701657458564
CCT8,0.30386740331491713,0.14917127071823205,2.303867403314917
CCZ1,0.7403314917127072,0.016574585635359115,3.856353591160221
CD101,0.4972375690607735,0.08839779005524862,2.7955801104972378
CD109,0.5359116022099447,0.055248618784530384,2.8066298342541436
CD14,0.3370165745856354,0.08287292817679558,2.3812154696132595
CD151,0.39779005524861877,0.09392265193370165,2.6077348066298343
CD160,0.6850828729281768,0.011049723756906077,3.430939226519337
CD163,0.6077348066298343,0.055248618784530384,3.1878453038674035
CD177,0.5524861878453039,0.049723756906077346,2.9060773480662982
CD180,0.2430939226519337,0.14917127071823205,2.2099447513812156
CD19,0.5359116022099447,0.0718232044198895,2.883977900552486
CD1A,0.7016574585635359,0.016574585635359115,3.453038674033149
CD1B,0.7016574585635359,0.016574585635359115,3.453038674033149
CD1C,0.7016574585635359,0.016574585635359115,3.453038674033149
CD1D,0.7016574585635359,0.016574585635359115,3.453038674033149
CD1E,0.7016574585635359,0.016574585635359115,3.4640883977900554
CD2,0.4972375690607735,0.09392265193370165,2.6906077348066297
CD200,0.6408839779005525,0.049723756906077346,3.425414364640884
CD200R1,0.6464088397790055,0.04419889502762431,3.43646408839779
CD207,0.6685082872928176,0.0055248618784530384,3.2209944751381214
CD209,0.40331491712707185,0.0718232044198895,2.546961325966851
CD22,0.585635359116022,0.03867403314917127,3.138121546961326
CD226,0.3314917127071823,0.2596685082872928,2.25414364640884
CD24,0.4972375690607735,0.06077348066298342,2.7845303867403315
CD244,0.712707182320442,0.016574585635359115,3.4972375690607733
CD247,0.7016574585635359,0.016574585635359115,3.4861878453038675
CD248,0.6243093922651933,0.022099447513812154,3.160220994475138
CD27,0.6022099447513812,0.06629834254143646,3.1712707182320443
CD274,0.3314917127071823,0.19337016574585636,2.430939226519337
CD28,0.6022099447513812,0.016574585635359115,2.9889502762430937
CD2AP,0.6022099447513812,0.03314917127071823,3.5248618784530388
CD2BP2,0.5580110497237569,0.0718232044198895,2.9171270718232045
CD300A,0.6408839779005525,0.022099447513812154,3.1270718232044197
CD300E,0.6408839779005525,0.022099447513812154,3.1270718232044197
CD300LB,0.6408839779005525,0.022099447513812154,3.1270718232044197
CD300LF,0.6408839779005525,0.022099447513812154,3.132596685082873
CD33,0.5580110497237569,0.049723756906077346,2.9502762430939224
CD34,0.6685082872928176,0.027624309392265192,3.3370165745856353
CD36,0.6685082872928176,0.027624309392265192,3.6077348066298343
CD38,0.32044198895027626,0.15469613259668508,2.3812154696132595
CD3D,0.4143646408839779,0.11049723756906077,2.591160220994475
CD3E,0.4143646408839779,0.11049723756906077,2.591160220994475
CD3G,0.4143646408839779,0.11049723756906077,2.591160220994475
CD4,0.6077348066298343,0.055248618784530384,3.1878453038674035
CD40,0.7513812154696132,0.0055248618784530384,3.972375690607735
CD40LG,0.26519337016574585,0.281767955801105,2.0828729281767955
CD44,0.5359116022099447,0.06077348066298342,3.149171270718232
CD46,0.6685082872928176,0.027624309392265192,3.3370165745856353
CD47,0.6408839779005525,0.03867403314917127,3.453038674033149
CD48,0.712707182320442,0.016574585635359115,3.5027624309392267
CD5,0.574585635359116,0.04419889502762431,3.0331491712707184
CD53,0.4972375690607735,0.09392265193370165,2.6022099447513813
CD55,0.6740331491712708,0.027624309392265192,3.342541436464088
CD58,0.4972375690607735,0.09392265193370165,2.751381215469613
CD59,0.5359116022099447,0.06077348066298342,3.1049723756906076
CD6,0.569060773480663,0.04419889502762431,2.994475138121547
CD63,0.580110497237569,0.04419889502762431,2.861878453038674
CD68,0.3812154696132597,0.09392265193370165,2.5359116022099446
CD69,0.6077348066298343,0.055248618784530384,3.226519337016575
CD7,0.580110497237569,0.03867403314917127,2.9337016574585637
CD70,0.4198895027624309,0.0718232044198895,2.56353591160221
CD72,0.4419889502762431,0.1270718232044199,2.845303867403315
CD74,0.36464088397790057,0.08287292817679558,2.403314917127072
CD79A,0.569060773480663,0.04419889502762431,2.9502762430939224
CD79B,0.6629834254143646,0.03314917127071823,3.2154696132596685
CD80,0.6629834254143646,0.055248618784530384,3.4640883977900554
CD81,0.3867403314917127,0.10497237569060773,2.56353591160221
CD83,0.5027624309392266,0.09944751381215469,2.723756906077348
CD86,0.6629834254143646,0.04419889502762431,3.458563535911602
CD8A,0.6629834254143646,0.0055248618784530384,3.1933701657458564
CD8B,0.6629834254143646,0.0055248618784530384,3.1767955801104972
CD9,0.6077348066298343,0.06077348066298342,3.270718232044199
CD93,0.6795580110497238,0.049723756906077346,3.574585635359116
CD96,0.6464088397790055,0.03867403314917127,3.4806629834254146
CD99,0.281767955801105,0.3149171270718232,2.1933701657458564
CDA,0.4585635359116022,0.049723756906077346,2.6519337016574585
CDC14A,0.5027624309392266,0.0718232044198895,2.6243093922651934
CDC14B,0.569060773480663,0.06077348066298342,2.8729281767955803
CDC16,0.5359116022099447,0.08287292817679558,2.861878453038674
CDC20,0.5414364640883977,0.027624309392265192,2.8287292817679557
CDC23,0.3259668508287293,0.08839779005524862,2.3646408839779007
CDC25A,0.2596685082872928,0.20994475138121546,2.149171270718232
CDC25B,0.6795580110497238,0.06629834254143646,3.43646408839779
CDC25C,0.32044198895027626,0.08839779005524862,2.3591160220994474
CDC26,0.585635359116022,0.06077348066298342,2.9226519337016574
CDC27,0.6132596685082873,0.03867403314917127,3.022099447513812
CDC34,0.3867403314917127,0.07734806629834254,2.4972375690607733
CDC37,0.47513812154696133,0.049723756906077346,2.701657458563536
CDC37L1,0.3259668508287293,0.19337016574585636,2.3977900552486187
CDC40,0.49171270718232046,0.06077348066298342,2.7624309392265194
CDC42,0.4530386740331492,0.06077348066298342,2.613259668508287
CDC42BPA,0.6685082872928176,0.027624309392265192,3.403314917127072
CDC42BPB,0.5524861878453039,0.0718232044198895,2.839779005524862
CDC42EP2,0.5966850828729282,0.03867403314917127,3.005524861878453
CDC42EP3,0.6519337016574586,0.022099447513812154,3.132596685082873
CDC42EP5,0.574585635359116,0.03314917127071823,3.016574585635359
CDC45,0.4530386740331492,0.08287292817679558,2.6629834254143647
CDC5L,0.6298342541436464,0.03314917127071823,3.6353591160220993
CDC6,0.6740331491712708,0.022099447513812154,3.8950276243093924
CDC7,0.49171270718232046,0.06629834254143646,2.591160220994475
CDC73,0.6685082872928176,0.03867403314917127,3.3093922651933703
CDCA2,0.4419889502762431,0.1712707182320442,2.6243093922651934
CDCA5,0.580110497237569,0.03867403314917127,2.983425414364641
CDCA7,0.6187845303867403,0.022099447513812154,3.1988950276243093
CDCA8,0.5359116022099447,0.03314917127071823,2.8287292817679557
CDCP1,0.292817679558011,0.19337016574585636,2.2320441988950277
CDH1,0.5248618784530387,0.0718232044198895,2.9171270718232045
CDH10,0.6685082872928176,0.03314917127071823,3.8729281767955803
CDH11,0.5248618784530387,0.06077348066298342,2.8784530386740332
CDH12,0.6740331491712708,0.027624309392265192,3.9060773480662982
CDH13,0.49171270718232046,0.06629834254143646,2.707182320441989
CDH15,0.4861878453038674,0.06629834254143646,2.7624309392265194
CDH17,0.7513812154696132,0.0055248618784530384,3.845303867403315
CDH18,0.6629834254143646,0.027624309392265192,3.883977900552486
CDH2,0.425414364640884,0.1878453038674033,2.701657458563536
CDH23,0.5082872928176796,0.06077348066298342,2.7403314917127073
CDH24,0.5469613259668509,0.049723756906077346,2.911602209944751
CDH3,0.5248618784530387,0.0718232044198895,2.9171270718232045
CDH4,0.7513812154696132,0.011049723756906077,3.9337016574585637
CDH5,0.5193370165745856,0.06077348066298342,2.867403314917127
CDH6,0.6353591160220995,0.027624309392265192,3.701657458563536
CDH7,0.3259668508287293,0.27624309392265195,2.3480662983425415
CDH8,0.5082872928176796,0.06077348066298342,2.861878453038674
CDH9,0.6629834254143646,0.03314917127071823,3.8011049723756907
CDHR1,0.49171270718232046,0.07734806629834254,2.6685082872928176
CDHR2,0.3812154696132597,0.06629834254143646,2.5248618784530388
CDHR5,0.39226519337016574,0.09392265193370165,2.591160220994475
CDIPT,0.5469613259668509,0.0718232044198895,2.9005524861878453
CDK1,0.5138121546961326,0.049723756906077346,2.8121546961325965
CDK11A,0.5303867403314917,0.049723756906077346,2.845303867403315
CDK11B,0.5303867403314917,0.049723756906077346,2.845303867403315
CDK12,0.6574585635359116,0.03314917127071823,4.3259668508287294
CDK13,0.7182320441988951,0.027624309392265192,3.751381215469613
CDK14,0.7292817679558011,0.016574585635359115,4.171270718232044
CDK2,0.580110497237569,0.04419889502762431,2.867403314917127
CDK20,0.5524861878453039,0.06629834254143646,2.8784530386740332
CDK2AP1,0.56353591160221,0.04419889502762431,2.861878453038674
CDK4,0.580110497237569,0.049723756906077346,2.889502762430939
CDK5,0.46408839779005523,0.13259668508287292,2.7900552486187844
CDK5R1,0.6353591160220995,0.03314917127071823,3.110497237569061
CDK5R2,0.5248618784530387,0.049723756906077346,2.7955801104972378
CDK5RAP2,0.580110497237569,0.06629834254143646,2.8784530386740332
CDK6,0.7403314917127072,0.016574585635359115,4.6353591160221
CDK7,0.2430939226519337,0.15469613259668508,2.2044198895027622
CDK8,0.4585635359116022,0.09392265193370165,2.7845303867403315
CDK9,0.6132596685082873,0.06629834254143646,2.9281767955801103
CDKL5,0.1712707182320442,0.4530386740331492,1.828729281767956
CDKN1A,0.6022099447513812,0.03867403314917127,3.016574585635359
CDKN1B,0.6077348066298343,0.0718232044198895,3.1988950276243093
CDKN1C,0.3867403314917127,0.10497237569060773,2.5580110497237567
CDKN2A,0.1712707182320442,0.44751381215469616,1.558011049723757
CDKN2AIP,0.3259668508287293,0.15469613259668508,2.408839779005525
CDKN2B,0.1878453038674033,0.430939226519337,1.6132596685082874
CDKN2C,0.5193370165745856,0.03867403314917127,2.679558011049724
CDKN2D,0.48066298342541436,0.049723756906077346,2.707182320441989
CDKN3,0.5966850828729282,0.04419889502762431,2.9668508287292816
CDO1,0.292817679558011,0.11049723756906077,2.320441988950276
CDON,0.4143646408839779,0.13259668508287292,2.8950276243093924
CDS1,0.3425414364640884,0.11049723756906077,2.453038674033149
CDS2,0.6906077348066298,0.04419889502762431,3.4806629834254146
CDSN,0.5966850828729282,0.03867403314917127,3.0110497237569063
CDT1,0.4861878453038674,0.06629834254143646,2.751381215469613
CDX1,0.3701657458563536,0.08839779005524862,2.408839779005525
CDX2,0.4696132596685083,0.08287292817679558,2.7900552486187844
CDX4,0.2265193370165746,0.3259668508287293,2.0110497237569063
CDYL,0.4861878453038674,0.1270718232044199,2.6464088397790055
CEACAM1,0.5414364640883977,0.049723756906077346,2.8729281767955803
CEACAM3,0.569060773480663,0.04419889502762431,2.9502762430939224
CEACAM5,0.56353591160221,0.04419889502762431,2.9281767955801103
CEACAM6,0.569060773480663,0.04419889502762431,2.9337016574585637
CEACAM7,0.56353591160221,0.04419889502762431,2.9281767955801103
CEACAM8,0.5414364640883977,0.055248618784530384,2.867403314917127
CEBPA,0.580110497237569,0.03867403314917127,3.138121546961326
CEBPB,0.7790055248618785,0.011049723756906077,4.0497237569060776
CEBPD,0.7016574585635359,0.0055248618784530384,3.5027624309392267
CEBPG,0.580110497237569,0.03867403314917127,3.138121546961326
CEBPZ,0.6519337016574586,0.022099447513812154,3.1270718232044197
CECR2,0.4143646408839779,0.10497237569060773,2.6022099447513813
CELF1,0.5193370165745856,0.06077348066298342,2.8784530386740332
CELF2,0.5524861878453039,0.055248618784530384,2.955801104972376
CELSR1,0.44751381215469616,0.0718232044198895,2.6906077348066297
CELSR2,0.5027624309392266,0.08839779005524862,2.657458563535912
CENPA,0.6685082872928176,0.03314917127071823,3.149171270718232
CENPB,0.6795580110497238,0.06629834254143646,3.43646408839779
CENPC,0.40331491712707185,0.07734806629834254,2.6022099447513813
CENPE,0.3259668508287293,0.11602209944751381,2.3756906077348066
CENPF,0.6629834254143646,0.027624309392265192,3.3591160220994474
CENPH,0.2430939226519337,0.15469613259668508,2.2044198895027622
CENPI,0.23204419889502761,0.30939226519337015,2.0331491712707184
CENPK,0.23756906077348067,0.143646408839779,2.2209944751381214
CENPL,0.7016574585635359,0.022099447513812154,3.4419889502762433
CENPM,0.44751381215469616,0.06077348066298342,2.679558011049724
CENPN,0.49171270718232046,0.06629834254143646,2.712707182320442
CENPO,0.6629834254143646,0.03314917127071823,3.1215469613259668
CENPP,0.5580110497237569,0.06077348066298342,2.9005524861878453
CENPQ,0.6243093922651933,0.027624309392265192,3.281767955801105
CENPS,0.5082872928176796,0.06629834254143646,2.8066298342541436
CENPT,0.5248618784530387,0.06629834254143646,2.9005524861878453
CENPU,0.3314917127071823,0.143646408839779,2.4419889502762433
CENPW,0.5248618784530387,0.06077348066298342,2.8950276243093924
CENPX,0.5966850828729282,0.03314917127071823,2.977900552486188
CEP120,0.292817679558011,0.10497237569060773,2.303867403314917
CEP131,0.6022099447513812,0.03314917127071823,2.994475138121547
CEP135,0.39779005524861877,0.10497237569060773,2.6022099447513813
CEP152,0.4696132596685083,0.049723756906077346,2.729281767955801
CEP162,0.5248618784530387,0.055248618784530384,2.7790055248618786
CEP164,0.4143646408839779,0.11049723756906077,2.5580110497237567
CEP170,0.6850828729281768,0.027624309392265192,3.458563535911602
CEP192,0.5414364640883977,0.07734806629834254,3.0110497237569063
CEP250,0.7403314917127072,0.0055248618784530384,4.016574585635359
CEP290,0.5469613259668509,0.055248618784530384,2.7845303867403315
CEP295,0.49171270718232046,0.08839779005524862,2.845303867403315
CEP350,0.6740331491712708,0.022099447513812154,3.3591160220994474
CEP41,0.5027624309392266,0.08839779005524862,2.834254143646409
CEP55,0.46408839779005523,0.08839779005524862,2.585635359116022
CEP57,0.4696132596685083,0.09392265193370165,2.723756906077348
CEP70,0.7071823204419889,0.03314917127071823,3.74585635359116
CEP72,0.6685082872928176,0.03867403314917127,3.977900552486188
CEP76,0.5524861878453039,0.07734806629834254,3.0
CEP78,0.5469613259668509,0.07734806629834254,2.834254143646409
CEP89,0.585635359116022,0.03867403314917127,3.143646408839779
CEP97,0.6464088397790055,0.04419889502762431,3.4419889502762433
CEPT1,0.49171270718232046,0.09392265193370165,2.596685082872928
CER1,0.3370165745856354,0.19337016574585636,2.4861878453038675
CERK,0.4530386740331492,0.07734806629834254,2.685082872928177
CERS2,0.712707182320442,0.0055248618784530384,3.4861878453038675
CERS3,0.574585635359116,0.027624309392265192,3.0939226519337018
CERS4,0.4088397790055249,0.06629834254143646,2.56353591160221
CERS5,0.569060773480663,0.055248618784530384,2.839779005524862
CERS6,0.6022099447513812,0.027624309392265192,3.0773480662983426
CES1,0.5138121546961326,0.06077348066298342,2.8232044198895028
CES4A,0.5248618784530387,0.06077348066298342,2.861878453038674
CETN1,0.574585635359116,0.08287292817679558,3.226519337016575
CETN2,0.24861878453038674,0.292817679558011,2.0773480662983426
CETN3,0.2541436464088398,0.13812154696132597,2.226519337016575
CETP,0.5193370165745856,0.06077348066298342,2.81767955801105
CFAP45,0.712707182320442,0.016574585635359115,3.4972375690607733
CFAP52,0.3701657458563536,0.09944751381215469,2.5138121546961325
CFB,0.6022099447513812,0.04419889502762431,3.016574585635359
CFD,0.3867403314917127,0.07734806629834254,2.5055555555555555
CFH,0.6519337016574586,0.03314917127071823,3.287292817679558
CFHR1,0.6519337016574586,0.03314917127071823,3.287292817679558
CFHR2,0.6519337016574586,0.03314917127071823,3.287292817679558
CFHR3,0.6519337016574586,0.03314917127071823,3.287292817679558
CFHR4,0.6519337016574586,0.03314917127071823,3.287292817679558
CFHR5,0.6519337016574586,0.03314917127071823,3.287292817679558
CFI,0.3370165745856354,0.10497237569060773,2.3977900552486187
CFL1,0.6132596685082873,0.027624309392265192,3.088397790055249
CFL2,0.569060773480663,0.04419889502762431,3.0386740331491713
CFLAR,0.5966850828729282,0.011049723756906077,3.0
CFP,0.143646408839779,0.44751381215469616,1.7624309392265194
CFTR,0.56353591160221,0.07734806629834254,3.265193370165746
CGA,0.5082872928176796,0.049723756906077346,2.74585635359116
CGGBP1,0.3425414364640884,0.2154696132596685,2.314917127071823
CGN,0.7237569060773481,0.0055248618784530384,3.5193370165745854
CGNL1,0.4861878453038674,0.04419889502762431,2.773480662983425
CH25H,0.44751381215469616,0.09392265193370165,2.591160220994475
CHAF1A,0.4198895027624309,0.07734806629834254,2.6022099447513813
CHAF1B,0.32044198895027626,0.11602209944751381,2.3370165745856353
CHAMP1,0.5359116022099447,0.08287292817679558,2.861878453038674
CHAT,0.5082872928176796,0.055248618784530384,2.8121546961325965
CHCHD1,0.5027624309392266,0.06077348066298342,2.773480662983425
CHCHD10,0.47513812154696133,0.0718232044198895,2.685082872928177
CHCHD2,0.7292817679558011,0.0055248618784530384,4.011049723756906
CHCHD3,0.5082872928176796,0.08839779005524862,2.850828729281768
CHCHD4,0.3314917127071823,0.1878453038674033,2.3480662983425415
CHCHD7,0.7016574585635359,0.0055248618784530384,3.5248618784530388
CHD1,0.281767955801105,0.11602209944751381,2.303867403314917
CHD1L,0.6906077348066298,0.011049723756906077,3.4419889502762433
CHD3,0.3756906077348066,0.09392265193370165,2.5248618784530388
CHD4,0.6022099447513812,0.06629834254143646,3.1712707182320443
CHD5,0.5248618784530387,0.06629834254143646,2.773480662983425
CHD7,0.7237569060773481,0.0055248618784530384,3.56353591160221
CHD9,0.5082872928176796,0.055248618784530384,2.8232044198895028
CHDH,0.2596685082872928,0.23204419889502761,2.132596685082873
CHEK1,0.4143646408839779,0.13259668508287292,2.56353591160221
CHEK2,0.4419889502762431,0.07734806629834254,2.6408839779005526
CHERP,0.5027624309392266,0.027624309392265192,2.8011049723756907
CHFR,0.569060773480663,0.055248618784530384,2.850828729281768
CHGA,0.5414364640883977,0.06629834254143646,2.834254143646409
CHGB,0.6850828729281768,0.055248618784530384,3.4751381215469612
CHI3L1,0.6629834254143646,0.027624309392265192,3.3093922651933703
CHIA,0.49171270718232046,0.09392265193370165,2.596685082872928
CHID1,0.39779005524861877,0.09392265193370165,2.591160220994475
CHIT1,0.6685082872928176,0.027624309392265192,3.3370165745856353
CHKA,0.6574585635359116,0.016574585635359115,3.569060773480663
CHKB,0.4530386740331492,0.08839779005524862,2.6519337016574585
CHL1,0.2983425414364641,0.20994475138121546,2.320441988950276
CHM,0.20994475138121546,0.34806629834254144,1.9668508287292819
CHML,0.6740331491712708,0.022099447513812154,3.43646408839779
CHMP1A,0.49171270718232046,0.0718232044198895,2.7955801104972378
CHMP1B,0.5414364640883977,0.08287292817679558,2.955801104972376
CHMP2A,0.574585635359116,0.0718232044198895,3.165745856353591
CHMP2B,0.3370165745856354,0.22099447513812154,2.292817679558011
CHMP4A,0.5524861878453039,0.049723756906077346,2.9171270718232045
CHMP4B,0.7624309392265194,0.0055248618784530384,3.9337016574585637
CHMP4C,0.7237569060773481,0.0,3.723756906077348
CHMP5,0.4088397790055249,0.13812154696132597,2.6519337016574585
CHMP6,0.6077348066298343,0.03867403314917127,3.0
CHMP7,0.44751381215469616,0.16022099447513813,2.6408839779005526
CHN1,0.6187845303867403,0.016574585635359115,3.248618784530387
CHN2,0.7237569060773481,0.022099447513812154,3.81767955801105
CHP1,0.4530386740331492,0.06629834254143646,2.712707182320442
CHP2,0.5193370165745856,0.08287292817679558,2.8066298342541436
CHPF,0.5248618784530387,0.055248618784530384,2.7900552486187844
CHPF2,0.4696132596685083,0.1270718232044199,2.7777777777777777
CHPT1,0.569060773480663,0.055248618784530384,2.8066298342541436
CHRAC1,0.7900552486187845,0.027624309392265192,4.165745856353591
CHRD,0.7624309392265194,0.027624309392265192,4.30939226519337
CHRDL1,0.2265193370165746,0.30386740331491713,2.022099447513812
CHRDL2,0.5359116022099447,0.055248618784530384,3.43646408839779
CHRM1,0.580110497237569,0.04419889502762431,2.9889502762430937
CHRM2,0.4972375690607735,0.08839779005524862,2.834254143646409
CHRM3,0.6795580110497238,0.022099447513812154,3.5303867403314917
CHRM4,0.5248618784530387,0.06077348066298342,2.9281767955801103
CHRM5,0.48066298342541436,0.04419889502762431,2.7624309392265194
CHRNA1,0.6187845303867403,0.016574585635359115,3.248618784530387
CHRNA2,0.425414364640884,0.18232044198895028,2.6022099447513813
CHRNA3,0.5138121546961326,0.03314917127071823,2.8121546961325965
CHRNA4,0.7513812154696132,0.011049723756906077,3.955801104972376
CHRNA5,0.5138121546961326,0.03314917127071823,2.8121546961325965
CHRNA7,0.49171270718232046,0.04419889502762431,2.8011049723756907
CHRNA9,0.3425414364640884,0.143646408839779,2.4198895027624308
CHRNB1,0.3812154696132597,0.09392265193370165,2.5303867403314917
CHRNB2,0.7071823204419889,0.011049723756906077,3.430939226519337
CHRNB3,0.6298342541436464,0.06077348066298342,3.7900552486187844
CHRNB4,0.5138121546961326,0.03314917127071823,2.8121546961325965
CHRND,0.5138121546961326,0.06077348066298342,2.74585635359116
CHST1,0.5248618784530387,0.06077348066298342,2.9337016574585637
CHST10,0.6464088397790055,0.022099447513812154,3.1712707182320443
CHST11,0.56353591160221,0.049723756906077346,2.8011049723756907
CHST12,0.7348066298342542,0.022099447513812154,3.8729281767955803
CHST13,0.6629834254143646,0.04419889502762431,3.4917127071823204
CHST14,0.4530386740331492,0.06077348066298342,2.734806629834254
CHST15,0.5027624309392266,0.06629834254143646,2.734806629834254
CHST3,0.5138121546961326,0.06077348066298342,2.751381215469613
CHST4,0.5193370165745856,0.06077348066298342,2.81767955801105
CHST6,0.4972375690607735,0.06077348066298342,2.8011049723756907
CHST7,0.143646408839779,0.4530386740331492,1.7679558011049723
CHST8,0.580110497237569,0.03867403314917127,3.143646408839779
CHSY1,0.569060773480663,0.027624309392265192,3.005524861878453
CHSY3,0.30386740331491713,0.10497237569060773,2.3259668508287294
CHTF18,0.48066298342541436,0.11602209944751381,2.657458563535912
CHTF8,0.5248618784530387,0.06629834254143646,2.8784530386740332
CHTOP,0.7182320441988951,0.011049723756906077,3.4806629834254146
CHUK,0.47513812154696133,0.08287292817679558,2.5801104972375692
CIAO1,0.6850828729281768,0.0055248618784530384,3.2044198895027622
CIAPIN1,0.5138121546961326,0.06077348066298342,2.8121546961325965
CIB1,0.574585635359116,0.016574585635359115,3.138121546961326
CIC,0.5414364640883977,0.049723756906077346,2.8729281767955803
CIDEA,0.5359116022099447,0.08287292817679558,2.9502762430939224
CIDEB,0.5580110497237569,0.049723756906077346,2.9226519337016574
CIDEC,0.3259668508287293,0.17679558011049723,2.3646408839779007
CIITA,0.5138121546961326,0.07734806629834254,2.850828729281768
CILP,0.4861878453038674,0.04419889502762431,2.7569060773480665
CINP,0.5580110497237569,0.06077348066298342,2.856353591160221
CIR1,0.6187845303867403,0.016574585635359115,3.2375690607734806
CIRBP,0.3701657458563536,0.07734806629834254,2.4972375690607733
CISD1,0.5082872928176796,0.055248618784530384,2.7790055248618786
CISD2,0.3259668508287293,0.11602209944751381,2.3756906077348066
CISD3,0.6353591160220995,0.027624309392265192,3.43646408839779
CIT,0.569060773480663,0.03867403314917127,2.850828729281768
CITED1,0.2265193370165746,0.3259668508287293,2.0110497237569063
CITED2,0.5469613259668509,0.049723756906077346,2.911602209944751
CITED4,0.5414364640883977,0.027624309392265192,3.0331491712707184
CKAP2,0.49171270718232046,0.09392265193370165,2.9060773480662982
CKAP2L,0.6685082872928176,0.022099447513812154,3.287292817679558
CKAP4,0.569060773480663,0.049723756906077346,2.839779005524862
CKAP5,0.5193370165745856,0.055248618784530384,2.9171270718232045
CKB,0.5524861878453039,0.06629834254143646,2.8287292817679557
CKLF,0.5193370165745856,0.06077348066298342,2.867403314917127
CKM,0.5580110497237569,0.049723756906077346,2.9005524861878453
CKMT1A,0.46408839779005523,0.055248618784530384,2.7403314917127073
CKMT1B,0.46408839779005523,0.055248618784530384,2.7403314917127073
CKMT2,0.2596685082872928,0.143646408839779,2.2375690607734806
CKS1B,0.7071823204419889,0.011049723756906077,3.425414364640884
CLASP1,0.6464088397790055,0.016574585635359115,3.3535911602209945
CLASP2,0.32044198895027626,0.18232044198895028,2.3259668508287294
CLCA1,0.4972375690607735,0.06629834254143646,2.596685082872928
CLCA2,0.4972375690607735,0.06629834254143646,2.596685082872928
CLCA4,0.4972375690607735,0.06629834254143646,2.596685082872928
CLCF1,0.6519337016574586,0.016574585635359115,3.3093922651933703
CLCN6,0.5193370165745856,0.055248618784530384,2.856353591160221
CLCN7,0.4861878453038674,0.11049723756906077,2.6685082872928176
CLDN1,0.7790055248618785,0.022099447513812154,4.458563535911602
CLDN10,0.5082872928176796,0.08839779005524862,2.8287292817679557
CLDN11,0.7955801104972375,0.022099447513812154,4.662983425414365
CLDN14,0.32044198895027626,0.11602209944751381,2.3370165745856353
CLDN15,0.6795580110497238,0.027624309392265192,3.9392265193370166
CLDN16,0.7790055248618785,0.022099447513812154,4.447513812154696
CLDN17,0.3149171270718232,0.1270718232044199,2.320441988950276
CLDN18,0.7016574585635359,0.03314917127071823,3.718232044198895
CLDN19,0.5414364640883977,0.027624309392265192,2.81767955801105
CLDN2,0.2430939226519337,0.30386740331491713,2.0497237569060776
CLDN22,0.3259668508287293,0.15469613259668508,2.408839779005525
CLDN23,0.4585635359116022,0.16022099447513813,2.7679558011049723
CLDN3,0.6519337016574586,0.027624309392265192,3.453038674033149
CLDN4,0.6519337016574586,0.027624309392265192,3.408839779005525
CLDN5,0.4530386740331492,0.08287292817679558,2.6629834254143647
CLDN6,0.4972375690607735,0.09944751381215469,2.6906077348066297
CLDN7,0.3812154696132597,0.09392265193370165,2.5303867403314917
CLDN8,0.3149171270718232,0.1270718232044199,2.320441988950276
CLDN9,0.4972375690607735,0.09944751381215469,2.6906077348066297
CLEC10A,0.3812154696132597,0.09392265193370165,2.5248618784530388
CLEC12A,0.6077348066298343,0.055248618784530384,3.2099447513812156
CLEC14A,0.574585635359116,0.049723756906077346,3.287292817679558
CLEC1B,0.6077348066298343,0.055248618784530384,3.2099447513812156
CLEC2A,0.6077348066298343,0.055248618784530384,3.2209944751381214
CLEC2D,0.6077348066298343,0.055248618784530384,3.226519337016575
CLEC3B,0.287292817679558,0.19337016574585636,2.248618784530387
CLEC4C,0.6077348066298343,0.06077348066298342,3.2099447513812156
CLEC4D,0.6077348066298343,0.06077348066298342,3.1712707182320443
CLEC4E,0.6077348066298343,0.06077348066298342,3.1712707182320443
CLEC4G,0.40331491712707185,0.0718232044198895,2.546961325966851
CLEC4M,0.40331491712707185,0.0718232044198895,2.546961325966851
CLEC5A,0.4972375690607735,0.09944751381215469,2.861878453038674
CLEC6A,0.6077348066298343,0.06077348066298342,3.1712707182320443
CLEC7A,0.6077348066298343,0.06077348066298342,3.2044198895027622
CLGN,0.36464088397790057,0.08839779005524862,2.574585635359116
CLIC1,0.6022099447513812,0.04419889502762431,3.0
CLIC2,0.27071823204419887,0.287292817679558,2.132596685082873
CLIC3,0.6132596685082873,0.055248618784530384,3.005524861878453
CLIC4,0.46408839779005523,0.055248618784530384,2.657458563535912
CLIC5,0.5966850828729282,0.03314917127071823,3.3756906077348066
CLIC6,0.32044198895027626,0.12154696132596685,2.3370165745856353
CLINT1,0.3812154696132597,0.0718232044198895,2.458563535911602
CLIP1,0.569060773480663,0.049723756906077346,2.867403314917127
CLIP2,0.6574585635359116,0.03314917127071823,3.4419889502762433
CLIP3,0.5911602209944752,0.03314917127071823,3.1270718232044197
CLK1,0.5966850828729282,0.016574585635359115,2.994475138121547
CLK2,0.7016574585635359,0.016574585635359115,3.414364640883978
CLK3,0.5082872928176796,0.04419889502762431,2.8121546961325965
CLK4,0.39226519337016574,0.06629834254143646,2.596685082872928
CLN3,0.5359116022099447,0.0718232044198895,2.883977900552486
CLN5,0.5027624309392266,0.09392265193370165,2.8011049723756907
CLN6,0.49171270718232046,0.04419889502762431,2.7679558011049723
CLN8,0.4419889502762431,0.16574585635359115,2.6906077348066297
CLNS1A,0.4972375690607735,0.06077348066298342,3.022099447513812
CLOCK,0.4088397790055249,0.10497237569060773,2.613259668508287
CLP1,0.574585635359116,0.049723756906077346,2.955801104972376
CLPP,0.4198895027624309,0.07734806629834254,2.56353591160221
CLPS,0.5911602209944752,0.049723756906077346,2.994475138121547
CLPX,0.4861878453038674,0.04419889502762431,2.7569060773480665
CLRN1,0.7403314917127072,0.022099447513812154,4.110497237569061
CLSPN,0.5138121546961326,0.03867403314917127,2.74585635359116
CLSTN1,0.5138121546961326,0.06077348066298342,2.701657458563536
CLTA,0.4198895027624309,0.143646408839779,2.679558011049724
CLTB,0.3812154696132597,0.06629834254143646,2.5248618784530388
CLTCL1,0.44751381215469616,0.08287292817679558,2.657458563535912
CLU,0.425414364640884,0.18232044198895028,2.6022099447513813
CLUAP1,0.47513812154696133,0.09392265193370165,2.657458563535912
CLVS1,0.7182320441988951,0.011049723756906077,3.56353591160221
CLVS2,0.5303867403314917,0.04419889502762431,2.9281767955801103
CMA1,0.5580110497237569,0.049723756906077346,2.9281767955801103
CMAS,0.6298342541436464,0.06629834254143646,3.4751381215469612
CMC2,0.49171270718232046,0.06629834254143646,2.712707182320442
CMC4,0.24861878453038674,0.287292817679558,2.088397790055249
CMIP,0.49171270718232046,0.06629834254143646,2.712707182320442
CMKLR1,0.580110497237569,0.03867403314917127,2.867403314917127
CMPK1,0.5248618784530387,0.027624309392265192,2.707182320441989
CMTM2,0.5193370165745856,0.06077348066298342,2.867403314917127
CMTM3,0.5193370165745856,0.06077348066298342,2.867403314917127
CMTM4,0.5193370165745856,0.06077348066298342,2.867403314917127
CMTM5,0.5524861878453039,0.049723756906077346,2.9281767955801103
CMTM6,0.3259668508287293,0.1878453038674033,2.3480662983425415
CMTM7,0.3259668508287293,0.1878453038674033,2.303867403314917
CMTM8,0.32044198895027626,0.19337016574585636,2.292817679558011
CMTR1,0.6022099447513812,0.03314917127071823,3.022099447513812
CMYA5,0.2596685082872928,0.143646408839779,2.2320441988950277
CNBP,0.6685082872928176,0.03867403314917127,3.5359116022099446
CNDP1,0.3425414364640884,0.2430939226519337,2.3591160220994474
CNDP2,0.3425414364640884,0.2430939226519337,2.3591160220994474
CNEP1R1,0.5082872928176796,0.055248618784530384,2.7900552486187844
CNGA1,0.430939226519337,0.09944751381215469,2.6298342541436464
CNGB1,0.5193370165745856,0.06077348066298342,2.8232044198895028
CNGB3,0.7348066298342542,0.0055248618784530384,3.7845303867403315
CNIH1,0.5966850828729282,0.04419889502762431,2.9668508287292816
CNIH2,0.6243093922651933,0.022099447513812154,3.160220994475138
CNIH3,0.6685082872928176,0.022099447513812154,3.3977900552486187
CNKSR1,0.4419889502762431,0.07734806629834254,2.546961325966851
CNKSR2,0.1712707182320442,0.4530386740331492,1.8066298342541436
CNN1,0.47513812154696133,0.04419889502762431,2.707182320441989
CNN2,0.3756906077348066,0.07734806629834254,2.5082872928176796
CNNM1,0.47513812154696133,0.08287292817679558,2.574585635359116
CNNM3,0.6795580110497238,0.0055248618784530384,3.2320441988950277
CNNM4,0.6795580110497238,0.0055248618784530384,3.2154696132596685
CNOT1,0.5138121546961326,0.06077348066298342,2.834254143646409
CNOT10,0.3259668508287293,0.1878453038674033,2.3370165745856353
CNOT11,0.6574585635359116,0.011049723756906077,3.2154696132596685
CNOT2,0.5966850828729282,0.027624309392265192,3.25414364640884
CNOT3,0.574585635359116,0.03867403314917127,3.0110497237569063
CNOT4,0.49171270718232046,0.08839779005524862,2.81767955801105
CNOT6,0.40331491712707185,0.06629834254143646,2.6298342541436464
CNOT6L,0.3701657458563536,0.09944751381215469,2.4917127071823204
CNOT7,0.4530386740331492,0.143646408839779,2.7900552486187844
CNOT8,0.3701657458563536,0.07734806629834254,2.4198895027624308
CNOT9,0.5248618784530387,0.049723756906077346,2.7955801104972378
CNPY3,0.6408839779005525,0.027624309392265192,3.696132596685083
CNR1,0.5027624309392266,0.049723756906077346,2.7403314917127073
CNR2,0.4530386740331492,0.055248618784530384,2.6519337016574585
CNTF,0.569060773480663,0.04419889502762431,2.9447513812154695
CNTFR,0.43646408839779005,0.1270718232044199,2.734806629834254
CNTLN,0.3314917127071823,0.19337016574585636,2.43646408839779
CNTN1,0.5414364640883977,0.055248618784530384,2.8066298342541436
CNTN2,0.6685082872928176,0.027624309392265192,3.303867403314917
CNTN3,0.27071823204419887,0.22099447513812154,2.2375690607734806
CNTN4,0.30386740331491713,0.20441988950276244,2.303867403314917
CNTN5,0.46408839779005523,0.09392265193370165,2.81767955801105
CNTNAP1,0.6298342541436464,0.03314917127071823,3.0994475138121547
CNTNAP2,0.4861878453038674,0.12154696132596685,2.839779005524862
CNTRL,0.5966850828729282,0.06077348066298342,2.911602209944751
COA5,0.6685082872928176,0.011049723756906077,3.2430939226519335
COA6,0.6740331491712708,0.016574585635359115,3.4806629834254146
COG1,0.6298342541436464,0.022099447513812154,3.0773480662983426
COG2,0.6740331491712708,0.022099447513812154,3.4696132596685083
COG3,0.48066298342541436,0.10497237569060773,2.7790055248618786
COG4,0.5193370165745856,0.06077348066298342,2.8287292817679557
COG5,0.6408839779005525,0.04419889502762431,3.56353591160221
COG6,0.4696132596685083,0.10497237569060773,2.8287292817679557
COG7,0.5193370165745856,0.08287292817679558,2.8066298342541436
COG8,0.5248618784530387,0.06629834254143646,2.867403314917127
COIL,0.6187845303867403,0.03867403314917127,3.0994475138121547
COL10A1,0.49171270718232046,0.06077348066298342,2.7955801104972378
COL11A1,0.5082872928176796,0.0718232044198895,2.6464088397790055
COL12A1,0.5359116022099447,0.055248618784530384,2.8011049723756907
COL13A1,0.5027624309392266,0.0718232044198895,2.734806629834254
COL14A1,0.7790055248618785,0.011049723756906077,4.276243093922652
COL16A1,0.49171270718232046,0.04419889502762431,2.718232044198895
COL18A1,0.32044198895027626,0.13812154696132597,2.3370165745856353
COL1A1,0.6353591160220995,0.03314917127071823,3.132596685082873
COL1A2,0.7292817679558011,0.016574585635359115,4.193370165745856
COL20A1,0.7513812154696132,0.011049723756906077,3.955801104972376
COL23A1,0.39226519337016574,0.06629834254143646,2.56353591160221
COL25A1,0.3314917127071823,0.11049723756906077,2.3812154696132595
COL26A1,0.6795580110497238,0.03314917127071823,3.9337016574585637
COL2A1,0.56353591160221,0.055248618784530384,2.834254143646409
COL3A1,0.6022099447513812,0.011049723756906077,3.0497237569060776
COL4A1,0.5469613259668509,0.08839779005524862,2.889502762430939
COL4A2,0.5469613259668509,0.08839779005524862,2.8784530386740332
COL4A3,0.5469613259668509,0.055248618784530384,2.7955801104972378
COL4A4,0.5469613259668509,0.055248618784530384,2.7955801104972378
COL4A5,0.23204419889502761,0.30386740331491713,2.0331491712707184
COL4A6,0.2265193370165746,0.30939226519337015,2.022099447513812
COL5A1,0.6022099447513812,0.06077348066298342,2.9281767955801103
COL5A2,0.6022099447513812,0.011049723756906077,3.0497237569060776
COL5A3,0.4585635359116022,0.055248618784530384,2.6408839779005526
COL6A1,0.3259668508287293,0.13812154696132597,2.3480662983425415
COL6A2,0.3259668508287293,0.13812154696132597,2.3480662983425415
COL6A3,0.5082872928176796,0.06077348066298342,2.74585635359116
COL7A1,0.2541436464088398,0.2154696132596685,2.143646408839779
COL8A1,0.6408839779005525,0.04419889502762431,3.403314917127072
COL8A2,0.5138121546961326,0.03867403314917127,2.74585635359116
COL9A1,0.56353591160221,0.049723756906077346,2.8784530386740332
COL9A2,0.5359116022099447,0.027624309392265192,3.0662983425414363
COLEC10,0.7845303867403315,0.011049723756906077,4.298342541436464
COLEC11,0.6408839779005525,0.03867403314917127,3.0718232044198897
COLEC12,0.56353591160221,0.08839779005524862,3.2044198895027622
COLGALT1,0.49171270718232046,0.03314917127071823,2.7900552486187844
COLGALT2,0.6795580110497238,0.027624309392265192,3.3646408839779007
COLQ,0.3259668508287293,0.18232044198895028,2.342541436464088
COMMD1,0.6795580110497238,0.0055248618784530384,3.25414364640884
COMMD4,0.5082872928176796,0.03867403314917127,2.8066298342541436
COMMD5,0.7734806629834254,0.022099447513812154,3.911602209944751
COMMD6,0.5193370165745856,0.08839779005524862,2.834254143646409
COMP,0.49171270718232046,0.03867403314917127,2.7955801104972378
COMT,0.4530386740331492,0.07734806629834254,2.685082872928177
COPA,0.712707182320442,0.016574585635359115,3.5193370165745854
COPB1,0.4419889502762431,0.0718232044198895,2.718232044198895
COPB2,0.7016574585635359,0.027624309392265192,3.734806629834254
COPE,0.4972375690607735,0.03314917127071823,2.8121546961325965
COPG1,0.6685082872928176,0.03867403314917127,3.552486187845304
COPG2,0.5027624309392266,0.08839779005524862,2.834254143646409
COPRS,0.6243093922651933,0.03314917127071823,3.0497237569060776
COPS2,0.47513812154696133,0.04419889502762431,2.751381215469613
COPS3,0.3701657458563536,0.11602209944751381,2.5248618784530388
COPS4,0.3425414364640884,0.10497237569060773,2.4419889502762433
COPS5,0.7182320441988951,0.0,3.7624309392265194
COPS6,0.6906077348066298,0.03314917127071823,3.9889502762430937
COPS7A,0.6022099447513812,0.06077348066298342,3.1767955801104972
COPS7B,0.5248618784530387,0.055248618784530384,2.7624309392265194
COPS8,0.5082872928176796,0.06077348066298342,2.7403314917127073
COPZ1,0.574585635359116,0.03867403314917127,2.850828729281768
COPZ2,0.6298342541436464,0.03314917127071823,3.088397790055249
COQ2,0.3425414364640884,0.10497237569060773,2.43646408839779
COQ3,0.49171270718232046,0.06629834254143646,2.723756906077348
COQ4,0.6077348066298343,0.06629834254143646,2.9392265193370166
COQ5,0.569060773480663,0.03867403314917127,2.867403314917127
COQ6,0.580110497237569,0.055248618784530384,2.861878453038674
COQ7,0.5248618784530387,0.08287292817679558,2.867403314917127
COQ8B,0.5524861878453039,0.03867403314917127,2.911602209944751
COQ9,0.5138121546961326,0.06077348066298342,2.8121546961325965
CORIN,0.430939226519337,0.09944751381215469,2.6298342541436464
CORO1A,0.5580110497237569,0.0718232044198895,2.9171270718232045
CORO1B,0.6519337016574586,0.016574585635359115,3.3259668508287294
CORO1C,0.580110497237569,0.03867403314917127,2.867403314917127
CORT,0.5082872928176796,0.06629834254143646,2.8066298342541436
COX10,0.35359116022099446,0.11602209944751381,2.5138121546961325
COX11,0.6132596685082873,0.03867403314917127,3.0662983425414363
COX14,0.569060773480663,0.055248618784530384,2.834254143646409
COX15,0.47513812154696133,0.08287292817679558,2.574585635359116
COX16,0.574585635359116,0.06077348066298342,2.8287292817679557
COX17,0.6629834254143646,0.055248618784530384,3.4640883977900554
COX18,0.4088397790055249,0.08287292817679558,2.8066298342541436
COX19,0.7348066298342542,0.022099447513812154,3.883977900552486
COX20,0.6961325966850829,0.027624309392265192,3.5359116022099446
COX4I1,0.4861878453038674,0.06629834254143646,2.701657458563536
COX4I2,0.7569060773480663,0.0055248618784530384,3.9226519337016574
COX5A,0.5082872928176796,0.04419889502762431,2.8011049723756907
COX5B,0.6850828729281768,0.0055248618784530384,3.3314917127071824
COX6A1,0.569060773480663,0.03867403314917127,2.889502762430939
COX6A2,0.5524861878453039,0.06629834254143646,2.889502762430939
COX6B2,0.585635359116022,0.03314917127071823,3.0552486187845305
COX6C,0.7624309392265194,0.0055248618784530384,4.116022099447513
COX7A2,0.5359116022099447,0.055248618784530384,2.8011049723756907
COX7A2L,0.6574585635359116,0.016574585635359115,3.1712707182320443
COX7C,0.2541436464088398,0.13259668508287292,2.2209944751381214
COX8A,0.585635359116022,0.04419889502762431,2.9889502762430937
CP,0.7569060773480663,0.03314917127071823,4.1602209944751385
CPA1,0.5027624309392266,0.08839779005524862,2.834254143646409
CPA2,0.5027624309392266,0.08839779005524862,2.839779005524862
CPB2,0.47513812154696133,0.11049723756906077,2.7679558011049723
CPD,0.6298342541436464,0.03867403314917127,3.0607734806629834
CPE,0.3425414364640884,0.11602209944751381,2.4972375690607733
CPEB1,0.5248618784530387,0.03314917127071823,2.850828729281768
CPLX1,0.35359116022099446,0.16574585635359115,2.4751381215469612
CPLX2,0.3756906077348066,0.06629834254143646,2.546961325966851
CPLX3,0.5082872928176796,0.04419889502762431,2.8011049723756907
CPLX4,0.30939226519337015,0.281767955801105,2.1988950276243093
CPM,0.6022099447513812,0.027624309392265192,3.574585635359116
CPN1,0.47513812154696133,0.08287292817679558,2.5801104972375692
CPN2,0.7734806629834254,0.03314917127071823,4.281767955801105
CPNE3,0.7348066298342542,0.0055248618784530384,3.8011049723756907
CPS1,0.5248618784530387,0.055248618784530384,2.834254143646409
CPSF1,0.7679558011049724,0.022099447513812154,3.9226519337016574
CPSF2,0.5469613259668509,0.06629834254143646,2.839779005524862
CPSF3,0.6353591160220995,0.049723756906077346,3.0828729281767955
CPSF4,0.712707182320442,0.016574585635359115,4.138121546961326
CPSF6,0.6077348066298343,0.027624309392265192,3.889502762430939
CPSF7,0.580110497237569,0.04419889502762431,3.0110497237569063
CPT1A,0.6850828729281768,0.016574585635359115,5.05524861878453
CPT2,0.5138121546961326,0.03867403314917127,2.685082872928177
CR1,0.6740331491712708,0.027624309392265192,3.342541436464088
CR2,0.6740331491712708,0.027624309392265192,3.342541436464088
CRABP1,0.5138121546961326,0.03314917127071823,2.8121546961325965
CRABP2,0.7071823204419889,0.011049723756906077,3.447513812154696
CRACR2A,0.6022099447513812,0.055248618784530384,3.287292817679558
CRADD,0.5524861878453039,0.055248618784530384,2.7845303867403315
CRAMP1,0.4861878453038674,0.10497237569060773,2.6740331491712706
CRAT,0.6022099447513812,0.0718232044198895,2.911602209944751
CRB1,0.6519337016574586,0.03314917127071823,3.287292817679558
CRB3,0.4198895027624309,0.07734806629834254,2.56353591160221
CRBN,0.2983425414364641,0.20994475138121546,2.265193370165746
CRCP,0.6519337016574586,0.027624309392265192,3.552486187845304
CREB1,0.56353591160221,0.049723756906077346,2.972375690607735
CREB3,0.430939226519337,0.13812154696132597,2.7666666666666666
CREB3L1,0.5359116022099447,0.06077348066298342,2.9502762430939224
CREB3L2,0.5082872928176796,0.08839779005524862,2.856353591160221
CREB3L3,0.4143646408839779,0.0718232044198895,2.596685082872928
CREB3L4,0.7071823204419889,0.011049723756906077,3.4419889502762433
CREB5,0.7182320441988951,0.027624309392265192,3.8011049723756907
CREBBP,0.48066298342541436,0.08839779005524862,2.6740331491712706
CREBZF,0.5138121546961326,0.08287292817679558,2.8729281767955803
CREG1,0.7016574585635359,0.016574585635359115,3.4806629834254146
CRELD2,0.4585635359116022,0.07734806629834254,2.6685082872928176
CREM,0.585635359116022,0.03867403314917127,3.0994475138121547
CRH,0.712707182320442,0.0055248618784530384,3.7569060773480665
CRHBP,0.2596685082872928,0.14917127071823205,2.226519337016575
CRHR1,0.6187845303867403,0.03867403314917127,3.044198895027624
CRHR2,0.7182320441988951,0.027624309392265192,3.7900552486187844
CRIP1,0.5580110497237569,0.06077348066298342,2.845303867403315
CRISP2,0.6243093922651933,0.027624309392265192,3.3093922651933703
CRISP3,0.6243093922651933,0.027624309392265192,3.3093922651933703
CRK,0.39226519337016574,0.09944751381215469,2.546961325966851
CRKL,0.47513812154696133,0.06629834254143646,2.7900552486187844
CRLF1,0.49171270718232046,0.03314917127071823,2.8011049723756907
CRLF2,0.292817679558011,0.30939226519337015,2.2055555555555557
CRLS1,0.6850828729281768,0.055248618784530384,3.4751381215469612
CRMP1,0.3259668508287293,0.15469613259668508,2.3701657458563536
CRNKL1,0.6685082872928176,0.055248618784530384,3.5138121546961325
CRNN,0.712707182320442,0.0055248618784530384,3.4917127071823204
CROT,0.712707182320442,0.016574585635359115,3.9281767955801103
CRP,0.712707182320442,0.016574585635359115,3.4972375690607733
CRTAM,0.4088397790055249,0.11602209944751381,2.574585635359116
CRTAP,0.32044198895027626,0.1878453038674033,2.314917127071823
CRTC1,0.49171270718232046,0.03867403314917127,2.7955801104972378
CRTC2,0.7071823204419889,0.011049723756906077,3.4419889502762433
CRTC3,0.569060773480663,0.022099447513812154,3.0994475138121547
CRX,0.56353591160221,0.04419889502762431,2.9668508287292816
CRY1,0.569060773480663,0.04419889502762431,2.845303867403315
CRY2,0.5359116022099447,0.06077348066298342,2.9613259668508287
CRYAA,0.30386740331491713,0.143646408839779,2.298342541436464
CRYAB,0.4143646408839779,0.12154696132596685,2.569060773480663
CRYBA1,0.6243093922651933,0.03314917127071823,3.132596685082873
CRYGC,0.5580110497237569,0.049723756906077346,2.9668508287292816
CRYL1,0.43646408839779005,0.10497237569060773,2.729281767955801
CRYM,0.5138121546961326,0.08839779005524862,2.8011049723756907
CRYZ,0.47513812154696133,0.06629834254143646,2.596685082872928
CS,0.585635359116022,0.049723756906077346,2.8784530386740332
CSAD,0.569060773480663,0.055248618784530384,2.81767955801105
CSDE1,0.4972375690607735,0.11049723756906077,2.8784530386740332
CSE1L,0.7624309392265194,0.0,3.972375690607735
CSF1,0.5082872928176796,0.09392265193370165,2.6408839779005526
CSF1R,0.3701657458563536,0.08839779005524862,2.408839779005525
CSF2,0.30939226519337015,0.11049723756906077,2.3314917127071824
CSF2RB,0.4419889502762431,0.08287292817679558,2.6243093922651934
CSF3,0.6740331491712708,0.027624309392265192,4.331491712707182
CSF3R,0.5193370165745856,0.03867403314917127,2.751381215469613
CSGALNACT1,0.44751381215469616,0.14917127071823205,2.701657458563536
CSGALNACT2,0.5580110497237569,0.04419889502762431,2.867403314917127
CSH1,0.6629834254143646,0.03314917127071823,3.2154696132596685
CSK,0.5082872928176796,0.04419889502762431,2.8011049723756907
CSN1S1,0.39779005524861877,0.08839779005524862,2.596685082872928
CSN2,0.39779005524861877,0.08839779005524862,2.596685082872928
CSN3,0.39779005524861877,0.08839779005524862,2.569060773480663
CSNK1A1,0.36464088397790057,0.08839779005524862,2.3977900552486187
CSNK1A1L,0.48066298342541436,0.09944751381215469,2.7900552486187844
CSNK1D,0.580110497237569,0.03867403314917127,2.9337016574585637
CSNK1E,0.4530386740331492,0.06077348066298342,2.6519337016574585
CSNK1G1,0.4861878453038674,0.04419889502762431,2.7569060773480665
CSNK1G2,0.3756906077348066,0.07734806629834254,2.4917127071823204
CSNK1G3,0.292817679558011,0.10497237569060773,2.303867403314917
CSNK2A1,0.6906077348066298,0.055248618784530384,3.4751381215469612
CSNK2A2,0.5138121546961326,0.06077348066298342,2.8232044198895028
CSNK2B,0.6022099447513812,0.04419889502762431,3.0
CSPG4,0.5138121546961326,0.03867403314917127,2.8011049723756907
CSPG5,0.27071823204419887,0.19889502762430938,2.2044198895027622
CSPP1,0.7182320441988951,0.0,3.7624309392265194
CSRP1,0.6685082872928176,0.03314917127071823,3.298342541436464
CSRP3,0.4696132596685083,0.0718232044198895,2.7624309392265194
CST1,0.6740331491712708,0.04419889502762431,3.546961325966851
CST3,0.6740331491712708,0.04419889502762431,3.5580110497237567
CST4,0.6740331491712708,0.04419889502762431,3.5580110497237567
CST6,0.6132596685082873,0.027624309392265192,3.088397790055249
CSTA,0.6629834254143646,0.04419889502762431,3.453038674033149
CSTB,0.30386740331491713,0.16022099447513813,2.281767955801105
CSTF1,0.7513812154696132,0.016574585635359115,4.011049723756906
CSTF2,0.23756906077348067,0.30386740331491713,2.0497237569060776
CSTF2T,0.5193370165745856,0.055248618784530384,2.8287292817679557
CSTF3,0.5303867403314917,0.06077348066298342,3.0110497237569063
CTAG1A,0.2541436464088398,0.287292817679558,2.0994475138121547
CTAG1B,0.2541436464088398,0.287292817679558,2.0994475138121547
CTBP1,0.34806629834254144,0.16574585635359115,2.4696132596685083
CTBP2,0.5138121546961326,0.06629834254143646,2.7569060773480665
CTBS,0.4972375690607735,0.06629834254143646,2.6022099447513813
CTCF,0.5248618784530387,0.06629834254143646,2.9005524861878453
CTDNEP1,0.3812154696132597,0.09392265193370165,2.5303867403314917
CTDP1,0.3370165745856354,0.23204419889502761,2.3314917127071824
CTDSP1,0.5248618784530387,0.049723756906077346,2.7955801104972378
CTDSP2,0.574585635359116,0.049723756906077346,2.889502762430939
CTF1,0.5524861878453039,0.06629834254143646,2.911602209944751
CTH,0.48066298342541436,0.055248618784530384,2.6077348066298343
CTIF,0.3259668508287293,0.27071823204419887,2.3977900552486187
CTNNA1,0.32044198895027626,0.08839779005524862,2.3591160220994474
CTNNA2,0.6464088397790055,0.0055248618784530384,3.2044198895027622
CTNNA3,0.5193370165745856,0.06629834254143646,2.7679558011049723
CTNNB1,0.30386740331491713,0.1878453038674033,2.3093922651933703
CTNNBIP1,0.5138121546961326,0.06077348066298342,2.701657458563536
CTNNBL1,0.7458563535911602,0.0,3.9613259668508287
CTNND1,0.569060773480663,0.049723756906077346,2.9392265193370166
CTNND2,0.6740331491712708,0.027624309392265192,3.861878453038674
CTPS2,0.1712707182320442,0.4530386740331492,1.8011049723756907
CTR9,0.430939226519337,0.08287292817679558,2.679558011049724
CTRB1,0.5027624309392266,0.06077348066298342,2.8066298342541436
CTRB2,0.5082872928176796,0.06077348066298342,2.81767955801105
CTRL,0.5248618784530387,0.06629834254143646,2.9005524861878453
CTSA,0.7513812154696132,0.0055248618784530384,3.972375690607735
CTSB,0.4861878453038674,0.14917127071823205,4.668508287292818
CTSC,0.5027624309392266,0.08287292817679558,2.845303867403315
CTSD,0.39779005524861877,0.09944751381215469,2.591160220994475
CTSE,0.6574585635359116,0.027624309392265192,3.3259668508287294
CTSF,0.6243093922651933,0.022099447513812154,3.2596685082872927
CTSG,0.5580110497237569,0.049723756906077346,2.9281767955801103
CTSH,0.5138121546961326,0.03314917127071823,2.8121546961325965
CTSK,0.7071823204419889,0.0055248618784530384,3.4806629834254146
CTSL,0.5524861878453039,0.06629834254143646,2.8784530386740332
CTSO,0.32044198895027626,0.11602209944751381,2.430939226519337
CTSS,0.7071823204419889,0.0055248618784530384,3.4806629834254146
CTSV,0.580110497237569,0.06077348066298342,2.889502762430939
CTSZ,0.7513812154696132,0.011049723756906077,3.994475138121547
CTTN,0.7458563535911602,0.011049723756906077,7.6464088397790055
CTTNBP2,0.5580110497237569,0.07734806629834254,3.1988950276243093
CTTNBP2NL,0.4972375690607735,0.08839779005524862,2.6464088397790055
CTU1,0.5580110497237569,0.049723756906077346,2.9502762430939224
CTU2,0.4861878453038674,0.06629834254143646,2.74585635359116
CUBN,0.5524861878453039,0.06629834254143646,2.889502762430939
CUEDC2,0.48066298342541436,0.08839779005524862,2.6022099447513813
CUL1,0.4585635359116022,0.1270718232044199,2.7679558011049723
CUL2,0.585635359116022,0.03867403314917127,3.138121546961326
CUL3,0.5303867403314917,0.055248618784530384,2.773480662983425
CUL4A,0.5524861878453039,0.08287292817679558,3.1049723756906076
CUL4B,0.2430939226519337,0.2983425414364641,2.0773480662983426
CUL5,0.4143646408839779,0.1270718232044199,2.596685082872928
CUL9,0.6408839779005525,0.027624309392265192,3.6740331491712706
CUX1,0.6850828729281768,0.03867403314917127,3.972375690607735
CWC15,0.4696132596685083,0.08839779005524862,2.723756906077348
CWC22,0.5966850828729282,0.011049723756906077,3.088397790055249
CWC27,0.23756906077348067,0.143646408839779,2.2044198895027622
CX3CL1,0.5138121546961326,0.06077348066298342,2.8121546961325965
CX3CR1,0.2983425414364641,0.1878453038674033,2.265193370165746
CXADR,0.32044198895027626,0.16022099447513813,2.3591160220994474
CXCL1,0.39779005524861877,0.08287292817679558,2.8121546961325965
CXCL10,0.39779005524861877,0.08839779005524862,2.718232044198895
CXCL11,0.39779005524861877,0.08839779005524862,2.718232044198895
CXCL12,0.56353591160221,0.049723756906077346,2.955801104972376
CXCL13,0.3701657458563536,0.10497237569060773,2.4861878453038675
CXCL14,0.30939226519337015,0.09392265193370165,2.342541436464088
CXCL16,0.3867403314917127,0.09392265193370165,2.5580110497237567
CXCL2,0.40331491712707185,0.07734806629834254,2.8232044198895028
CXCL3,0.40331491712707185,0.07734806629834254,2.8232044198895028
CXCL5,0.40331491712707185,0.07734806629834254,2.8232044198895028
CXCL6,0.40331491712707185,0.08287292817679558,2.718232044198895
CXCL8,0.40331491712707185,0.08287292817679558,2.734806629834254
CXCL9,0.39226519337016574,0.08839779005524862,2.707182320441989
CXCR1,0.5248618784530387,0.049723756906077346,2.8011049723756907
CXCR2,0.5248618784530387,0.049723756906077346,2.8011049723756907
CXCR3,0.22099447513812154,0.3314917127071823,2.0
CXCR4,0.5911602209944752,0.049723756906077346,2.9889502762430937
CXCR5,0.4088397790055249,0.11049723756906077,2.56353591160221
CXCR6,0.27624309392265195,0.19889502762430938,2.2099447513812156
CXXC1,0.292817679558011,0.292817679558011,2.149171270718232
CXXC5,0.3314917127071823,0.08839779005524862,2.3701657458563536
CYB5A,0.34806629834254144,0.2430939226519337,2.3535911602209945
CYB5B,0.5193370165745856,0.06629834254143646,2.834254143646409
CYB5R1,0.6629834254143646,0.027624309392265192,3.3093922651933703
CYB5R2,0.4198895027624309,0.08839779005524862,2.6353591160220993
CYB5R3,0.44751381215469616,0.055248618784530384,2.685082872928177
CYBA,0.4861878453038674,0.06629834254143646,2.74585635359116
CYBB,0.16022099447513813,0.44751381215469616,1.839779005524862
CYBRD1,0.6132596685082873,0.016574585635359115,3.1767955801104972
CYC1,0.7734806629834254,0.022099447513812154,3.9281767955801103
CYCS,0.7403314917127072,0.022099447513812154,3.8784530386740332
CYFIP1,0.5303867403314917,0.055248618784530384,2.861878453038674
CYGB,0.6243093922651933,0.022099447513812154,3.0718232044198897
CYLC1,0.2154696132596685,0.3370165745856354,1.988950276243094
CYLC2,0.5966850828729282,0.06077348066298342,2.9502762430939224
CYLD,0.5082872928176796,0.055248618784530384,2.8066298342541436
CYP11A1,0.5027624309392266,0.04419889502762431,2.8011049723756907
CYP11B1,0.7790055248618785,0.022099447513812154,3.9502762430939224
CYP11B2,0.7790055248618785,0.022099447513812154,3.9502762430939224
CYP17A1,0.48066298342541436,0.08839779005524862,2.6022099447513813
CYP19A1,0.47513812154696133,0.04419889502762431,2.751381215469613
CYP1A1,0.5082872928176796,0.04419889502762431,2.8011049723756907
CYP1A2,0.5082872928176796,0.04419889502762431,2.8011049723756907
CYP1B1,0.6574585635359116,0.016574585635359115,3.143646408839779
CYP24A1,0.7624309392265194,0.011049723756906077,4.071823204419889
CYP26A1,0.46408839779005523,0.08287292817679558,2.591160220994475
CYP27A1,0.5248618784530387,0.049723756906077346,2.7955801104972378
CYP2A13,0.5469613259668509,0.04419889502762431,2.8950276243093924
CYP2A6,0.5524861878453039,0.03867403314917127,2.9060773480662982
CYP2A7,0.5524861878453039,0.03867403314917127,2.9060773480662982
CYP2B6,0.5524861878453039,0.03867403314917127,2.9171270718232045
CYP2C18,0.4696132596685083,0.08287292817679558,2.585635359116022
CYP2C19,0.4696132596685083,0.08287292817679558,2.585635359116022
CYP2C8,0.47513812154696133,0.08287292817679558,2.585635359116022
CYP2C9,0.47513812154696133,0.08287292817679558,2.585635359116022
CYP2E1,0.49171270718232046,0.08287292817679558,2.6740331491712706
CYP2J2,0.49171270718232046,0.055248618784530384,2.696132596685083
CYP2S1,0.5469613259668509,0.04419889502762431,2.8950276243093924
CYP3A4,0.6961325966850829,0.03314917127071823,3.994475138121547
CYP3A5,0.7016574585635359,0.027624309392265192,4.05524861878453
CYP4A11,0.5248618784530387,0.027624309392265192,2.707182320441989
CYP4A22,0.5248618784530387,0.027624309392265192,2.707182320441989
CYP4F2,0.4972375690607735,0.03314917127071823,2.8784530386740332
CYP4F22,0.5138121546961326,0.027624309392265192,2.9060773480662982
CYP4F8,0.5138121546961326,0.027624309392265192,2.911602209944751
CYP51A1,0.7403314917127072,0.016574585635359115,4.4088397790055245
CYP7B1,0.7182320441988951,0.0055248618784530384,3.701657458563536
CYP8B1,0.2983425414364641,0.1878453038674033,2.2430939226519335
CYREN,0.49171270718232046,0.08839779005524862,2.81767955801105
CYTH2,0.5580110497237569,0.049723756906077346,2.9281767955801103
CYTH3,0.7403314917127072,0.016574585635359115,3.856353591160221
CYTH4,0.44751381215469616,0.0718232044198895,2.6408839779005526
D2HGDH,0.4972375690607735,0.0718232044198895,2.734806629834254
DAAM1,0.574585635359116,0.049723756906077346,2.861878453038674
DAB2,0.6464088397790055,0.027624309392265192,3.7955801104972378
DAB2IP,0.6022099447513812,0.06077348066298342,2.9337016574585637
DACH1,0.5027624309392266,0.09944751381215469,2.8066298342541436
DACT1,0.574585635359116,0.049723756906077346,2.867403314917127
DAD1,0.5359116022099447,0.049723756906077346,2.867403314917127
DAO,0.580110497237569,0.03867403314917127,2.867403314917127
DAOA,0.5359116022099447,0.08287292817679558,2.8729281767955803
DAP3,0.7016574585635359,0.016574585635359115,3.414364640883978
DAPK1,0.5524861878453039,0.0718232044198895,2.8729281767955803
DAPK2,0.4861878453038674,0.04419889502762431,2.7569060773480665
DAPK3,0.4143646408839779,0.0718232044198895,2.596685082872928
DAPP1,0.32044198895027626,0.12154696132596685,2.3591160220994474
DAXX,0.5911602209944752,0.04419889502762431,2.977900552486188
DAZAP1,0.3701657458563536,0.07734806629834254,2.4972375690607733
DAZL,0.32044198895027626,0.18232044198895028,2.3093922651933703
DBF4,0.7071823204419889,0.022099447513812154,4.0220994475138125
DBF4B,0.6243093922651933,0.03314917127071823,3.0939226519337018
DBH,0.5966850828729282,0.06629834254143646,2.9171270718232045
DBN1,0.39779005524861877,0.06629834254143646,2.569060773480663
DBNL,0.712707182320442,0.022099447513812154,3.7403314917127073
DBP,0.5580110497237569,0.049723756906077346,2.9281767955801103
DBR1,0.7016574585635359,0.03314917127071823,3.718232044198895
DBT,0.5027624309392266,0.0718232044198895,2.6243093922651934
DCAF1,0.2430939226519337,0.2265193370165746,2.116022099447514
DCAF10,0.39226519337016574,0.14917127071823205,2.56353591160221
DCAF11,0.5524861878453039,0.049723756906077346,2.9171270718232045
DCAF12,0.430939226519337,0.13259668508287292,2.696132596685083
DCAF13,0.7679558011049724,0.0055248618784530384,4.016574585635359
DCAF16,0.30939226519337015,0.16574585635359115,2.342541436464088
DCAF17,0.6132596685082873,0.022099447513812154,3.1712707182320443
DCAF4,0.574585635359116,0.055248618784530384,2.834254143646409
DCAF5,0.580110497237569,0.055248618784530384,2.839779005524862
DCAF6,0.7016574585635359,0.016574585635359115,3.453038674033149
DCAF7,0.6685082872928176,0.03314917127071823,3.248618784530387
DCAF8,0.712707182320442,0.016574585635359115,3.5193370165745854
DCC,0.292817679558011,0.30386740331491713,2.138121546961326
DCK,0.3812154696132597,0.09392265193370165,2.546961325966851
DCLRE1A,0.48066298342541436,0.07734806629834254,2.6519337016574585
DCLRE1C,0.5580110497237569,0.06077348066298342,2.9005524861878453
DCN,0.5524861878453039,0.06077348066298342,2.7845303867403315
DCP1A,0.2541436464088398,0.22099447513812154,2.154696132596685
DCP1B,0.6077348066298343,0.06077348066298342,3.270718232044199
DCP2,0.292817679558011,0.11602209944751381,2.314917127071823
DCPS,0.4143646408839779,0.12154696132596685,2.8011049723756907
DCT,0.5138121546961326,0.09392265193370165,2.845303867403315
DCTD,0.3259668508287293,0.15469613259668508,2.403314917127072
DCTN1,0.6574585635359116,0.0055248618784530384,3.1767955801104972
DCTN2,0.580110497237569,0.049723756906077346,2.889502762430939
DCTN3,0.43646408839779005,0.1270718232044199,2.734806629834254
DCTN4,0.36464088397790057,0.08287292817679558,2.403314917127072
DCTN5,0.5193370165745856,0.08287292817679558,2.8066298342541436
DCTN6,0.4696132596685083,0.17679558011049723,2.7403314917127073
DCTPP1,0.5580110497237569,0.06629834254143646,2.9226519337016574
DCUN1D1,0.7679558011049724,0.027624309392265192,4.486187845303867
DCUN1D3,0.5138121546961326,0.09392265193370165,2.7955801104972378
DCXR,0.5911602209944752,0.03867403314917127,2.9668508287292816
DDAH2,0.6022099447513812,0.04419889502762431,3.0
DDB1,0.580110497237569,0.04419889502762431,3.0110497237569063
DDB2,0.5193370165745856,0.06077348066298342,2.8784530386740332
DDC,0.6961325966850829,0.027624309392265192,3.696132596685083
DDHD1,0.5966850828729282,0.03867403314917127,2.9668508287292816
DDHD2,0.569060773480663,0.11049723756906077,3.3535911602209945
DDIT3,0.580110497237569,0.049723756906077346,2.889502762430939
DDIT4,0.5082872928176796,0.06077348066298342,2.74585635359116
DDIT4L,0.32044198895027626,0.12154696132596685,2.3591160220994474
DDN,0.569060773480663,0.049723756906077346,2.834254143646409
DDO,0.49171270718232046,0.06077348066298342,2.7624309392265194
DDOST,0.4585635359116022,0.049723756906077346,2.6519337016574585
DDRGK1,0.6906077348066298,0.06077348066298342,3.458563535911602
DDX1,0.6519337016574586,0.049723756906077346,3.0939226519337018
DDX11,0.6298342541436464,0.04419889502762431,3.4861878453038675
DDX17,0.4530386740331492,0.06629834254143646,2.6464088397790055
DDX18,0.6464088397790055,0.027624309392265192,3.3646408839779007
DDX19A,0.5193370165745856,0.06077348066298342,2.8287292817679557
DDX19B,0.5193370165745856,0.06077348066298342,2.8287292817679557
DDX20,0.5027624309392266,0.09392265193370165,2.6187845303867405
DDX21,0.4972375690607735,0.06629834254143646,2.734806629834254
DDX23,0.56353591160221,0.055248618784530384,2.8232044198895028
DDX24,0.5414364640883977,0.0718232044198895,2.8121546961325965
DDX25,0.4143646408839779,0.13259668508287292,2.8784530386740332
DDX28,0.5248618784530387,0.06629834254143646,2.9005524861878453
DDX31,0.5966850828729282,0.06629834254143646,2.9171270718232045
DDX39A,0.5027624309392266,0.04419889502762431,2.8011049723756907
DDX39B,0.6022099447513812,0.04419889502762431,3.0
DDX3X,0.14917127071823205,0.4696132596685083,1.7734806629834254
DDX4,0.2596685082872928,0.13812154696132597,2.2596685082872927
DDX41,0.39779005524861877,0.06629834254143646,2.569060773480663
DDX42,0.6629834254143646,0.03867403314917127,3.2375690607734806
DDX46,0.30939226519337015,0.09392265193370165,2.320441988950276
DDX47,0.6077348066298343,0.0718232044198895,3.1988950276243093
DDX5,0.6629834254143646,0.03314917127071823,3.226519337016575
DDX50,0.4972375690607735,0.06629834254143646,2.734806629834254
DDX51,0.569060773480663,0.055248618784530384,2.856353591160221
DDX52,0.6298342541436464,0.04419889502762431,3.0552486187845305
DDX54,0.56353591160221,0.03867403314917127,2.8729281767955803
DDX56,0.712707182320442,0.022099447513812154,3.7403314917127073
DDX6,0.4088397790055249,0.11049723756906077,2.585635359116022
DECR1,0.7513812154696132,0.0055248618784530384,3.8121546961325965
DECR2,0.48066298342541436,0.11602209944751381,2.6685082872928176
DEF6,0.6022099447513812,0.049723756906077346,2.983425414364641
DEFA1,0.46408839779005523,0.15469613259668508,2.845303867403315
DEFA1B,0.46408839779005523,0.15469613259668508,2.845303867403315
DEFA3,0.46408839779005523,0.15469613259668508,2.845303867403315
DEFA5,0.46408839779005523,0.15469613259668508,2.861878453038674
DEFA6,0.46408839779005523,0.15469613259668508,2.883977900552486
DEFB1,0.46408839779005523,0.15469613259668508,2.883977900552486
DEFB104A,0.46408839779005523,0.15469613259668508,2.8784530386740332
DEFB104B,0.46408839779005523,0.15469613259668508,2.8784530386740332
DEFB121,0.7569060773480663,0.0055248618784530384,3.9171270718232045
DEFB4A,0.46408839779005523,0.15469613259668508,2.8784530386740332
DEFB4B,0.46408839779005523,0.15469613259668508,2.8784530386740332
DEGS1,0.6685082872928176,0.022099447513812154,3.3922651933701657
DENND1A,0.5911602209944752,0.06077348066298342,2.9060773480662982
DENND1B,0.6519337016574586,0.03314917127071823,3.287292817679558
DENND1C,0.4198895027624309,0.07734806629834254,2.56353591160221
DENND4A,0.49171270718232046,0.04419889502762431,2.7679558011049723
DENND4C,0.32044198895027626,0.1878453038674033,2.3701657458563536
DENND5A,0.4198895027624309,0.08287292817679558,2.6464088397790055
DEPDC1,0.4861878453038674,0.055248618784530384,2.6077348066298343
DEPDC1B,0.24861878453038674,0.14917127071823205,2.226519337016575
DEPP1,0.56353591160221,0.03867403314917127,2.972375690607735
DEPTOR,0.7845303867403315,0.011049723756906077,4.281767955801105
DERL1,0.8011049723756906,0.0055248618784530384,4.447513812154696
DERL2,0.39226519337016574,0.09392265193370165,2.541436464088398
DERL3,0.47513812154696133,0.0718232044198895,2.685082872928177
DES,0.5248618784530387,0.055248618784530384,2.8011049723756907
DET1,0.5414364640883977,0.022099447513812154,2.9889502762430937
DFFA,0.5082872928176796,0.06629834254143646,2.8066298342541436
DFFB,0.5359116022099447,0.055248618784530384,2.7900552486187844
DGAT1,0.7679558011049724,0.022099447513812154,3.9226519337016574
DGAT2,0.5248618784530387,0.06077348066298342,3.1878453038674035
DGCR8,0.4696132596685083,0.0718232044198895,2.707182320441989
DGKB,0.7348066298342542,0.027624309392265192,3.8729281767955803
DGKQ,0.34806629834254144,0.16574585635359115,2.4696132596685083
DGLUCY,0.5414364640883977,0.0718232044198895,2.834254143646409
DGUOK,0.6574585635359116,0.0055248618784530384,3.1933701657458564
DHCR24,0.4972375690607735,0.03867403314917127,2.6629834254143647
DHCR7,0.6408839779005525,0.027624309392265192,4.8121546961325965
DHFR2,0.6464088397790055,0.04419889502762431,3.447513812154696
DHODH,0.5138121546961326,0.06629834254143646,2.7845303867403315
DHPS,0.49171270718232046,0.04419889502762431,2.7679558011049723
DHRS1,0.5524861878453039,0.049723756906077346,2.9171270718232045
DHRS3,0.5138121546961326,0.055248618784530384,2.7569060773480665
DHRS4,0.5524861878453039,0.049723756906077346,2.9171270718232045
DHRS7B,0.35911602209944754,0.13259668508287292,2.4861878453038675
DHRS9,0.5966850828729282,0.022099447513812154,3.0773480662983426
DHTKD1,0.5524861878453039,0.06077348066298342,2.9502762430939224
DHX15,0.3259668508287293,0.15469613259668508,2.403314917127072
DHX16,0.6022099447513812,0.03867403314917127,3.0331491712707184
DHX32,0.5082872928176796,0.0718232044198895,2.7624309392265194
DHX33,0.39226519337016574,0.09392265193370165,2.541436464088398
DHX35,0.7403314917127072,0.0,3.9447513812154695
DHX36,0.7403314917127072,0.027624309392265192,4.149171270718232
DHX38,0.5138121546961326,0.055248618784530384,2.7955801104972378
DHX58,0.6298342541436464,0.04419889502762431,3.132596685082873
DHX8,0.6353591160220995,0.027624309392265192,3.2154696132596685
DHX9,0.6850828729281768,0.022099447513812154,3.3756906077348066
DIAPH2,0.20441988950276244,0.3149171270718232,1.9944751381215469
DICER1,0.5469613259668509,0.0718232044198895,2.8121546961325965
DIDO1,0.7458563535911602,0.011049723756906077,3.9337016574585637
DIMT1,0.23756906077348067,0.143646408839779,2.2209944751381214
DIO2,0.580110497237569,0.0718232044198895,2.861878453038674
DIO3,0.5524861878453039,0.06077348066298342,2.8287292817679557
DIS3,0.4972375690607735,0.09944751381215469,2.7955801104972378
DIS3L,0.49171270718232046,0.04419889502762431,2.7679558011049723
DISC1,0.6740331491712708,0.016574585635359115,3.4419889502762433
DISP1,0.6740331491712708,0.022099447513812154,3.414364640883978
DISP3,0.5138121546961326,0.055248618784530384,2.861878453038674
DKC1,0.2596685082872928,0.287292817679558,2.116022099447514
DKK1,0.5193370165745856,0.055248618784530384,2.850828729281768
DLAT,0.4143646408839779,0.12154696132596685,2.569060773480663
DLC1,0.46408839779005523,0.15469613259668508,3.265193370165746
DLD,0.6464088397790055,0.04419889502762431,3.5580110497237567
DLG1,0.7734806629834254,0.03867403314917127,4.287292817679558
DLG2,0.5082872928176796,0.08287292817679558,2.850828729281768
DLG3,0.2154696132596685,0.3259668508287293,1.9944751381215469
DLG4,0.3812154696132597,0.09392265193370165,2.5303867403314917
DLGAP2,0.44751381215469616,0.16022099447513813,2.718232044198895
DLGAP3,0.5138121546961326,0.03867403314917127,2.718232044198895
DLGAP4,0.7458563535911602,0.0,4.0220994475138125
DLGAP5,0.585635359116022,0.04419889502762431,2.9171270718232045
DLK1,0.5580110497237569,0.055248618784530384,2.845303867403315
DLL1,0.5524861878453039,0.055248618784530384,2.8784530386740332
DLL4,0.4530386740331492,0.06629834254143646,2.707182320441989
DLST,0.585635359116022,0.055248618784530384,2.8729281767955803
DLX1,0.6187845303867403,0.011049723756906077,3.226519337016575
DLX3,0.6353591160220995,0.027624309392265192,3.143646408839779
DLX6,0.7016574585635359,0.022099447513812154,4.1878453038674035
DMAC2L,0.6022099447513812,0.055248618784530384,2.9668508287292816
DMAP1,0.5359116022099447,0.027624309392265192,2.7900552486187844
DMBT1,0.5027624309392266,0.06629834254143646,2.773480662983425
DMC1,0.4530386740331492,0.06629834254143646,2.6464088397790055
DMD,0.16022099447513813,0.4530386740331492,1.8011049723756907
DMGDH,0.2596685082872928,0.143646408839779,2.2320441988950277
DMP1,0.3425414364640884,0.11602209944751381,2.430939226519337
DMPK,0.569060773480663,0.04419889502762431,2.9613259668508287
DMTN,0.430939226519337,0.16022099447513813,2.6187845303867405
DMXL2,0.4696132596685083,0.049723756906077346,2.734806629834254
DNA2,0.4972375690607735,0.06077348066298342,2.74585635359116
DNAAF1,0.49171270718232046,0.06629834254143646,2.729281767955801
DNAAF2,0.5911602209944752,0.03867403314917127,2.9668508287292816
DNAAF4,0.4861878453038674,0.049723756906077346,2.7624309392265194
DNAH1,0.2430939226519337,0.2265193370165746,2.116022099447514
DNAH10,0.56353591160221,0.04419889502762431,2.861878453038674
DNAH11,0.7403314917127072,0.016574585635359115,3.856353591160221
DNAH12,0.24861878453038674,0.2265193370165746,2.1215469613259668
DNAH14,0.6740331491712708,0.022099447513812154,3.430939226519337
DNAH17,0.6187845303867403,0.027624309392265192,3.027624309392265
DNAH2,0.3812154696132597,0.09392265193370165,2.5359116022099446
DNAH3,0.5138121546961326,0.09392265193370165,2.7955801104972378
DNAH6,0.6685082872928176,0.0055248618784530384,3.1767955801104972
DNAH7,0.6022099447513812,0.011049723756906077,3.0386740331491713
DNAH8,0.6132596685082873,0.04419889502762431,3.0994475138121547
DNAH9,0.35911602209944754,0.11049723756906077,2.4806629834254146
DNAI1,0.43646408839779005,0.1270718232044199,2.734806629834254
DNAI2,0.6464088397790055,0.022099447513812154,3.160220994475138
DNAJA1,0.4143646408839779,0.13812154696132597,2.6685082872928176
DNAJA2,0.5303867403314917,0.055248618784530384,2.839779005524862
DNAJA3,0.49171270718232046,0.08839779005524862,2.707182320441989
DNAJA4,0.5138121546961326,0.03314917127071823,2.8121546961325965
DNAJB1,0.49171270718232046,0.04419889502762431,2.773480662983425
DNAJB11,0.7679558011049724,0.027624309392265192,4.30939226519337
DNAJB12,0.5082872928176796,0.06077348066298342,2.74585635359116
DNAJB2,0.5248618784530387,0.055248618784530384,2.8011049723756907
DNAJB4,0.48066298342541436,0.055248618784530384,2.6187845303867405
DNAJB5,0.425414364640884,0.1270718232044199,2.718232044198895
DNAJB6,0.47513812154696133,0.13812154696132597,2.8121546961325965
DNAJB9,0.6298342541436464,0.049723756906077346,3.4861878453038675
DNAJC1,0.574585635359116,0.06077348066298342,2.9226519337016574
DNAJC10,0.5911602209944752,0.011049723756906077,3.0662983425414363
DNAJC11,0.5193370165745856,0.06077348066298342,2.7624309392265194
DNAJC15,0.4861878453038674,0.10497237569060773,2.81767955801105
DNAJC19,0.7790055248618785,0.03314917127071823,4.464088397790055
DNAJC2,0.6906077348066298,0.03314917127071823,3.8729281767955803
DNAJC3,0.5082872928176796,0.08839779005524862,2.8287292817679557
DNAJC4,0.574585635359116,0.04419889502762431,2.9441340782122905
DNAJC5,0.7513812154696132,0.011049723756906077,3.9447513812154695
DNAJC6,0.49171270718232046,0.055248618784530384,2.613259668508287
DNAJC7,0.6298342541436464,0.04419889502762431,3.2596685082872927
DNAJC8,0.4585635359116022,0.06629834254143646,2.585635359116022
DNAL4,0.4530386740331492,0.06629834254143646,2.6408839779005526
DNALI1,0.5303867403314917,0.03314917127071823,2.8121546961325965
DNASE1L1,0.2541436464088398,0.287292817679558,2.0994475138121547
DNASE2,0.49171270718232046,0.04419889502762431,2.7569060773480665
DND1,0.3370165745856354,0.08287292817679558,2.3812154696132595
DNER,0.5303867403314917,0.055248618784530384,2.7790055248618786
DNLZ,0.6077348066298343,0.06077348066298342,2.9613259668508287
DNM1,0.6132596685082873,0.06629834254143646,2.9281767955801103
DNM1L,0.6353591160220995,0.04419889502762431,3.3535911602209945
DNM2,0.48066298342541436,0.04419889502762431,2.712707182320442
DNM3,0.6961325966850829,0.022099447513812154,3.4640883977900554
DNMBP,0.47513812154696133,0.08287292817679558,2.5801104972375692
DNMT1,0.47513812154696133,0.055248618784530384,2.696132596685083
DNMT3A,0.6685082872928176,0.03314917127071823,3.138121546961326
DNMT3B,0.7679558011049724,0.0,3.9337016574585637
DNMT3L,0.30939226519337015,0.143646408839779,2.314917127071823
DNTT,0.4696132596685083,0.07734806629834254,2.6077348066298343
DNTTIP1,0.7458563535911602,0.0055248618784530384,3.9613259668508287
DNTTIP2,0.49171270718232046,0.06629834254143646,2.596685082872928
DOC2A,0.5524861878453039,0.0718232044198895,2.9060773480662982
DOC2B,0.3812154696132597,0.10497237569060773,2.5248618784530388
DOCK1,0.5082872928176796,0.0718232044198895,2.718232044198895
DOCK11,0.23204419889502761,0.30939226519337015,2.016574585635359
DOCK3,0.2430939226519337,0.23204419889502761,2.1049723756906076
DOCK4,0.580110497237569,0.0718232044198895,3.3259668508287294
DOCK5,0.4419889502762431,0.16574585635359115,2.6298342541436464
DOCK6,0.48066298342541436,0.04419889502762431,2.7624309392265194
DOCK7,0.5027624309392266,0.04419889502762431,2.712707182320442
DOCK8,0.3259668508287293,0.20994475138121546,2.3812154696132595
DOK1,0.6574585635359116,0.0055248618784530384,3.1767955801104972
DOK2,0.430939226519337,0.16022099447513813,2.613259668508287
DOK7,0.3314917127071823,0.16574585635359115,2.3756906077348066
DOLK,0.6022099447513812,0.0718232044198895,2.911602209944751
DOLPP1,0.6022099447513812,0.0718232044198895,2.911602209944751
DOP1A,0.5138121546961326,0.06629834254143646,2.7569060773480665
DOP1B,0.3149171270718232,0.12154696132596685,2.320441988950276
DOT1L,0.3812154696132597,0.07734806629834254,2.5138121546961325
DPAGT1,0.4088397790055249,0.11049723756906077,2.56353591160221
DPEP1,0.49171270718232046,0.0718232044198895,2.7955801104972378
DPEP2,0.5248618784530387,0.06629834254143646,2.9005524861878453
DPF1,0.56353591160221,0.03314917127071823,3.110497237569061
DPF2,0.5966850828729282,0.03867403314917127,3.005524861878453
DPH1,0.39226519337016574,0.09944751381215469,2.5359116022099446
DPH2,0.5303867403314917,0.03314917127071823,2.7790055248618786
DPH3,0.32044198895027626,0.18232044198895028,2.3093922651933703
DPM1,0.7734806629834254,0.011049723756906077,4.016574585635359
DPM2,0.6132596685082873,0.06629834254143646,2.9281767955801103
DPM3,0.7071823204419889,0.011049723756906077,3.425414364640884
DPP4,0.6022099447513812,0.027624309392265192,3.0497237569060776
DPP6,0.4696132596685083,0.13812154696132597,2.8011049723756907
DPP7,0.6132596685082873,0.055248618784530384,3.005524861878453
DPP8,0.4861878453038674,0.04419889502762431,2.7569060773480665
DPP9,0.4198895027624309,0.07734806629834254,2.591160220994475
DPPA4,0.6464088397790055,0.04419889502762431,3.4696132596685083
DPT,0.6961325966850829,0.016574585635359115,3.4640883977900554
DPY30,0.6519337016574586,0.027624309392265192,3.1270718232044197
DPYD,0.5027624309392266,0.06077348066298342,2.6408839779005526
DPYS,0.7679558011049724,0.0055248618784530384,3.9502762430939224
DPYSL2,0.43646408839779005,0.17679558011049723,2.596685082872928
DPYSL3,0.3425414364640884,0.09392265193370165,2.3756906077348066
DPYSL4,0.49171270718232046,0.07734806629834254,2.685082872928177
DPYSL5,0.6685082872928176,0.03314917127071823,3.149171270718232
DR1,0.4861878453038674,0.06077348066298342,2.591160220994475
DRAP1,0.6132596685082873,0.027624309392265192,3.088397790055249
DRAXIN,0.5193370165745856,0.055248618784530384,2.867403314917127
DRD1,0.3756906077348066,0.06629834254143646,2.546961325966851
DRD2,0.4088397790055249,0.12154696132596685,2.552486187845304
DRD3,0.6519337016574586,0.04419889502762431,3.4640883977900554
DRD4,0.39226519337016574,0.09392265193370165,2.591160220994475
DRD5,0.3370165745856354,0.15469613259668508,2.4419889502762433
DRG1,0.4530386740331492,0.06629834254143646,2.6685082872928176
DRG2,0.36464088397790057,0.1270718232044199,2.5193370165745854
DROSHA,0.6353591160220995,0.027624309392265192,3.712707182320442
DSC1,0.40331491712707185,0.2154696132596685,2.6243093922651934
DSC2,0.40331491712707185,0.2154696132596685,2.6243093922651934
DSC3,0.40331491712707185,0.20994475138121546,2.6298342541436464
DSCAM,0.281767955801105,0.14917127071823205,2.25414364640884
DSCC1,0.7845303867403315,0.011049723756906077,4.281767955801105
DSE,0.49171270718232046,0.06077348066298342,2.8011049723756907
DSG1,0.40331491712707185,0.2154696132596685,2.613259668508287
DSG2,0.40331491712707185,0.2154696132596685,2.552486187845304
DSG3,0.40331491712707185,0.2154696132596685,2.552486187845304
DSG4,0.40331491712707185,0.2154696132596685,2.6022099447513813
DSN1,0.7458563535911602,0.0,4.0220994475138125
DSP,0.4972375690607735,0.1270718232044199,2.6740331491712706
DST,0.6298342541436464,0.03867403314917127,3.1215469613259668
DSTN,0.6850828729281768,0.049723756906077346,3.4861878453038675
DTL,0.6795580110497238,0.027624309392265192,3.3480662983425415
DTNA,0.3701657458563536,0.2265193370165746,2.4806629834254146
DTNB,0.6685082872928176,0.03314917127071823,3.138121546961326
DTNBP1,0.5027624309392266,0.09944751381215469,2.734806629834254
DTX1,0.56353591160221,0.03867403314917127,2.8729281767955803
DTX2,0.6574585635359116,0.027624309392265192,3.386740331491713
DTX3L,0.6629834254143646,0.04419889502762431,3.4640883977900554
DTX4,0.569060773480663,0.04419889502762431,2.9447513812154695
DTYMK,0.5027624309392266,0.06629834254143646,2.751381215469613
DUOX1,0.4696132596685083,0.049723756906077346,2.734806629834254
DUOX2,0.4696132596685083,0.049723756906077346,2.734806629834254
DUOXA1,0.4696132596685083,0.049723756906077346,2.734806629834254
DUSP1,0.3756906077348066,0.0718232044198895,2.4751381215469612
DUSP10,0.6740331491712708,0.022099447513812154,3.4198895027624308
DUSP12,0.6906077348066298,0.016574585635359115,3.5193370165745854
DUSP16,0.6187845303867403,0.06077348066298342,3.226519337016575
DUSP19,0.5966850828729282,0.011049723756906077,3.0994475138121547
DUSP2,0.6850828729281768,0.0055248618784530384,3.2044198895027622
DUSP3,0.6298342541436464,0.03314917127071823,3.0828729281767955
DUSP4,0.4585635359116022,0.17679558011049723,2.7403314917127073
DUSP5,0.48066298342541436,0.08287292817679558,2.613259668508287
DUSP6,0.5524861878453039,0.06077348066298342,2.7900552486187844
DUSP7,0.2430939226519337,0.2265193370165746,2.116022099447514
DUSP8,0.40331491712707185,0.09944751381215469,2.613259668508287
DUSP9,0.2596685082872928,0.281767955801105,2.110497237569061
DUT,0.4696132596685083,0.049723756906077346,2.729281767955801
DVL1,0.5303867403314917,0.049723756906077346,2.845303867403315
DVL2,0.3812154696132597,0.09392265193370165,2.5303867403314917
DVL3,0.7624309392265194,0.027624309392265192,4.298342541436464
DYM,0.32044198895027626,0.27071823204419887,2.342541436464088
DYNC1H1,0.5524861878453039,0.06077348066298342,2.834254143646409
DYNC1I1,0.7182320441988951,0.016574585635359115,4.265193370165746
DYNC1I2,0.6132596685082873,0.016574585635359115,3.1767955801104972
DYNC1LI1,0.3259668508287293,0.1878453038674033,2.3480662983425415
DYNC1LI2,0.5193370165745856,0.06077348066298342,2.867403314917127
DYNC2LI1,0.6574585635359116,0.016574585635359115,3.138121546961326
DYNLL1,0.569060773480663,0.03867403314917127,2.867403314917127
DYNLL2,0.6077348066298343,0.03867403314917127,3.016574585635359
DYNLRB1,0.7458563535911602,0.0055248618784530384,3.911602209944751
DYNLRB2,0.4972375690607735,0.06629834254143646,2.734806629834254
DYNLT1,0.5303867403314917,0.06077348066298342,2.8287292817679557
DYNLT3,0.16022099447513813,0.44751381215469616,1.839779005524862
DYRK1A,0.30386740331491713,0.143646408839779,2.281767955801105
DYRK1B,0.5580110497237569,0.03314917127071823,2.9889502762430937
DYRK2,0.5911602209944752,0.027624309392265192,3.386740331491713
DYRK4,0.6077348066298343,0.06077348066298342,3.276243093922652
DYSF,0.6685082872928176,0.0055248618784530384,3.226519337016575
DZIP1,0.5082872928176796,0.08839779005524862,2.8287292817679557
DZIP3,0.6408839779005525,0.04419889502762431,3.4640883977900554
E2F1,0.7624309392265194,0.0055248618784530384,3.9337016574585637
E2F2,0.4530386740331492,0.049723756906077346,2.657458563535912
E2F3,0.5193370165745856,0.0718232044198895,2.9447513812154695
E2F4,0.5248618784530387,0.06077348066298342,2.861878453038674
E2F5,0.7403314917127072,0.0,3.7955801104972378
E2F6,0.6353591160220995,0.04419889502762431,3.0828729281767955
E2F7,0.5082872928176796,0.049723756906077346,2.7403314917127073
E2F8,0.4696132596685083,0.0718232044198895,2.7624309392265194
E4F1,0.49171270718232046,0.10497237569060773,2.6906077348066297
EAF1,0.3259668508287293,0.18232044198895028,2.342541436464088
EAF2,0.6629834254143646,0.04419889502762431,3.458563535911602
EAPP,0.56353591160221,0.049723756906077346,3.0110497237569063
EARS2,0.5193370165745856,0.08287292817679558,2.8066298342541436
EBAG9,0.7734806629834254,0.0055248618784530384,4.088397790055248
EBF1,0.3756906077348066,0.07734806629834254,2.4419889502762433
EBI3,0.4143646408839779,0.0718232044198895,2.6022099447513813
EBNA1BP2,0.5414364640883977,0.027624309392265192,2.8066298342541436
EBP,0.143646408839779,0.4530386740331492,1.7569060773480663
ECD,0.5027624309392266,0.06629834254143646,2.74585635359116
ECE1,0.4530386740331492,0.055248618784530384,2.6187845303867405
ECH1,0.56353591160221,0.03314917127071823,2.955801104972376
ECHDC1,0.5303867403314917,0.055248618784530384,2.9005524861878453
ECHDC2,0.5138121546961326,0.03867403314917127,2.685082872928177
ECHS1,0.49171270718232046,0.07734806629834254,2.679558011049724
ECI1,0.49171270718232046,0.10497237569060773,2.6906077348066297
ECI2,0.4861878453038674,0.12154696132596685,2.6685082872928176
ECM1,0.7071823204419889,0.0055248618784530384,3.4806629834254146
ECPAS,0.5911602209944752,0.06077348066298342,2.9171270718232045
ECSIT,0.4696132596685083,0.04419889502762431,2.701657458563536
ECT2,0.7900552486187845,0.022099447513812154,4.49171270718232
EDA,0.22099447513812154,0.3259668508287293,2.0110497237569063
EDA2R,0.22099447513812154,0.3370165745856354,1.9944751381215469
EDAR,0.6685082872928176,0.016574585635359115,3.2430939226519335
EDARADD,0.6685082872928176,0.016574585635359115,3.453038674033149
EDC3,0.5082872928176796,0.04419889502762431,2.8011049723756907
EDC4,0.5248618784530387,0.06629834254143646,2.9005524861878453
EDEM1,0.30386740331491713,0.19889502762430938,2.265193370165746
EDEM3,0.6795580110497238,0.027624309392265192,3.3646408839779007
EDF1,0.6132596685082873,0.055248618784530384,3.0
EDIL3,0.2541436464088398,0.13812154696132597,2.2209944751381214
EDN1,0.5027624309392266,0.10497237569060773,2.7790055248618786
EDN2,0.5303867403314917,0.027624309392265192,3.1878453038674035
EDN3,0.7513812154696132,0.011049723756906077,3.994475138121547
EDNRA,0.35911602209944754,0.09944751381215469,2.591160220994475
EDNRB,0.5027624309392266,0.08839779005524862,2.8066298342541436
EEA1,0.5524861878453039,0.06077348066298342,2.773480662983425
EED,0.5027624309392266,0.08287292817679558,2.8729281767955803
EEF1A1,0.5359116022099447,0.06077348066298342,2.8287292817679557
EEF1A2,0.7513812154696132,0.011049723756906077,3.955801104972376
EEF1B2,0.5580110497237569,0.049723756906077346,2.9337016574585637
EEF1D,0.7790055248618785,0.022099447513812154,3.955801104972376
EEF1E1,0.4972375690607735,0.1270718232044199,2.6740331491712706
EEF1G,0.574585635359116,0.04419889502762431,2.972375690607735
EEF2,0.4143646408839779,0.0718232044198895,2.596685082872928
EEF2K,0.5138121546961326,0.08839779005524862,2.7955801104972378
EEFSEC,0.6629834254143646,0.03867403314917127,3.5303867403314917
EFEMP1,0.6795580110497238,0.011049723756906077,3.2099447513812156
EFEMP2,0.6132596685082873,0.027624309392265192,3.088397790055249
EFHC1,0.6187845303867403,0.03867403314917127,3.1988950276243093
EFHD2,0.5138121546961326,0.049723756906077346,2.723756906077348
EFNA1,0.7071823204419889,0.011049723756906077,3.425414364640884
EFNA2,0.3701657458563536,0.08287292817679558,2.4917127071823204
EFNA3,0.7071823204419889,0.011049723756906077,3.425414364640884
EFNA4,0.7071823204419889,0.011049723756906077,3.425414364640884
EFNA5,0.281767955801105,0.12154696132596685,2.292817679558011
EFNB1,0.2154696132596685,0.3259668508287293,2.0497237569060776
EFNB3,0.3812154696132597,0.09392265193370165,2.5359116022099446
EFTUD2,0.6243093922651933,0.03314917127071823,3.0939226519337018
EGF,0.3370165745856354,0.10497237569060773,2.3977900552486187
EGFR,0.7403314917127072,0.011049723756906077,5.298342541436464
EGLN1,0.6795580110497238,0.016574585635359115,3.5027624309392267
EGLN2,0.5524861878453039,0.03867403314917127,2.9060773480662982
EGLN3,0.56353591160221,0.049723756906077346,3.0110497237569063
EGR1,0.32044198895027626,0.08839779005524862,2.3591160220994474
EGR2,0.5138121546961326,0.049723756906077346,2.8121546961325965
EGR4,0.6574585635359116,0.0055248618784530384,3.1933701657458564
EHBP1,0.6740331491712708,0.0055248618784530384,3.248618784530387
EHD1,0.585635359116022,0.03314917127071823,2.983425414364641
EHD2,0.5580110497237569,0.04419889502762431,2.9281767955801103
EHD3,0.6519337016574586,0.027624309392265192,3.1215469613259668
EHD4,0.4585635359116022,0.055248618784530384,2.723756906077348
EHHADH,0.7679558011049724,0.027624309392265192,4.276243093922652
EHMT1,0.6077348066298343,0.055248618784530384,3.0
EHMT2,0.5966850828729282,0.04419889502762431,2.9889502762430937
EID3,0.56353591160221,0.049723756906077346,2.8011049723756907
EIF1,0.6408839779005525,0.03314917127071823,4.530386740331492
EIF1AX,0.17679558011049723,0.4530386740331492,1.8176795580110496
EIF2A,0.7403314917127072,0.027624309392265192,4.104972375690608
EIF2AK1,0.7403314917127072,0.016574585635359115,3.856353591160221
EIF2AK2,0.6519337016574586,0.022099447513812154,3.1270718232044197
EIF2AK3,0.6629834254143646,0.011049723756906077,3.1712707182320443
EIF2AK4,0.4530386740331492,0.06077348066298342,2.707182320441989
EIF2B1,0.56353591160221,0.04419889502762431,2.861878453038674
EIF2B2,0.585635359116022,0.055248618784530384,2.8729281767955803
EIF2B3,0.5359116022099447,0.027624309392265192,2.7624309392265194
EIF2B4,0.6629834254143646,0.03314917127071823,3.1270718232044197
EIF2D,0.6629834254143646,0.027624309392265192,3.3535911602209945
EIF2S1,0.585635359116022,0.055248618784530384,2.8950276243093924
EIF2S2,0.7624309392265194,0.0055248618784530384,3.9392265193370166
EIF2S3,0.17679558011049723,0.44751381215469616,1.8176795580110496
EIF3A,0.49171270718232046,0.06629834254143646,2.679558011049724
EIF3B,0.7348066298342542,0.022099447513812154,3.861878453038674
EIF3C,0.5359116022099447,0.0718232044198895,2.883977900552486
EIF3D,0.4419889502762431,0.08287292817679558,2.6408839779005526
EIF3E,0.7734806629834254,0.0055248618784530384,4.066298342541437
EIF3F,0.4198895027624309,0.08839779005524862,2.6353591160220993
EIF3G,0.4696132596685083,0.055248618784530384,2.6685082872928176
EIF3H,0.7790055248618785,0.011049723756906077,4.138121546961326
EIF3I,0.4861878453038674,0.049723756906077346,2.679558011049724
EIF3J,0.46408839779005523,0.049723756906077346,2.723756906077348
EIF3K,0.56353591160221,0.03314917127071823,3.044198895027624
EIF3L,0.4530386740331492,0.06629834254143646,2.657458563535912
EIF3M,0.5248618784530387,0.06077348066298342,3.044198895027624
EIF4A1,0.3812154696132597,0.09392265193370165,2.5359116022099446
EIF4A2,0.7679558011049724,0.027624309392265192,4.303867403314917
EIF4B,0.569060773480663,0.049723756906077346,2.8232044198895028
EIF4E,0.30939226519337015,0.13259668508287292,2.3314917127071824
EIF4E1B,0.3812154696132597,0.06629834254143646,2.5248618784530388
EIF4E2,0.5138121546961326,0.06077348066298342,2.74585635359116
EIF4E3,0.26519337016574585,0.22099447513812154,2.2099447513812156
EIF4EBP1,0.574585635359116,0.11049723756906077,3.3591160220994474
EIF4EBP3,0.3370165745856354,0.08287292817679558,2.408839779005525
EIF4ENIF1,0.4530386740331492,0.06629834254143646,2.6685082872928176
EIF4G1,0.7624309392265194,0.027624309392265192,4.298342541436464
EIF4G2,0.430939226519337,0.08287292817679558,2.679558011049724
EIF4G3,0.4530386740331492,0.055248618784530384,2.6298342541436464
EIF4H,0.6574585635359116,0.03314917127071823,3.430939226519337
EIF5,0.5580110497237569,0.06629834254143646,2.856353591160221
EIF5A,0.3812154696132597,0.09392265193370165,2.5303867403314917
EIF5A2,0.7900552486187845,0.022099447513812154,4.662983425414365
EIF5AL1,0.4861878453038674,0.06629834254143646,2.718232044198895
EIF5B,0.6629834254143646,0.011049723756906077,3.248618784530387
EIF6,0.7403314917127072,0.0055248618784530384,4.005524861878453
ELAC2,0.34806629834254144,0.11602209944751381,2.4751381215469612
ELANE,0.3867403314917127,0.07734806629834254,2.5055555555555555
ELAVL1,0.40331491712707185,0.0718232044198895,2.546961325966851
ELF1,0.49171270718232046,0.09392265193370165,2.977900552486188
ELF2,0.35911602209944754,0.09392265193370165,2.5303867403314917
ELF3,0.6740331491712708,0.03314917127071823,3.314917127071823
ELK4,0.6629834254143646,0.027624309392265192,3.3093922651933703
ELL,0.4972375690607735,0.03314917127071823,2.8121546961325965
ELL2,0.27624309392265195,0.12154696132596685,2.298342541436464
ELL3,0.46408839779005523,0.055248618784530384,2.7403314917127073
ELMO1,0.7182320441988951,0.022099447513812154,3.773480662983425
ELMO2,0.7513812154696132,0.0055248618784530384,3.955801104972376
ELMO3,0.5248618784530387,0.06077348066298342,2.861878453038674
ELOA,0.4530386740331492,0.055248618784530384,2.6519337016574585
ELOA2,0.3314917127071823,0.2596685082872928,2.43646408839779
ELOB,0.4972375690607735,0.09944751381215469,2.701657458563536
ELOC,0.7237569060773481,0.0,3.657458563535912
ELOVL1,0.5414364640883977,0.027624309392265192,2.8287292817679557
ELOVL2,0.5027624309392266,0.11049723756906077,2.7569060773480665
ELOVL3,0.4861878453038674,0.08287292817679558,2.6408839779005526
ELOVL4,0.5303867403314917,0.06077348066298342,2.7624309392265194
ELOVL5,0.6022099447513812,0.04419889502762431,3.1878453038674035
ELOVL6,0.3370165745856354,0.10497237569060773,2.3977900552486187
ELOVL7,0.2430939226519337,0.14917127071823205,2.2209944751381214
ELP1,0.585635359116022,0.06077348066298342,2.9171270718232045
ELP2,0.3701657458563536,0.24861878453038674,2.4696132596685083
ELP3,0.43646408839779005,0.18232044198895028,2.685082872928177
ELP4,0.5193370165745856,0.06077348066298342,3.0
ELP5,0.3812154696132597,0.09392265193370165,2.5303867403314917
EMB,0.3370165745856354,0.10497237569060773,2.5248618784530388
EMC1,0.4696132596685083,0.055248618784530384,2.657458563535912
EMC10,0.5580110497237569,0.049723756906077346,2.9447513812154695
EMC2,0.7734806629834254,0.0055248618784530384,4.066298342541437
EMC4,0.48066298342541436,0.04419889502762431,2.7624309392265194
EMC6,0.3867403314917127,0.09392265193370165,2.541436464088398
EMC7,0.48066298342541436,0.04419889502762431,2.7624309392265194
EMC8,0.4861878453038674,0.06629834254143646,2.701657458563536
EMD,0.2541436464088398,0.287292817679558,2.0994475138121547
EME1,0.6353591160220995,0.03314917127071823,3.132596685082873
EME2,0.49171270718232046,0.09944751381215469,2.6906077348066297
EMG1,0.6077348066298343,0.055248618784530384,3.1878453038674035
EML1,0.5524861878453039,0.06077348066298342,2.839779005524862
EML4,0.6574585635359116,0.016574585635359115,3.1712707182320443
EMSY,0.5138121546961326,0.06077348066298342,3.132596685082873
ENAH,0.6740331491712708,0.022099447513812154,3.4419889502762433
ENAM,0.3867403314917127,0.08839779005524862,2.5580110497237567
ENC1,0.2541436464088398,0.14917127071823205,2.2154696132596685
ENDOG,0.6022099447513812,0.0718232044198895,2.911602209944751
ENG,0.6132596685082873,0.06629834254143646,2.9281767955801103
ENGASE,0.6187845303867403,0.027624309392265192,3.022099447513812
ENKUR,0.569060773480663,0.055248618784530384,2.9392265193370166
ENO1,0.5138121546961326,0.06077348066298342,2.712707182320442
ENO2,0.6077348066298343,0.055248618784530384,3.1878453038674035
ENO3,0.3867403314917127,0.09392265193370165,2.5248618784530388
ENPEP,0.3370165745856354,0.10497237569060773,2.408839779005525
ENPP2,0.7845303867403315,0.011049723756906077,4.276243093922652
ENPP3,0.5414364640883977,0.03867403314917127,2.9226519337016574
ENPP6,0.32044198895027626,0.15469613259668508,2.425414364640884
ENPP7,0.6132596685082873,0.027624309392265192,3.005524861878453
ENSA,0.7071823204419889,0.0055248618784530384,3.4806629834254146
ENTPD2,0.6132596685082873,0.055248618784530384,3.005524861878453
ENTPD3,0.2983425414364641,0.1878453038674033,2.298342541436464
ENTPD4,0.44751381215469616,0.16022099447513813,2.6408839779005526
ENTPD5,0.580110497237569,0.055248618784530384,2.861878453038674
ENTPD6,0.6795580110497238,0.04419889502762431,3.56353591160221
ENTPD8,0.6077348066298343,0.055248618784530384,3.005524861878453
ENY2,0.7734806629834254,0.0055248618784530384,4.093922651933702
EOGT,0.26519337016574585,0.22099447513812154,2.1988950276243093
EOMES,0.3149171270718232,0.1878453038674033,2.303867403314917
EP300,0.44751381215469616,0.055248618784530384,2.679558011049724
EPAS1,0.6629834254143646,0.011049723756906077,3.154696132596685
EPB41,0.47513812154696133,0.06077348066298342,2.6353591160220993
EPB41L1,0.7458563535911602,0.0,4.027624309392265
EPB41L2,0.5414364640883977,0.03867403314917127,2.9337016574585637
EPB41L3,0.569060773480663,0.09944751381215469,3.0828729281767955
EPB41L5,0.6464088397790055,0.027624309392265192,3.3591160220994474
EPC1,0.574585635359116,0.03314917127071823,3.044198895027624
EPC2,0.585635359116022,0.027624309392265192,3.0
EPCAM,0.6629834254143646,0.011049723756906077,3.160220994475138
EPGN,0.4088397790055249,0.07734806629834254,2.8287292817679557
EPHA1,0.49171270718232046,0.09944751381215469,2.8121546961325965
EPHA10,0.5359116022099447,0.03314917127071823,2.8287292817679557
EPHA2,0.5082872928176796,0.049723756906077346,2.729281767955801
EPHA3,0.3812154696132597,0.19889502762430938,2.4751381215469612
EPHA4,0.5303867403314917,0.055248618784530384,2.773480662983425
EPHA5,0.4088397790055249,0.08287292817679558,2.613259668508287
EPHA7,0.4861878453038674,0.06629834254143646,2.701657458563536
EPHA8,0.4585635359116022,0.055248618784530384,2.6519337016574585
EPHB1,0.6850828729281768,0.03867403314917127,3.6685082872928176
EPHB2,0.4530386740331492,0.055248618784530384,2.6464088397790055
EPHB3,0.7734806629834254,0.022099447513812154,4.359116022099448
EPHB4,0.6850828729281768,0.03314917127071823,3.9281767955801103
EPHB6,0.4972375690607735,0.09944751381215469,2.8232044198895028
EPHX1,0.6795580110497238,0.022099447513812154,3.453038674033149
EPHX2,0.425414364640884,0.18232044198895028,2.6022099447513813
EPM2A,0.5414364640883977,0.049723756906077346,2.8950276243093924
EPM2AIP1,0.2983425414364641,0.19337016574585636,2.2596685082872927
EPN1,0.574585635359116,0.03867403314917127,3.044198895027624
EPN2,0.35911602209944754,0.12154696132596685,2.5303867403314917
EPN3,0.6243093922651933,0.03314917127071823,3.110497237569061
EPO,0.6906077348066298,0.03314917127071823,3.977900552486188
EPOR,0.4696132596685083,0.04419889502762431,2.729281767955801
EPPK1,0.7734806629834254,0.027624309392265192,3.911602209944751
EPS15,0.5193370165745856,0.03867403314917127,2.679558011049724
EPS15L1,0.5027624309392266,0.027624309392265192,2.834254143646409
EPS8L2,0.39779005524861877,0.09392265193370165,2.6077348066298343
ERAL1,0.6243093922651933,0.03314917127071823,3.1270718232044197
ERBB2,0.6740331491712708,0.027624309392265192,5.966850828729282
ERBB3,0.585635359116022,0.04419889502762431,2.883977900552486
ERBB4,0.5193370165745856,0.06077348066298342,2.7845303867403315
ERBIN,0.23756906077348067,0.15469613259668508,2.1878453038674035
ERC1,0.5966850828729282,0.06629834254143646,3.270718232044199
ERCC1,0.56353591160221,0.049723756906077346,2.911602209944751
ERCC2,0.56353591160221,0.049723756906077346,2.911602209944751
ERCC3,0.6077348066298343,0.055248618784530384,3.0331491712707184
ERCC4,0.5138121546961326,0.07734806629834254,2.8287292817679557
ERCC6,0.5082872928176796,0.049723756906077346,2.81767955801105
ERCC6L,0.2265193370165746,0.3259668508287293,2.0110497237569063
ERCC8,0.2430939226519337,0.14917127071823205,2.2209944751381214
EREG,0.40331491712707185,0.07734806629834254,2.8232044198895028
ERF,0.5414364640883977,0.049723756906077346,2.8784530386740332
ERG28,0.585635359116022,0.055248618784530384,2.867403314917127
ERGIC1,0.3756906077348066,0.0718232044198895,2.4751381215469612
ERGIC2,0.6353591160220995,0.055248618784530384,3.6464088397790055
ERGIC3,0.7403314917127072,0.0055248618784530384,4.016574585635359
ERH,0.574585635359116,0.055248618784530384,2.834254143646409
ERLEC1,0.6795580110497238,0.011049723756906077,3.1878453038674035
ERLIN1,0.47513812154696133,0.08287292817679558,2.5801104972375692
ERMAP,0.5414364640883977,0.027624309392265192,2.81767955801105
ERN1,0.6629834254143646,0.03314917127071823,3.2154696132596685
ERO1A,0.6022099447513812,0.03867403314917127,2.972375690607735
ERO1B,0.6685082872928176,0.016574585635359115,3.453038674033149
ERP27,0.6187845303867403,0.0718232044198895,3.303867403314917
ERP44,0.585635359116022,0.06077348066298342,2.9171270718232045
ERRFI1,0.5138121546961326,0.06629834254143646,2.712707182320442
ERVW-1,0.7458563535911602,0.016574585635359115,4.640883977900552
ESAM,0.40331491712707185,0.1270718232044199,2.552486187845304
ESCO1,0.569060773480663,0.055248618784530384,3.3314917127071824
ESCO2,0.425414364640884,0.18232044198895028,2.6629834254143647
ESD,0.48066298342541436,0.09944751381215469,2.8011049723756907
ESF1,0.6850828729281768,0.06077348066298342,3.4419889502762433
ESPL1,0.569060773480663,0.049723756906077346,2.81767955801105
ESR1,0.5359116022099447,0.055248618784530384,2.8729281767955803
ESR2,0.574585635359116,0.049723756906077346,2.850828729281768
ESRP1,0.7458563535911602,0.0055248618784530384,3.8287292817679557
ESRP2,0.5303867403314917,0.06629834254143646,3.005524861878453
ESRRA,0.580110497237569,0.04419889502762431,2.9447513812154695
ESRRB,0.580110497237569,0.049723756906077346,2.867403314917127
ESRRG,0.6740331491712708,0.022099447513812154,3.386740331491713
ESS2,0.44751381215469616,0.08287292817679558,2.657458563535912
ESYT1,0.585635359116022,0.04419889502762431,2.883977900552486
ESYT2,0.49171270718232046,0.13812154696132597,2.850828729281768
ESYT3,0.7071823204419889,0.03314917127071823,3.74585635359116
ETF1,0.32044198895027626,0.08839779005524862,2.3591160220994474
ETFA,0.5138121546961326,0.03867403314917127,2.8011049723756907
ETFB,0.5580110497237569,0.049723756906077346,2.9502762430939224
ETFBKMT,0.6353591160220995,0.03867403314917127,3.4751381215469612
ETFDH,0.3370165745856354,0.12154696132596685,2.5801104972375692
ETFRF1,0.6629834254143646,0.055248618784530384,5.6740331491712706
ETHE1,0.5524861878453039,0.049723756906077346,2.9060773480662982
ETNK1,0.6353591160220995,0.06629834254143646,3.5359116022099446
ETS1,0.4143646408839779,0.11602209944751381,2.6353591160220993
ETS2,0.30386740331491713,0.13812154696132597,2.298342541436464
ETV1,0.7348066298342542,0.027624309392265192,3.8729281767955803
ETV3,0.7071823204419889,0.011049723756906077,3.430939226519337
ETV4,0.6353591160220995,0.027624309392265192,3.2154696132596685
ETV5,0.7679558011049724,0.027624309392265192,4.281767955801105
ETV6,0.6187845303867403,0.06629834254143646,3.2154696132596685
ETV7,0.5966850828729282,0.04419889502762431,3.0552486187845305
EVA1A,0.6519337016574586,0.0055248618784530384,3.160220994475138
EVA1C,0.3314917127071823,0.11602209944751381,2.3756906077348066
EVC,0.3259668508287293,0.16022099447513813,2.3646408839779007
EVC2,0.3259668508287293,0.16574585635359115,2.3591160220994474
EVI2A,0.6298342541436464,0.03867403314917127,3.0773480662983426
EVI2B,0.6298342541436464,0.03867403314917127,3.0773480662983426
EVI5,0.4861878453038674,0.06077348066298342,2.591160220994475
EVL,0.5524861878453039,0.06077348066298342,2.839779005524862
EVPL,0.6298342541436464,0.022099447513812154,3.0662983425414363
EWSR1,0.44751381215469616,0.0718232044198895,2.6464088397790055
EXO1,0.6740331491712708,0.022099447513812154,3.4419889502762433
EXOC1,0.40331491712707185,0.10497237569060773,2.613259668508287
EXOC2,0.49171270718232046,0.1270718232044199,2.696132596685083
EXOC3,0.6685082872928176,0.03867403314917127,3.9668508287292816
EXOC3L1,0.5248618784530387,0.06077348066298342,2.861878453038674
EXOC4,0.4861878453038674,0.08839779005524862,2.8121546961325965
EXOC5,0.574585635359116,0.049723756906077346,2.867403314917127
EXOC6,0.4696132596685083,0.07734806629834254,2.6022099447513813
EXOC6B,0.6629834254143646,0.0055248618784530384,3.2099447513812156
EXOC7,0.6243093922651933,0.022099447513812154,3.0552486187845305
EXOC8,0.6795580110497238,0.016574585635359115,3.5027624309392267
EXOSC1,0.4696132596685083,0.08839779005524862,2.5580110497237567
EXOSC10,0.5248618784530387,0.055248618784530384,2.861878453038674
EXOSC2,0.6022099447513812,0.06629834254143646,2.911602209944751
EXOSC3,0.39226519337016574,0.14917127071823205,2.56353591160221
EXOSC4,0.7734806629834254,0.022099447513812154,3.9281767955801103
EXOSC5,0.5469613259668509,0.04419889502762431,2.8950276243093924
EXOSC6,0.5193370165745856,0.06077348066298342,2.8287292817679557
EXOSC7,0.287292817679558,0.19337016574585636,2.248618784530387
EXOSC8,0.48066298342541436,0.09944751381215469,2.7900552486187844
EXOSC9,0.3370165745856354,0.09944751381215469,2.3922651933701657
EXPH5,0.4198895027624309,0.1270718232044199,2.613259668508287
EXT1,0.7845303867403315,0.011049723756906077,4.204419889502763
EXT2,0.5248618784530387,0.0718232044198895,2.9392265193370166
EXTL1,0.4530386740331492,0.06629834254143646,2.585635359116022
EXTL2,0.5027624309392266,0.0718232044198895,2.6243093922651934
EXTL3,0.4530386740331492,0.17679558011049723,2.718232044198895
EYA1,0.7237569060773481,0.0,3.701657458563536
EYA2,0.7458563535911602,0.0055248618784530384,3.9392265193370166
EYA3,0.4585635359116022,0.06629834254143646,2.591160220994475
EYA4,0.5359116022099447,0.04419889502762431,2.9005524861878453
EZH1,0.6298342541436464,0.03314917127071823,3.0994475138121547
EZH2,0.4585635359116022,0.1270718232044199,2.7679558011049723
EZR,0.5359116022099447,0.055248618784530384,2.850828729281768
F10,0.5524861878453039,0.08287292817679558,3.1049723756906076
F11,0.3259668508287293,0.14917127071823205,2.430939226519337
F11R,0.7182320441988951,0.016574585635359115,3.569060773480663
F12,0.39779005524861877,0.06629834254143646,2.569060773480663
F13A1,0.49171270718232046,0.1270718232044199,2.679558011049724
F13B,0.6519337016574586,0.03314917127071823,3.287292817679558
F2,0.5193370165745856,0.055248618784530384,2.9171270718232045
F2R,0.2596685082872928,0.14917127071823205,2.226519337016575
F2RL1,0.2596685082872928,0.14917127071823205,2.226519337016575
F2RL2,0.2596685082872928,0.14917127071823205,2.226519337016575
F2RL3,0.5027624309392266,0.027624309392265192,2.8011049723756907
F3,0.5027624309392266,0.06077348066298342,2.6187845303867405
F5,0.7071823204419889,0.016574585635359115,3.4696132596685083
F7,0.5524861878453039,0.08287292817679558,3.0994475138121547
F8,0.24861878453038674,0.287292817679558,2.088397790055249
F9,0.27071823204419887,0.281767955801105,2.088397790055249
FA2H,0.5082872928176796,0.06077348066298342,2.7790055248618786
FAAH,0.5248618784530387,0.027624309392265192,2.701657458563536
FAAP100,0.6022099447513812,0.03314917127071823,3.0
FAAP24,0.585635359116022,0.03867403314917127,3.143646408839779
FABP1,0.6574585635359116,0.011049723756906077,3.1712707182320443
FABP2,0.34806629834254144,0.09392265193370165,2.408839779005525
FABP3,0.4861878453038674,0.049723756906077346,2.685082872928177
FABP4,0.7237569060773481,0.0055248618784530384,3.718232044198895
FABP5,0.7237569060773481,0.0055248618784530384,3.729281767955801
FABP7,0.5248618784530387,0.04419889502762431,2.9447513812154695
FADD,0.7513812154696132,0.011049723756906077,7.911602209944752
FADS1,0.585635359116022,0.04419889502762431,2.977900552486188
FADS2,0.585635359116022,0.04419889502762431,2.983425414364641
FADS6,0.6408839779005525,0.022099447513812154,3.132596685082873
FAF1,0.5193370165745856,0.03867403314917127,2.679558011049724
FAF2,0.3812154696132597,0.06629834254143646,2.5248618784530388
FAH,0.5248618784530387,0.03314917127071823,2.850828729281768
FAHD1,0.49171270718232046,0.09944751381215469,2.6906077348066297
FAIM,0.7071823204419889,0.03314917127071823,3.74585635359116
FAM110A,0.6961325966850829,0.055248618784530384,3.4917127071823204
FAM110B,0.7182320441988951,0.0055248618784530384,3.574585635359116
FAM110C,0.6408839779005525,0.049723756906077346,3.0718232044198897
FAM120B,0.5469613259668509,0.049723756906077346,2.867403314917127
FAM13A,0.32044198895027626,0.11602209944751381,2.403314917127072
FAM13B,0.3259668508287293,0.08839779005524862,2.3646408839779007
FAM161A,0.6740331491712708,0.0055248618784530384,3.248618784530387
FAM20A,0.6464088397790055,0.022099447513812154,3.2154696132596685
FAM20B,0.6740331491712708,0.03314917127071823,3.3646408839779007
FAM20C,0.7348066298342542,0.022099447513812154,3.861878453038674
FAM220A,0.7403314917127072,0.016574585635359115,3.856353591160221
FAM3C,0.5303867403314917,0.08287292817679558,2.9281767955801103
FAM83D,0.7403314917127072,0.0,3.9392265193370166
FAM8A1,0.5138121546961326,0.09392265193370165,2.74585635359116
FAM98B,0.4530386740331492,0.06077348066298342,2.712707182320442
FAM9A,0.16574585635359115,0.46408839779005523,1.7569060773480663
FAN1,0.4972375690607735,0.049723756906077346,2.7900552486187844
FANCA,0.4861878453038674,0.07734806629834254,2.7679558011049723
FANCC,0.569060773480663,0.06077348066298342,2.8729281767955803
FANCD2,0.3259668508287293,0.17679558011049723,2.3646408839779007
FANCE,0.5911602209944752,0.049723756906077346,2.972375690607735
FANCF,0.48066298342541436,0.06077348066298342,2.773480662983425
FANCG,0.425414364640884,0.1270718232044199,2.723756906077348
FANCI,0.5469613259668509,0.022099447513812154,3.0
FANCL,0.6850828729281768,0.0055248618784530384,3.2596685082872927
FANCM,0.5911602209944752,0.03867403314917127,2.972375690607735
FAR1,0.44751381215469616,0.0718232044198895,2.734806629834254
FAR2,0.6353591160220995,0.055248618784530384,3.6353591160220993
FARP1,0.5138121546961326,0.08839779005524862,2.8232044198895028
FARP2,0.5027624309392266,0.06629834254143646,2.751381215469613
FARS2,0.48066298342541436,0.12154696132596685,2.657458563535912
FARSA,0.4972375690607735,0.04419889502762431,2.7679558011049723
FARSB,0.5303867403314917,0.055248618784530384,2.7679558011049723
FAS,0.44751381215469616,0.09392265193370165,2.591160220994475
FASLG,0.7016574585635359,0.022099447513812154,3.447513812154696
FASN,0.585635359116022,0.03867403314917127,2.955801104972376
FASTK,0.46408839779005523,0.1270718232044199,2.7955801104972378
FASTKD2,0.5524861878453039,0.055248618784530384,2.8729281767955803
FAT1,0.3314917127071823,0.16574585635359115,2.4198895027624308
FAT4,0.3259668508287293,0.10497237569060773,2.3756906077348066
FBF1,0.6298342541436464,0.022099447513812154,3.0662983425414363
FBH1,0.5524861878453039,0.06629834254143646,2.9447513812154695
FBL,0.5580110497237569,0.03314917127071823,2.9889502762430937
FBLIM1,0.5082872928176796,0.049723756906077346,2.718232044198895
FBLL1,0.3812154696132597,0.08287292817679558,2.447513812154696
FBLN1,0.4530386740331492,0.0718232044198895,2.6740331491712706
FBLN2,0.3314917127071823,0.1878453038674033,2.342541436464088
FBLN5,0.5414364640883977,0.06629834254143646,2.8287292817679557
FBN1,0.4696132596685083,0.049723756906077346,2.729281767955801
FBN2,0.30386740331491713,0.10497237569060773,2.314917127071823
FBN3,0.4088397790055249,0.06629834254143646,2.56353591160221
FBP1,0.569060773480663,0.06629834254143646,2.867403314917127
FBP2,0.569060773480663,0.06629834254143646,2.867403314917127
FBXL12,0.4530386740331492,0.055248618784530384,2.6353591160220993
FBXL14,0.6077348066298343,0.06077348066298342,3.320441988950276
FBXL2,0.32044198895027626,0.1878453038674033,2.3259668508287294
FBXL20,0.6574585635359116,0.03314917127071823,3.546961325966851
FBXL3,0.5027624309392266,0.09392265193370165,2.8011049723756907
FBXL4,0.4861878453038674,0.06629834254143646,2.718232044198895
FBXL5,0.32044198895027626,0.16022099447513813,2.3756906077348066
FBXL7,0.6685082872928176,0.027624309392265192,3.9060773480662982
FBXO10,0.4088397790055249,0.14917127071823205,2.6740331491712706
FBXO11,0.6574585635359116,0.011049723756906077,3.160220994475138
FBXO15,0.34806629834254144,0.2430939226519337,2.3535911602209945
FBXO17,0.5580110497237569,0.03314917127071823,2.9613259668508287
FBXO2,0.5193370165745856,0.055248618784530384,2.867403314917127
FBXO21,0.569060773480663,0.03867403314917127,2.861878453038674
FBXO22,0.5138121546961326,0.03867403314917127,2.8011049723756907
FBXO25,0.44751381215469616,0.15469613259668508,2.7790055248618786
FBXO27,0.5580110497237569,0.03314917127071823,2.9668508287292816
FBXO3,0.5359116022099447,0.06077348066298342,3.1049723756906076
FBXO31,0.49171270718232046,0.06629834254143646,2.718232044198895
FBXO38,0.35359116022099446,0.08839779005524862,2.3812154696132595
FBXO4,0.6408839779005525,0.027624309392265192,3.8066298342541436
FBXO40,0.6629834254143646,0.04419889502762431,3.4640883977900554
FBXO44,0.5193370165745856,0.055248618784530384,2.867403314917127
FBXO45,0.7845303867403315,0.03314917127071823,4.298342541436464
FBXO5,0.5414364640883977,0.049723756906077346,2.856353591160221
FBXO6,0.5193370165745856,0.055248618784530384,2.867403314917127
FBXO7,0.44751381215469616,0.07734806629834254,2.6629834254143647
FBXO8,0.3259668508287293,0.15469613259668508,2.414364640883978
FBXO9,0.6077348066298343,0.04419889502762431,3.1988950276243093
FBXW11,0.3812154696132597,0.08287292817679558,2.4696132596685083
FBXW2,0.5911602209944752,0.06629834254143646,2.8950276243093924
FBXW4,0.48066298342541436,0.08287292817679558,2.6077348066298343
FBXW5,0.6132596685082873,0.055248618784530384,3.005524861878453
FBXW7,0.3425414364640884,0.12154696132596685,2.5027624309392267
FBXW8,0.569060773480663,0.03867403314917127,2.861878453038674
FCAR,0.585635359116022,0.03314917127071823,3.0552486187845305
FCER1A,0.712707182320442,0.016574585635359115,3.4696132596685083
FCER1G,0.7182320441988951,0.016574585635359115,3.56353591160221
FCER2,0.40331491712707185,0.0718232044198895,2.541436464088398
FCF1,0.585635359116022,0.055248618784530384,2.8729281767955803
FCGR1A,0.7016574585635359,0.011049723756906077,3.4640883977900554
FCGR2A,0.6906077348066298,0.016574585635359115,3.541436464088398
FCGR2B,0.6906077348066298,0.016574585635359115,3.541436464088398
FCGRT,0.5580110497237569,0.049723756906077346,2.9337016574585637
FCN1,0.6022099447513812,0.06077348066298342,2.9281767955801103
FCN2,0.6022099447513812,0.06077348066298342,2.9281767955801103
FCN3,0.4419889502762431,0.0718232044198895,2.546961325966851
FDPS,0.7016574585635359,0.016574585635359115,3.414364640883978
FDX1,0.4143646408839779,0.1270718232044199,2.56353591160221
FDX2,0.47513812154696133,0.055248618784530384,2.696132596685083
FDXR,0.6408839779005525,0.022099447513812154,3.132596685082873
FECH,0.30939226519337015,0.292817679558011,2.2099447513812156
FEM1A,0.4198895027624309,0.07734806629834254,2.591160220994475
FEM1B,0.49171270718232046,0.04419889502762431,2.7679558011049723
FEM1C,0.292817679558011,0.11049723756906077,2.320441988950276
FEN1,0.585635359116022,0.04419889502762431,2.983425414364641
FER,0.281767955801105,0.1270718232044199,2.287292817679558
FERD3L,0.7348066298342542,0.022099447513812154,3.861878453038674
FERMT1,0.6850828729281768,0.055248618784530384,3.4751381215469612
FERMT2,0.5966850828729282,0.03867403314917127,2.9668508287292816
FERMT3,0.580110497237569,0.04419889502762431,2.9502762430939224
FES,0.569060773480663,0.022099447513812154,3.0552486187845305
FEZ1,0.40331491712707185,0.13259668508287292,2.541436464088398
FEZF2,0.24861878453038674,0.2154696132596685,2.1767955801104972
FFAR1,0.585635359116022,0.03867403314917127,3.138121546961326
FFAR2,0.585635359116022,0.03867403314917127,3.132596685082873
FFAR3,0.585635359116022,0.03867403314917127,3.138121546961326
FGB,0.3370165745856354,0.11602209944751381,2.447513812154696
FGD1,0.17679558011049723,0.4198895027624309,1.828729281767956
FGD2,0.5966850828729282,0.03314917127071823,2.9889502762430937
FGD3,0.569060773480663,0.06077348066298342,2.9171270718232045
FGD4,0.6408839779005525,0.04419889502762431,3.447513812154696
FGF1,0.3259668508287293,0.08839779005524862,2.3591160220994474
FGF10,0.6298342541436464,0.03314917127071823,3.856353591160221
FGF12,0.7845303867403315,0.027624309392265192,4.414364640883978
FGF13,0.27624309392265195,0.281767955801105,2.0994475138121547
FGF14,0.5193370165745856,0.09392265193370165,2.845303867403315
FGF17,0.430939226519337,0.16022099447513813,2.6187845303867405
FGF18,0.3812154696132597,0.08287292817679558,2.4696132596685083
FGF19,0.7513812154696132,0.011049723756906077,8.32596685082873
FGF2,0.3259668508287293,0.10497237569060773,2.3701657458563536
FGF20,0.44751381215469616,0.143646408839779,2.7790055248618786
FGF22,0.3867403314917127,0.07734806629834254,2.5027624309392267
FGF23,0.6022099447513812,0.06077348066298342,3.281767955801105
FGF3,0.7513812154696132,0.011049723756906077,8.132596685082873
FGF4,0.7513812154696132,0.011049723756906077,8.209944751381215
FGF5,0.3425414364640884,0.10497237569060773,2.430939226519337
FGF6,0.6022099447513812,0.06077348066298342,3.281767955801105
FGF7,0.4696132596685083,0.04419889502762431,2.74585635359116
FGF8,0.48066298342541436,0.08839779005524862,2.613259668508287
FGF9,0.43646408839779005,0.11049723756906077,2.707182320441989
FGFBP1,0.32044198895027626,0.15469613259668508,2.3812154696132595
FGFR1,0.585635359116022,0.09944751381215469,3.425414364640884
FGFR1OP2,0.6408839779005525,0.049723756906077346,4.088397790055248
FGFR2,0.5027624309392266,0.06629834254143646,2.734806629834254
FGFR3,0.3425414364640884,0.15469613259668508,2.4751381215469612
FGFR4,0.3867403314917127,0.06077348066298342,2.5580110497237567
FGFRL1,0.34806629834254144,0.16574585635359115,2.4696132596685083
FGG,0.3370165745856354,0.11602209944751381,2.447513812154696
FGL1,0.44751381215469616,0.143646408839779,2.7790055248618786
FGR,0.4530386740331492,0.06629834254143646,2.569060773480663
FH,0.6740331491712708,0.022099447513812154,3.4419889502762433
FHL1,0.26519337016574585,0.281767955801105,2.0828729281767955
FHL2,0.6740331491712708,0.011049723756906077,3.3370165745856353
FHL5,0.48066298342541436,0.06629834254143646,2.696132596685083
FHOD1,0.5248618784530387,0.06077348066298342,2.861878453038674
FIBP,0.6132596685082873,0.027624309392265192,3.088397790055249
FIG4,0.49171270718232046,0.06629834254143646,2.74585635359116
FIGLA,0.6685082872928176,0.0055248618784530384,3.2209944751381214
FIP1L1,0.4088397790055249,0.09944751381215469,2.596685082872928
FIS1,0.6795580110497238,0.027624309392265192,3.9392265193370166
FIZ1,0.580110497237569,0.03314917127071823,3.044198895027624
FJX1,0.5248618784530387,0.055248618784530384,3.0828729281767955
FKBP10,0.6408839779005525,0.03314917127071823,4.397790055248619
FKBP15,0.585635359116022,0.06077348066298342,2.9226519337016574
FKBP1A,0.6850828729281768,0.06077348066298342,3.458563535911602
FKBP1B,0.6629834254143646,0.03314917127071823,3.132596685082873
FKBP3,0.5911602209944752,0.03867403314917127,2.972375690607735
FKBP4,0.6022099447513812,0.06629834254143646,3.2375690607734806
FKBP5,0.5911602209944752,0.049723756906077346,2.972375690607735
FKBP6,0.6519337016574586,0.03314917127071823,3.447513812154696
FKBP7,0.6077348066298343,0.016574585635359115,3.149171270718232
FKBP8,0.49171270718232046,0.03314917127071823,2.8011049723756907
FKBP9,0.7292817679558011,0.027624309392265192,3.7900552486187844
FKBPL,0.6022099447513812,0.04419889502762431,3.016574585635359
FKRP,0.5580110497237569,0.04419889502762431,2.9447513812154695
FKTN,0.5911602209944752,0.06077348066298342,2.9281767955801103
FLAD1,0.7071823204419889,0.011049723756906077,3.425414364640884
FLCN,0.36464088397790057,0.11602209944751381,2.5138121546961325
FLG,0.712707182320442,0.0055248618784530384,3.4917127071823204
FLI1,0.4143646408839779,0.11602209944751381,2.6353591160220993
FLII,0.36464088397790057,0.1270718232044199,2.5193370165745854
FLNA,0.2541436464088398,0.287292817679558,2.0994475138121547
FLNB,0.24861878453038674,0.2265193370165746,2.132596685082873
FLNC,0.5027624309392266,0.09392265193370165,2.8287292817679557
FLOT1,0.6022099447513812,0.03867403314917127,3.0331491712707184
FLOT2,0.6243093922651933,0.03314917127071823,3.110497237569061
FLRT1,0.574585635359116,0.049723756906077346,2.9668508287292816
FLRT2,0.56353591160221,0.06629834254143646,2.8784530386740332
FLRT3,0.6685082872928176,0.06077348066298342,3.3977900552486187
FLT1,0.4861878453038674,0.08287292817679558,2.834254143646409
FLT3,0.4696132596685083,0.08287292817679558,2.7900552486187844
FLT3LG,0.5580110497237569,0.049723756906077346,2.9337016574585637
FLT4,0.40331491712707185,0.06629834254143646,2.6298342541436464
FMC1,0.5027624309392266,0.09392265193370165,2.834254143646409
FMN1,0.48066298342541436,0.049723756906077346,2.7679558011049723
FMNL1,0.6298342541436464,0.03314917127071823,3.088397790055249
FMNL2,0.5966850828729282,0.027624309392265192,3.0386740331491713
FMNL3,0.569060773480663,0.055248618784530384,2.8287292817679557
FMO1,0.7071823204419889,0.016574585635359115,3.4806629834254146
FMO2,0.7071823204419889,0.016574585635359115,3.4861878453038675
FMO3,0.7071823204419889,0.016574585635359115,3.4751381215469612
FMO4,0.7071823204419889,0.016574585635359115,3.4806629834254146
FMO5,0.6906077348066298,0.011049723756906077,3.43646408839779
FMOD,0.6685082872928176,0.027624309392265192,3.3370165745856353
FMR1,0.27071823204419887,0.281767955801105,2.1049723756906076
FN1,0.5248618784530387,0.055248618784530384,2.7900552486187844
FNBP1,0.5966850828729282,0.0718232044198895,2.9060773480662982
FNBP1L,0.49171270718232046,0.06077348066298342,2.6022099447513813
FNDC5,0.5082872928176796,0.03867403314917127,2.729281767955801
FNIP1,0.30386740331491713,0.11049723756906077,2.3093922651933703
FNIP2,0.3370165745856354,0.1270718232044199,2.574585635359116
FNTA,0.6353591160220995,0.06077348066298342,3.6740331491712706
FNTB,0.580110497237569,0.049723756906077346,2.861878453038674
FOLH1,0.5469613259668509,0.055248618784530384,2.994475138121547
FOLR1,0.5966850828729282,0.03867403314917127,4.033149171270718
FOS,0.585635359116022,0.055248618784530384,2.983425414364641
FOSB,0.56353591160221,0.049723756906077346,2.911602209944751
FOSL1,0.6132596685082873,0.027624309392265192,3.088397790055249
FOSL2,0.6574585635359116,0.03314917127071823,3.1215469613259668
FOXA1,0.585635359116022,0.04419889502762431,3.4696132596685083
FOXA2,0.6795580110497238,0.049723756906077346,3.6077348066298343
FOXA3,0.569060773480663,0.04419889502762431,2.9613259668508287
FOXD3,0.5027624309392266,0.049723756906077346,2.6464088397790055
FOXE1,0.580110497237569,0.06077348066298342,2.888888888888889
FOXG1,0.56353591160221,0.049723756906077346,2.994475138121547
FOXH1,0.7679558011049724,0.022099447513812154,3.9226519337016574
FOXJ1,0.6243093922651933,0.022099447513812154,3.0552486187845305
FOXK1,0.7403314917127072,0.016574585635359115,3.845303867403315
FOXK2,0.574585635359116,0.04419889502762431,2.9226519337016574
FOXM1,0.6022099447513812,0.06629834254143646,3.2375690607734806
FOXN1,0.6187845303867403,0.03314917127071823,3.110497237569061
FOXN3,0.5359116022099447,0.0718232044198895,2.8011049723756907
FOXN4,0.585635359116022,0.03867403314917127,2.883977900552486
FOXO1,0.49171270718232046,0.09392265193370165,2.972375690607735
FOXO3,0.5027624309392266,0.06077348066298342,2.7679558011049723
FOXO4,0.22099447513812154,0.3259668508287293,2.0
FOXP2,0.56353591160221,0.07734806629834254,3.2209944751381214
FOXP3,0.13812154696132597,0.4530386740331492,1.7513812154696133
FOXR1,0.4088397790055249,0.11049723756906077,2.56353591160221
FOXRED1,0.4143646408839779,0.13259668508287292,2.7900552486187844
FOXRED2,0.4419889502762431,0.08287292817679558,2.6408839779005526
FPGS,0.6132596685082873,0.06629834254143646,2.9281767955801103
FPR1,0.5580110497237569,0.049723756906077346,2.955801104972376
FPR2,0.5580110497237569,0.049723756906077346,2.9502762430939224
FRA10AC1,0.46408839779005523,0.08287292817679558,2.591160220994475
FRAS1,0.36464088397790057,0.09944751381215469,2.4806629834254146
FRAT1,0.4696132596685083,0.08839779005524862,2.5580110497237567
FREM2,0.48066298342541436,0.09944751381215469,2.8287292817679557
FRG1,0.3314917127071823,0.16022099447513813,2.408839779005525
FRG2,0.3314917127071823,0.16022099447513813,2.408839779005525
FRK,0.49171270718232046,0.06629834254143646,2.7900552486187844
FRMD1,0.5469613259668509,0.055248618784530384,2.867403314917127
FRMD6,0.6077348066298343,0.03867403314917127,2.983425414364641
FRS2,0.6077348066298343,0.027624309392265192,3.7955801104972378
FRS3,0.6298342541436464,0.03314917127071823,3.679558011049724
FSCN1,0.7403314917127072,0.016574585635359115,3.845303867403315
FSHB,0.5082872928176796,0.06077348066298342,2.972375690607735
FSHR,0.6685082872928176,0.0055248618784530384,3.18232044198895
FST,0.287292817679558,0.13812154696132597,2.342541436464088
FSTL1,0.6574585635359116,0.055248618784530384,3.447513812154696
FSTL3,0.3867403314917127,0.07734806629834254,2.5027624309392267
FTCD,0.3259668508287293,0.13812154696132597,2.3480662983425415
FTH1,0.580110497237569,0.04419889502762431,2.977900552486188
FTL,0.5580110497237569,0.049723756906077346,2.9337016574585637
FTO,0.5027624309392266,0.06077348066298342,2.8232044198895028
FTSJ3,0.6629834254143646,0.03867403314917127,3.2375690607734806
FUBP1,0.48066298342541436,0.06077348066298342,2.613259668508287
FUBP3,0.6022099447513812,0.0718232044198895,2.9060773480662982
FUCA1,0.4530386740331492,0.055248618784530384,2.6519337016574585
FUCA2,0.5359116022099447,0.055248618784530384,2.861878453038674
FURIN,0.569060773480663,0.022099447513812154,3.0552486187845305
FUS,0.5524861878453039,0.06629834254143646,2.889502762430939
FUT2,0.5580110497237569,0.049723756906077346,2.9281767955801103
FUT3,0.4198895027624309,0.0718232044198895,2.569060773480663
FUT4,0.47513812154696133,0.08839779005524862,2.7403314917127073
FUT7,0.6132596685082873,0.055248618784530384,3.005524861878453
FUT8,0.580110497237569,0.049723756906077346,2.861878453038674
FUT9,0.48066298342541436,0.06629834254143646,2.696132596685083
FUZ,0.5580110497237569,0.04419889502762431,2.9502762430939224
FXN,0.5469613259668509,0.0718232044198895,2.8287292817679557
FXR1,0.7790055248618785,0.03314917127071823,4.348066298342541
FXR2,0.3812154696132597,0.09392265193370165,2.5359116022099446
FXYD1,0.5911602209944752,0.03314917127071823,3.149171270718232
FXYD2,0.4143646408839779,0.11049723756906077,2.56353591160221
FXYD3,0.5911602209944752,0.03314917127071823,3.149171270718232
FXYD7,0.5911602209944752,0.03314917127071823,3.149171270718232
FYCO1,0.27624309392265195,0.19889502762430938,2.2099447513812156
FYN,0.49171270718232046,0.0718232044198895,2.751381215469613
FYTTD1,0.7790055248618785,0.03314917127071823,4.30939226519337
FZD1,0.7348066298342542,0.016574585635359115,4.1878453038674035
FZD10,0.574585635359116,0.055248618784530384,2.867403314917127
FZD2,0.6077348066298343,0.03867403314917127,3.0607734806629834
FZD3,0.44751381215469616,0.17679558011049723,2.707182320441989
FZD4,0.5082872928176796,0.08287292817679558,2.9060773480662982
FZD5,0.56353591160221,0.049723756906077346,2.9668508287292816
FZD6,0.7624309392265194,0.0055248618784530384,4.0
FZD7,0.6022099447513812,0.011049723756906077,3.044198895027624
FZD8,0.585635359116022,0.03867403314917127,3.0994475138121547
FZD9,0.6519337016574586,0.03314917127071823,3.447513812154696
FZR1,0.4088397790055249,0.06629834254143646,2.596685082872928
G3BP1,0.36464088397790057,0.08287292817679558,2.403314917127072
G3BP2,0.39226519337016574,0.08839779005524862,2.7679558011049723
G6PC3,0.6298342541436464,0.03314917127071823,3.0828729281767955
G6PD,0.2541436464088398,0.287292817679558,2.0994475138121547
GAA,0.6187845303867403,0.027624309392265192,3.022099447513812
GAB1,0.3812154696132597,0.07734806629834254,2.6464088397790055
GAB2,0.5082872928176796,0.06077348066298342,2.977900552486188
GABARAP,0.3812154696132597,0.09392265193370165,2.5303867403314917
GABARAPL1,0.6132596685082873,0.06077348066298342,3.1988950276243093
GABARAPL2,0.4972375690607735,0.06077348066298342,2.8011049723756907
GABBR1,0.580110497237569,0.049723756906077346,2.9337016574585637
GABBR2,0.5911602209944752,0.06077348066298342,2.9171270718232045
GABPA,0.30386740331491713,0.15469613259668508,2.292817679558011
GABPB1,0.47513812154696133,0.04419889502762431,2.751381215469613
GABPB2,0.712707182320442,0.0055248618784530384,3.4640883977900554
GABRA1,0.3701657458563536,0.07734806629834254,2.430939226519337
GABRA2,0.39226519337016574,0.10497237569060773,2.596685082872928
GABRA3,0.2541436464088398,0.287292817679558,2.088397790055249
GABRA4,0.4088397790055249,0.10497237569060773,2.6077348066298343
GABRA5,0.4972375690607735,0.06077348066298342,2.7955801104972378
GABRA6,0.3701657458563536,0.07734806629834254,2.430939226519337
GABRB1,0.4198895027624309,0.10497237569060773,2.6243093922651934
GABRB2,0.3701657458563536,0.07734806629834254,2.430939226519337
GABRB3,0.4972375690607735,0.06077348066298342,2.7900552486187844
GABRD,0.5359116022099447,0.049723756906077346,3.0773480662983426
GABRE,0.2541436464088398,0.281767955801105,2.0939226519337018
GABRG2,0.3701657458563536,0.07734806629834254,2.458563535911602
GABRG3,0.4972375690607735,0.06077348066298342,2.7900552486187844
GABRR1,0.5193370165745856,0.055248618784530384,2.7569060773480665
GABRR2,0.5138121546961326,0.049723756906077346,2.7569060773480665
GAD1,0.6077348066298343,0.022099447513812154,3.149171270718232
GAD2,0.574585635359116,0.049723756906077346,2.9447513812154695
GADD45A,0.4861878453038674,0.055248618784530384,2.613259668508287
GADD45B,0.39779005524861877,0.0718232044198895,2.546961325966851
GADD45G,0.5524861878453039,0.06077348066298342,2.889502762430939
GADD45GIP1,0.4972375690607735,0.04419889502762431,2.7679558011049723
GAK,0.35359116022099446,0.16574585635359115,2.4751381215469612
GAL3ST1,0.44751381215469616,0.0718232044198895,2.657458563535912
GAL3ST2,0.4972375690607735,0.0718232044198895,2.723756906077348
GALC,0.5414364640883977,0.0718232044198895,2.81767955801105
GALE,0.4530386740331492,0.055248618784530384,2.6519337016574585
GALK1,0.6408839779005525,0.022099447513812154,3.1270718232044197
GALK2,0.47513812154696133,0.04419889502762431,2.751381215469613
GALM,0.6574585635359116,0.016574585635359115,3.154696132596685
GALNS,0.4861878453038674,0.06629834254143646,2.7624309392265194
GALNT1,0.3756906077348066,0.23756906077348067,2.4751381215469612
GALNT10,0.3701657458563536,0.07734806629834254,2.4198895027624308
GALNT11,0.4530386740331492,0.13812154696132597,2.74585635359116
GALNT12,0.5911602209944752,0.06077348066298342,2.9281767955801103
GALNT13,0.5966850828729282,0.03867403314917127,3.016574585635359
GALNT14,0.6519337016574586,0.027624309392265192,3.1215469613259668
GALNT15,0.32044198895027626,0.18232044198895028,2.3093922651933703
GALNT16,0.574585635359116,0.055248618784530384,2.834254143646409
GALNT18,0.430939226519337,0.08839779005524862,2.6685082872928176
GALNT2,0.6685082872928176,0.027624309392265192,3.458563535911602
GALNT3,0.5911602209944752,0.027624309392265192,3.0497237569060776
GALNT4,0.5524861878453039,0.06077348066298342,2.7900552486187844
GALNT6,0.56353591160221,0.049723756906077346,2.861878453038674
GALNT7,0.3314917127071823,0.14917127071823205,2.408839779005525
GALNT8,0.6077348066298343,0.06077348066298342,3.276243093922652
GALR2,0.6243093922651933,0.022099447513812154,3.0552486187845305
GALT,0.43646408839779005,0.1270718232044199,2.734806629834254
GAMT,0.3701657458563536,0.07734806629834254,2.4972375690607733
GANAB,0.574585635359116,0.04419889502762431,2.972375690607735
GAP43,0.6574585635359116,0.055248618784530384,3.414364640883978
GAPDH,0.6022099447513812,0.06629834254143646,3.1712707182320443
GAPDHS,0.585635359116022,0.03867403314917127,3.132596685082873
GAPVD1,0.585635359116022,0.06629834254143646,2.9005524861878453
GAR1,0.3370165745856354,0.10497237569060773,2.3977900552486187
GART,0.35359116022099446,0.09392265193370165,2.43646408839779
GAS1,0.5580110497237569,0.0718232044198895,2.8784530386740332
GAS2,0.47513812154696133,0.06077348066298342,2.7679558011049723
GAS2L1,0.44751381215469616,0.0718232044198895,2.6464088397790055
GAS6,0.5414364640883977,0.08287292817679558,2.883977900552486
GAST,0.6408839779005525,0.03314917127071823,4.530386740331492
GATA1,0.143646408839779,0.4530386740331492,1.7569060773480663
GATA2,0.6685082872928176,0.03867403314917127,3.5248618784530388
GATA3,0.5469613259668509,0.06629834254143646,2.9502762430939224
GATA4,0.4861878453038674,0.14917127071823205,4.668508287292818
GATA5,0.7458563535911602,0.011049723756906077,3.9613259668508287
GATA6,0.574585635359116,0.049723756906077346,3.574585635359116
GATAD2A,0.5027624309392266,0.03867403314917127,2.8232044198895028
GATAD2B,0.712707182320442,0.011049723756906077,3.447513812154696
GATB,0.35359116022099446,0.10497237569060773,2.4972375690607733
GATC,0.569060773480663,0.03867403314917127,2.889502762430939
GATM,0.47513812154696133,0.03867403314917127,2.751381215469613
GBA2,0.43646408839779005,0.13812154696132597,2.773480662983425
GBE1,0.2983425414364641,0.23756906077348067,2.2099447513812156
GBF1,0.48066298342541436,0.08839779005524862,2.613259668508287
GBP1,0.49171270718232046,0.07734806629834254,2.5801104972375692
GBP2,0.4972375690607735,0.07734806629834254,2.585635359116022
GBP3,0.49171270718232046,0.07734806629834254,2.5801104972375692
GBP4,0.4972375690607735,0.07734806629834254,2.585635359116022
GBP5,0.4972375690607735,0.07734806629834254,2.585635359116022
GBP7,0.4972375690607735,0.07734806629834254,2.585635359116022
GC,0.3812154696132597,0.09392265193370165,2.574585635359116
GCA,0.6077348066298343,0.027624309392265192,3.0552486187845305
GCAT,0.44751381215469616,0.0718232044198895,2.657458563535912
GCC1,0.5027624309392266,0.09392265193370165,2.8287292817679557
GCC2,0.6685082872928176,0.016574585635359115,3.2375690607734806
GCDH,0.4972375690607735,0.04419889502762431,2.7679558011049723
GCFC2,0.6519337016574586,0.0055248618784530384,3.1712707182320443
GCG,0.6077348066298343,0.027624309392265192,3.0552486187845305
GCGR,0.6022099447513812,0.03314917127071823,3.0
GCH1,0.5966850828729282,0.04419889502762431,2.9668508287292816
GCHFR,0.4530386740331492,0.06629834254143646,2.707182320441989
GCK,0.712707182320442,0.022099447513812154,3.7403314917127073
GCKR,0.6574585635359116,0.03314917127071823,3.1215469613259668
GCLM,0.49171270718232046,0.06629834254143646,2.596685082872928
GCN1,0.569060773480663,0.03867403314917127,2.850828729281768
GCNT1,0.5524861878453039,0.07734806629834254,2.845303867403315
GCNT2,0.5027624309392266,0.11602209944751381,2.729281767955801
GCNT3,0.4861878453038674,0.055248618784530384,2.751381215469613
GCSH,0.49171270718232046,0.06629834254143646,2.712707182320442
GDA,0.5524861878453039,0.06077348066298342,2.867403314917127
GDAP1,0.7182320441988951,0.0,3.6685082872928176
GDE1,0.5248618784530387,0.08287292817679558,2.883977900552486
GDF2,0.5359116022099447,0.04419889502762431,2.889502762430939
GDF5,0.7403314917127072,0.0055248618784530384,4.016574585635359
GDF7,0.6740331491712708,0.03314917127071823,3.138121546961326
GDF9,0.30939226519337015,0.10497237569060773,2.314917127071823
GDI1,0.2541436464088398,0.287292817679558,2.0994475138121547
GDI2,0.5524861878453039,0.06629834254143646,2.9447513812154695
GDNF,0.6353591160220995,0.027624309392265192,3.751381215469613
GDPD1,0.6519337016574586,0.03867403314917127,3.2099447513812156
GDPD5,0.5303867403314917,0.06077348066298342,3.287292817679558
GEMIN2,0.574585635359116,0.055248618784530384,3.016574585635359
GEMIN4,0.3867403314917127,0.09944751381215469,2.5359116022099446
GEMIN5,0.3701657458563536,0.07734806629834254,2.4198895027624308
GEMIN6,0.6574585635359116,0.016574585635359115,3.154696132596685
GEMIN7,0.56353591160221,0.049723756906077346,2.9060773480662982
GEMIN8,0.1712707182320442,0.4530386740331492,1.7955801104972375
GEN1,0.6574585635359116,0.04419889502762431,3.088397790055249
GET4,0.7348066298342542,0.022099447513812154,3.883977900552486
GFAP,0.6298342541436464,0.03314917127071823,3.0994475138121547
GFI1,0.4861878453038674,0.06077348066298342,2.591160220994475
GFI1B,0.5966850828729282,0.06629834254143646,2.9171270718232045
GFM1,0.7569060773480663,0.027624309392265192,4.2154696132596685
GFM2,0.24861878453038674,0.14917127071823205,2.2099447513812156
GFPT1,0.6740331491712708,0.0055248618784530384,3.3093922651933703
GFPT2,0.40331491712707185,0.06629834254143646,2.6298342541436464
GFRA1,0.4696132596685083,0.0718232044198895,2.6298342541436464
GFRA2,0.430939226519337,0.16022099447513813,2.613259668508287
GFRA4,0.6795580110497238,0.06629834254143646,3.43646408839779
GGA1,0.44751381215469616,0.0718232044198895,2.657458563535912
GGA2,0.5193370165745856,0.08287292817679558,2.8066298342541436
GGA3,0.6464088397790055,0.022099447513812154,3.1933701657458564
GGCT,0.7237569060773481,0.027624309392265192,3.7955801104972378
GGCX,0.6740331491712708,0.0055248618784530384,3.2154696132596685
GGH,0.7182320441988951,0.0055248618784530384,3.596685082872928
GGPS1,0.6740331491712708,0.016574585635359115,3.5193370165745854
GGT1,0.47513812154696133,0.0718232044198895,2.679558011049724
GGT5,0.48066298342541436,0.0718232044198895,2.6906077348066297
GGT6,0.39779005524861877,0.09392265193370165,2.5801104972375692
GGT7,0.7403314917127072,0.0055248618784530384,3.9392265193370166
GH1,0.6629834254143646,0.03314917127071823,3.2154696132596685
GH2,0.6629834254143646,0.03314917127071823,3.2154696132596685
GHR,0.6408839779005525,0.027624309392265192,3.7955801104972378
GHRH,0.7458563535911602,0.0,4.005524861878453
GHRHR,0.7237569060773481,0.022099447513812154,3.7955801104972378
GHRL,0.32044198895027626,0.18232044198895028,2.3591160220994474
GHSR,0.7955801104972375,0.022099447513812154,4.6353591160221
GID8,0.7513812154696132,0.011049723756906077,3.9613259668508287
GIGYF1,0.6906077348066298,0.03314917127071823,3.977900552486188
GIMAP4,0.4585635359116022,0.13259668508287292,2.8011049723756907
GIMAP8,0.4585635359116022,0.13259668508287292,2.7624309392265194
GINS1,0.6850828729281768,0.04419889502762431,3.569060773480663
GINS2,0.4861878453038674,0.06629834254143646,2.701657458563536
GINS3,0.5138121546961326,0.06077348066298342,2.8232044198895028
GINS4,0.6243093922651933,0.07734806629834254,3.56353591160221
GIP,0.6243093922651933,0.03314917127071823,3.0828729281767955
GIPC1,0.5027624309392266,0.04419889502762431,2.8011049723756907
GIPC2,0.48066298342541436,0.055248618784530384,2.6187845303867405
GIPR,0.569060773480663,0.04419889502762431,2.9281767955801103
GIT1,0.6243093922651933,0.04419889502762431,3.0662983425414363
GIT2,0.580110497237569,0.03867403314917127,2.8784530386740332
GJA1,0.5138121546961326,0.04419889502762431,2.889502762430939
GJA3,0.4419889502762431,0.10497237569060773,2.74585635359116
GJD3,0.6740331491712708,0.022099447513812154,3.9502762430939224
GK,0.16022099447513813,0.4419889502762431,1.9723756906077348
GK2,0.35359116022099446,0.09944751381215469,2.45
GKAP1,0.5580110497237569,0.0718232044198895,2.867403314917127
GKN2,0.6740331491712708,0.0055248618784530384,3.2154696132596685
GLA,0.23204419889502761,0.3149171270718232,2.027624309392265
GLB1,0.32044198895027626,0.1878453038674033,2.314917127071823
GLCE,0.49171270718232046,0.04419889502762431,2.7679558011049723
GLDC,0.3259668508287293,0.1878453038674033,2.403314917127072
GLE1,0.6077348066298343,0.06629834254143646,2.9226519337016574
GLG1,0.5082872928176796,0.06077348066298342,2.7790055248618786
GLI1,0.580110497237569,0.049723756906077346,2.889502762430939
GLI2,0.6464088397790055,0.016574585635359115,3.3646408839779007
GLI3,0.7237569060773481,0.027624309392265192,3.773480662983425
GLIPR1,0.5193370165745856,0.03314917127071823,2.7679558011049723
GLMN,0.4861878453038674,0.06077348066298342,2.591160220994475
GLO1,0.6077348066298343,0.04419889502762431,3.0939226519337018
GLOD4,0.3867403314917127,0.09944751381215469,2.5359116022099446
GLP1R,0.6077348066298343,0.04419889502762431,3.088397790055249
GLP2R,0.3701657458563536,0.09944751381215469,2.5193370165745854
GLRA1,0.36464088397790057,0.08287292817679558,2.403314917127072
GLRA2,0.1712707182320442,0.4530386740331492,1.7955801104972375
GLRA3,0.3259668508287293,0.14917127071823205,2.408839779005525
GLRB,0.3314917127071823,0.1270718232044199,2.574585635359116
GLRX,0.27624309392265195,0.12154696132596685,2.298342541436464
GLRX2,0.6685082872928176,0.03867403314917127,3.3093922651933703
GLRX3,0.4972375690607735,0.07734806629834254,2.685082872928177
GLRX5,0.5524861878453039,0.0718232044198895,2.8232044198895028
GLS,0.6022099447513812,0.011049723756906077,3.0939226519337018
GLS2,0.585635359116022,0.049723756906077346,2.8784530386740332
GLUD1,0.4585635359116022,0.09944751381215469,2.591160220994475
GLUD2,0.24861878453038674,0.2983425414364641,2.0828729281767955
GLUL,0.6795580110497238,0.022099447513812154,3.3701657458563536
GLYAT,0.569060773480663,0.04419889502762431,2.9447513812154695
GLYCTK,0.2430939226519337,0.2265193370165746,2.116022099447514
GM2A,0.36464088397790057,0.08287292817679558,2.403314917127072
GMDS,0.4696132596685083,0.13812154696132597,2.6077348066298343
GMEB1,0.4696132596685083,0.06629834254143646,2.613259668508287
GMEB2,0.7513812154696132,0.011049723756906077,3.9447513812154695
GMIP,0.5027624309392266,0.03867403314917127,2.8121546961325965
GML,0.7790055248618785,0.022099447513812154,3.9502762430939224
GMNN,0.5303867403314917,0.06077348066298342,2.9005524861878453
GMPPA,0.5303867403314917,0.055248618784530384,2.8066298342541436
GMPR,0.5082872928176796,0.09392265193370165,2.734806629834254
GMPR2,0.5524861878453039,0.049723756906077346,2.9171270718232045
GMPS,0.7458563535911602,0.022099447513812154,4.18232044198895
GNA11,0.4088397790055249,0.06629834254143646,2.574585635359116
GNA12,0.7403314917127072,0.016574585635359115,3.8784530386740332
GNA13,0.6519337016574586,0.03867403314917127,3.132596685082873
GNA14,0.5524861878453039,0.07734806629834254,2.856353591160221
GNA15,0.40331491712707185,0.06629834254143646,2.569060773480663
GNAI1,0.6629834254143646,0.027624309392265192,3.5138121546961325
GNAI2,0.2430939226519337,0.2265193370165746,2.116022099447514
GNAI3,0.5027624309392266,0.09392265193370165,2.6298342541436464
GNAL,0.5469613259668509,0.08287292817679558,2.9668508287292816
GNAO1,0.5138121546961326,0.06077348066298342,2.8232044198895028
GNAQ,0.5469613259668509,0.08287292817679558,2.839779005524862
GNAS,0.7513812154696132,0.011049723756906077,3.994475138121547
GNAT1,0.2430939226519337,0.2265193370165746,2.116022099447514
GNAT2,0.5027624309392266,0.09392265193370165,2.6298342541436464
GNAT3,0.6629834254143646,0.027624309392265192,3.6022099447513813
GNAZ,0.4696132596685083,0.0718232044198895,2.6685082872928176
GNB1,0.5303867403314917,0.049723756906077346,2.845303867403315
GNB2,0.6906077348066298,0.03314917127071823,3.977900552486188
GNB3,0.6077348066298343,0.055248618784530384,3.1878453038674035
GNB4,0.7790055248618785,0.022099447513812154,4.4088397790055245
GNB5,0.47513812154696133,0.049723756906077346,2.751381215469613
GNE,0.4198895027624309,0.143646408839779,2.679558011049724
GNG10,0.5966850828729282,0.06077348066298342,2.9447513812154695
GNG11,0.7348066298342542,0.016574585635359115,4.370165745856354
GNG12,0.4861878453038674,0.055248618784530384,2.613259668508287
GNG13,0.48066298342541436,0.11602209944751381,2.657458563535912
GNG2,0.6077348066298343,0.03867403314917127,2.972375690607735
GNG3,0.569060773480663,0.04419889502762431,2.9668508287292816
GNG4,0.6685082872928176,0.016574585635359115,3.453038674033149
GNG5,0.4972375690607735,0.06629834254143646,2.613259668508287
GNG7,0.40331491712707185,0.0718232044198895,2.56353591160221
GNG8,0.5580110497237569,0.04419889502762431,2.9171270718232045
GNGT1,0.7348066298342542,0.016574585635359115,4.375690607734807
GNGT2,0.6243093922651933,0.03314917127071823,3.0939226519337018
GNL1,0.6022099447513812,0.03867403314917127,3.0386740331491713
GNL2,0.5303867403314917,0.03314917127071823,2.8121546961325965
GNL3,0.2541436464088398,0.2265193370165746,2.160220994475138
GNL3L,0.17679558011049723,0.4088397790055249,1.839779005524862
GNMT,0.6353591160220995,0.027624309392265192,3.6906077348066297
GNPAT,0.6740331491712708,0.016574585635359115,3.4696132596685083
GNPDA1,0.3314917127071823,0.08839779005524862,2.3701657458563536
GNPDA2,0.39779005524861877,0.11602209944751381,2.723756906077348
GNPNAT1,0.5966850828729282,0.03867403314917127,2.9668508287292816
GNPTAB,0.569060773480663,0.055248618784530384,2.8066298342541436
GNPTG,0.4861878453038674,0.11049723756906077,2.6629834254143647
GNRH1,0.4419889502762431,0.16574585635359115,2.6298342541436464
GNRHR,0.4088397790055249,0.07734806629834254,2.6077348066298343
GNS,0.6022099447513812,0.022099447513812154,3.0497237569060776
GOLGA1,0.585635359116022,0.06629834254143646,2.9005524861878453
GOLGA2,0.6077348066298343,0.06629834254143646,2.9392265193370166
GOLGA3,0.569060773480663,0.055248618784530384,2.850828729281768
GOLGA4,0.2983425414364641,0.19337016574585636,2.2596685082872927
GOLGA5,0.5469613259668509,0.06629834254143646,2.845303867403315
GOLGA7,0.6243093922651933,0.07734806629834254,3.56353591160221
GOLGB1,0.6629834254143646,0.04419889502762431,3.4640883977900554
GOLIM4,0.7955801104972375,0.022099447513812154,4.447513812154696
GOLM1,0.5580110497237569,0.0718232044198895,2.8784530386740332
GOLPH3,0.6353591160220995,0.027624309392265192,3.679558011049724
GOLPH3L,0.7071823204419889,0.0055248618784530384,3.4806629834254146
GON4L,0.7016574585635359,0.016574585635359115,3.414364640883978
GOPC,0.4972375690607735,0.049723756906077346,2.850828729281768
GORAB,0.7071823204419889,0.016574585635359115,3.4696132596685083
GORASP1,0.2983425414364641,0.19337016574585636,2.2596685082872927
GORASP2,0.6077348066298343,0.022099447513812154,3.149171270718232
GOSR1,0.6298342541436464,0.03867403314917127,3.0718232044198897
GOSR2,0.6132596685082873,0.03867403314917127,3.022099447513812
GOT1,0.47513812154696133,0.08287292817679558,2.574585635359116
GOT2,0.5138121546961326,0.06077348066298342,2.839779005524862
GP1BA,0.3867403314917127,0.09392265193370165,2.5248618784530388
GP1BB,0.4530386740331492,0.08287292817679558,2.6629834254143647
GP2,0.5138121546961326,0.08839779005524862,2.8011049723756907
GP5,0.7734806629834254,0.03314917127071823,4.281767955801105
GP6,0.585635359116022,0.03314917127071823,3.0552486187845305
GP9,0.6685082872928176,0.03867403314917127,3.5359116022099446
GPA33,0.7016574585635359,0.016574585635359115,3.4751381215469612
GPAA1,0.7734806629834254,0.022099447513812154,3.9281767955801103
GPAM,0.4861878453038674,0.07734806629834254,2.6243093922651934
GPAT3,0.34806629834254144,0.10497237569060773,2.4419889502762433
GPAT4,0.6243093922651933,0.0718232044198895,3.591160220994475
GPATCH1,0.580110497237569,0.03867403314917127,3.154696132596685
GPC1,0.5082872928176796,0.06077348066298342,2.74585635359116
GPC2,0.6906077348066298,0.03314917127071823,3.9889502762430937
GPC3,0.2596685082872928,0.281767955801105,2.0773480662983426
GPC4,0.2596685082872928,0.281767955801105,2.0773480662983426
GPC5,0.5082872928176796,0.09392265193370165,2.7955801104972378
GPC6,0.5082872928176796,0.08839779005524862,2.8232044198895028
GPCPD1,0.6906077348066298,0.04419889502762431,3.4861878453038675
GPD1,0.569060773480663,0.055248618784530384,2.834254143646409
GPD1L,0.3149171270718232,0.19337016574585636,2.303867403314917
GPD2,0.6022099447513812,0.027624309392265192,3.0386740331491713
GPHA2,0.585635359116022,0.03314917127071823,2.983425414364641
GPHB5,0.574585635359116,0.04419889502762431,2.8729281767955803
GPHN,0.574585635359116,0.055248618784530384,2.850828729281768
GPI,0.56353591160221,0.03867403314917127,3.088397790055249
GPIHBP1,0.7790055248618785,0.022099447513812154,3.955801104972376
GPKOW,0.13812154696132597,0.4530386740331492,1.7513812154696133
GPLD1,0.5359116022099447,0.06077348066298342,2.911602209944751
GPN1,0.6574585635359116,0.03314917127071823,3.1215469613259668
GPN3,0.574585635359116,0.04419889502762431,2.867403314917127
GPNMB,0.7403314917127072,0.016574585635359115,3.9226519337016574
GPR119,0.24861878453038674,0.292817679558011,2.0552486187845305
GPR143,0.16574585635359115,0.46408839779005523,1.7569060773480663
GPR15,0.6464088397790055,0.049723756906077346,3.3977900552486187
GPR153,0.5248618784530387,0.06629834254143646,2.7900552486187844
GPR156,0.6574585635359116,0.055248618784530384,3.447513812154696
GPR161,0.7016574585635359,0.016574585635359115,3.447513812154696
GPR17,0.6077348066298343,0.055248618784530384,3.016574585635359
GPR180,0.5138121546961326,0.09392265193370165,2.834254143646409
GPR183,0.5193370165745856,0.08839779005524862,2.856353591160221
GPR20,0.7900552486187845,0.022099447513812154,4.121546961325967
GPR25,0.6574585635359116,0.03314917127071823,3.292817679558011
GPR35,0.5082872928176796,0.06629834254143646,2.7403314917127073
GPR37,0.5193370165745856,0.09392265193370165,2.861878453038674
GPR39,0.6077348066298343,0.055248618784530384,3.0
GPR45,0.6740331491712708,0.011049723756906077,3.3370165745856353
GPR50,0.2541436464088398,0.287292817679558,2.088397790055249
GPR55,0.5303867403314917,0.055248618784530384,2.7679558011049723
GPR83,0.48066298342541436,0.08839779005524862,2.74585635359116
GPR84,0.574585635359116,0.03867403314917127,2.850828729281768
GPS1,0.5911602209944752,0.03867403314917127,2.9668508287292816
GPS2,0.3812154696132597,0.09392265193370165,2.5303867403314917
GPSM1,0.6077348066298343,0.06077348066298342,2.9613259668508287
GPSM2,0.5027624309392266,0.08839779005524862,2.6243093922651934
GPT,0.7734806629834254,0.022099447513812154,3.9281767955801103
GPT2,0.5303867403314917,0.055248618784530384,2.839779005524862
GPX1,0.24861878453038674,0.2265193370165746,2.1270718232044197
GPX2,0.580110497237569,0.049723756906077346,2.861878453038674
GPX4,0.3756906077348066,0.07734806629834254,2.5082872928176796
GPX7,0.5138121546961326,0.03867403314917127,2.6740331491712706
GPX8,0.27071823204419887,0.13812154696132597,2.276243093922652
GRAP,0.35911602209944754,0.1270718232044199,2.5248618784530388
GRAP2,0.44751381215469616,0.06077348066298342,2.6408839779005526
GRB10,0.6961325966850829,0.027624309392265192,3.696132596685083
GRB14,0.5966850828729282,0.027624309392265192,3.0773480662983426
GRB2,0.6464088397790055,0.022099447513812154,3.2154696132596685
GRB7,0.6740331491712708,0.027624309392265192,5.966850828729282
GREM2,0.6795580110497238,0.022099447513812154,3.4972375690607733
GRHL1,0.6408839779005525,0.04419889502762431,3.116022099447514
GRHPR,0.39779005524861877,0.14917127071823205,2.6464088397790055
GRIA1,0.3701657458563536,0.07734806629834254,2.4198895027624308
GRIA2,0.3314917127071823,0.1270718232044199,2.574585635359116
GRIA3,0.2430939226519337,0.30386740331491713,2.044198895027624
GRIA4,0.430939226519337,0.11602209944751381,2.6353591160220993
GRID2,0.30386740331491713,0.12154696132596685,2.3480662983425415
GRID2IP,0.7458563535911602,0.016574585635359115,3.883977900552486
GRIK1,0.30939226519337015,0.13812154696132597,2.320441988950276
GRIK2,0.4972375690607735,0.06629834254143646,2.729281767955801
GRIK3,0.5303867403314917,0.03314917127071823,2.850828729281768
GRIK4,0.40331491712707185,0.11602209944751381,2.569060773480663
GRIK5,0.5524861878453039,0.04419889502762431,2.9005524861878453
GRIN1,0.6132596685082873,0.055248618784530384,3.005524861878453
GRIN2A,0.5082872928176796,0.08287292817679558,2.834254143646409
GRIN2B,0.6077348066298343,0.0718232044198895,3.1933701657458564
GRIN2C,0.6408839779005525,0.022099447513812154,3.132596685082873
GRIN2D,0.56353591160221,0.049723756906077346,2.9668508287292816
GRIN3A,0.6022099447513812,0.06077348066298342,2.9613259668508287
GRIN3B,0.3756906077348066,0.07734806629834254,2.5082872928176796
GRIP1,0.5966850828729282,0.027624309392265192,3.342541436464088
GRIP2,0.3259668508287293,0.1878453038674033,2.3480662983425415
GRK1,0.5414364640883977,0.08287292817679558,2.883977900552486
GRK2,0.6519337016574586,0.016574585635359115,3.3093922651933703
GRK4,0.3314917127071823,0.16574585635359115,2.3701657458563536
GRK5,0.49171270718232046,0.06629834254143646,2.685082872928177
GRK6,0.39779005524861877,0.06629834254143646,2.569060773480663
GRK7,0.7182320441988951,0.022099447513812154,3.839779005524862
GRM1,0.5469613259668509,0.049723756906077346,2.9060773480662982
GRM2,0.2430939226519337,0.2265193370165746,2.116022099447514
GRM3,0.712707182320442,0.022099447513812154,3.9226519337016574
GRM4,0.6022099447513812,0.049723756906077346,2.9889502762430937
GRM5,0.49171270718232046,0.08839779005524862,2.8287292817679557
GRM6,0.39226519337016574,0.0718232044198895,2.591160220994475
GRM7,0.30386740331491713,0.19337016574585636,2.265193370165746
GRM8,0.49171270718232046,0.09944751381215469,2.8066298342541436
GRN,0.6077348066298343,0.03867403314917127,3.0607734806629834
GRP,0.30939226519337015,0.281767955801105,2.1988950276243093
GRPEL1,0.3370165745856354,0.16022099447513813,2.3812154696132595
GRPEL2,0.35359116022099446,0.08839779005524862,2.4055555555555554
GRPR,0.1712707182320442,0.4585635359116022,1.7900552486187846
GRSF1,0.3812154696132597,0.08839779005524862,2.552486187845304
GRWD1,0.56353591160221,0.049723756906077346,2.9668508287292816
GRXCR1,0.3701657458563536,0.1270718232044199,2.5027624309392267
GSC,0.5469613259668509,0.07734806629834254,2.8066298342541436
GSDMB,0.6740331491712708,0.027624309392265192,4.740331491712707
GSK3A,0.5414364640883977,0.049723756906077346,2.8784530386740332
GSK3B,0.6574585635359116,0.055248618784530384,3.458563535911602
GSN,0.5966850828729282,0.06077348066298342,2.911602209944751
GSPT1,0.5303867403314917,0.0718232044198895,2.856353591160221
GSPT2,0.15469613259668508,0.43646408839779005,1.7900552486187846
GSR,0.48066298342541436,0.17679558011049723,2.773480662983425
GSTA1,0.6187845303867403,0.03314917127071823,3.2154696132596685
GSTA2,0.6187845303867403,0.03314917127071823,3.2154696132596685
GSTA3,0.6132596685082873,0.03867403314917127,3.2044198895027622
GSTA4,0.6077348066298343,0.04419889502762431,3.1988950276243093
GSTA5,0.6132596685082873,0.03867403314917127,3.2044198895027622
GSTK1,0.49171270718232046,0.09944751381215469,2.8121546961325965
GSTM1,0.5027624309392266,0.09392265193370165,2.6298342541436464
GSTM2,0.5027624309392266,0.09392265193370165,2.6298342541436464
GSTM3,0.5027624309392266,0.09392265193370165,2.6298342541436464
GSTM4,0.5027624309392266,0.09392265193370165,2.6298342541436464
GSTM5,0.5082872928176796,0.09392265193370165,2.6408839779005526
GSTO1,0.48066298342541436,0.08287292817679558,2.6408839779005526
GSTO2,0.48066298342541436,0.08287292817679558,2.6408839779005526
GSTP1,0.6629834254143646,0.016574585635359115,3.4861878453038675
GSTT2B,0.47513812154696133,0.0718232044198895,2.685082872928177
GSTZ1,0.580110497237569,0.049723756906077346,2.889502762430939
GTF2A1,0.574585635359116,0.0718232044198895,2.856353591160221
GTF2A1L,0.6685082872928176,0.011049723756906077,3.1712707182320443
GTF2A2,0.4861878453038674,0.055248618784530384,2.751381215469613
GTF2B,0.49171270718232046,0.0718232044198895,2.585635359116022
GTF2E1,0.6574585635359116,0.049723756906077346,3.453038674033149
GTF2E2,0.47513812154696133,0.17679558011049723,2.7624309392265194
GTF2F1,0.4198895027624309,0.07734806629834254,2.56353591160221
GTF2F2,0.48066298342541436,0.10497237569060773,2.7845303867403315
GTF2H1,0.46408839779005523,0.0718232044198895,2.7569060773480665
GTF2H2,0.2541436464088398,0.15469613259668508,2.226519337016575
GTF2H2C,0.2541436464088398,0.15469613259668508,2.226519337016575
GTF2H3,0.56353591160221,0.04419889502762431,2.861878453038674
GTF2H4,0.5966850828729282,0.03867403314917127,3.027624309392265
GTF2H5,0.5248618784530387,0.06077348066298342,2.8232044198895028
GTF2I,0.6574585635359116,0.03314917127071823,3.414364640883978
GTF2IRD2,0.6574585635359116,0.03314917127071823,3.3922651933701657
GTF2IRD2B,0.6574585635359116,0.03314917127071823,3.3922651933701657
GTF3A,0.4585635359116022,0.08839779005524862,2.773480662983425
GTF3C1,0.5248618784530387,0.0718232044198895,2.867403314917127
GTF3C2,0.6629834254143646,0.03314917127071823,3.1270718232044197
GTF3C3,0.6022099447513812,0.011049723756906077,3.0331491712707184
GTF3C4,0.5966850828729282,0.06629834254143646,2.9171270718232045
GTF3C5,0.5966850828729282,0.06629834254143646,2.9171270718232045
GTF3C6,0.4861878453038674,0.06629834254143646,2.7624309392265194
GTPBP1,0.4530386740331492,0.06629834254143646,2.6464088397790055
GTPBP10,0.7292817679558011,0.016574585635359115,4.143646408839779
GTPBP3,0.5027624309392266,0.027624309392265192,2.8121546961325965
GTPBP4,0.5248618784530387,0.08287292817679558,2.856353591160221
GTSE1,0.4530386740331492,0.06629834254143646,2.701657458563536
GUCA1B,0.6298342541436464,0.03314917127071823,3.6464088397790055
GUCY1A1,0.3259668508287293,0.11049723756906077,2.43646408839779
GUCY1A2,0.4198895027624309,0.12154696132596685,2.613259668508287
GUCY1B1,0.32044198895027626,0.11602209944751381,2.425414364640884
GUCY2C,0.6187845303867403,0.0718232044198895,3.303867403314917
GUCY2D,0.3756906077348066,0.09392265193370165,2.5248618784530388
GUCY2F,0.23204419889502761,0.30939226519337015,2.027624309392265
GUF1,0.39779005524861877,0.11602209944751381,2.723756906077348
GUK1,0.6795580110497238,0.027624309392265192,3.4419889502762433
GULP1,0.6022099447513812,0.011049723756906077,3.088397790055249
GUSB,0.6519337016574586,0.027624309392265192,3.552486187845304
GXYLT1,0.5524861878453039,0.055248618784530384,2.8729281767955803
GXYLT2,0.27071823204419887,0.22099447513812154,2.2209944751381214
GYG1,0.7569060773480663,0.03314917127071823,4.088397790055248
GYG2,0.16574585635359115,0.47513812154696133,1.7403314917127073
GYPB,0.36464088397790057,0.07734806629834254,2.6298342541436464
GYPC,0.6077348066298343,0.055248618784530384,3.027624309392265
GYS1,0.5580110497237569,0.049723756906077346,2.9337016574585637
GYS2,0.6243093922651933,0.06629834254143646,3.4640883977900554
GZMA,0.27624309392265195,0.13812154696132597,2.303867403314917
GZMB,0.5580110497237569,0.049723756906077346,2.9281767955801103
GZMH,0.5580110497237569,0.049723756906077346,2.9281767955801103
GZMK,0.27624309392265195,0.13812154696132597,2.303867403314917
GZMM,0.3867403314917127,0.07734806629834254,2.4972375690607733
HAAO,0.6574585635359116,0.016574585635359115,3.154696132596685
HABP2,0.4861878453038674,0.0718232044198895,2.6629834254143647
HACD1,0.5524861878453039,0.06629834254143646,2.8950276243093924
HACD2,0.6629834254143646,0.04419889502762431,3.4696132596685083
HACD4,0.2983425414364641,0.2430939226519337,2.1988950276243093
HACE1,0.5027624309392266,0.06629834254143646,2.7569060773480665
HACL1,0.3259668508287293,0.18232044198895028,2.342541436464088
HADH,0.3314917127071823,0.10497237569060773,2.3922651933701657
HADHA,0.6740331491712708,0.03314917127071823,3.165745856353591
HADHB,0.6740331491712708,0.03314917127071823,3.165745856353591
HAGH,0.49171270718232046,0.09944751381215469,2.6906077348066297
HAL,0.5524861878453039,0.049723756906077346,2.8011049723756907
HAMP,0.585635359116022,0.03867403314917127,3.138121546961326
HAND1,0.3701657458563536,0.07734806629834254,2.4198895027624308
HAND2,0.3259668508287293,0.14917127071823205,2.408839779005525
HAO1,0.6795580110497238,0.06077348066298342,3.453038674033149
HAO2,0.5303867403314917,0.08839779005524862,2.8950276243093924
HAP1,0.6408839779005525,0.03314917127071823,4.530386740331492
HAPLN1,0.2596685082872928,0.13259668508287292,2.2320441988950277
HARBI1,0.5248618784530387,0.055248618784530384,2.9281767955801103
HARS2,0.3370165745856354,0.08287292817679558,2.3812154696132595
HASPIN,0.39226519337016574,0.09392265193370165,2.546961325966851
HAT1,0.6187845303867403,0.016574585635359115,3.2209944751381214
HAUS1,0.3314917127071823,0.2596685082872928,2.4419889502762433
HAUS2,0.4585635359116022,0.055248618784530384,2.723756906077348
HAUS3,0.3370165745856354,0.15469613259668508,2.430939226519337
HAUS4,0.5414364640883977,0.049723756906077346,2.8784530386740332
HAUS5,0.5911602209944752,0.03867403314917127,3.138121546961326
HAUS6,0.32044198895027626,0.1878453038674033,2.3701657458563536
HAUS7,0.24861878453038674,0.287292817679558,2.088397790055249
HAUS8,0.5082872928176796,0.027624309392265192,2.81767955801105
HAVCR1,0.3756906077348066,0.08287292817679558,2.4198895027624308
HAVCR2,0.3756906077348066,0.08287292817679558,2.4198895027624308
HAX1,0.7071823204419889,0.011049723756906077,3.430939226519337
HBA1,0.4861878453038674,0.11049723756906077,2.679558011049724
HBA2,0.4861878453038674,0.11049723756906077,2.679558011049724
HBB,0.40331491712707185,0.08839779005524862,2.585635359116022
HBE1,0.40331491712707185,0.08839779005524862,2.5801104972375692
HBEGF,0.3370165745856354,0.08287292817679558,2.408839779005525
HBG1,0.40331491712707185,0.08839779005524862,2.585635359116022
HBP1,0.6408839779005525,0.04419889502762431,3.56353591160221
HBQ1,0.4861878453038674,0.11049723756906077,2.679558011049724
HBZ,0.4861878453038674,0.11049723756906077,2.679558011049724
HCAR1,0.574585635359116,0.04419889502762431,2.8784530386740332
HCCS,0.16574585635359115,0.46408839779005523,1.7734806629834254
HCFC1,0.2596685082872928,0.281767955801105,2.110497237569061
HCFC2,0.56353591160221,0.049723756906077346,2.8011049723756907
HCLS1,0.6629834254143646,0.04419889502762431,3.4640883977900554
HCN1,0.6353591160220995,0.04419889502762431,3.8784530386740332
HCN2,0.3867403314917127,0.07734806629834254,2.5027624309392267
HCN4,0.5082872928176796,0.03867403314917127,2.8011049723756907
HCRT,0.6243093922651933,0.04419889502762431,3.110497237569061
HCRTR1,0.49171270718232046,0.04419889502762431,2.718232044198895
HCRTR2,0.6243093922651933,0.04419889502762431,3.2320441988950277
HCST,0.5911602209944752,0.03314917127071823,3.1270718232044197
HDAC1,0.4972375690607735,0.04419889502762431,2.712707182320442
HDAC10,0.4530386740331492,0.08287292817679558,2.6464088397790055
HDAC11,0.3314917127071823,0.1878453038674033,2.342541436464088
HDAC2,0.4972375690607735,0.06629834254143646,2.7900552486187844
HDAC3,0.3314917127071823,0.08839779005524862,2.3701657458563536
HDAC4,0.5138121546961326,0.055248618784530384,2.7569060773480665
HDAC5,0.6298342541436464,0.03314917127071823,3.0828729281767955
HDAC6,0.143646408839779,0.4530386740331492,1.7569060773480663
HDAC7,0.569060773480663,0.049723756906077346,2.845303867403315
HDAC8,0.2265193370165746,0.3259668508287293,2.0110497237569063
HDAC9,0.7348066298342542,0.022099447513812154,3.867403314917127
HDC,0.47513812154696133,0.04419889502762431,2.751381215469613
HDGF,0.7071823204419889,0.011049723756906077,3.447513812154696
HDLBP,0.5082872928176796,0.06629834254143646,2.7569060773480665
HEATR1,0.6685082872928176,0.016574585635359115,3.453038674033149
HEBP1,0.6077348066298343,0.0718232044198895,3.1988950276243093
HEBP2,0.5524861878453039,0.049723756906077346,2.9447513812154695
HECTD3,0.5359116022099447,0.027624309392265192,2.7624309392265194
HECW1,0.712707182320442,0.022099447513812154,3.74585635359116
HECW2,0.6022099447513812,0.011049723756906077,3.0331491712707184
HEG1,0.6795580110497238,0.055248618784530384,3.4917127071823204
HELB,0.6022099447513812,0.022099447513812154,3.265193370165746
HELLS,0.4696132596685083,0.08287292817679558,2.585635359116022
HELQ,0.3425414364640884,0.10497237569060773,2.43646408839779
HELZ,0.6519337016574586,0.022099447513812154,3.1712707182320443
HELZ2,0.7513812154696132,0.011049723756906077,3.9392265193370166
HENMT1,0.5027624309392266,0.08839779005524862,2.6298342541436464
HERC1,0.4861878453038674,0.04419889502762431,2.7569060773480665
HERC2,0.49171270718232046,0.055248618784530384,2.7955801104972378
HERC3,0.32044198895027626,0.11602209944751381,2.403314917127072
HERC4,0.5082872928176796,0.06077348066298342,2.7679558011049723
HERC5,0.32044198895027626,0.11602209944751381,2.403314917127072
HERC6,0.32044198895027626,0.11602209944751381,2.403314917127072
HERPUD1,0.5193370165745856,0.06077348066298342,2.81767955801105
HES1,0.7734806629834254,0.03314917127071823,4.281767955801105
HES6,0.5138121546961326,0.06077348066298342,2.751381215469613
HES7,0.3756906077348066,0.09392265193370165,2.5248618784530388
HESX1,0.24861878453038674,0.2265193370165746,2.1215469613259668
HEXA,0.5082872928176796,0.03867403314917127,2.7955801104972378
HEXB,0.2541436464088398,0.14917127071823205,2.2154696132596685
HEXIM1,0.6243093922651933,0.03314917127071823,3.0662983425414363
HEXIM2,0.6243093922651933,0.03314917127071823,3.0662983425414363
HEY1,0.7237569060773481,0.0055248618784530384,3.8121546961325965
HEY2,0.5359116022099447,0.049723756906077346,2.977900552486188
HEYL,0.5414364640883977,0.03314917127071823,3.0552486187845305
HFE,0.5469613259668509,0.055248618784530384,2.8729281767955803
HGD,0.6574585635359116,0.049723756906077346,3.453038674033149
HGF,0.6629834254143646,0.027624309392265192,3.591160220994475
HGFAC,0.3314917127071823,0.16574585635359115,2.3756906077348066
HGS,0.6022099447513812,0.03314917127071823,3.0
HHAT,0.6685082872928176,0.027624309392265192,3.3480662983425415
HHIP,0.36464088397790057,0.08287292817679558,2.585635359116022
HIBADH,0.7237569060773481,0.027624309392265192,3.7679558011049723
HIBCH,0.6077348066298343,0.011049723756906077,3.0994475138121547
HIC1,0.39226519337016574,0.09944751381215469,2.5359116022099446
HID1,0.6408839779005525,0.022099447513812154,3.132596685082873
HIF1A,0.574585635359116,0.049723756906077346,2.867403314917127
HIF1AN,0.48066298342541436,0.08287292817679558,2.6022099447513813
HIF3A,0.56353591160221,0.04419889502762431,2.911602209944751
HIGD1A,0.2983425414364641,0.1878453038674033,2.2430939226519335
HIKESHI,0.5027624309392266,0.08287292817679558,2.8729281767955803
HINT1,0.30386740331491713,0.10497237569060773,2.3259668508287294
HIP1,0.6574585635359116,0.03314917127071823,3.3922651933701657
HIP1R,0.56353591160221,0.04419889502762431,2.861878453038674
HIPK1,0.49171270718232046,0.12154696132596685,2.6022099447513813
HIPK2,0.5027624309392266,0.09392265193370165,2.839779005524862
HIPK3,0.5359116022099447,0.06077348066298342,3.044198895027624
HIPK4,0.5524861878453039,0.03867403314917127,2.911602209944751
HIRA,0.44751381215469616,0.08287292817679558,2.657458563535912
HIVEP2,0.5469613259668509,0.049723756906077346,2.9171270718232045
HIVEP3,0.5303867403314917,0.027624309392265192,3.18232044198895
HJURP,0.5193370165745856,0.055248618784530384,2.7679558011049723
HJV,0.6850828729281768,0.011049723756906077,3.430939226519337
HK2,0.6574585635359116,0.0055248618784530384,3.1767955801104972
HK3,0.3867403314917127,0.06629834254143646,2.546961325966851
HKDC1,0.4972375690607735,0.06629834254143646,2.734806629834254
HLA-A,0.574585635359116,0.049723756906077346,2.889502762430939
HLA-B,0.6022099447513812,0.03867403314917127,2.994475138121547
HLA-C,0.5966850828729282,0.03867403314917127,2.983425414364641
HLA-DMA,0.5966850828729282,0.04419889502762431,3.0
HLA-DMB,0.5966850828729282,0.04419889502762431,3.0
HLA-DOA,0.5911602209944752,0.04419889502762431,2.983425414364641
HLA-DOB,0.5966850828729282,0.04419889502762431,3.0
HLA-DPA1,0.5911602209944752,0.04419889502762431,2.983425414364641
HLA-DPB1,0.5911602209944752,0.04419889502762431,2.983425414364641
HLA-DQA1,0.5966850828729282,0.04419889502762431,3.016574585635359
HLA-DQA2,0.5966850828729282,0.04419889502762431,3.0
HLA-DQB1,0.5966850828729282,0.04419889502762431,3.0
HLA-DQB2,0.5966850828729282,0.04419889502762431,3.0
HLA-DRA,0.5966850828729282,0.04419889502762431,3.0110497237569063
HLA-DRB1,0.5966850828729282,0.04419889502762431,3.016574585635359
HLA-DRB5,0.5966850828729282,0.04419889502762431,3.016574585635359
HLA-E,0.6022099447513812,0.03867403314917127,3.0386740331491713
HLA-F,0.574585635359116,0.055248618784530384,2.883977900552486
HLCS,0.3149171270718232,0.13259668508287292,2.303867403314917
HLTF,0.7569060773480663,0.03314917127071823,4.088397790055248
HLX,0.6740331491712708,0.022099447513812154,3.4198895027624308
HM13,0.7569060773480663,0.0055248618784530384,3.9171270718232045
HMG20A,0.5138121546961326,0.03314917127071823,2.8121546961325965
HMG20B,0.4088397790055249,0.06629834254143646,2.596685082872928
HMGA1,0.6022099447513812,0.049723756906077346,2.9889502762430937
HMGA2,0.5966850828729282,0.022099447513812154,3.3370165745856353
HMGB1,0.4861878453038674,0.08287292817679558,2.867403314917127
HMGB2,0.3259668508287293,0.14917127071823205,2.403314917127072
HMGB3,0.2541436464088398,0.287292817679558,2.088397790055249
HMGCL,0.4530386740331492,0.055248618784530384,2.6519337016574585
HMGCR,0.2596685082872928,0.14917127071823205,2.226519337016575
HMGCS1,0.6298342541436464,0.027624309392265192,3.9337016574585637
HMGCS2,0.5359116022099447,0.08839779005524862,2.889502762430939
HMGN1,0.292817679558011,0.143646408839779,2.265193370165746
HMGN2,0.4419889502762431,0.07734806629834254,2.546961325966851
HMGN3,0.5248618784530387,0.06629834254143646,2.751381215469613
HMGN5,0.2154696132596685,0.3425414364640884,1.977900552486188
HMGXB4,0.4419889502762431,0.08287292817679558,2.6353591160220993
HMMR,0.3701657458563536,0.07734806629834254,2.4696132596685083
HMOX1,0.44751381215469616,0.08287292817679558,2.6408839779005526
HMOX2,0.49171270718232046,0.08839779005524862,2.701657458563536
HNF1A,0.569060773480663,0.04419889502762431,2.861878453038674
HNF1B,0.6298342541436464,0.04419889502762431,3.0552486187845305
HNF4A,0.7458563535911602,0.0,4.05524861878453
HNF4G,0.7237569060773481,0.0,3.6740331491712706
HNMT,0.580110497237569,0.049723756906077346,2.983425414364641
HNRNPA0,0.3259668508287293,0.08839779005524862,2.3646408839779007
HNRNPA1,0.574585635359116,0.03867403314917127,2.850828729281768
HNRNPA1L2,0.49171270718232046,0.09392265193370165,2.9060773480662982
HNRNPA2B1,0.7348066298342542,0.022099447513812154,3.8232044198895028
HNRNPA3,0.6243093922651933,0.022099447513812154,3.2375690607734806
HNRNPAB,0.39226519337016574,0.06629834254143646,2.56353591160221
HNRNPC,0.5524861878453039,0.055248618784530384,2.8729281767955803
HNRNPD,0.3370165745856354,0.10497237569060773,2.425414364640884
HNRNPDL,0.3370165745856354,0.10497237569060773,2.425414364640884
HNRNPF,0.56353591160221,0.04419889502762431,2.8784530386740332
HNRNPH1,0.39779005524861877,0.06629834254143646,2.6298342541436464
HNRNPH2,0.23204419889502761,0.3149171270718232,2.027624309392265
HNRNPH3,0.5082872928176796,0.06077348066298342,2.7569060773480665
HNRNPK,0.5580110497237569,0.0718232044198895,2.867403314917127
HNRNPL,0.56353591160221,0.03314917127071823,2.955801104972376
HNRNPLL,0.6574585635359116,0.016574585635359115,3.154696132596685
HNRNPM,0.4143646408839779,0.06077348066298342,2.574585635359116
HNRNPR,0.4530386740331492,0.055248618784530384,2.6298342541436464
HNRNPU,0.6961325966850829,0.027624309392265192,3.5359116022099446
HNRNPUL1,0.5469613259668509,0.04419889502762431,2.8950276243093924
HNRNPUL2,0.569060773480663,0.03867403314917127,2.972375690607735
HOGA1,0.4696132596685083,0.08839779005524862,2.5580110497237567
HOMER1,0.2596685082872928,0.143646408839779,2.2320441988950277
HOMER2,0.5248618784530387,0.03314917127071823,2.850828729281768
HOMER3,0.4972375690607735,0.03314917127071823,2.8121546961325965
HOOK1,0.49171270718232046,0.055248618784530384,2.696132596685083
HOOK2,0.49171270718232046,0.04419889502762431,2.7569060773480665
HOOK3,0.6353591160220995,0.06077348066298342,3.6740331491712706
HOPX,0.39779005524861877,0.10497237569060773,2.591160220994475
HORMAD1,0.7071823204419889,0.0055248618784530384,3.4806629834254146
HOXA10,0.7237569060773481,0.027624309392265192,3.8121546961325965
HOXA2,0.7237569060773481,0.027624309392265192,3.7955801104972378
HOXA3,0.7237569060773481,0.027624309392265192,3.7955801104972378
HOXA5,0.7237569060773481,0.027624309392265192,3.8121546961325965
HOXA7,0.7237569060773481,0.027624309392265192,3.8121546961325965
HOXA9,0.7237569060773481,0.027624309392265192,3.8121546961325965
HOXB1,0.6243093922651933,0.03314917127071823,3.0994475138121547
HOXB13,0.6243093922651933,0.03314917127071823,3.0994475138121547
HOXB2,0.6243093922651933,0.03314917127071823,3.0994475138121547
HOXB3,0.6243093922651933,0.03314917127071823,3.0994475138121547
HOXB4,0.6243093922651933,0.03314917127071823,3.0994475138121547
HOXB5,0.6243093922651933,0.03314917127071823,3.0994475138121547
HOXB6,0.6243093922651933,0.03314917127071823,3.0994475138121547
HOXB7,0.6243093922651933,0.03314917127071823,3.0994475138121547
HOXB8,0.6243093922651933,0.03314917127071823,3.0994475138121547
HOXC13,0.574585635359116,0.03867403314917127,2.839779005524862
HOXC4,0.574585635359116,0.03867403314917127,2.839779005524862
HOXC5,0.574585635359116,0.03867403314917127,2.839779005524862
HOXC6,0.574585635359116,0.03867403314917127,2.839779005524862
HOXC8,0.574585635359116,0.03867403314917127,2.839779005524862
HOXC9,0.574585635359116,0.03867403314917127,2.839779005524862
HOXD1,0.6187845303867403,0.016574585635359115,3.2044198895027622
HOXD3,0.6187845303867403,0.016574585635359115,3.2044198895027622
HOXD4,0.6187845303867403,0.016574585635359115,3.2044198895027622
HOXD9,0.6187845303867403,0.016574585635359115,3.2044198895027622
HP,0.5138121546961326,0.06629834254143646,2.7845303867403315
HPD,0.56353591160221,0.04419889502762431,2.861878453038674
HPGDS,0.30939226519337015,0.12154696132596685,2.3314917127071824
HPN,0.5911602209944752,0.03867403314917127,3.143646408839779
HPR,0.5138121546961326,0.06629834254143646,2.7845303867403315
HPRT1,0.26519337016574585,0.281767955801105,2.0828729281767955
HPS1,0.4696132596685083,0.08287292817679558,2.56353591160221
HPS3,0.7569060773480663,0.03314917127071823,4.1602209944751385
HPS4,0.4530386740331492,0.08287292817679558,2.6298342541436464
HPS5,0.4585635359116022,0.0718232044198895,2.751381215469613
HPS6,0.4861878453038674,0.08287292817679558,2.6408839779005526
HPSE,0.3425414364640884,0.10497237569060773,2.43646408839779
HPX,0.4088397790055249,0.08839779005524862,2.6243093922651934
HRAS,0.39226519337016574,0.09392265193370165,2.574585635359116
HRC,0.5580110497237569,0.049723756906077346,2.9337016574585637
HRG,0.7679558011049724,0.027624309392265192,4.30939226519337
HRH1,0.30386740331491713,0.19337016574585636,2.287292817679558
HRH3,0.7513812154696132,0.011049723756906077,3.972375690607735
HRH4,0.4861878453038674,0.13259668508287292,3.0607734806629834
HRK,0.569060773480663,0.03867403314917127,2.850828729281768
HRNR,0.712707182320442,0.0055248618784530384,3.5248618784530388
HS2ST1,0.4972375690607735,0.06629834254143646,2.596685082872928
HS3ST1,0.35911602209944754,0.14917127071823205,2.4696132596685083
HS3ST2,0.5193370165745856,0.08839779005524862,2.8011049723756907
HS3ST3A1,0.34806629834254144,0.11602209944751381,2.4806629834254146
HS3ST3B1,0.35359116022099446,0.11602209944751381,2.5138121546961325
HS6ST1,0.6077348066298343,0.049723756906077346,3.027624309392265
HS6ST2,0.24861878453038674,0.287292817679558,2.0607734806629834
HSBP1,0.4861878453038674,0.0718232044198895,2.707182320441989
HSCB,0.4419889502762431,0.07734806629834254,2.6408839779005526
HSD11B1,0.6740331491712708,0.027624309392265192,3.342541436464088
HSD11B2,0.5248618784530387,0.06629834254143646,2.856353591160221
HSD17B1,0.6298342541436464,0.03314917127071823,3.0994475138121547
HSD17B10,0.16022099447513813,0.430939226519337,1.8011049723756907
HSD17B12,0.5138121546961326,0.0718232044198895,2.9447513812154695
HSD17B2,0.4972375690607735,0.06629834254143646,2.74585635359116
HSD17B3,0.569060773480663,0.06077348066298342,2.8729281767955803
HSD17B6,0.580110497237569,0.049723756906077346,2.867403314917127
HSD17B7,0.6795580110497238,0.016574585635359115,3.453038674033149
HSD17B8,0.5966850828729282,0.04419889502762431,2.9889502762430937
HSD3B1,0.5359116022099447,0.08839779005524862,2.911602209944751
HSD3B2,0.5303867403314917,0.08839779005524862,2.8950276243093924
HSF1,0.7679558011049724,0.022099447513812154,3.9226519337016574
HSF2,0.5193370165745856,0.04419889502762431,2.9005524861878453
HSP90AA1,0.5524861878453039,0.06077348066298342,2.834254143646409
HSP90AB1,0.6353591160220995,0.03314917127071823,3.701657458563536
HSP90B1,0.56353591160221,0.049723756906077346,2.8011049723756907
HSPA13,0.3149171270718232,0.15469613259668508,2.3480662983425415
HSPA14,0.5580110497237569,0.06077348066298342,2.9005524861878453
HSPA1A,0.6022099447513812,0.04419889502762431,3.0
HSPA1B,0.6022099447513812,0.04419889502762431,3.0
HSPA1L,0.6022099447513812,0.04419889502762431,3.0
HSPA2,0.580110497237569,0.049723756906077346,2.861878453038674
HSPA4,0.3149171270718232,0.09392265193370165,2.3314917127071824
HSPA4L,0.3370165745856354,0.09944751381215469,2.3922651933701657
HSPA5,0.585635359116022,0.06629834254143646,2.9005524861878453
HSPA6,0.6906077348066298,0.016574585635359115,3.541436464088398
HSPA8,0.4088397790055249,0.11602209944751381,2.574585635359116
HSPA9,0.32044198895027626,0.08839779005524862,2.3591160220994474
HSPB1,0.6574585635359116,0.027624309392265192,3.386740331491713
HSPB2,0.4143646408839779,0.12154696132596685,2.569060773480663
HSPB3,0.281767955801105,0.13812154696132597,2.3093922651933703
HSPB7,0.5082872928176796,0.049723756906077346,2.723756906077348
HSPB8,0.569060773480663,0.03867403314917127,2.845303867403315
HSPD1,0.6022099447513812,0.011049723756906077,3.0331491712707184
HSPE1,0.6022099447513812,0.011049723756906077,3.0331491712707184
HSPG2,0.4585635359116022,0.055248618784530384,2.6243093922651934
HSPH1,0.4861878453038674,0.08287292817679558,2.8784530386740332
HTATSF1,0.26519337016574585,0.281767955801105,2.0828729281767955
HTN1,0.39779005524861877,0.08839779005524862,2.596685082872928
HTN3,0.39779005524861877,0.08839779005524862,2.596685082872928
HTR1A,0.2430939226519337,0.143646408839779,2.226519337016575
HTR1B,0.5303867403314917,0.055248618784530384,2.773480662983425
HTR1D,0.4530386740331492,0.055248618784530384,2.6298342541436464
HTR1E,0.5082872928176796,0.049723756906077346,2.74585635359116
HTR1F,0.3425414364640884,0.2154696132596685,2.314917127071823
HTR2A,0.48066298342541436,0.09944751381215469,2.8011049723756907
HTR2B,0.5359116022099447,0.055248618784530384,2.7790055248618786
HTR2C,0.23204419889502761,0.292817679558011,2.044198895027624
HTR3A,0.4088397790055249,0.12154696132596685,2.546961325966851
HTR3B,0.4088397790055249,0.12154696132596685,2.546961325966851
HTR3C,0.7679558011049724,0.027624309392265192,4.314917127071824
HTR3D,0.7679558011049724,0.027624309392265192,4.314917127071824
HTR3E,0.7679558011049724,0.027624309392265192,4.303867403314917
HTR4,0.35359116022099446,0.08839779005524862,2.3812154696132595
HTR5A,0.46408839779005523,0.13812154696132597,2.8011049723756907
HTR6,0.4696132596685083,0.055248618784530384,2.6685082872928176
HTRA1,0.5027624309392266,0.06629834254143646,2.773480662983425
HTRA2,0.6574585635359116,0.0055248618784530384,3.1767955801104972
HTT,0.3314917127071823,0.16574585635359115,2.3701657458563536
HUS1,0.7182320441988951,0.022099447513812154,3.8287292817679557
HUWE1,0.15469613259668508,0.430939226519337,1.7900552486187846
HVCN1,0.569060773480663,0.04419889502762431,2.861878453038674
HYAL1,0.2430939226519337,0.2265193370165746,2.116022099447514
HYAL2,0.2430939226519337,0.2265193370165746,2.116022099447514
HYAL3,0.2430939226519337,0.2265193370165746,2.116022099447514
HYKK,0.5138121546961326,0.03314917127071823,2.8121546961325965
HYLS1,0.4143646408839779,0.13259668508287292,2.56353591160221
HYOU1,0.4088397790055249,0.11049723756906077,2.56353591160221
IAPP,0.6243093922651933,0.06629834254143646,3.43646408839779
IARS2,0.6740331491712708,0.022099447513812154,3.425414364640884
IBA57,0.6795580110497238,0.027624309392265192,3.4419889502762433
IBTK,0.5138121546961326,0.06077348066298342,2.7845303867403315
ICA1,0.7348066298342542,0.016574585635359115,3.8950276243093924
ICAM1,0.47513812154696133,0.055248618784530384,2.696132596685083
ICAM2,0.6629834254143646,0.03314917127071823,3.2154696132596685
ICAM3,0.47513812154696133,0.055248618784530384,2.696132596685083
ICAM4,0.47513812154696133,0.055248618784530384,2.696132596685083
ICAM5,0.47513812154696133,0.055248618784530384,2.696132596685083
ICE2,0.48066298342541436,0.049723756906077346,2.751381215469613
ICMT,0.5248618784530387,0.06629834254143646,2.7900552486187844
ICOS,0.585635359116022,0.022099447513812154,2.977900552486188
ICOSLG,0.30939226519337015,0.14917127071823205,2.3093922651933703
ID1,0.7569060773480663,0.0055248618784530384,3.9226519337016574
ID2,0.6408839779005525,0.03867403314917127,3.0994475138121547
ID4,0.5248618784530387,0.07734806629834254,2.9447513812154695
IDE,0.4696132596685083,0.08287292817679558,2.596685082872928
IDH1,0.5469613259668509,0.049723756906077346,2.9281767955801103
IDH2,0.569060773480663,0.022099447513812154,3.116022099447514
IDH3A,0.5138121546961326,0.03314917127071823,2.8121546961325965
IDH3B,0.6850828729281768,0.06077348066298342,3.453038674033149
IDH3G,0.2596685082872928,0.281767955801105,2.110497237569061
IDI1,0.5248618784530387,0.08287292817679558,2.856353591160221
IDI2,0.5248618784530387,0.08287292817679558,2.856353591160221
IDO1,0.585635359116022,0.10497237569060773,3.2596685082872927
IDS,0.2430939226519337,0.281767955801105,2.0607734806629834
IER3,0.6022099447513812,0.03867403314917127,3.0331491712707184
IFI16,0.712707182320442,0.016574585635359115,3.4696132596685083
IFI27,0.5414364640883977,0.0718232044198895,2.8121546961325965
IFI30,0.49171270718232046,0.03314917127071823,2.7845303867403315
IFI35,0.6187845303867403,0.03314917127071823,3.0497237569060776
IFI44,0.48066298342541436,0.055248618784530384,2.6187845303867405
IFI6,0.4585635359116022,0.06629834254143646,2.591160220994475
IFIT1,0.44751381215469616,0.09392265193370165,2.5580110497237567
IFIT2,0.44751381215469616,0.09392265193370165,2.5580110497237567
IFITM1,0.3867403314917127,0.09944751381215469,2.574585635359116
IFITM3,0.3867403314917127,0.09944751381215469,2.574585635359116
IFNA1,0.287292817679558,0.24861878453038674,2.160220994475138
IFNA10,0.292817679558011,0.2430939226519337,2.18232044198895
IFNA13,0.287292817679558,0.24861878453038674,2.165745856353591
IFNA14,0.292817679558011,0.2430939226519337,2.18232044198895
IFNA17,0.292817679558011,0.2430939226519337,2.18232044198895
IFNA2,0.287292817679558,0.24861878453038674,2.165745856353591
IFNA21,0.292817679558011,0.2430939226519337,2.18232044198895
IFNA4,0.292817679558011,0.2430939226519337,2.18232044198895
IFNA5,0.287292817679558,0.2430939226519337,2.1712707182320443
IFNA7,0.292817679558011,0.2430939226519337,2.18232044198895
IFNA8,0.287292817679558,0.24861878453038674,2.160220994475138
IFNAR1,0.34806629834254144,0.09392265193370165,2.4198895027624308
IFNAR2,0.3425414364640884,0.09392265193370165,2.414364640883978
IFNB1,0.2983425414364641,0.2430939226519337,2.1988950276243093
IFNE,0.292817679558011,0.2596685082872928,2.154696132596685
IFNG,0.5966850828729282,0.03314917127071823,3.386740331491713
IFNGR1,0.5580110497237569,0.049723756906077346,2.9392265193370166
IFNGR2,0.34806629834254144,0.09392265193370165,2.4198895027624308
IFNL1,0.56353591160221,0.03314917127071823,2.994475138121547
IFNL2,0.56353591160221,0.03314917127071823,2.994475138121547
IFNL3,0.56353591160221,0.03314917127071823,2.994475138121547
IFNLR1,0.4530386740331492,0.06077348066298342,2.6298342541436464
IFNW1,0.292817679558011,0.2430939226519337,2.18232044198895
IFT122,0.6685082872928176,0.03314917127071823,3.5801104972375692
IFT172,0.6574585635359116,0.03314917127071823,3.1215469613259668
IFT20,0.6132596685082873,0.03314917127071823,3.0552486187845305
IFT27,0.4419889502762431,0.08287292817679558,2.6243093922651934
IFT46,0.4088397790055249,0.11049723756906077,2.585635359116022
IFT52,0.7513812154696132,0.0055248618784530384,3.9889502762430937
IFT57,0.6408839779005525,0.03867403314917127,3.453038674033149
IFT74,0.3370165745856354,0.19337016574585636,2.430939226519337
IFT80,0.7624309392265194,0.022099447513812154,4.232044198895028
IFT81,0.580110497237569,0.03867403314917127,2.8784530386740332
IFT88,0.43646408839779005,0.10497237569060773,2.729281767955801
IGBP1,0.22099447513812154,0.3259668508287293,2.0110497237569063
IGF1,0.5580110497237569,0.055248618784530384,2.7900552486187844
IGF2,0.3867403314917127,0.10497237569060773,2.56353591160221
IGF2BP1,0.6243093922651933,0.03314917127071823,3.0718232044198897
IGF2BP2,0.7679558011049724,0.027624309392265192,4.276243093922652
IGF2BP3,0.7403314917127072,0.016574585635359115,3.9226519337016574
IGF2R,0.5248618784530387,0.06077348066298342,2.8232044198895028
IGFALS,0.49171270718232046,0.09944751381215469,2.6906077348066297
IGFBP1,0.7071823204419889,0.022099447513812154,3.734806629834254
IGFBP2,0.5248618784530387,0.049723756906077346,2.7955801104972378
IGFBP3,0.7071823204419889,0.022099447513812154,3.734806629834254
IGFBP4,0.6740331491712708,0.022099447513812154,4.077348066298343
IGFBP5,0.5248618784530387,0.049723756906077346,2.7955801104972378
IGFBP6,0.569060773480663,0.049723756906077346,2.8232044198895028
IGFBP7,0.39779005524861877,0.09944751381215469,2.6298342541436464
IGLL1,0.47513812154696133,0.0718232044198895,2.685082872928177
IGLL5,0.4696132596685083,0.0718232044198895,2.6685082872928176
IGSF1,0.24861878453038674,0.2983425414364641,2.044198895027624
IGSF5,0.292817679558011,0.14917127071823205,2.2596685082872927
IGSF8,0.712707182320442,0.016574585635359115,3.5082872928176796
IHH,0.5248618784530387,0.055248618784530384,2.7900552486187844
IK,0.3370165745856354,0.08287292817679558,2.3812154696132595
IKBKB,0.6298342541436464,0.06629834254143646,3.723756906077348
IKBKE,0.6574585635359116,0.027624309392265192,3.3259668508287294
IKBKG,0.2541436464088398,0.287292817679558,2.0994475138121547
IKZF1,0.6906077348066298,0.027624309392265192,3.6685082872928176
IKZF3,0.6795580110497238,0.027624309392265192,5.414364640883978
IKZF4,0.585635359116022,0.04419889502762431,2.883977900552486
IL10,0.6685082872928176,0.027624309392265192,3.3535911602209945
IL10RA,0.4143646408839779,0.11049723756906077,2.585635359116022
IL10RB,0.3425414364640884,0.09392265193370165,2.414364640883978
IL11,0.585635359116022,0.03314917127071823,3.0552486187845305
IL12A,0.7624309392265194,0.027624309392265192,4.232044198895028
IL12B,0.3756906077348066,0.07734806629834254,2.425414364640884
IL12RB1,0.49171270718232046,0.03314917127071823,2.7845303867403315
IL12RB2,0.49171270718232046,0.055248618784530384,2.6187845303867405
IL13,0.3149171270718232,0.10497237569060773,2.3480662983425415
IL13RA1,0.23756906077348067,0.30386740331491713,2.0331491712707184
IL13RA2,0.23204419889502761,0.292817679558011,2.044198895027624
IL15,0.36464088397790057,0.07734806629834254,2.5801104972375692
IL15RA,0.5524861878453039,0.06629834254143646,2.9447513812154695
IL16,0.5248618784530387,0.03314917127071823,2.845303867403315
IL17B,0.35911602209944754,0.08839779005524862,2.414364640883978
IL17F,0.6132596685082873,0.03867403314917127,3.2099447513812156
IL17RA,0.4198895027624309,0.10497237569060773,2.6022099447513813
IL17RB,0.2596685082872928,0.23204419889502761,2.132596685082873
IL17RC,0.3259668508287293,0.17679558011049723,2.3646408839779007
IL17RD,0.24861878453038674,0.2265193370165746,2.1215469613259668
IL17RE,0.3259668508287293,0.17679558011049723,2.3646408839779007
IL18,0.4088397790055249,0.12154696132596685,2.56353591160221
IL18BP,0.5911602209944752,0.03867403314917127,3.9889502762430937
IL18R1,0.6740331491712708,0.011049723756906077,3.292817679558011
IL18RAP,0.6740331491712708,0.011049723756906077,3.292817679558011
IL1A,0.6685082872928176,0.022099447513812154,3.287292817679558
IL1B,0.6629834254143646,0.022099447513812154,3.276243093922652
IL1F10,0.6629834254143646,0.022099447513812154,3.292817679558011
IL1R1,0.6629834254143646,0.016574585635359115,3.2320441988950277
IL1R2,0.6629834254143646,0.016574585635359115,3.2320441988950277
IL1RAP,0.7790055248618785,0.022099447513812154,4.430939226519337
IL1RAPL1,0.16574585635359115,0.4419889502762431,1.839779005524862
IL1RAPL2,0.23204419889502761,0.3149171270718232,2.027624309392265
IL1RL1,0.6740331491712708,0.011049723756906077,3.287292817679558
IL1RL2,0.6629834254143646,0.016574585635359115,3.248618784530387
IL1RN,0.6629834254143646,0.022099447513812154,3.292817679558011
IL2,0.3314917127071823,0.10497237569060773,2.3756906077348066
IL20RA,0.5580110497237569,0.049723756906077346,2.9392265193370166
IL20RB,0.7016574585635359,0.03314917127071823,3.712707182320442
IL22,0.5966850828729282,0.03314917127071823,3.303867403314917
IL22RA1,0.4530386740331492,0.06077348066298342,2.6298342541436464
IL22RA2,0.5580110497237569,0.049723756906077346,2.9392265193370166
IL23A,0.585635359116022,0.049723756906077346,2.8784530386740332
IL23R,0.49171270718232046,0.055248618784530384,2.6187845303867405
IL24,0.6740331491712708,0.027624309392265192,3.3701657458563536
IL25,0.5524861878453039,0.049723756906077346,2.9281767955801103
IL26,0.5966850828729282,0.03314917127071823,3.303867403314917
IL27,0.5359116022099447,0.0718232044198895,2.883977900552486
IL27RA,0.5027624309392266,0.04419889502762431,2.8121546961325965
IL2RA,0.5524861878453039,0.06629834254143646,2.9337016574585637
IL2RB,0.44751381215469616,0.07734806629834254,2.6353591160220993
IL2RG,0.22099447513812154,0.3259668508287293,2.0
IL32,0.4972375690607735,0.09944751381215469,2.6906077348066297
IL33,0.3370165745856354,0.19337016574585636,2.425414364640884
IL36RN,0.6629834254143646,0.022099447513812154,3.292817679558011
IL37,0.6629834254143646,0.022099447513812154,3.292817679558011
IL3RA,0.292817679558011,0.30939226519337015,2.2044198895027622
IL4,0.30939226519337015,0.10497237569060773,2.314917127071823
IL4I1,0.5580110497237569,0.04419889502762431,2.9502762430939224
IL4R,0.5193370165745856,0.0718232044198895,2.856353591160221
IL5,0.3149171270718232,0.10497237569060773,2.3480662983425415
IL5RA,0.2983425414364641,0.20994475138121546,2.265193370165746
IL6,0.7403314917127072,0.016574585635359115,3.9226519337016574
IL6R,0.7071823204419889,0.011049723756906077,3.430939226519337
IL6ST,0.2596685082872928,0.13812154696132597,2.2596685082872927
IL7,0.7237569060773481,0.0055248618784530384,3.718232044198895
IL7R,0.6353591160220995,0.027624309392265192,3.6906077348066297
IL9,0.3149171270718232,0.08839779005524862,2.3646408839779007
IL9R,0.32044198895027626,0.32044198895027626,2.1933701657458564
ILF2,0.712707182320442,0.011049723756906077,3.4696132596685083
ILK,0.4143646408839779,0.08839779005524862,2.6464088397790055
ILKAP,0.5138121546961326,0.06077348066298342,2.751381215469613
IMMT,0.6685082872928176,0.0055248618784530384,3.2154696132596685
IMP3,0.5138121546961326,0.03867403314917127,2.8011049723756907
IMP4,0.6077348066298343,0.049723756906077346,3.027624309392265
IMPA1,0.7237569060773481,0.0,3.723756906077348
IMPA2,0.5414364640883977,0.08839779005524862,2.9502762430939224
IMPDH1,0.5027624309392266,0.09392265193370165,2.8287292817679557
IMPDH2,0.2541436464088398,0.2154696132596685,2.143646408839779
INA,0.4861878453038674,0.08287292817679558,2.613259668508287
INCENP,0.580110497237569,0.04419889502762431,2.977900552486188
ING1,0.5469613259668509,0.08839779005524862,2.889502762430939
ING2,0.3259668508287293,0.15469613259668508,2.408839779005525
ING3,0.5359116022099447,0.08287292817679558,2.9392265193370166
ING4,0.6022099447513812,0.06077348066298342,3.1767955801104972
ING5,0.4972375690607735,0.0718232044198895,2.734806629834254
INHA,0.5248618784530387,0.055248618784530384,2.7900552486187844
INHBA,0.7237569060773481,0.027624309392265192,3.7569060773480665
INHBB,0.6464088397790055,0.022099447513812154,3.3646408839779007
INHBC,0.580110497237569,0.049723756906077346,2.889502762430939
INHBE,0.580110497237569,0.049723756906077346,2.889502762430939
INIP,0.585635359116022,0.06629834254143646,2.9171270718232045
INO80B,0.6574585635359116,0.0055248618784530384,3.1767955801104972
INO80C,0.3701657458563536,0.23756906077348067,2.4696132596685083
INO80D,0.5524861878453039,0.049723756906077346,2.861878453038674
INO80E,0.5469613259668509,0.0718232044198895,2.9005524861878453
INPP5A,0.49171270718232046,0.07734806629834254,2.685082872928177
INPP5B,0.5359116022099447,0.03314917127071823,2.889502762430939
INPP5D,0.5248618784530387,0.055248618784530384,2.7845303867403315
INPP5E,0.6132596685082873,0.055248618784530384,2.9889502762430937
INPP5J,0.44751381215469616,0.06629834254143646,2.6629834254143647
INPP5K,0.39226519337016574,0.09944751381215469,2.5359116022099446
INPPL1,0.6022099447513812,0.03867403314917127,4.0497237569060776
INS,0.3867403314917127,0.10497237569060773,2.56353591160221
INSC,0.44751381215469616,0.0718232044198895,2.734806629834254
INSIG1,0.46408839779005523,0.13812154696132597,2.8011049723756907
INSIG2,0.6408839779005525,0.027624309392265192,3.3093922651933703
INSL3,0.49171270718232046,0.03314917127071823,2.7900552486187844
INSM1,0.6740331491712708,0.055248618784530384,3.5248618784530388
INSR,0.40331491712707185,0.06629834254143646,2.541436464088398
INSRR,0.7071823204419889,0.011049723756906077,3.447513812154696
INTS1,0.7403314917127072,0.022099447513812154,3.8950276243093924
INTS10,0.4585635359116022,0.14917127071823205,2.7403314917127073
INTS11,0.5303867403314917,0.049723756906077346,2.845303867403315
INTS12,0.3370165745856354,0.11049723756906077,2.3922651933701657
INTS13,0.6408839779005525,0.049723756906077346,4.088397790055248
INTS2,0.6795580110497238,0.03314917127071823,3.1712707182320443
INTS3,0.712707182320442,0.016574585635359115,3.4640883977900554
INTS4,0.5082872928176796,0.06077348066298342,2.972375690607735
INTS5,0.574585635359116,0.04419889502762431,2.972375690607735
INTS6,0.49171270718232046,0.09944751381215469,2.845303867403315
INTS7,0.6740331491712708,0.03314917127071823,3.3370165745856353
INTS8,0.7458563535911602,0.0055248618784530384,3.7955801104972378
INTS9,0.4530386740331492,0.17679558011049723,2.723756906077348
INTU,0.3370165745856354,0.09944751381215469,2.3922651933701657
INVS,0.585635359116022,0.06077348066298342,2.9226519337016574
IP6K1,0.2430939226519337,0.2265193370165746,2.116022099447514
IP6K2,0.2541436464088398,0.2154696132596685,2.143646408839779
IP6K3,0.6022099447513812,0.049723756906077346,2.994475138121547
IPCEF1,0.5303867403314917,0.055248618784530384,2.850828729281768
IPMK,0.5082872928176796,0.055248618784530384,2.7790055248618786
IPO11,0.2430939226519337,0.143646408839779,2.226519337016575
IPO13,0.5303867403314917,0.03314917127071823,2.7790055248618786
IPO4,0.5524861878453039,0.049723756906077346,2.9171270718232045
IPO5,0.5193370165745856,0.08839779005524862,2.834254143646409
IPO7,0.425414364640884,0.08287292817679558,2.6629834254143647
IPO8,0.6298342541436464,0.055248618784530384,3.4696132596685083
IPO9,0.6685082872928176,0.03314917127071823,3.298342541436464
IPP,0.5303867403314917,0.027624309392265192,2.729281767955801
IPPK,0.56353591160221,0.06077348066298342,2.911602209944751
IQCB1,0.6629834254143646,0.04419889502762431,3.458563535911602
IQCE,0.7348066298342542,0.022099447513812154,3.867403314917127
IQGAP1,0.574585635359116,0.016574585635359115,3.1270718232044197
IQGAP2,0.26519337016574585,0.14917127071823205,2.2320441988950277
IQGAP3,0.7071823204419889,0.011049723756906077,3.4640883977900554
IQSEC1,0.3259668508287293,0.1878453038674033,2.3259668508287294
IRAK1,0.2541436464088398,0.287292817679558,2.0994475138121547
IRAK2,0.3259668508287293,0.17679558011049723,2.3812154696132595
IRAK3,0.6022099447513812,0.022099447513812154,3.265193370165746
IREB2,0.5138121546961326,0.03314917127071823,2.8121546961325965
IRF1,0.3149171270718232,0.10497237569060773,2.3480662983425415
IRF2,0.3314917127071823,0.143646408839779,2.453038674033149
IRF2BP1,0.569060773480663,0.04419889502762431,2.9613259668508287
IRF2BP2,0.6906077348066298,0.016574585635359115,3.596685082872928
IRF2BPL,0.580110497237569,0.049723756906077346,2.889502762430939
IRF3,0.5580110497237569,0.04419889502762431,2.9444444444444446
IRF4,0.49171270718232046,0.1270718232044199,2.6906077348066297
IRF5,0.5027624309392266,0.09392265193370165,2.8287292817679557
IRF6,0.6740331491712708,0.027624309392265192,3.342541436464088
IRF7,0.3867403314917127,0.09392265193370165,2.566666666666667
IRF8,0.49171270718232046,0.06629834254143646,2.712707182320442
IRF9,0.5524861878453039,0.049723756906077346,2.9171270718232045
IRGM,0.36464088397790057,0.08287292817679558,2.403314917127072
IRS1,0.5469613259668509,0.055248618784530384,2.7955801104972378
IRS2,0.5580110497237569,0.08839779005524862,2.9060773480662982
IRS4,0.23756906077348067,0.30386740331491713,2.0386740331491713
IRX1,0.6629834254143646,0.03314917127071823,3.834254143646409
IRX5,0.5082872928176796,0.06077348066298342,2.8287292817679557
ISCA1,0.5580110497237569,0.0718232044198895,2.8784530386740332
ISCA2,0.585635359116022,0.055248618784530384,2.8729281767955803
ISCU,0.580110497237569,0.03867403314917127,2.867403314917127
ISG20,0.5469613259668509,0.022099447513812154,2.994475138121547
ISG20L2,0.7071823204419889,0.011049723756906077,3.447513812154696
ISL1,0.3149171270718232,0.13259668508287292,2.403314917127072
ISL2,0.5138121546961326,0.03867403314917127,2.8011049723756907
ISLR,0.5027624309392266,0.04419889502762431,2.8011049723756907
IST1,0.5138121546961326,0.06077348066298342,2.8066298342541436
ISX,0.4419889502762431,0.08287292817679558,2.6408839779005526
ISY1,0.6685082872928176,0.03867403314917127,3.5359116022099446
ISYNA1,0.49171270718232046,0.03314917127071823,2.811111111111111
ITGA1,0.281767955801105,0.143646408839779,2.314917127071823
ITGA10,0.6850828729281768,0.011049723756906077,3.430939226519337
ITGA11,0.49171270718232046,0.04419889502762431,2.7679558011049723
ITGA2,0.281767955801105,0.143646408839779,2.3093922651933703
ITGA2B,0.6077348066298343,0.03867403314917127,3.0607734806629834
ITGA3,0.6353591160220995,0.027624309392265192,3.143646408839779
ITGA4,0.5911602209944752,0.011049723756906077,3.0607734806629834
ITGA5,0.574585635359116,0.03867403314917127,2.850828729281768
ITGA6,0.6243093922651933,0.016574585635359115,3.2430939226519335
ITGA7,0.580110497237569,0.04419889502762431,2.861878453038674
ITGA8,0.56353591160221,0.06077348066298342,2.911602209944751
ITGA9,0.2983425414364641,0.1878453038674033,2.270718232044199
ITGAD,0.5524861878453039,0.06629834254143646,2.889502762430939
ITGAE,0.39226519337016574,0.09392265193370165,2.546961325966851
ITGAL,0.5580110497237569,0.06629834254143646,2.9226519337016574
ITGAM,0.5524861878453039,0.06629834254143646,2.889502762430939
ITGAV,0.6077348066298343,0.016574585635359115,3.0828729281767955
ITGAX,0.5524861878453039,0.06629834254143646,2.889502762430939
ITGB1,0.574585635359116,0.03314917127071823,3.0386740331491713
ITGB1BP1,0.6353591160220995,0.04419889502762431,3.088397790055249
ITGB1BP2,0.2265193370165746,0.3259668508287293,2.0110497237569063
ITGB2,0.30939226519337015,0.14917127071823205,2.3093922651933703
ITGB3,0.6132596685082873,0.03867403314917127,3.0331491712707184
ITGB3BP,0.4972375690607735,0.055248618784530384,2.6353591160220993
ITGB4,0.6408839779005525,0.022099447513812154,3.1270718232044197
ITGB5,0.6740331491712708,0.055248618784530384,3.4861878453038675
ITGB6,0.5911602209944752,0.027624309392265192,3.0718232044198897
ITGB7,0.569060773480663,0.055248618784530384,2.81767955801105
ITGB8,0.7403314917127072,0.022099447513812154,3.856353591160221
ITIH2,0.5469613259668509,0.06629834254143646,2.9502762430939224
ITIH3,0.2596685082872928,0.22099447513812154,2.165745856353591
ITIH4,0.26519337016574585,0.22099447513812154,2.1712707182320443
ITK,0.3756906077348066,0.08287292817679558,2.4198895027624308
ITLN1,0.712707182320442,0.016574585635359115,3.5027624309392267
ITLN2,0.7182320441988951,0.016574585635359115,3.5082872928176796
ITPA,0.6906077348066298,0.06077348066298342,3.458563535911602
ITPK1,0.5414364640883977,0.06629834254143646,2.834254143646409
ITPKC,0.5524861878453039,0.03867403314917127,2.911602209944751
ITPR1,0.30939226519337015,0.2154696132596685,2.2375690607734806
ITPR2,0.6353591160220995,0.049723756906077346,4.099447513812155
ITPR3,0.5966850828729282,0.049723756906077346,2.983425414364641
ITSN1,0.3370165745856354,0.09944751381215469,2.3756906077348066
ITSN2,0.6629834254143646,0.03314917127071823,3.132596685082873
IVD,0.4530386740331492,0.055248618784530384,2.7403314917127073
IVL,0.712707182320442,0.0055248618784530384,3.4917127071823204
IVNS1ABP,0.6850828729281768,0.03314917127071823,3.3756906077348066
IWS1,0.6077348066298343,0.055248618784530384,3.0331491712707184
IZUMO1,0.5580110497237569,0.049723756906077346,2.9281767955801103
JADE1,0.3370165745856354,0.09944751381215469,2.3922651933701657
JADE2,0.30939226519337015,0.09392265193370165,2.320441988950276
JADE3,0.143646408839779,0.4530386740331492,1.7679558011049723
JAG1,0.6850828729281768,0.055248618784530384,3.458563535911602
JAG2,0.5580110497237569,0.06077348066298342,2.8784530386740332
JAK1,0.49171270718232046,0.049723756906077346,2.6298342541436464
JAK2,0.3314917127071823,0.19337016574585636,2.430939226519337
JAK3,0.49171270718232046,0.03314917127071823,2.7900552486187844
JAM2,0.30386740331491713,0.15469613259668508,2.292817679558011
JAM3,0.4088397790055249,0.143646408839779,2.6243093922651934
JAML,0.4198895027624309,0.11049723756906077,2.6022099447513813
JARID2,0.5027624309392266,0.09944751381215469,2.734806629834254
JAZF1,0.7071823204419889,0.027624309392265192,3.729281767955801
JCHAIN,0.3867403314917127,0.08839779005524862,2.5580110497237567
JDP2,0.5911602209944752,0.055248618784530384,2.8729281767955803
JMJD1C,0.5082872928176796,0.049723756906077346,2.7845303867403315
JMY,0.2596685082872928,0.143646408839779,2.2320441988950277
JPH2,0.7403314917127072,0.0055248618784530384,4.038674033149171
JPT1,0.6464088397790055,0.022099447513812154,3.1933701657458564
JPT2,0.4861878453038674,0.10497237569060773,2.6740331491712706
JSRP1,0.3867403314917127,0.07734806629834254,2.5248618784530388
JUN,0.4861878453038674,0.04419889502762431,2.679558011049724
JUNB,0.49171270718232046,0.04419889502762431,2.7569060773480665
JUND,0.4861878453038674,0.03314917127071823,2.773480662983425
JUP,0.6408839779005525,0.03314917127071823,4.524861878453039
KALRN,0.6685082872928176,0.04419889502762431,3.4861878453038675
KANK1,0.3259668508287293,0.20441988950276244,2.386740331491713
KANSL1,0.6187845303867403,0.03867403314917127,3.088397790055249
KANSL2,0.5580110497237569,0.055248618784530384,2.81767955801105
KANSL3,0.6795580110497238,0.0055248618784530384,3.2154696132596685
KAT14,0.6740331491712708,0.055248618784530384,3.4861878453038675
KAT2A,0.6298342541436464,0.04419889502762431,3.132596685082873
KAT2B,0.3149171270718232,0.1878453038674033,2.281767955801105
KAT5,0.6077348066298343,0.03314917127071823,3.0607734806629834
KAT6A,0.6298342541436464,0.06629834254143646,3.707182320441989
KAT6B,0.5027624309392266,0.06629834254143646,2.7790055248618786
KAT7,0.6353591160220995,0.027624309392265192,3.143646408839779
KAT8,0.5524861878453039,0.06629834254143646,2.889502762430939
KATNA1,0.5414364640883977,0.055248618784530384,2.845303867403315
KATNAL1,0.48066298342541436,0.08287292817679558,2.850828729281768
KATNAL2,0.3314917127071823,0.2596685082872928,2.43646408839779
KATNB1,0.5193370165745856,0.06077348066298342,2.8232044198895028
KATNBL1,0.48066298342541436,0.04419889502762431,2.7624309392265194
KAZN,0.5138121546961326,0.049723756906077346,2.723756906077348
KBTBD13,0.4861878453038674,0.04419889502762431,2.7569060773480665
KCNA1,0.6077348066298343,0.06077348066298342,3.276243093922652
KCNA10,0.4972375690607735,0.09392265193370165,2.613259668508287
KCNA2,0.4972375690607735,0.09392265193370165,2.613259668508287
KCNA3,0.5027624309392266,0.09392265193370165,2.6187845303867405
KCNA4,0.5082872928176796,0.06077348066298342,2.9668508287292816
KCNA5,0.6077348066298343,0.06077348066298342,3.276243093922652
KCNAB1,0.7458563535911602,0.027624309392265192,4.176795580110498
KCNAB2,0.5248618784530387,0.06629834254143646,2.773480662983425
KCNAB3,0.3756906077348066,0.09392265193370165,2.5248618784530388
KCNB1,0.7679558011049724,0.0055248618784530384,4.0
KCNB2,0.7237569060773481,0.0,3.6519337016574585
KCNC1,0.4585635359116022,0.0718232044198895,2.751381215469613
KCNC2,0.5248618784530387,0.027624309392265192,2.9005524861878453
KCNC3,0.5524861878453039,0.049723756906077346,2.9392265193370166
KCNC4,0.5082872928176796,0.09392265193370165,2.657458563535912
KCND2,0.5303867403314917,0.08287292817679558,2.9613259668508287
KCND3,0.5027624309392266,0.09392265193370165,2.6187845303867405
KCNE1,0.3259668508287293,0.11602209944751381,2.342541436464088
KCNE2,0.3259668508287293,0.11049723756906077,2.3480662983425415
KCNE3,0.5303867403314917,0.055248618784530384,3.408839779005525
KCNE4,0.5359116022099447,0.055248618784530384,2.773480662983425
KCNE5,0.23204419889502761,0.30386740331491713,2.0331491712707184
KCNF1,0.6353591160220995,0.04419889502762431,3.0662983425414363
KCNG1,0.7734806629834254,0.011049723756906077,4.033149171270718
KCNG2,0.3370165745856354,0.23756906077348067,2.3093922651933703
KCNG3,0.6574585635359116,0.016574585635359115,3.154696132596685
KCNG4,0.49171270718232046,0.0718232044198895,2.707182320441989
KCNH1,0.6685082872928176,0.027624309392265192,3.3480662983425415
KCNH2,0.4585635359116022,0.13259668508287292,2.7845303867403315
KCNH3,0.569060773480663,0.055248618784530384,2.8287292817679557
KCNH5,0.574585635359116,0.04419889502762431,2.8784530386740332
KCNIP1,0.3812154696132597,0.08287292817679558,2.4696132596685083
KCNIP2,0.48066298342541436,0.08839779005524862,2.613259668508287
KCNIP3,0.6850828729281768,0.0055248618784530384,3.2099447513812156
KCNIP4,0.30939226519337015,0.16574585635359115,2.342541436464088
KCNJ1,0.4143646408839779,0.11602209944751381,2.6519337016574585
KCNJ11,0.4585635359116022,0.0718232044198895,2.7569060773480665
KCNJ12,0.35911602209944754,0.13812154696132597,2.4806629834254146
KCNJ15,0.2983425414364641,0.143646408839779,2.281767955801105
KCNJ2,0.6519337016574586,0.027624309392265192,3.265193370165746
KCNJ3,0.6022099447513812,0.027624309392265192,3.0331491712707184
KCNJ4,0.4530386740331492,0.0718232044198895,2.6408839779005526
KCNJ5,0.4143646408839779,0.11602209944751381,2.6519337016574585
KCNJ6,0.2983425414364641,0.143646408839779,2.270718232044199
KCNJ8,0.6298342541436464,0.06629834254143646,3.4696132596685083
KCNJ9,0.712707182320442,0.016574585635359115,3.5082872928176796
KCNK3,0.6740331491712708,0.03314917127071823,3.160220994475138
KCNK5,0.6077348066298343,0.04419889502762431,3.088397790055249
KCNK9,0.7955801104972375,0.022099447513812154,4.204419889502763
KCNMA1,0.49171270718232046,0.06629834254143646,2.707182320441989
KCNMB1,0.3812154696132597,0.08287292817679558,2.4696132596685083
KCNMB2,0.7790055248618785,0.022099447513812154,4.519337016574585
KCNMB4,0.5966850828729282,0.027624309392265192,3.25414364640884
KCNN1,0.49171270718232046,0.03314917127071823,2.7900552486187844
KCNN2,0.292817679558011,0.11602209944751381,2.320441988950276
KCNN3,0.7071823204419889,0.016574585635359115,3.425414364640884
KCNQ1,0.3812154696132597,0.11049723756906077,2.546961325966851
KCNQ2,0.7513812154696132,0.011049723756906077,3.955801104972376
KCNQ3,0.8121546961325967,0.022099447513812154,4.176795580110498
KCNQ4,0.5359116022099447,0.027624309392265192,3.027624309392265
KCNQ5,0.5303867403314917,0.06077348066298342,2.7955801104972378
KCNRG,0.4861878453038674,0.09944751381215469,2.867403314917127
KCNS2,0.7403314917127072,0.0055248618784530384,3.9447513812154695
KCNS3,0.6519337016574586,0.04419889502762431,3.0773480662983426
KCNV1,0.7790055248618785,0.0055248618784530384,4.12707182320442
KCNV2,0.3149171270718232,0.20994475138121546,2.3370165745856353
KCTD1,0.43646408839779005,0.18232044198895028,2.7955801104972378
KCTD10,0.585635359116022,0.03867403314917127,2.883977900552486
KCTD13,0.5469613259668509,0.0718232044198895,2.9005524861878453
KCTD15,0.580110497237569,0.03867403314917127,3.143646408839779
KCTD3,0.6740331491712708,0.022099447513812154,3.3756906077348066
KCTD5,0.4972375690607735,0.09944751381215469,2.696132596685083
KCTD6,0.24861878453038674,0.2265193370165746,2.1270718232044197
KCTD7,0.6464088397790055,0.03314917127071823,3.546961325966851
KDELR1,0.56353591160221,0.049723756906077346,2.9613259668508287
KDELR2,0.7458563535911602,0.016574585635359115,3.883977900552486
KDELR3,0.4530386740331492,0.06629834254143646,2.6464088397790055
KDM1A,0.4530386740331492,0.055248618784530384,2.6298342541436464
KDM1B,0.5138121546961326,0.09392265193370165,2.751381215469613
KDM2A,0.6464088397790055,0.016574585635359115,3.287292817679558
KDM2B,0.56353591160221,0.04419889502762431,2.867403314917127
KDM3A,0.6685082872928176,0.0055248618784530384,3.2099447513812156
KDM4A,0.5414364640883977,0.027624309392265192,2.839779005524862
KDM4B,0.4198895027624309,0.07734806629834254,2.591160220994475
KDM4C,0.3314917127071823,0.1878453038674033,2.4419889502762433
KDM5A,0.585635359116022,0.0718232044198895,3.2430939226519335
KDM5B,0.6629834254143646,0.03314917127071823,3.303867403314917
KDM6A,0.14917127071823205,0.47513812154696133,1.7845303867403315
KDM6B,0.3756906077348066,0.09392265193370165,2.5248618784530388
KDM8,0.5248618784530387,0.0718232044198895,2.861878453038674
KDR,0.4198895027624309,0.09944751381215469,2.6629834254143647
KEAP1,0.47513812154696133,0.049723756906077346,2.701657458563536
KEL,0.4972375690607735,0.09944751381215469,2.8232044198895028
KERA,0.5524861878453039,0.06077348066298342,2.7845303867403315
KHDRBS1,0.4861878453038674,0.049723756906077346,2.6740331491712706
KHDRBS2,0.6574585635359116,0.022099447513812154,3.1270718232044197
KHDRBS3,0.8066298342541437,0.022099447513812154,4.314917127071824
KHK,0.6629834254143646,0.03314917127071823,3.1270718232044197
KHSRP,0.4198895027624309,0.07734806629834254,2.56353591160221
KIAA0319,0.5359116022099447,0.06077348066298342,2.9226519337016574
KIAA0319L,0.5138121546961326,0.03867403314917127,2.723756906077348
KIAA0513,0.4972375690607735,0.06629834254143646,2.707182320441989
KIAA1549,0.5027624309392266,0.09392265193370165,2.845303867403315
KIAA1549L,0.5359116022099447,0.06077348066298342,3.044198895027624
KIAA2013,0.5248618784530387,0.055248618784530384,2.845303867403315
KIDINS220,0.6408839779005525,0.03867403314917127,3.0994475138121547
KIF11,0.4696132596685083,0.08287292817679558,2.596685082872928
KIF13A,0.5138121546961326,0.09392265193370165,2.74585635359116
KIF13B,0.4530386740331492,0.17679558011049723,2.734806629834254
KIF14,0.6574585635359116,0.03314917127071823,3.292817679558011
KIF15,0.287292817679558,0.19337016574585636,2.2209944751381214
KIF16B,0.6795580110497238,0.06077348066298342,3.447513812154696
KIF17,0.4585635359116022,0.049723756906077346,2.6519337016574585
KIF18A,0.4972375690607735,0.055248618784530384,2.9060773480662982
KIF18B,0.6298342541436464,0.03314917127071823,3.0994475138121547
KIF19,0.6464088397790055,0.022099447513812154,3.2209944751381214
KIF1A,0.5082872928176796,0.06629834254143646,2.7403314917127073
KIF1B,0.5082872928176796,0.06629834254143646,2.8066298342541436
KIF1C,0.3867403314917127,0.09392265193370165,2.5248618784530388
KIF20A,0.3259668508287293,0.08839779005524862,2.3646408839779007
KIF20B,0.44751381215469616,0.09944751381215469,2.552486187845304
KIF21A,0.5524861878453039,0.06077348066298342,2.834254143646409
KIF21B,0.6574585635359116,0.03314917127071823,3.281767955801105
KIF22,0.5469613259668509,0.0718232044198895,2.9005524861878453
KIF23,0.49171270718232046,0.04419889502762431,2.7679558011049723
KIF26A,0.5524861878453039,0.06077348066298342,2.861878453038674
KIF26B,0.6795580110497238,0.03867403314917127,3.4972375690607733
KIF27,0.5580110497237569,0.0718232044198895,2.867403314917127
KIF2A,0.23756906077348067,0.143646408839779,2.2209944751381214
KIF2B,0.6132596685082873,0.03867403314917127,3.116022099447514
KIF2C,0.5359116022099447,0.027624309392265192,2.7955801104972378
KIF3A,0.30939226519337015,0.10497237569060773,2.314917127071823
KIF3B,0.7569060773480663,0.0055248618784530384,3.9337016574585637
KIF3C,0.6629834254143646,0.03314917127071823,3.143646408839779
KIF4A,0.20994475138121546,0.3314917127071823,1.977900552486188
KIF4B,0.3701657458563536,0.07734806629834254,2.4198895027624308
KIF5A,0.580110497237569,0.049723756906077346,2.889502762430939
KIF5B,0.569060773480663,0.03314917127071823,3.0552486187845305
KIF5C,0.5911602209944752,0.027624309392265192,3.005524861878453
KIF6,0.6132596685082873,0.03867403314917127,3.303867403314917
KIF7,0.5580110497237569,0.022099447513812154,3.0773480662983426
KIFAP3,0.7071823204419889,0.016574585635359115,3.4696132596685083
KIFC1,0.5966850828729282,0.04419889502762431,2.9889502762430937
KIFC2,0.7679558011049724,0.022099447513812154,3.9226519337016574
KIFC3,0.5193370165745856,0.06077348066298342,2.8232044198895028
KIN,0.5469613259668509,0.06629834254143646,2.9502762430939224
KIR2DL1,0.585635359116022,0.03314917127071823,3.0552486187845305
KIR2DL3,0.585635359116022,0.03314917127071823,3.0552486187845305
KIR2DL4,0.585635359116022,0.03314917127071823,3.0552486187845305
KIR3DL1,0.585635359116022,0.03314917127071823,3.0552486187845305
KIR3DL2,0.585635359116022,0.03314917127071823,3.0552486187845305
KIR3DL3,0.585635359116022,0.03314917127071823,3.0552486187845305
KIRREL1,0.7016574585635359,0.016574585635359115,3.447513812154696
KIRREL2,0.5911602209944752,0.03314917127071823,3.154696132596685
KIRREL3,0.4143646408839779,0.12154696132596685,2.574585635359116
KISS1,0.6685082872928176,0.022099447513812154,3.3093922651933703
KISS1R,0.3756906077348066,0.07734806629834254,2.5082872928176796
KIT,0.4198895027624309,0.10497237569060773,2.6629834254143647
KIZ,0.6850828729281768,0.04419889502762431,3.585635359116022
KL,0.49171270718232046,0.08287292817679558,2.972375690607735
KLB,0.3425414364640884,0.14917127071823205,2.4419889502762433
KLC1,0.5524861878453039,0.06629834254143646,2.8287292817679557
KLC2,0.6243093922651933,0.022099447513812154,3.160220994475138
KLC3,0.5580110497237569,0.049723756906077346,2.9005524861878453
KLC4,0.6408839779005525,0.027624309392265192,3.707182320441989
KLF1,0.49171270718232046,0.04419889502762431,2.7569060773480665
KLF15,0.6574585635359116,0.04419889502762431,3.4806629834254146
KLF2,0.5082872928176796,0.027624309392265192,2.8784530386740332
KLF4,0.585635359116022,0.06077348066298342,2.9060773480662982
KLF5,0.5359116022099447,0.08839779005524862,3.0718232044198897
KLF6,0.5414364640883977,0.07734806629834254,2.9171270718232045
KLF7,0.5524861878453039,0.055248618784530384,2.8729281767955803
KLHDC2,0.6022099447513812,0.03867403314917127,2.983425414364641
KLHDC3,0.6353591160220995,0.027624309392265192,3.696132596685083
KLHL10,0.6353591160220995,0.03867403314917127,4.1602209944751385
KLHL11,0.6353591160220995,0.03867403314917127,4.033149171270718
KLHL2,0.3425414364640884,0.11602209944751381,2.4917127071823204
KLHL20,0.7016574585635359,0.022099447513812154,3.4419889502762433
KLHL21,0.5193370165745856,0.06077348066298342,2.7790055248618786
KLHL22,0.47513812154696133,0.0718232044198895,2.7845303867403315
KLHL24,0.7679558011049724,0.027624309392265192,4.281767955801105
KLHL25,0.5469613259668509,0.022099447513812154,2.9613259668508287
KLHL3,0.3259668508287293,0.08839779005524862,2.3646408839779007
KLHL41,0.5966850828729282,0.022099447513812154,3.0773480662983426
KLHL5,0.35359116022099446,0.14917127071823205,2.4419889502762433
KLHL9,0.287292817679558,0.2430939226519337,2.1712707182320443
KLK1,0.5580110497237569,0.049723756906077346,2.9502762430939224
KLK12,0.5580110497237569,0.049723756906077346,2.9502762430939224
KLK13,0.5580110497237569,0.049723756906077346,2.9502762430939224
KLK14,0.5580110497237569,0.049723756906077346,2.9502762430939224
KLK3,0.5580110497237569,0.049723756906077346,2.9502762430939224
KLK4,0.5580110497237569,0.049723756906077346,2.9502762430939224
KLK5,0.5580110497237569,0.049723756906077346,2.9502762430939224
KLK6,0.5580110497237569,0.049723756906077346,2.9502762430939224
KLK7,0.5580110497237569,0.049723756906077346,2.9502762430939224
KLK8,0.5580110497237569,0.049723756906077346,2.9502762430939224
KLKB1,0.3259668508287293,0.143646408839779,2.43646408839779
KLRB1,0.6077348066298343,0.055248618784530384,3.2044198895027622
KLRC1,0.6077348066298343,0.06077348066298342,3.1933701657458564
KLRC2,0.6077348066298343,0.06077348066298342,3.1933701657458564
KLRC4,0.6077348066298343,0.06077348066298342,3.1933701657458564
KLRD1,0.6132596685082873,0.06077348066298342,3.1988950276243093
KLRF2,0.6077348066298343,0.055248618784530384,3.2209944751381214
KLRG1,0.6077348066298343,0.06077348066298342,3.1712707182320443
KMO,0.6740331491712708,0.022099447513812154,3.43646408839779
KMT2A,0.4088397790055249,0.11049723756906077,2.585635359116022
KMT2B,0.5911602209944752,0.03867403314917127,3.138121546961326
KMT2C,0.4585635359116022,0.143646408839779,2.74585635359116
KMT2D,0.569060773480663,0.049723756906077346,2.834254143646409
KMT2E,0.6685082872928176,0.04419889502762431,3.696132596685083
KMT5A,0.56353591160221,0.04419889502762431,2.861878453038674
KMT5B,0.6574585635359116,0.016574585635359115,3.56353591160221
KNL1,0.44751381215469616,0.06629834254143646,2.718232044198895
KNTC1,0.574585635359116,0.04419889502762431,2.8784530386740332
KPNA1,0.6629834254143646,0.04419889502762431,3.453038674033149
KPNA2,0.6464088397790055,0.022099447513812154,3.1988950276243093
KPNA3,0.4861878453038674,0.09944751381215469,2.867403314917127
KPNA4,0.7624309392265194,0.022099447513812154,4.237569060773481
KPNA5,0.49171270718232046,0.06077348066298342,2.8011049723756907
KPNA6,0.4861878453038674,0.049723756906077346,2.6740331491712706
KPNA7,0.712707182320442,0.016574585635359115,4.143646408839779
KPNB1,0.6132596685082873,0.03314917127071823,3.0497237569060776
KPRP,0.712707182320442,0.0055248618784530384,3.4917127071823204
KPTN,0.5580110497237569,0.04419889502762431,2.9281767955801103
KRAS,0.6629834254143646,0.055248618784530384,5.6740331491712706
KRIT1,0.7403314917127072,0.016574585635359115,4.43646408839779
KRR1,0.5193370165745856,0.03314917127071823,2.7679558011049723
KRT1,0.569060773480663,0.049723756906077346,2.8287292817679557
KRT10,0.6408839779005525,0.022099447513812154,4.2154696132596685
KRT12,0.6353591160220995,0.022099447513812154,4.259668508287293
KRT13,0.6408839779005525,0.03314917127071823,4.419889502762431
KRT14,0.6408839779005525,0.03314917127071823,4.45303867403315
KRT15,0.6408839779005525,0.03314917127071823,4.45303867403315
KRT16,0.6408839779005525,0.03314917127071823,4.45303867403315
KRT17,0.6408839779005525,0.03314917127071823,4.45303867403315
KRT18,0.569060773480663,0.049723756906077346,2.8232044198895028
KRT19,0.6408839779005525,0.03314917127071823,4.45303867403315
KRT2,0.56353591160221,0.049723756906077346,2.8232044198895028
KRT20,0.6353591160220995,0.022099447513812154,4.259668508287293
KRT23,0.6464088397790055,0.022099447513812154,4.3259668508287294
KRT24,0.6574585635359116,0.022099447513812154,4.248618784530387
KRT25,0.6464088397790055,0.022099447513812154,4.232044198895028
KRT26,0.6408839779005525,0.022099447513812154,4.2154696132596685
KRT27,0.6408839779005525,0.022099447513812154,4.2154696132596685
KRT28,0.6408839779005525,0.022099447513812154,4.2154696132596685
KRT3,0.569060773480663,0.049723756906077346,2.8287292817679557
KRT31,0.6408839779005525,0.03314917127071823,4.220994475138122
KRT32,0.6408839779005525,0.03314917127071823,4.419889502762431
KRT33A,0.6464088397790055,0.03314917127071823,4.220994475138122
KRT33B,0.6408839779005525,0.03314917127071823,4.220994475138122
KRT34,0.6408839779005525,0.03314917127071823,4.220994475138122
KRT37,0.6353591160220995,0.03314917127071823,4.2
KRT38,0.6408839779005525,0.03314917127071823,4.265193370165746
KRT39,0.6408839779005525,0.022099447513812154,4.314917127071824
KRT4,0.569060773480663,0.049723756906077346,2.8232044198895028
KRT40,0.6408839779005525,0.022099447513812154,4.314917127071824
KRT5,0.56353591160221,0.049723756906077346,2.8232044198895028
KRT6A,0.56353591160221,0.049723756906077346,2.8232044198895028
KRT6B,0.56353591160221,0.049723756906077346,2.8232044198895028
KRT6C,0.56353591160221,0.049723756906077346,2.8232044198895028
KRT7,0.5524861878453039,0.049723756906077346,2.8066298342541436
KRT71,0.56353591160221,0.049723756906077346,2.8232044198895028
KRT72,0.56353591160221,0.049723756906077346,2.8232044198895028
KRT73,0.56353591160221,0.049723756906077346,2.8232044198895028
KRT74,0.56353591160221,0.049723756906077346,2.8232044198895028
KRT75,0.56353591160221,0.049723756906077346,2.8232044198895028
KRT76,0.569060773480663,0.049723756906077346,2.8287292817679557
KRT78,0.569060773480663,0.049723756906077346,2.8232044198895028
KRT79,0.569060773480663,0.049723756906077346,2.8232044198895028
KRT8,0.569060773480663,0.049723756906077346,2.8232044198895028
KRT80,0.5524861878453039,0.055248618784530384,2.8011049723756907
KRT81,0.5524861878453039,0.049723756906077346,2.8066298342541436
KRT83,0.5524861878453039,0.049723756906077346,2.8066298342541436
KRT85,0.5580110497237569,0.049723756906077346,2.8121546961325965
KRT86,0.5524861878453039,0.049723756906077346,2.8066298342541436
KRT9,0.6408839779005525,0.03314917127071823,4.45303867403315
KSR1,0.6187845303867403,0.04419889502762431,3.154696132596685
KTN1,0.5911602209944752,0.04419889502762431,2.911602209944751
KYAT1,0.6022099447513812,0.0718232044198895,2.911602209944751
KYNU,0.569060773480663,0.03314917127071823,2.9889502762430937
L1CAM,0.2596685082872928,0.281767955801105,2.110497237569061
L2HGDH,0.6077348066298343,0.049723756906077346,2.977900552486188
L3MBTL1,0.7513812154696132,0.0055248618784530384,3.9889502762430937
L3MBTL2,0.44751381215469616,0.055248618784530384,2.679558011049724
LACRT,0.574585635359116,0.03867403314917127,2.834254143646409
LAIR1,0.574585635359116,0.03314917127071823,3.016574585635359
LALBA,0.5580110497237569,0.055248618784530384,2.8232044198895028
LAMA1,0.5469613259668509,0.09944751381215469,3.0331491712707184
LAMA2,0.5469613259668509,0.049723756906077346,2.9668508287292816
LAMA3,0.5082872928176796,0.11049723756906077,3.4198895027624308
LAMA4,0.49171270718232046,0.0718232044198895,2.751381215469613
LAMA5,0.7513812154696132,0.011049723756906077,3.972375690607735
LAMB1,0.6464088397790055,0.04419889502762431,3.5580110497237567
LAMB2,0.2541436464088398,0.2154696132596685,2.143646408839779
LAMB3,0.6740331491712708,0.027624309392265192,3.342541436464088
LAMC1,0.6850828729281768,0.022099447513812154,3.3756906077348066
LAMC2,0.6850828729281768,0.022099447513812154,3.3756906077348066
LAMC3,0.6022099447513812,0.06629834254143646,2.911602209944751
LAMP1,0.5524861878453039,0.08287292817679558,3.0939226519337018
LAMP2,0.2430939226519337,0.2983425414364641,2.0773480662983426
LAMTOR1,0.5911602209944752,0.03867403314917127,4.082872928176796
LAMTOR2,0.7016574585635359,0.016574585635359115,3.414364640883978
LAMTOR3,0.32044198895027626,0.12154696132596685,2.3591160220994474
LAMTOR5,0.5082872928176796,0.09392265193370165,2.657458563535912
LAP3,0.30939226519337015,0.16022099447513813,2.3480662983425415
LAPTM5,0.4861878453038674,0.055248618784530384,2.679558011049724
LARGE1,0.4419889502762431,0.09392265193370165,2.657458563535912
LARGE2,0.5303867403314917,0.06077348066298342,2.9337016574585637
LARP6,0.49171270718232046,0.04419889502762431,2.7790055248618786
LARP7,0.3370165745856354,0.09944751381215469,2.408839779005525
LAS1L,0.19889502762430938,0.34806629834254144,1.9723756906077348
LASP1,0.6464088397790055,0.027624309392265192,3.3591160220994474
LAT,0.5359116022099447,0.0718232044198895,2.883977900552486
LAT2,0.6574585635359116,0.03314917127071823,3.430939226519337
LATS1,0.5414364640883977,0.055248618784530384,2.845303867403315
LATS2,0.43646408839779005,0.10497237569060773,2.729281767955801
LAYN,0.4143646408839779,0.12154696132596685,2.5580110497237567
LBP,0.7403314917127072,0.0,3.955801104972376
LBR,0.6740331491712708,0.022099447513812154,3.4419889502762433
LCA5,0.5303867403314917,0.06629834254143646,2.7569060773480665
LCAT,0.5248618784530387,0.06629834254143646,2.9005524861878453
LCE1A,0.712707182320442,0.0055248618784530384,3.4917127071823204
LCE1B,0.712707182320442,0.0055248618784530384,3.4917127071823204
LCE1C,0.712707182320442,0.0055248618784530384,3.4917127071823204
LCE1D,0.712707182320442,0.0055248618784530384,3.4917127071823204
LCE1E,0.712707182320442,0.0055248618784530384,3.4917127071823204
LCE1F,0.712707182320442,0.0055248618784530384,3.4917127071823204
LCE2A,0.712707182320442,0.0055248618784530384,3.4917127071823204
LCE2B,0.712707182320442,0.0055248618784530384,3.4917127071823204
LCE2C,0.712707182320442,0.0055248618784530384,3.4917127071823204
LCE2D,0.712707182320442,0.0055248618784530384,3.4917127071823204
LCE3A,0.712707182320442,0.0055248618784530384,3.4917127071823204
LCE3B,0.712707182320442,0.0055248618784530384,3.4917127071823204
LCE3C,0.712707182320442,0.0055248618784530384,3.4917127071823204
LCE3D,0.712707182320442,0.0055248618784530384,3.4917127071823204
LCE4A,0.712707182320442,0.0055248618784530384,3.4917127071823204
LCE5A,0.712707182320442,0.0055248618784530384,3.4917127071823204
LCK,0.49171270718232046,0.04419889502762431,2.701657458563536
LCLAT1,0.6574585635359116,0.027624309392265192,3.1270718232044197
LCN1,0.6022099447513812,0.06077348066298342,2.9392265193370166
LCN2,0.6132596685082873,0.06629834254143646,2.9281767955801103
LCORL,0.30939226519337015,0.16574585635359115,2.342541436464088
LCP1,0.47513812154696133,0.11049723756906077,2.7679558011049723
LCP2,0.3812154696132597,0.07734806629834254,2.4751381215469612
LCT,0.5911602209944752,0.055248618784530384,2.983425414364641
LDB1,0.4861878453038674,0.08287292817679558,2.6408839779005526
LDB2,0.3149171270718232,0.16022099447513813,2.3701657458563536
LDB3,0.46408839779005523,0.09944751381215469,2.596685082872928
LDHAL6A,0.46408839779005523,0.0718232044198895,2.7569060773480665
LDHAL6B,0.48066298342541436,0.055248618784530384,2.7403314917127073
LDHB,0.6298342541436464,0.06629834254143646,3.4696132596685083
LDHC,0.46408839779005523,0.0718232044198895,2.7569060773480665
LDHD,0.5082872928176796,0.06077348066298342,2.81767955801105
LDLR,0.47513812154696133,0.04419889502762431,2.7569060773480665
LDLRAP1,0.4585635359116022,0.055248618784530384,2.6243093922651934
LEF1,0.3314917127071823,0.10497237569060773,2.3922651933701657
LEFTY1,0.6740331491712708,0.027624309392265192,3.4419889502762433
LEFTY2,0.6740331491712708,0.027624309392265192,3.4419889502762433
LEMD2,0.6022099447513812,0.049723756906077346,2.994475138121547
LEMD3,0.6022099447513812,0.022099447513812154,3.110497237569061
LEO1,0.47513812154696133,0.049723756906077346,2.751381215469613
LEP,0.5027624309392266,0.09392265193370165,2.8287292817679557
LEPR,0.49171270718232046,0.049723756906077346,2.613259668508287
LEPROT,0.49171270718232046,0.049723756906077346,2.613259668508287
LETM1,0.3425414364640884,0.15469613259668508,2.4751381215469612
LFNG,0.7348066298342542,0.022099447513812154,3.8729281767955803
LGALS1,0.44751381215469616,0.0718232044198895,2.657458563535912
LGALS3,0.585635359116022,0.04419889502762431,2.9171270718232045
LGALS3BP,0.6132596685082873,0.027624309392265192,3.016574585635359
LGALS4,0.56353591160221,0.03314917127071823,2.955801104972376
LGALS7,0.56353591160221,0.03314917127071823,2.955801104972376
LGALS7B,0.56353591160221,0.03314917127071823,2.955801104972376
LGALS8,0.6685082872928176,0.016574585635359115,3.453038674033149
LGALS9,0.6132596685082873,0.04419889502762431,3.143646408839779
LGI1,0.4696132596685083,0.08287292817679558,2.591160220994475
LGI3,0.430939226519337,0.16022099447513813,2.6187845303867405
LGMN,0.5469613259668509,0.06629834254143646,2.845303867403315
LGR4,0.49171270718232046,0.055248618784530384,2.994475138121547
LGR5,0.569060773480663,0.03314917127071823,3.160220994475138
LHCGR,0.6685082872928176,0.011049723756906077,3.1712707182320443
LHFPL5,0.5911602209944752,0.049723756906077346,2.994475138121547
LHPP,0.5027624309392266,0.06629834254143646,2.734806629834254
LHX1,0.6077348066298343,0.055248618784530384,3.005524861878453
LHX2,0.585635359116022,0.06077348066298342,2.9005524861878453
LHX3,0.6077348066298343,0.06077348066298342,2.9613259668508287
LHX4,0.6740331491712708,0.022099447513812154,3.3646408839779007
LHX6,0.5911602209944752,0.06077348066298342,2.9005524861878453
LHX8,0.47513812154696133,0.06629834254143646,2.596685082872928
LHX9,0.6519337016574586,0.03314917127071823,3.287292817679558
LIF,0.4530386740331492,0.0718232044198895,2.6685082872928176
LIFR,0.6353591160220995,0.027624309392265192,3.751381215469613
LIG1,0.56353591160221,0.049723756906077346,2.9613259668508287
LIG3,0.5911602209944752,0.049723756906077346,3.0
LIG4,0.5469613259668509,0.08287292817679558,2.9226519337016574
LILRA1,0.574585635359116,0.03314917127071823,3.016574585635359
LILRA4,0.574585635359116,0.03867403314917127,3.0110497237569063
LILRB1,0.574585635359116,0.03314917127071823,3.016574585635359
LILRB2,0.574585635359116,0.03867403314917127,3.0110497237569063
LILRB3,0.574585635359116,0.03867403314917127,3.0110497237569063
LILRB4,0.580110497237569,0.03314917127071823,3.022099447513812
LIMA1,0.569060773480663,0.055248618784530384,2.839779005524862
LIMD1,0.27624309392265195,0.19889502762430938,2.2099447513812156
LIMK1,0.6574585635359116,0.03314917127071823,3.430939226519337
LIMK2,0.44751381215469616,0.06629834254143646,2.6629834254143647
LIMS1,0.6685082872928176,0.016574585635359115,3.2375690607734806
LIMS2,0.6077348066298343,0.055248618784530384,3.016574585635359
LIMS3,0.6685082872928176,0.016574585635359115,3.25
LIN28A,0.4419889502762431,0.07734806629834254,2.546961325966851
LIN28B,0.5027624309392266,0.06629834254143646,2.7569060773480665
LIN37,0.5911602209944752,0.03867403314917127,3.138121546961326
LIN52,0.580110497237569,0.055248618784530384,2.861878453038674
LIN54,0.3425414364640884,0.10497237569060773,2.4419889502762433
LIN7A,0.5303867403314917,0.055248618784530384,2.7900552486187844
LIN7B,0.5580110497237569,0.049723756906077346,2.9337016574585637
LIN7C,0.49171270718232046,0.055248618784530384,2.983425414364641
LIN9,0.6685082872928176,0.027624309392265192,3.430939226519337
LINGO1,0.5138121546961326,0.03314917127071823,2.8121546961325965
LIPC,0.48066298342541436,0.049723756906077346,2.7569060773480665
LIPE,0.5414364640883977,0.049723756906077346,2.8729281767955803
LIPG,0.3149171270718232,0.27071823204419887,2.287292817679558
LIPH,0.7679558011049724,0.027624309392265192,4.276243093922652
LIPT1,0.6629834254143646,0.0055248618784530384,3.248618784530387
LLGL1,0.36464088397790057,0.1270718232044199,2.5193370165745854
LLGL2,0.6464088397790055,0.022099447513812154,3.1988950276243093
LMAN1,0.30939226519337015,0.281767955801105,2.1988950276243093
LMAN2,0.39779005524861877,0.06629834254143646,2.569060773480663
LMAN2L,0.6795580110497238,0.0055248618784530384,3.2154696132596685
LMBR1,0.48066298342541436,0.13259668508287292,2.8066298342541436
LMBR1L,0.569060773480663,0.055248618784530384,2.8287292817679557
LMCD1,0.3259668508287293,0.18232044198895028,2.314917127071823
LMF1,0.4861878453038674,0.11049723756906077,2.6685082872928176
LMF2,0.44751381215469616,0.09392265193370165,2.6298342541436464
LMNA,0.7016574585635359,0.011049723756906077,3.4198895027624308
LMNB1,0.2983425414364641,0.10497237569060773,2.3093922651933703
LMNB2,0.39779005524861877,0.0718232044198895,2.546961325966851
LMO1,0.4198895027624309,0.08839779005524862,2.6353591160220993
LMO2,0.5359116022099447,0.06077348066298342,3.1049723756906076
LMO4,0.4972375690607735,0.06629834254143646,2.596685082872928
LMO7,0.5138121546961326,0.08839779005524862,2.81767955801105
LMOD1,0.6685082872928176,0.03314917127071823,3.303867403314917
LMTK2,0.7071823204419889,0.016574585635359115,4.154696132596685
LMX1A,0.7016574585635359,0.016574585635359115,3.453038674033149
LMX1B,0.585635359116022,0.0718232044198895,2.8950276243093924
LNPEP,0.27624309392265195,0.11602209944751381,2.303867403314917
LNPK,0.6187845303867403,0.016574585635359115,3.2044198895027622
LNX1,0.4143646408839779,0.09944751381215469,2.613259668508287
LONP1,0.4198895027624309,0.0718232044198895,2.574585635359116
LONP2,0.5248618784530387,0.055248618784530384,2.856353591160221
LOX,0.292817679558011,0.11049723756906077,2.3093922651933703
LOXL1,0.5027624309392266,0.04419889502762431,2.7900552486187844
LOXL2,0.44751381215469616,0.16022099447513813,2.6408839779005526
LOXL3,0.6574585635359116,0.0055248618784530384,3.1767955801104972
LOXL4,0.4696132596685083,0.08287292817679558,2.56353591160221
LPA,0.5248618784530387,0.06629834254143646,2.8232044198895028
LPAR1,0.585635359116022,0.06077348066298342,2.911602209944751
LPAR2,0.5027624309392266,0.03867403314917127,2.81767955801105
LPAR3,0.4972375690607735,0.06629834254143646,2.6022099447513813
LPAR4,0.20994475138121546,0.3370165745856354,1.9944751381215469
LPAR6,0.4585635359116022,0.12154696132596685,2.701657458563536
LPCAT1,0.6740331491712708,0.03314917127071823,3.9613259668508287
LPCAT2,0.5082872928176796,0.06077348066298342,2.81767955801105
LPCAT3,0.6077348066298343,0.055248618784530384,3.1878453038674035
LPCAT4,0.48066298342541436,0.04419889502762431,2.7790055248618786
LPGAT1,0.6740331491712708,0.027624309392265192,3.3480662983425415
LPIN1,0.6353591160220995,0.049723756906077346,3.0607734806629834
LPIN2,0.5580110497237569,0.08839779005524862,3.2375690607734806
LPIN3,0.7458563535911602,0.0055248618784530384,3.9226519337016574
LPXN,0.569060773480663,0.04419889502762431,2.9613259668508287
LRAT,0.3370165745856354,0.11602209944751381,2.447513812154696
LRCH3,0.7790055248618785,0.03314917127071823,4.30939226519337
LRCH4,0.6906077348066298,0.03314917127071823,3.977900552486188
LRFN1,0.56353591160221,0.03314917127071823,2.994475138121547
LRFN3,0.5911602209944752,0.03314917127071823,3.1270718232044197
LRFN4,0.6243093922651933,0.022099447513812154,3.2055555555555557
LRG1,0.4198895027624309,0.07734806629834254,2.6022099447513813
LRIG1,0.2541436464088398,0.20994475138121546,2.1988950276243093
LRIG3,0.574585635359116,0.04419889502762431,2.9226519337016574
LRP1,0.580110497237569,0.049723756906077346,2.8950276243093924
LRP10,0.5414364640883977,0.049723756906077346,2.8784530386740332
LRP12,0.7679558011049724,0.0055248618784530384,3.9337016574585637
LRP2BP,0.3314917127071823,0.143646408839779,2.43646408839779
LRP5,0.6629834254143646,0.016574585635359115,3.7679558011049723
LRP6,0.6187845303867403,0.06077348066298342,3.226519337016575
LRP8,0.5082872928176796,0.03867403314917127,2.679558011049724
LRPPRC,0.6574585635359116,0.016574585635359115,3.138121546961326
LRRC4,0.5027624309392266,0.09392265193370165,2.8232044198895028
LRRC49,0.4861878453038674,0.04419889502762431,2.7569060773480665
LRRC4B,0.5580110497237569,0.049723756906077346,2.9447513812154695
LRRC4C,0.5082872928176796,0.06629834254143646,2.9281767955801103
LRRC8A,0.6022099447513812,0.0718232044198895,2.911602209944751
LRRC8B,0.4972375690607735,0.0718232044198895,2.591160220994475
LRRC8C,0.4972375690607735,0.0718232044198895,2.591160220994475
LRRC8D,0.4972375690607735,0.0718232044198895,2.591160220994475
LRRC8E,0.40331491712707185,0.0718232044198895,2.546961325966851
LRRFIP1,0.5138121546961326,0.06077348066298342,2.751381215469613
LRRK2,0.5469613259668509,0.06077348066298342,2.8011049723756907
LRRTM1,0.6298342541436464,0.011049723756906077,3.160220994475138
LRRTM2,0.32044198895027626,0.08839779005524862,2.3591160220994474
LRRTM4,0.6353591160220995,0.0055248618784530384,3.18232044198895
LRSAM1,0.6077348066298343,0.06629834254143646,2.9226519337016574
LRWD1,0.6906077348066298,0.03867403314917127,3.9613259668508287
LSAMP,0.6629834254143646,0.06077348066298342,3.430939226519337
LSG1,0.7734806629834254,0.03314917127071823,4.276243093922652
LSM1,0.574585635359116,0.11049723756906077,3.3591160220994474
LSM10,0.5193370165745856,0.03867403314917127,2.751381215469613
LSM11,0.3756906077348066,0.0718232044198895,2.447513812154696
LSM14A,0.56353591160221,0.03867403314917127,3.116022099447514
LSM14B,0.7569060773480663,0.011049723756906077,3.9613259668508287
LSM2,0.6022099447513812,0.04419889502762431,3.0
LSM3,0.3259668508287293,0.1878453038674033,2.342541436464088
LSM4,0.49171270718232046,0.03314917127071823,2.8066298342541436
LSM5,0.7237569060773481,0.027624309392265192,3.7900552486187844
LSM6,0.35911602209944754,0.08287292817679558,2.591160220994475
LSM7,0.3867403314917127,0.07734806629834254,2.5248618784530388
LSM8,0.56353591160221,0.0718232044198895,3.2320441988950277
LSP1,0.39779005524861877,0.09944751381215469,2.591160220994475
LSR,0.585635359116022,0.03867403314917127,3.138121546961326
LSS,0.3259668508287293,0.13812154696132597,2.3480662983425415
LTA,0.6022099447513812,0.04419889502762431,3.0
LTA4H,0.5524861878453039,0.049723756906077346,2.8011049723756907
LTB4R,0.5580110497237569,0.049723756906077346,2.9226519337016574
LTB4R2,0.5580110497237569,0.049723756906077346,2.9226519337016574
LTBP1,0.6629834254143646,0.022099447513812154,3.160220994475138
LTBP3,0.6022099447513812,0.03867403314917127,3.0331491712707184
LTBP4,0.5580110497237569,0.03867403314917127,2.9171270718232045
LTBR,0.6022099447513812,0.06629834254143646,3.2596685082872927
LTC4S,0.40331491712707185,0.06629834254143646,2.6353591160220993
LTF,0.27071823204419887,0.19889502762430938,2.1933701657458564
LTV1,0.5414364640883977,0.049723756906077346,2.8729281767955803
LUC7L,0.4861878453038674,0.11049723756906077,2.679558011049724
LUC7L3,0.6353591160220995,0.03314917127071823,3.1767955801104972
LUM,0.5524861878453039,0.06077348066298342,2.7845303867403315
LURAP1,0.5248618784530387,0.027624309392265192,2.701657458563536
LUZP4,0.23204419889502761,0.292817679558011,2.044198895027624
LY6D,0.7790055248618785,0.022099447513812154,3.955801104972376
LY6E,0.7790055248618785,0.022099447513812154,3.9502762430939224
LY6G6C,0.6022099447513812,0.04419889502762431,3.0
LY6H,0.7790055248618785,0.022099447513812154,3.955801104972376
LY86,0.49171270718232046,0.1270718232044199,2.6906077348066297
LY9,0.712707182320442,0.016574585635359115,3.5082872928176796
LY96,0.7237569060773481,0.0,3.657458563535912
LYAR,0.3314917127071823,0.16574585635359115,2.3701657458563536
LYL1,0.4861878453038674,0.04419889502762431,2.7624309392265194
LYN,0.7016574585635359,0.0055248618784530384,3.5248618784530388
LYPD1,0.5966850828729282,0.06629834254143646,2.9668508287292816
LYPD3,0.5524861878453039,0.049723756906077346,2.9060773480662982
LYPD4,0.569060773480663,0.04419889502762431,2.9502762430939224
LYPD5,0.5580110497237569,0.04419889502762431,2.9281767955801103
LYPLA1,0.6961325966850829,0.0055248618784530384,3.541436464088398
LYPLA2,0.4530386740331492,0.055248618784530384,2.6519337016574585
LYRM2,0.5138121546961326,0.055248618784530384,2.74585635359116
LYRM4,0.46408839779005523,0.13259668508287292,2.6243093922651934
LYST,0.6685082872928176,0.016574585635359115,3.453038674033149
LYVE1,0.430939226519337,0.08839779005524862,2.6685082872928176
LYZ,0.6077348066298343,0.027624309392265192,3.889502762430939
LZTS2,0.48066298342541436,0.08287292817679558,2.6077348066298343
LZTS3,0.6906077348066298,0.06077348066298342,3.458563535911602
M6PR,0.6077348066298343,0.06077348066298342,3.1712707182320443
MAB21L1,0.47513812154696133,0.08839779005524862,2.8121546961325965
MACF1,0.5359116022099447,0.03867403314917127,3.027624309392265
MACROD1,0.580110497237569,0.04419889502762431,2.977900552486188
MAD1L1,0.7348066298342542,0.022099447513812154,3.8729281767955803
MAD2L1,0.3425414364640884,0.09944751381215469,2.3922651933701657
MAD2L1BP,0.6519337016574586,0.027624309392265192,3.8011049723756907
MAD2L2,0.5193370165745856,0.055248618784530384,2.867403314917127
MADCAM1,0.3867403314917127,0.07734806629834254,2.4972375690607733
MADD,0.5193370165745856,0.06077348066298342,2.8784530386740332
MAEA,0.34806629834254144,0.16574585635359115,2.4696132596685083
MAEL,0.7016574585635359,0.016574585635359115,3.4751381215469612
MAF,0.5027624309392266,0.06629834254143646,2.751381215469613
MAF1,0.7734806629834254,0.022099447513812154,3.9281767955801103
MAFA,0.7790055248618785,0.022099447513812154,3.955801104972376
MAFB,0.7348066298342542,0.0055248618784530384,3.9171270718232045
MAFF,0.4530386740331492,0.06077348066298342,2.6629834254143647
MAFG,0.6022099447513812,0.03314917127071823,3.0
MAFK,0.7403314917127072,0.022099447513812154,3.8950276243093924
MAG,0.585635359116022,0.03867403314917127,3.138121546961326
MAGEA1,0.24861878453038674,0.292817679558011,2.0773480662983426
MAGED1,0.15469613259668508,0.43646408839779005,1.7900552486187846
MAGEH1,0.17679558011049723,0.40331491712707185,1.8453038674033149
MAGI1,0.26519337016574585,0.2154696132596685,2.2099447513812156
MAGI2,0.6685082872928176,0.027624309392265192,3.4972375690607733
MAGI3,0.5027624309392266,0.11602209944751381,2.6077348066298343
MAGOH,0.5082872928176796,0.03867403314917127,2.679558011049724
MAGOHB,0.6132596685082873,0.06077348066298342,3.2044198895027622
MAGT1,0.20994475138121546,0.3314917127071823,1.988950276243094
MAIP1,0.5966850828729282,0.016574585635359115,3.022099447513812
MAK16,0.4861878453038674,0.1270718232044199,3.0718232044198897
MAL,0.6850828729281768,0.0055248618784530384,3.2099447513812156
MAL2,0.7845303867403315,0.011049723756906077,4.298342541436464
MALSU1,0.7403314917127072,0.016574585635359115,3.9226519337016574
MAML1,0.40331491712707185,0.06629834254143646,2.6353591160220993
MAML2,0.4696132596685083,0.09392265193370165,2.723756906077348
MAML3,0.36464088397790057,0.08839779005524862,2.574585635359116
MAN1A1,0.5193370165745856,0.049723756906077346,2.8950276243093924
MAN1A2,0.4972375690607735,0.08839779005524862,2.7900552486187844
MAN1B1,0.6132596685082873,0.055248618784530384,3.005524861878453
MAN1C1,0.4530386740331492,0.06077348066298342,2.6022099447513813
MAN2A1,0.287292817679558,0.12154696132596685,2.303867403314917
MAN2A2,0.569060773480663,0.022099447513812154,3.0552486187845305
MAN2B1,0.49171270718232046,0.04419889502762431,2.773480662983425
MANEA,0.48066298342541436,0.06629834254143646,2.707182320441989
MAOA,0.14917127071823205,0.47513812154696133,1.7403314917127073
MAOB,0.15469613259668508,0.47513812154696133,1.8121546961325967
MAP1A,0.46408839779005523,0.055248618784530384,2.7403314917127073
MAP1B,0.2430939226519337,0.15469613259668508,2.2044198895027622
MAP1LC3A,0.7458563535911602,0.0055248618784530384,3.911602209944751
MAP1LC3B,0.49171270718232046,0.06629834254143646,2.718232044198895
MAP1LC3B2,0.569060773480663,0.03867403314917127,2.8729281767955803
MAP1LC3C,0.6740331491712708,0.022099447513812154,3.43646408839779
MAP1S,0.49171270718232046,0.03314917127071823,2.7900552486187844
MAP2,0.5303867403314917,0.055248618784530384,2.8232044198895028
MAP2K1,0.49171270718232046,0.04419889502762431,2.773480662983425
MAP2K2,0.4143646408839779,0.0718232044198895,2.596685082872928
MAP2K3,0.35911602209944754,0.13812154696132597,2.4806629834254146
MAP2K4,0.35359116022099446,0.11602209944751381,2.4696132596685083
MAP2K5,0.4861878453038674,0.049723756906077346,2.74585635359116
MAP2K6,0.6408839779005525,0.027624309392265192,3.281767955801105
MAP2K7,0.40331491712707185,0.0718232044198895,2.546961325966851
MAP3K1,0.2541436464088398,0.143646408839779,2.2375690607734806
MAP3K10,0.5524861878453039,0.03314917127071823,2.9502762430939224
MAP3K11,0.6022099447513812,0.03867403314917127,3.0331491712707184
MAP3K12,0.574585635359116,0.049723756906077346,2.8232044198895028
MAP3K13,0.7679558011049724,0.027624309392265192,4.276243093922652
MAP3K14,0.6298342541436464,0.03314917127071823,3.088397790055249
MAP3K2,0.6077348066298343,0.055248618784530384,3.0331491712707184
MAP3K20,0.6187845303867403,0.022099447513812154,3.1988950276243093
MAP3K3,0.6685082872928176,0.03314917127071823,3.248618784530387
MAP3K4,0.5248618784530387,0.06629834254143646,2.839779005524862
MAP3K5,0.5580110497237569,0.049723756906077346,2.9447513812154695
MAP3K7,0.5138121546961326,0.055248618784530384,2.8011049723756907
MAP3K8,0.574585635359116,0.03867403314917127,2.955801104972376
MAP4K2,0.585635359116022,0.03314917127071823,2.983425414364641
MAP4K4,0.6629834254143646,0.016574585635359115,3.226519337016575
MAP4K5,0.6022099447513812,0.049723756906077346,2.972375690607735
MAP9,0.3259668508287293,0.11049723756906077,2.43646408839779
MAPK1,0.4696132596685083,0.07734806629834254,2.6685082872928176
MAPK10,0.3314917127071823,0.1270718232044199,2.3977900552486187
MAPK11,0.44751381215469616,0.09392265193370165,2.6298342541436464
MAPK12,0.4530386740331492,0.08287292817679558,2.6464088397790055
MAPK13,0.5911602209944752,0.049723756906077346,3.005524861878453
MAPK14,0.5911602209944752,0.049723756906077346,3.027624309392265
MAPK15,0.7734806629834254,0.027624309392265192,3.9447513812154695
MAPK3,0.5524861878453039,0.0718232044198895,2.9060773480662982
MAPK4,0.2983425414364641,0.2983425414364641,2.143646408839779
MAPK6,0.47513812154696133,0.049723756906077346,2.751381215469613
MAPK7,0.36464088397790057,0.12154696132596685,2.56353591160221
MAPK8,0.5193370165745856,0.049723756906077346,2.839779005524862
MAPK8IP1,0.5303867403314917,0.06077348066298342,2.9337016574585637
MAPK8IP2,0.4530386740331492,0.08839779005524862,2.6519337016574585
MAPK8IP3,0.49171270718232046,0.10497237569060773,2.685082872928177
MAPK9,0.40331491712707185,0.06629834254143646,2.6298342541436464
MAPKAP1,0.585635359116022,0.06629834254143646,2.9060773480662982
MAPKAPK2,0.6685082872928176,0.027624309392265192,3.3591160220994474
MAPKAPK3,0.2430939226519337,0.2265193370165746,2.116022099447514
MAPKAPK5,0.569060773480663,0.03867403314917127,2.850828729281768
MAPRE1,0.7569060773480663,0.0,3.9226519337016574
MAPRE2,0.3756906077348066,0.23756906077348067,2.5193370165745854
MAPRE3,0.6685082872928176,0.03314917127071823,3.143646408839779
MAPT,0.6187845303867403,0.03867403314917127,3.0828729281767955
MARCKS,0.5027624309392266,0.06629834254143646,2.7845303867403315
MARCO,0.6408839779005525,0.022099447513812154,3.3480662983425415
MARK2,0.585635359116022,0.04419889502762431,2.977900552486188
MARK3,0.5524861878453039,0.06629834254143646,2.8287292817679557
MARK4,0.5580110497237569,0.049723756906077346,2.9005524861878453
MARS2,0.6022099447513812,0.011049723756906077,3.044198895027624
MAS1,0.5248618784530387,0.06077348066298342,2.8232044198895028
MASP1,0.7734806629834254,0.027624309392265192,4.3259668508287294
MASP2,0.5248618784530387,0.055248618784530384,2.861878453038674
MAST2,0.5303867403314917,0.027624309392265192,2.729281767955801
MASTL,0.574585635359116,0.049723756906077346,2.9392265193370166
MAT1A,0.4861878453038674,0.0718232044198895,2.707182320441989
MAT2A,0.6740331491712708,0.0055248618784530384,3.2154696132596685
MAT2B,0.3701657458563536,0.07734806629834254,2.4696132596685083
MATK,0.4143646408839779,0.0718232044198895,2.6077348066298343
MATN1,0.4861878453038674,0.055248618784530384,2.679558011049724
MATN3,0.6795580110497238,0.03314917127071823,3.154696132596685
MATN4,0.7513812154696132,0.0,4.027624309392265
MATR3,0.3259668508287293,0.08839779005524862,2.3646408839779007
MAU2,0.4972375690607735,0.03867403314917127,2.81767955801105
MAVS,0.6795580110497238,0.06629834254143646,3.43646408839779
MAX,0.580110497237569,0.049723756906077346,2.861878453038674
MBD1,0.292817679558011,0.292817679558011,2.149171270718232
MBD2,0.30386740331491713,0.30386740331491713,2.143646408839779
MBD3,0.3756906077348066,0.07734806629834254,2.4917127071823204
MBD3L1,0.4143646408839779,0.06077348066298342,2.574585635359116
MBD4,0.6685082872928176,0.03314917127071823,3.5801104972375692
MBD5,0.585635359116022,0.027624309392265192,3.0
MBD6,0.580110497237569,0.049723756906077346,2.889502762430939
MBIP,0.585635359116022,0.03867403314917127,3.1988950276243093
MBL2,0.5193370165745856,0.055248618784530384,2.839779005524862
MBNL1,0.7403314917127072,0.022099447513812154,4.121546961325967
MBNL2,0.5138121546961326,0.08839779005524862,2.8287292817679557
MBOAT1,0.5193370165745856,0.07734806629834254,2.9392265193370166
MBOAT2,0.6408839779005525,0.03867403314917127,3.0994475138121547
MBOAT7,0.574585635359116,0.03867403314917127,3.0110497237569063
MBP,0.3425414364640884,0.24861878453038674,2.298342541436464
MBTD1,0.6408839779005525,0.03314917127071823,3.2099447513812156
MBTPS1,0.4861878453038674,0.0718232044198895,2.707182320441989
MBTPS2,0.1712707182320442,0.4530386740331492,1.8066298342541436
MC1R,0.4861878453038674,0.07734806629834254,2.7624309392265194
MC2R,0.5359116022099447,0.08287292817679558,3.022099447513812
MC3R,0.7569060773480663,0.016574585635359115,4.016574585635359
MC4R,0.30386740331491713,0.287292817679558,2.18232044198895
MC5R,0.5359116022099447,0.08287292817679558,3.022099447513812
MCAM,0.4088397790055249,0.11049723756906077,2.56353591160221
MCAT,0.4530386740331492,0.06629834254143646,2.6740331491712706
MCC,0.292817679558011,0.11602209944751381,2.320441988950276
MCCC1,0.7679558011049724,0.027624309392265192,4.486187845303867
MCCC2,0.2430939226519337,0.15469613259668508,2.2044198895027622
MCEE,0.6685082872928176,0.0055248618784530384,3.226519337016575
MCEMP1,0.40331491712707185,0.0718232044198895,2.541436464088398
MCF2,0.27071823204419887,0.281767955801105,2.088397790055249
MCF2L,0.5524861878453039,0.08287292817679558,3.0994475138121547
MCFD2,0.6574585635359116,0.011049723756906077,3.149171270718232
MCIDAS,0.27071823204419887,0.13812154696132597,2.276243093922652
MCL1,0.7071823204419889,0.0055248618784530384,3.4806629834254146
MCM10,0.569060773480663,0.06077348066298342,2.9337016574585637
MCM2,0.6629834254143646,0.04419889502762431,3.5193370165745854
MCM3,0.6187845303867403,0.03867403314917127,3.2154696132596685
MCM3AP,0.3259668508287293,0.13812154696132597,2.3480662983425415
MCM4,0.6961325966850829,0.011049723756906077,3.4861878453038675
MCM5,0.44751381215469616,0.08287292817679558,2.6408839779005526
MCM6,0.5911602209944752,0.055248618784530384,2.983425414364641
MCM7,0.6906077348066298,0.03314917127071823,3.9889502762430937
MCM8,0.6850828729281768,0.055248618784530384,3.4751381215469612
MCMBP,0.49171270718232046,0.06629834254143646,2.679558011049724
MCPH1,0.46408839779005523,0.15469613259668508,2.845303867403315
MCRS1,0.569060773480663,0.055248618784530384,2.8287292817679557
MCTS1,0.2430939226519337,0.2983425414364641,2.0773480662983426
MCU,0.5027624309392266,0.06629834254143646,2.734806629834254
MCUB,0.3425414364640884,0.09944751381215469,2.408839779005525
MCUR1,0.5027624309392266,0.09944751381215469,2.7403314917127073
MDC1,0.6022099447513812,0.03867403314917127,3.0331491712707184
MDGA1,0.5966850828729282,0.03867403314917127,3.0110497237569063
MDH1,0.6740331491712708,0.0055248618784530384,3.226519337016575
MDH2,0.6574585635359116,0.027624309392265192,3.3812154696132595
MDK,0.5248618784530387,0.06077348066298342,2.9281767955801103
MDM2,0.6022099447513812,0.027624309392265192,3.574585635359116
MDM4,0.6795580110497238,0.027624309392265192,3.3370165745856353
MDN1,0.5138121546961326,0.055248618784530384,2.74585635359116
ME1,0.5138121546961326,0.06629834254143646,2.7569060773480665
ME2,0.2983425414364641,0.30386740331491713,2.132596685082873
MEA1,0.6353591160220995,0.027624309392265192,3.696132596685083
MEAF6,0.5303867403314917,0.03314917127071823,2.8066298342541436
MECP2,0.2541436464088398,0.287292817679558,2.0994475138121547
MECR,0.47513812154696133,0.06077348066298342,2.6408839779005526
MED1,0.6574585635359116,0.03314917127071823,3.8950276243093924
MED10,0.6685082872928176,0.03314917127071823,3.74585635359116
MED11,0.39226519337016574,0.09392265193370165,2.569060773480663
MED12,0.22099447513812154,0.3259668508287293,2.0
MED12L,0.7403314917127072,0.022099447513812154,4.110497237569061
MED13,0.6795580110497238,0.03314917127071823,3.1988950276243093
MED13L,0.569060773480663,0.03867403314917127,3.0331491712707184
MED14,0.15469613259668508,0.4530386740331492,1.7955801104972375
MED15,0.47513812154696133,0.0718232044198895,2.7845303867403315
MED16,0.3812154696132597,0.07734806629834254,2.5138121546961325
MED17,0.49171270718232046,0.08839779005524862,2.8287292817679557
MED18,0.4585635359116022,0.06629834254143646,2.585635359116022
MED19,0.569060773480663,0.049723756906077346,2.9226519337016574
MED20,0.6298342541436464,0.03314917127071823,3.6629834254143647
MED21,0.6408839779005525,0.049723756906077346,3.9226519337016574
MED22,0.5966850828729282,0.06629834254143646,2.9171270718232045
MED23,0.5414364640883977,0.03867403314917127,2.9337016574585637
MED24,0.6740331491712708,0.027624309392265192,4.060773480662983
MED25,0.5580110497237569,0.04419889502762431,2.9502762430939224
MED26,0.5027624309392266,0.027624309392265192,2.8011049723756907
MED27,0.6022099447513812,0.06629834254143646,2.9226519337016574
MED28,0.30939226519337015,0.16022099447513813,2.3480662983425415
MED29,0.56353591160221,0.03314917127071823,2.994475138121547
MED30,0.7845303867403315,0.011049723756906077,4.193370165745856
MED31,0.3867403314917127,0.09392265193370165,2.5359116022099446
MED4,0.4696132596685083,0.10497237569060773,2.7679558011049723
MED6,0.574585635359116,0.06077348066298342,2.8287292817679557
MED7,0.3756906077348066,0.08287292817679558,2.4198895027624308
MED8,0.5414364640883977,0.027624309392265192,2.8287292817679557
MED9,0.3701657458563536,0.11602209944751381,2.5359116022099446
MEF2A,0.574585635359116,0.027624309392265192,3.0828729281767955
MEF2C,0.24861878453038674,0.13259668508287292,2.2154696132596685
MEF2D,0.7016574585635359,0.011049723756906077,3.447513812154696
MEFV,0.49171270718232046,0.09392265193370165,2.6906077348066297
MEGF10,0.2983425414364641,0.10497237569060773,2.3093922651933703
MEIG1,0.5580110497237569,0.06077348066298342,2.9005524861878453
MEIS1,0.6740331491712708,0.0055248618784530384,3.2320441988950277
MEIS2,0.4696132596685083,0.049723756906077346,2.729281767955801
MEIS3,0.5580110497237569,0.04419889502762431,2.9281767955801103
MELK,0.4143646408839779,0.143646408839779,2.657458563535912
MELTF,0.7734806629834254,0.03867403314917127,4.287292817679558
MEMO1,0.6519337016574586,0.027624309392265192,3.1270718232044197
MEP1A,0.6022099447513812,0.03867403314917127,3.3756906077348066
MEP1B,0.39226519337016574,0.2154696132596685,2.5303867403314917
MEPE,0.3425414364640884,0.12154696132596685,2.430939226519337
MERTK,0.6685082872928176,0.022099447513812154,3.281767955801105
MESP2,0.56353591160221,0.022099447513812154,3.0939226519337018
MET,0.5580110497237569,0.07734806629834254,3.2596685082872927
METAP1,0.3149171270718232,0.13259668508287292,2.3370165745856353
METAP1D,0.6187845303867403,0.011049723756906077,3.226519337016575
METAP2,0.5469613259668509,0.049723756906077346,2.8011049723756907
METTL1,0.580110497237569,0.049723756906077346,2.889502762430939
METTL14,0.34806629834254144,0.09392265193370165,2.408839779005525
METTL3,0.5524861878453039,0.055248618784530384,2.8729281767955803
MEX3B,0.5248618784530387,0.03314917127071823,2.850828729281768
MEX3C,0.2983425414364641,0.30386740331491713,2.138121546961326
MFAP1,0.46408839779005523,0.055248618784530384,2.7403314917127073
MFAP2,0.4972375690607735,0.049723756906077346,2.701657458563536
MFAP3,0.3701657458563536,0.07734806629834254,2.4198895027624308
MFAP4,0.36464088397790057,0.12154696132596685,2.56353591160221
MFAP5,0.6077348066298343,0.06077348066298342,3.1712707182320443
MFF,0.5414364640883977,0.055248618784530384,2.7845303867403315
MFGE8,0.5524861878453039,0.022099447513812154,3.005524861878453
MFN1,0.7790055248618785,0.022099447513812154,4.4088397790055245
MFN2,0.5193370165745856,0.055248618784530384,2.834254143646409
MFNG,0.44751381215469616,0.0718232044198895,2.657458563535912
MFSD10,0.3370165745856354,0.16022099447513813,2.3922651933701657
MFSD12,0.4088397790055249,0.06629834254143646,2.596685082872928
MFSD2A,0.5414364640883977,0.027624309392265192,3.591160220994475
MFSD8,0.3370165745856354,0.09944751381215469,2.3922651933701657
MGA,0.4530386740331492,0.06077348066298342,2.707182320441989
MGAM,0.4972375690607735,0.09944751381215469,2.861878453038674
MGAT1,0.40331491712707185,0.06629834254143646,2.6298342541436464
MGAT2,0.5911602209944752,0.03867403314917127,2.9668508287292816
MGAT3,0.44751381215469616,0.06629834254143646,2.6353591160220993
MGAT4A,0.6685082872928176,0.011049723756906077,3.2430939226519335
MGAT4B,0.40331491712707185,0.06629834254143646,2.6353591160220993
MGAT4C,0.5469613259668509,0.055248618784530384,2.8011049723756907
MGAT4D,0.36464088397790057,0.08839779005524862,2.574585635359116
MGAT5,0.580110497237569,0.06077348066298342,2.9668508287292816
MGAT5B,0.6243093922651933,0.022099447513812154,3.0662983425414363
MGLL,0.6629834254143646,0.04419889502762431,3.5248618784530388
MGMT,0.5027624309392266,0.07734806629834254,2.696132596685083
MGRN1,0.49171270718232046,0.08839779005524862,2.701657458563536
MGST1,0.6132596685082873,0.08287292817679558,3.2320441988950277
MGST2,0.36464088397790057,0.08839779005524862,2.541436464088398
MGST3,0.7016574585635359,0.016574585635359115,3.458563535911602
MIA3,0.6740331491712708,0.022099447513812154,3.414364640883978
MIB1,0.569060773480663,0.06077348066298342,3.3480662983425415
MIB2,0.5303867403314917,0.049723756906077346,2.845303867403315
MICA,0.6022099447513812,0.03867403314917127,2.994475138121547
MICAL1,0.4972375690607735,0.06077348066298342,2.7624309392265194
MICALL1,0.4530386740331492,0.06629834254143646,2.657458563535912
MICALL2,0.7348066298342542,0.022099447513812154,3.889502762430939
MICB,0.6077348066298343,0.04419889502762431,3.005524861878453
MICOS10,0.47513812154696133,0.055248618784530384,2.6740331491712706
MICOS13,0.4198895027624309,0.0718232044198895,2.574585635359116
MICU1,0.5082872928176796,0.06077348066298342,2.74585635359116
MICU2,0.43646408839779005,0.11049723756906077,2.707182320441989
MICU3,0.44751381215469616,0.143646408839779,2.7790055248618786
MID1,0.1712707182320442,0.46408839779005523,1.7679558011049723
MID1IP1,0.17679558011049723,0.4585635359116022,1.8121546961325967
MIDN,0.3701657458563536,0.07734806629834254,2.4972375690607733
MIEF1,0.44751381215469616,0.06629834254143646,2.6353591160220993
MIEF2,0.36464088397790057,0.1270718232044199,2.5193370165745854
MIEN1,0.6740331491712708,0.027624309392265192,5.966850828729282
MIER1,0.4972375690607735,0.055248618784530384,2.6298342541436464
MIF,0.47513812154696133,0.0718232044198895,2.685082872928177
MIF4GD,0.6464088397790055,0.022099447513812154,3.1933701657458564
MIGA1,0.48066298342541436,0.06077348066298342,2.6187845303867405
MIGA2,0.6022099447513812,0.0718232044198895,2.911602209944751
MINK1,0.3867403314917127,0.09392265193370165,2.5248618784530388
MINPP1,0.4419889502762431,0.09944751381215469,2.546961325966851
MIS12,0.39226519337016574,0.09392265193370165,2.541436464088398
MIS18BP1,0.5911602209944752,0.03867403314917127,2.972375690607735
MITF,0.27071823204419887,0.22099447513812154,2.1933701657458564
MKI67,0.5027624309392266,0.0718232044198895,2.712707182320442
MKKS,0.6906077348066298,0.055248618784530384,3.4806629834254146
MKLN1,0.5027624309392266,0.09392265193370165,2.839779005524862
MKNK1,0.5248618784530387,0.027624309392265192,2.707182320441989
MKNK2,0.3756906077348066,0.07734806629834254,2.4917127071823204
MKS1,0.6077348066298343,0.04419889502762431,3.1988950276243093
MLANA,0.34806629834254144,0.19889502762430938,2.43646408839779
MLC1,0.4585635359116022,0.07734806629834254,2.6685082872928176
MLEC,0.569060773480663,0.03867403314917127,2.867403314917127
MLH1,0.2983425414364641,0.19337016574585636,2.2596685082872927
MLH3,0.5911602209944752,0.055248618784530384,2.8784530386740332
MLLT1,0.4143646408839779,0.07734806629834254,2.5580110497237567
MLLT10,0.574585635359116,0.06077348066298342,2.9226519337016574
MLLT3,0.32044198895027626,0.22099447513812154,2.314917127071823
MLLT6,0.6353591160220995,0.027624309392265192,3.43646408839779
MLNR,0.4861878453038674,0.09944751381215469,2.867403314917127
MLPH,0.5082872928176796,0.06077348066298342,2.74585635359116
MLST8,0.49171270718232046,0.09944751381215469,2.696132596685083
MLX,0.6298342541436464,0.03314917127071823,3.0994475138121547
MLXIP,0.569060773480663,0.04419889502762431,2.867403314917127
MLXIPL,0.6519337016574586,0.03314917127071823,3.447513812154696
MLYCD,0.4861878453038674,0.0718232044198895,2.707182320441989
MMAB,0.585635359116022,0.03867403314917127,2.883977900552486
MMACHC,0.5359116022099447,0.027624309392265192,2.7403314917127073
MMADHC,0.5911602209944752,0.027624309392265192,3.005524861878453
MMD,0.6243093922651933,0.03867403314917127,3.1712707182320443
MME,0.7458563535911602,0.022099447513812154,4.18232044198895
MMGT1,0.26519337016574585,0.281767955801105,2.0828729281767955
MMP1,0.4530386740331492,0.09944751381215469,2.8784530386740332
MMP10,0.4530386740331492,0.09944751381215469,2.856353591160221
MMP11,0.47513812154696133,0.0718232044198895,2.685082872928177
MMP12,0.4530386740331492,0.09944751381215469,2.8784530386740332
MMP13,0.4530386740331492,0.09944751381215469,2.81767955801105
MMP14,0.5414364640883977,0.049723756906077346,2.8784530386740332
MMP15,0.5138121546961326,0.06077348066298342,2.81767955801105
MMP16,0.7292817679558011,0.0055248618784530384,3.81767955801105
MMP17,0.574585635359116,0.055248618784530384,2.861878453038674
MMP2,0.5082872928176796,0.06077348066298342,2.81767955801105
MMP20,0.4530386740331492,0.09392265193370165,2.7624309392265194
MMP24,0.7403314917127072,0.0055248618784530384,4.005524861878453
MMP25,0.4972375690607735,0.09944751381215469,2.6906077348066297
MMP3,0.4530386740331492,0.09944751381215469,2.8784530386740332
MMP7,0.4530386740331492,0.09392265193370165,2.8066298342541436
MMP8,0.44751381215469616,0.09944751381215469,2.7624309392265194
MMP9,0.7513812154696132,0.0055248618784530384,3.972375690607735
MMRN1,0.32044198895027626,0.11602209944751381,2.458563535911602
MMS19,0.4696132596685083,0.08839779005524862,2.5580110497237567
MMS22L,0.48066298342541436,0.06629834254143646,2.696132596685083
MMUT,0.6243093922651933,0.027624309392265192,3.287292817679558
MNAT1,0.569060773480663,0.049723756906077346,2.850828729281768
MND1,0.3370165745856354,0.11602209944751381,2.4751381215469612
MNDA,0.7071823204419889,0.016574585635359115,3.4640883977900554
MNS1,0.4861878453038674,0.049723756906077346,2.7624309392265194
MOAP1,0.5414364640883977,0.06629834254143646,2.8121546961325965
MOB1A,0.6574585635359116,0.0055248618784530384,3.1878453038674035
MOB1B,0.3812154696132597,0.09392265193370165,2.546961325966851
MOB2,0.40331491712707185,0.09944751381215469,2.613259668508287
MOB4,0.6022099447513812,0.011049723756906077,3.0331491712707184
MOCS2,0.287292817679558,0.13812154696132597,2.320441988950276
MOCS3,0.7734806629834254,0.011049723756906077,4.016574585635359
MOG,0.574585635359116,0.055248618784530384,2.9005524861878453
MOGAT3,0.6795580110497238,0.027624309392265192,3.9392265193370166
MOK,0.5580110497237569,0.06077348066298342,2.856353591160221
MON2,0.574585635359116,0.03867403314917127,2.8784530386740332
MORF4L1,0.5138121546961326,0.03314917127071823,2.8121546961325965
MOSPD2,0.1712707182320442,0.4530386740331492,1.7955801104972375
MOV10,0.5027624309392266,0.08839779005524862,2.6187845303867405
MPDU1,0.3812154696132597,0.09392265193370165,2.5359116022099446
MPDZ,0.3370165745856354,0.19337016574585636,2.425414364640884
MPG,0.4861878453038674,0.11049723756906077,2.679558011049724
MPHOSPH10,0.6685082872928176,0.0055248618784530384,3.226519337016575
MPHOSPH6,0.4972375690607735,0.06629834254143646,2.7403314917127073
MPHOSPH8,0.4419889502762431,0.11049723756906077,2.7403314917127073
MPI,0.5082872928176796,0.04419889502762431,2.8011049723756907
MPL,0.5414364640883977,0.027624309392265192,2.8287292817679557
MPO,0.6077348066298343,0.04419889502762431,3.1988950276243093
MPP2,0.6298342541436464,0.03314917127071823,3.0607734806629834
MPP7,0.569060773480663,0.049723756906077346,2.9392265193370166
MPRIP,0.36464088397790057,0.11602209944751381,2.5138121546961325
MPST,0.44751381215469616,0.07734806629834254,2.6353591160220993
MPV17,0.6629834254143646,0.03314917127071823,3.1270718232044197
MPZ,0.712707182320442,0.016574585635359115,3.569060773480663
MRAP,0.3314917127071823,0.11049723756906077,2.3812154696132595
MRAP2,0.5248618784530387,0.055248618784530384,2.7790055248618786
MRAS,0.7071823204419889,0.03314917127071823,3.734806629834254
MRC1,0.5580110497237569,0.06629834254143646,2.8950276243093924
MRC2,0.6740331491712708,0.03314917127071823,3.226519337016575
MRE11,0.48066298342541436,0.08839779005524862,2.74585635359116
MRFAP1,0.3314917127071823,0.15469613259668508,2.3756906077348066
MRGBP,0.7458563535911602,0.011049723756906077,3.9447513812154695
MRI1,0.4972375690607735,0.04419889502762431,2.81767955801105
MRM1,0.6022099447513812,0.055248618784530384,2.983425414364641
MRM2,0.7292817679558011,0.022099447513812154,3.856353591160221
MRM3,0.3867403314917127,0.09944751381215469,2.5359116022099446
MRPL1,0.3701657458563536,0.09944751381215469,2.4917127071823204
MRPL10,0.6187845303867403,0.03314917127071823,3.0607734806629834
MRPL11,0.6243093922651933,0.022099447513812154,3.2044198895027622
MRPL12,0.6022099447513812,0.03314917127071823,3.0
MRPL13,0.7845303867403315,0.016574585635359115,4.276243093922652
MRPL14,0.6464088397790055,0.027624309392265192,3.7403314917127073
MRPL15,0.6961325966850829,0.0055248618784530384,3.5359116022099446
MRPL16,0.56353591160221,0.04419889502762431,2.9337016574585637
MRPL17,0.4143646408839779,0.08839779005524862,2.6464088397790055
MRPL18,0.5248618784530387,0.06077348066298342,2.8232044198895028
MRPL19,0.6519337016574586,0.0055248618784530384,3.1712707182320443
MRPL2,0.6408839779005525,0.027624309392265192,3.707182320441989
MRPL20,0.5303867403314917,0.049723756906077346,2.845303867403315
MRPL21,0.7071823204419889,0.011049723756906077,5.580110497237569
MRPL22,0.3701657458563536,0.07734806629834254,2.4198895027624308
MRPL23,0.3867403314917127,0.10497237569060773,2.5580110497237567
MRPL24,0.7071823204419889,0.011049723756906077,3.447513812154696
MRPL27,0.6353591160220995,0.03314917127071823,3.132596685082873
MRPL28,0.48066298342541436,0.11602209944751381,2.6685082872928176
MRPL3,0.6795580110497238,0.03314917127071823,3.6022099447513813
MRPL30,0.6629834254143646,0.0055248618784530384,3.25414364640884
MRPL32,0.7071823204419889,0.022099447513812154,3.729281767955801
MRPL33,0.6574585635359116,0.03314917127071823,3.1215469613259668
MRPL34,0.5027624309392266,0.027624309392265192,2.8121546961325965
MRPL35,0.6685082872928176,0.0055248618784530384,3.2099447513812156
MRPL36,0.6685082872928176,0.03314917127071823,3.9447513812154695
MRPL37,0.5082872928176796,0.03867403314917127,2.6906077348066297
MRPL38,0.6353591160220995,0.022099447513812154,3.0939226519337018
MRPL39,0.30386740331491713,0.15469613259668508,2.287292817679558
MRPL4,0.47513812154696133,0.055248618784530384,2.696132596685083
MRPL40,0.44751381215469616,0.08287292817679558,2.657458563535912
MRPL41,0.6077348066298343,0.055248618784530384,3.0
MRPL42,0.5524861878453039,0.055248618784530384,2.7845303867403315
MRPL43,0.48066298342541436,0.08287292817679558,2.6077348066298343
MRPL45,0.6243093922651933,0.03867403314917127,3.0939226519337018
MRPL47,0.7790055248618785,0.022099447513812154,4.419889502762431
MRPL48,0.5580110497237569,0.04419889502762431,3.552486187845304
MRPL49,0.5911602209944752,0.03867403314917127,3.0
MRPL50,0.6022099447513812,0.06077348066298342,2.983425414364641
MRPL51,0.6022099447513812,0.06629834254143646,3.1712707182320443
MRPL52,0.5414364640883977,0.049723756906077346,2.8784530386740332
MRPL53,0.6574585635359116,0.0055248618784530384,3.1767955801104972
MRPL54,0.4143646408839779,0.0718232044198895,2.6077348066298343
MRPL55,0.6795580110497238,0.027624309392265192,3.4419889502762433
MRPL57,0.43646408839779005,0.10497237569060773,2.729281767955801
MRPL58,0.6408839779005525,0.022099447513812154,3.132596685082873
MRPL9,0.7182320441988951,0.0055248618784530384,3.5359116022099446
MRPS10,0.6298342541436464,0.03314917127071823,3.6464088397790055
MRPS11,0.5414364640883977,0.022099447513812154,2.9889502762430937
MRPS12,0.5580110497237569,0.03314917127071823,2.9613259668508287
MRPS14,0.6850828729281768,0.022099447513812154,3.408839779005525
MRPS15,0.5193370165745856,0.03867403314917127,2.751381215469613
MRPS16,0.4972375690607735,0.06629834254143646,2.7403314917127073
MRPS17,0.7348066298342542,0.0055248618784530384,4.138121546961326
MRPS18A,0.6629834254143646,0.027624309392265192,3.834254143646409
MRPS18B,0.6022099447513812,0.03867403314917127,3.0331491712707184
MRPS18C,0.34806629834254144,0.10497237569060773,2.4419889502762433
MRPS2,0.6022099447513812,0.06077348066298342,2.9392265193370166
MRPS21,0.7071823204419889,0.0055248618784530384,3.4806629834254146
MRPS22,0.7071823204419889,0.03314917127071823,3.7403314917127073
MRPS23,0.6132596685082873,0.03314917127071823,3.027624309392265
MRPS24,0.712707182320442,0.022099447513812154,3.7403314917127073
MRPS25,0.3259668508287293,0.18232044198895028,2.342541436464088
MRPS26,0.6906077348066298,0.06077348066298342,3.458563535911602
MRPS27,0.2430939226519337,0.15469613259668508,2.2044198895027622
MRPS28,0.7237569060773481,0.0055248618784530384,3.856353591160221
MRPS30,0.6298342541436464,0.03867403314917127,3.845303867403315
MRPS31,0.49171270718232046,0.09392265193370165,2.972375690607735
MRPS33,0.49171270718232046,0.09944751381215469,2.8287292817679557
MRPS34,0.49171270718232046,0.09944751381215469,2.6906077348066297
MRPS35,0.6353591160220995,0.055248618784530384,3.8232044198895028
MRPS5,0.6850828729281768,0.0055248618784530384,3.2099447513812156
MRPS6,0.3370165745856354,0.11049723756906077,2.3646408839779007
MRPS7,0.6464088397790055,0.022099447513812154,3.1933701657458564
MRPS9,0.6740331491712708,0.011049723756906077,3.320441988950276
MRRF,0.5911602209944752,0.06077348066298342,2.9005524861878453
MRTO4,0.4696132596685083,0.055248618784530384,2.657458563535912
MS4A1,0.569060773480663,0.04419889502762431,2.977900552486188
MS4A2,0.5580110497237569,0.04419889502762431,2.9226519337016574
MS4A3,0.5580110497237569,0.04419889502762431,2.9171270718232045
MS4A4A,0.56353591160221,0.04419889502762431,2.9502762430939224
MS4A6A,0.5580110497237569,0.04419889502762431,2.9171270718232045
MS4A6E,0.56353591160221,0.04419889502762431,2.9392265193370166
MSH2,0.6574585635359116,0.011049723756906077,3.149171270718232
MSH3,0.2596685082872928,0.14917127071823205,2.2320441988950277
MSH4,0.48066298342541436,0.06629834254143646,2.6077348066298343
MSH5,0.6022099447513812,0.04419889502762431,3.0
MSH6,0.6574585635359116,0.011049723756906077,3.149171270718232
MSI1,0.569060773480663,0.03867403314917127,2.889502762430939
MSL1,0.6740331491712708,0.022099447513812154,3.9060773480662982
MSL2,0.7016574585635359,0.03867403314917127,3.712707182320442
MSL3,0.17679558011049723,0.4530386740331492,1.7955801104972375
MSLN,0.48066298342541436,0.11602209944751381,2.657458563535912
MSMO1,0.3425414364640884,0.11602209944751381,2.4917127071823204
MSN,0.20441988950276244,0.3425414364640884,1.9834254143646408
MSR1,0.4419889502762431,0.143646408839779,2.8729281767955803
MSRA,0.4585635359116022,0.16574585635359115,3.707182320441989
MSRB2,0.569060773480663,0.06077348066298342,2.9226519337016574
MSRB3,0.6022099447513812,0.022099447513812154,3.3480662983425415
MST1R,0.2430939226519337,0.2265193370165746,2.116022099447514
MSTN,0.6077348066298343,0.011049723756906077,3.0828729281767955
MSX1,0.3314917127071823,0.16574585635359115,2.3701657458563536
MSX2,0.3756906077348066,0.06629834254143646,2.4917127071823204
MT1M,0.5138121546961326,0.06077348066298342,2.81767955801105
MT2A,0.5138121546961326,0.06077348066298342,2.81767955801105
MTA1,0.5580110497237569,0.06077348066298342,2.845303867403315
MTA2,0.574585635359116,0.04419889502762431,2.972375690607735
MTA3,0.6574585635359116,0.016574585635359115,3.154696132596685
MTCH1,0.5966850828729282,0.03314917127071823,2.9889502762430937
MTCH2,0.5193370165745856,0.06077348066298342,2.861878453038674
MTCP1,0.24861878453038674,0.287292817679558,2.088397790055249
MTDH,0.7513812154696132,0.0055248618784530384,3.856353591160221
MTERF1,0.7403314917127072,0.016574585635359115,4.403314917127072
MTERF2,0.569060773480663,0.04419889502762431,2.845303867403315
MTERF3,0.7569060773480663,0.0055248618784530384,3.834254143646409
MTERF4,0.5082872928176796,0.06629834254143646,2.74585635359116
MTF1,0.5359116022099447,0.03314917127071823,2.845303867403315
MTF2,0.4861878453038674,0.06077348066298342,2.591160220994475
MTFMT,0.4861878453038674,0.04419889502762431,2.7569060773480665
MTG1,0.49171270718232046,0.07734806629834254,2.679558011049724
MTHFD1L,0.5414364640883977,0.049723756906077346,2.867403314917127
MTHFD2,0.6574585635359116,0.0055248618784530384,3.1878453038674035
MTHFD2L,0.40331491712707185,0.07734806629834254,2.8232044198895028
MTHFR,0.5193370165745856,0.055248618784530384,2.867403314917127
MTHFS,0.5138121546961326,0.03867403314917127,2.8121546961325965
MTIF2,0.6795580110497238,0.011049723756906077,3.2044198895027622
MTIF3,0.4585635359116022,0.08839779005524862,2.773480662983425
MTM1,0.2541436464088398,0.281767955801105,2.0939226519337018
MTMR1,0.2541436464088398,0.281767955801105,2.0939226519337018
MTMR12,0.6353591160220995,0.027624309392265192,3.679558011049724
MTMR14,0.3314917127071823,0.17679558011049723,2.3701657458563536
MTMR2,0.4696132596685083,0.09392265193370165,2.723756906077348
MTMR3,0.4530386740331492,0.0718232044198895,2.6685082872928176
MTMR4,0.6132596685082873,0.04419889502762431,3.1270718232044197
MTMR6,0.4419889502762431,0.09392265193370165,2.7624309392265194
MTMR7,0.44751381215469616,0.143646408839779,2.8232044198895028
MTMR8,0.19889502762430938,0.3425414364640884,1.9668508287292819
MTMR9,0.47513812154696133,0.14917127071823205,4.497237569060774
MTNR1A,0.3314917127071823,0.16022099447513813,2.425414364640884
MTNR1B,0.4972375690607735,0.07734806629834254,2.861878453038674
MTO1,0.5359116022099447,0.06077348066298342,2.8287292817679557
MTOR,0.5138121546961326,0.055248618784530384,2.839779005524862
MTR,0.6685082872928176,0.016574585635359115,3.447513812154696
MTREX,0.26519337016574585,0.13812154696132597,2.281767955801105
MTRF1,0.49171270718232046,0.09392265193370165,2.977900552486188
MTRF1L,0.5414364640883977,0.049723756906077346,2.856353591160221
MTRR,0.6685082872928176,0.03314917127071823,3.7900552486187844
MTSS1,0.8121546961325967,0.0055248618784530384,4.679558011049724
MTTP,0.32044198895027626,0.1270718232044199,2.3535911602209945
MTUS1,0.44751381215469616,0.143646408839779,2.81767955801105
MTX1,0.7016574585635359,0.016574585635359115,3.414364640883978
MTX2,0.6187845303867403,0.016574585635359115,3.2044198895027622
MUC12,0.6795580110497238,0.027624309392265192,3.9281767955801103
MUC13,0.6795580110497238,0.055248618784530384,3.4917127071823204
MUC15,0.5027624309392266,0.055248618784530384,2.9889502762430937
MUC16,0.4143646408839779,0.06077348066298342,2.5801104972375692
MUC20,0.7845303867403315,0.03314917127071823,4.30939226519337
MUC3A,0.6850828729281768,0.027624309392265192,3.9337016574585637
MUC4,0.7845303867403315,0.03314917127071823,4.320441988950276
MUC5AC,0.4088397790055249,0.09392265193370165,2.613259668508287
MUC5B,0.40331491712707185,0.09392265193370165,2.596685082872928
MUC6,0.4088397790055249,0.09392265193370165,2.613259668508287
MUC7,0.3867403314917127,0.08839779005524862,2.5580110497237567
MUCL1,0.580110497237569,0.03867403314917127,2.839779005524862
MUL1,0.4585635359116022,0.049723756906077346,2.6519337016574585
MUS81,0.6132596685082873,0.027624309392265192,3.088397790055249
MUSK,0.580110497237569,0.06629834254143646,2.9005524861878453
MUTYH,0.5359116022099447,0.027624309392265192,2.74585635359116
MVB12A,0.5027624309392266,0.027624309392265192,2.8121546961325965
MVB12B,0.585635359116022,0.0718232044198895,2.8950276243093924
MVD,0.4861878453038674,0.06629834254143646,2.74585635359116
MVP,0.5469613259668509,0.0718232044198895,2.9005524861878453
MX1,0.292817679558011,0.15469613259668508,2.270718232044199
MX2,0.292817679558011,0.15469613259668508,2.270718232044199
MXD1,0.6740331491712708,0.0055248618784530384,3.2430939226519335
MXD4,0.3370165745856354,0.15469613259668508,2.43646408839779
MYADM,0.574585635359116,0.04419889502762431,3.0110497237569063
MYB,0.5580110497237569,0.04419889502762431,3.458563535911602
MYBBP1A,0.39779005524861877,0.09392265193370165,2.5801104972375692
MYBL1,0.712707182320442,0.0055248618784530384,3.74585635359116
MYBL2,0.7458563535911602,0.0055248618784530384,3.994475138121547
MYBPC1,0.569060773480663,0.055248618784530384,2.8066298342541436
MYBPC2,0.5580110497237569,0.049723756906077346,2.9447513812154695
MYBPC3,0.5193370165745856,0.06077348066298342,2.8784530386740332
MYBPH,0.6629834254143646,0.027624309392265192,3.3093922651933703
MYCBP,0.5414364640883977,0.03314917127071823,2.9502762430939224
MYCBP2,0.5027624309392266,0.09392265193370165,2.8011049723756907
MYCBPAP,0.6298342541436464,0.03314917127071823,3.116022099447514
MYCN,0.6574585635359116,0.04419889502762431,3.110497237569061
MYD88,0.2983425414364641,0.19337016574585636,2.2596685082872927
MYF5,0.5303867403314917,0.055248618784530384,2.7900552486187844
MYF6,0.5303867403314917,0.055248618784530384,2.7900552486187844
MYH1,0.3701657458563536,0.10497237569060773,2.5359116022099446
MYH10,0.3701657458563536,0.09392265193370165,2.5082872928176796
MYH11,0.5248618784530387,0.08287292817679558,2.861878453038674
MYH13,0.3701657458563536,0.10497237569060773,2.5359116022099446
MYH15,0.6464088397790055,0.03867403314917127,3.4696132596685083
MYH2,0.3701657458563536,0.10497237569060773,2.5359116022099446
MYH3,0.3701657458563536,0.10497237569060773,2.5359116022099446
MYH4,0.3701657458563536,0.10497237569060773,2.5359116022099446
MYH6,0.5524861878453039,0.049723756906077346,2.9281767955801103
MYH7,0.5524861878453039,0.049723756906077346,2.9281767955801103
MYH7B,0.7458563535911602,0.0055248618784530384,4.0
MYH8,0.3701657458563536,0.10497237569060773,2.5359116022099446
MYH9,0.4419889502762431,0.08287292817679558,2.6408839779005526
MYL1,0.5248618784530387,0.055248618784530384,2.839779005524862
MYL10,0.6795580110497238,0.027624309392265192,3.9502762430939224
MYL12A,0.5469613259668509,0.10497237569060773,3.386740331491713
MYL12B,0.5469613259668509,0.10497237569060773,3.386740331491713
MYL2,0.569060773480663,0.03867403314917127,2.867403314917127
MYL3,0.27071823204419887,0.19889502762430938,2.1933701657458564
MYL4,0.6132596685082873,0.03867403314917127,3.022099447513812
MYL5,0.35911602209944754,0.1712707182320442,2.4751381215469612
MYL6,0.585635359116022,0.04419889502762431,2.883977900552486
MYL6B,0.585635359116022,0.04419889502762431,2.883977900552486
MYL7,0.712707182320442,0.022099447513812154,3.7403314917127073
MYL9,0.7458563535911602,0.0,4.0220994475138125
MYLIP,0.5082872928176796,0.09392265193370165,2.734806629834254
MYLK,0.6629834254143646,0.04419889502762431,3.4696132596685083
MYLK2,0.7569060773480663,0.0055248618784530384,3.9281767955801103
MYLK3,0.5303867403314917,0.055248618784530384,2.839779005524862
MYO10,0.6685082872928176,0.027624309392265192,3.9005524861878453
MYO18A,0.6243093922651933,0.03314917127071823,3.132596685082873
MYO18B,0.4585635359116022,0.07734806629834254,2.6408839779005526
MYO1A,0.574585635359116,0.049723756906077346,2.861878453038674
MYO5A,0.47513812154696133,0.049723756906077346,2.751381215469613
MYO5B,0.30386740331491713,0.281767955801105,2.226519337016575
MYO6,0.5414364640883977,0.049723756906077346,2.8121546961325965
MYO7A,0.5082872928176796,0.06077348066298342,3.0607734806629834
MYO7B,0.6077348066298343,0.055248618784530384,3.016574585635359
MYO9A,0.4972375690607735,0.04419889502762431,2.7790055248618786
MYO9B,0.5027624309392266,0.027624309392265192,2.8121546961325965
MYOC,0.7071823204419889,0.022099447513812154,3.447513812154696
MYOCD,0.35359116022099446,0.11602209944751381,2.4861878453038675
MYOD1,0.4585635359116022,0.0718232044198895,2.751381215469613
MYOF,0.46408839779005523,0.08839779005524862,2.585635359116022
MYOG,0.6629834254143646,0.027624309392265192,3.3093922651933703
MYOM1,0.5469613259668509,0.10497237569060773,3.3922651933701657
MYOM2,0.4419889502762431,0.16574585635359115,2.6906077348066297
MYOT,0.3259668508287293,0.08839779005524862,2.3646408839779007
MYOZ1,0.5027624309392266,0.06077348066298342,2.773480662983425
MYOZ2,0.34806629834254144,0.09392265193370165,2.408839779005525
MYOZ3,0.36464088397790057,0.08287292817679558,2.403314917127072
MYPN,0.5082872928176796,0.06077348066298342,2.7679558011049723
MYRIP,0.2983425414364641,0.1878453038674033,2.287292817679558
MYSM1,0.4861878453038674,0.049723756906077346,2.6740331491712706
MYT1,0.7513812154696132,0.011049723756906077,3.9447513812154695
MYT1L,0.6408839779005525,0.03867403314917127,3.0773480662983426
MZB1,0.3259668508287293,0.08839779005524862,2.3646408839779007
MZF1,0.574585635359116,0.0718232044198895,3.165745856353591
MZT1,0.4972375690607735,0.09944751381215469,2.7955801104972378
MZT2A,0.6022099447513812,0.049723756906077346,3.016574585635359
MZT2B,0.6077348066298343,0.049723756906077346,3.027624309392265
NAA10,0.2596685082872928,0.281767955801105,2.110497237569061
NAA11,0.35911602209944754,0.09944751381215469,2.458563535911602
NAA15,0.35911602209944754,0.08839779005524862,2.5359116022099446
NAA16,0.49171270718232046,0.09392265193370165,2.977900552486188
NAA20,0.6685082872928176,0.055248618784530384,3.5138121546961325
NAA25,0.56353591160221,0.03867403314917127,2.845303867403315
NAA30,0.574585635359116,0.049723756906077346,2.867403314917127
NAA35,0.5580110497237569,0.0718232044198895,2.8784530386740332
NAA38,0.3756906077348066,0.09392265193370165,2.5248618784530388
NAA50,0.6574585635359116,0.04419889502762431,3.447513812154696
NAB1,0.6077348066298343,0.011049723756906077,3.1049723756906076
NAB2,0.574585635359116,0.049723756906077346,2.8729281767955803
NABP1,0.6077348066298343,0.011049723756906077,3.0994475138121547
NABP2,0.585635359116022,0.049723756906077346,2.8784530386740332
NACA,0.580110497237569,0.049723756906077346,2.867403314917127
NACA2,0.6740331491712708,0.03314917127071823,3.1767955801104972
NACAD,0.712707182320442,0.022099447513812154,3.7403314917127073
NACC1,0.4861878453038674,0.04419889502762431,2.7624309392265194
NADK,0.5303867403314917,0.049723756906077346,2.845303867403315
NADK2,0.6353591160220995,0.027624309392265192,3.6906077348066297
NADSYN1,0.6408839779005525,0.027624309392265192,4.801104972375691
NAE1,0.5248618784530387,0.06077348066298342,2.8729281767955803
NAF1,0.34806629834254144,0.11602209944751381,2.5801104972375692
NAGA,0.4530386740331492,0.06077348066298342,2.701657458563536
NAGK,0.6685082872928176,0.0055248618784530384,3.226519337016575
NAGLU,0.6298342541436464,0.03314917127071823,3.0994475138121547
NAGPA,0.4861878453038674,0.08839779005524862,2.685082872928177
NAIF1,0.6132596685082873,0.06629834254143646,2.9392265193370166
NAIP,0.2541436464088398,0.15469613259668508,2.226519337016575
NAMPT,0.6519337016574586,0.04419889502762431,3.591160220994475
NANOG,0.6077348066298343,0.06077348066298342,3.2099447513812156
NANOS1,0.49171270718232046,0.06629834254143646,2.679558011049724
NANOS2,0.569060773480663,0.04419889502762431,2.9613259668508287
NANOS3,0.4972375690607735,0.04419889502762431,2.81767955801105
NANS,0.5911602209944752,0.06077348066298342,2.8950276243093924
NAP1L1,0.5193370165745856,0.04419889502762431,2.7569060773480665
NAP1L4,0.3812154696132597,0.10497237569060773,2.546961325966851
NAPA,0.5580110497237569,0.04419889502762431,2.9281767955801103
NAPB,0.6740331491712708,0.04419889502762431,3.546961325966851
NAPEPLD,0.6906077348066298,0.03314917127071823,3.867403314917127
NAPG,0.5524861878453039,0.08839779005524862,2.9447513812154695
NAPRT,0.7790055248618785,0.022099447513812154,3.955801104972376
NAPSA,0.5524861878453039,0.049723756906077346,2.9392265193370166
NARS2,0.5082872928176796,0.06077348066298342,2.9889502762430937
NASP,0.5303867403314917,0.027624309392265192,2.729281767955801
NAT10,0.5359116022099447,0.06077348066298342,3.0828729281767955
NAT2,0.4419889502762431,0.15469613259668508,2.6353591160220993
NAT8,0.6574585635359116,0.0055248618784530384,3.1933701657458564
NAT8L,0.3370165745856354,0.15469613259668508,2.438888888888889
NAV1,0.6685082872928176,0.03314917127071823,3.298342541436464
NAXE,0.7071823204419889,0.011049723756906077,3.4640883977900554
NBEA,0.47513812154696133,0.08839779005524862,2.9060773480662982
NBEAL2,0.27071823204419887,0.19889502762430938,2.1933701657458564
NBN,0.7513812154696132,0.0055248618784530384,3.8121546961325965
NCALD,0.7624309392265194,0.0055248618784530384,4.0497237569060776
NCAM1,0.4088397790055249,0.12154696132596685,2.5580110497237567
NCAN,0.4972375690607735,0.03867403314917127,2.81767955801105
NCAPD2,0.6022099447513812,0.06629834254143646,3.1712707182320443
NCAPD3,0.4088397790055249,0.143646408839779,2.6243093922651934
NCAPG,0.30939226519337015,0.16574585635359115,2.342541436464088
NCAPG2,0.4861878453038674,0.143646408839779,2.8287292817679557
NCAPH,0.6850828729281768,0.0055248618784530384,3.2044198895027622
NCAPH2,0.44751381215469616,0.09392265193370165,2.6298342541436464
NCBP1,0.585635359116022,0.06077348066298342,2.9171270718232045
NCBP2,0.7734806629834254,0.03867403314917127,4.287292817679558
NCEH1,0.7955801104972375,0.022099447513812154,4.624309392265193
NCF1,0.6574585635359116,0.03314917127071823,3.3922651933701657
NCF2,0.6795580110497238,0.027624309392265192,3.3701657458563536
NCF4,0.4419889502762431,0.08287292817679558,2.6243093922651934
NCK1,0.7016574585635359,0.03314917127071823,3.712707182320442
NCK2,0.6740331491712708,0.011049723756906077,3.3370165745856353
NCKAP1,0.5966850828729282,0.011049723756906077,3.0773480662983426
NCKAP1L,0.574585635359116,0.03867403314917127,2.834254143646409
NCKIPSD,0.2541436464088398,0.2154696132596685,2.143646408839779
NCL,0.5303867403314917,0.055248618784530384,2.773480662983425
NCLN,0.40331491712707185,0.06629834254143646,2.569060773480663
NCOA1,0.6629834254143646,0.03314917127071823,3.1215469613259668
NCOA2,0.7237569060773481,0.0,3.718232044198895
NCOA3,0.7513812154696132,0.0055248618784530384,3.9447513812154695
NCOA4,0.5414364640883977,0.03867403314917127,2.9502762430939224
NCOA5,0.7513812154696132,0.0055248618784530384,3.972375690607735
NCOA6,0.7403314917127072,0.0055248618784530384,3.9171270718232045
NCOA7,0.5303867403314917,0.055248618784530384,2.9502762430939224
NCOR1,0.35911602209944754,0.11602209944751381,2.5027624309392267
NCOR2,0.5580110497237569,0.04419889502762431,2.889502762430939
NCR1,0.585635359116022,0.03314917127071823,3.0552486187845305
NCR2,0.6298342541436464,0.03867403314917127,3.56353591160221
NCR3,0.6022099447513812,0.04419889502762431,3.0
NCR3LG1,0.4585635359116022,0.0718232044198895,2.7569060773480665
NCS1,0.5966850828729282,0.0718232044198895,2.9005524861878453
NCSTN,0.712707182320442,0.016574585635359115,3.5193370165745854
NDC1,0.5082872928176796,0.03867403314917127,2.6906077348066297
NDC80,0.580110497237569,0.08287292817679558,3.265193370165746
NDE1,0.5248618784530387,0.08287292817679558,2.861878453038674
NDEL1,0.3701657458563536,0.08839779005524862,2.5138121546961325
NDFIP1,0.3314917127071823,0.08839779005524862,2.3701657458563536
NDOR1,0.6077348066298343,0.055248618784530384,3.0
NDRG1,0.8121546961325967,0.022099447513812154,4.348066298342541
NDRG2,0.5524861878453039,0.06077348066298342,2.867403314917127
NDRG3,0.7458563535911602,0.0,4.0220994475138125
NDST1,0.36464088397790057,0.08287292817679558,2.403314917127072
NDST2,0.5027624309392266,0.06077348066298342,2.773480662983425
NDUFA1,0.23756906077348067,0.30386740331491713,2.0331491712707184
NDUFA10,0.5082872928176796,0.06077348066298342,2.7403314917127073
NDUFA11,0.4198895027624309,0.0718232044198895,2.569060773480663
NDUFA12,0.5524861878453039,0.055248618784530384,2.7790055248618786
NDUFA13,0.5027624309392266,0.03867403314917127,2.81767955801105
NDUFA2,0.3370165745856354,0.08287292817679558,2.3812154696132595
NDUFA3,0.574585635359116,0.03867403314917127,3.0110497237569063
NDUFA4,0.7237569060773481,0.027624309392265192,3.850828729281768
NDUFA5,0.5193370165745856,0.08287292817679558,2.8784530386740332
NDUFA6,0.4530386740331492,0.06077348066298342,2.701657458563536
NDUFA7,0.4143646408839779,0.06629834254143646,2.569060773480663
NDUFA8,0.5911602209944752,0.06077348066298342,2.9005524861878453
NDUFA9,0.6077348066298343,0.06077348066298342,3.276243093922652
NDUFAB1,0.5193370165745856,0.08287292817679558,2.8066298342541436
NDUFAF1,0.4530386740331492,0.06077348066298342,2.718232044198895
NDUFAF2,0.23756906077348067,0.14917127071823205,2.2154696132596685
NDUFAF3,0.2541436464088398,0.2154696132596685,2.143646408839779
NDUFAF4,0.48066298342541436,0.06629834254143646,2.696132596685083
NDUFAF5,0.6850828729281768,0.06077348066298342,3.4419889502762433
NDUFAF6,0.7458563535911602,0.0055248618784530384,3.7955801104972378
NDUFAF7,0.6519337016574586,0.022099447513812154,3.1270718232044197
NDUFB1,0.5469613259668509,0.06629834254143646,2.839779005524862
NDUFB10,0.49171270718232046,0.09944751381215469,2.6906077348066297
NDUFB11,0.143646408839779,0.44751381215469616,1.7734806629834254
NDUFB2,0.5027624309392266,0.09392265193370165,2.845303867403315
NDUFB3,0.5966850828729282,0.011049723756906077,3.0
NDUFB4,0.6574585635359116,0.049723756906077346,3.453038674033149
NDUFB5,0.7790055248618785,0.022099447513812154,4.419889502762431
NDUFB6,0.39226519337016574,0.14917127071823205,2.6022099447513813
NDUFB7,0.49171270718232046,0.04419889502762431,2.773480662983425
NDUFB8,0.48066298342541436,0.08287292817679558,2.6022099447513813
NDUFB9,0.8121546961325967,0.0055248618784530384,4.679558011049724
NDUFC1,0.35911602209944754,0.09392265193370165,2.5303867403314917
NDUFC2,0.5082872928176796,0.06077348066298342,2.9502762430939224
NDUFS2,0.7182320441988951,0.016574585635359115,3.56353591160221
NDUFS3,0.5193370165745856,0.06077348066298342,2.861878453038674
NDUFS4,0.287292817679558,0.13812154696132597,2.342541436464088
NDUFS5,0.5414364640883977,0.03314917127071823,2.9613259668508287
NDUFS6,0.6685082872928176,0.03314917127071823,3.9447513812154695
NDUFS7,0.3701657458563536,0.07734806629834254,2.4972375690607733
NDUFS8,0.6574585635359116,0.016574585635359115,3.569060773480663
NDUFV1,0.6629834254143646,0.016574585635359115,3.4861878453038675
NDUFV2,0.5469613259668509,0.11049723756906077,2.9613259668508287
NDUFV3,0.30386740331491713,0.14917127071823205,2.292817679558011
NECAP1,0.6077348066298343,0.06077348066298342,3.2099447513812156
NECAP2,0.4972375690607735,0.049723756906077346,2.696132596685083
NECTIN1,0.4143646408839779,0.11049723756906077,2.569060773480663
NECTIN2,0.569060773480663,0.04419889502762431,2.9447513812154695
NECTIN3,0.6519337016574586,0.03867403314917127,3.4806629834254146
NECTIN4,0.7182320441988951,0.016574585635359115,3.569060773480663
NEDD1,0.5524861878453039,0.055248618784530384,2.7845303867403315
NEDD4,0.4861878453038674,0.049723756906077346,2.7624309392265194
NEDD4L,0.3149171270718232,0.281767955801105,2.2209944751381214
NEDD8,0.5524861878453039,0.049723756906077346,2.9171270718232045
NEDD9,0.5027624309392266,0.11049723756906077,2.7569060773480665
NEFL,0.44751381215469616,0.16574585635359115,2.6353591160220993
NEFM,0.44751381215469616,0.16574585635359115,2.6353591160220993
NEGR1,0.48066298342541436,0.06077348066298342,2.6298342541436464
NEIL1,0.5082872928176796,0.03867403314917127,2.8066298342541436
NEIL2,0.4861878453038674,0.14917127071823205,4.668508287292818
NEIL3,0.3314917127071823,0.16022099447513813,2.3922651933701657
NEK2,0.6740331491712708,0.027624309392265192,3.3480662983425415
NEK6,0.585635359116022,0.06077348066298342,2.9005524861878453
NEK7,0.6574585635359116,0.03314917127071823,3.292817679558011
NEK8,0.6243093922651933,0.03314917127071823,3.116022099447514
NEK9,0.5911602209944752,0.055248618784530384,2.9447513812154695
NELFA,0.3425414364640884,0.15469613259668508,2.447513812154696
NELFB,0.6077348066298343,0.055248618784530384,3.0
NELFCD,0.7513812154696132,0.011049723756906077,3.994475138121547
NELFE,0.6022099447513812,0.04419889502762431,3.016574585635359
NELL1,0.47513812154696133,0.06629834254143646,2.7900552486187844
NELL2,0.5580110497237569,0.06629834254143646,2.861878453038674
NEMF,0.6077348066298343,0.03867403314917127,2.9889502762430937
NEMP1,0.574585635359116,0.049723756906077346,2.8729281767955803
NEO1,0.5082872928176796,0.03867403314917127,2.7955801104972378
NEPRO,0.6464088397790055,0.04419889502762431,3.43646408839779
NES,0.7071823204419889,0.011049723756906077,3.4640883977900554
NET1,0.5524861878453039,0.06629834254143646,2.955801104972376
NEU1,0.6022099447513812,0.04419889502762431,3.0
NEU2,0.5248618784530387,0.055248618784530384,2.7845303867403315
NEU3,0.5193370165745856,0.06077348066298342,3.3535911602209945
NEU4,0.4972375690607735,0.0718232044198895,2.723756906077348
NEURL1,0.4861878453038674,0.08287292817679558,2.6464088397790055
NEURL2,0.7513812154696132,0.0055248618784530384,3.972375690607735
NEUROD1,0.585635359116022,0.011049723756906077,3.0497237569060776
NEUROD4,0.580110497237569,0.03867403314917127,2.861878453038674
NEUROG2,0.3370165745856354,0.09944751381215469,2.408839779005525
NEUROG3,0.5027624309392266,0.0718232044198895,2.734806629834254
NF1,0.6353591160220995,0.03867403314917127,3.0773480662983426
NF2,0.4530386740331492,0.0718232044198895,2.6685082872928176
NFAM1,0.4530386740331492,0.055248618784530384,2.707182320441989
NFASC,0.6685082872928176,0.027624309392265192,3.303867403314917
NFATC1,0.3425414364640884,0.23204419889502761,2.3259668508287294
NFATC2,0.7679558011049724,0.011049723756906077,4.005524861878453
NFATC2IP,0.5359116022099447,0.0718232044198895,2.883977900552486
NFATC3,0.5248618784530387,0.06629834254143646,2.9005524861878453
NFATC4,0.5580110497237569,0.049723756906077346,2.9226519337016574
NFE2,0.574585635359116,0.03867403314917127,2.850828729281768
NFE2L1,0.6298342541436464,0.03314917127071823,3.088397790055249
NFE2L2,0.6243093922651933,0.027624309392265192,3.2320441988950277
NFIA,0.5027624309392266,0.049723756906077346,2.8066298342541436
NFIB,0.3370165745856354,0.1878453038674033,2.4917127071823204
NFIC,0.4143646408839779,0.06077348066298342,2.613259668508287
NFIL3,0.5524861878453039,0.06077348066298342,2.8950276243093924
NFIX,0.49171270718232046,0.04419889502762431,2.7624309392265194
NFKB1,0.3259668508287293,0.11602209944751381,2.3756906077348066
NFKB2,0.48066298342541436,0.08839779005524862,2.613259668508287
NFKBIA,0.569060773480663,0.04419889502762431,3.2596685082872927
NFKBIB,0.5580110497237569,0.03314917127071823,2.9613259668508287
NFKBIE,0.6353591160220995,0.03314917127071823,3.701657458563536
NFKBIZ,0.6464088397790055,0.04419889502762431,3.4419889502762433
NFRKB,0.4143646408839779,0.11602209944751381,2.6519337016574585
NFS1,0.7458563535911602,0.0055248618784530384,4.027624309392265
NFU1,0.6740331491712708,0.0055248618784530384,3.3093922651933703
NFX1,0.4088397790055249,0.13812154696132597,2.6519337016574585
NFYA,0.6298342541436464,0.03867403314917127,3.56353591160221
NFYB,0.56353591160221,0.049723756906077346,2.8011049723756907
NFYC,0.5359116022099447,0.027624309392265192,3.027624309392265
NGB,0.580110497237569,0.049723756906077346,2.889502762430939
NGDN,0.5524861878453039,0.049723756906077346,2.9281767955801103
NGEF,0.5193370165745856,0.055248618784530384,2.7679558011049723
NGF,0.4861878453038674,0.11049723756906077,2.6519337016574585
NGFR,0.6243093922651933,0.027624309392265192,3.132596685082873
NGLY1,0.3149171270718232,0.18232044198895028,2.314917127071823
NGRN,0.574585635359116,0.016574585635359115,3.138121546961326
NHEJ1,0.5248618784530387,0.055248618784530384,2.8011049723756907
NHLRC1,0.5138121546961326,0.09392265193370165,2.751381215469613
NHLRC3,0.4696132596685083,0.10497237569060773,2.8066298342541436
NHP2,0.39226519337016574,0.06629834254143646,2.56353591160221
NICN1,0.24861878453038674,0.2265193370165746,2.1270718232044197
NID1,0.6685082872928176,0.016574585635359115,3.453038674033149
NID2,0.6077348066298343,0.03867403314917127,2.972375690607735
NIF3L1,0.5966850828729282,0.016574585635359115,2.994475138121547
NIFK,0.6464088397790055,0.016574585635359115,3.292817679558011
NIN,0.6022099447513812,0.04419889502762431,2.977900552486188
NINJ1,0.569060773480663,0.06077348066298342,2.9171270718232045
NINL,0.6906077348066298,0.04419889502762431,3.5801104972375692
NIP7,0.5248618784530387,0.06629834254143646,2.867403314917127
NIPA1,0.5303867403314917,0.06077348066298342,2.856353591160221
NIPA2,0.5303867403314917,0.055248618784530384,2.861878453038674
NIPAL4,0.3756906077348066,0.08287292817679558,2.43646408839779
NIPBL,0.6353591160220995,0.027624309392265192,3.6906077348066297
NIPSNAP1,0.44751381215469616,0.0718232044198895,2.657458563535912
NIPSNAP3A,0.5911602209944752,0.06077348066298342,2.9281767955801103
NKAIN4,0.7513812154696132,0.011049723756906077,3.955801104972376
NKAP,0.23756906077348067,0.30386740331491713,2.0331491712707184
NKD1,0.5082872928176796,0.055248618784530384,2.8011049723756907
NKD2,0.6685082872928176,0.03867403314917127,3.9889502762430937
NKG7,0.5580110497237569,0.049723756906077346,2.9502762430939224
NKTR,0.2983425414364641,0.1878453038674033,2.281767955801105
NKX2-1,0.585635359116022,0.03867403314917127,3.2099447513812156
NKX2-2,0.6850828729281768,0.04419889502762431,3.5801104972375692
NKX2-5,0.3756906077348066,0.0718232044198895,2.4751381215469612
NKX3-1,0.44751381215469616,0.16022099447513813,2.6408839779005526
NKX3-2,0.3314917127071823,0.16022099447513813,2.3977900552486187
NKX6-1,0.3425414364640884,0.11049723756906077,2.453038674033149
NLE1,0.5911602209944752,0.049723756906077346,2.994475138121547
NLGN1,0.7845303867403315,0.022099447513812154,4.441988950276243
NLGN2,0.3812154696132597,0.09392265193370165,2.5303867403314917
NLGN3,0.2265193370165746,0.3259668508287293,2.0110497237569063
NLGN4X,0.16022099447513813,0.46408839779005523,1.7624309392265194
NLK,0.6077348066298343,0.03867403314917127,3.044198895027624
NLN,0.23756906077348067,0.15469613259668508,2.1878453038674035
NLRC3,0.47513812154696133,0.09392265193370165,2.657458563535912
NLRC4,0.6519337016574586,0.027624309392265192,3.138121546961326
NLRC5,0.5193370165745856,0.06077348066298342,2.81767955801105
NLRP1,0.39226519337016574,0.09392265193370165,2.541436464088398
NLRP12,0.574585635359116,0.04419889502762431,3.0110497237569063
NLRP3,0.6961325966850829,0.027624309392265192,3.5027624309392267
NLRP6,0.3867403314917127,0.09944751381215469,2.574585635359116
NLRP9,0.574585635359116,0.03867403314917127,3.044198895027624
NLRX1,0.4088397790055249,0.11049723756906077,2.56353591160221
NMB,0.5248618784530387,0.027624309392265192,2.883977900552486
NMD3,0.7624309392265194,0.022099447513812154,4.2430939226519335
NME1,0.6408839779005525,0.03314917127071823,3.248618784530387
NME2,0.6408839779005525,0.03314917127071823,3.2099447513812156
NME3,0.49171270718232046,0.09944751381215469,2.6906077348066297
NME4,0.48066298342541436,0.11602209944751381,2.6685082872928176
NME6,0.2596685082872928,0.20994475138121546,2.149171270718232
NME7,0.7071823204419889,0.016574585635359115,3.5138121546961325
NME8,0.7182320441988951,0.027624309392265192,3.7403314917127073
NMI,0.5911602209944752,0.027624309392265192,3.005524861878453
NMNAT1,0.5138121546961326,0.06077348066298342,2.81767955801105
NMNAT2,0.6850828729281768,0.022099447513812154,3.3756906077348066
NMNAT3,0.7071823204419889,0.027624309392265192,3.7403314917127073
NMRAL1,0.49171270718232046,0.08839779005524862,2.707182320441989
NMT1,0.6243093922651933,0.03314917127071823,3.0939226519337018
NMT2,0.5580110497237569,0.06077348066298342,2.9005524861878453
NMU,0.40331491712707185,0.10497237569060773,2.613259668508287
NMUR2,0.3701657458563536,0.07734806629834254,2.4198895027624308
NNMT,0.4088397790055249,0.12154696132596685,2.5580110497237567
NNT,0.6298342541436464,0.027624309392265192,3.9447513812154695
NOA1,0.39779005524861877,0.09944751381215469,2.6298342541436464
NOB1,0.5193370165745856,0.06629834254143646,2.834254143646409
NOC2L,0.5303867403314917,0.049723756906077346,2.7955801104972378
NOC3L,0.4696132596685083,0.08287292817679558,2.591160220994475
NOC4L,0.569060773480663,0.055248618784530384,2.856353591160221
NOCT,0.35911602209944754,0.09392265193370165,2.5303867403314917
NOD1,0.7237569060773481,0.027624309392265192,3.7955801104972378
NOD2,0.5082872928176796,0.055248618784530384,2.8066298342541436
NODAL,0.5027624309392266,0.06629834254143646,2.734806629834254
NOG,0.6187845303867403,0.03867403314917127,3.0497237569060776
NOL10,0.6408839779005525,0.04419889502762431,3.110497237569061
NOL11,0.6519337016574586,0.022099447513812154,3.154696132596685
NOL12,0.44751381215469616,0.0718232044198895,2.657458563535912
NOL3,0.5248618784530387,0.06077348066298342,2.861878453038674
NOL6,0.4143646408839779,0.13812154696132597,2.6685082872928176
NOL7,0.5027624309392266,0.09944751381215469,2.751381215469613
NOL8,0.5580110497237569,0.06077348066298342,2.9005524861878453
NOL9,0.5193370165745856,0.06077348066298342,2.7790055248618786
NOLC1,0.4861878453038674,0.08287292817679558,2.6408839779005526
NOM1,0.48066298342541436,0.13259668508287292,2.8121546961325965
NOMO2,0.5193370165745856,0.08287292817679558,2.839779005524862
NOMO3,0.5248618784530387,0.08839779005524862,2.8287292817679557
NONO,0.2265193370165746,0.3259668508287293,2.0110497237569063
NOP10,0.48066298342541436,0.04419889502762431,2.7624309392265194
NOP14,0.3370165745856354,0.16022099447513813,2.3922651933701657
NOP16,0.3812154696132597,0.06629834254143646,2.5248618784530388
NOP2,0.6022099447513812,0.06629834254143646,3.1712707182320443
NOP53,0.5580110497237569,0.04419889502762431,2.9281767955801103
NOP56,0.6850828729281768,0.06077348066298342,3.453038674033149
NOP58,0.6022099447513812,0.011049723756906077,3.044198895027624
NOS1,0.569060773480663,0.03867403314917127,2.850828729281768
NOS2,0.6243093922651933,0.03867403314917127,3.0994475138121547
NOS3,0.4585635359116022,0.13259668508287292,2.7845303867403315
NOSIP,0.5580110497237569,0.049723756906077346,2.9337016574585637
NOSTRIN,0.6022099447513812,0.027624309392265192,3.0773480662983426
NOTCH2,0.5359116022099447,0.08287292817679558,2.889502762430939
NOTCH3,0.5138121546961326,0.03314917127071823,2.883977900552486
NOTCH4,0.5966850828729282,0.04419889502762431,3.005524861878453
NOTUM,0.6022099447513812,0.03314917127071823,3.0
NOX1,0.23204419889502761,0.30386740331491713,2.0386740331491713
NOX4,0.4972375690607735,0.08839779005524862,2.834254143646409
NOX5,0.49171270718232046,0.04419889502762431,2.7679558011049723
NOXA1,0.6077348066298343,0.055248618784530384,3.005524861878453
NOXO1,0.49171270718232046,0.09944751381215469,2.6906077348066297
NPAS2,0.6519337016574586,0.011049723756906077,3.1878453038674035
NPB,0.6022099447513812,0.03314917127071823,3.0
NPBWR2,0.7513812154696132,0.011049723756906077,3.9447513812154695
NPC1,0.5138121546961326,0.09392265193370165,3.3756906077348066
NPC1L1,0.712707182320442,0.022099447513812154,3.7403314917127073
NPC2,0.585635359116022,0.055248618784530384,2.8729281767955803
NPDC1,0.6132596685082873,0.055248618784530384,3.005524861878453
NPEPL1,0.7513812154696132,0.011049723756906077,3.994475138121547
NPFF,0.574585635359116,0.049723756906077346,2.8232044198895028
NPFFR1,0.5027624309392266,0.06629834254143646,2.734806629834254
NPFFR2,0.39226519337016574,0.08839779005524862,2.596685082872928
NPHP1,0.6685082872928176,0.022099447513812154,3.2375690607734806
NPHP3,0.6795580110497238,0.03867403314917127,3.6022099447513813
NPHP4,0.5193370165745856,0.06629834254143646,2.734806629834254
NPHS1,0.5911602209944752,0.03314917127071823,3.154696132596685
NPHS2,0.6740331491712708,0.03314917127071823,3.3480662983425415
NPL,0.6850828729281768,0.022099447513812154,3.3756906077348066
NPLOC4,0.6022099447513812,0.03314917127071823,3.0
NPM1,0.3812154696132597,0.08287292817679558,2.4696132596685083
NPM2,0.430939226519337,0.16022099447513813,2.613259668508287
NPM3,0.48066298342541436,0.08839779005524862,2.613259668508287
NPNT,0.3370165745856354,0.11049723756906077,2.3922651933701657
NPPA,0.5193370165745856,0.055248618784530384,2.856353591160221
NPPB,0.5138121546961326,0.055248618784530384,2.850828729281768
NPPC,0.5248618784530387,0.055248618784530384,2.7624309392265194
NPR1,0.712707182320442,0.011049723756906077,3.4696132596685083
NPRL2,0.2430939226519337,0.2265193370165746,2.116022099447514
NPSR1,0.7292817679558011,0.022099447513812154,3.81767955801105
NPTN,0.5082872928176796,0.03867403314917127,2.8011049723756907
NPY,0.7403314917127072,0.022099447513812154,3.8950276243093924
NPY1R,0.34806629834254144,0.12154696132596685,2.5193370165745854
NPY2R,0.3314917127071823,0.11049723756906077,2.447513812154696
NQO1,0.5193370165745856,0.06629834254143646,2.834254143646409
NR0B1,0.16022099447513813,0.4419889502762431,1.8232044198895028
NR0B2,0.430939226519337,0.07734806629834254,2.5248618784530388
NR1D1,0.6740331491712708,0.022099447513812154,4.0
NR1D2,0.30386740331491713,0.1878453038674033,2.292817679558011
NR1H2,0.5524861878453039,0.049723756906077346,2.9392265193370166
NR1H3,0.5193370165745856,0.06077348066298342,2.8784530386740332
NR1H4,0.569060773480663,0.049723756906077346,2.8121546961325965
NR1I2,0.6629834254143646,0.055248618784530384,3.4640883977900554
NR1I3,0.7182320441988951,0.016574585635359115,3.56353591160221
NR2C1,0.5524861878453039,0.055248618784530384,2.7845303867403315
NR2C2,0.3259668508287293,0.18232044198895028,2.342541436464088
NR2C2AP,0.49171270718232046,0.03867403314917127,2.8121546961325965
NR2E1,0.5082872928176796,0.06077348066298342,2.7624309392265194
NR2E3,0.4972375690607735,0.04419889502762431,2.7790055248618786
NR2F1,0.2596685082872928,0.13259668508287292,2.248618784530387
NR2F2,0.5911602209944752,0.022099447513812154,3.1270718232044197
NR2F6,0.5027624309392266,0.027624309392265192,2.8121546961325965
NR3C1,0.3370165745856354,0.08839779005524862,2.3701657458563536
NR3C2,0.35911602209944754,0.09944751381215469,2.574585635359116
NR4A1,0.5524861878453039,0.055248618784530384,2.8011049723756907
NR4A2,0.6022099447513812,0.027624309392265192,3.0386740331491713
NR4A3,0.585635359116022,0.06077348066298342,2.9171270718232045
NR5A1,0.585635359116022,0.06077348066298342,2.9060773480662982
NR5A2,0.6574585635359116,0.03314917127071823,3.287292817679558
NR6A1,0.585635359116022,0.06077348066298342,2.9060773480662982
NRAS,0.4972375690607735,0.11049723756906077,2.8784530386740332
NRBF2,0.5082872928176796,0.049723756906077346,2.7955801104972378
NRBP1,0.6574585635359116,0.03314917127071823,3.1215469613259668
NRCAM,0.6408839779005525,0.04419889502762431,3.5359116022099446
NRF1,0.5027624309392266,0.09392265193370165,2.834254143646409
NRG1,0.4861878453038674,0.13812154696132597,2.8950276243093924
NRG2,0.3314917127071823,0.08839779005524862,2.3701657458563536
NRG3,0.4972375690607735,0.0718232044198895,2.712707182320442
NRG4,0.5138121546961326,0.03867403314917127,2.8011049723756907
NRIP1,0.30939226519337015,0.14917127071823205,2.3646408839779007
NRL,0.5524861878453039,0.049723756906077346,2.9171270718232045
NRN1,0.49171270718232046,0.12154696132596685,2.685082872928177
NRN1L,0.5248618784530387,0.06629834254143646,2.9005524861878453
NRP1,0.580110497237569,0.03314917127071823,3.044198895027624
NRP2,0.56353591160221,0.04419889502762431,2.9171270718232045
NRXN1,0.6574585635359116,0.0055248618784530384,3.165745856353591
NRXN3,0.580110497237569,0.06629834254143646,2.856353591160221
NSA2,0.24861878453038674,0.14917127071823205,2.2099447513812156
NSD2,0.3425414364640884,0.15469613259668508,2.447513812154696
NSD3,0.580110497237569,0.10497237569060773,3.414364640883978
NSDHL,0.24861878453038674,0.292817679558011,2.0773480662983426
NSF,0.6187845303867403,0.03867403314917127,3.0331491712707184
NSFL1C,0.6850828729281768,0.06077348066298342,3.458563535911602
NSL1,0.6795580110497238,0.027624309392265192,3.3701657458563536
NSMAF,0.7182320441988951,0.0055248618784530384,3.569060773480663
NSMCE1,0.5248618784530387,0.0718232044198895,2.861878453038674
NSMCE2,0.8176795580110497,0.0055248618784530384,4.828729281767956
NSMCE3,0.4972375690607735,0.049723756906077346,2.8011049723756907
NSMCE4A,0.5027624309392266,0.06629834254143646,2.734806629834254
NSUN2,0.6685082872928176,0.03314917127071823,3.74585635359116
NSUN4,0.5248618784530387,0.027624309392265192,2.701657458563536
NT5C,0.6464088397790055,0.022099447513812154,3.1933701657458564
NT5C1A,0.5414364640883977,0.03314917127071823,3.0552486187845305
NT5C1B,0.6574585635359116,0.04419889502762431,3.0939226519337018
NT5C2,0.4861878453038674,0.08287292817679558,2.613259668508287
NT5E,0.5193370165745856,0.049723756906077346,2.8232044198895028
NTAN1,0.5193370165745856,0.07734806629834254,2.861878453038674
NTF3,0.6132596685082873,0.06077348066298342,3.2596685082872927
NTF4,0.5580110497237569,0.049723756906077346,2.9337016574585637
NTHL1,0.49171270718232046,0.09944751381215469,2.6906077348066297
NTM,0.40331491712707185,0.13812154696132597,2.613259668508287
NTMT1,0.6022099447513812,0.0718232044198895,2.911602209944751
NTN1,0.36464088397790057,0.09944751381215469,2.4972375690607733
NTN4,0.5469613259668509,0.049723756906077346,2.7955801104972378
NTNG1,0.5027624309392266,0.08839779005524862,2.6298342541436464
NTNG2,0.6022099447513812,0.06629834254143646,2.9226519337016574
NTPCR,0.6740331491712708,0.016574585635359115,3.4640883977900554
NTRK1,0.7071823204419889,0.011049723756906077,3.447513812154696
NTRK2,0.5524861878453039,0.0718232044198895,2.856353591160221
NTS,0.5580110497237569,0.055248618784530384,2.867403314917127
NTSR1,0.7458563535911602,0.011049723756906077,3.9447513812154695
NUAK1,0.569060773480663,0.049723756906077346,2.839779005524862
NUB1,0.4696132596685083,0.1270718232044199,2.773480662983425
NUBP1,0.5082872928176796,0.07734806629834254,2.839779005524862
NUBP2,0.49171270718232046,0.09944751381215469,2.6906077348066297
NUBPL,0.56353591160221,0.06077348066298342,2.994475138121547
NUCB1,0.5580110497237569,0.049723756906077346,2.9337016574585637
NUCKS1,0.6629834254143646,0.027624309392265192,3.3314917127071824
NUDC,0.430939226519337,0.07734806629834254,2.5248618784530388
NUDT1,0.7292817679558011,0.022099447513812154,3.856353591160221
NUDT12,0.281767955801105,0.12154696132596685,2.314917127071823
NUDT14,0.5580110497237569,0.06077348066298342,2.8784530386740332
NUDT16,0.6795580110497238,0.03314917127071823,3.6022099447513813
NUDT16L1,0.4861878453038674,0.08839779005524862,2.685082872928177
NUDT19,0.5911602209944752,0.03867403314917127,3.149171270718232
NUDT2,0.430939226519337,0.13259668508287292,2.729281767955801
NUDT21,0.5138121546961326,0.06077348066298342,2.8232044198895028
NUDT3,0.6022099447513812,0.04419889502762431,2.994475138121547
NUDT5,0.5524861878453039,0.06077348066298342,2.9502762430939224
NUDT7,0.4972375690607735,0.06629834254143646,2.773480662983425
NUDT8,0.6629834254143646,0.016574585635359115,3.4972375690607733
NUDT9,0.3425414364640884,0.11602209944751381,2.430939226519337
NUF2,0.6850828729281768,0.016574585635359115,3.4696132596685083
NUFIP1,0.48066298342541436,0.10497237569060773,2.7679558011049723
NUFIP2,0.6243093922651933,0.03314917127071823,3.132596685082873
NUMA1,0.5911602209944752,0.03867403314917127,3.9337016574585637
NUMB,0.580110497237569,0.055248618784530384,2.850828729281768
NUMBL,0.5524861878453039,0.03867403314917127,2.911602209944751
NUP107,0.6022099447513812,0.027624309392265192,3.4640883977900554
NUP133,0.6740331491712708,0.027624309392265192,3.43646408839779
NUP153,0.5138121546961326,0.09392265193370165,2.74585635359116
NUP155,0.6353591160220995,0.027624309392265192,3.6906077348066297
NUP160,0.5248618784530387,0.06077348066298342,2.8729281767955803
NUP188,0.6022099447513812,0.0718232044198895,2.911602209944751
NUP205,0.49171270718232046,0.08839779005524862,2.81767955801105
NUP210,0.3314917127071823,0.1878453038674033,2.3591160220994474
NUP214,0.6022099447513812,0.06629834254143646,2.911602209944751
NUP37,0.56353591160221,0.06077348066298342,2.7955801104972378
NUP43,0.5414364640883977,0.055248618784530384,2.845303867403315
NUP50,0.44751381215469616,0.0718232044198895,2.6685082872928176
NUP54,0.39779005524861877,0.08839779005524862,2.718232044198895
NUP58,0.4419889502762431,0.09392265193370165,2.7624309392265194
NUP62,0.5580110497237569,0.04419889502762431,2.9502762430939224
NUP62CL,0.23756906077348067,0.30939226519337015,2.0386740331491713
NUP85,0.6464088397790055,0.022099447513812154,3.1933701657458564
NUP88,0.39226519337016574,0.09392265193370165,2.541436464088398
NUP93,0.5138121546961326,0.06077348066298342,2.8121546961325965
NUP98,0.4088397790055249,0.09944751381215469,2.6022099447513813
NUSAP1,0.4530386740331492,0.06077348066298342,2.718232044198895
NUTF2,0.5248618784530387,0.06629834254143646,2.9005524861878453
NVL,0.6685082872928176,0.022099447513812154,3.3922651933701657
NXF1,0.569060773480663,0.03867403314917127,2.972375690607735
NXF2,0.2265193370165746,0.3149171270718232,2.022099447513812
NXF3,0.2265193370165746,0.3149171270718232,2.022099447513812
NXPH3,0.6298342541436464,0.027624309392265192,3.143646408839779
NXT1,0.6685082872928176,0.049723756906077346,3.541436464088398
NXT2,0.23204419889502761,0.30386740331491713,2.0331491712707184
OAS1,0.56353591160221,0.03867403314917127,2.8729281767955803
OAS2,0.56353591160221,0.03867403314917127,2.8729281767955803
OAS3,0.56353591160221,0.03867403314917127,2.8729281767955803
OASL,0.569060773480663,0.03867403314917127,2.8784530386740332
OAT,0.5027624309392266,0.06629834254143646,2.734806629834254
OAZ1,0.3867403314917127,0.07734806629834254,2.5248618784530388
OAZ2,0.4861878453038674,0.04419889502762431,2.7569060773480665
OAZ3,0.7182320441988951,0.0055248618784530384,3.5359116022099446
OBSCN,0.6795580110497238,0.027624309392265192,3.4419889502762433
OBSL1,0.5248618784530387,0.055248618784530384,2.7900552486187844
OCA2,0.49171270718232046,0.06077348066298342,2.7845303867403315
OCLN,0.24861878453038674,0.15469613259668508,2.2154696132596685
OCRL,0.2430939226519337,0.292817679558011,2.0497237569060776
ODF1,0.7624309392265194,0.0055248618784530384,4.044198895027624
ODF2,0.6077348066298343,0.06629834254143646,2.9226519337016574
OFD1,0.1712707182320442,0.4530386740331492,1.7955801104972375
OGA,0.48066298342541436,0.08839779005524862,2.613259668508287
OGDH,0.712707182320442,0.022099447513812154,3.7403314917127073
OGDHL,0.5138121546961326,0.055248618784530384,2.8066298342541436
OGG1,0.3314917127071823,0.17679558011049723,2.3701657458563536
OGN,0.5524861878453039,0.06629834254143646,2.8784530386740332
OGT,0.22099447513812154,0.3314917127071823,2.0
OIP5,0.4530386740331492,0.06077348066298342,2.718232044198895
OLA1,0.6187845303867403,0.016574585635359115,3.226519337016575
OLFM4,0.4861878453038674,0.09392265193370165,2.861878453038674
OLIG1,0.3425414364640884,0.09944751381215469,2.408839779005525
OLIG2,0.3425414364640884,0.09944751381215469,2.408839779005525
OLR1,0.6132596685082873,0.06077348066298342,3.1988950276243093
OMA1,0.4861878453038674,0.049723756906077346,2.701657458563536
OMG,0.6298342541436464,0.03867403314917127,3.0773480662983426
ONECUT1,0.47513812154696133,0.049723756906077346,2.751381215469613
ONECUT2,0.30939226519337015,0.292817679558011,2.1988950276243093
ONECUT3,0.3756906077348066,0.07734806629834254,2.4917127071823204
OOEP,0.5359116022099447,0.06077348066298342,2.8121546961325965
OPA1,0.7790055248618785,0.03314917127071823,4.30939226519337
OPCML,0.4088397790055249,0.13812154696132597,2.6353591160220993
OPHN1,0.22099447513812154,0.3370165745856354,2.0110497237569063
OPLAH,0.7734806629834254,0.022099447513812154,3.9281767955801103
OPN1LW,0.2541436464088398,0.287292817679558,2.0994475138121547
OPN1SW,0.5027624309392266,0.09392265193370165,2.8287292817679557
OPN4,0.46408839779005523,0.09944751381215469,2.596685082872928
OPRD1,0.47513812154696133,0.06077348066298342,2.6464088397790055
OPRK1,0.6961325966850829,0.0055248618784530384,3.5248618784530388
OPRL1,0.7513812154696132,0.011049723756906077,3.9447513812154695
OPRM1,0.5303867403314917,0.055248618784530384,2.839779005524862
OPTN,0.569060773480663,0.06077348066298342,2.9337016574585637
OR10AG1,0.585635359116022,0.027624309392265192,3.0552486187845305
OR10J1,0.712707182320442,0.016574585635359115,3.4972375690607733
OR2F2,0.49171270718232046,0.10497237569060773,2.8066298342541436
OR2W3,0.6906077348066298,0.027624309392265192,3.4861878453038675
OR3A1,0.3867403314917127,0.09392265193370165,2.541436464088398
OR4N2,0.5524861878453039,0.055248618784530384,2.911602209944751
OR4X1,0.5248618784530387,0.06077348066298342,2.867403314917127
OR51B6,0.40331491712707185,0.08839779005524862,2.5801104972375692
OR51E1,0.4088397790055249,0.09392265193370165,2.591160220994475
OR51E2,0.4088397790055249,0.09392265193370165,2.591160220994475
OR51F2,0.4088397790055249,0.09392265193370165,2.591160220994475
OR5F1,0.585635359116022,0.027624309392265192,3.0497237569060776
OR7D4,0.425414364640884,0.06077348066298342,2.6077348066298343
OR7G3,0.425414364640884,0.06077348066298342,2.6077348066298343
ORAI2,0.6906077348066298,0.03867403314917127,3.9613259668508287
ORAI3,0.5524861878453039,0.06629834254143646,2.911602209944751
ORC1,0.5138121546961326,0.03867403314917127,2.6740331491712706
ORC2,0.5966850828729282,0.011049723756906077,3.0
ORC3,0.5082872928176796,0.049723756906077346,2.74585635359116
ORC4,0.585635359116022,0.027624309392265192,3.0
ORC5,0.6795580110497238,0.03867403314917127,3.889502762430939
ORC6,0.5303867403314917,0.055248618784530384,2.839779005524862
ORM1,0.5911602209944752,0.06077348066298342,2.9226519337016574
ORM2,0.5911602209944752,0.06077348066298342,2.9226519337016574
ORMDL1,0.6077348066298343,0.011049723756906077,3.088397790055249
ORMDL2,0.580110497237569,0.04419889502762431,2.861878453038674
ORMDL3,0.6740331491712708,0.027624309392265192,4.54696132596685
OS9,0.580110497237569,0.049723756906077346,2.889502762430939
OSBP,0.56353591160221,0.04419889502762431,2.9171270718232045
OSBP2,0.44751381215469616,0.0718232044198895,2.657458563535912
OSBPL1A,0.4861878453038674,0.1270718232044199,3.1712707182320443
OSBPL5,0.3812154696132597,0.10497237569060773,2.546961325966851
OSCAR,0.574585635359116,0.03867403314917127,3.0110497237569063
OSGEPL1,0.6077348066298343,0.011049723756906077,3.088397790055249
OSM,0.44751381215469616,0.0718232044198895,2.657458563535912
OSMR,0.6408839779005525,0.027624309392265192,3.7955801104972378
OST4,0.6629834254143646,0.03314917127071823,3.1270718232044197
OSTC,0.3314917127071823,0.10497237569060773,2.3812154696132595
OSTM1,0.5082872928176796,0.06077348066298342,2.7624309392265194
OTC,0.16022099447513813,0.4585635359116022,1.7900552486187846
OTUB1,0.580110497237569,0.04419889502762431,2.977900552486188
OTUD5,0.13812154696132597,0.4530386740331492,1.7513812154696133
OTUD7A,0.49171270718232046,0.04419889502762431,2.8066298342541436
OTUD7B,0.7071823204419889,0.011049723756906077,3.4751381215469612
OTX2,0.574585635359116,0.049723756906077346,2.867403314917127
OVCA2,0.39226519337016574,0.09944751381215469,2.5359116022099446
OVGP1,0.4972375690607735,0.09392265193370165,2.6022099447513813
OXA1L,0.5359116022099447,0.049723756906077346,2.867403314917127
OXCT1,0.6464088397790055,0.027624309392265192,3.8121546961325965
OXCT2,0.5414364640883977,0.027624309392265192,3.0607734806629834
OXER1,0.6574585635359116,0.016574585635359115,3.154696132596685
OXNAD1,0.32044198895027626,0.18232044198895028,2.3093922651933703
OXSM,0.3149171270718232,0.18232044198895028,2.314917127071823
OXT,0.6906077348066298,0.06077348066298342,3.458563535911602
OXTR,0.3425414364640884,0.18232044198895028,2.3701657458563536
P2RX1,0.39226519337016574,0.09392265193370165,2.546961325966851
P2RX2,0.569060773480663,0.055248618784530384,2.850828729281768
P2RX3,0.580110497237569,0.04419889502762431,2.983425414364641
P2RX4,0.56353591160221,0.04419889502762431,2.867403314917127
P2RX5,0.3867403314917127,0.09392265193370165,2.541436464088398
P2RX6,0.47513812154696133,0.06629834254143646,2.7900552486187844
P2RX7,0.56353591160221,0.03867403314917127,2.867403314917127
P2RY1,0.7403314917127072,0.022099447513812154,4.116022099447513
P2RY12,0.7403314917127072,0.022099447513812154,4.110497237569061
P2RY13,0.7403314917127072,0.022099447513812154,4.110497237569061
P2RY14,0.7403314917127072,0.022099447513812154,4.110497237569061
P2RY2,0.56353591160221,0.04419889502762431,3.5027624309392267
P2RY4,0.2154696132596685,0.3259668508287293,1.9944751381215469
P2RY6,0.56353591160221,0.04419889502762431,3.5027624309392267
P2RY8,0.287292817679558,0.30939226519337015,2.18232044198895
P3H2,0.7900552486187845,0.022099447513812154,4.513812154696133
P3H3,0.6077348066298343,0.055248618784530384,3.1878453038674035
P4HA1,0.5027624309392266,0.06629834254143646,2.74585635359116
P4HA2,0.3149171270718232,0.10497237569060773,2.3480662983425415
P4HA3,0.5303867403314917,0.055248618784530384,3.320441988950276
P4HB,0.6022099447513812,0.03314917127071823,3.0
PA2G4,0.585635359116022,0.04419889502762431,2.883977900552486
PAAF1,0.5580110497237569,0.04419889502762431,3.552486187845304
PABPC1,0.7624309392265194,0.0055248618784530384,4.116022099447513
PABPC3,0.4419889502762431,0.09392265193370165,2.751381215469613
PABPC4,0.5414364640883977,0.03314917127071823,3.0497237569060776
PABPC5,0.20441988950276244,0.3314917127071823,1.988950276243094
PABPN1,0.5524861878453039,0.04419889502762431,2.9337016574585637
PACS1,0.6187845303867403,0.022099447513812154,3.1215469613259668
PACSIN1,0.6077348066298343,0.04419889502762431,2.994475138121547
PACSIN2,0.4530386740331492,0.06629834254143646,2.6740331491712706
PACSIN3,0.5193370165745856,0.055248618784530384,2.883977900552486
PADI2,0.4861878453038674,0.055248618784530384,2.685082872928177
PAF1,0.56353591160221,0.03314917127071823,2.994475138121547
PAFAH1B1,0.3867403314917127,0.09392265193370165,2.5303867403314917
PAFAH1B2,0.4143646408839779,0.11049723756906077,2.569060773480663
PAFAH1B3,0.5414364640883977,0.049723756906077346,2.8729281767955803
PAG1,0.7292817679558011,0.0055248618784530384,3.867403314917127
PAH,0.569060773480663,0.049723756906077346,2.8121546961325965
PAICS,0.39779005524861877,0.10497237569060773,2.596685082872928
PAIP1,0.6298342541436464,0.027624309392265192,3.9447513812154695
PAIP2,0.3259668508287293,0.08839779005524862,2.3646408839779007
PAIP2B,0.6685082872928176,0.0055248618784530384,3.226519337016575
PAK1,0.5138121546961326,0.06077348066298342,3.0939226519337018
PAK1IP1,0.5027624309392266,0.11602209944751381,2.729281767955801
PAK2,0.7790055248618785,0.03314917127071823,4.298342541436464
PAK3,0.2265193370165746,0.30386740331491713,2.022099447513812
PAK4,0.5580110497237569,0.03314917127071823,2.9668508287292816
PAK5,0.6906077348066298,0.055248618784530384,3.4861878453038675
PAK6,0.4530386740331492,0.055248618784530384,2.729281767955801
PALB2,0.5193370165745856,0.08287292817679558,2.8066298342541436
PAM16,0.4861878453038674,0.08839779005524862,2.6906077348066297
PAN2,0.585635359116022,0.049723756906077346,2.8784530386740332
PAN3,0.47513812154696133,0.08287292817679558,2.8121546961325965
PANK1,0.44751381215469616,0.09392265193370165,2.5580110497237567
PANK2,0.6795580110497238,0.06629834254143646,3.43646408839779
PANK4,0.5359116022099447,0.049723756906077346,2.839779005524862
PANX1,0.48066298342541436,0.08839779005524862,2.74585635359116
PAOX,0.49171270718232046,0.07734806629834254,2.679558011049724
PAPOLA,0.5469613259668509,0.06629834254143646,2.8232044198895028
PAPOLB,0.7403314917127072,0.016574585635359115,3.845303867403315
PAPOLG,0.6740331491712708,0.0055248618784530384,3.2375690607734806
PAPPA,0.5966850828729282,0.06077348066298342,2.9613259668508287
PAPPA2,0.6850828729281768,0.022099447513812154,3.3977900552486187
PAPSS1,0.3314917127071823,0.10497237569060773,2.3922651933701657
PAPSS2,0.4419889502762431,0.09944751381215469,2.569060773480663
PAQR3,0.35911602209944754,0.09944751381215469,2.458563535911602
PAQR5,0.49171270718232046,0.04419889502762431,2.7679558011049723
PAQR8,0.6187845303867403,0.03867403314917127,3.2154696132596685
PARD3,0.569060773480663,0.03867403314917127,3.0331491712707184
PARD3B,0.5580110497237569,0.049723756906077346,2.883977900552486
PARD6A,0.5248618784530387,0.06629834254143646,2.9005524861878453
PARD6B,0.7734806629834254,0.011049723756906077,4.016574585635359
PARD6G,0.3370165745856354,0.23756906077348067,2.292817679558011
PARG,0.5193370165745856,0.055248618784530384,2.8232044198895028
PARK7,0.5138121546961326,0.06629834254143646,2.723756906077348
PARL,0.7679558011049724,0.027624309392265192,4.281767955801105
PARN,0.5193370165745856,0.07734806629834254,2.834254143646409
PARP1,0.6685082872928176,0.027624309392265192,3.403314917127072
PARP12,0.5027624309392266,0.09392265193370165,2.845303867403315
PARP14,0.6629834254143646,0.04419889502762431,3.4640883977900554
PARP2,0.5580110497237569,0.055248618784530384,2.9226519337016574
PARP3,0.2430939226519337,0.2265193370165746,2.116022099447514
PARP4,0.4530386740331492,0.08839779005524862,2.8121546961325965
PARP9,0.6629834254143646,0.04419889502762431,3.4640883977900554
PARPBP,0.56353591160221,0.055248618784530384,2.8011049723756907
PARS2,0.4972375690607735,0.03867403314917127,2.6629834254143647
PARVA,0.4419889502762431,0.0718232044198895,2.701657458563536
PARVB,0.44751381215469616,0.0718232044198895,2.6629834254143647
PARVG,0.4530386740331492,0.0718232044198895,2.6685082872928176
PASD1,0.2541436464088398,0.281767955801105,2.1049723756906076
PASK,0.5082872928176796,0.06629834254143646,2.74585635359116
PATJ,0.5027624309392266,0.04419889502762431,2.994475138121547
PATL1,0.56353591160221,0.04419889502762431,2.9171270718232045
PAWR,0.5193370165745856,0.055248618784530384,2.7403314917127073
PAX2,0.48066298342541436,0.08287292817679558,2.6077348066298343
PAX3,0.5359116022099447,0.055248618784530384,2.773480662983425
PAX4,0.5027624309392266,0.09392265193370165,2.8232044198895028
PAX5,0.40331491712707185,0.14917127071823205,2.6187845303867405
PAX6,0.5193370165745856,0.06077348066298342,3.0
PAX7,0.4696132596685083,0.055248618784530384,2.6685082872928176
PAX8,0.6629834254143646,0.022099447513812154,3.292817679558011
PAX9,0.574585635359116,0.04419889502762431,3.2044198895027622
PAXBP1,0.3370165745856354,0.11049723756906077,2.386740331491713
PAXIP1,0.46408839779005523,0.13812154696132597,2.8011049723756907
PBRM1,0.24861878453038674,0.2265193370165746,2.138121546961326
PBX1,0.7016574585635359,0.016574585635359115,3.4861878453038675
PBX2,0.5966850828729282,0.04419889502762431,3.005524861878453
PBX3,0.585635359116022,0.0718232044198895,2.9005524861878453
PBX4,0.5027624309392266,0.03867403314917127,2.81767955801105
PC,0.6298342541436464,0.022099447513812154,3.2209944751381214
PCBD1,0.5027624309392266,0.06629834254143646,2.729281767955801
PCBP1,0.6740331491712708,0.0055248618784530384,3.2430939226519335
PCBP2,0.574585635359116,0.049723756906077346,2.8232044198895028
PCCA,0.5248618784530387,0.08839779005524862,2.8784530386740332
PCCB,0.7016574585635359,0.03867403314917127,3.718232044198895
PCDH15,0.5138121546961326,0.055248618784530384,2.8066298342541436
PCDHA10,0.3370165745856354,0.08287292817679558,2.3812154696132595
PCDHA11,0.3370165745856354,0.08287292817679558,2.3812154696132595
PCDHA4,0.3370165745856354,0.08287292817679558,2.3812154696132595
PCDHA7,0.3370165745856354,0.08287292817679558,2.3812154696132595
PCDHA9,0.3370165745856354,0.08287292817679558,2.3812154696132595
PCF11,0.5193370165745856,0.07734806629834254,2.9337016574585637
PCGF1,0.6574585635359116,0.0055248618784530384,3.1767955801104972
PCGF2,0.6353591160220995,0.027624309392265192,3.43646408839779
PCGF3,0.35911602209944754,0.1712707182320442,2.4751381215469612
PCGF5,0.4585635359116022,0.08287292817679558,2.591160220994475
PCGF6,0.4861878453038674,0.08287292817679558,2.6187845303867405
PCK1,0.7513812154696132,0.011049723756906077,4.011049723756906
PCK2,0.5524861878453039,0.049723756906077346,2.9171270718232045
PCLAF,0.4861878453038674,0.04419889502762431,2.7569060773480665
PCLO,0.6629834254143646,0.03314917127071823,3.574585635359116
PCM1,0.44751381215469616,0.143646408839779,2.7790055248618786
PCMT1,0.5414364640883977,0.055248618784530384,2.845303867403315
PCNA,0.6906077348066298,0.04419889502762431,3.4806629834254146
PCNT,0.3259668508287293,0.13812154696132597,2.3535911602209945
PCOLCE,0.6906077348066298,0.03314917127071823,3.977900552486188
PCOLCE2,0.7237569060773481,0.027624309392265192,3.8729281767955803
PCSK1,0.27624309392265195,0.11602209944751381,2.298342541436464
PCSK2,0.6795580110497238,0.06077348066298342,3.4696132596685083
PCSK5,0.5580110497237569,0.07734806629834254,2.856353591160221
PCSK6,0.569060773480663,0.027624309392265192,3.005524861878453
PCSK9,0.4861878453038674,0.04419889502762431,2.6464088397790055
PCTP,0.6243093922651933,0.03867403314917127,3.0607734806629834
PCYOX1L,0.35911602209944754,0.08839779005524862,2.414364640883978
PCYT1A,0.7845303867403315,0.03314917127071823,4.298342541436464
PCYT1B,0.17679558011049723,0.4530386740331492,1.856353591160221
PDC,0.6850828729281768,0.03314917127071823,3.4419889502762433
PDCD1,0.5027624309392266,0.06629834254143646,2.734806629834254
PDCD10,0.7955801104972375,0.022099447513812154,4.447513812154696
PDCD11,0.4861878453038674,0.08287292817679558,2.6187845303867405
PDCD1LG2,0.3314917127071823,0.19337016574585636,2.430939226519337
PDCD2L,0.56353591160221,0.03867403314917127,3.088397790055249
PDCD4,0.48066298342541436,0.08287292817679558,2.6187845303867405
PDCD5,0.6077348066298343,0.03314917127071823,3.2154696132596685
PDCD6,0.6629834254143646,0.03867403314917127,3.889502762430939
PDCD6IP,0.3149171270718232,0.18232044198895028,2.314917127071823
PDCD7,0.4861878453038674,0.04419889502762431,2.7569060773480665
PDCL3,0.6464088397790055,0.016574585635359115,3.1767955801104972
PDE10A,0.5580110497237569,0.055248618784530384,2.889502762430939
PDE1A,0.585635359116022,0.011049723756906077,3.0552486187845305
PDE1B,0.574585635359116,0.03867403314917127,2.834254143646409
PDE1C,0.7182320441988951,0.03314917127071823,3.7845303867403315
PDE2A,0.5966850828729282,0.03314917127071823,3.856353591160221
PDE3A,0.6243093922651933,0.0718232044198895,3.3646408839779007
PDE3B,0.4419889502762431,0.0718232044198895,2.712707182320442
PDE4A,0.47513812154696133,0.049723756906077346,2.701657458563536
PDE4B,0.49171270718232046,0.055248618784530384,2.613259668508287
PDE4D,0.24861878453038674,0.15469613259668508,2.2154696132596685
PDE4DIP,0.6961325966850829,0.011049723756906077,3.43646408839779
PDE6A,0.3701657458563536,0.08839779005524862,2.408839779005525
PDE6B,0.35911602209944754,0.1712707182320442,2.4751381215469612
PDE6G,0.6022099447513812,0.03314917127071823,3.0
PDE7A,0.712707182320442,0.0055248618784530384,3.718232044198895
PDE7B,0.5524861878453039,0.04419889502762431,2.9889502762430937
PDF,0.5248618784530387,0.06629834254143646,2.867403314917127
PDGFA,0.7292817679558011,0.022099447513812154,3.8555555555555556
PDGFB,0.4530386740331492,0.06629834254143646,2.6408839779005526
PDGFC,0.3314917127071823,0.1270718232044199,2.574585635359116
PDGFD,0.44751381215469616,0.09944751381215469,2.718232044198895
PDGFRA,0.4143646408839779,0.10497237569060773,2.6519337016574585
PDGFRB,0.3701657458563536,0.08839779005524862,2.408839779005525
PDHA2,0.3149171270718232,0.12154696132596685,2.3591160220994474
PDHB,0.2541436464088398,0.2265193370165746,2.143646408839779
PDHX,0.5414364640883977,0.06077348066298342,3.0939226519337018
PDIA2,0.4861878453038674,0.11049723756906077,2.679558011049724
PDIA3,0.46408839779005523,0.055248618784530384,2.7403314917127073
PDIA4,0.4585635359116022,0.13259668508287292,2.751381215469613
PDIA5,0.6629834254143646,0.04419889502762431,3.458563535911602
PDIA6,0.6353591160220995,0.04419889502762431,3.088397790055249
PDK1,0.6187845303867403,0.016574585635359115,3.2320441988950277
PDK2,0.6408839779005525,0.03314917127071823,3.143646408839779
PDK4,0.7182320441988951,0.016574585635359115,4.248618784530387
PDLIM1,0.47513812154696133,0.08287292817679558,2.585635359116022
PDLIM2,0.430939226519337,0.16574585635359115,2.613259668508287
PDLIM3,0.3314917127071823,0.143646408839779,2.43646408839779
PDLIM5,0.3149171270718232,0.1270718232044199,2.3259668508287294
PDLIM7,0.39779005524861877,0.06629834254143646,2.569060773480663
PDP1,0.7513812154696132,0.0055248618784530384,3.845303867403315
PDP2,0.5248618784530387,0.06077348066298342,2.8729281767955803
PDPK1,0.49171270718232046,0.10497237569060773,2.685082872928177
PDPN,0.5138121546961326,0.055248618784530384,2.7569060773480665
PDPR,0.5193370165745856,0.06077348066298342,2.8287292817679557
PDRG1,0.7569060773480663,0.0055248618784530384,3.9281767955801103
PDS5A,0.3425414364640884,0.14917127071823205,2.414364640883978
PDS5B,0.49171270718232046,0.08287292817679558,2.9668508287292816
PDSS1,0.580110497237569,0.049723756906077346,2.9447513812154695
PDSS2,0.5027624309392266,0.06077348066298342,2.7790055248618786
PDX1,0.4696132596685083,0.08287292817679558,2.7900552486187844
PDXK,0.30386740331491713,0.15469613259668508,2.287292817679558
PDXP,0.44751381215469616,0.0718232044198895,2.657458563535912
PDYN,0.6906077348066298,0.06629834254143646,3.458563535911602
PDZD11,0.2154696132596685,0.3259668508287293,1.988950276243094
PDZD7,0.48066298342541436,0.08287292817679558,2.6077348066298343
PDZK1,0.6850828729281768,0.011049723756906077,3.425414364640884
PEA15,0.712707182320442,0.016574585635359115,3.5193370165745854
PEAK1,0.5193370165745856,0.03314917127071823,2.81767955801105
PEBP1,0.569060773480663,0.03867403314917127,2.850828729281768
PECAM1,0.6629834254143646,0.03314917127071823,3.226519337016575
PECR,0.5193370165745856,0.055248618784530384,2.7845303867403315
PEF1,0.49171270718232046,0.04419889502762431,2.718232044198895
PELI1,0.6740331491712708,0.0055248618784530384,3.226519337016575
PELI2,0.580110497237569,0.049723756906077346,2.8784530386740332
PELI3,0.6243093922651933,0.022099447513812154,3.2044198895027622
PELO,0.287292817679558,0.143646408839779,2.3259668508287294
PELP1,0.39779005524861877,0.09392265193370165,2.5801104972375692
PEMT,0.3701657458563536,0.11602209944751381,2.5359116022099446
PENK,0.7071823204419889,0.0055248618784530384,3.5359116022099446
PER1,0.3756906077348066,0.09392265193370165,2.5248618784530388
PER2,0.5138121546961326,0.06077348066298342,2.751381215469613
PER3,0.5138121546961326,0.06077348066298342,2.729281767955801
PERP,0.5469613259668509,0.055248618784530384,2.9392265193370166
PES1,0.44751381215469616,0.0718232044198895,2.657458563535912
PEX1,0.7458563535911602,0.016574585635359115,4.640883977900552
PEX10,0.5359116022099447,0.049723756906077346,2.839779005524862
PEX11A,0.5580110497237569,0.022099447513812154,3.088397790055249
PEX11B,0.6850828729281768,0.011049723756906077,3.430939226519337
PEX11G,0.4088397790055249,0.0718232044198895,2.56353591160221
PEX13,0.6740331491712708,0.011049723756906077,3.2320441988950277
PEX14,0.5138121546961326,0.06629834254143646,2.856353591160221
PEX16,0.5303867403314917,0.06077348066298342,2.9337016574585637
PEX19,0.712707182320442,0.016574585635359115,3.5193370165745854
PEX2,0.7237569060773481,0.0,3.7403314917127073
PEX26,0.44751381215469616,0.08287292817679558,2.6685082872928176
PEX3,0.5359116022099447,0.055248618784530384,2.861878453038674
PEX5,0.6077348066298343,0.055248618784530384,3.1988950276243093
PEX5L,0.7790055248618785,0.022099447513812154,4.414364640883978
PEX6,0.6353591160220995,0.027624309392265192,3.696132596685083
PEX7,0.5580110497237569,0.049723756906077346,2.9392265193370166
PF4,0.40331491712707185,0.07734806629834254,2.8232044198895028
PF4V1,0.40331491712707185,0.08287292817679558,2.718232044198895
PFAS,0.3756906077348066,0.09392265193370165,2.5248618784530388
PFDN1,0.3370165745856354,0.08287292817679558,2.408839779005525
PFDN2,0.7182320441988951,0.016574585635359115,3.569060773480663
PFDN4,0.7624309392265194,0.011049723756906077,4.071823204419889
PFDN5,0.569060773480663,0.049723756906077346,2.81767955801105
PFDN6,0.5911602209944752,0.04419889502762431,2.977900552486188
PFKFB1,0.17679558011049723,0.4088397790055249,1.839779005524862
PFKFB2,0.6740331491712708,0.027624309392265192,3.3812154696132595
PFKFB3,0.5469613259668509,0.06629834254143646,2.9281767955801103
PFKFB4,0.2541436464088398,0.2154696132596685,2.143646408839779
PFKL,0.30939226519337015,0.143646408839779,2.314917127071823
PFKM,0.56353591160221,0.06077348066298342,2.8287292817679557
PFKP,0.5359116022099447,0.07734806629834254,2.883977900552486
PFN1,0.3867403314917127,0.09392265193370165,2.5248618784530388
PFN2,0.7569060773480663,0.03314917127071823,4.154696132596685
PGAM1,0.4696132596685083,0.08839779005524862,2.5580110497237567
PGAM5,0.569060773480663,0.055248618784530384,2.850828729281768
PGAP1,0.6022099447513812,0.011049723756906077,3.0331491712707184
PGAP2,0.4088397790055249,0.09944751381215469,2.6022099447513813
PGAP3,0.6740331491712708,0.027624309392265192,5.966850828729282
PGBD1,0.5469613259668509,0.055248618784530384,2.8729281767955803
PGD,0.5082872928176796,0.06629834254143646,2.8066298342541436
PGF,0.585635359116022,0.055248618784530384,2.8729281767955803
PGGT1B,0.292817679558011,0.11049723756906077,2.320441988950276
PGK1,0.20994475138121546,0.3314917127071823,1.988950276243094
PGK2,0.6243093922651933,0.027624309392265192,3.248618784530387
PGLS,0.4972375690607735,0.027624309392265192,2.8011049723756907
PGLYRP1,0.569060773480663,0.04419889502762431,2.9281767955801103
PGLYRP3,0.712707182320442,0.0055248618784530384,3.4861878453038675
PGLYRP4,0.712707182320442,0.0055248618784530384,3.4917127071823204
PGM1,0.5027624309392266,0.049723756906077346,2.6519337016574585
PGM2,0.35911602209944754,0.143646408839779,2.4640883977900554
PGM2L1,0.5303867403314917,0.055248618784530384,3.320441988950276
PGM5,0.5469613259668509,0.06629834254143646,2.8287292817679557
PGR,0.4696132596685083,0.09392265193370165,2.9226519337016574
PGRMC1,0.23756906077348067,0.30386740331491713,2.0331491712707184
PGS1,0.6298342541436464,0.027624309392265192,3.088397790055249
PHACTR3,0.7513812154696132,0.011049723756906077,3.994475138121547
PHAX,0.2983425414364641,0.10497237569060773,2.3093922651933703
PHB2,0.6077348066298343,0.055248618784530384,3.1878453038674035
PHC1,0.6077348066298343,0.06077348066298342,3.1712707182320443
PHC2,0.5082872928176796,0.03867403314917127,2.729281767955801
PHC3,0.7955801104972375,0.022099447513812154,4.662983425414365
PHETA1,0.569060773480663,0.03867403314917127,2.850828729281768
PHETA2,0.4530386740331492,0.06077348066298342,2.701657458563536
PHF1,0.5966850828729282,0.04419889502762431,2.9889502762430937
PHF10,0.5524861878453039,0.055248618784530384,2.883977900552486
PHF11,0.4861878453038674,0.09944751381215469,2.867403314917127
PHF12,0.6243093922651933,0.03314917127071823,3.110497237569061
PHF13,0.5193370165745856,0.06077348066298342,2.7790055248618786
PHF19,0.5911602209944752,0.06077348066298342,2.9005524861878453
PHF2,0.569060773480663,0.06077348066298342,2.9171270718232045
PHF20,0.7458563535911602,0.0,4.033149171270718
PHF21A,0.5303867403314917,0.06077348066298342,2.9337016574585637
PHF5A,0.44751381215469616,0.055248618784530384,2.679558011049724
PHGDH,0.5359116022099447,0.08839779005524862,2.889502762430939
PHKA1,0.2265193370165746,0.3259668508287293,2.0110497237569063
PHKA2,0.1712707182320442,0.4530386740331492,1.8066298342541436
PHKB,0.5248618784530387,0.055248618784530384,2.834254143646409
PHKG1,0.7292817679558011,0.0055248618784530384,4.011049723756906
PHLDA1,0.5193370165745856,0.04419889502762431,2.7569060773480665
PHLDA2,0.3867403314917127,0.10497237569060773,2.5580110497237567
PHLDA3,0.6685082872928176,0.03314917127071823,3.298342541436464
PHLPP1,0.3370165745856354,0.281767955801105,2.3591160220994474
PHLPP2,0.5193370165745856,0.06077348066298342,2.81767955801105
PHPT1,0.6077348066298343,0.055248618784530384,2.9944444444444445
PHYH,0.569060773480663,0.06077348066298342,2.9337016574585637
PHYKPL,0.39226519337016574,0.06629834254143646,2.56353591160221
PI3,0.7513812154696132,0.0,4.038674033149171
PI4K2A,0.4696132596685083,0.08839779005524862,2.5580110497237567
PI4K2B,0.3259668508287293,0.15469613259668508,2.408839779005525
PI4KA,0.4696132596685083,0.06629834254143646,2.773480662983425
PI4KB,0.7182320441988951,0.0055248618784530384,3.4917127071823204
PIANP,0.6022099447513812,0.06077348066298342,3.1767955801104972
PIAS1,0.49171270718232046,0.04419889502762431,2.7679558011049723
PIAS2,0.3314917127071823,0.2596685082872928,2.43646408839779
PIAS3,0.6850828729281768,0.011049723756906077,3.430939226519337
PIAS4,0.4143646408839779,0.0718232044198895,2.596685082872928
PICALM,0.5027624309392266,0.09392265193370165,2.850828729281768
PICK1,0.4530386740331492,0.06629834254143646,2.657458563535912
PIDD1,0.39779005524861877,0.09392265193370165,2.6077348066298343
PIF1,0.4861878453038674,0.04419889502762431,2.7569060773480665
PIGA,0.1712707182320442,0.4585635359116022,1.7900552486187846
PIGB,0.4861878453038674,0.049723756906077346,2.7624309392265194
PIGC,0.6961325966850829,0.022099447513812154,3.4640883977900554
PIGF,0.6574585635359116,0.011049723756906077,3.149171270718232
PIGG,0.35911602209944754,0.1712707182320442,2.4751381215469612
PIGH,0.585635359116022,0.06077348066298342,2.889502762430939
PIGK,0.48066298342541436,0.06077348066298342,2.613259668508287
PIGL,0.35911602209944754,0.11602209944751381,2.5027624309392267
PIGM,0.712707182320442,0.016574585635359115,3.5082872928176796
PIGN,0.30939226519337015,0.292817679558011,2.2320441988950277
PIGO,0.425414364640884,0.1270718232044199,2.723756906077348
PIGP,0.30939226519337015,0.13812154696132597,2.292817679558011
PIGQ,0.48066298342541436,0.11602209944751381,2.657458563535912
PIGR,0.6740331491712708,0.027624309392265192,3.3701657458563536
PIGS,0.6187845303867403,0.03314917127071823,3.110497237569061
PIGT,0.7458563535911602,0.0055248618784530384,4.011049723756906
PIGU,0.7458563535911602,0.0055248618784530384,3.911602209944751
PIGV,0.425414364640884,0.07734806629834254,2.5082872928176796
PIGW,0.6022099447513812,0.055248618784530384,2.983425414364641
PIGX,0.7845303867403315,0.03314917127071823,4.30939226519337
PIGY,0.32044198895027626,0.11602209944751381,2.403314917127072
PIH1D1,0.5580110497237569,0.049723756906077346,2.9337016574585637
PIK3AP1,0.4696132596685083,0.08287292817679558,2.56353591160221
PIK3C2A,0.4585635359116022,0.0718232044198895,2.7569060773480665
PIK3C2B,0.6795580110497238,0.027624309392265192,3.3370165745856353
PIK3C3,0.3259668508287293,0.26519337016574585,2.3314917127071824
PIK3CA,0.7790055248618785,0.022099447513812154,4.535911602209945
PIK3CB,0.7071823204419889,0.03314917127071823,3.74585635359116
PIK3CD,0.5138121546961326,0.06077348066298342,2.701657458563536
PIK3CG,0.6408839779005525,0.04419889502762431,3.56353591160221
PIK3R1,0.2430939226519337,0.15469613259668508,2.2154696132596685
PIK3R2,0.49171270718232046,0.03314917127071823,2.7845303867403315
PIK3R3,0.5248618784530387,0.027624309392265192,2.701657458563536
PIK3R4,0.6795580110497238,0.03314917127071823,3.6022099447513813
PIK3R5,0.36464088397790057,0.09944751381215469,2.4972375690607733
PIK3R6,0.36464088397790057,0.09944751381215469,2.4972375690607733
PIKFYVE,0.5469613259668509,0.049723756906077346,2.9060773480662982
PILRA,0.6906077348066298,0.03314917127071823,3.972375690607735
PIM1,0.6022099447513812,0.03314917127071823,2.994475138121547
PIMREG,0.3812154696132597,0.09392265193370165,2.5248618784530388
PIN1,0.4530386740331492,0.055248618784530384,2.6353591160220993
PINK1,0.4585635359116022,0.049723756906077346,2.6519337016574585
PINX1,0.46408839779005523,0.15469613259668508,3.983425414364641
PIP,0.4972375690607735,0.09944751381215469,2.8232044198895028
PIP4K2B,0.6408839779005525,0.027624309392265192,3.4696132596685083
PIP4K2C,0.580110497237569,0.049723756906077346,2.889502762430939
PIP4P1,0.5580110497237569,0.055248618784530384,2.9171270718232045
PIP4P2,0.7513812154696132,0.0055248618784530384,3.834254143646409
PIP5K1A,0.712707182320442,0.0055248618784530384,3.4751381215469612
PIP5K1B,0.5469613259668509,0.07734806629834254,2.8232044198895028
PIP5K1C,0.4088397790055249,0.06629834254143646,2.6077348066298343
PIP5KL1,0.6132596685082873,0.06629834254143646,2.9281767955801103
PIPOX,0.6243093922651933,0.03314917127071823,3.110497237569061
PIR,0.1712707182320442,0.4585635359116022,1.7900552486187846
PISD,0.4530386740331492,0.06629834254143646,2.6685082872928176
PITPNA,0.39226519337016574,0.09944751381215469,2.5359116022099446
PITPNM1,0.6574585635359116,0.016574585635359115,3.403314917127072
PITPNM3,0.3812154696132597,0.09392265193370165,2.5248618784530388
PITRM1,0.5359116022099447,0.07734806629834254,2.883977900552486
PITX1,0.30939226519337015,0.09392265193370165,2.320441988950276
PITX3,0.4861878453038674,0.08287292817679558,2.6408839779005526
PIWIL1,0.574585635359116,0.055248618784530384,2.867403314917127
PIWIL2,0.430939226519337,0.16022099447513813,2.6187845303867405
PIWIL4,0.4696132596685083,0.08839779005524862,2.707182320441989
PJA1,0.2154696132596685,0.3259668508287293,2.0497237569060776
PJA2,0.287292817679558,0.12154696132596685,2.303867403314917
PKD1,0.4861878453038674,0.09944751381215469,2.685082872928177
PKD1L3,0.5082872928176796,0.0718232044198895,2.7900552486187844
PKD2,0.3370165745856354,0.12154696132596685,2.425414364640884
PKD2L1,0.47513812154696133,0.08287292817679558,2.5801104972375692
PKIA,0.7237569060773481,0.0055248618784530384,3.712707182320442
PKLR,0.7016574585635359,0.016574585635359115,3.414364640883978
PKM,0.5082872928176796,0.03867403314917127,2.7955801104972378
PKMYT1,0.4972375690607735,0.09944751381215469,2.701657458563536
PKN1,0.5027624309392266,0.04419889502762431,2.8011049723756907
PKN2,0.49171270718232046,0.06629834254143646,2.591160220994475
PKN3,0.6077348066298343,0.06629834254143646,2.9226519337016574
PKNOX1,0.30386740331491713,0.14917127071823205,2.292817679558011
PKNOX2,0.40331491712707185,0.13259668508287292,2.541436464088398
PKP1,0.6685082872928176,0.03314917127071823,3.292817679558011
PKP2,0.6353591160220995,0.04419889502762431,3.3535911602209945
PKP3,0.3867403314917127,0.09392265193370165,2.569060773480663
PKP4,0.5911602209944752,0.027624309392265192,3.044198895027624
PLA2G10,0.5193370165745856,0.07734806629834254,2.834254143646409
PLA2G12A,0.3370165745856354,0.10497237569060773,2.3977900552486187
PLA2G12B,0.5027624309392266,0.06629834254143646,2.7403314917127073
PLA2G15,0.5303867403314917,0.06629834254143646,3.005524861878453
PLA2G1B,0.569060773480663,0.03867403314917127,2.889502762430939
PLA2G2A,0.46408839779005523,0.049723756906077346,2.6629834254143647
PLA2G3,0.44751381215469616,0.06629834254143646,2.6629834254143647
PLA2G4A,0.6850828729281768,0.03314917127071823,3.4419889502762433
PLA2G4D,0.4585635359116022,0.055248618784530384,2.723756906077348
PLA2G5,0.46408839779005523,0.049723756906077346,2.6629834254143647
PLA2G6,0.4530386740331492,0.06077348066298342,2.6629834254143647
PLA2G7,0.6022099447513812,0.03867403314917127,3.3756906077348066
PLA2R1,0.5911602209944752,0.027624309392265192,3.0607734806629834
PLAGL1,0.5414364640883977,0.049723756906077346,2.883977900552486
PLAT,0.6298342541436464,0.06629834254143646,3.734806629834254
PLAU,0.5027624309392266,0.06077348066298342,2.7900552486187844
PLAUR,0.5524861878453039,0.04419889502762431,2.911602209944751
PLB1,0.6574585635359116,0.03314917127071823,3.1215469613259668
PLCB1,0.6850828729281768,0.049723756906077346,3.4751381215469612
PLCB2,0.4530386740331492,0.055248618784530384,2.729281767955801
PLCB3,0.580110497237569,0.04419889502762431,2.9447513812154695
PLCB4,0.6961325966850829,0.049723756906077346,3.4917127071823204
PLCD1,0.2983425414364641,0.1878453038674033,2.265193370165746
PLCD3,0.6243093922651933,0.03314917127071823,3.0662983425414363
PLCD4,0.5248618784530387,0.049723756906077346,2.7955801104972378
PLCE1,0.47513812154696133,0.08287292817679558,2.596685082872928
PLCG1,0.7458563535911602,0.0055248618784530384,3.9226519337016574
PLCG2,0.49171270718232046,0.06629834254143646,2.712707182320442
PLCH1,0.7458563535911602,0.022099447513812154,4.18232044198895
PLCZ1,0.6132596685082873,0.08287292817679558,3.287292817679558
PLD1,0.7955801104972375,0.022099447513812154,4.6464088397790055
PLD2,0.3867403314917127,0.09392265193370165,2.5580110497237567
PLD3,0.5524861878453039,0.03867403314917127,2.911602209944751
PLEC,0.7790055248618785,0.022099447513812154,3.9337016574585637
PLEK,0.6740331491712708,0.0055248618784530384,3.2154696132596685
PLEKHA1,0.5027624309392266,0.06629834254143646,2.773480662983425
PLEKHA2,0.580110497237569,0.10497237569060773,3.3259668508287294
PLEKHA7,0.44751381215469616,0.07734806629834254,2.729281767955801
PLEKHG2,0.56353591160221,0.03314917127071823,2.994475138121547
PLEKHG5,0.5193370165745856,0.06077348066298342,2.7900552486187844
PLEKHG6,0.6022099447513812,0.06629834254143646,3.2596685082872927
PLEKHM1,0.6132596685082873,0.03867403314917127,3.027624309392265
PLEKHM2,0.5082872928176796,0.049723756906077346,2.701657458563536
PLG,0.5248618784530387,0.06629834254143646,2.8232044198895028
PLIN1,0.5580110497237569,0.022099447513812154,3.0773480662983426
PLIN2,0.32044198895027626,0.1878453038674033,2.3701657458563536
PLIN3,0.4198895027624309,0.07734806629834254,2.591160220994475
PLIN5,0.4198895027624309,0.07734806629834254,2.6022099447513813
PLK1,0.5193370165745856,0.08287292817679558,2.8066298342541436
PLK2,0.2596685082872928,0.15469613259668508,2.2320441988950277
PLK3,0.5359116022099447,0.027624309392265192,2.7955801104972378
PLK4,0.3370165745856354,0.09944751381215469,2.3922651933701657
PLLP,0.5082872928176796,0.06077348066298342,2.8066298342541436
PLN,0.5193370165745856,0.049723756906077346,2.883977900552486
PLOD1,0.5248618784530387,0.055248618784530384,2.845303867403315
PLOD2,0.7292817679558011,0.027624309392265192,3.972375690607735
PLOD3,0.6795580110497238,0.027624309392265192,3.9392265193370166
PLP1,0.2265193370165746,0.3149171270718232,2.022099447513812
PLP2,0.13812154696132597,0.4530386740331492,1.7513812154696133
PLPBP,0.574585635359116,0.11602209944751381,3.43646408839779
PLPP1,0.26519337016574585,0.13812154696132597,2.281767955801105
PLPP2,0.3867403314917127,0.08287292817679558,2.4972375690607733
PLPP3,0.4972375690607735,0.04419889502762431,2.6519337016574585
PLPP4,0.4861878453038674,0.0718232044198895,2.6740331491712706
PLPP6,0.3259668508287293,0.19337016574585636,2.3977900552486187
PLPPR2,0.4696132596685083,0.04419889502762431,2.729281767955801
PLPPR3,0.3867403314917127,0.07734806629834254,2.5027624309392267
PLRG1,0.3370165745856354,0.11602209944751381,2.447513812154696
PLS3,0.23204419889502761,0.292817679558011,2.044198895027624
PLSCR1,0.7292817679558011,0.027624309392265192,3.983425414364641
PLTP,0.7513812154696132,0.0055248618784530384,3.972375690607735
PLXNA1,0.6629834254143646,0.04419889502762431,3.4972375690607733
PLXNA2,0.6629834254143646,0.027624309392265192,3.342541436464088
PLXNA3,0.2541436464088398,0.287292817679558,2.0994475138121547
PLXNA4,0.5027624309392266,0.09392265193370165,2.845303867403315
PLXNB1,0.2596685082872928,0.20994475138121546,2.149171270718232
PLXNB2,0.44751381215469616,0.09392265193370165,2.6298342541436464
PLXNB3,0.2596685082872928,0.281767955801105,2.110497237569061
PLXNC1,0.5524861878453039,0.055248618784530384,2.7790055248618786
PLXND1,0.6685082872928176,0.03314917127071823,3.5801104972375692
PMAIP1,0.30386740331491713,0.287292817679558,2.18232044198895
PMCH,0.56353591160221,0.055248618784530384,2.8011049723756907
PMEL,0.580110497237569,0.04419889502762431,2.867403314917127
PMEPA1,0.7513812154696132,0.011049723756906077,4.005524861878453
PMF1,0.7016574585635359,0.011049723756906077,3.4198895027624308
PML,0.5027624309392266,0.04419889502762431,2.7900552486187844
PMM1,0.4530386740331492,0.055248618784530384,2.6906077348066297
PMM2,0.5193370165745856,0.07734806629834254,2.839779005524862
PMP2,0.7237569060773481,0.0055248618784530384,3.718232044198895
PMP22,0.35359116022099446,0.11049723756906077,2.5027624309392267
PMPCA,0.6132596685082873,0.055248618784530384,2.9889502762430937
PMPCB,0.6906077348066298,0.03314917127071823,3.8729281767955803
PMS1,0.6077348066298343,0.011049723756906077,3.0662983425414363
PMS2,0.7403314917127072,0.016574585635359115,3.856353591160221
PMVK,0.7071823204419889,0.011049723756906077,3.425414364640884
PNISR,0.49171270718232046,0.06629834254143646,2.723756906077348
PNKD,0.5248618784530387,0.049723756906077346,2.8011049723756907
PNKP,0.5580110497237569,0.04419889502762431,2.9502762430939224
PNLIP,0.47513812154696133,0.0718232044198895,2.6464088397790055
PNLIPRP1,0.47513812154696133,0.0718232044198895,2.6408839779005526
PNMA2,0.430939226519337,0.17679558011049723,2.591160220994475
PNMT,0.6740331491712708,0.027624309392265192,5.966850828729282
PNN,0.574585635359116,0.049723756906077346,3.022099447513812
PNO1,0.6740331491712708,0.0055248618784530384,3.2044198895027622
PNP,0.5580110497237569,0.055248618784530384,2.9060773480662982
PNPLA2,0.39779005524861877,0.09392265193370165,2.6077348066298343
PNPLA3,0.44751381215469616,0.0718232044198895,2.6629834254143647
PNPLA6,0.40331491712707185,0.0718232044198895,2.541436464088398
PNPO,0.6187845303867403,0.03314917127071823,3.0607734806629834
PNPT1,0.6795580110497238,0.011049723756906077,3.2209944751381214
PNRC2,0.4530386740331492,0.055248618784530384,2.6519337016574585
POC5,0.2541436464088398,0.14917127071823205,2.226519337016575
PODXL2,0.6629834254143646,0.04419889502762431,3.5193370165745854
POFUT1,0.7569060773480663,0.0055248618784530384,3.9337016574585637
POFUT2,0.32044198895027626,0.14917127071823205,2.342541436464088
POGLUT1,0.6629834254143646,0.055248618784530384,3.4640883977900554
POGZ,0.7182320441988951,0.0055248618784530384,3.4917127071823204
POLA1,0.1712707182320442,0.4585635359116022,1.856353591160221
POLA2,0.5966850828729282,0.03867403314917127,3.005524861878453
POLB,0.6353591160220995,0.06077348066298342,3.734806629834254
POLD1,0.5524861878453039,0.049723756906077346,2.9392265193370166
POLD2,0.712707182320442,0.022099447513812154,3.7403314917127073
POLD3,0.5303867403314917,0.055248618784530384,3.408839779005525
POLD4,0.6519337016574586,0.016574585635359115,3.3093922651933703
POLDIP3,0.4530386740331492,0.055248618784530384,2.707182320441989
POLE,0.569060773480663,0.055248618784530384,2.850828729281768
POLE2,0.6022099447513812,0.03867403314917127,2.983425414364641
POLE3,0.585635359116022,0.06077348066298342,2.9226519337016574
POLE4,0.6519337016574586,0.011049723756906077,3.154696132596685
POLG,0.5469613259668509,0.022099447513812154,2.994475138121547
POLG2,0.6629834254143646,0.03314917127071823,3.226519337016575
POLH,0.6464088397790055,0.027624309392265192,3.7845303867403315
POLI,0.30386740331491713,0.30386740331491713,2.143646408839779
POLK,0.2541436464088398,0.14917127071823205,2.2209944751381214
POLL,0.48066298342541436,0.08287292817679558,2.6077348066298343
POLM,0.712707182320442,0.022099447513812154,3.7403314917127073
POLN,0.3370165745856354,0.15469613259668508,2.430939226519337
POLQ,0.6629834254143646,0.04419889502762431,3.4696132596685083
POLR1A,0.6685082872928176,0.0055248618784530384,3.1933701657458564
POLR1B,0.6685082872928176,0.022099447513812154,3.270718232044199
POLR1D,0.46408839779005523,0.08287292817679558,2.7845303867403315
POLR1E,0.40331491712707185,0.14917127071823205,2.6629834254143647
POLR2B,0.39779005524861877,0.09944751381215469,2.6298342541436464
POLR2C,0.5138121546961326,0.06077348066298342,2.8121546961325965
POLR2D,0.6077348066298343,0.055248618784530384,3.016574585635359
POLR2E,0.3756906077348066,0.07734806629834254,2.5082872928176796
POLR2F,0.4530386740331492,0.06629834254143646,2.657458563535912
POLR2G,0.569060773480663,0.03867403314917127,2.972375690607735
POLR2H,0.7624309392265194,0.027624309392265192,4.298342541436464
POLR2I,0.5911602209944752,0.03314917127071823,3.1270718232044197
POLR2J,0.6906077348066298,0.03867403314917127,3.9613259668508287
POLR2J2,0.6850828729281768,0.03867403314917127,3.888888888888889
POLR2J3,0.6906077348066298,0.03867403314917127,3.9613259668508287
POLR2K,0.7679558011049724,0.0055248618784530384,4.154696132596685
POLR2L,0.39779005524861877,0.09392265193370165,2.591160220994475
POLR2M,0.48066298342541436,0.04419889502762431,2.7624309392265194
POLR3A,0.49171270718232046,0.06077348066298342,2.707182320441989
POLR3B,0.574585635359116,0.049723756906077346,2.845303867403315
POLR3C,0.6850828729281768,0.011049723756906077,3.430939226519337
POLR3D,0.430939226519337,0.16022099447513813,2.6187845303867405
POLR3E,0.5138121546961326,0.08839779005524862,2.7955801104972378
POLR3F,0.6740331491712708,0.055248618784530384,3.4751381215469612
POLR3G,0.2541436464088398,0.13812154696132597,2.226519337016575
POLR3GL,0.6850828729281768,0.011049723756906077,3.430939226519337
POLR3H,0.44751381215469616,0.055248618784530384,2.679558011049724
POLR3K,0.4861878453038674,0.11049723756906077,2.679558011049724
POLRMT,0.3867403314917127,0.07734806629834254,2.5027624309392267
POM121,0.6464088397790055,0.03314917127071823,3.4198895027624308
POMC,0.6685082872928176,0.03314917127071823,3.138121546961326
POMGNT1,0.5248618784530387,0.027624309392265192,2.701657458563536
POMGNT2,0.2983425414364641,0.1878453038674033,2.2430939226519335
POMK,0.6243093922651933,0.06077348066298342,3.4861878453038675
POMP,0.4861878453038674,0.08839779005524862,2.850828729281768
POMT1,0.6022099447513812,0.06629834254143646,2.911602209944751
POMT2,0.580110497237569,0.049723756906077346,2.889502762430939
PON1,0.7292817679558011,0.022099447513812154,4.254143646408839
PON3,0.7237569060773481,0.022099447513812154,4.248618784530387
POP1,0.7513812154696132,0.011049723756906077,3.9447513812154695
POP4,0.6132596685082873,0.03314917127071823,4.05524861878453
POP5,0.569060773480663,0.03867403314917127,2.867403314917127
POP7,0.6906077348066298,0.03314917127071823,3.977900552486188
POR,0.6574585635359116,0.027624309392265192,3.3812154696132595
PORCN,0.143646408839779,0.4530386740331492,1.7569060773480663
POT1,0.5193370165745856,0.09392265193370165,2.861878453038674
POU1F1,0.3370165745856354,0.22099447513812154,2.292817679558011
POU2AF1,0.4143646408839779,0.12154696132596685,2.5801104972375692
POU2F1,0.7016574585635359,0.016574585635359115,3.4751381215469612
POU2F2,0.5414364640883977,0.049723756906077346,2.883977900552486
POU3F2,0.4861878453038674,0.06629834254143646,2.718232044198895
POU4F1,0.5027624309392266,0.09392265193370165,2.8011049723756907
POU4F2,0.35911602209944754,0.08287292817679558,2.591160220994475
POU5F1,0.5966850828729282,0.03867403314917127,3.005524861878453
PPA1,0.5027624309392266,0.06629834254143646,2.7403314917127073
PPA2,0.3259668508287293,0.11049723756906077,2.3756906077348066
PPARA,0.4530386740331492,0.06629834254143646,2.701657458563536
PPARD,0.6022099447513812,0.049723756906077346,2.983425414364641
PPARG,0.3314917127071823,0.1878453038674033,2.3480662983425415
PPARGC1A,0.32044198895027626,0.16022099447513813,2.3922651933701657
PPARGC1B,0.3701657458563536,0.08839779005524862,2.408839779005525
PPAT,0.39779005524861877,0.10497237569060773,2.596685082872928
PPBP,0.40331491712707185,0.07734806629834254,2.8232044198895028
PPCDC,0.5082872928176796,0.04419889502762431,2.8011049723756907
PPCS,0.5414364640883977,0.027624309392265192,2.8287292817679557
PPFIA1,0.7513812154696132,0.011049723756906077,7.895027624309392
PPFIA2,0.5248618784530387,0.055248618784530384,2.7679558011049723
PPFIA3,0.5580110497237569,0.049723756906077346,2.9337016574585637
PPFIA4,0.6629834254143646,0.027624309392265192,3.3093922651933703
PPFIBP1,0.6353591160220995,0.055248618784530384,3.8287292817679557
PPIA,0.7182320441988951,0.022099447513812154,3.751381215469613
PPIB,0.4861878453038674,0.04419889502762431,2.7569060773480665
PPID,0.3370165745856354,0.12154696132596685,2.5801104972375692
PPIE,0.5414364640883977,0.027624309392265192,3.0607734806629834
PPIF,0.4861878453038674,0.06629834254143646,2.701657458563536
PPIG,0.5966850828729282,0.022099447513812154,3.0773480662983426
PPIH,0.5414364640883977,0.027624309392265192,2.81767955801105
PPIL1,0.5966850828729282,0.03867403314917127,2.983425414364641
PPIL2,0.47513812154696133,0.0718232044198895,2.685082872928177
PPIL3,0.5966850828729282,0.016574585635359115,2.994475138121547
PPIL4,0.5414364640883977,0.055248618784530384,2.845303867403315
PPIP5K1,0.46408839779005523,0.055248618784530384,2.7403314917127073
PPIP5K2,0.281767955801105,0.11602209944751381,2.320441988950276
PPL,0.4861878453038674,0.08839779005524862,2.685082872928177
PPM1A,0.569060773480663,0.049723756906077346,2.850828729281768
PPM1B,0.6574585635359116,0.016574585635359115,3.138121546961326
PPM1D,0.6740331491712708,0.027624309392265192,3.2320441988950277
PPM1K,0.3259668508287293,0.11602209944751381,2.414364640883978
PPM1L,0.7624309392265194,0.022099447513812154,4.237569060773481
PPOX,0.7182320441988951,0.016574585635359115,3.56353591160221
PPP1CA,0.6519337016574586,0.016574585635359115,3.3093922651933703
PPP1CB,0.6574585635359116,0.03314917127071823,3.1215469613259668
PPP1CC,0.569060773480663,0.04419889502762431,2.861878453038674
PPP1R10,0.6022099447513812,0.03867403314917127,3.0331491712707184
PPP1R12A,0.5248618784530387,0.055248618784530384,2.7569060773480665
PPP1R12B,0.6629834254143646,0.03314917127071823,3.303867403314917
PPP1R12C,0.585635359116022,0.03314917127071823,3.0552486187845305
PPP1R13B,0.5469613259668509,0.06629834254143646,2.839779005524862
PPP1R13L,0.56353591160221,0.049723756906077346,2.911602209944751
PPP1R14A,0.56353591160221,0.03314917127071823,3.110497237569061
PPP1R14B,0.580110497237569,0.04419889502762431,2.9447513812154695
PPP1R14C,0.5414364640883977,0.049723756906077346,2.856353591160221
PPP1R14D,0.4530386740331492,0.06629834254143646,2.707182320441989
PPP1R15A,0.5580110497237569,0.049723756906077346,2.9337016574585637
PPP1R15B,0.6740331491712708,0.027624309392265192,3.3314917127071824
PPP1R16B,0.7403314917127072,0.0,3.9392265193370166
PPP1R17,0.7182320441988951,0.03314917127071823,3.7900552486187844
PPP1R18,0.6022099447513812,0.03867403314917127,3.0331491712707184
PPP1R1B,0.6740331491712708,0.027624309392265192,5.994475138121547
PPP1R3A,0.569060773480663,0.07734806629834254,3.226519337016575
PPP1R3C,0.46408839779005523,0.08287292817679558,2.596685082872928
PPP1R3D,0.7513812154696132,0.011049723756906077,3.994475138121547
PPP1R3E,0.5524861878453039,0.04419889502762431,2.9337016574585637
PPP1R3F,0.13812154696132597,0.4530386740331492,1.7513812154696133
PPP1R7,0.5082872928176796,0.06629834254143646,2.74585635359116
PPP1R8,0.4585635359116022,0.06629834254143646,2.591160220994475
PPP1R9A,0.7348066298342542,0.016574585635359115,4.281767955801105
PPP1R9B,0.6408839779005525,0.03314917127071823,3.143646408839779
PPP2CA,0.30939226519337015,0.09944751381215469,2.3314917127071824
PPP2CB,0.49171270718232046,0.17679558011049723,2.8011049723756907
PPP2R1A,0.5580110497237569,0.049723756906077346,2.955801104972376
PPP2R1B,0.4143646408839779,0.12154696132596685,2.56353591160221
PPP2R2A,0.43646408839779005,0.17679558011049723,2.613259668508287
PPP2R2B,0.3425414364640884,0.09392265193370165,2.3756906077348066
PPP2R2C,0.3259668508287293,0.16022099447513813,2.3646408839779007
PPP2R2D,0.49171270718232046,0.07734806629834254,2.685082872928177
PPP2R3A,0.6961325966850829,0.03867403314917127,3.707182320441989
PPP2R3B,0.292817679558011,0.30939226519337015,2.1933701657458564
PPP2R3C,0.56353591160221,0.04419889502762431,3.0497237569060776
PPP2R5A,0.6795580110497238,0.027624309392265192,3.3701657458563536
PPP2R5B,0.585635359116022,0.03314917127071823,2.983425414364641
PPP2R5C,0.5524861878453039,0.06077348066298342,2.8287292817679557
PPP2R5D,0.6353591160220995,0.027624309392265192,3.696132596685083
PPP2R5E,0.574585635359116,0.04419889502762431,2.8729281767955803
PPP3CA,0.32044198895027626,0.12154696132596685,2.3591160220994474
PPP3CB,0.5027624309392266,0.06077348066298342,2.7569060773480665
PPP3CC,0.430939226519337,0.16022099447513813,2.6187845303867405
PPP3R1,0.6740331491712708,0.0055248618784530384,3.2044198895027622
PPP4C,0.5524861878453039,0.0718232044198895,2.9060773480662982
PPP4R1,0.5524861878453039,0.09392265193370165,2.977900552486188
PPP4R2,0.27624309392265195,0.2265193370165746,2.248618784530387
PPP4R3A,0.5414364640883977,0.0718232044198895,2.8232044198895028
PPP4R3B,0.6795580110497238,0.011049723756906077,3.2209944751381214
PPP4R4,0.5414364640883977,0.07734806629834254,2.8066298342541436
PPP5C,0.56353591160221,0.04419889502762431,2.911602209944751
PPP6C,0.585635359116022,0.06629834254143646,2.9005524861878453
PPP6R1,0.585635359116022,0.03314917127071823,3.0552486187845305
PPP6R2,0.44751381215469616,0.09392265193370165,2.6298342541436464
PPP6R3,0.6850828729281768,0.016574585635359115,3.972375690607735
PPRC1,0.4861878453038674,0.08287292817679558,2.6408839779005526
PPT1,0.5414364640883977,0.027624309392265192,3.143646408839779
PPT2,0.6022099447513812,0.04419889502762431,3.016574585635359
PPTC7,0.569060773480663,0.04419889502762431,2.861878453038674
PPWD1,0.23756906077348067,0.14917127071823205,2.1933701657458564
PQBP1,0.13812154696132597,0.4530386740331492,1.7513812154696133
PRC1,0.569060773480663,0.022099447513812154,3.0552486187845305
PRCC,0.7071823204419889,0.011049723756906077,3.447513812154696
PRCP,0.5193370165745856,0.07734806629834254,2.9447513812154695
PRDM1,0.4972375690607735,0.06077348066298342,2.7569060773480665
PRDM14,0.7237569060773481,0.0,3.696132596685083
PRDM16,0.5303867403314917,0.055248618784530384,2.773480662983425
PRDM4,0.569060773480663,0.04419889502762431,2.839779005524862
PRDM6,0.292817679558011,0.11049723756906077,2.298342541436464
PRDM7,0.49171270718232046,0.0718232044198895,2.7790055248618786
PRDM9,0.6740331491712708,0.027624309392265192,3.9392265193370166
PRDX1,0.5359116022099447,0.027624309392265192,2.7403314917127073
PRDX2,0.49171270718232046,0.04419889502762431,2.7569060773480665
PRDX3,0.49171270718232046,0.06629834254143646,2.679558011049724
PRDX4,0.1878453038674033,0.44751381215469616,1.8453038674033149
PRDX5,0.580110497237569,0.04419889502762431,2.9447513812154695
PRDX6,0.7016574585635359,0.022099447513812154,3.4419889502762433
PREB,0.6629834254143646,0.03314917127071823,3.1270718232044197
PRELID1,0.39779005524861877,0.06629834254143646,2.569060773480663
PRELID3A,0.5414364640883977,0.08287292817679558,2.977900552486188
PRELID3B,0.7513812154696132,0.011049723756906077,3.994475138121547
PRELP,0.6740331491712708,0.027624309392265192,3.3314917127071824
PREP,0.4972375690607735,0.06077348066298342,2.7569060773480665
PREPL,0.6574585635359116,0.011049723756906077,3.132596685082873
PREX1,0.7624309392265194,0.0055248618784530384,3.972375690607735
PRF1,0.5082872928176796,0.06077348066298342,2.74585635359116
PRG2,0.580110497237569,0.049723756906077346,2.977900552486188
PRH2,0.6077348066298343,0.0718232044198895,3.1767955801104972
PRICKLE1,0.5469613259668509,0.06077348066298342,2.8232044198895028
PRICKLE2,0.27624309392265195,0.20994475138121546,2.2375690607734806
PRIM1,0.580110497237569,0.049723756906077346,2.867403314917127
PRIM2,0.6243093922651933,0.03867403314917127,3.1049723756906076
PRKAA1,0.6408839779005525,0.027624309392265192,3.977900552486188
PRKAA2,0.4972375690607735,0.04419889502762431,2.6519337016574585
PRKAB1,0.574585635359116,0.03867403314917127,2.856353591160221
PRKAB2,0.6906077348066298,0.011049723756906077,3.43646408839779
PRKACA,0.5027624309392266,0.04419889502762431,2.8066298342541436
PRKACB,0.49171270718232046,0.0718232044198895,2.6077348066298343
PRKACG,0.5469613259668509,0.0718232044198895,2.839779005524862
PRKAG1,0.569060773480663,0.049723756906077346,2.834254143646409
PRKAG2,0.4585635359116022,0.13259668508287292,2.7569060773480665
PRKAG3,0.5248618784530387,0.049723756906077346,2.7955801104972378
PRKAR1A,0.6464088397790055,0.022099447513812154,3.2154696132596685
PRKAR1B,0.7348066298342542,0.022099447513812154,3.867403314917127
PRKAR2A,0.2541436464088398,0.2154696132596685,2.143646408839779
PRKAR2B,0.6408839779005525,0.04419889502762431,3.56353591160221
PRKCA,0.6408839779005525,0.03867403314917127,3.1767955801104972
PRKCD,0.2596685082872928,0.22099447513812154,2.165745856353591
PRKCE,0.6629834254143646,0.011049723756906077,3.149171270718232
PRKCG,0.574585635359116,0.04419889502762431,3.0110497237569063
PRKCH,0.574585635359116,0.049723756906077346,2.867403314917127
PRKCI,0.7955801104972375,0.022099447513812154,4.662983425414365
PRKCQ,0.5469613259668509,0.06629834254143646,2.9337016574585637
PRKCSH,0.4696132596685083,0.04419889502762431,2.701657458563536
PRKCZ,0.5359116022099447,0.049723756906077346,3.0718232044198897
PRKD1,0.5580110497237569,0.049723756906077346,2.994475138121547
PRKD2,0.5580110497237569,0.04419889502762431,2.9447513812154695
PRKD3,0.6519337016574586,0.022099447513812154,3.132596685082873
PRKDC,0.7016574585635359,0.0055248618784530384,3.5027624309392267
PRKG1,0.5248618784530387,0.055248618784530384,2.839779005524862
PRKG2,0.3370165745856354,0.10497237569060773,2.425414364640884
PRKN,0.5303867403314917,0.06629834254143646,2.845303867403315
PRKRA,0.6077348066298343,0.011049723756906077,3.154696132596685
PRKRIP1,0.6906077348066298,0.03867403314917127,3.9613259668508287
PRKX,0.16022099447513813,0.48066298342541436,1.729281767955801
PRL,0.5138121546961326,0.07734806629834254,2.9392265193370166
PRLR,0.6353591160220995,0.027624309392265192,3.6906077348066297
PRM1,0.5138121546961326,0.07734806629834254,2.834254143646409
PRM2,0.5138121546961326,0.07734806629834254,2.834254143646409
PRMT1,0.5580110497237569,0.04419889502762431,2.9392265193370166
PRMT3,0.46408839779005523,0.06629834254143646,2.7790055248618786
PRMT5,0.5414364640883977,0.049723756906077346,2.8784530386740332
PRMT6,0.5027624309392266,0.08287292817679558,2.6408839779005526
PRMT7,0.5303867403314917,0.06629834254143646,3.005524861878453
PRMT8,0.6022099447513812,0.055248618784530384,3.287292817679558
PRND,0.6906077348066298,0.049723756906077346,3.4751381215469612
PRNP,0.6850828729281768,0.055248618784530384,3.458563535911602
PROC,0.6077348066298343,0.055248618784530384,3.0331491712707184
PROCR,0.7458563535911602,0.0055248618784530384,4.011049723756906
PRODH,0.44751381215469616,0.08287292817679558,2.6629834254143647
PROKR2,0.6906077348066298,0.04419889502762431,3.4806629834254146
PROM1,0.32044198895027626,0.15469613259668508,2.3756906077348066
PROP1,0.39226519337016574,0.06629834254143646,2.56353591160221
PROS1,0.6464088397790055,0.049723756906077346,3.4419889502762433
PROX1,0.6685082872928176,0.027624309392265192,3.3756906077348066
PROZ,0.5524861878453039,0.08287292817679558,3.1049723756906076
PRPF18,0.56353591160221,0.06077348066298342,2.9281767955801103
PRPF19,0.569060773480663,0.04419889502762431,2.994475138121547
PRPF3,0.7071823204419889,0.0055248618784530384,3.4806629834254146
PRPF31,0.574585635359116,0.03867403314917127,3.0110497237569063
PRPF38A,0.5138121546961326,0.03867403314917127,2.6740331491712706
PRPF38B,0.5027624309392266,0.08839779005524862,2.6298342541436464
PRPF39,0.585635359116022,0.03867403314917127,2.9668508287292816
PRPF4,0.585635359116022,0.06077348066298342,2.9226519337016574
PRPF40A,0.5966850828729282,0.027624309392265192,3.027624309392265
PRPF40B,0.569060773480663,0.055248618784530384,2.8287292817679557
PRPF6,0.7513812154696132,0.011049723756906077,3.9447513812154695
PRPF8,0.39226519337016574,0.09944751381215469,2.5359116022099446
PRPH2,0.6353591160220995,0.03314917127071823,3.6408839779005526
PRPS1,0.23204419889502761,0.30939226519337015,2.0331491712707184
PRPSAP1,0.6243093922651933,0.022099447513812154,3.0662983425414363
PRPSAP2,0.35911602209944754,0.1270718232044199,2.5248618784530388
PRRC1,0.30386740331491713,0.10497237569060773,2.320441988950276
PRRT2,0.5469613259668509,0.0718232044198895,2.9005524861878453
PRSS1,0.4972375690607735,0.09944751381215469,2.8232044198895028
PRSS21,0.4972375690607735,0.09944751381215469,2.701657458563536
PRSS23,0.5027624309392266,0.08287292817679558,2.889502762430939
PRSS3,0.4198895027624309,0.13259668508287292,2.6685082872928176
PRTN3,0.3867403314917127,0.07734806629834254,2.5055555555555555
PRUNE1,0.712707182320442,0.0055248618784530384,3.4640883977900554
PSAP,0.5138121546961326,0.06077348066298342,2.751381215469613
PSAT1,0.5469613259668509,0.07734806629834254,2.834254143646409
PSCA,0.7790055248618785,0.022099447513812154,3.955801104972376
PSD,0.48066298342541436,0.08839779005524862,2.6022099447513813
PSEN1,0.580110497237569,0.055248618784530384,2.850828729281768
PSEN2,0.6685082872928176,0.027624309392265192,3.403314917127072
PSENEN,0.5911602209944752,0.03867403314917127,3.138121546961326
PSG1,0.5524861878453039,0.049723756906077346,2.911602209944751
PSG11,0.5469613259668509,0.055248618784530384,2.8950276243093924
PSG3,0.5469613259668509,0.055248618784530384,2.8729281767955803
PSG4,0.5469613259668509,0.049723756906077346,2.9005524861878453
PSG5,0.5524861878453039,0.049723756906077346,2.9060773480662982
PSG6,0.5524861878453039,0.049723756906077346,2.911602209944751
PSG8,0.5524861878453039,0.049723756906077346,2.911602209944751
PSG9,0.5469613259668509,0.049723756906077346,2.9005524861878453
PSIP1,0.3259668508287293,0.19337016574585636,2.408839779005525
PSMA1,0.4419889502762431,0.0718232044198895,2.712707182320442
PSMA2,0.712707182320442,0.022099447513812154,3.734806629834254
PSMA3,0.574585635359116,0.049723756906077346,2.867403314917127
PSMA4,0.5138121546961326,0.03314917127071823,2.8121546961325965
PSMA5,0.5027624309392266,0.08839779005524862,2.6353591160220993
PSMA6,0.569060773480663,0.04419889502762431,3.0994475138121547
PSMA7,0.7569060773480663,0.011049723756906077,3.9613259668508287
PSMB1,0.5469613259668509,0.049723756906077346,2.867403314917127
PSMB10,0.5248618784530387,0.06629834254143646,2.9005524861878453
PSMB11,0.5469613259668509,0.049723756906077346,2.911602209944751
PSMB2,0.5138121546961326,0.03867403314917127,2.74585635359116
PSMB3,0.6353591160220995,0.027624309392265192,3.43646408839779
PSMB4,0.7182320441988951,0.0055248618784530384,3.4917127071823204
PSMB5,0.5469613259668509,0.049723756906077346,2.911602209944751
PSMB6,0.3867403314917127,0.09392265193370165,2.5580110497237567
PSMB7,0.585635359116022,0.06077348066298342,2.9005524861878453
PSMB8,0.5966850828729282,0.04419889502762431,3.0
PSMB9,0.5966850828729282,0.04419889502762431,3.0
PSMC1,0.5359116022099447,0.0718232044198895,2.8121546961325965
PSMC2,0.6850828729281768,0.03314917127071823,3.8121546961325965
PSMC3,0.5138121546961326,0.06077348066298342,2.8729281767955803
PSMC4,0.5580110497237569,0.03314917127071823,2.977900552486188
PSMC5,0.6629834254143646,0.03867403314917127,3.2375690607734806
PSMC6,0.5966850828729282,0.03867403314917127,2.9668508287292816
PSMD1,0.5359116022099447,0.055248618784530384,2.7790055248618786
PSMD10,0.2265193370165746,0.30939226519337015,2.027624309392265
PSMD11,0.6353591160220995,0.03314917127071823,3.110497237569061
PSMD12,0.6519337016574586,0.022099447513812154,3.18232044198895
PSMD13,0.3867403314917127,0.09944751381215469,2.574585635359116
PSMD14,0.6022099447513812,0.027624309392265192,3.0497237569060776
PSMD2,0.7624309392265194,0.027624309392265192,4.298342541436464
PSMD3,0.6740331491712708,0.027624309392265192,4.331491712707182
PSMD4,0.7182320441988951,0.0055248618784530384,3.4917127071823204
PSMD5,0.5911602209944752,0.06629834254143646,2.8950276243093924
PSMD6,0.27071823204419887,0.2154696132596685,2.226519337016575
PSMD7,0.5082872928176796,0.06077348066298342,2.7790055248618786
PSMD8,0.5580110497237569,0.03314917127071823,3.0386740331491713
PSMD9,0.56353591160221,0.04419889502762431,2.861878453038674
PSME1,0.5524861878453039,0.049723756906077346,2.9171270718232045
PSME2,0.5524861878453039,0.049723756906077346,2.9171270718232045
PSME3,0.6187845303867403,0.03314917127071823,3.0552486187845305
PSME4,0.6795580110497238,0.011049723756906077,3.1878453038674035
PSMF1,0.6850828729281768,0.06077348066298342,3.458563535911602
PSMG1,0.292817679558011,0.143646408839779,2.265193370165746
PSMG2,0.5524861878453039,0.07734806629834254,3.0
PSPC1,0.4419889502762431,0.11049723756906077,2.7403314917127073
PSPH,0.7348066298342542,0.0055248618784530384,4.121546961325967
PSPN,0.4198895027624309,0.07734806629834254,2.56353591160221
PSRC1,0.5027624309392266,0.08839779005524862,2.657458563535912
PSTPIP1,0.5193370165745856,0.03314917127071823,2.81767955801105
PSTPIP2,0.3314917127071823,0.2596685082872928,2.4419889502762433
PTAFR,0.4585635359116022,0.06629834254143646,2.585635359116022
PTBP1,0.3867403314917127,0.07734806629834254,2.5027624309392267
PTBP2,0.5027624309392266,0.06077348066298342,2.6408839779005526
PTCD3,0.6685082872928176,0.0055248618784530384,3.1933701657458564
PTCH1,0.56353591160221,0.06077348066298342,2.867403314917127
PTCH2,0.5359116022099447,0.027624309392265192,2.7955801104972378
PTCRA,0.6408839779005525,0.027624309392265192,3.696132596685083
PTDSS1,0.7569060773480663,0.0055248618784530384,3.834254143646409
PTDSS2,0.3867403314917127,0.09392265193370165,2.569060773480663
PTEN,0.44751381215469616,0.09392265193370165,2.5580110497237567
PTF1A,0.569060773480663,0.06077348066298342,2.9226519337016574
PTGDR,0.6077348066298343,0.03867403314917127,2.977900552486188
PTGDR2,0.569060773480663,0.04419889502762431,2.994475138121547
PTGDS,0.6132596685082873,0.055248618784530384,3.005524861878453
PTGER1,0.5027624309392266,0.04419889502762431,2.8011049723756907
PTGER2,0.6077348066298343,0.03867403314917127,2.977900552486188
PTGER3,0.4861878453038674,0.055248618784530384,2.6408839779005526
PTGER4,0.6408839779005525,0.027624309392265192,3.977900552486188
PTGES,0.6022099447513812,0.0718232044198895,2.911602209944751
PTGES2,0.6132596685082873,0.06629834254143646,2.9281767955801103
PTGES3,0.580110497237569,0.049723756906077346,2.867403314917127
PTGES3L-AARSD1,0.6187845303867403,0.03314917127071823,3.0497237569060776
PTGFR,0.48066298342541436,0.055248618784530384,2.6187845303867405
PTGFRN,0.4972375690607735,0.09392265193370165,2.7845303867403315
PTGIR,0.5580110497237569,0.04419889502762431,2.9171270718232045
PTGIS,0.7624309392265194,0.011049723756906077,3.983425414364641
PTGS1,0.5911602209944752,0.06077348066298342,2.9005524861878453
PTGS2,0.6850828729281768,0.03314917127071823,3.4419889502762433
PTH,0.44751381215469616,0.0718232044198895,2.734806629834254
PTH1R,0.27071823204419887,0.19889502762430938,2.1933701657458564
PTH2R,0.5414364640883977,0.049723756906077346,2.889502762430939
PTHLH,0.6353591160220995,0.06077348066298342,3.850828729281768
PTK2,0.7955801104972375,0.022099447513812154,4.198895027624309
PTK2B,0.425414364640884,0.18232044198895028,2.6022099447513813
PTK6,0.7513812154696132,0.011049723756906077,3.9392265193370166
PTMA,0.5303867403314917,0.055248618784530384,2.773480662983425
PTN,0.5027624309392266,0.08839779005524862,2.850828729281768
PTOV1,0.5580110497237569,0.04419889502762431,2.9502762430939224
PTP4A3,0.7900552486187845,0.022099447513812154,4.121546961325967
PTPA,0.6022099447513812,0.0718232044198895,2.911602209944751
PTPMT1,0.5193370165745856,0.06077348066298342,2.861878453038674
PTPN1,0.7845303867403315,0.011049723756906077,4.0497237569060776
PTPN11,0.56353591160221,0.03867403314917127,2.845303867403315
PTPN12,0.6519337016574586,0.03314917127071823,3.408839779005525
PTPN13,0.3370165745856354,0.12154696132596685,2.408839779005525
PTPN14,0.6685082872928176,0.027624309392265192,3.3535911602209945
PTPN18,0.6077348066298343,0.049723756906077346,3.027624309392265
PTPN2,0.5469613259668509,0.07734806629834254,3.0110497237569063
PTPN21,0.5359116022099447,0.0718232044198895,2.8011049723756907
PTPN22,0.49171270718232046,0.12154696132596685,2.6022099447513813
PTPN23,0.27071823204419887,0.19889502762430938,2.2044198895027622
PTPN3,0.5911602209944752,0.06077348066298342,2.9171270718232045
PTPN4,0.6408839779005525,0.027624309392265192,3.342541436464088
PTPN5,0.46408839779005523,0.07734806629834254,2.751381215469613
PTPN6,0.6077348066298343,0.055248618784530384,3.1878453038674035
PTPN7,0.6629834254143646,0.03314917127071823,3.298342541436464
PTPN9,0.5082872928176796,0.03867403314917127,2.8066298342541436
PTPRB,0.5966850828729282,0.027624309392265192,3.2209944751381214
PTPRC,0.6574585635359116,0.03314917127071823,3.314917127071823
PTPRCAP,0.6519337016574586,0.016574585635359115,3.3259668508287294
PTPRD,0.3425414364640884,0.19337016574585636,2.4806629834254146
PTPRE,0.5082872928176796,0.0718232044198895,2.729281767955801
PTPRF,0.5414364640883977,0.027624309392265192,2.839779005524862
PTPRJ,0.5248618784530387,0.06077348066298342,2.8784530386740332
PTPRK,0.5414364640883977,0.055248618784530384,2.9392265193370166
PTPRM,0.5469613259668509,0.11602209944751381,2.9613259668508287
PTPRN,0.5248618784530387,0.055248618784530384,2.8011049723756907
PTPRN2,0.4861878453038674,0.143646408839779,2.8287292817679557
PTPRO,0.6187845303867403,0.07734806629834254,3.2209944751381214
PTPRR,0.5966850828729282,0.027624309392265192,3.3259668508287294
PTPRU,0.47513812154696133,0.06077348066298342,2.6408839779005526
PTPRZ1,0.5303867403314917,0.08287292817679558,2.9337016574585637
PTRH2,0.6629834254143646,0.027624309392265192,3.2375690607734806
PTS,0.4088397790055249,0.12154696132596685,2.56353591160221
PTTG1,0.3756906077348066,0.07734806629834254,2.425414364640884
PTX3,0.7458563535911602,0.03314917127071823,4.254143646408839
PUF60,0.7734806629834254,0.027624309392265192,3.9447513812154695
PUM1,0.4861878453038674,0.055248618784530384,2.701657458563536
PUM2,0.6740331491712708,0.03314917127071823,3.138121546961326
PUM3,0.3149171270718232,0.20994475138121546,2.3370165745856353
PURA,0.3314917127071823,0.08839779005524862,2.3977900552486187
PURB,0.7182320441988951,0.022099447513812154,3.751381215469613
PUS1,0.569060773480663,0.055248618784530384,2.856353591160221
PVR,0.574585635359116,0.03867403314917127,2.9668508287292816
PWP1,0.569060773480663,0.04419889502762431,2.839779005524862
PWP2,0.30939226519337015,0.14917127071823205,2.3093922651933703
PXN,0.569060773480663,0.03867403314917127,2.850828729281768
PYCARD,0.5524861878453039,0.06629834254143646,2.889502762430939
PYCR1,0.6022099447513812,0.03314917127071823,3.0
PYCR2,0.6740331491712708,0.027624309392265192,3.4419889502762433
PYDC1,0.5524861878453039,0.06629834254143646,2.889502762430939
PYGB,0.6795580110497238,0.04419889502762431,3.5303867403314917
PYGL,0.6022099447513812,0.03867403314917127,2.983425414364641
PYGM,0.585635359116022,0.03314917127071823,2.9613259668508287
PYGO1,0.4861878453038674,0.049723756906077346,2.7624309392265194
PYGO2,0.7071823204419889,0.011049723756906077,3.425414364640884
PYM1,0.580110497237569,0.04419889502762431,2.867403314917127
PYY,0.6298342541436464,0.03314917127071823,3.0607734806629834
QDPR,0.3149171270718232,0.16022099447513813,2.3591160220994474
QKI,0.5469613259668509,0.06077348066298342,2.850828729281768
QPCT,0.6519337016574586,0.022099447513812154,3.132596685082873
QPRT,0.5469613259668509,0.0718232044198895,2.9005524861878453
QRFPR,0.3370165745856354,0.09944751381215469,2.386740331491713
QRSL1,0.49171270718232046,0.06077348066298342,2.7624309392265194
QSOX1,0.6740331491712708,0.022099447513812154,3.3646408839779007
QTRT1,0.48066298342541436,0.04419889502762431,2.712707182320442
QTRT2,0.6519337016574586,0.04419889502762431,3.4640883977900554
RAB10,0.6685082872928176,0.03314917127071823,3.154696132596685
RAB11A,0.49171270718232046,0.04419889502762431,2.7679558011049723
RAB11B,0.4143646408839779,0.06629834254143646,2.569060773480663
RAB11FIP1,0.574585635359116,0.11049723756906077,3.414364640883978
RAB11FIP2,0.4972375690607735,0.06629834254143646,2.685082872928177
RAB11FIP3,0.48066298342541436,0.11602209944751381,2.6685082872928176
RAB11FIP4,0.6298342541436464,0.03867403314917127,3.0773480662983426
RAB11FIP5,0.6574585635359116,0.0055248618784530384,3.1933701657458564
RAB13,0.7071823204419889,0.011049723756906077,3.430939226519337
RAB14,0.5966850828729282,0.06077348066298342,2.911602209944751
RAB15,0.580110497237569,0.049723756906077346,2.861878453038674
RAB17,0.5082872928176796,0.06077348066298342,2.74585635359116
RAB18,0.569060773480663,0.049723756906077346,2.9392265193370166
RAB1A,0.6740331491712708,0.0055248618784530384,3.226519337016575
RAB1B,0.6243093922651933,0.022099447513812154,3.160220994475138
RAB21,0.569060773480663,0.027624309392265192,3.149171270718232
RAB22A,0.7513812154696132,0.011049723756906077,3.994475138121547
RAB23,0.6187845303867403,0.03867403314917127,3.1049723756906076
RAB24,0.39779005524861877,0.06629834254143646,2.569060773480663
RAB25,0.7016574585635359,0.016574585635359115,3.414364640883978
RAB27A,0.4861878453038674,0.049723756906077346,2.7624309392265194
RAB27B,0.30386740331491713,0.30386740331491713,2.154696132596685
RAB29,0.6574585635359116,0.027624309392265192,3.3259668508287294
RAB2A,0.7237569060773481,0.0055248618784530384,3.5580110497237567
RAB2B,0.5524861878453039,0.055248618784530384,2.8729281767955803
RAB30,0.5193370165745856,0.07734806629834254,2.9447513812154695
RAB31,0.5524861878453039,0.08839779005524862,3.005524861878453
RAB32,0.5469613259668509,0.049723756906077346,2.9060773480662982
RAB33A,0.24861878453038674,0.292817679558011,2.0552486187845305
RAB33B,0.35911602209944754,0.08839779005524862,2.5303867403314917
RAB34,0.6243093922651933,0.03314917127071823,3.116022099447514
RAB35,0.569060773480663,0.03867403314917127,2.850828729281768
RAB36,0.4696132596685083,0.07734806629834254,2.6685082872928176
RAB37,0.6408839779005525,0.022099447513812154,3.132596685082873
RAB39B,0.26519337016574585,0.287292817679558,2.1270718232044197
RAB3A,0.49171270718232046,0.03314917127071823,2.7845303867403315
RAB3B,0.5138121546961326,0.04419889502762431,2.6685082872928176
RAB3C,0.2541436464088398,0.15469613259668508,2.226519337016575
RAB3D,0.48066298342541436,0.04419889502762431,2.74585635359116
RAB3GAP1,0.5911602209944752,0.049723756906077346,2.9889502762430937
RAB3GAP2,0.6740331491712708,0.022099447513812154,3.425414364640884
RAB3IP,0.6022099447513812,0.027624309392265192,3.679558011049724
RAB40A,0.2265193370165746,0.3149171270718232,2.022099447513812
RAB40AL,0.2265193370165746,0.3149171270718232,2.022099447513812
RAB40B,0.580110497237569,0.049723756906077346,2.9502762430939224
RAB40C,0.48066298342541436,0.11602209944751381,2.657458563535912
RAB43,0.6685082872928176,0.03867403314917127,3.5359116022099446
RAB4A,0.6740331491712708,0.027624309392265192,3.43646408839779
RAB4B,0.5524861878453039,0.03867403314917127,2.9060773480662982
RAB5A,0.3149171270718232,0.18232044198895028,2.287292817679558
RAB5B,0.580110497237569,0.04419889502762431,2.8784530386740332
RAB5C,0.6243093922651933,0.04419889502762431,3.110497237569061
RAB6A,0.5524861878453039,0.04419889502762431,3.4917127071823204
RAB6B,0.6850828729281768,0.03314917127071823,3.6298342541436464
RAB7A,0.6685082872928176,0.03867403314917127,3.5248618784530388
RAB7B,0.6574585635359116,0.027624309392265192,3.3259668508287294
RAB8A,0.5027624309392266,0.03314917127071823,2.867403314917127
RAB9A,0.1712707182320442,0.4530386740331492,1.7955801104972375
RABEP1,0.39226519337016574,0.09392265193370165,2.541436464088398
RABEPK,0.585635359116022,0.06629834254143646,2.9005524861878453
RABGAP1,0.5911602209944752,0.06077348066298342,2.9060773480662982
RAC1,0.7403314917127072,0.016574585635359115,3.856353591160221
RAC2,0.44751381215469616,0.0718232044198895,2.6408839779005526
RAC3,0.5911602209944752,0.03314917127071823,2.977777777777778
RACGAP1,0.569060773480663,0.055248618784530384,2.834254143646409
RACK1,0.40331491712707185,0.06629834254143646,2.6740331491712706
RAD1,0.6353591160220995,0.027624309392265192,3.6906077348066297
RAD17,0.2430939226519337,0.15469613259668508,2.2099447513812156
RAD18,0.3425414364640884,0.17679558011049723,2.3922651933701657
RAD21,0.7790055248618785,0.011049723756906077,4.138121546961326
RAD21L1,0.6850828729281768,0.06077348066298342,3.458563535911602
RAD23A,0.4972375690607735,0.04419889502762431,2.7679558011049723
RAD23B,0.585635359116022,0.06077348066298342,2.9226519337016574
RAD50,0.3149171270718232,0.10497237569060773,2.3480662983425415
RAD51,0.4530386740331492,0.06629834254143646,2.707182320441989
RAD51AP1,0.6022099447513812,0.06077348066298342,3.281767955801105
RAD51B,0.574585635359116,0.06077348066298342,2.834254143646409
RAD51C,0.6464088397790055,0.04419889502762431,3.1767955801104972
RAD51D,0.5911602209944752,0.049723756906077346,2.994475138121547
RAD52,0.6022099447513812,0.06077348066298342,3.314917127071823
RAD54B,0.7513812154696132,0.0055248618784530384,3.8287292817679557
RAD54L,0.5248618784530387,0.027624309392265192,2.701657458563536
RAD9A,0.6519337016574586,0.016574585635359115,3.3093922651933703
RAD9B,0.569060773480663,0.04419889502762431,2.861878453038674
RAE1,0.7513812154696132,0.011049723756906077,4.011049723756906
RAET1E,0.5414364640883977,0.055248618784530384,2.845303867403315
RAET1G,0.5414364640883977,0.055248618784530384,2.845303867403315
RAF1,0.3259668508287293,0.1878453038674033,2.3370165745856353
RAG1,0.5248618784530387,0.055248618784530384,3.005524861878453
RAI1,0.3701657458563536,0.11602209944751381,2.5359116022099446
RAI14,0.6408839779005525,0.027624309392265192,3.707182320441989
RALA,0.7182320441988951,0.027624309392265192,3.74585635359116
RALB,0.6464088397790055,0.027624309392265192,3.3591160220994474
RALBP1,0.5524861878453039,0.09392265193370165,2.977900552486188
RALGAPA2,0.6740331491712708,0.049723756906077346,3.5303867403314917
RALGAPB,0.7403314917127072,0.0,3.955801104972376
RALGDS,0.5966850828729282,0.06629834254143646,2.9171270718232045
RALGPS2,0.6740331491712708,0.027624309392265192,3.3812154696132595
RALY,0.7624309392265194,0.0055248618784530384,3.9337016574585637
RAMP1,0.5138121546961326,0.06077348066298342,2.751381215469613
RAMP2,0.6243093922651933,0.03314917127071823,3.0718232044198897
RAMP3,0.712707182320442,0.022099447513812154,3.7403314917127073
RAN,0.574585635359116,0.055248618784530384,2.861878453038674
RANBP1,0.4696132596685083,0.0718232044198895,2.707182320441989
RANBP10,0.5248618784530387,0.06629834254143646,2.9005524861878453
RANBP2,0.6685082872928176,0.016574585635359115,3.2375690607734806
RANBP3,0.4198895027624309,0.0718232044198895,2.56353591160221
RANBP6,0.3370165745856354,0.19337016574585636,2.425414364640884
RANBP9,0.5027624309392266,0.09944751381215469,2.751381215469613
RANGAP1,0.44751381215469616,0.055248618784530384,2.679558011049724
RANGRF,0.3756906077348066,0.09392265193370165,2.5248618784530388
RAP1A,0.5027624309392266,0.09392265193370165,2.6077348066298343
RAP1B,0.6022099447513812,0.027624309392265192,3.458563535911602
RAP1GAP,0.4530386740331492,0.055248618784530384,2.6187845303867405
RAP1GAP2,0.3867403314917127,0.09392265193370165,2.5303867403314917
RAP2A,0.5138121546961326,0.08839779005524862,2.8287292817679557
RAP2B,0.7348066298342542,0.022099447513812154,4.138121546961326
RAP2C,0.24861878453038674,0.287292817679558,2.0607734806629834
RAPGEF1,0.6022099447513812,0.06629834254143646,2.911602209944751
RAPGEF2,0.3314917127071823,0.13259668508287292,2.5580110497237567
RAPGEF3,0.569060773480663,0.049723756906077346,2.867403314917127
RAPGEF4,0.6132596685082873,0.016574585635359115,3.1767955801104972
RAPGEF5,0.7403314917127072,0.016574585635359115,3.839779005524862
RAPGEF6,0.2983425414364641,0.11049723756906077,2.303867403314917
RAPH1,0.6022099447513812,0.016574585635359115,2.9889502762430937
RAPSN,0.5138121546961326,0.06077348066298342,2.8729281767955803
RARA,0.6740331491712708,0.022099447513812154,3.8950276243093924
RARB,0.3149171270718232,0.18232044198895028,2.314917127071823
RARG,0.569060773480663,0.055248618784530384,2.81767955801105
RARRES2,0.4585635359116022,0.13259668508287292,2.7569060773480665
RARS2,0.5082872928176796,0.049723756906077346,2.74585635359116
RASA1,0.24861878453038674,0.13812154696132597,2.2044198895027622
RASA2,0.712707182320442,0.027624309392265192,3.8232044198895028
RASA3,0.5359116022099447,0.08287292817679558,2.8784530386740332
RASA4,0.6906077348066298,0.03867403314917127,3.9613259668508287
RASAL1,0.56353591160221,0.03867403314917127,2.8729281767955803
RASAL2,0.6795580110497238,0.022099447513812154,3.3922651933701657
RASAL3,0.5138121546961326,0.027624309392265192,2.9060773480662982
RASD1,0.3701657458563536,0.11602209944751381,2.5359116022099446
RASD2,0.4419889502762431,0.08287292817679558,2.6353591160220993
RASGRF1,0.5138121546961326,0.03314917127071823,2.8121546961325965
RASGRF2,0.2596685082872928,0.143646408839779,2.2375690607734806
RASGRP1,0.4530386740331492,0.06077348066298342,2.696132596685083
RASGRP2,0.585635359116022,0.03314917127071823,2.9613259668508287
RASGRP3,0.6629834254143646,0.022099447513812154,3.165745856353591
RASGRP4,0.5580110497237569,0.03314917127071823,3.0386740331491713
RASIP1,0.5580110497237569,0.049723756906077346,2.9281767955801103
RASL10A,0.44751381215469616,0.0718232044198895,2.6464088397790055
RASSF1,0.2430939226519337,0.2265193370165746,2.116022099447514
RASSF2,0.6906077348066298,0.049723756906077346,3.4751381215469612
RASSF5,0.6629834254143646,0.027624309392265192,3.3535911602209945
RAX2,0.4143646408839779,0.0718232044198895,2.6077348066298343
RB1,0.4696132596685083,0.11049723756906077,2.751381215469613
RB1CC1,0.6906077348066298,0.0055248618784530384,3.5248618784530388
RBBP4,0.5027624309392266,0.03867403314917127,2.723756906077348
RBBP5,0.6685082872928176,0.027624309392265192,3.303867403314917
RBBP6,0.5193370165745856,0.08287292817679558,2.867403314917127
RBBP7,0.1712707182320442,0.4530386740331492,1.8011049723756907
RBBP8,0.5248618784530387,0.08839779005524862,3.248618784530387
RBBP9,0.6740331491712708,0.06077348066298342,3.4696132596685083
RBCK1,0.6906077348066298,0.055248618784530384,3.4861878453038675
RBFOX1,0.4972375690607735,0.08287292817679558,2.74585635359116
RBFOX2,0.4419889502762431,0.08287292817679558,2.6408839779005526
RBL1,0.7458563535911602,0.0,3.983425414364641
RBL2,0.5027624309392266,0.055248618784530384,2.8287292817679557
RBM10,0.143646408839779,0.44751381215469616,1.7734806629834254
RBM12,0.7458563535911602,0.0055248618784530384,4.027624309392265
RBM14,0.6298342541436464,0.022099447513812154,3.270718232044199
RBM15,0.5082872928176796,0.09392265193370165,2.657458563535912
RBM15B,0.2430939226519337,0.2265193370165746,2.116022099447514
RBM17,0.5524861878453039,0.06629834254143646,2.9337016574585637
RBM19,0.56353591160221,0.03867403314917127,2.8784530386740332
RBM22,0.36464088397790057,0.08287292817679558,2.403314917127072
RBM23,0.5414364640883977,0.049723756906077346,2.8784530386740332
RBM24,0.5138121546961326,0.09392265193370165,2.74585635359116
RBM25,0.580110497237569,0.055248618784530384,2.850828729281768
RBM28,0.5027624309392266,0.09392265193370165,2.8287292817679557
RBM34,0.6740331491712708,0.016574585635359115,3.574585635359116
RBM38,0.7513812154696132,0.011049723756906077,4.011049723756906
RBM39,0.7458563535911602,0.0055248618784530384,4.016574585635359
RBM4,0.6298342541436464,0.022099447513812154,3.270718232044199
RBM42,0.5911602209944752,0.03867403314917127,3.138121546961326
RBM45,0.6187845303867403,0.016574585635359115,3.18232044198895
RBM4B,0.6298342541436464,0.022099447513812154,3.2154696132596685
RBM5,0.2430939226519337,0.2265193370165746,2.116022099447514
RBM8A,0.6850828729281768,0.011049723756906077,3.430939226519337
RBMX,0.26519337016574585,0.281767955801105,2.0828729281767955
RBP2,0.7016574585635359,0.027624309392265192,3.734806629834254
RBP4,0.46408839779005523,0.08839779005524862,2.585635359116022
RBP5,0.6077348066298343,0.055248618784530384,3.1878453038674035
RBPJ,0.3259668508287293,0.15469613259668508,2.408839779005525
RBPJL,0.7513812154696132,0.0,4.027624309392265
RBPMS,0.47513812154696133,0.17679558011049723,2.751381215469613
RBSN,0.3259668508287293,0.18232044198895028,2.342541436464088
RBX1,0.44751381215469616,0.055248618784530384,2.679558011049724
RC3H1,0.7016574585635359,0.022099447513812154,3.4419889502762433
RCAN1,0.3259668508287293,0.11602209944751381,2.3535911602209945
RCC1,0.46408839779005523,0.06629834254143646,2.6022099447513813
RCC2,0.48066298342541436,0.055248618784530384,2.685082872928177
RCCD1,0.569060773480663,0.022099447513812154,3.0552486187845305
RCE1,0.6298342541436464,0.022099447513812154,3.2044198895027622
RCHY1,0.39779005524861877,0.08287292817679558,2.7679558011049723
RCL1,0.3314917127071823,0.19337016574585636,2.408839779005525
RCN1,0.5248618784530387,0.055248618784530384,3.016574585635359
RCOR1,0.5524861878453039,0.06629834254143646,2.8287292817679557
RCOR2,0.585635359116022,0.04419889502762431,2.977900552486188
RCOR3,0.6740331491712708,0.027624309392265192,3.342541436464088
RCSD1,0.7016574585635359,0.016574585635359115,3.4640883977900554
RDH10,0.7237569060773481,0.0,3.6740331491712706
RDH11,0.585635359116022,0.055248618784530384,2.889502762430939
RDH13,0.585635359116022,0.03314917127071823,3.0552486187845305
RDH14,0.6574585635359116,0.04419889502762431,3.0939226519337018
RDH5,0.580110497237569,0.04419889502762431,2.861878453038674
REC8,0.5524861878453039,0.049723756906077346,2.9171270718232045
RECK,0.4198895027624309,0.143646408839779,2.679558011049724
RECQL,0.6243093922651933,0.06629834254143646,3.4640883977900554
RECQL4,0.7734806629834254,0.022099447513812154,3.9281767955801103
RECQL5,0.6408839779005525,0.022099447513812154,3.1988950276243093
REEP1,0.6685082872928176,0.0055248618784530384,3.2099447513812156
REEP2,0.32044198895027626,0.08839779005524862,2.3591160220994474
REEP3,0.5082872928176796,0.049723756906077346,2.7845303867403315
REEP4,0.430939226519337,0.16022099447513813,2.6187845303867405
REEP5,0.292817679558011,0.11602209944751381,2.314917127071823
REEP6,0.3701657458563536,0.07734806629834254,2.4861878453038675
REG1A,0.6519337016574586,0.0055248618784530384,3.2099447513812156
REG1B,0.6519337016574586,0.0055248618784530384,3.2099447513812156
REG3A,0.6464088397790055,0.0055248618784530384,3.2044198895027622
REL,0.6740331491712708,0.0055248618784530384,3.2375690607734806
RELA,0.6022099447513812,0.03867403314917127,3.0331491712707184
RELB,0.569060773480663,0.049723756906077346,2.9281767955801103
RELN,0.6795580110497238,0.03867403314917127,3.883977900552486
RELT,0.56353591160221,0.04419889502762431,3.5027624309392267
REN,0.6685082872928176,0.022099447513812154,3.3093922651933703
REP15,0.6353591160220995,0.055248618784530384,3.8232044198895028
REPIN1,0.4585635359116022,0.13259668508287292,2.7624309392265194
REPS1,0.5469613259668509,0.049723756906077346,2.9281767955801103
REPS2,0.1712707182320442,0.44751381215469616,1.8066298342541436
RER1,0.5359116022099447,0.049723756906077346,2.839779005524862
RERE,0.5138121546961326,0.06629834254143646,2.707182320441989
REST,0.39779005524861877,0.09944751381215469,2.6298342541436464
RET,0.5580110497237569,0.04419889502762431,2.889502762430939
RETN,0.40331491712707185,0.0718232044198895,2.541436464088398
RETREG1,0.6685082872928176,0.027624309392265192,3.911602209944751
RETSAT,0.6685082872928176,0.0055248618784530384,3.1878453038674035
REV1,0.6629834254143646,0.011049723756906077,3.248618784530387
REV3L,0.49171270718232046,0.0718232044198895,2.751381215469613
REXO1,0.3756906077348066,0.07734806629834254,2.4917127071823204
REXO2,0.4088397790055249,0.12154696132596685,2.5580110497237567
REXO4,0.5966850828729282,0.06629834254143646,2.9171270718232045
REXO5,0.5138121546961326,0.09392265193370165,2.7955801104972378
RFC1,0.3425414364640884,0.14917127071823205,2.4419889502762433
RFC2,0.6574585635359116,0.03314917127071823,3.430939226519337
RFC3,0.49171270718232046,0.08287292817679558,2.977900552486188
RFC4,0.7679558011049724,0.027624309392265192,4.303867403314917
RFC5,0.569060773480663,0.03867403314917127,2.850828729281768
RFFL,0.5911602209944752,0.049723756906077346,3.0
RFK,0.5524861878453039,0.0718232044198895,2.850828729281768
RFT1,0.2596685082872928,0.22099447513812154,2.165745856353591
RFWD3,0.5082872928176796,0.06077348066298342,2.7790055248618786
RFX2,0.4088397790055249,0.07734806629834254,2.546961325966851
RFX3,0.3149171270718232,0.20994475138121546,2.3370165745856353
RFX5,0.7182320441988951,0.0055248618784530384,3.4917127071823204
RFX6,0.49171270718232046,0.06077348066298342,2.8011049723756907
RFX7,0.4861878453038674,0.049723756906077346,2.7624309392265194
RFXANK,0.49171270718232046,0.03867403314917127,2.8121546961325965
RFXAP,0.48066298342541436,0.09944751381215469,2.7900552486187844
RGCC,0.4972375690607735,0.09392265193370165,3.0
RGMA,0.569060773480663,0.022099447513812154,3.0386740331491713
RGMB,0.281767955801105,0.11602209944751381,2.303867403314917
RGPD8,0.6685082872928176,0.022099447513812154,3.270718232044199
RGR,0.49171270718232046,0.07734806629834254,2.6685082872928176
RGS1,0.6740331491712708,0.03314917127071823,3.3370165745856353
RGS10,0.49171270718232046,0.06629834254143646,2.685082872928177
RGS11,0.4861878453038674,0.11049723756906077,2.679558011049724
RGS12,0.3314917127071823,0.16574585635359115,2.3756906077348066
RGS13,0.6740331491712708,0.03314917127071823,3.342541436464088
RGS14,0.39779005524861877,0.06629834254143646,2.569060773480663
RGS16,0.6795580110497238,0.022099447513812154,3.3646408839779007
RGS17,0.5414364640883977,0.049723756906077346,2.856353591160221
RGS18,0.6685082872928176,0.027624309392265192,3.3370165745856353
RGS19,0.7513812154696132,0.011049723756906077,3.9447513812154695
RGS2,0.6685082872928176,0.027624309392265192,3.3259668508287294
RGS20,0.6961325966850829,0.0055248618784530384,3.5303867403314917
RGS22,0.7679558011049724,0.0055248618784530384,4.149171270718232
RGS3,0.585635359116022,0.06077348066298342,2.9226519337016574
RGS4,0.6850828729281768,0.016574585635359115,3.458563535911602
RGS5,0.6850828729281768,0.016574585635359115,3.4668508287292816
RGS6,0.574585635359116,0.06077348066298342,2.8287292817679557
RGS7,0.6795580110497238,0.022099447513812154,3.458563535911602
RGS7BP,0.2430939226519337,0.143646408839779,2.226519337016575
RGS8,0.6795580110497238,0.022099447513812154,3.3701657458563536
RGS9,0.6519337016574586,0.03867403314917127,3.149171270718232
RGS9BP,0.5911602209944752,0.03314917127071823,3.161111111111111
RGSL1,0.6795580110497238,0.022099447513812154,3.3646408839779007
RHAG,0.6243093922651933,0.027624309392265192,3.3093922651933703
RHBDD1,0.5469613259668509,0.055248618784530384,2.7955801104972378
RHBDF1,0.4861878453038674,0.11049723756906077,2.679558011049724
RHBDF2,0.6243093922651933,0.022099447513812154,3.0718232044198897
RHEB,0.46408839779005523,0.1270718232044199,2.7679558011049723
RHNO1,0.6022099447513812,0.06629834254143646,3.2375690607734806
RHO,0.6685082872928176,0.03314917127071823,3.5801104972375692
RHOA,0.24861878453038674,0.2265193370165746,2.1270718232044197
RHOB,0.6740331491712708,0.03314917127071823,3.138121546961326
RHOBTB1,0.5138121546961326,0.049723756906077346,2.8121546961325965
RHOBTB2,0.4419889502762431,0.16574585635359115,2.6298342541436464
RHOBTB3,0.27624309392265195,0.12154696132596685,2.298342541436464
RHOC,0.5027624309392266,0.08839779005524862,2.6187845303867405
RHOD,0.6353591160220995,0.022099447513812154,3.2375690607734806
RHOF,0.56353591160221,0.04419889502762431,2.861878453038674
RHOG,0.4088397790055249,0.09944751381215469,2.6022099447513813
RHOH,0.3425414364640884,0.14917127071823205,2.414364640883978
RHOQ,0.6574585635359116,0.011049723756906077,3.149171270718232
RHOT1,0.6298342541436464,0.03314917127071823,3.0994475138121547
RHOT2,0.48066298342541436,0.11602209944751381,2.657458563535912
RHOU,0.6740331491712708,0.027624309392265192,3.43646408839779
RHOV,0.4530386740331492,0.06629834254143646,2.707182320441989
RHPN2,0.585635359116022,0.03867403314917127,3.160220994475138
RIC8A,0.3867403314917127,0.09944751381215469,2.574585635359116
RIC8B,0.569060773480663,0.04419889502762431,2.845303867403315
RICTOR,0.6408839779005525,0.027624309392265192,3.7955801104972378
RIF1,0.5966850828729282,0.027624309392265192,3.0386740331491713
RILP,0.39226519337016574,0.09944751381215469,2.5359116022099446
RIMKLA,0.5414364640883977,0.027624309392265192,2.861878453038674
RIMKLB,0.6077348066298343,0.06077348066298342,3.1712707182320443
RIMS1,0.5469613259668509,0.055248618784530384,2.972375690607735
RIMS2,0.7624309392265194,0.0055248618784530384,4.011049723756906
RIN1,0.6243093922651933,0.022099447513812154,3.1988950276243093
RING1,0.5966850828729282,0.04419889502762431,2.9889502762430937
RINT1,0.6685082872928176,0.03867403314917127,3.6740331491712706
RIOK1,0.4972375690607735,0.1270718232044199,2.685082872928177
RIOX1,0.580110497237569,0.055248618784530384,2.850828729281768
RIPK1,0.48066298342541436,0.1270718232044199,2.657458563535912
RIPK2,0.7403314917127072,0.0055248618784530384,3.8121546961325965
RIPK3,0.5580110497237569,0.049723756906077346,2.9226519337016574
RIT1,0.7016574585635359,0.016574585635359115,3.414364640883978
RIT2,0.3314917127071823,0.26519337016574585,2.3591160220994474
RLBP1,0.5469613259668509,0.022099447513812154,3.0
RLIM,0.20994475138121546,0.3370165745856354,1.9834254143646408
RMDN2,0.6574585635359116,0.016574585635359115,3.143646408839779
RMDN3,0.4530386740331492,0.06629834254143646,2.707182320441989
RMI1,0.5580110497237569,0.0718232044198895,2.867403314917127
RMI2,0.5193370165745856,0.07734806629834254,2.850828729281768
RNASE2,0.5524861878453039,0.06077348066298342,2.867403314917127
RNASE3,0.5524861878453039,0.06077348066298342,2.867403314917127
RNASEH1,0.6408839779005525,0.03867403314917127,3.0718232044198897
RNASEH2A,0.49171270718232046,0.04419889502762431,2.7569060773480665
RNASEH2B,0.49171270718232046,0.09944751381215469,2.8784530386740332
RNASEH2C,0.6077348066298343,0.03314917127071823,3.0607734806629834
RND1,0.56353591160221,0.055248618784530384,2.8232044198895028
RND2,0.6187845303867403,0.03314917127071823,3.0497237569060776
RND3,0.5911602209944752,0.027624309392265192,3.005524861878453
RNF103,0.6685082872928176,0.0055248618784530384,3.2044198895027622
RNF11,0.5193370165745856,0.03867403314917127,2.679558011049724
RNF111,0.4861878453038674,0.049723756906077346,2.7624309392265194
RNF115,0.6850828729281768,0.011049723756906077,3.430939226519337
RNF123,0.24861878453038674,0.2265193370165746,2.1270718232044197
RNF125,0.39226519337016574,0.2154696132596685,2.5303867403314917
RNF128,0.23756906077348067,0.30939226519337015,2.0386740331491713
RNF13,0.7569060773480663,0.03314917127071823,4.154696132596685
RNF130,0.40331491712707185,0.06629834254143646,2.6408839779005526
RNF135,0.6298342541436464,0.03867403314917127,3.0662983425414363
RNF138,0.39226519337016574,0.2154696132596685,2.5303867403314917
RNF139,0.8121546961325967,0.0055248618784530384,4.679558011049724
RNF14,0.3314917127071823,0.08839779005524862,2.3701657458563536
RNF144A,0.6353591160220995,0.04419889502762431,3.0828729281767955
RNF144B,0.5138121546961326,0.09392265193370165,2.751381215469613
RNF146,0.5303867403314917,0.055248618784530384,2.9005524861878453
RNF152,0.30939226519337015,0.292817679558011,2.2320441988950277
RNF168,0.7845303867403315,0.03314917127071823,4.298342541436464
RNF17,0.44751381215469616,0.09392265193370165,2.751381215469613
RNF182,0.5027624309392266,0.09944751381215469,2.723756906077348
RNF185,0.44751381215469616,0.06629834254143646,2.6629834254143647
RNF187,0.6740331491712708,0.027624309392265192,3.43646408839779
RNF19A,0.7679558011049724,0.0055248618784530384,4.116022099447513
RNF19B,0.5082872928176796,0.03867403314917127,2.729281767955801
RNF2,0.6795580110497238,0.027624309392265192,3.3756906077348066
RNF20,0.6022099447513812,0.06077348066298342,2.983425414364641
RNF213,0.6132596685082873,0.027624309392265192,3.016574585635359
RNF216,0.7403314917127072,0.016574585635359115,3.845303867403315
RNF220,0.5303867403314917,0.027624309392265192,2.7900552486187844
RNF24,0.6795580110497238,0.06629834254143646,3.43646408839779
RNF25,0.5248618784530387,0.049723756906077346,2.7955801104972378
RNF31,0.5524861878453039,0.049723756906077346,2.9171270718232045
RNF32,0.47513812154696133,0.13259668508287292,2.8011049723756907
RNF34,0.56353591160221,0.04419889502762431,2.867403314917127
RNF4,0.3370165745856354,0.15469613259668508,2.408839779005525
RNF40,0.5524861878453039,0.06629834254143646,2.911602209944751
RNF41,0.585635359116022,0.049723756906077346,2.8784530386740332
RNF43,0.6132596685082873,0.04419889502762431,3.1270718232044197
RNF5,0.5966850828729282,0.04419889502762431,3.005524861878453
RNF6,0.4530386740331492,0.09392265193370165,2.7790055248618786
RNF7,0.712707182320442,0.027624309392265192,3.8287292817679557
RNF8,0.6022099447513812,0.03314917127071823,3.022099447513812
RNGTT,0.5193370165745856,0.049723756906077346,2.7624309392265194
RNH1,0.39226519337016574,0.09392265193370165,2.574585635359116
RNMT,0.5359116022099447,0.08287292817679558,3.022099447513812
RNPEP,0.6740331491712708,0.03314917127071823,3.314917127071823
RNPS1,0.49171270718232046,0.10497237569060773,2.6906077348066297
RO60,0.6685082872928176,0.03867403314917127,3.3093922651933703
ROBO1,0.281767955801105,0.23756906077348067,2.2154696132596685
ROBO2,0.281767955801105,0.22099447513812154,2.2375690607734806
ROBO3,0.40331491712707185,0.13259668508287292,2.546961325966851
ROBO4,0.40331491712707185,0.13259668508287292,2.546961325966851
ROCK1,0.5580110497237569,0.06077348066298342,3.2320441988950277
ROCK2,0.6353591160220995,0.04419889502762431,3.0773480662983426
ROM1,0.574585635359116,0.04419889502762431,2.972375690607735
ROMO1,0.7458563535911602,0.0055248618784530384,4.027624309392265
ROPN1L,0.6740331491712708,0.027624309392265192,3.9005524861878453
ROR1,0.49171270718232046,0.055248618784530384,2.6243093922651934
ROR2,0.5524861878453039,0.06077348066298342,2.8950276243093924
RORA,0.47513812154696133,0.06077348066298342,2.729281767955801
RORB,0.5469613259668509,0.0718232044198895,2.850828729281768
RORC,0.7182320441988951,0.0055248618784530384,3.5359116022099446
RP1L1,0.46408839779005523,0.15469613259668508,4.027624309392265
RP2,0.143646408839779,0.4530386740331492,1.7679558011049723
RP9,0.7237569060773481,0.027624309392265192,3.7845303867403315
RPA1,0.39226519337016574,0.09944751381215469,2.5359116022099446
RPA2,0.4585635359116022,0.06629834254143646,2.591160220994475
RPA3,0.7348066298342542,0.016574585635359115,3.9005524861878453
RPA4,0.20994475138121546,0.3259668508287293,2.0
RPAIN,0.39226519337016574,0.09392265193370165,2.541436464088398
RPAP1,0.4530386740331492,0.06077348066298342,2.718232044198895
RPAP2,0.4861878453038674,0.06077348066298342,2.591160220994475
RPE,0.5303867403314917,0.055248618784530384,2.850828729281768
RPE65,0.4861878453038674,0.055248618784530384,2.6077348066298343
RPF1,0.4972375690607735,0.06629834254143646,2.613259668508287
RPF2,0.49171270718232046,0.06629834254143646,2.7679558011049723
RPGRIP1,0.5524861878453039,0.055248618784530384,2.8729281767955803
RPH3A,0.56353591160221,0.03867403314917127,2.8729281767955803
RPH3AL,0.3812154696132597,0.10497237569060773,2.5248618784530388
RPIA,0.6629834254143646,0.011049723756906077,3.1712707182320443
RPL10A,0.5911602209944752,0.049723756906077346,2.972375690607735
RPL10L,0.5966850828729282,0.03867403314917127,2.9392265193370166
RPL11,0.4530386740331492,0.055248618784530384,2.6519337016574585
RPL12,0.6077348066298343,0.06629834254143646,2.9226519337016574
RPL13,0.49171270718232046,0.0718232044198895,2.7790055248618786
RPL13A,0.5580110497237569,0.049723756906077346,2.9337016574585637
RPL14,0.2983425414364641,0.1878453038674033,2.298342541436464
RPL15,0.30386740331491713,0.1878453038674033,2.292817679558011
RPL18,0.5580110497237569,0.049723756906077346,2.9281767955801103
RPL18A,0.49171270718232046,0.03314917127071823,2.7900552486187844
RPL19,0.6519337016574586,0.03314917127071823,3.4917127071823204
RPL21,0.4585635359116022,0.08839779005524862,2.7679558011049723
RPL22,0.5248618784530387,0.06629834254143646,2.773480662983425
RPL22L1,0.7900552486187845,0.022099447513812154,4.662983425414365
RPL23,0.6408839779005525,0.027624309392265192,3.408839779005525
RPL23A,0.6243093922651933,0.03314917127071823,3.116022099447514
RPL24,0.6464088397790055,0.04419889502762431,3.43646408839779
RPL26,0.3756906077348066,0.08839779005524862,2.5193370165745854
RPL26L1,0.3756906077348066,0.0718232044198895,2.4751381215469612
RPL27,0.6187845303867403,0.03314917127071823,3.0497237569060776
RPL27A,0.425414364640884,0.07734806629834254,2.685082872928177
RPL28,0.585635359116022,0.03314917127071823,3.0552486187845305
RPL29,0.2430939226519337,0.2265193370165746,2.116022099447514
RPL3,0.4530386740331492,0.06629834254143646,2.6408839779005526
RPL30,0.7513812154696132,0.011049723756906077,3.867403314917127
RPL31,0.6519337016574586,0.011049723756906077,3.1933701657458564
RPL32,0.3259668508287293,0.1878453038674033,2.3370165745856353
RPL34,0.3314917127071823,0.10497237569060773,2.3812154696132595
RPL35,0.585635359116022,0.06629834254143646,2.9005524861878453
RPL36,0.4198895027624309,0.0718232044198895,2.574585635359116
RPL36A,0.23204419889502761,0.3149171270718232,2.027624309392265
RPL36AL,0.5911602209944752,0.03867403314917127,2.9668508287292816
RPL37,0.6408839779005525,0.027624309392265192,3.977900552486188
RPL37A,0.5248618784530387,0.049723756906077346,2.7955801104972378
RPL38,0.6408839779005525,0.022099447513812154,3.138121546961326
RPL39,0.23756906077348067,0.30386740331491713,2.0331491712707184
RPL39L,0.7734806629834254,0.027624309392265192,4.30939226519337
RPL3L,0.49171270718232046,0.09944751381215469,2.6906077348066297
RPL4,0.4972375690607735,0.04419889502762431,2.7845303867403315
RPL41,0.585635359116022,0.04419889502762431,2.883977900552486
RPL5,0.4861878453038674,0.06077348066298342,2.591160220994475
RPL6,0.56353591160221,0.03867403314917127,2.845303867403315
RPL7,0.7237569060773481,0.0,3.6740331491712706
RPL7A,0.5966850828729282,0.06629834254143646,2.9171270718232045
RPL7L1,0.6408839779005525,0.027624309392265192,3.696132596685083
RPL8,0.7734806629834254,0.022099447513812154,3.911602209944751
RPL9,0.3425414364640884,0.14917127071823205,2.4419889502762433
RPLP0,0.569060773480663,0.03867403314917127,2.850828729281768
RPLP1,0.49171270718232046,0.04419889502762431,2.7679558011049723
RPLP2,0.39779005524861877,0.09392265193370165,2.6077348066298343
RPN1,0.6685082872928176,0.03867403314917127,3.5248618784530388
RPN2,0.7458563535911602,0.0,4.005524861878453
RPP14,0.2541436464088398,0.2265193370165746,2.143646408839779
RPP21,0.5911602209944752,0.04419889502762431,2.955801104972376
RPP25,0.5082872928176796,0.04419889502762431,2.8011049723756907
RPP30,0.4585635359116022,0.07734806629834254,2.596685082872928
RPP38,0.5580110497237569,0.06077348066298342,2.9005524861878453
RPP40,0.47513812154696133,0.12154696132596685,2.6464088397790055
RPRD1A,0.3756906077348066,0.23756906077348067,2.4861878453038675
RPRD1B,0.7403314917127072,0.0,3.955801104972376
RPRD2,0.7071823204419889,0.0055248618784530384,3.4806629834254146
RPS10,0.6022099447513812,0.04419889502762431,2.994475138121547
RPS11,0.5580110497237569,0.049723756906077346,2.9337016574585637
RPS12,0.5359116022099447,0.04419889502762431,2.9005524861878453
RPS13,0.4585635359116022,0.0718232044198895,2.7569060773480665
RPS14,0.36464088397790057,0.08287292817679558,2.403314917127072
RPS15,0.3701657458563536,0.07734806629834254,2.4972375690607733
RPS15A,0.5193370165745856,0.08287292817679558,2.8784530386740332
RPS16,0.56353591160221,0.03314917127071823,2.994475138121547
RPS18,0.5911602209944752,0.04419889502762431,2.977900552486188
RPS19,0.569060773480663,0.04419889502762431,2.9502762430939224
RPS19BP1,0.44751381215469616,0.06629834254143646,2.6353591160220993
RPS2,0.49171270718232046,0.09944751381215469,2.6906077348066297
RPS20,0.7016574585635359,0.0055248618784530384,3.5248618784530388
RPS21,0.7513812154696132,0.011049723756906077,3.972375690607735
RPS23,0.2541436464088398,0.143646408839779,2.226519337016575
RPS24,0.49171270718232046,0.06077348066298342,2.707182320441989
RPS25,0.4088397790055249,0.11049723756906077,2.56353591160221
RPS26,0.585635359116022,0.04419889502762431,2.883977900552486
RPS27A,0.6795580110497238,0.011049723756906077,3.2044198895027622
RPS27L,0.48066298342541436,0.049723756906077346,2.7624309392265194
RPS28,0.4143646408839779,0.06629834254143646,2.569060773480663
RPS29,0.5911602209944752,0.03867403314917127,2.9668508287292816
RPS3,0.5248618784530387,0.06077348066298342,3.298342541436464
RPS3A,0.35911602209944754,0.09944751381215469,2.5138121546961325
RPS4X,0.2265193370165746,0.3259668508287293,2.0110497237569063
RPS5,0.580110497237569,0.06077348066298342,3.18232044198895
RPS6,0.32044198895027626,0.1878453038674033,2.3701657458563536
RPS6KA1,0.430939226519337,0.07734806629834254,2.5138121546961325
RPS6KA2,0.5580110497237569,0.055248618784530384,2.8729281767955803
RPS6KA3,0.17679558011049723,0.4530386740331492,1.8176795580110496
RPS6KA4,0.580110497237569,0.04419889502762431,2.9392265193370166
RPS6KA5,0.5414364640883977,0.0718232044198895,2.834254143646409
RPS6KA6,0.2154696132596685,0.3370165745856354,1.988950276243094
RPS6KB1,0.6685082872928176,0.027624309392265192,3.2375690607734806
RPS6KB2,0.6519337016574586,0.016574585635359115,3.3259668508287294
RPS8,0.5359116022099447,0.027624309392265192,2.7955801104972378
RPS9,0.574585635359116,0.03867403314917127,3.0110497237569063
RPSA,0.2983425414364641,0.1878453038674033,2.265193370165746
RPTOR,0.6132596685082873,0.03314917127071823,3.016574585635359
RPUSD4,0.4143646408839779,0.13259668508287292,2.7900552486187844
RRAGA,0.32044198895027626,0.1878453038674033,2.3701657458563536
RRAGB,0.17679558011049723,0.4088397790055249,1.8453038674033149
RRAGC,0.5414364640883977,0.03314917127071823,2.9502762430939224
RRAGD,0.5138121546961326,0.049723756906077346,2.751381215469613
RRAS,0.5580110497237569,0.049723756906077346,2.9337016574585637
RRAS2,0.4419889502762431,0.0718232044198895,2.718232044198895
RRBP1,0.6795580110497238,0.049723756906077346,3.4806629834254146
RRH,0.3370165745856354,0.10497237569060773,2.3977900552486187
RRM1,0.4198895027624309,0.09392265193370165,2.6243093922651934
RRM2,0.6408839779005525,0.04419889502762431,3.110497237569061
RRM2B,0.7624309392265194,0.0055248618784530384,4.044198895027624
RRN3,0.5193370165745856,0.07734806629834254,2.861878453038674
RRP1,0.30939226519337015,0.15469613259668508,2.292817679558011
RRP12,0.4696132596685083,0.08839779005524862,2.5580110497237567
RRP15,0.6795580110497238,0.022099447513812154,3.430939226519337
RRP1B,0.30386740331491713,0.15469613259668508,2.287292817679558
RRP36,0.6408839779005525,0.027624309392265192,3.707182320441989
RRP8,0.4143646408839779,0.08839779005524862,2.6464088397790055
RRP9,0.2430939226519337,0.2265193370165746,2.116022099447514
RRS1,0.712707182320442,0.0055248618784530384,3.7569060773480665
RSAD2,0.6353591160220995,0.04419889502762431,3.0718232044198897
RSF1,0.4972375690607735,0.06077348066298342,2.977900552486188
RSL1D1,0.5303867403314917,0.0718232044198895,2.856353591160221
RSL24D1,0.4861878453038674,0.049723756906077346,2.7624309392265194
RSPH9,0.6519337016574586,0.027624309392265192,3.8011049723756907
RSPO1,0.5303867403314917,0.03314917127071823,2.8121546961325965
RSRC1,0.7569060773480663,0.027624309392265192,4.292817679558011
RSU1,0.5524861878453039,0.06629834254143646,2.889502762430939
RTCA,0.5027624309392266,0.0718232044198895,2.6243093922651934
RTCB,0.44751381215469616,0.07734806629834254,2.6629834254143647
RTEL1,0.7513812154696132,0.011049723756906077,3.9447513812154695
RTF1,0.4530386740331492,0.06077348066298342,2.718232044198895
RTKN,0.6574585635359116,0.0055248618784530384,3.1767955801104972
RTN1,0.569060773480663,0.049723756906077346,2.850828729281768
RTN3,0.574585635359116,0.049723756906077346,2.9392265193370166
RTN4,0.6685082872928176,0.011049723756906077,3.1712707182320443
RTN4IP1,0.49171270718232046,0.06077348066298342,2.7624309392265194
RTN4R,0.4696132596685083,0.0718232044198895,2.696132596685083
RTN4RL1,0.39226519337016574,0.09944751381215469,2.5359116022099446
RTP2,0.7790055248618785,0.022099447513812154,4.43646408839779
RTP4,0.7734806629834254,0.022099447513812154,4.3535911602209945
RTRAF,0.6077348066298343,0.03867403314917127,2.972375690607735
RUBCN,0.7790055248618785,0.03314917127071823,4.30939226519337
RUFY1,0.39779005524861877,0.06629834254143646,2.6298342541436464
RUFY3,0.3867403314917127,0.08839779005524862,2.5580110497237567
RUNX1,0.2983425414364641,0.1270718232044199,2.292817679558011
RUNX1T1,0.7513812154696132,0.0055248618784530384,3.7900552486187844
RUNX2,0.6077348066298343,0.03314917127071823,3.5359116022099446
RUNX3,0.46408839779005523,0.055248618784530384,2.657458563535912
RUSC1,0.7016574585635359,0.016574585635359115,3.414364640883978
RUSC2,0.4419889502762431,0.1270718232044199,2.845303867403315
RUVBL1,0.6629834254143646,0.03867403314917127,3.5303867403314917
RUVBL2,0.5580110497237569,0.049723756906077346,2.9337016574585637
RWDD3,0.5027624309392266,0.055248618784530384,2.6353591160220993
RXFP1,0.3370165745856354,0.1270718232044199,2.569060773480663
RXFP3,0.6408839779005525,0.027624309392265192,3.701657458563536
RXFP4,0.7016574585635359,0.016574585635359115,3.414364640883978
RXRA,0.5966850828729282,0.06077348066298342,2.9226519337016574
RXRB,0.5966850828729282,0.04419889502762431,2.9889502762430937
RXRG,0.7016574585635359,0.016574585635359115,3.453038674033149
RYBP,0.26519337016574585,0.22099447513812154,2.2044198895027622
RYK,0.6795580110497238,0.03314917127071823,3.6353591160220993
RYR1,0.56353591160221,0.03314917127071823,3.044198895027624
RYR2,0.6795580110497238,0.016574585635359115,3.4972375690607733
RYR3,0.48066298342541436,0.049723756906077346,2.7624309392265194
S100A1,0.712707182320442,0.011049723756906077,3.4751381215469612
S100A10,0.712707182320442,0.0055248618784530384,3.546961325966851
S100A11,0.712707182320442,0.0055248618784530384,3.546961325966851
S100A12,0.712707182320442,0.0055248618784530384,3.4917127071823204
S100A14,0.712707182320442,0.011049723756906077,3.4751381215469612
S100A16,0.712707182320442,0.011049723756906077,3.4751381215469612
S100A4,0.712707182320442,0.011049723756906077,3.4751381215469612
S100A6,0.712707182320442,0.011049723756906077,3.4751381215469612
S100A7,0.712707182320442,0.0055248618784530384,3.4806629834254146
S100A8,0.712707182320442,0.0055248618784530384,3.4917127071823204
S100A9,0.712707182320442,0.0055248618784530384,3.4917127071823204
S100B,0.3314917127071823,0.13812154696132597,2.3591160220994474
S100G,0.1712707182320442,0.4530386740331492,1.8011049723756907
S100P,0.3314917127071823,0.15469613259668508,2.3756906077348066
S100PBP,0.5082872928176796,0.03867403314917127,2.729281767955801
S1PR1,0.5027624309392266,0.0718232044198895,2.6353591160220993
S1PR3,0.5580110497237569,0.06077348066298342,2.8950276243093924
S1PR4,0.40331491712707185,0.06629834254143646,2.569060773480663
S1PR5,0.47513812154696133,0.049723756906077346,2.701657458563536
SAA1,0.4585635359116022,0.0718232044198895,2.751381215469613
SACM1L,0.281767955801105,0.19889502762430938,2.2154696132596685
SAE1,0.5524861878453039,0.04419889502762431,2.911602209944751
SAFB,0.4198895027624309,0.0718232044198895,2.574585635359116
SAFB2,0.4198895027624309,0.0718232044198895,2.574585635359116
SALL1,0.5027624309392266,0.055248618784530384,2.7900552486187844
SALL3,0.34806629834254144,0.23204419889502761,2.3701657458563536
SALL4,0.7679558011049724,0.0055248618784530384,4.016574585635359
SAMD8,0.5027624309392266,0.06629834254143646,2.7790055248618786
SAMHD1,0.7458563535911602,0.0,3.994475138121547
SAMM50,0.44751381215469616,0.0718232044198895,2.6629834254143647
SAP130,0.6077348066298343,0.055248618784530384,3.016574585635359
SAP18,0.43646408839779005,0.10497237569060773,2.729281767955801
SAP25,0.6850828729281768,0.03314917127071823,3.977777777777778
SAP30,0.3259668508287293,0.14917127071823205,2.403314917127072
SAP30BP,0.6408839779005525,0.022099447513812154,3.1270718232044197
SAP30L,0.3701657458563536,0.07734806629834254,2.4198895027624308
SAR1A,0.5027624309392266,0.06629834254143646,2.7403314917127073
SAR1B,0.30939226519337015,0.09392265193370165,2.320441988950276
SARAF,0.4696132596685083,0.17679558011049723,2.7403314917127073
SARM1,0.6132596685082873,0.03314917127071823,3.0552486187845305
SARNP,0.580110497237569,0.04419889502762431,2.861878453038674
SARS2,0.5580110497237569,0.03314917127071823,2.9613259668508287
SART1,0.6132596685082873,0.027624309392265192,3.088397790055249
SART3,0.580110497237569,0.03867403314917127,2.867403314917127
SASS6,0.5027624309392266,0.0718232044198895,2.6298342541436464
SAT1,0.1878453038674033,0.44751381215469616,1.8453038674033149
SAT2,0.3812154696132597,0.09392265193370165,2.5359116022099446
SATB1,0.3259668508287293,0.18232044198895028,2.3093922651933703
SATB2,0.6022099447513812,0.016574585635359115,3.0497237569060776
SAV1,0.6022099447513812,0.04419889502762431,2.977900552486188
SBDS,0.6464088397790055,0.022099447513812154,3.552486187845304
SBF1,0.44751381215469616,0.09392265193370165,2.6298342541436464
SBF2,0.425414364640884,0.08287292817679558,2.6685082872928176
SC5D,0.40331491712707185,0.11602209944751381,2.5801104972375692
SCAF1,0.5580110497237569,0.049723756906077346,2.9337016574585637
SCAF11,0.5580110497237569,0.0718232044198895,2.845303867403315
SCAF8,0.5414364640883977,0.055248618784530384,2.861878453038674
SCAI,0.585635359116022,0.06629834254143646,2.9005524861878453
SCAMP1,0.2596685082872928,0.14917127071823205,2.226519337016575
SCAMP2,0.5082872928176796,0.04419889502762431,2.8011049723756907
SCAND1,0.7458563535911602,0.0,4.033149171270718
SCAP,0.27071823204419887,0.19889502762430938,2.2044198895027622
SCARA3,0.425414364640884,0.1878453038674033,2.657458563535912
SCARA5,0.430939226519337,0.18232044198895028,2.6685082872928176
SCARB1,0.5580110497237569,0.049723756906077346,2.883977900552486
SCARB2,0.39226519337016574,0.09392265193370165,2.707182320441989
SCARF2,0.4696132596685083,0.07734806629834254,2.773480662983425
SCCPDH,0.6850828729281768,0.027624309392265192,3.4972375690607733
SCD,0.47513812154696133,0.08287292817679558,2.5801104972375692
SCD5,0.3370165745856354,0.10497237569060773,2.430939226519337
SCFD1,0.5580110497237569,0.049723756906077346,2.972375690607735
SCG2,0.5303867403314917,0.055248618784530384,2.7679558011049723
SCG3,0.4696132596685083,0.049723756906077346,2.7403314917127073
SCG5,0.48066298342541436,0.04419889502762431,2.773480662983425
SCGB1A1,0.580110497237569,0.04419889502762431,2.977900552486188
SCGB3A2,0.35359116022099446,0.08839779005524862,2.3812154696132595
SCLT1,0.3370165745856354,0.09944751381215469,2.3922651933701657
SCLY,0.5138121546961326,0.06077348066298342,2.751381215469613
SCML2,0.1712707182320442,0.4530386740331492,1.828729281767956
SCN10A,0.2983425414364641,0.19337016574585636,2.2596685082872927
SCN1A,0.5911602209944752,0.027624309392265192,3.0662983425414363
SCN1B,0.5911602209944752,0.03867403314917127,3.132596685082873
SCN2A,0.5966850828729282,0.027624309392265192,3.0662983425414363
SCN2B,0.4198895027624309,0.11049723756906077,2.596685082872928
SCN3A,0.5966850828729282,0.027624309392265192,3.0552486187845305
SCN3B,0.4143646408839779,0.12154696132596685,2.5801104972375692
SCN4A,0.6629834254143646,0.03314917127071823,3.2154696132596685
SCN4B,0.4143646408839779,0.11049723756906077,2.585635359116022
SCN5A,0.2983425414364641,0.19337016574585636,2.2596685082872927
SCN8A,0.569060773480663,0.049723756906077346,2.8729281767955803
SCNN1A,0.6022099447513812,0.06629834254143646,3.2596685082872927
SCNN1B,0.5193370165745856,0.08287292817679558,2.8066298342541436
SCNN1D,0.5303867403314917,0.049723756906077346,2.845303867403315
SCNN1G,0.5193370165745856,0.08287292817679558,2.8066298342541436
SCO1,0.3701657458563536,0.10497237569060773,2.5193370165745854
SCO2,0.44751381215469616,0.09392265193370165,2.6298342541436464
SCOC,0.36464088397790057,0.08839779005524862,2.574585635359116
SCP2,0.5138121546961326,0.03867403314917127,2.685082872928177
SCPEP1,0.6187845303867403,0.03867403314917127,3.0994475138121547
SCRIB,0.7734806629834254,0.027624309392265192,3.9447513812154695
SCTR,0.6408839779005525,0.027624309392265192,3.314917127071823
SCUBE2,0.4198895027624309,0.07734806629834254,2.6519337016574585
SCUBE3,0.6022099447513812,0.049723756906077346,2.983425414364641
SCYL1,0.6022099447513812,0.03867403314917127,3.0331491712707184
SCYL2,0.569060773480663,0.055248618784530384,2.8066298342541436
SDAD1,0.39226519337016574,0.08839779005524862,2.707182320441989
SDC1,0.6740331491712708,0.03314917127071823,3.149171270718232
SDC2,0.7513812154696132,0.0055248618784530384,3.834254143646409
SDC3,0.4861878453038674,0.055248618784530384,2.696132596685083
SDC4,0.7458563535911602,0.0055248618784530384,4.011049723756906
SDCBP,0.7182320441988951,0.0055248618784530384,3.569060773480663
SDCCAG8,0.6850828729281768,0.027624309392265192,3.4696132596685083
SDF2,0.6187845303867403,0.03314917127071823,3.110497237569061
SDF2L1,0.47513812154696133,0.0718232044198895,2.685082872928177
SDHA,0.6629834254143646,0.03867403314917127,3.850828729281768
SDHAF1,0.5911602209944752,0.03314917127071823,3.1270718232044197
SDHAF2,0.580110497237569,0.04419889502762431,3.0110497237569063
SDHAF3,0.7016574585635359,0.022099447513812154,4.12707182320442
SDHAF4,0.5524861878453039,0.055248618784530384,2.861878453038674
SDHB,0.49171270718232046,0.049723756906077346,2.696132596685083
SDHC,0.712707182320442,0.016574585635359115,3.569060773480663
SDHD,0.4143646408839779,0.12154696132596685,2.569060773480663
SDR16C5,0.7016574585635359,0.0055248618784530384,3.5248618784530388
SDR9C7,0.580110497237569,0.049723756906077346,2.867403314917127
SEC11A,0.5248618784530387,0.027624309392265192,2.883977900552486
SEC11C,0.30939226519337015,0.281767955801105,2.1988950276243093
SEC13,0.32044198895027626,0.18232044198895028,2.3591160220994474
SEC14L1,0.6298342541436464,0.027624309392265192,3.0662983425414363
SEC16A,0.6132596685082873,0.055248618784530384,2.9889502762430937
SEC22A,0.6629834254143646,0.04419889502762431,3.458563535911602
SEC22B,0.5359116022099447,0.08287292817679558,2.889502762430939
SEC22C,0.2983425414364641,0.1878453038674033,2.281767955801105
SEC23A,0.574585635359116,0.055248618784530384,3.016574585635359
SEC23B,0.6740331491712708,0.06077348066298342,3.458563535911602
SEC23IP,0.49171270718232046,0.06629834254143646,2.679558011049724
SEC24A,0.30939226519337015,0.09392265193370165,2.320441988950276
SEC24B,0.3425414364640884,0.09944751381215469,2.408839779005525
SEC24C,0.5027624309392266,0.06077348066298342,2.773480662983425
SEC24D,0.34806629834254144,0.09392265193370165,2.408839779005525
SEC31A,0.3425414364640884,0.10497237569060773,2.4419889502762433
SEC31B,0.48066298342541436,0.08287292817679558,2.6022099447513813
SEC61A1,0.6629834254143646,0.03867403314917127,3.5303867403314917
SEC61A2,0.5524861878453039,0.06077348066298342,2.9502762430939224
SEC61B,0.5911602209944752,0.06077348066298342,2.9281767955801103
SEC62,0.8011049723756906,0.022099447513812154,4.6464088397790055
SEC63,0.5082872928176796,0.06077348066298342,2.773480662983425
SECISBP2,0.5524861878453039,0.06077348066298342,2.889502762430939
SECTM1,0.580110497237569,0.03867403314917127,2.9337016574585637
SEH1L,0.5469613259668509,0.07734806629834254,3.022099447513812
SEL1L,0.574585635359116,0.0718232044198895,2.856353591160221
SELE,0.7071823204419889,0.016574585635359115,3.4751381215469612
SELENOI,0.6740331491712708,0.03314917127071823,3.160220994475138
SELENOK,0.2596685082872928,0.23204419889502761,2.132596685082873
SELENON,0.4530386740331492,0.06629834254143646,2.596685082872928
SELENOP,0.6353591160220995,0.027624309392265192,3.9281767955801103
SELENOS,0.569060773480663,0.027624309392265192,3.005524861878453
SELL,0.7071823204419889,0.016574585635359115,3.4696132596685083
SELP,0.7071823204419889,0.016574585635359115,3.4696132596685083
SELPLG,0.580110497237569,0.03867403314917127,2.867403314917127
SEM1,0.7071823204419889,0.022099447513812154,4.254143646408839
SEMA3A,0.6629834254143646,0.027624309392265192,3.552486187845304
SEMA3B,0.2430939226519337,0.2265193370165746,2.116022099447514
SEMA3C,0.6685082872928176,0.027624309392265192,3.613259668508287
SEMA3F,0.2430939226519337,0.2265193370165746,2.116022099447514
SEMA4A,0.7016574585635359,0.011049723756906077,3.4198895027624308
SEMA4B,0.574585635359116,0.016574585635359115,3.138121546961326
SEMA4D,0.5524861878453039,0.06077348066298342,2.889502762430939
SEMA4F,0.6574585635359116,0.0055248618784530384,3.1767955801104972
SEMA4G,0.48066298342541436,0.08287292817679558,2.6077348066298343
SEMA6A,0.292817679558011,0.11049723756906077,2.320441988950276
SEMA6D,0.46408839779005523,0.049723756906077346,2.718232044198895
SEMA7A,0.5027624309392266,0.04419889502762431,2.8011049723756907
SEMG1,0.7513812154696132,0.0,4.033149171270718
SENP1,0.56353591160221,0.055248618784530384,2.834254143646409
SENP2,0.7679558011049724,0.027624309392265192,4.276243093922652
SENP3,0.3812154696132597,0.09392265193370165,2.5359116022099446
SENP5,0.7734806629834254,0.03867403314917127,4.287292817679558
SENP6,0.5359116022099447,0.049723756906077346,2.8011049723756907
SENP7,0.6464088397790055,0.049723756906077346,3.430939226519337
SEPSECS,0.3259668508287293,0.15469613259668508,2.408839779005525
SERBP1,0.4861878453038674,0.055248618784530384,2.613259668508287
SERGEF,0.4585635359116022,0.0718232044198895,2.751381215469613
SERINC3,0.7458563535911602,0.0,4.05524861878453
SERINC5,0.2596685082872928,0.143646408839779,2.2320441988950277
SERP1,0.7403314917127072,0.027624309392265192,4.104972375690608
SERPINA1,0.5469613259668509,0.07734806629834254,2.8121546961325965
SERPINA10,0.5414364640883977,0.07734806629834254,2.8066298342541436
SERPINA3,0.5469613259668509,0.07734806629834254,2.8066298342541436
SERPINA4,0.5469613259668509,0.07734806629834254,2.8066298342541436
SERPINA5,0.5469613259668509,0.07734806629834254,2.8066298342541436
SERPINA7,0.23204419889502761,0.30939226519337015,2.0331491712707184
SERPINB1,0.48066298342541436,0.1270718232044199,2.6519337016574585
SERPINB13,0.3425414364640884,0.27071823204419887,2.3701657458563536
SERPINB2,0.34806629834254144,0.26519337016574585,2.3812154696132595
SERPINB3,0.3425414364640884,0.27071823204419887,2.3701657458563536
SERPINB4,0.3425414364640884,0.27071823204419887,2.3701657458563536
SERPINB5,0.3425414364640884,0.27071823204419887,2.3701657458563536
SERPINB6,0.4861878453038674,0.1270718232044199,2.6685082872928176
SERPINB8,0.34806629834254144,0.26519337016574585,2.3812154696132595
SERPINC1,0.7016574585635359,0.022099447513812154,3.4419889502762433
SERPIND1,0.4696132596685083,0.06629834254143646,2.773480662983425
SERPINE1,0.6795580110497238,0.027624309392265192,3.9281767955801103
SERPINE2,0.5303867403314917,0.055248618784530384,2.7679558011049723
SERPINF1,0.39226519337016574,0.09944751381215469,2.5359116022099446
SERPINF2,0.39226519337016574,0.09944751381215469,2.5359116022099446
SERPING1,0.574585635359116,0.049723756906077346,2.955801104972376
SERPINH1,0.5303867403314917,0.06077348066298342,3.25414364640884
SERTAD3,0.5524861878453039,0.03867403314917127,2.911602209944751
SESN2,0.4585635359116022,0.06629834254143646,2.585635359116022
SESN3,0.4696132596685083,0.08839779005524862,2.723756906077348
SET,0.6077348066298343,0.06629834254143646,2.9226519337016574
SETD1A,0.5524861878453039,0.06629834254143646,2.911602209944751
SETD1B,0.56353591160221,0.04419889502762431,2.861878453038674
SETD2,0.27071823204419887,0.19889502762430938,2.1878453038674035
SETD6,0.5138121546961326,0.06077348066298342,2.8287292817679557
SETD7,0.36464088397790057,0.08839779005524862,2.541436464088398
SETDB1,0.712707182320442,0.0055248618784530384,3.4861878453038675
SETDB2,0.4861878453038674,0.09944751381215469,2.867403314917127
SETMAR,0.2983425414364641,0.22099447513812154,2.2320441988950277
SETX,0.6022099447513812,0.06629834254143646,2.9226519337016574
SEZ6L,0.4585635359116022,0.07734806629834254,2.6408839779005526
SEZ6L2,0.5469613259668509,0.0718232044198895,2.9005524861878453
SF1,0.585635359116022,0.03314917127071823,2.9613259668508287
SF3A1,0.4530386740331492,0.0718232044198895,2.6629834254143647
SF3A2,0.3867403314917127,0.07734806629834254,2.5248618784530388
SF3A3,0.5303867403314917,0.03314917127071823,2.883977900552486
SF3B1,0.6022099447513812,0.011049723756906077,3.0331491712707184
SF3B2,0.6132596685082873,0.027624309392265192,3.088397790055249
SF3B3,0.5193370165745856,0.06077348066298342,2.8287292817679557
SF3B4,0.7071823204419889,0.011049723756906077,3.4696132596685083
SF3B5,0.5414364640883977,0.049723756906077346,2.883977900552486
SF3B6,0.6629834254143646,0.03314917127071823,3.132596685082873
SFI1,0.4530386740331492,0.06629834254143646,2.6685082872928176
SFN,0.430939226519337,0.07734806629834254,2.5248618784530388
SFPQ,0.5138121546961326,0.03867403314917127,2.718232044198895
SFR1,0.4861878453038674,0.08287292817679558,2.657458563535912
SFRP1,0.6187845303867403,0.08287292817679558,3.430939226519337
SFRP2,0.3370165745856354,0.11602209944751381,2.4806629834254146
SFRP4,0.7182320441988951,0.027624309392265192,3.7403314917127073
SFRP5,0.4696132596685083,0.08839779005524862,2.5580110497237567
SFSWAP,0.574585635359116,0.055248618784530384,2.861878453038674
SFTPA1,0.4861878453038674,0.06629834254143646,2.718232044198895
SFTPA2,0.4861878453038674,0.06629834254143646,2.718232044198895
SFTPB,0.6685082872928176,0.0055248618784530384,3.1933701657458564
SFTPC,0.430939226519337,0.16022099447513813,2.6187845303867405
SFTPD,0.4861878453038674,0.0718232044198895,2.707182320441989
SFXN1,0.3756906077348066,0.06629834254143646,2.546961325966851
SFXN2,0.48066298342541436,0.08839779005524862,2.6022099447513813
SGCA,0.6353591160220995,0.03314917127071823,3.132596685082873
SGCB,0.40331491712707185,0.09392265193370165,2.6353591160220993
SGCD,0.3701657458563536,0.08287292817679558,2.414364640883978
SGCE,0.7292817679558011,0.016574585635359115,4.226519337016574
SGCG,0.43646408839779005,0.09392265193370165,2.7679558011049723
SGCZ,0.4530386740331492,0.13812154696132597,3.149171270718232
SGF29,0.5359116022099447,0.0718232044198895,2.883977900552486
SGIP1,0.4972375690607735,0.055248618784530384,2.6298342541436464
SGK1,0.5580110497237569,0.04419889502762431,3.292817679558011
SGMS1,0.5138121546961326,0.055248618784530384,2.81767955801105
SGMS2,0.3314917127071823,0.10497237569060773,2.3922651933701657
SGO1,0.3149171270718232,0.1878453038674033,2.281767955801105
SGO2,0.5966850828729282,0.016574585635359115,3.022099447513812
SGPL1,0.5027624309392266,0.06629834254143646,2.729281767955801
SGPP1,0.574585635359116,0.04419889502762431,2.867403314917127
SGSH,0.6132596685082873,0.027624309392265192,3.016574585635359
SGSM1,0.47513812154696133,0.0718232044198895,2.679558011049724
SGSM3,0.44751381215469616,0.06077348066298342,2.6353591160220993
SGTA,0.40331491712707185,0.0718232044198895,2.5580110497237567
SH2B1,0.5359116022099447,0.0718232044198895,2.883977900552486
SH2B2,0.6906077348066298,0.03867403314917127,3.9613259668508287
SH2B3,0.569060773480663,0.03867403314917127,2.850828729281768
SH2D1A,0.2430939226519337,0.30386740331491713,2.0386740331491713
SH2D2A,0.7071823204419889,0.011049723756906077,3.447513812154696
SH2D3C,0.6132596685082873,0.06629834254143646,2.9281767955801103
SH2D4A,0.4419889502762431,0.15469613259668508,2.6353591160220993
SH3BGRL3,0.4419889502762431,0.07734806629834254,2.546961325966851
SH3BP5,0.3259668508287293,0.18232044198895028,2.342541436464088
SH3GL1,0.4198895027624309,0.0718232044198895,2.6077348066298343
SH3GL2,0.3259668508287293,0.1878453038674033,2.4917127071823204
SH3GL3,0.5248618784530387,0.03314917127071823,2.850828729281768
SH3GLB1,0.4972375690607735,0.06629834254143646,2.596685082872928
SH3GLB2,0.6022099447513812,0.0718232044198895,2.911602209944751
SH3KBP1,0.17679558011049723,0.4530386740331492,1.8121546961325967
SH3PXD2A,0.4861878453038674,0.08287292817679558,2.657458563535912
SH3PXD2B,0.3756906077348066,0.0718232044198895,2.4751381215469612
SH3RF1,0.35911602209944754,0.11602209944751381,2.541436464088398
SHANK1,0.5580110497237569,0.049723756906077346,2.9502762430939224
SHARPIN,0.7734806629834254,0.022099447513812154,3.9281767955801103
SHB,0.39226519337016574,0.143646408839779,2.569060773480663
SHBG,0.3812154696132597,0.09392265193370165,2.5359116022099446
SHC1,0.7071823204419889,0.011049723756906077,3.425414364640884
SHC4,0.47513812154696133,0.049723756906077346,2.7403314917127073
SHH,0.47513812154696133,0.13812154696132597,2.8232044198895028
SHISA5,0.2596685082872928,0.20994475138121546,2.154696132596685
SHMT1,0.36464088397790057,0.1270718232044199,2.5193370165745854
SHMT2,0.580110497237569,0.049723756906077346,2.8950276243093924
SHOC2,0.48066298342541436,0.08287292817679558,2.6187845303867405
SHPRH,0.5469613259668509,0.049723756906077346,2.9060773480662982
SHQ1,0.27071823204419887,0.22099447513812154,2.2209944751381214
SHROOM3,0.39779005524861877,0.09392265193370165,2.712707182320442
SHTN1,0.47513812154696133,0.0718232044198895,2.6519337016574585
SI,0.7790055248618785,0.022099447513812154,4.4088397790055245
SIAH1,0.5248618784530387,0.055248618784530384,2.856353591160221
SIAH2,0.7403314917127072,0.027624309392265192,4.104972375690608
SIGIRR,0.3867403314917127,0.09392265193370165,2.569060773480663
SIGLEC1,0.6795580110497238,0.06629834254143646,3.43646408839779
SIGLEC14,0.5580110497237569,0.049723756906077346,2.9502762430939224
SIGMAR1,0.43646408839779005,0.1270718232044199,2.734806629834254
SIK1,0.30386740331491713,0.15469613259668508,2.287292817679558
SIK2,0.4088397790055249,0.12154696132596685,2.541436464088398
SIK3,0.4088397790055249,0.11602209944751381,2.6298342541436464
SIKE1,0.4972375690607735,0.11049723756906077,2.6906077348066297
SIL1,0.3259668508287293,0.09392265193370165,2.3591160220994474
SIM1,0.4972375690607735,0.06629834254143646,2.734806629834254
SIM2,0.32044198895027626,0.13259668508287292,2.3259668508287294
SIN3A,0.5082872928176796,0.03867403314917127,2.8066298342541436
SIN3B,0.5027624309392266,0.027624309392265192,2.8011049723756907
SIPA1,0.6022099447513812,0.03867403314917127,3.0331491712707184
SIPA1L1,0.574585635359116,0.06077348066298342,2.8287292817679557
SIRPA,0.6906077348066298,0.06629834254143646,3.458563535911602
SIRPB1,0.6850828729281768,0.06077348066298342,3.458563535911602
SIRPG,0.6850828729281768,0.06077348066298342,3.458563535911602
SIRT1,0.5082872928176796,0.06077348066298342,2.7679558011049723
SIRT2,0.5580110497237569,0.03314917127071823,2.9613259668508287
SIRT3,0.3867403314917127,0.09944751381215469,2.574585635359116
SIRT4,0.569060773480663,0.03867403314917127,2.889502762430939
SIRT5,0.5027624309392266,0.09944751381215469,2.751381215469613
SIRT6,0.4143646408839779,0.0718232044198895,2.596685082872928
SIRT7,0.6022099447513812,0.03314917127071823,3.0
SIVA1,0.5524861878453039,0.055248618784530384,2.9005524861878453
SIX2,0.6629834254143646,0.011049723756906077,3.1712707182320443
SIX3,0.6629834254143646,0.011049723756906077,3.1712707182320443
SIX4,0.569060773480663,0.049723756906077346,2.850828729281768
SIX5,0.569060773480663,0.04419889502762431,2.9613259668508287
SIX6,0.574585635359116,0.049723756906077346,2.856353591160221
SKA1,0.292817679558011,0.292817679558011,2.149171270718232
SKA2,0.6464088397790055,0.04419889502762431,3.1988950276243093
SKA3,0.43646408839779005,0.10497237569060773,2.729281767955801
SKAP1,0.6187845303867403,0.03314917127071823,3.0607734806629834
SKAP2,0.7237569060773481,0.027624309392265192,3.8232044198895028
SKI,0.5359116022099447,0.049723756906077346,3.0718232044198897
SKIL,0.7955801104972375,0.022099447513812154,4.662983425414365
SKP1,0.30939226519337015,0.09944751381215469,2.3314917127071824
SKP2,0.6353591160220995,0.027624309392265192,3.6906077348066297
SLA,0.8121546961325967,0.022099447513812154,4.303867403314917
SLA2,0.7458563535911602,0.0,4.0220994475138125
SLAIN2,0.425414364640884,0.09944751381215469,2.6629834254143647
SLAMF1,0.712707182320442,0.016574585635359115,3.4917127071823204
SLAMF6,0.712707182320442,0.016574585635359115,3.4917127071823204
SLBP,0.3425414364640884,0.16022099447513813,2.4696132596685083
SLC10A1,0.580110497237569,0.055248618784530384,2.839779005524862
SLC11A2,0.569060773480663,0.049723756906077346,2.8950276243093924
SLC12A1,0.47513812154696133,0.049723756906077346,2.734806629834254
SLC12A2,0.30939226519337015,0.10497237569060773,2.3591160220994474
SLC12A3,0.5138121546961326,0.06077348066298342,2.8121546961325965
SLC12A5,0.7513812154696132,0.0055248618784530384,3.972375690607735
SLC12A6,0.48066298342541436,0.04419889502762431,2.7624309392265194
SLC13A5,0.3867403314917127,0.09392265193370165,2.5359116022099446
SLC15A4,0.574585635359116,0.049723756906077346,2.867403314917127
SLC15A5,0.6132596685082873,0.08287292817679558,3.226519337016575
SLC16A1,0.5027624309392266,0.09944751381215469,2.6077348066298343
SLC16A13,0.3867403314917127,0.09392265193370165,2.5359116022099446
SLC16A2,0.20994475138121546,0.3370165745856354,1.9834254143646408
SLC16A3,0.585635359116022,0.03867403314917127,2.9447513812154695
SLC16A4,0.5082872928176796,0.09392265193370165,2.657458563535912
SLC16A7,0.580110497237569,0.03314917127071823,2.9226519337016574
SLC17A1,0.5359116022099447,0.06077348066298342,2.8232044198895028
SLC17A7,0.5580110497237569,0.049723756906077346,2.9337016574585637
SLC17A8,0.569060773480663,0.055248618784530384,2.8066298342541436
SLC18A1,0.4530386740331492,0.14917127071823205,2.74585635359116
SLC18A3,0.5082872928176796,0.055248618784530384,2.8121546961325965
SLC19A1,0.32044198895027626,0.13812154696132597,2.3370165745856353
SLC1A1,0.3259668508287293,0.19337016574585636,2.3977900552486187
SLC1A2,0.5303867403314917,0.06077348066298342,3.149171270718232
SLC20A2,0.6353591160220995,0.06077348066298342,3.850828729281768
SLC22A1,0.5303867403314917,0.06077348066298342,2.834254143646409
SLC22A12,0.585635359116022,0.03867403314917127,2.955801104972376
SLC22A17,0.5524861878453039,0.049723756906077346,2.9281767955801103
SLC22A2,0.5303867403314917,0.06077348066298342,2.839779005524862
SLC22A7,0.6408839779005525,0.027624309392265192,3.6740331491712706
SLC22A8,0.585635359116022,0.04419889502762431,2.994475138121547
SLC24A5,0.47513812154696133,0.049723756906077346,2.734806629834254
SLC25A12,0.6187845303867403,0.016574585635359115,3.2209944751381214
SLC25A13,0.7182320441988951,0.016574585635359115,4.226519337016574
SLC25A14,0.24861878453038674,0.292817679558011,2.0552486187845305
SLC25A16,0.4972375690607735,0.06077348066298342,2.74585635359116
SLC25A17,0.44751381215469616,0.06077348066298342,2.6629834254143647
SLC25A20,0.2541436464088398,0.2154696132596685,2.143646408839779
SLC25A21,0.585635359116022,0.04419889502762431,3.265193370165746
SLC25A24,0.5027624309392266,0.08839779005524862,2.6298342541436464
SLC25A25,0.6132596685082873,0.06629834254143646,2.9392265193370166
SLC25A26,0.2596685082872928,0.20994475138121546,2.2044198895027622
SLC25A27,0.6022099447513812,0.03867403314917127,3.4198895027624308
SLC25A28,0.47513812154696133,0.08287292817679558,2.574585635359116
SLC25A3,0.5580110497237569,0.055248618784530384,2.7845303867403315
SLC25A31,0.3370165745856354,0.09944751381215469,2.3922651933701657
SLC25A4,0.3314917127071823,0.143646408839779,2.43646408839779
SLC25A5,0.23756906077348067,0.30386740331491713,2.0331491712707184
SLC25A6,0.292817679558011,0.30939226519337015,2.2044198895027622
SLC26A6,0.2541436464088398,0.2154696132596685,2.143646408839779
SLC27A1,0.5027624309392266,0.027624309392265192,2.8121546961325965
SLC27A2,0.47513812154696133,0.04419889502762431,2.751381215469613
SLC27A5,0.574585635359116,0.06629834254143646,3.1712707182320443
SLC29A1,0.6353591160220995,0.03314917127071823,3.701657458563536
SLC2A1,0.5414364640883977,0.027624309392265192,2.8066298342541436
SLC2A14,0.6077348066298343,0.06077348066298342,3.2099447513812156
SLC2A2,0.7900552486187845,0.022099447513812154,4.624309392265193
SLC2A3,0.6077348066298343,0.06077348066298342,3.2099447513812156
SLC2A5,0.5138121546961326,0.06077348066298342,2.712707182320442
SLC2A8,0.6077348066298343,0.06629834254143646,2.9226519337016574
SLC2A9,0.3425414364640884,0.14917127071823205,2.458563535911602
SLC30A1,0.6740331491712708,0.027624309392265192,3.3591160220994474
SLC30A10,0.6740331491712708,0.022099447513812154,3.425414364640884
SLC30A4,0.47513812154696133,0.03867403314917127,2.751381215469613
SLC30A5,0.2430939226519337,0.15469613259668508,2.2044198895027622
SLC30A6,0.6519337016574586,0.027624309392265192,3.138121546961326
SLC30A7,0.5027624309392266,0.0718232044198895,2.6353591160220993
SLC30A8,0.7790055248618785,0.011049723756906077,4.143646408839779
SLC30A9,0.3756906077348066,0.1270718232044199,2.5138121546961325
SLC31A1,0.585635359116022,0.06077348066298342,2.9226519337016574
SLC32A1,0.7403314917127072,0.0,3.9392265193370166
SLC35A1,0.5082872928176796,0.049723756906077346,2.74585635359116
SLC35A2,0.13812154696132597,0.4530386740331492,1.7513812154696133
SLC35A3,0.5027624309392266,0.0718232044198895,2.6408839779005526
SLC35B1,0.6353591160220995,0.027624309392265192,3.18232044198895
SLC35B2,0.6353591160220995,0.03314917127071823,3.701657458563536
SLC35B4,0.49171270718232046,0.09944751381215469,2.8121546961325965
SLC35C1,0.5248618784530387,0.06077348066298342,2.9337016574585637
SLC35C2,0.7513812154696132,0.0055248618784530384,3.955801104972376
SLC35E3,0.6022099447513812,0.027624309392265192,3.4419889502762433
SLC35G5,0.47513812154696133,0.14917127071823205,4.497237569060774
SLC38A9,0.2596685082872928,0.13812154696132597,2.2596685082872927
SLC39A1,0.7071823204419889,0.011049723756906077,3.4419889502762433
SLC39A10,0.6022099447513812,0.011049723756906077,3.0386740331491713
SLC39A11,0.6298342541436464,0.027624309392265192,3.0552486187845305
SLC39A13,0.5138121546961326,0.06077348066298342,2.8729281767955803
SLC39A14,0.430939226519337,0.16022099447513813,2.6187845303867405
SLC39A2,0.5524861878453039,0.06077348066298342,2.867403314917127
SLC39A4,0.7679558011049724,0.022099447513812154,3.9226519337016574
SLC39A5,0.585635359116022,0.049723756906077346,2.8784530386740332
SLC39A6,0.3756906077348066,0.23756906077348067,2.4861878453038675
SLC39A7,0.5966850828729282,0.04419889502762431,2.9889502762430937
SLC39A8,0.3259668508287293,0.11602209944751381,2.3756906077348066
SLC39A9,0.580110497237569,0.055248618784530384,2.845303867403315
SLC3A1,0.6574585635359116,0.011049723756906077,3.143646408839779
SLC3A2,0.574585635359116,0.04419889502762431,2.983425414364641
SLC40A1,0.6077348066298343,0.011049723756906077,3.088397790055249
SLC44A2,0.48066298342541436,0.049723756906077346,2.707182320441989
SLC45A2,0.6408839779005525,0.027624309392265192,3.701657458563536
SLC47A1,0.36464088397790057,0.12154696132596685,2.56353591160221
SLC4A1,0.6132596685082873,0.03314917127071823,3.0773480662983426
SLC4A4,0.3756906077348066,0.09392265193370165,2.552486187845304
SLC4A7,0.3149171270718232,0.1878453038674033,2.303867403314917
SLC51A,0.7845303867403315,0.03314917127071823,4.298342541436464
SLC51B,0.4861878453038674,0.04419889502762431,2.7569060773480665
SLC5A1,0.4530386740331492,0.06629834254143646,2.679558011049724
SLC5A2,0.5524861878453039,0.06629834254143646,2.889502762430939
SLC5A4,0.44751381215469616,0.07734806629834254,2.6629834254143647
SLC5A6,0.6629834254143646,0.03314917127071823,3.1270718232044197
SLC5A7,0.6685082872928176,0.016574585635359115,3.25414364640884
SLC5A8,0.574585635359116,0.055248618784530384,2.8121546961325965
SLC6A1,0.30386740331491713,0.19337016574585636,2.287292817679558
SLC6A17,0.5082872928176796,0.09392265193370165,2.657458563535912
SLC6A3,0.6740331491712708,0.03314917127071823,3.9613259668508287
SLC6A4,0.6298342541436464,0.03867403314917127,3.0607734806629834
SLC6A9,0.5359116022099447,0.027624309392265192,2.7900552486187844
SLC7A10,0.580110497237569,0.03867403314917127,3.138121546961326
SLC7A11,0.35359116022099446,0.09392265193370165,2.4751381215469612
SLC7A5,0.49171270718232046,0.06629834254143646,2.729281767955801
SLC7A6,0.5303867403314917,0.06629834254143646,3.005524861878453
SLC7A7,0.5359116022099447,0.049723756906077346,2.867403314917127
SLC7A8,0.5524861878453039,0.04419889502762431,2.9337016574585637
SLC7A9,0.585635359116022,0.03867403314917127,3.143646408839779
SLC8A1,0.6519337016574586,0.016574585635359115,3.132596685082873
SLC8A2,0.5580110497237569,0.04419889502762431,2.9281767955801103
SLC8A3,0.574585635359116,0.06077348066298342,2.8287292817679557
SLC9A1,0.430939226519337,0.07734806629834254,2.5248618784530388
SLC9A2,0.6740331491712708,0.011049723756906077,3.298342541436464
SLC9A3,0.6685082872928176,0.03867403314917127,3.9668508287292816
SLC9A5,0.5248618784530387,0.06077348066298342,2.861878453038674
SLCO1A2,0.6243093922651933,0.06629834254143646,3.43646408839779
SLCO1B1,0.6243093922651933,0.06629834254143646,3.43646408839779
SLCO1C1,0.6243093922651933,0.0718232044198895,3.3646408839779007
SLCO4C1,0.287292817679558,0.11049723756906077,2.320441988950276
SLF1,0.27071823204419887,0.11602209944751381,2.287292817679558
SLIRP,0.585635359116022,0.049723756906077346,2.883977900552486
SLIT1,0.4696132596685083,0.08839779005524862,2.5580110497237567
SLIT2,0.30939226519337015,0.16574585635359115,2.3480662983425415
SLIT3,0.3812154696132597,0.07734806629834254,2.4751381215469612
SLITRK1,0.5027624309392266,0.09392265193370165,2.7845303867403315
SLITRK5,0.5027624309392266,0.09392265193370165,2.8121546961325965
SLK,0.4861878453038674,0.08287292817679558,2.657458563535912
SLMAP,0.24861878453038674,0.2265193370165746,2.1215469613259668
SLN,0.4088397790055249,0.1270718232044199,2.546961325966851
SLPI,0.7513812154696132,0.0,4.033149171270718
SLTM,0.4861878453038674,0.049723756906077346,2.7624309392265194
SLU7,0.3756906077348066,0.07734806629834254,2.425414364640884
SLURP1,0.7790055248618785,0.022099447513812154,3.955801104972376
SLX4,0.47513812154696133,0.09392265193370165,2.657458563535912
SMAD1,0.35911602209944754,0.08287292817679558,2.569060773480663
SMAD2,0.32044198895027626,0.26519337016574585,2.3701657458563536
SMAD3,0.5027624309392266,0.04419889502762431,2.7955801104972378
SMAD4,0.2983425414364641,0.30386740331491713,2.1270718232044197
SMAD5,0.3149171270718232,0.09392265193370165,2.3480662983425415
SMAD6,0.4972375690607735,0.04419889502762431,2.7845303867403315
SMAD7,0.3259668508287293,0.27071823204419887,2.4696132596685083
SMAD9,0.48066298342541436,0.09944751381215469,2.7900552486187844
SMAP1,0.5469613259668509,0.055248618784530384,2.856353591160221
SMAP2,0.5359116022099447,0.027624309392265192,3.0552486187845305
SMARCA1,0.2430939226519337,0.292817679558011,2.0497237569060776
SMARCA2,0.3149171270718232,0.20441988950276244,2.342541436464088
SMARCA4,0.4696132596685083,0.055248618784530384,2.734806629834254
SMARCA5,0.3756906077348066,0.07734806629834254,2.6464088397790055
SMARCAD1,0.3149171270718232,0.12154696132596685,2.342541436464088
SMARCAL1,0.5248618784530387,0.055248618784530384,2.7900552486187844
SMARCB1,0.47513812154696133,0.0718232044198895,2.685082872928177
SMARCC1,0.26519337016574585,0.19889502762430938,2.18232044198895
SMARCC2,0.585635359116022,0.04419889502762431,2.883977900552486
SMARCD1,0.569060773480663,0.055248618784530384,2.834254143646409
SMARCD2,0.6685082872928176,0.03314917127071823,3.248618784530387
SMARCD3,0.4696132596685083,0.1270718232044199,2.773480662983425
SMARCE1,0.6574585635359116,0.022099447513812154,4.265193370165746
SMC1A,0.16022099447513813,0.430939226519337,1.8011049723756907
SMC1B,0.4530386740331492,0.0718232044198895,2.6740331491712706
SMC2,0.5966850828729282,0.06077348066298342,2.9337016574585637
SMC3,0.48066298342541436,0.08287292817679558,2.613259668508287
SMC4,0.7624309392265194,0.022099447513812154,4.237569060773481
SMC5,0.5469613259668509,0.06629834254143646,2.845303867403315
SMC6,0.6574585635359116,0.04419889502762431,3.088397790055249
SMCHD1,0.580110497237569,0.08287292817679558,3.270718232044199
SMDT1,0.4530386740331492,0.06077348066298342,2.701657458563536
SMG1,0.5193370165745856,0.08287292817679558,2.8784530386740332
SMG5,0.7016574585635359,0.011049723756906077,3.4198895027624308
SMG6,0.39226519337016574,0.09944751381215469,2.5303867403314917
SMG7,0.6795580110497238,0.027624309392265192,3.3701657458563536
SMG9,0.5580110497237569,0.04419889502762431,2.9281767955801103
SMN1,0.2541436464088398,0.15469613259668508,2.226519337016575
SMN2,0.2541436464088398,0.15469613259668508,2.226519337016575
SMNDC1,0.48066298342541436,0.07734806629834254,2.6187845303867405
SMO,0.5027624309392266,0.09392265193370165,2.8287292817679557
SMOX,0.6795580110497238,0.06629834254143646,3.4419889502762433
SMPD1,0.4088397790055249,0.08839779005524862,2.6243093922651934
SMPD2,0.4972375690607735,0.06077348066298342,2.7624309392265194
SMPD3,0.5303867403314917,0.06629834254143646,3.005524861878453
SMPD4,0.6077348066298343,0.049723756906077346,3.027624309392265
SMPDL3A,0.5248618784530387,0.04419889502762431,2.9447513812154695
SMS,0.1712707182320442,0.4530386740331492,1.8066298342541436
SMTN,0.44751381215469616,0.06629834254143646,2.6629834254143647
SMTNL1,0.574585635359116,0.049723756906077346,2.9502762430939224
SMU1,0.4143646408839779,0.13812154696132597,2.6685082872928176
SMUG1,0.574585635359116,0.03867403314917127,2.850828729281768
SMURF1,0.712707182320442,0.016574585635359115,4.143646408839779
SMURF2,0.6574585635359116,0.03314917127071823,3.2209944751381214
SMYD1,0.6574585635359116,0.011049723756906077,3.1712707182320443
SMYD2,0.6685082872928176,0.027624309392265192,3.3535911602209945
SMYD3,0.6795580110497238,0.04419889502762431,3.458563535911602
SNAI1,0.7790055248618785,0.011049723756906077,4.0497237569060776
SNAI2,0.6961325966850829,0.0055248618784530384,3.4972375690607733
SNAI3,0.4861878453038674,0.06629834254143646,2.74585635359116
SNAP23,0.4530386740331492,0.055248618784530384,2.712707182320442
SNAP25,0.6906077348066298,0.055248618784530384,3.4696132596685083
SNAP29,0.4696132596685083,0.06629834254143646,2.773480662983425
SNAP47,0.6740331491712708,0.027624309392265192,3.403314917127072
SNAP91,0.5193370165745856,0.055248618784530384,2.773480662983425
SNAPC1,0.574585635359116,0.049723756906077346,2.867403314917127
SNAPC2,0.40331491712707185,0.0718232044198895,2.546961325966851
SNAPC3,0.3259668508287293,0.19337016574585636,2.408839779005525
SNAPC4,0.6132596685082873,0.06077348066298342,2.983425414364641
SNAPC5,0.49171270718232046,0.04419889502762431,2.773480662983425
SNAPIN,0.712707182320442,0.011049723756906077,3.4696132596685083
SNCA,0.3149171270718232,0.11602209944751381,2.447513812154696
SNCAIP,0.292817679558011,0.10497237569060773,2.314917127071823
SNCB,0.3812154696132597,0.06629834254143646,2.5248618784530388
SND1,0.5027624309392266,0.09392265193370165,2.81767955801105
SNF8,0.6243093922651933,0.03314917127071823,3.0828729281767955
SNIP1,0.5303867403314917,0.03314917127071823,2.8066298342541436
SNRNP200,0.6850828729281768,0.0055248618784530384,3.2044198895027622
SNRNP35,0.56353591160221,0.04419889502762431,2.861878453038674
SNRNP40,0.4861878453038674,0.049723756906077346,2.685082872928177
SNRNP48,0.4972375690607735,0.1270718232044199,2.6740331491712706
SNRNP70,0.5580110497237569,0.049723756906077346,2.9337016574585637
SNRPA,0.5524861878453039,0.03867403314917127,2.911602209944751
SNRPA1,0.569060773480663,0.027624309392265192,3.005524861878453
SNRPB,0.6850828729281768,0.06629834254143646,3.447513812154696
SNRPB2,0.6795580110497238,0.06077348066298342,3.447513812154696
SNRPC,0.6077348066298343,0.049723756906077346,3.022222222222222
SNRPD1,0.569060773480663,0.055248618784530384,3.3314917127071824
SNRPD2,0.569060773480663,0.04419889502762431,2.9613259668508287
SNRPD3,0.47513812154696133,0.0718232044198895,2.679558011049724
SNRPE,0.6629834254143646,0.027624309392265192,3.298342541436464
SNRPF,0.5524861878453039,0.049723756906077346,2.8011049723756907
SNRPG,0.6740331491712708,0.0055248618784530384,3.226519337016575
SNRPN,0.5082872928176796,0.06077348066298342,2.850828729281768
SNTA1,0.7679558011049724,0.0,3.9502762430939224
SNTB1,0.7845303867403315,0.011049723756906077,4.281767955801105
SNTB2,0.5193370165745856,0.0718232044198895,2.867403314917127
SNTG2,0.6408839779005525,0.049723756906077346,3.0662983425414363
SNU13,0.4530386740331492,0.055248618784530384,2.6906077348066297
SNUPN,0.5138121546961326,0.03867403314917127,2.8011049723756907
SNURF,0.5082872928176796,0.06077348066298342,2.850828729281768
SNW1,0.585635359116022,0.049723756906077346,2.883977900552486
SNX1,0.4861878453038674,0.04419889502762431,2.7569060773480665
SNX11,0.6243093922651933,0.03314917127071823,3.0773480662983426
SNX12,0.22099447513812154,0.3259668508287293,2.0
SNX17,0.6629834254143646,0.03314917127071823,3.1270718232044197
SNX18,0.281767955801105,0.13812154696132597,2.3093922651933703
SNX2,0.292817679558011,0.11049723756906077,2.303867403314917
SNX20,0.5082872928176796,0.055248618784530384,2.8011049723756907
SNX24,0.292817679558011,0.10497237569060773,2.303867403314917
SNX27,0.7182320441988951,0.0055248618784530384,3.5359116022099446
SNX3,0.5082872928176796,0.06077348066298342,2.7624309392265194
SNX4,0.6629834254143646,0.049723756906077346,3.4751381215469612
SNX5,0.6795580110497238,0.049723756906077346,3.4917127071823204
SNX6,0.56353591160221,0.049723756906077346,3.0110497237569063
SNX7,0.4972375690607735,0.06629834254143646,2.6519337016574585
SNX8,0.7292817679558011,0.022099447513812154,3.861878453038674
SNX9,0.5303867403314917,0.06077348066298342,2.8287292817679557
SOAT1,0.6740331491712708,0.03314917127071823,3.3646408839779007
SOAT2,0.569060773480663,0.049723756906077346,2.8232044198895028
SOCS1,0.5138121546961326,0.07734806629834254,2.834254143646409
SOCS2,0.5524861878453039,0.055248618784530384,2.7845303867403315
SOCS3,0.6298342541436464,0.027624309392265192,3.088397790055249
SOCS6,0.34806629834254144,0.2596685082872928,2.298342541436464
SOD1,0.3149171270718232,0.1270718232044199,2.3591160220994474
SOD2,0.5248618784530387,0.06077348066298342,2.8232044198895028
SOD3,0.3259668508287293,0.15469613259668508,2.414364640883978
SOHLH1,0.6022099447513812,0.06077348066298342,2.9392265193370166
SOHLH2,0.47513812154696133,0.10497237569060773,2.7569060773480665
SON,0.35359116022099446,0.09392265193370165,2.43646408839779
SORBS1,0.4696132596685083,0.08287292817679558,2.5801104972375692
SORBS3,0.430939226519337,0.16574585635359115,2.613259668508287
SORD,0.4696132596685083,0.049723756906077346,2.734806629834254
SORL1,0.40331491712707185,0.11602209944751381,2.569060773480663
SORT1,0.5027624309392266,0.08839779005524862,2.657458563535912
SOS2,0.6077348066298343,0.049723756906077346,2.972375690607735
SOST,0.6298342541436464,0.03314917127071823,3.0828729281767955
SOSTDC1,0.7348066298342542,0.022099447513812154,3.9005524861878453
SOX1,0.5469613259668509,0.08839779005524862,2.983425414364641
SOX10,0.4530386740331492,0.06629834254143646,2.657458563535912
SOX13,0.6685082872928176,0.022099447513812154,3.3093922651933703
SOX17,0.7016574585635359,0.0055248618784530384,3.5248618784530388
SOX2,0.7790055248618785,0.027624309392265192,4.524861878453039
SOX3,0.27624309392265195,0.281767955801105,2.110497237569061
SOX4,0.5193370165745856,0.0718232044198895,2.9668508287292816
SOX5,0.6243093922651933,0.0718232044198895,3.6519337016574585
SOX6,0.43646408839779005,0.08287292817679558,2.6906077348066297
SOX9,0.6408839779005525,0.022099447513812154,3.2209944751381214
SP1,0.569060773480663,0.049723756906077346,2.81767955801105
SP100,0.5303867403314917,0.055248618784530384,2.7679558011049723
SP110,0.5303867403314917,0.055248618784530384,2.7679558011049723
SP3,0.6243093922651933,0.016574585635359115,3.2320441988950277
SP7,0.569060773480663,0.049723756906077346,2.81767955801105
SPA17,0.40331491712707185,0.1270718232044199,2.546961325966851
SPACA4,0.5580110497237569,0.049723756906077346,2.9281767955801103
SPAG1,0.7624309392265194,0.0055248618784530384,4.110497237569061
SPAG16,0.5193370165745856,0.06077348066298342,2.7790055248618786
SPAG17,0.5138121546961326,0.09944751381215469,2.8232044198895028
SPAG4,0.7458563535911602,0.0,4.033149171270718
SPAG5,0.6187845303867403,0.03314917127071823,3.110497237569061
SPAG6,0.574585635359116,0.06077348066298342,2.9226519337016574
SPAG7,0.3867403314917127,0.09392265193370165,2.5248618784530388
SPAG9,0.6353591160220995,0.03314917127071823,3.2375690607734806
SPARC,0.36464088397790057,0.08287292817679558,2.408839779005525
SPARCL1,0.3425414364640884,0.11602209944751381,2.430939226519337
SPART,0.47513812154696133,0.10497237569060773,2.7624309392265194
SPATA13,0.44751381215469616,0.08839779005524862,2.8066298342541436
SPATA2,0.7734806629834254,0.011049723756906077,4.027624309392265
SPATC1,0.7734806629834254,0.022099447513812154,3.9281767955801103
SPC24,0.48066298342541436,0.04419889502762431,2.7624309392265194
SPC25,0.6022099447513812,0.022099447513812154,3.0828729281767955
SPCS1,0.2541436464088398,0.2265193370165746,2.149171270718232
SPCS2,0.5193370165745856,0.06077348066298342,3.3535911602209945
SPCS3,0.32044198895027626,0.14917127071823205,2.4198895027624308
SPDL1,0.3812154696132597,0.07734806629834254,2.4751381215469612
SPDYA,0.6574585635359116,0.03314917127071823,3.1215469613259668
SPECC1,0.35911602209944754,0.13259668508287292,2.5027624309392267
SPEN,0.5082872928176796,0.049723756906077346,2.718232044198895
SPG11,0.46408839779005523,0.049723756906077346,2.723756906077348
SPG7,0.49171270718232046,0.0718232044198895,2.7624309392265194
SPHK1,0.6243093922651933,0.022099447513812154,3.0662983425414363
SPHK2,0.5580110497237569,0.049723756906077346,2.9281767955801103
SPHKAP,0.5414364640883977,0.055248618784530384,2.7790055248618786
SPI1,0.5138121546961326,0.06077348066298342,2.8729281767955803
SPIB,0.5580110497237569,0.049723756906077346,2.9447513812154695
SPIC,0.574585635359116,0.055248618784530384,2.8121546961325965
SPICE1,0.6574585635359116,0.04419889502762431,3.447513812154696
SPIN1,0.5524861878453039,0.06077348066298342,2.883977900552486
SPINK1,0.35359116022099446,0.08839779005524862,2.3812154696132595
SPINK2,0.39779005524861877,0.09944751381215469,2.6077348066298343
SPINK5,0.35359116022099446,0.08839779005524862,2.3812154696132595
SPINK6,0.35359116022099446,0.08839779005524862,2.3812154696132595
SPINK9,0.35359116022099446,0.08839779005524862,2.3812154696132595
SPINT1,0.4530386740331492,0.06629834254143646,2.707182320441989
SPINT2,0.5580110497237569,0.03314917127071823,3.088397790055249
SPIRE1,0.5469613259668509,0.07734806629834254,2.9889502762430937
SPIRE2,0.49171270718232046,0.0718232044198895,2.7790055248618786
SPN,0.5414364640883977,0.0718232044198895,2.889502762430939
SPNS1,0.5359116022099447,0.0718232044198895,2.883977900552486
SPNS3,0.39779005524861877,0.09392265193370165,2.5801104972375692
SPO11,0.7458563535911602,0.011049723756906077,4.005524861878453
SPOCK3,0.3425414364640884,0.11602209944751381,2.5248618784530388
SPON1,0.4419889502762431,0.0718232044198895,2.718232044198895
SPOP,0.6353591160220995,0.027624309392265192,3.165745856353591
SPOPL,0.574585635359116,0.04419889502762431,3.005524861878453
SPP1,0.3370165745856354,0.12154696132596685,2.425414364640884
SPP2,0.5138121546961326,0.06077348066298342,2.7569060773480665
SPPL2A,0.47513812154696133,0.04419889502762431,2.7569060773480665
SPPL2B,0.3867403314917127,0.07734806629834254,2.5248618784530388
SPPL3,0.569060773480663,0.04419889502762431,2.861878453038674
SPR,0.6574585635359116,0.0055248618784530384,3.1933701657458564
SPRED1,0.4530386740331492,0.06077348066298342,2.712707182320442
SPRED2,0.6740331491712708,0.0055248618784530384,3.226519337016575
SPRED3,0.5580110497237569,0.03314917127071823,3.0386740331491713
SPRR1A,0.7071823204419889,0.0055248618784530384,3.4751381215469612
SPRR1B,0.712707182320442,0.0055248618784530384,3.4861878453038675
SPRR2A,0.712707182320442,0.0055248618784530384,3.4861878453038675
SPRR2E,0.712707182320442,0.0055248618784530384,3.4861878453038675
SPRR2G,0.712707182320442,0.0055248618784530384,3.4861878453038675
SPRR3,0.7071823204419889,0.0055248618784530384,3.4751381215469612
SPRTN,0.6795580110497238,0.016574585635359115,3.5027624309392267
SPRY1,0.32044198895027626,0.10497237569060773,2.3646408839779007
SPRY2,0.5027624309392266,0.09944751381215469,2.773480662983425
SPRY3,0.26519337016574585,0.34806629834254144,2.0552486187845305
SPRY4,0.3259668508287293,0.08839779005524862,2.3591160220994474
SPSB1,0.5138121546961326,0.06077348066298342,2.696132596685083
SPSB4,0.712707182320442,0.027624309392265192,3.7845303867403315
SPTAN1,0.6077348066298343,0.06629834254143646,2.9226519337016574
SPTBN1,0.6795580110497238,0.011049723756906077,3.1878453038674035
SPTBN2,0.6298342541436464,0.022099447513812154,3.2154696132596685
SPTBN4,0.5580110497237569,0.03867403314917127,2.9171270718232045
SPTBN5,0.4530386740331492,0.055248618784530384,2.712707182320442
SPTLC1,0.5580110497237569,0.06077348066298342,2.9005524861878453
SPTLC2,0.585635359116022,0.049723756906077346,2.883977900552486
SPTLC3,0.6795580110497238,0.06077348066298342,3.453038674033149
SPTSSA,0.56353591160221,0.049723756906077346,3.0110497237569063
SPTSSB,0.7624309392265194,0.022099447513812154,4.2430939226519335
SQLE,0.8176795580110497,0.0055248618784530384,4.773480662983426
SQOR,0.47513812154696133,0.04419889502762431,2.74585635359116
SQSTM1,0.40331491712707185,0.06629834254143646,2.6353591160220993
SRA1,0.3370165745856354,0.08287292817679558,2.408839779005525
SRC,0.7458563535911602,0.0,4.016574585635359
SRCAP,0.5524861878453039,0.06629834254143646,2.911602209944751
SRCIN1,0.6353591160220995,0.03314917127071823,3.3591160220994474
SRD5A2,0.6519337016574586,0.027624309392265192,3.1270718232044197
SRD5A3,0.4088397790055249,0.10497237569060773,2.613259668508287
SREBF1,0.3701657458563536,0.11602209944751381,2.5359116022099446
SREBF2,0.44751381215469616,0.06077348066298342,2.679558011049724
SREK1,0.23756906077348067,0.15469613259668508,2.1878453038674035
SRF,0.6408839779005525,0.027624309392265192,3.6740331491712706
SRGAP1,0.5966850828729282,0.027624309392265192,2.983425414364641
SRGAP2,0.6629834254143646,0.027624309392265192,3.3314917127071824
SRGAP3,0.3370165745856354,0.17679558011049723,2.386740331491713
SRGN,0.4972375690607735,0.06629834254143646,2.734806629834254
SRI,0.7071823204419889,0.022099447513812154,4.104972375690608
SRL,0.4861878453038674,0.08839779005524862,2.6906077348066297
SRM,0.5248618784530387,0.055248618784530384,2.861878453038674
SRP14,0.4530386740331492,0.06077348066298342,2.707182320441989
SRP19,0.2983425414364641,0.11602209944751381,2.320441988950276
SRP54,0.569060773480663,0.04419889502762431,3.0607734806629834
SRP68,0.6243093922651933,0.022099447513812154,3.0552486187845305
SRP9,0.6740331491712708,0.022099447513812154,3.4419889502762433
SRPK1,0.5911602209944752,0.049723756906077346,2.994475138121547
SRPK2,0.6629834254143646,0.03867403314917127,3.6519337016574585
SRPRA,0.4143646408839779,0.13259668508287292,2.7900552486187844
SRPRB,0.6850828729281768,0.03314917127071823,3.6298342541436464
SRPX2,0.23756906077348067,0.30386740331491713,2.0497237569060776
SRR,0.3867403314917127,0.09392265193370165,2.5303867403314917
SRRM1,0.4585635359116022,0.055248618784530384,2.6685082872928176
SRRM2,0.4972375690607735,0.09944751381215469,2.701657458563536
SRRM4,0.569060773480663,0.03867403314917127,2.845303867403315
SRRT,0.6850828729281768,0.03314917127071823,3.9281767955801103
SRSF1,0.6077348066298343,0.03867403314917127,3.016574585635359
SRSF10,0.4530386740331492,0.055248618784530384,2.6519337016574585
SRSF11,0.4861878453038674,0.055248618784530384,2.613259668508287
SRSF12,0.5193370165745856,0.055248618784530384,2.7679558011049723
SRSF2,0.6187845303867403,0.022099447513812154,3.0662983425414363
SRSF3,0.6022099447513812,0.03867403314917127,3.0662983425414363
SRSF4,0.47513812154696133,0.06077348066298342,2.6408839779005526
SRSF5,0.580110497237569,0.055248618784530384,2.839779005524862
SRSF6,0.7513812154696132,0.0055248618784530384,3.9889502762430937
SRSF7,0.6574585635359116,0.016574585635359115,3.154696132596685
SRSF8,0.4696132596685083,0.08839779005524862,2.723756906077348
SRSF9,0.569060773480663,0.03867403314917127,2.889502762430939
SRXN1,0.6906077348066298,0.055248618784530384,3.4806629834254146
SS18,0.4419889502762431,0.1712707182320442,2.8287292817679557
SS18L1,0.7569060773480663,0.011049723756906077,3.977900552486188
SSB,0.5966850828729282,0.022099447513812154,3.0773480662983426
SSBP1,0.4972375690607735,0.09944751381215469,2.845303867403315
SSBP2,0.2596685082872928,0.143646408839779,2.2375690607734806
SSBP4,0.49171270718232046,0.03314917127071823,2.8066298342541436
SSH1,0.580110497237569,0.03867403314917127,2.867403314917127
SSH2,0.6243093922651933,0.04419889502762431,3.044198895027624
SSH3,0.6519337016574586,0.016574585635359115,3.3093922651933703
SSNA1,0.6077348066298343,0.055248618784530384,3.0
SSPN,0.6353591160220995,0.055248618784530384,4.298342541436464
SSR1,0.4972375690607735,0.1270718232044199,2.685082872928177
SSR2,0.7016574585635359,0.016574585635359115,3.414364640883978
SSR3,0.7458563535911602,0.03314917127071823,4.149171270718232
SSR4,0.2596685082872928,0.281767955801105,2.110497237569061
SSRP1,0.580110497237569,0.04419889502762431,2.983425414364641
SSTR1,0.574585635359116,0.04419889502762431,3.298342541436464
SSTR2,0.6298342541436464,0.022099447513812154,3.0773480662983426
SSTR3,0.44751381215469616,0.0718232044198895,2.6408839779005526
SSTR5,0.4861878453038674,0.11049723756906077,2.6629834254143647
SSU72,0.5303867403314917,0.049723756906077346,2.845303867403315
SSX1,0.143646408839779,0.4530386740331492,1.7569060773480663
SSX2,0.15469613259668508,0.430939226519337,1.7955801104972375
SSX2B,0.15469613259668508,0.430939226519337,1.7955801104972375
SSX2IP,0.4972375690607735,0.06629834254143646,2.6022099447513813
SSX3,0.143646408839779,0.4530386740331492,1.7569060773480663
SSX7,0.15469613259668508,0.430939226519337,1.7955801104972375
ST13,0.44751381215469616,0.06077348066298342,2.6629834254143647
ST14,0.4143646408839779,0.11602209944751381,2.6464088397790055
ST3GAL1,0.8066298342541437,0.022099447513812154,4.342541436464089
ST3GAL2,0.5193370165745856,0.06077348066298342,2.8287292817679557
ST3GAL3,0.5303867403314917,0.03314917127071823,2.7790055248618786
ST3GAL4,0.4143646408839779,0.12154696132596685,2.7845303867403315
ST3GAL5,0.6685082872928176,0.0055248618784530384,3.1933701657458564
ST3GAL6,0.6519337016574586,0.04419889502762431,3.3977900552486187
ST6GAL1,0.7679558011049724,0.027624309392265192,4.303867403314917
ST6GAL2,0.6685082872928176,0.016574585635359115,3.287292817679558
ST6GALNAC1,0.6243093922651933,0.022099447513812154,3.0773480662983426
ST6GALNAC2,0.6243093922651933,0.022099447513812154,3.0773480662983426
ST6GALNAC3,0.48066298342541436,0.06629834254143646,2.6022099447513813
ST6GALNAC4,0.6132596685082873,0.06629834254143646,2.9281767955801103
ST6GALNAC5,0.48066298342541436,0.06077348066298342,2.6022099447513813
ST8SIA1,0.6298342541436464,0.06629834254143646,3.4751381215469612
ST8SIA2,0.574585635359116,0.022099447513812154,3.0607734806629834
ST8SIA4,0.287292817679558,0.11049723756906077,2.3314917127071824
ST8SIA5,0.3314917127071823,0.2596685082872928,2.447513812154696
STAB1,0.24861878453038674,0.2265193370165746,2.138121546961326
STAB2,0.569060773480663,0.049723756906077346,2.8066298342541436
STAC,0.30386740331491713,0.1878453038674033,2.25414364640884
STAG1,0.7016574585635359,0.03314917127071823,3.734806629834254
STAG2,0.2430939226519337,0.30386740331491713,2.0386740331491713
STAG3,0.6906077348066298,0.03314917127071823,3.9889502762430937
STAM,0.5524861878453039,0.06629834254143646,2.883977900552486
STAM2,0.5966850828729282,0.027624309392265192,3.0386740331491713
STAMBP,0.6574585635359116,0.0055248618784530384,3.1933701657458564
STAP1,0.40331491712707185,0.07734806629834254,2.6022099447513813
STAP2,0.4198895027624309,0.0718232044198895,2.6077348066298343
STAR,0.574585635359116,0.11049723756906077,3.3591160220994474
STARD13,0.4861878453038674,0.08287292817679558,2.9502762430939224
STARD3,0.6740331491712708,0.027624309392265192,5.994475138121547
STARD3NL,0.7237569060773481,0.022099447513812154,3.74585635359116
STARD8,0.2154696132596685,0.3314917127071823,2.044198895027624
STAT1,0.6022099447513812,0.011049723756906077,3.1049723756906076
STAT2,0.585635359116022,0.049723756906077346,2.8784530386740332
STAT3,0.6243093922651933,0.03867403314917127,3.0994475138121547
STAT4,0.6022099447513812,0.011049723756906077,3.1049723756906076
STAT5A,0.6243093922651933,0.03867403314917127,3.0994475138121547
STAT5B,0.6243093922651933,0.04419889502762431,3.1049723756906076
STAT6,0.580110497237569,0.049723756906077346,2.8950276243093924
STATH,0.39779005524861877,0.08839779005524862,2.596685082872928
STAU1,0.7679558011049724,0.0,3.9889502762430937
STBD1,0.39779005524861877,0.09392265193370165,2.7790055248618786
STC2,0.3756906077348066,0.0718232044198895,2.4751381215469612
STEAP3,0.6408839779005525,0.027624309392265192,3.342541436464088
STH,0.6187845303867403,0.03867403314917127,3.0773480662983426
STIL,0.5248618784530387,0.027624309392265192,2.707182320441989
STIM1,0.4143646408839779,0.09392265193370165,2.613259668508287
STIM2,0.3259668508287293,0.15469613259668508,2.3977900552486187
STIP1,0.580110497237569,0.04419889502762431,2.9502762430939224
STK10,0.3756906077348066,0.0718232044198895,2.4751381215469612
STK11,0.3701657458563536,0.07734806629834254,2.4972375690607733
STK24,0.5138121546961326,0.08839779005524862,2.845303867403315
STK25,0.5027624309392266,0.06629834254143646,2.751381215469613
STK26,0.24861878453038674,0.287292817679558,2.0607734806629834
STK3,0.7403314917127072,0.0055248618784530384,3.9447513812154695
STK35,0.6850828729281768,0.06629834254143646,3.453038674033149
STK36,0.5248618784530387,0.049723756906077346,2.7955801104972378
STK38,0.6022099447513812,0.03867403314917127,3.0662983425414363
STK38L,0.6353591160220995,0.055248618784530384,3.8232044198895028
STK39,0.6022099447513812,0.022099447513812154,3.0773480662983426
STK4,0.7513812154696132,0.0,4.044198895027624
STK40,0.5193370165745856,0.03867403314917127,2.7569060773480665
STMN1,0.4530386740331492,0.06629834254143646,2.585635359116022
STMN4,0.425414364640884,0.18232044198895028,2.6022099447513813
STN1,0.49171270718232046,0.08287292817679558,2.6629834254143647
STOM,0.5966850828729282,0.06077348066298342,2.911602209944751
STOML2,0.430939226519337,0.1270718232044199,2.729281767955801
STOML3,0.47513812154696133,0.10497237569060773,2.8121546961325965
STON1,0.6629834254143646,0.011049723756906077,3.165745856353591
STON2,0.574585635359116,0.0718232044198895,2.856353591160221
STRA6,0.5027624309392266,0.04419889502762431,2.8011049723756907
STRA8,0.49171270718232046,0.08839779005524862,2.81767955801105
STRADA,0.6629834254143646,0.03867403314917127,3.2375690607734806
STRADB,0.585635359116022,0.022099447513812154,2.9447513812154695
STRAP,0.6132596685082873,0.08287292817679558,3.2209944751381214
STRBP,0.5911602209944752,0.06077348066298342,2.9060773480662982
STRIP1,0.5082872928176796,0.09392265193370165,2.6408839779005526
STRIP2,0.5027624309392266,0.09392265193370165,2.834254143646409
STRN,0.6519337016574586,0.022099447513812154,3.1270718232044197
STRN3,0.56353591160221,0.049723756906077346,3.005524861878453
STRN4,0.5580110497237569,0.04419889502762431,2.9447513812154695
STS,0.143646408839779,0.5082872928176796,1.701657458563536
STT3A,0.4143646408839779,0.13259668508287292,2.56353591160221
STT3B,0.3149171270718232,0.1878453038674033,2.292817679558011
STUB1,0.48066298342541436,0.11602209944751381,2.657458563535912
STX10,0.4861878453038674,0.04419889502762431,2.7624309392265194
STX11,0.5414364640883977,0.049723756906077346,2.8784530386740332
STX12,0.4585635359116022,0.06629834254143646,2.591160220994475
STX16,0.7513812154696132,0.011049723756906077,3.994475138121547
STX17,0.585635359116022,0.06077348066298342,2.9171270718232045
STX18,0.3314917127071823,0.16574585635359115,2.3701657458563536
STX19,0.6464088397790055,0.04419889502762431,3.447513812154696
STX1A,0.6519337016574586,0.03314917127071823,3.447513812154696
STX1B,0.5524861878453039,0.06629834254143646,2.889502762430939
STX2,0.574585635359116,0.055248618784530384,2.867403314917127
STX3,0.56353591160221,0.04419889502762431,2.9337016574585637
STX4,0.5524861878453039,0.06629834254143646,2.889502762430939
STX5,0.569060773480663,0.03867403314917127,2.972375690607735
STX6,0.6740331491712708,0.022099447513812154,3.3591160220994474
STX7,0.5359116022099447,0.03867403314917127,2.9060773480662982
STX8,0.36464088397790057,0.09944751381215469,2.4861878453038675
STXBP1,0.6132596685082873,0.06629834254143646,2.9281767955801103
STXBP2,0.40331491712707185,0.0718232044198895,2.541436464088398
STXBP3,0.5027624309392266,0.08839779005524862,2.6298342541436464
STXBP4,0.6187845303867403,0.03867403314917127,3.0718232044198897
STXBP5,0.5580110497237569,0.049723756906077346,2.9060773480662982
STXBP5L,0.6574585635359116,0.049723756906077346,3.453038674033149
STXBP6,0.56353591160221,0.049723756906077346,2.9392265193370166
SUB1,0.6353591160220995,0.027624309392265192,3.685082872928177
SUCLG1,0.6629834254143646,0.0055248618784530384,3.165745856353591
SUCLG2,0.2596685082872928,0.2154696132596685,2.1988950276243093
SUCNR1,0.7403314917127072,0.022099447513812154,4.138121546961326
SUDS3,0.56353591160221,0.04419889502762431,2.845303867403315
SUFU,0.48066298342541436,0.08839779005524862,2.6022099447513813
SUGP1,0.4972375690607735,0.03867403314917127,2.81767955801105
SUGT1,0.49171270718232046,0.09392265193370165,2.9060773480662982
SULT1A2,0.5359116022099447,0.0718232044198895,2.883977900552486
SULT1E1,0.39779005524861877,0.08839779005524862,2.596685082872928
SULT2A1,0.56353591160221,0.04419889502762431,2.9668508287292816
SULT2B1,0.5580110497237569,0.049723756906077346,2.9281767955801103
SULT4A1,0.44751381215469616,0.06629834254143646,2.6685082872928176
SUMF1,0.2983425414364641,0.20441988950276244,2.25414364640884
SUMF2,0.7292817679558011,0.0055248618784530384,4.011049723756906
SUMO1,0.6022099447513812,0.011049723756906077,3.044198895027624
SUMO2,0.6464088397790055,0.022099447513812154,3.1933701657458564
SUMO3,0.30939226519337015,0.14917127071823205,2.3093922651933703
SUN1,0.7348066298342542,0.022099447513812154,3.867403314917127
SUN2,0.4530386740331492,0.06629834254143646,2.6408839779005526
SUOX,0.585635359116022,0.04419889502762431,2.883977900552486
SUPT16H,0.5524861878453039,0.055248618784530384,2.8729281767955803
SUPT20H,0.48066298342541436,0.09944751381215469,2.7900552486187844
SUPT3H,0.6132596685082873,0.03314917127071823,3.5801104972375692
SUPT4H1,0.6132596685082873,0.04419889502762431,3.1270718232044197
SUPT5H,0.56353591160221,0.03314917127071823,2.994475138121547
SUPT6H,0.6243093922651933,0.03314917127071823,3.116022099447514
SUPT7L,0.6574585635359116,0.03314917127071823,3.1215469613259668
SUPV3L1,0.4972375690607735,0.06629834254143646,2.734806629834254
SURF1,0.5966850828729282,0.06629834254143646,2.9171270718232045
SURF4,0.5966850828729282,0.06629834254143646,2.9171270718232045
SURF6,0.5966850828729282,0.06629834254143646,2.9171270718232045
SUV39H1,0.143646408839779,0.4530386740331492,1.7569060773480663
SUV39H2,0.5580110497237569,0.06077348066298342,2.9005524861878453
SUZ12,0.6243093922651933,0.03314917127071823,3.0497237569060776
SV2A,0.7071823204419889,0.011049723756906077,3.4696132596685083
SV2B,0.569060773480663,0.022099447513812154,3.0552486187845305
SVIL,0.569060773480663,0.04419889502762431,2.9502762430939224
SVIP,0.48066298342541436,0.055248618784530384,2.8121546961325965
SWSAP1,0.4696132596685083,0.04419889502762431,2.729281767955801
SYBU,0.7734806629834254,0.0055248618784530384,4.12707182320442
SYCE1,0.49171270718232046,0.08287292817679558,2.6740331491712706
SYCE2,0.4972375690607735,0.04419889502762431,2.7679558011049723
SYCE3,0.4530386740331492,0.08839779005524862,2.6519337016574585
SYCN,0.5580110497237569,0.03314917127071823,2.9722222222222223
SYCP1,0.49171270718232046,0.11049723756906077,2.679558011049724
SYCP2,0.7513812154696132,0.011049723756906077,3.994475138121547
SYCP3,0.569060773480663,0.055248618784530384,2.8066298342541436
SYDE1,0.5138121546961326,0.03314917127071823,2.883977900552486
SYDE2,0.4972375690607735,0.06629834254143646,2.6022099447513813
SYF2,0.46408839779005523,0.055248618784530384,2.6353591160220993
SYK,0.5524861878453039,0.06077348066298342,2.8950276243093924
SYMPK,0.569060773480663,0.04419889502762431,2.9613259668508287
SYN1,0.143646408839779,0.44751381215469616,1.7624309392265194
SYN2,0.3314917127071823,0.1878453038674033,2.3314917127071824
SYN3,0.44751381215469616,0.08287292817679558,2.657458563535912
SYNC,0.5027624309392266,0.03867403314917127,2.723756906077348
SYNCRIP,0.5193370165745856,0.049723756906077346,2.8066298342541436
SYNE1,0.5359116022099447,0.055248618784530384,2.839779005524862
SYNE2,0.574585635359116,0.049723756906077346,2.861878453038674
SYNE4,0.5911602209944752,0.03314917127071823,3.1270718232044197
SYNGAP1,0.5966850828729282,0.04419889502762431,2.9889502762430937
SYNGR1,0.44751381215469616,0.06629834254143646,2.6353591160220993
SYNGR2,0.6298342541436464,0.027624309392265192,3.0828729281767955
SYNJ1,0.3370165745856354,0.11049723756906077,2.386740331491713
SYNJ2,0.5303867403314917,0.06077348066298342,2.8287292817679557
SYNJ2BP,0.574585635359116,0.06077348066298342,2.8287292817679557
SYNM,0.574585635359116,0.027624309392265192,3.165745856353591
SYNPO,0.36464088397790057,0.08287292817679558,2.403314917127072
SYNPR,0.26519337016574585,0.22099447513812154,2.226519337016575
SYNRG,0.6298342541436464,0.04419889502762431,3.0552486187845305
SYP,0.13812154696132597,0.4530386740331492,1.7513812154696133
SYS1,0.7458563535911602,0.0055248618784530384,4.011049723756906
SYT1,0.5138121546961326,0.055248618784530384,2.734806629834254
SYT10,0.6353591160220995,0.049723756906077346,3.3480662983425415
SYT11,0.7016574585635359,0.016574585635359115,3.414364640883978
SYT12,0.6298342541436464,0.022099447513812154,3.2154696132596685
SYT2,0.6629834254143646,0.03314917127071823,3.303867403314917
SYT3,0.5580110497237569,0.049723756906077346,2.9447513812154695
SYT4,0.3314917127071823,0.2596685082872928,2.3756906077348066
SYT5,0.585635359116022,0.03314917127071823,3.0552486187845305
SYT6,0.49171270718232046,0.12154696132596685,2.6464088397790055
SYT7,0.580110497237569,0.04419889502762431,2.977900552486188
SYT9,0.4198895027624309,0.08839779005524862,2.6353591160220993
SYTL1,0.43646408839779005,0.0718232044198895,2.5359116022099446
SYTL2,0.5138121546961326,0.08287292817679558,2.8729281767955803
SYTL4,0.23756906077348067,0.30386740331491713,2.0497237569060776
SYVN1,0.5911602209944752,0.03867403314917127,3.0
SZT2,0.5414364640883977,0.027624309392265192,2.8287292817679557
TAAR1,0.5359116022099447,0.03867403314917127,2.9060773480662982
TAAR9,0.5359116022099447,0.03867403314917127,2.9060773480662982
TAB1,0.44751381215469616,0.06629834254143646,2.6353591160220993
TAB2,0.5414364640883977,0.055248618784530384,2.845303867403315
TAB3,0.16022099447513813,0.4419889502762431,1.9723756906077348
TAC1,0.7016574585635359,0.022099447513812154,4.082872928176796
TACC1,0.585635359116022,0.09944751381215469,3.3812154696132595
TACC2,0.4972375690607735,0.06629834254143646,2.723756906077348
TACC3,0.3425414364640884,0.15469613259668508,2.4751381215469612
TACO1,0.6685082872928176,0.03314917127071823,3.248618784530387
TACR1,0.6519337016574586,0.0055248618784530384,3.160220994475138
TACR2,0.4972375690607735,0.0718232044198895,2.729281767955801
TACR3,0.3314917127071823,0.11049723756906077,2.386740331491713
TADA1,0.7016574585635359,0.016574585635359115,3.4640883977900554
TADA2A,0.6243093922651933,0.049723756906077346,3.0386740331491713
TADA2B,0.3370165745856354,0.16022099447513813,2.3812154696132595
TADA3,0.3259668508287293,0.17679558011049723,2.3646408839779007
TAF1,0.22099447513812154,0.3314917127071823,2.0
TAF10,0.4143646408839779,0.08839779005524862,2.6464088397790055
TAF11,0.5966850828729282,0.055248618784530384,3.0
TAF12,0.4696132596685083,0.06629834254143646,2.613259668508287
TAF13,0.5027624309392266,0.09392265193370165,2.6187845303867405
TAF15,0.5966850828729282,0.049723756906077346,2.9613259668508287
TAF1A,0.6740331491712708,0.022099447513812154,3.414364640883978
TAF1B,0.6408839779005525,0.04419889502762431,3.116022099447514
TAF1C,0.49171270718232046,0.06629834254143646,2.729281767955801
TAF1D,0.49171270718232046,0.08839779005524862,2.845303867403315
TAF2,0.7845303867403315,0.011049723756906077,4.281767955801105
TAF3,0.5469613259668509,0.06629834254143646,2.9502762430939224
TAF4,0.7569060773480663,0.011049723756906077,3.9613259668508287
TAF4B,0.4419889502762431,0.1712707182320442,2.81767955801105
TAF5,0.4861878453038674,0.08287292817679558,2.6187845303867405
TAF5L,0.6685082872928176,0.027624309392265192,3.430939226519337
TAF6,0.6906077348066298,0.03314917127071823,3.9889502762430937
TAF6L,0.569060773480663,0.03867403314917127,2.972375690607735
TAF7,0.3314917127071823,0.08839779005524862,2.3701657458563536
TAF7L,0.23204419889502761,0.3149171270718232,2.027624309392265
TAF8,0.6298342541436464,0.03314917127071823,3.6187845303867405
TAF9,0.2430939226519337,0.15469613259668508,2.2044198895027622
TAF9B,0.20994475138121546,0.3370165745856354,1.9944751381215469
TAGAP,0.5303867403314917,0.06077348066298342,2.839779005524862
TAGLN,0.4143646408839779,0.11049723756906077,2.569060773480663
TAL1,0.5248618784530387,0.027624309392265192,2.707182320441989
TALDO1,0.39779005524861877,0.09392265193370165,2.6077348066298343
TAMM41,0.30939226519337015,0.19337016574585636,2.292817679558011
TANC1,0.5911602209944752,0.027624309392265192,3.0497237569060776
TANK,0.6022099447513812,0.027624309392265192,3.0497237569060776
TAOK1,0.6243093922651933,0.03867403314917127,3.0773480662983426
TAOK2,0.5469613259668509,0.0718232044198895,2.9005524861878453
TAOK3,0.56353591160221,0.04419889502762431,2.839779005524862
TAP1,0.5966850828729282,0.04419889502762431,3.0
TAPBP,0.5911602209944752,0.04419889502762431,2.977900552486188
TARBP2,0.574585635359116,0.049723756906077346,2.8232044198895028
TARDBP,0.5248618784530387,0.055248618784530384,2.861878453038674
TARS2,0.7071823204419889,0.0055248618784530384,3.4806629834254146
TAS1R1,0.5193370165745856,0.06077348066298342,2.7790055248618786
TAS1R2,0.4696132596685083,0.055248618784530384,2.679558011049724
TAS1R3,0.5303867403314917,0.049723756906077346,2.845303867403315
TAS2R10,0.6132596685082873,0.06629834254143646,3.1988950276243093
TAS2R19,0.6077348066298343,0.0718232044198895,3.1767955801104972
TAS2R5,0.4972375690607735,0.09944751381215469,2.845303867403315
TAS2R7,0.6132596685082873,0.06077348066298342,3.2044198895027622
TATDN1,0.8121546961325967,0.0055248618784530384,4.679558011049724
TAX1BP1,0.7071823204419889,0.03314917127071823,3.718232044198895
TAX1BP3,0.3867403314917127,0.09392265193370165,2.541436464088398
TBC1D1,0.36464088397790057,0.143646408839779,2.4640883977900554
TBC1D10A,0.4530386740331492,0.0718232044198895,2.6629834254143647
TBC1D15,0.56353591160221,0.027624309392265192,3.0773480662983426
TBC1D2,0.5966850828729282,0.06077348066298342,2.9226519337016574
TBC1D20,0.6906077348066298,0.055248618784530384,3.4861878453038675
TBC1D25,0.143646408839779,0.4530386740331492,1.7569060773480663
TBC1D31,0.8011049723756906,0.0055248618784530384,4.447513812154696
TBC1D4,0.5138121546961326,0.09392265193370165,2.8232044198895028
TBC1D7,0.5027624309392266,0.09944751381215469,2.734806629834254
TBCA,0.2596685082872928,0.14917127071823205,2.226519337016575
TBCB,0.5911602209944752,0.03314917127071823,3.1270718232044197
TBCC,0.6408839779005525,0.027624309392265192,3.696132596685083
TBCD,0.580110497237569,0.055248618784530384,2.9226519337016574
TBCE,0.6685082872928176,0.016574585635359115,3.453038674033149
TBCEL,0.40331491712707185,0.11602209944751381,2.569060773480663
TBK1,0.6022099447513812,0.022099447513812154,3.022099447513812
TBL1XR1,0.7790055248618785,0.022099447513812154,4.574585635359116
TBL3,0.49171270718232046,0.09944751381215469,2.6906077348066297
TBP,0.5469613259668509,0.049723756906077346,2.867403314917127
TBPL1,0.5469613259668509,0.04419889502762431,3.2430939226519335
TBPL2,0.585635359116022,0.04419889502762431,2.9060773480662982
TBR1,0.6022099447513812,0.027624309392265192,3.0497237569060776
TBX18,0.5248618784530387,0.055248618784530384,2.8011049723756907
TBX19,0.7016574585635359,0.016574585635359115,3.447513812154696
TBX2,0.6795580110497238,0.03314917127071823,3.281767955801105
TBX20,0.7292817679558011,0.022099447513812154,3.8232044198895028
TBX21,0.6132596685082873,0.03314917127071823,3.0497237569060776
TBX22,0.2154696132596685,0.3370165745856354,2.0
TBX3,0.56353591160221,0.04419889502762431,2.861878453038674
TBX4,0.6740331491712708,0.03314917127071823,3.276243093922652
TBX5,0.56353591160221,0.03867403314917127,2.861878453038674
TBXA2R,0.4088397790055249,0.06629834254143646,2.6077348066298343
TCAP,0.6740331491712708,0.027624309392265192,5.966850828729282
TCEA1,0.6961325966850829,0.0055248618784530384,3.541436464088398
TCEA2,0.7513812154696132,0.011049723756906077,3.9447513812154695
TCEA3,0.4585635359116022,0.049723756906077346,2.6685082872928176
TCEAL1,0.2265193370165746,0.3149171270718232,2.016574585635359
TCEAL4,0.2265193370165746,0.3149171270718232,2.022099447513812
TCEAL6,0.2265193370165746,0.3149171270718232,2.022099447513812
TCEAL7,0.2265193370165746,0.3149171270718232,2.022099447513812
TCERG1,0.3425414364640884,0.09392265193370165,2.3756906077348066
TCF12,0.4861878453038674,0.04419889502762431,2.773480662983425
TCF19,0.5966850828729282,0.03867403314917127,3.005524861878453
TCF20,0.4530386740331492,0.06077348066298342,2.701657458563536
TCF21,0.5414364640883977,0.04419889502762431,2.9005524861878453
TCF25,0.49171270718232046,0.07734806629834254,2.773480662983425
TCF3,0.3756906077348066,0.07734806629834254,2.4917127071823204
TCF4,0.30386740331491713,0.30386740331491713,2.154696132596685
TCF7,0.30939226519337015,0.09944751381215469,2.3314917127071824
TCF7L1,0.6740331491712708,0.0055248618784530384,3.1988950276243093
TCF7L2,0.49171270718232046,0.07734806629834254,2.6629834254143647
TCHH,0.712707182320442,0.0055248618784530384,3.546961325966851
TCIRG1,0.6574585635359116,0.016574585635359115,3.569060773480663
TCL1A,0.5524861878453039,0.0718232044198895,2.8232044198895028
TCP1,0.5248618784530387,0.06077348066298342,2.8232044198895028
TCP11,0.6022099447513812,0.049723756906077346,2.983425414364641
TCTN1,0.569060773480663,0.04419889502762431,2.861878453038674
TCTN2,0.56353591160221,0.04419889502762431,2.861878453038674
TCTN3,0.4696132596685083,0.08287292817679558,2.5801104972375692
TDG,0.56353591160221,0.049723756906077346,2.8011049723756907
TDO2,0.32044198895027626,0.11602209944751381,2.430939226519337
TDP1,0.5414364640883977,0.0718232044198895,2.8232044198895028
TDP2,0.5359116022099447,0.06077348066298342,2.9226519337016574
TDRD1,0.4861878453038674,0.07734806629834254,2.6464088397790055
TDRD5,0.6740331491712708,0.03314917127071823,3.3480662983425415
TDRD6,0.6022099447513812,0.03867403314917127,3.4198895027624308
TDRD7,0.585635359116022,0.06077348066298342,2.8950276243093924
TDRD9,0.5524861878453039,0.06077348066298342,2.861878453038674
TDRKH,0.7182320441988951,0.0055248618784530384,3.5359116022099446
TEAD1,0.44751381215469616,0.0718232044198895,2.723756906077348
TEAD2,0.56353591160221,0.049723756906077346,2.9392265193370166
TEAD3,0.5911602209944752,0.049723756906077346,2.972375690607735
TEAD4,0.6022099447513812,0.06629834254143646,3.2320441988950277
TEC,0.4198895027624309,0.09944751381215469,2.6243093922651934
TECPR1,0.7016574585635359,0.016574585635359115,4.093922651933702
TECR,0.49171270718232046,0.04419889502762431,2.773480662983425
TEFM,0.6298342541436464,0.03867403314917127,3.0773480662983426
TEK,0.3314917127071823,0.1878453038674033,2.43646408839779
TELO2,0.4861878453038674,0.11049723756906077,2.6685082872928176
TEN1,0.6298342541436464,0.022099447513812154,3.0662983425414363
TENT2,0.2596685082872928,0.143646408839779,2.2320441988950277
TENT4A,0.6685082872928176,0.03314917127071823,3.751381215469613
TEP1,0.5580110497237569,0.055248618784530384,2.9226519337016574
TERF1,0.7237569060773481,0.0,3.6629834254143647
TERF2,0.5248618784530387,0.06629834254143646,2.867403314917127
TERF2IP,0.49171270718232046,0.06077348066298342,2.74585635359116
TERT,0.6740331491712708,0.03314917127071823,3.9889502762430937
TES,0.5580110497237569,0.07734806629834254,3.1049723756906076
TESC,0.569060773480663,0.03867403314917127,2.861878453038674
TET1,0.4972375690607735,0.06077348066298342,2.74585635359116
TEX10,0.5911602209944752,0.06077348066298342,2.9337016574585637
TEX101,0.5580110497237569,0.049723756906077346,2.911602209944751
TEX14,0.6298342541436464,0.04419889502762431,3.138121546961326
TEX264,0.2430939226519337,0.2265193370165746,2.116022099447514
TEX35,0.6795580110497238,0.022099447513812154,3.430939226519337
TF,0.6850828729281768,0.03314917127071823,3.6298342541436464
TFAM,0.5082872928176796,0.055248618784530384,2.7790055248618786
TFAP2B,0.6187845303867403,0.027624309392265192,3.281767955801105
TFAP2C,0.7513812154696132,0.016574585635359115,4.011049723756906
TFAP2D,0.6187845303867403,0.027624309392265192,3.342541436464088
TFAP4,0.4861878453038674,0.08839779005524862,2.6906077348066297
TFB1M,0.5414364640883977,0.055248618784530384,2.850828729281768
TFB2M,0.6850828729281768,0.03314917127071823,3.5027624309392267
TFDP1,0.5469613259668509,0.08287292817679558,3.0939226519337018
TFDP2,0.7182320441988951,0.027624309392265192,3.856353591160221
TFDP3,0.2596685082872928,0.281767955801105,2.0773480662983426
TFE3,0.13812154696132597,0.4530386740331492,1.7513812154696133
TFEB,0.6353591160220995,0.03314917127071823,3.685082872928177
TFF1,0.30386740331491713,0.16022099447513813,2.298342541436464
TFG,0.6519337016574586,0.049723756906077346,3.403314917127072
TFIP11,0.4530386740331492,0.08287292817679558,2.6298342541436464
TFPI,0.6077348066298343,0.011049723756906077,3.116022099447514
TFPT,0.574585635359116,0.03867403314917127,3.0110497237569063
TFR2,0.6906077348066298,0.03314917127071823,3.977900552486188
TFRC,0.7845303867403315,0.03314917127071823,4.320441988950276
TG,0.8121546961325967,0.022099447513812154,4.1602209944751385
TGFA,0.6740331491712708,0.0055248618784530384,3.226519337016575
TGFB1,0.5469613259668509,0.04419889502762431,2.8950276243093924
TGFB1I1,0.5524861878453039,0.06629834254143646,2.889502762430939
TGFB2,0.6795580110497238,0.022099447513812154,3.430939226519337
TGFB3,0.580110497237569,0.055248618784530384,2.861878453038674
TGFBI,0.3149171270718232,0.09392265193370165,2.3480662983425415
TGFBR1,0.5911602209944752,0.06077348066298342,2.9281767955801103
TGFBR2,0.32044198895027626,0.1878453038674033,2.314917127071823
TGFBR3,0.4861878453038674,0.06629834254143646,2.585635359116022
TGFBRAP1,0.6740331491712708,0.011049723756906077,3.3370165745856353
TGIF1,0.5580110497237569,0.09392265193370165,3.4198895027624308
TGIF2,0.7458563535911602,0.0,4.0220994475138125
TGIF2LX,0.20441988950276244,0.3370165745856354,1.977900552486188
TGM1,0.5524861878453039,0.049723756906077346,2.9171270718232045
TGM2,0.7403314917127072,0.0,3.955801104972376
TGM5,0.4585635359116022,0.055248618784530384,2.734806629834254
TGOLN2,0.6685082872928176,0.0055248618784530384,3.1878453038674035
TGS1,0.7016574585635359,0.0055248618784530384,3.5193370165745854
TH,0.3867403314917127,0.10497237569060773,2.56353591160221
THAP1,0.6298342541436464,0.06077348066298342,3.7403314917127073
THAP11,0.5248618784530387,0.06629834254143646,2.9005524861878453
THAP7,0.47513812154696133,0.06629834254143646,2.7900552486187844
THBD,0.6795580110497238,0.049723756906077346,3.574585635359116
THBS1,0.4530386740331492,0.06077348066298342,2.707182320441989
THBS2,0.5524861878453039,0.055248618784530384,2.8729281767955803
THBS3,0.7016574585635359,0.016574585635359115,3.414364640883978
THBS4,0.2596685082872928,0.143646408839779,2.2320441988950277
THEM4,0.712707182320442,0.0055248618784530384,3.541436464088398
THEMIS,0.5303867403314917,0.055248618784530384,2.9005524861878453
THOC1,0.56353591160221,0.08839779005524862,3.2209944751381214
THOC2,0.24861878453038674,0.30386740331491713,2.0552486187845305
THOC3,0.3812154696132597,0.06629834254143646,2.5248618784530388
THOC5,0.44751381215469616,0.0718232044198895,2.657458563535912
THOC6,0.4972375690607735,0.09944751381215469,2.6906077348066297
THOC7,0.27071823204419887,0.2154696132596685,2.2596685082872927
THRA,0.6740331491712708,0.022099447513812154,4.0
THRAP3,0.5193370165745856,0.03867403314917127,2.7569060773480665
THRB,0.3149171270718232,0.1878453038674033,2.303867403314917
THRSP,0.5082872928176796,0.06077348066298342,2.9502762430939224
THSD7A,0.7237569060773481,0.027624309392265192,3.867403314917127
THTPA,0.5524861878453039,0.049723756906077346,2.9281767955801103
THY1,0.4088397790055249,0.11049723756906077,2.56353591160221
TIA1,0.6740331491712708,0.0055248618784530384,3.2375690607734806
TIAL1,0.49171270718232046,0.06629834254143646,2.685082872928177
TIAM1,0.32044198895027626,0.12154696132596685,2.3480662983425415
TIAM2,0.5414364640883977,0.055248618784530384,2.861878453038674
TICAM1,0.4198895027624309,0.07734806629834254,2.591160220994475
TICAM2,0.292817679558011,0.11049723756906077,2.320441988950276
TICRR,0.5580110497237569,0.022099447513812154,3.0718232044198897
TIGD3,0.5966850828729282,0.03867403314917127,3.005524861878453
TIGIT,0.6519337016574586,0.04419889502762431,3.4640883977900554
TIMELESS,0.585635359116022,0.049723756906077346,2.8784530386740332
TIMM10,0.574585635359116,0.049723756906077346,2.9502762430939224
TIMM10B,0.4143646408839779,0.08839779005524862,2.6353591160220993
TIMM13,0.39779005524861877,0.0718232044198895,2.546961325966851
TIMM17A,0.6740331491712708,0.03314917127071823,3.3093922651933703
TIMM17B,0.13812154696132597,0.4530386740331492,1.7513812154696133
TIMM21,0.34806629834254144,0.2430939226519337,2.3535911602209945
TIMM22,0.3867403314917127,0.09944751381215469,2.5359116022099446
TIMM23,0.5469613259668509,0.03867403314917127,2.955801104972376
TIMM44,0.40331491712707185,0.0718232044198895,2.546961325966851
TIMM50,0.56353591160221,0.03314917127071823,2.994475138121547
TIMM8A,0.23204419889502761,0.3149171270718232,2.027624309392265
TIMM8B,0.4143646408839779,0.12154696132596685,2.569060773480663
TIMM9,0.574585635359116,0.049723756906077346,2.867403314917127
TIMMDC1,0.6629834254143646,0.055248618784530384,3.4640883977900554
TIMP1,0.143646408839779,0.44751381215469616,1.7624309392265194
TIMP2,0.6132596685082873,0.027624309392265192,3.016574585635359
TIMP3,0.44751381215469616,0.08287292817679558,2.657458563535912
TINF2,0.5524861878453039,0.049723756906077346,2.9171270718232045
TIPIN,0.49171270718232046,0.04419889502762431,2.773480662983425
TIPRL,0.7016574585635359,0.016574585635359115,3.447513812154696
TIRAP,0.4143646408839779,0.1270718232044199,2.7955801104972378
TJAP1,0.6464088397790055,0.027624309392265192,3.718232044198895
TJP1,0.4972375690607735,0.055248618784530384,2.7955801104972378
TJP2,0.5524861878453039,0.0718232044198895,2.839779005524862
TJP3,0.4088397790055249,0.06629834254143646,2.6077348066298343
TK1,0.6298342541436464,0.027624309392265192,3.0828729281767955
TK2,0.5193370165745856,0.06077348066298342,2.867403314917127
TKFC,0.580110497237569,0.04419889502762431,3.0110497237569063
TKT,0.2596685082872928,0.22099447513812154,2.165745856353591
TKTL1,0.2541436464088398,0.287292817679558,2.0994475138121547
TKTL2,0.3425414364640884,0.12154696132596685,2.4806629834254146
TLE1,0.5469613259668509,0.0718232044198895,2.845303867403315
TLE2,0.4088397790055249,0.06629834254143646,2.574585635359116
TLE3,0.49171270718232046,0.04419889502762431,2.7790055248618786
TLE4,0.5469613259668509,0.0718232044198895,2.839779005524862
TLE6,0.4088397790055249,0.06629834254143646,2.574585635359116
TLK1,0.6132596685082873,0.022099447513812154,3.160220994475138
TLK2,0.6740331491712708,0.03314917127071823,3.270718232044199
TLL1,0.3425414364640884,0.11602209944751381,2.4972375690607733
TLL2,0.4696132596685083,0.08287292817679558,2.6022099447513813
TLN1,0.430939226519337,0.13812154696132597,2.773480662983425
TLN2,0.47513812154696133,0.049723756906077346,2.74585635359116
TLR1,0.34806629834254144,0.143646408839779,2.430939226519337
TLR10,0.34806629834254144,0.143646408839779,2.430939226519337
TLR2,0.3370165745856354,0.11602209944751381,2.4806629834254146
TLR3,0.3259668508287293,0.143646408839779,2.43646408839779
TLR4,0.585635359116022,0.06077348066298342,2.9337016574585637
TLR7,0.1712707182320442,0.4530386740331492,1.7900552486187846
TLR8,0.1712707182320442,0.4530386740331492,1.7845303867403315
TLR9,0.2430939226519337,0.2265193370165746,2.116022099447514
TM6SF2,0.4972375690607735,0.03867403314917127,2.81767955801105
TM7SF2,0.5911602209944752,0.03867403314917127,3.0
TM9SF4,0.7569060773480663,0.0055248618784530384,3.9337016574585637
TMBIM1,0.5248618784530387,0.049723756906077346,2.8011049723756907
TMC6,0.6298342541436464,0.027624309392265192,3.0828729281767955
TMC8,0.6298342541436464,0.027624309392265192,3.0828729281767955
TMCO1,0.7016574585635359,0.016574585635359115,3.458563535911602
TMED1,0.47513812154696133,0.04419889502762431,2.707182320441989
TMED10,0.585635359116022,0.055248618784530384,2.983425414364641
TMED2,0.56353591160221,0.04419889502762431,2.861878453038674
TMED3,0.5082872928176796,0.03314917127071823,2.8121546961325965
TMED4,0.712707182320442,0.022099447513812154,3.7403314917127073
TMED5,0.4861878453038674,0.06077348066298342,2.591160220994475
TMED7,0.292817679558011,0.11049723756906077,2.320441988950276
TMED9,0.39779005524861877,0.06629834254143646,2.569060773480663
TMEM11,0.35911602209944754,0.13812154696132597,2.4806629834254146
TMEM115,0.2430939226519337,0.2265193370165746,2.116022099447514
TMEM138,0.580110497237569,0.04419889502762431,3.0110497237569063
TMEM147,0.585635359116022,0.03867403314917127,3.132596685082873
TMEM17,0.6740331491712708,0.0055248618784530384,3.248618784530387
TMEM176A,0.4585635359116022,0.13259668508287292,2.7845303867403315
TMEM176B,0.4585635359116022,0.13259668508287292,2.7845303867403315
TMEM179B,0.569060773480663,0.03867403314917127,2.972375690607735
TMEM18,0.6408839779005525,0.049723756906077346,3.0662983425414363
TMEM199,0.6132596685082873,0.03314917127071823,3.0552486187845305
TMEM216,0.580110497237569,0.04419889502762431,3.0110497237569063
TMEM219,0.5469613259668509,0.0718232044198895,2.9005524861878453
TMEM231,0.4972375690607735,0.06077348066298342,2.8011049723756907
TMEM258,0.585635359116022,0.04419889502762431,2.983425414364641
TMEM30A,0.5359116022099447,0.055248618784530384,2.8011049723756907
TMEM43,0.3314917127071823,0.1878453038674033,2.3480662983425415
TMEM50A,0.4585635359116022,0.055248618784530384,2.6243093922651934
TMEM63A,0.6740331491712708,0.027624309392265192,3.4419889502762433
TMEM67,0.7513812154696132,0.0055248618784530384,3.845303867403315
TMEM86B,0.585635359116022,0.03314917127071823,3.0552486187845305
TMEM97,0.6132596685082873,0.03314917127071823,3.0552486187845305
TMF1,0.26519337016574585,0.22099447513812154,2.1988950276243093
TMLHE,0.2596685082872928,0.3259668508287293,2.0718232044198897
TMOD1,0.585635359116022,0.06077348066298342,2.8950276243093924
TMOD2,0.4696132596685083,0.049723756906077346,2.7403314917127073
TMOD3,0.4696132596685083,0.049723756906077346,2.7403314917127073
TMOD4,0.712707182320442,0.0055248618784530384,3.4640883977900554
TMPO,0.5580110497237569,0.055248618784530384,2.7900552486187844
TMPRSS2,0.2983425414364641,0.15469613259668508,2.276243093922652
TMPRSS6,0.44751381215469616,0.07734806629834254,2.6353591160220993
TMSB4X,0.1712707182320442,0.4530386740331492,1.7845303867403315
TMX1,0.6022099447513812,0.03867403314917127,2.977900552486188
TNC,0.5966850828729282,0.06077348066298342,2.9668508287292816
TNF,0.6022099447513812,0.04419889502762431,3.0
TNFAIP1,0.6132596685082873,0.03314917127071823,3.0552486187845305
TNFAIP3,0.5469613259668509,0.055248618784530384,2.9392265193370166
TNFAIP8,0.2983425414364641,0.11602209944751381,2.3259668508287294
TNFRSF10A,0.4419889502762431,0.16574585635359115,2.6298342541436464
TNFRSF10B,0.4419889502762431,0.16574585635359115,2.6298342541436464
TNFRSF10C,0.4419889502762431,0.16574585635359115,2.6298342541436464
TNFRSF10D,0.4419889502762431,0.16574585635359115,2.6298342541436464
TNFRSF11A,0.3149171270718232,0.292817679558011,2.2375690607734806
TNFRSF11B,0.7900552486187845,0.011049723756906077,4.3259668508287294
TNFRSF12A,0.4972375690607735,0.09944751381215469,2.6906077348066297
TNFRSF13B,0.36464088397790057,0.11602209944751381,2.5138121546961325
TNFRSF13C,0.44751381215469616,0.06077348066298342,2.679558011049724
TNFRSF14,0.5359116022099447,0.049723756906077346,2.839779005524862
TNFRSF17,0.5248618784530387,0.0718232044198895,2.845303867403315
TNFRSF18,0.5303867403314917,0.049723756906077346,2.845303867403315
TNFRSF1A,0.6022099447513812,0.06629834254143646,3.2596685082872927
TNFRSF1B,0.5138121546961326,0.055248618784530384,2.8287292817679557
TNFRSF21,0.6077348066298343,0.03867403314917127,3.403314917127072
TNFRSF25,0.5193370165745856,0.06077348066298342,2.7900552486187844
TNFRSF4,0.5303867403314917,0.049723756906077346,2.845303867403315
TNFRSF6B,0.7513812154696132,0.011049723756906077,3.9447513812154695
TNFRSF8,0.5138121546961326,0.055248618784530384,2.8287292817679557
TNFSF10,0.7955801104972375,0.022099447513812154,4.6353591160221
TNFSF11,0.4861878453038674,0.09944751381215469,2.850828729281768
TNFSF12,0.3812154696132597,0.09392265193370165,2.5303867403314917
TNFSF13,0.3756906077348066,0.09392265193370165,2.5277777777777777
TNFSF13B,0.5469613259668509,0.08287292817679558,2.9226519337016574
TNFSF14,0.4198895027624309,0.06629834254143646,2.569060773480663
TNFSF15,0.5966850828729282,0.06077348066298342,2.9613259668508287
TNFSF18,0.7071823204419889,0.022099447513812154,3.453038674033149
TNFSF4,0.7016574585635359,0.022099447513812154,3.4419889502762433
TNFSF8,0.5966850828729282,0.06077348066298342,2.9613259668508287
TNFSF9,0.4198895027624309,0.07734806629834254,2.5580110497237567
TNIK,0.7900552486187845,0.022099447513812154,4.6353591160221
TNIP1,0.36464088397790057,0.08287292817679558,2.403314917127072
TNIP2,0.3370165745856354,0.16022099447513813,2.3922651933701657
TNK2,0.7845303867403315,0.03314917127071823,4.320441988950276
TNKS,0.4530386740331492,0.16022099447513813,3.3646408839779007
TNKS1BP1,0.580110497237569,0.04419889502762431,2.983425414364641
TNKS2,0.46408839779005523,0.08287292817679558,2.596685082872928
TNNC1,0.24861878453038674,0.2265193370165746,2.138121546961326
TNNC2,0.7513812154696132,0.0055248618784530384,3.972375690607735
TNNI1,0.6685082872928176,0.03314917127071823,3.298342541436464
TNNI2,0.39779005524861877,0.09944751381215469,2.591160220994475
TNNI3,0.585635359116022,0.03314917127071823,3.0552486187845305
TNNI3K,0.47513812154696133,0.06629834254143646,2.596685082872928
TNNT1,0.585635359116022,0.03314917127071823,3.0552486187845305
TNNT3,0.39226519337016574,0.09944751381215469,2.569060773480663
TNP1,0.5248618784530387,0.049723756906077346,2.7955801104972378
TNP2,0.5138121546961326,0.07734806629834254,2.834254143646409
TNPO1,0.2430939226519337,0.15469613259668508,2.2044198895027622
TNPO2,0.49171270718232046,0.04419889502762431,2.7569060773480665
TNPO3,0.5027624309392266,0.09392265193370165,2.8287292817679557
TNR,0.6850828729281768,0.022099447513812154,3.3922651933701657
TNRC6A,0.5193370165745856,0.08287292817679558,2.867403314917127
TNRC6B,0.44751381215469616,0.06629834254143646,2.6243093922651934
TNS1,0.5248618784530387,0.049723756906077346,2.8011049723756907
TNS2,0.569060773480663,0.049723756906077346,2.8232044198895028
TNS3,0.7182320441988951,0.022099447513812154,3.8287292817679557
TNS4,0.6685082872928176,0.022099447513812154,4.116022099447513
TNXB,0.6022099447513812,0.04419889502762431,3.016574585635359
TOB2,0.44751381215469616,0.055248618784530384,2.679558011049724
TOE1,0.5359116022099447,0.027624309392265192,2.74585635359116
TOLLIP,0.40331491712707185,0.09392265193370165,2.613259668508287
TOM1,0.4419889502762431,0.08287292817679558,2.6353591160220993
TOMM20,0.6740331491712708,0.016574585635359115,3.574585635359116
TOMM20L,0.574585635359116,0.049723756906077346,2.867403314917127
TOMM22,0.4530386740331492,0.06629834254143646,2.6464088397790055
TOMM34,0.7513812154696132,0.0,4.044198895027624
TOMM40,0.569060773480663,0.04419889502762431,2.9447513812154695
TOMM40L,0.7182320441988951,0.016574585635359115,3.56353591160221
TOMM5,0.4088397790055249,0.14917127071823205,2.6740331491712706
TOMM6,0.6298342541436464,0.03314917127071823,3.679558011049724
TOMM7,0.7403314917127072,0.016574585635359115,3.9226519337016574
TOMM70,0.6464088397790055,0.049723756906077346,3.3977900552486187
TONSL,0.7679558011049724,0.022099447513812154,3.9226519337016574
TOP1,0.7458563535911602,0.0055248618784530384,3.9226519337016574
TOP1MT,0.7790055248618785,0.022099447513812154,3.955801104972376
TOP2A,0.6740331491712708,0.022099447513812154,4.060773480662983
TOP2B,0.3149171270718232,0.18232044198895028,2.314917127071823
TOP3B,0.47513812154696133,0.0718232044198895,2.679558011049724
TOPBP1,0.6850828729281768,0.03314917127071823,3.6298342541436464
TOPORS,0.39226519337016574,0.14917127071823205,2.6022099447513813
TOR1A,0.5966850828729282,0.0718232044198895,2.9060773480662982
TOR1AIP1,0.6740331491712708,0.022099447513812154,3.3591160220994474
TOR1AIP2,0.6740331491712708,0.022099447513812154,3.3591160220994474
TOR1B,0.5966850828729282,0.0718232044198895,2.9060773480662982
TOR4A,0.6077348066298343,0.055248618784530384,3.0
TOX2,0.7458563535911602,0.0055248618784530384,4.027624309392265
TOX4,0.5524861878453039,0.055248618784530384,2.8729281767955803
TP53,0.3812154696132597,0.09392265193370165,2.5359116022099446
TP53AIP1,0.4143646408839779,0.11602209944751381,2.6519337016574585
TP53BP1,0.46408839779005523,0.055248618784530384,2.7403314917127073
TP53BP2,0.6685082872928176,0.016574585635359115,3.3977900552486187
TP53INP1,0.7458563535911602,0.0055248618784530384,3.7955801104972378
TP53INP2,0.7458563535911602,0.0055248618784530384,3.9281767955801103
TP53RK,0.7513812154696132,0.0055248618784530384,3.955801104972376
TP63,0.7955801104972375,0.022099447513812154,4.54696132596685
TP73,0.5303867403314917,0.055248618784530384,2.7569060773480665
TPD52,0.7237569060773481,0.0055248618784530384,3.856353591160221
TPD52L1,0.5359116022099447,0.049723756906077346,2.977900552486188
TPD52L2,0.7513812154696132,0.011049723756906077,3.9447513812154695
TPGS1,0.3867403314917127,0.07734806629834254,2.4972375690607733
TPGS2,0.35911602209944754,0.24861878453038674,2.3977900552486187
TPH1,0.4585635359116022,0.0718232044198895,2.751381215469613
TPH2,0.56353591160221,0.027624309392265192,3.0497237569060776
TPI1,0.6077348066298343,0.055248618784530384,3.1878453038674035
TPK1,0.4972375690607735,0.11602209944751381,2.8066298342541436
TPM1,0.48066298342541436,0.049723756906077346,2.7624309392265194
TPM2,0.43646408839779005,0.13259668508287292,2.834254143646409
TPM3,0.7071823204419889,0.011049723756906077,3.430939226519337
TPM4,0.4972375690607735,0.03314917127071823,2.883977900552486
TPO,0.6408839779005525,0.04419889502762431,3.0718232044198897
TPP2,0.5138121546961326,0.09392265193370165,2.81767955801105
TPPP,0.6685082872928176,0.03867403314917127,3.9502762430939224
TPR,0.6850828729281768,0.03314917127071823,3.4419889502762433
TPRKB,0.6574585635359116,0.0055248618784530384,3.1933701657458564
TPRN,0.6077348066298343,0.055248618784530384,3.0
TPSAB1,0.4861878453038674,0.11049723756906077,2.6629834254143647
TPST1,0.6464088397790055,0.027624309392265192,3.541436464088398
TPST2,0.4530386740331492,0.08287292817679558,2.6298342541436464
TPT1,0.48066298342541436,0.10497237569060773,2.7845303867403315
TPX2,0.7569060773480663,0.0055248618784530384,3.9226519337016574
TRA2A,0.7403314917127072,0.016574585635359115,3.9226519337016574
TRA2B,0.7679558011049724,0.027624309392265192,4.281767955801105
TRADD,0.5248618784530387,0.06077348066298342,2.861878453038674
TRAF1,0.5911602209944752,0.06077348066298342,2.9005524861878453
TRAF2,0.6132596685082873,0.055248618784530384,3.0
TRAF3,0.5469613259668509,0.0718232044198895,2.8121546961325965
TRAF3IP1,0.5138121546961326,0.06077348066298342,2.751381215469613
TRAF3IP3,0.6740331491712708,0.027624309392265192,3.342541436464088
TRAF5,0.6740331491712708,0.027624309392265192,3.3480662983425415
TRAF6,0.5248618784530387,0.055248618784530384,3.005524861878453
TRAF7,0.4861878453038674,0.09944751381215469,2.685082872928177
TRAIP,0.2430939226519337,0.2265193370165746,2.116022099447514
TRAK1,0.2983425414364641,0.1878453038674033,2.281767955801105
TRAK2,0.585635359116022,0.022099447513812154,2.9447513812154695
TRAM1,0.7237569060773481,0.0,3.723756906077348
TRAPPC1,0.3756906077348066,0.09392265193370165,2.5248618784530388
TRAPPC10,0.30939226519337015,0.14917127071823205,2.3093922651933703
TRAPPC11,0.3259668508287293,0.15469613259668508,2.408839779005525
TRAPPC12,0.6408839779005525,0.03867403314917127,3.0718232044198897
TRAPPC2,0.1712707182320442,0.4530386740331492,1.7955801104972375
TRAPPC2B,0.580110497237569,0.03867403314917127,3.110497237569061
TRAPPC2L,0.4861878453038674,0.06629834254143646,2.7624309392265194
TRAPPC3,0.5138121546961326,0.03867403314917127,2.74585635359116
TRAPPC3L,0.49171270718232046,0.06077348066298342,2.8011049723756907
TRAPPC4,0.4088397790055249,0.11049723756906077,2.56353591160221
TRAPPC5,0.40331491712707185,0.0718232044198895,2.541436464088398
TRAPPC6A,0.5580110497237569,0.049723756906077346,2.9005524861878453
TRAPPC6B,0.574585635359116,0.049723756906077346,3.022099447513812
TRAPPC8,0.39226519337016574,0.2154696132596685,2.5359116022099446
TRAT1,0.6408839779005525,0.04419889502762431,3.4640883977900554
TRDMT1,0.5524861878453039,0.06077348066298342,2.9005524861878453
TRDN,0.5303867403314917,0.04419889502762431,2.9392265193370166
TREH,0.4088397790055249,0.11049723756906077,2.585635359116022
TREM1,0.6298342541436464,0.03867403314917127,3.56353591160221
TREM2,0.6298342541436464,0.03867403314917127,3.56353591160221
TREML1,0.6298342541436464,0.03867403314917127,3.56353591160221
TREML2,0.6298342541436464,0.03867403314917127,3.56353591160221
TRERF1,0.6298342541436464,0.03314917127071823,3.6464088397790055
TRH,0.6685082872928176,0.03314917127071823,3.596685082872928
TRHR,0.7734806629834254,0.0055248618784530384,4.060773480662983
TRIAP1,0.569060773480663,0.03867403314917127,2.889502762430939
TRIB1,0.8287292817679558,0.0055248618784530384,4.900552486187845
TRIB2,0.6353591160220995,0.049723756906077346,3.0607734806629834
TRIB3,0.6906077348066298,0.055248618784530384,3.4861878453038675
TRIL,0.7237569060773481,0.027624309392265192,3.81767955801105
TRIM10,0.585635359116022,0.04419889502762431,2.9502762430939224
TRIM11,0.6795580110497238,0.027624309392265192,3.4419889502762433
TRIM13,0.4861878453038674,0.09944751381215469,2.867403314917127
TRIM14,0.5911602209944752,0.06077348066298342,2.8950276243093924
TRIM17,0.6795580110497238,0.027624309392265192,3.4419889502762433
TRIM2,0.3425414364640884,0.11049723756906077,2.4861878453038675
TRIM21,0.4088397790055249,0.09392265193370165,2.591160220994475
TRIM22,0.4088397790055249,0.08839779005524862,2.6243093922651934
TRIM23,0.23756906077348067,0.14917127071823205,2.1933701657458564
TRIM24,0.5082872928176796,0.08839779005524862,2.861878453038674
TRIM25,0.6132596685082873,0.03867403314917127,3.0607734806629834
TRIM27,0.5580110497237569,0.049723756906077346,2.9171270718232045
TRIM28,0.574585635359116,0.0718232044198895,3.165745856353591
TRIM29,0.4143646408839779,0.11602209944751381,2.574585635359116
TRIM3,0.4088397790055249,0.08839779005524862,2.6243093922651934
TRIM31,0.585635359116022,0.04419889502762431,2.9502762430939224
TRIM32,0.585635359116022,0.06629834254143646,2.9171270718232045
TRIM33,0.49171270718232046,0.12154696132596685,2.6464088397790055
TRIM35,0.425414364640884,0.18232044198895028,2.6022099447513813
TRIM36,0.292817679558011,0.11049723756906077,2.320441988950276
TRIM37,0.6464088397790055,0.04419889502762431,3.2209944751381214
TRIM4,0.6961325966850829,0.03314917127071823,4.011049723756906
TRIM41,0.40331491712707185,0.06629834254143646,2.6740331491712706
TRIM45,0.4972375690607735,0.08839779005524862,2.7955801104972378
TRIM5,0.4088397790055249,0.08839779005524862,2.6243093922651934
TRIM50,0.6464088397790055,0.03314917127071823,3.4198895027624308
TRIM56,0.6795580110497238,0.027624309392265192,3.9281767955801103
TRIM59,0.7624309392265194,0.022099447513812154,4.237569060773481
TRIM6,0.4088397790055249,0.08839779005524862,2.6187845303867405
TRIM63,0.44751381215469616,0.0718232044198895,2.5580110497237567
TRIM68,0.4088397790055249,0.09392265193370165,2.591160220994475
TRIM69,0.4696132596685083,0.049723756906077346,2.734806629834254
TRIM7,0.40331491712707185,0.06629834254143646,2.6740331491712706
TRIM71,0.3259668508287293,0.1878453038674033,2.3370165745856353
TRIM72,0.5524861878453039,0.06629834254143646,2.889502762430939
TRIM8,0.48066298342541436,0.08839779005524862,2.6022099447513813
TRIM9,0.6022099447513812,0.03867403314917127,2.983425414364641
TRIO,0.6850828729281768,0.022099447513812154,3.9392265193370166
TRIP10,0.4198895027624309,0.06629834254143646,2.569060773480663
TRIP11,0.5414364640883977,0.06629834254143646,2.8287292817679557
TRIP13,0.6685082872928176,0.03867403314917127,4.18232044198895
TRIP4,0.4861878453038674,0.04419889502762431,2.7569060773480665
TRIP6,0.6850828729281768,0.03314917127071823,3.9281767955801103
TRMT10C,0.6464088397790055,0.049723756906077346,3.430939226519337
TRMT112,0.580110497237569,0.04419889502762431,2.9447513812154695
TRMT6,0.6850828729281768,0.055248618784530384,3.4751381215469612
TRMT61A,0.5524861878453039,0.06629834254143646,2.8287292817679557
TRNAU1AP,0.4696132596685083,0.06629834254143646,2.613259668508287
TRNT1,0.2983425414364641,0.20994475138121546,2.265193370165746
TRO,0.17679558011049723,0.4088397790055249,1.839779005524862
TROAP,0.569060773480663,0.055248618784530384,2.834254143646409
TRPA1,0.7237569060773481,0.0,3.6519337016574585
TRPC1,0.7237569060773481,0.027624309392265192,3.8729281767955803
TRPC3,0.3370165745856354,0.09944751381215469,2.3922651933701657
TRPC4,0.48066298342541436,0.09944751381215469,2.773480662983425
TRPC4AP,0.7458563535911602,0.0055248618784530384,4.0
TRPC5,0.2265193370165746,0.30386740331491713,2.022099447513812
TRPC6,0.4696132596685083,0.09392265193370165,2.9171270718232045
TRPC7,0.3149171270718232,0.09392265193370165,2.3480662983425415
TRPM2,0.3149171270718232,0.143646408839779,2.3314917127071824
TRPM4,0.5580110497237569,0.049723756906077346,2.9337016574585637
TRPM8,0.5138121546961326,0.06077348066298342,2.7569060773480665
TRPS1,0.7734806629834254,0.0055248618784530384,4.12707182320442
TRPV1,0.3867403314917127,0.09392265193370165,2.541436464088398
TRPV2,0.35911602209944754,0.11602209944751381,2.5082872928176796
TRPV4,0.585635359116022,0.03867403314917127,2.883977900552486
TRPV5,0.4972375690607735,0.09944751381215469,2.8232044198895028
TRPV6,0.4972375690607735,0.09944751381215469,2.8232044198895028
TRRAP,0.7071823204419889,0.016574585635359115,4.121546961325967
TSC1,0.5966850828729282,0.06629834254143646,2.9171270718232045
TSC2,0.49171270718232046,0.09944751381215469,2.6906077348066297
TSEN15,0.6795580110497238,0.027624309392265192,3.3646408839779007
TSEN2,0.3259668508287293,0.1878453038674033,2.3370165745856353
TSEN34,0.574585635359116,0.03867403314917127,3.0110497237569063
TSEN54,0.6464088397790055,0.022099447513812154,3.2320441988950277
TSFM,0.580110497237569,0.049723756906077346,2.9005524861878453
TSG101,0.46408839779005523,0.0718232044198895,2.7569060773480665
TSHB,0.49171270718232046,0.11049723756906077,2.679558011049724
TSHR,0.574585635359116,0.0718232044198895,2.856353591160221
TSHZ1,0.3425414364640884,0.2430939226519337,2.3480662983425415
TSLP,0.292817679558011,0.11602209944751381,2.314917127071823
TSN,0.6464088397790055,0.016574585635359115,3.292817679558011
TSNARE1,0.7790055248618785,0.022099447513812154,3.994475138121547
TSNAX,0.6795580110497238,0.016574585635359115,3.5027624309392267
TSNAXIP1,0.5248618784530387,0.06629834254143646,2.9005524861878453
TSPAN12,0.5359116022099447,0.08287292817679558,2.9392265193370166
TSPAN14,0.4861878453038674,0.0718232044198895,2.707182320441989
TSPAN3,0.5193370165745856,0.03314917127071823,2.81767955801105
TSPAN7,0.17679558011049723,0.4585635359116022,1.8121546961325967
TSPO,0.4530386740331492,0.06629834254143646,2.6740331491712706
TSPOAP1,0.6077348066298343,0.04419889502762431,3.1988950276243093
TSPYL2,0.15469613259668508,0.430939226519337,1.7845303867403315
TSR1,0.3867403314917127,0.09392265193370165,2.5303867403314917
TST,0.44751381215469616,0.07734806629834254,2.6353591160220993
TTBK2,0.4585635359116022,0.055248618784530384,2.723756906077348
TTC19,0.35911602209944754,0.11602209944751381,2.5027624309392267
TTC21B,0.5911602209944752,0.027624309392265192,3.0497237569060776
TTC5,0.5524861878453039,0.055248618784530384,2.9060773480662982
TTF1,0.6022099447513812,0.06629834254143646,2.9226519337016574
TTK,0.5303867403314917,0.06077348066298342,2.7624309392265194
TTLL1,0.4530386740331492,0.06629834254143646,2.6740331491712706
TTLL5,0.585635359116022,0.055248618784530384,2.867403314917127
TTN,0.6022099447513812,0.011049723756906077,3.132596685082873
TTR,0.40331491712707185,0.2154696132596685,2.552486187845304
TUB,0.4198895027624309,0.08839779005524862,2.6353591160220993
TUBA1A,0.569060773480663,0.055248618784530384,2.834254143646409
TUBA1B,0.569060773480663,0.055248618784530384,2.8287292817679557
TUBA1C,0.569060773480663,0.055248618784530384,2.834254143646409
TUBA3E,0.6077348066298343,0.049723756906077346,3.027624309392265
TUBA4A,0.5248618784530387,0.055248618784530384,2.8011049723756907
TUBA8,0.44751381215469616,0.07734806629834254,2.6740331491712706
TUBAL3,0.5524861878453039,0.06629834254143646,2.955801104972376
TUBB,0.6022099447513812,0.03867403314917127,3.0331491712707184
TUBB1,0.7513812154696132,0.011049723756906077,3.994475138121547
TUBB2A,0.48066298342541436,0.1270718232044199,2.657458563535912
TUBB2B,0.48066298342541436,0.1270718232044199,2.657458563535912
TUBB3,0.4861878453038674,0.07734806629834254,2.7624309392265194
TUBB4A,0.4198895027624309,0.07734806629834254,2.56353591160221
TUBB4B,0.6077348066298343,0.055248618784530384,3.0
TUBB6,0.5414364640883977,0.08287292817679558,2.977900552486188
TUBB8,0.5303867403314917,0.09392265193370165,2.856353591160221
TUBD1,0.6685082872928176,0.027624309392265192,3.287292817679558
TUBE1,0.49171270718232046,0.0718232044198895,2.751381215469613
TUBG1,0.6298342541436464,0.03314917127071823,3.0994475138121547
TUBG2,0.6298342541436464,0.03314917127071823,3.0994475138121547
TUBGCP2,0.49171270718232046,0.07734806629834254,2.679558011049724
TUBGCP3,0.5469613259668509,0.08287292817679558,2.994475138121547
TUBGCP4,0.4585635359116022,0.055248618784530384,2.734806629834254
TUBGCP5,0.5303867403314917,0.055248618784530384,2.861878453038674
TUBGCP6,0.4530386740331492,0.08287292817679558,2.6464088397790055
TUFM,0.5359116022099447,0.0718232044198895,2.883977900552486
TUFT1,0.7237569060773481,0.0055248618784530384,3.552486187845304
TULP3,0.6022099447513812,0.06629834254143646,3.2320441988950277
TULP4,0.5248618784530387,0.06077348066298342,2.8232044198895028
TUSC3,0.43646408839779005,0.143646408839779,2.856353591160221
TUT1,0.574585635359116,0.04419889502762431,2.972375690607735
TUT4,0.5138121546961326,0.03867403314917127,2.6740331491712706
TVP23B,0.35911602209944754,0.1270718232044199,2.5138121546961325
TWF1,0.5524861878453039,0.06077348066298342,2.856353591160221
TWF2,0.2430939226519337,0.2265193370165746,2.116022099447514
TWIST1,0.7348066298342542,0.022099447513812154,3.861878453038674
TWIST2,0.5138121546961326,0.06077348066298342,2.751381215469613
TWNK,0.48066298342541436,0.08287292817679558,2.6077348066298343
TWSG1,0.5524861878453039,0.09392265193370165,2.977900552486188
TXK,0.4198895027624309,0.09944751381215469,2.6243093922651934
TXLNA,0.4861878453038674,0.049723756906077346,2.679558011049724
TXLNB,0.5469613259668509,0.049723756906077346,2.911602209944751
TXLNG,0.1712707182320442,0.4530386740331492,1.8011049723756907
TXN,0.5911602209944752,0.06077348066298342,2.911602209944751
TXN2,0.4419889502762431,0.08287292817679558,2.6408839779005526
TXNDC12,0.5138121546961326,0.03867403314917127,2.6740331491712706
TXNDC16,0.6077348066298343,0.03867403314917127,2.977900552486188
TXNDC17,0.3867403314917127,0.09392265193370165,2.5359116022099446
TXNDC5,0.4972375690607735,0.1270718232044199,2.6740331491712706
TXNIP,0.6850828729281768,0.011049723756906077,3.430939226519337
TXNL1,0.30386740331491713,0.292817679558011,2.1767955801104972
TXNL4A,0.3370165745856354,0.23756906077348067,2.303867403314917
TXNL4B,0.5138121546961326,0.06629834254143646,2.7845303867403315
TXNRD1,0.56353591160221,0.049723756906077346,2.8011049723756907
TXNRD2,0.4530386740331492,0.07734806629834254,2.679558011049724
TYK2,0.47513812154696133,0.055248618784530384,2.696132596685083
TYMP,0.44751381215469616,0.09392265193370165,2.6298342541436464
TYMS,0.574585635359116,0.08287292817679558,3.25414364640884
TYR,0.4972375690607735,0.08839779005524862,2.834254143646409
TYRO3,0.4530386740331492,0.06077348066298342,2.707182320441989
TYROBP,0.5911602209944752,0.03314917127071823,3.1270718232044197
TYRP1,0.3425414364640884,0.1878453038674033,2.4419889502762433
TYSND1,0.5027624309392266,0.06629834254143646,2.7403314917127073
U2AF1,0.30386740331491713,0.143646408839779,2.298342541436464
U2AF1L4,0.5911602209944752,0.03867403314917127,3.138121546961326
U2AF2,0.580110497237569,0.03314917127071823,3.044198895027624
U2SURP,0.7237569060773481,0.027624309392265192,3.8729281767955803
UAP1,0.6850828729281768,0.016574585635359115,3.4751381215469612
UBA2,0.569060773480663,0.03867403314917127,3.110497237569061
UBA3,0.26519337016574585,0.22099447513812154,2.1988950276243093
UBA5,0.6795580110497238,0.03867403314917127,3.6022099447513813
UBA52,0.49171270718232046,0.03314917127071823,2.8011049723756907
UBA6,0.4088397790055249,0.07734806629834254,2.6077348066298343
UBA7,0.2430939226519337,0.2265193370165746,2.116022099447514
UBAC1,0.6022099447513812,0.06077348066298342,2.9613259668508287
UBAC2,0.5193370165745856,0.08839779005524862,2.856353591160221
UBAP1,0.430939226519337,0.13259668508287292,2.729281767955801
UBAP2L,0.7071823204419889,0.011049723756906077,3.430939226519337
UBASH3A,0.30386740331491713,0.16022099447513813,2.298342541436464
UBB,0.35911602209944754,0.11602209944751381,2.5027624309392267
UBC,0.5580110497237569,0.049723756906077346,2.850828729281768
UBD,0.580110497237569,0.049723756906077346,2.9337016574585637
UBE2A,0.23756906077348067,0.30386740331491713,2.0331491712707184
UBE2B,0.30939226519337015,0.09944751381215469,2.314917127071823
UBE2C,0.7513812154696132,0.0055248618784530384,3.972375690607735
UBE2D1,0.5082872928176796,0.055248618784530384,2.7790055248618786
UBE2D2,0.3314917127071823,0.08839779005524862,2.3701657458563536
UBE2D3,0.3259668508287293,0.11602209944751381,2.3756906077348066
UBE2E1,0.30386740331491713,0.1878453038674033,2.292817679558011
UBE2E2,0.30939226519337015,0.19337016574585636,2.276243093922652
UBE2E3,0.5911602209944752,0.011049723756906077,3.0773480662983426
UBE2F,0.5138121546961326,0.06077348066298342,2.751381215469613
UBE2G2,0.30939226519337015,0.143646408839779,2.314917127071823
UBE2I,0.4861878453038674,0.11049723756906077,2.6629834254143647
UBE2J1,0.5138121546961326,0.049723756906077346,2.7569060773480665
UBE2J2,0.5303867403314917,0.049723756906077346,2.845303867403315
UBE2K,0.3425414364640884,0.14917127071823205,2.43646408839779
UBE2L3,0.48066298342541436,0.0718232044198895,2.701657458563536
UBE2L6,0.574585635359116,0.049723756906077346,2.955801104972376
UBE2M,0.574585635359116,0.0718232044198895,3.165745856353591
UBE2N,0.5580110497237569,0.055248618784530384,2.7900552486187844
UBE2Q2,0.5138121546961326,0.03867403314917127,2.8011049723756907
UBE2S,0.585635359116022,0.03314917127071823,3.0552486187845305
UBE2V1,0.7790055248618785,0.011049723756906077,4.0497237569060776
UBE2V2,0.6961325966850829,0.011049723756906077,3.4861878453038675
UBE2W,0.7237569060773481,0.0,3.657458563535912
UBE2Z,0.6243093922651933,0.03314917127071823,3.0828729281767955
UBE3C,0.48066298342541436,0.13259668508287292,2.8121546961325965
UBE3D,0.5082872928176796,0.06629834254143646,2.751381215469613
UBE4A,0.4143646408839779,0.11049723756906077,2.591160220994475
UBE4B,0.5138121546961326,0.06077348066298342,2.81767955801105
UBIAD1,0.5138121546961326,0.055248618784530384,2.839779005524862
UBL3,0.48066298342541436,0.08287292817679558,2.845303867403315
UBL4A,0.2541436464088398,0.287292817679558,2.0994475138121547
UBL4B,0.5082872928176796,0.09392265193370165,2.657458563535912
UBL5,0.4530386740331492,0.055248618784530384,2.6353591160220993
UBLCP1,0.3756906077348066,0.07734806629834254,2.425414364640884
UBN1,0.4861878453038674,0.08839779005524862,2.685082872928177
UBOX5,0.6906077348066298,0.06077348066298342,3.458563535911602
UBQLN1,0.5580110497237569,0.0718232044198895,2.867403314917127
UBQLN2,0.18232044198895028,0.3812154696132597,1.9005524861878453
UBQLN4,0.7016574585635359,0.016574585635359115,3.414364640883978
UBR1,0.4585635359116022,0.055248618784530384,2.734806629834254
UBR2,0.6298342541436464,0.03314917127071823,3.6519337016574585
UBR4,0.4696132596685083,0.055248618784530384,2.6685082872928176
UBR5,0.7624309392265194,0.0055248618784530384,4.044198895027624
UBTF,0.6187845303867403,0.03314917127071823,3.0718232044198897
UBXN1,0.574585635359116,0.04419889502762431,2.972375690607735
UBXN2A,0.6629834254143646,0.03314917127071823,3.132596685082873
UBXN2B,0.7182320441988951,0.0055248618784530384,3.569060773480663
UBXN4,0.5911602209944752,0.055248618784530384,2.983425414364641
UBXN7,0.7845303867403315,0.03314917127071823,4.298342541436464
UCHL1,0.36464088397790057,0.1270718232044199,2.4972375690607733
UCHL3,0.5193370165745856,0.08839779005524862,2.8287292817679557
UCHL5,0.6685082872928176,0.03314917127071823,3.314917127071823
UCK1,0.6022099447513812,0.06629834254143646,2.911602209944751
UCKL1,0.7513812154696132,0.011049723756906077,3.9447513812154695
UCN,0.6629834254143646,0.03314917127071823,3.1270718232044197
UCN3,0.5524861878453039,0.06629834254143646,2.955801104972376
UCP1,0.36464088397790057,0.08839779005524862,2.574585635359116
UCP2,0.5469613259668509,0.055248618784530384,3.4751381215469612
UCP3,0.5469613259668509,0.055248618784530384,3.4751381215469612
UFD1,0.44751381215469616,0.08287292817679558,2.657458563535912
UFL1,0.48066298342541436,0.0718232044198895,2.6906077348066297
UFM1,0.48066298342541436,0.10497237569060773,2.7790055248618786
UFSP2,0.3314917127071823,0.143646408839779,2.43646408839779
UGCG,0.580110497237569,0.06629834254143646,2.9060773480662982
UGDH,0.3425414364640884,0.14917127071823205,2.43646408839779
UGGT1,0.6077348066298343,0.049723756906077346,3.027624309392265
UGP2,0.6740331491712708,0.0055248618784530384,3.226519337016575
UGT1A1,0.5193370165745856,0.055248618784530384,2.7679558011049723
UGT1A10,0.5193370165745856,0.055248618784530384,2.7679558011049723
UGT1A3,0.5193370165745856,0.055248618784530384,2.7679558011049723
UGT1A4,0.5193370165745856,0.055248618784530384,2.7679558011049723
UGT1A6,0.5193370165745856,0.055248618784530384,2.7679558011049723
UGT1A7,0.5193370165745856,0.055248618784530384,2.7679558011049723
UGT1A8,0.5193370165745856,0.055248618784530384,2.7679558011049723
UGT1A9,0.5193370165745856,0.055248618784530384,2.7679558011049723
UGT2A3,0.40331491712707185,0.08287292817679558,2.6077348066298343
UGT2B11,0.40331491712707185,0.08287292817679558,2.6077348066298343
UGT2B15,0.4088397790055249,0.07734806629834254,2.6353591160220993
UGT2B7,0.40331491712707185,0.08287292817679558,2.6077348066298343
UGT8,0.3370165745856354,0.09944751381215469,2.4198895027624308
UHRF1,0.4198895027624309,0.07734806629834254,2.591160220994475
UHRF2,0.3370165745856354,0.1878453038674033,2.43646408839779
UIMC1,0.3867403314917127,0.06629834254143646,2.546961325966851
ULBP1,0.5414364640883977,0.055248618784530384,2.845303867403315
ULBP2,0.5414364640883977,0.055248618784530384,2.845303867403315
ULBP3,0.5414364640883977,0.049723756906077346,2.856353591160221
ULK1,0.569060773480663,0.055248618784530384,2.856353591160221
ULK2,0.36464088397790057,0.1270718232044199,2.5580110497237567
ULK3,0.5082872928176796,0.04419889502762431,2.8011049723756907
UMOD,0.5138121546961326,0.08839779005524862,2.8011049723756907
UMPS,0.6740331491712708,0.049723756906077346,3.4917127071823204
UNC119,0.6187845303867403,0.03314917127071823,3.110497237569061
UNC119B,0.569060773480663,0.03867403314917127,2.867403314917127
UNC13A,0.49171270718232046,0.03314917127071823,2.7900552486187844
UNC13B,0.43646408839779005,0.1270718232044199,2.734806629834254
UNC13D,0.6353591160220995,0.022099447513812154,3.116022099447514
UNC45A,0.569060773480663,0.022099447513812154,3.0552486187845305
UNC45B,0.585635359116022,0.049723756906077346,2.9502762430939224
UNC5A,0.3812154696132597,0.06629834254143646,2.5248618784530388
UNC5B,0.5082872928176796,0.06077348066298342,2.7569060773480665
UNC5C,0.3149171270718232,0.12154696132596685,2.3370165745856353
UNC93B1,0.6574585635359116,0.016574585635359115,3.552486187845304
UNG,0.580110497237569,0.03867403314917127,2.867403314917127
UNKL,0.4861878453038674,0.11049723756906077,2.6629834254143647
UPF1,0.49171270718232046,0.03867403314917127,2.7955801104972378
UPF2,0.5524861878453039,0.06077348066298342,2.9502762430939224
UPF3A,0.5359116022099447,0.08287292817679558,2.861878453038674
UPF3B,0.23756906077348067,0.30386740331491713,2.0331491712707184
UPK1B,0.6574585635359116,0.055248618784530384,3.453038674033149
UPK2,0.4088397790055249,0.11049723756906077,2.56353591160221
UPK3A,0.4530386740331492,0.0718232044198895,2.6740331491712706
UPP1,0.7182320441988951,0.022099447513812154,3.8287292817679557
UPP2,0.5966850828729282,0.027624309392265192,3.0552486187845305
UPRT,0.20994475138121546,0.3370165745856354,1.9723756906077348
UQCC1,0.7403314917127072,0.0055248618784530384,4.016574585635359
UQCC2,0.5966850828729282,0.049723756906077346,2.983425414364641
UQCR10,0.4530386740331492,0.0718232044198895,2.6685082872928176
UQCR11,0.3756906077348066,0.07734806629834254,2.4917127071823204
UQCRB,0.7569060773480663,0.0055248618784530384,3.834254143646409
UQCRC1,0.2541436464088398,0.2154696132596685,2.143646408839779
UQCRC2,0.5138121546961326,0.08839779005524862,2.7955801104972378
UQCRFS1,0.6132596685082873,0.03314917127071823,3.751381215469613
UQCRH,0.5248618784530387,0.027624309392265192,2.701657458563536
UQCRQ,0.30939226519337015,0.10497237569060773,2.314917127071823
URB1,0.3314917127071823,0.11049723756906077,2.3812154696132595
URB2,0.6685082872928176,0.027624309392265192,3.430939226519337
URI1,0.6077348066298343,0.027624309392265192,3.7790055248618786
UROD,0.5359116022099447,0.027624309392265192,2.7624309392265194
UROS,0.5082872928176796,0.0718232044198895,2.7624309392265194
USE1,0.5027624309392266,0.027624309392265192,2.8121546961325965
USF1,0.7182320441988951,0.016574585635359115,3.569060773480663
USF2,0.585635359116022,0.03867403314917127,3.138121546961326
USH1C,0.4585635359116022,0.0718232044198895,2.751381215469613
USH1G,0.6408839779005525,0.022099447513812154,3.132596685082873
USH2A,0.6740331491712708,0.022099447513812154,3.3756906077348066
USO1,0.39226519337016574,0.08839779005524862,2.7679558011049723
USP1,0.5027624309392266,0.04419889502762431,2.712707182320442
USP10,0.49171270718232046,0.06629834254143646,2.701657458563536
USP11,0.143646408839779,0.44751381215469616,1.7734806629834254
USP14,0.56353591160221,0.08839779005524862,3.2209944751381214
USP16,0.30386740331491713,0.14917127071823205,2.303867403314917
USP17L1,0.46408839779005523,0.15469613259668508,2.8784530386740332
USP17L2,0.47513812154696133,0.143646408839779,4.3259668508287294
USP17L5,0.3314917127071823,0.14917127071823205,2.430939226519337
USP18,0.44751381215469616,0.07734806629834254,2.6740331491712706
USP19,0.2541436464088398,0.2154696132596685,2.143646408839779
USP2,0.4088397790055249,0.11049723756906077,2.56353591160221
USP21,0.7182320441988951,0.016574585635359115,3.56353591160221
USP22,0.35911602209944754,0.13259668508287292,2.4861878453038675
USP25,0.3149171270718232,0.14917127071823205,2.3535911602209945
USP26,0.2541436464088398,0.281767955801105,2.0773480662983426
USP28,0.4088397790055249,0.12154696132596685,2.546961325966851
USP3,0.4861878453038674,0.04419889502762431,2.773480662983425
USP30,0.580110497237569,0.03867403314917127,2.867403314917127
USP33,0.48066298342541436,0.06077348066298342,2.6187845303867405
USP37,0.5248618784530387,0.049723756906077346,2.7955801104972378
USP39,0.6685082872928176,0.0055248618784530384,3.1933701657458564
USP4,0.24861878453038674,0.2265193370165746,2.1270718232044197
USP44,0.5469613259668509,0.049723756906077346,2.7845303867403315
USP47,0.430939226519337,0.0718232044198895,2.696132596685083
USP48,0.4585635359116022,0.055248618784530384,2.6243093922651934
USP49,0.6298342541436464,0.03314917127071823,3.679558011049724
USP5,0.6077348066298343,0.055248618784530384,3.1878453038674035
USP6,0.3867403314917127,0.08839779005524862,2.5303867403314917
USP7,0.5193370165745856,0.07734806629834254,2.839779005524862
USP8,0.47513812154696133,0.04419889502762431,2.7569060773480665
USP9X,0.14917127071823205,0.4696132596685083,1.7734806629834254
UST,0.5359116022099447,0.055248618784530384,2.839779005524862
UTF1,0.49171270718232046,0.07734806629834254,2.679558011049724
UTP11,0.5303867403314917,0.03314917127071823,2.883977900552486
UTP14A,0.24861878453038674,0.292817679558011,2.0552486187845305
UTP14C,0.4972375690607735,0.09392265193370165,2.9005524861878453
UTP15,0.2596685082872928,0.143646408839779,2.281767955801105
UTP18,0.6464088397790055,0.03314917127071823,3.2154696132596685
UTP20,0.574585635359116,0.055248618784530384,2.8121546961325965
UTP23,0.7790055248618785,0.011049723756906077,4.138121546961326
UTP25,0.6740331491712708,0.027624309392265192,3.342541436464088
UTP3,0.3867403314917127,0.08839779005524862,2.5580110497237567
UTP4,0.5193370165745856,0.0718232044198895,2.867403314917127
UTP6,0.6243093922651933,0.03314917127071823,3.0497237569060776
UTRN,0.5414364640883977,0.049723756906077346,2.889502762430939
UVRAG,0.5193370165745856,0.06077348066298342,3.149171270718232
UXS1,0.6740331491712708,0.011049723756906077,3.320441988950276
UXT,0.143646408839779,0.44751381215469616,1.7624309392265194
VAC14,0.5193370165745856,0.06077348066298342,2.8287292817679557
VAMP1,0.6022099447513812,0.06629834254143646,3.1712707182320443
VAMP2,0.3756906077348066,0.09392265193370165,2.5248618784530388
VAMP3,0.5138121546961326,0.06077348066298342,2.723756906077348
VAMP4,0.7071823204419889,0.022099447513812154,3.447513812154696
VAMP5,0.6740331491712708,0.0055248618784530384,3.1988950276243093
VAMP7,0.32044198895027626,0.32044198895027626,2.1933701657458564
VAMP8,0.6740331491712708,0.0055248618784530384,3.2099447513812156
VANGL1,0.4861878453038674,0.11049723756906077,3.0773480662983426
VANGL2,0.712707182320442,0.016574585635359115,3.5193370165745854
VAPA,0.5524861878453039,0.08839779005524862,3.005524861878453
VAPB,0.7513812154696132,0.011049723756906077,3.994475138121547
VARS2,0.5966850828729282,0.03867403314917127,3.022099447513812
VASN,0.4861878453038674,0.08839779005524862,2.6906077348066297
VASP,0.5580110497237569,0.049723756906077346,2.9060773480662982
VAT1,0.6187845303867403,0.03314917127071823,3.0497237569060776
VAV1,0.4198895027624309,0.06629834254143646,2.569060773480663
VAV2,0.5966850828729282,0.06629834254143646,2.9171270718232045
VAV3,0.5027624309392266,0.08839779005524862,2.6298342541436464
VAX1,0.47513812154696133,0.0718232044198895,2.6519337016574585
VBP1,0.24861878453038674,0.287292817679558,2.1049723756906076
VCAM1,0.5027624309392266,0.0718232044198895,2.6243093922651934
VCAN,0.2596685082872928,0.13812154696132597,2.2375690607734806
VCL,0.4972375690607735,0.06077348066298342,2.773480662983425
VCP,0.425414364640884,0.1270718232044199,2.718232044198895
VCPIP1,0.712707182320442,0.0,3.751381215469613
VDAC1,0.32044198895027626,0.09392265193370165,2.3535911602209945
VDAC2,0.5027624309392266,0.06629834254143646,2.7790055248618786
VDAC3,0.6353591160220995,0.06077348066298342,3.861878453038674
VDR,0.569060773480663,0.049723756906077346,2.845303867403315
VEGFB,0.574585635359116,0.04419889502762431,2.9441340782122905
VEGFC,0.3259668508287293,0.15469613259668508,2.414364640883978
VEGFD,0.1712707182320442,0.4585635359116022,1.7900552486187846
VENTX,0.49171270718232046,0.07734806629834254,2.679558011049724
VEZT,0.5524861878453039,0.055248618784530384,2.8011049723756907
VGF,0.6795580110497238,0.027624309392265192,3.9392265193370166
VGLL1,0.26519337016574585,0.281767955801105,2.0828729281767955
VGLL2,0.49171270718232046,0.06077348066298342,2.81767955801105
VGLL3,0.3314917127071823,0.22099447513812154,2.3093922651933703
VGLL4,0.30386740331491713,0.20441988950276244,2.270718232044199
VHL,0.3259668508287293,0.17679558011049723,2.3812154696132595
VHLL,0.7016574585635359,0.011049723756906077,3.4198895027624308
VIM,0.5524861878453039,0.06077348066298342,2.9005524861878453
VIP,0.5359116022099447,0.055248618784530384,2.839779005524862
VIPAS39,0.580110497237569,0.049723756906077346,2.889502762430939
VIPR1,0.2983425414364641,0.1878453038674033,2.281767955801105
VIPR2,0.4861878453038674,0.13812154696132597,2.834254143646409
VIRMA,0.7513812154696132,0.0055248618784530384,3.8287292817679557
VKORC1,0.5524861878453039,0.06629834254143646,2.889502762430939
VKORC1L1,0.6519337016574586,0.027624309392265192,3.5580110497237567
VLDLR,0.3149171270718232,0.20994475138121546,2.3370165745856353
VMA21,0.2541436464088398,0.281767955801105,2.1049723756906076
VMP1,0.6629834254143646,0.027624309392265192,3.2375690607734806
VN1R1,0.580110497237569,0.03867403314917127,3.110497237569061
VNN2,0.5359116022099447,0.04419889502762431,2.9005524861878453
VPREB1,0.47513812154696133,0.0718232044198895,2.6740331491712706
VPS11,0.4088397790055249,0.11049723756906077,2.56353591160221
VPS16,0.6906077348066298,0.06077348066298342,3.458563535911602
VPS18,0.4530386740331492,0.06629834254143646,2.707182320441989
VPS25,0.6243093922651933,0.03314917127071823,3.0662983425414363
VPS26A,0.4972375690607735,0.06629834254143646,2.734806629834254
VPS26B,0.4088397790055249,0.143646408839779,2.6243093922651934
VPS26C,0.30386740331491713,0.13812154696132597,2.287292817679558
VPS28,0.7679558011049724,0.022099447513812154,3.9226519337016574
VPS29,0.569060773480663,0.04419889502762431,2.861878453038674
VPS33A,0.569060773480663,0.049723756906077346,2.867403314917127
VPS33B,0.569060773480663,0.022099447513812154,3.0552486187845305
VPS35,0.5303867403314917,0.055248618784530384,2.839779005524862
VPS35L,0.5248618784530387,0.08287292817679558,2.883977900552486
VPS36,0.49171270718232046,0.09392265193370165,2.9060773480662982
VPS37A,0.4530386740331492,0.143646408839779,2.8287292817679557
VPS37B,0.56353591160221,0.04419889502762431,2.861878453038674
VPS37C,0.574585635359116,0.04419889502762431,3.0331491712707184
VPS37D,0.6519337016574586,0.03314917127071823,3.447513812154696
VPS39,0.4530386740331492,0.055248618784530384,2.701657458563536
VPS41,0.7237569060773481,0.022099447513812154,3.751381215469613
VPS4A,0.5248618784530387,0.06629834254143646,2.867403314917127
VPS4B,0.3370165745856354,0.27624309392265195,2.3093922651933703
VPS51,0.5911602209944752,0.03867403314917127,3.0
VPS52,0.5911602209944752,0.04419889502762431,2.977900552486188
VPS53,0.3867403314917127,0.09944751381215469,2.5359116022099446
VPS72,0.712707182320442,0.0055248618784530384,3.4640883977900554
VRK1,0.5469613259668509,0.06629834254143646,2.8232044198895028
VRK3,0.5580110497237569,0.04419889502762431,2.9502762430939224
VSIG4,0.20441988950276244,0.3425414364640884,1.9834254143646408
VTA1,0.5414364640883977,0.049723756906077346,3.0
VTCN1,0.4972375690607735,0.08839779005524862,2.7955801104972378
VTI1A,0.4861878453038674,0.07734806629834254,2.6243093922651934
VTI1B,0.585635359116022,0.055248618784530384,2.889502762430939
VTN,0.6132596685082873,0.03314917127071823,3.0552486187845305
VWA1,0.5303867403314917,0.049723756906077346,2.845303867403315
VWA8,0.4972375690607735,0.09944751381215469,2.9613259668508287
VWF,0.6132596685082873,0.06077348066298342,3.292817679558011
WAC,0.569060773480663,0.049723756906077346,2.9447513812154695
WAPL,0.46408839779005523,0.09392265193370165,2.6022099447513813
WARS2,0.5248618784530387,0.08839779005524862,2.8729281767955803
WAS,0.143646408839779,0.4530386740331492,1.7569060773480663
WASF1,0.49171270718232046,0.06077348066298342,2.7624309392265194
WASF2,0.44751381215469616,0.0718232044198895,2.5580110497237567
WASF3,0.4530386740331492,0.09392265193370165,2.7790055248618786
WASHC1,0.3259668508287293,0.2154696132596685,2.3701657458563536
WASHC2A,0.5193370165745856,0.055248618784530384,2.8232044198895028
WASHC2C,0.5524861878453039,0.03867403314917127,2.9668508287292816
WASHC3,0.569060773480663,0.055248618784530384,2.8066298342541436
WASHC4,0.574585635359116,0.049723756906077346,2.8232044198895028
WASHC5,0.8176795580110497,0.0055248618784530384,4.81767955801105
WASL,0.5193370165745856,0.08287292817679558,2.883977900552486
WBP11,0.6187845303867403,0.0718232044198895,3.303867403314917
WBP4,0.49171270718232046,0.09392265193370165,2.977900552486188
WDFY3,0.3314917127071823,0.11049723756906077,2.4198895027624308
WDHD1,0.585635359116022,0.04419889502762431,2.9060773480662982
WDR1,0.3425414364640884,0.14917127071823205,2.425414364640884
WDR11,0.4972375690607735,0.06629834254143646,2.723756906077348
WDR12,0.585635359116022,0.022099447513812154,3.022099447513812
WDR19,0.35359116022099446,0.15469613259668508,2.447513812154696
WDR26,0.6685082872928176,0.022099447513812154,3.3977900552486187
WDR3,0.5082872928176796,0.09392265193370165,2.8066298342541436
WDR33,0.6077348066298343,0.055248618784530384,3.016574585635359
WDR35,0.6795580110497238,0.03314917127071823,3.154696132596685
WDR4,0.30386740331491713,0.15469613259668508,2.287292817679558
WDR43,0.6629834254143646,0.027624309392265192,3.132596685082873
WDR48,0.2983425414364641,0.19337016574585636,2.2596685082872927
WDR5,0.5966850828729282,0.06629834254143646,2.9171270718232045
WDR62,0.5911602209944752,0.03314917127071823,3.1270718232044197
WDR74,0.574585635359116,0.03867403314917127,2.983425414364641
WDR75,0.6077348066298343,0.011049723756906077,3.088397790055249
WDR77,0.4972375690607735,0.09392265193370165,2.6022099447513813
WDR82,0.2430939226519337,0.2265193370165746,2.116022099447514
WDR83,0.49171270718232046,0.04419889502762431,2.7679558011049723
WDR83OS,0.49171270718232046,0.04419889502762431,2.7679558011049723
WDTC1,0.43646408839779005,0.0718232044198895,2.5359116022099446
WEE1,0.425414364640884,0.08287292817679558,2.6629834254143647
WFIKKN2,0.6353591160220995,0.03314917127071823,3.18232044198895
WFS1,0.3259668508287293,0.15469613259668508,2.3701657458563536
WHAMM,0.5248618784530387,0.03314917127071823,2.850828729281768
WHRN,0.5911602209944752,0.06077348066298342,2.9226519337016574
WIF1,0.6022099447513812,0.022099447513812154,3.110497237569061
WIPF1,0.6187845303867403,0.016574585635359115,3.270718232044199
WIPF2,0.6740331491712708,0.022099447513812154,3.9060773480662982
WIPF3,0.7237569060773481,0.022099447513812154,3.8011049723756907
WIPI1,0.6464088397790055,0.022099447513812154,3.1933701657458564
WIPI2,0.7403314917127072,0.016574585635359115,3.845303867403315
WIZ,0.5138121546961326,0.027624309392265192,2.9060773480662982
WLS,0.4861878453038674,0.055248618784530384,2.6077348066298343
WNK1,0.6022099447513812,0.06077348066298342,3.314917127071823
WNK2,0.574585635359116,0.06077348066298342,2.9281767955801103
WNK3,0.1712707182320442,0.4143646408839779,1.828729281767956
WNK4,0.6243093922651933,0.03314917127071823,3.0662983425414363
WNT1,0.56353591160221,0.049723756906077346,2.8287292817679557
WNT10B,0.56353591160221,0.049723756906077346,2.8287292817679557
WNT11,0.5138121546961326,0.06077348066298342,3.132596685082873
WNT16,0.5359116022099447,0.08287292817679558,2.9392265193370166
WNT2,0.5580110497237569,0.07734806629834254,3.2596685082872927
WNT2B,0.4972375690607735,0.08839779005524862,2.6464088397790055
WNT3,0.6132596685082873,0.03867403314917127,3.027624309392265
WNT3A,0.6795580110497238,0.027624309392265192,3.4419889502762433
WNT4,0.4530386740331492,0.06077348066298342,2.613259668508287
WNT5A,0.2541436464088398,0.23204419889502761,2.1215469613259668
WNT5B,0.6077348066298343,0.06077348066298342,3.320441988950276
WNT6,0.5248618784530387,0.049723756906077346,2.7955801104972378
WNT7A,0.3259668508287293,0.1878453038674033,2.342541436464088
WNT7B,0.4530386740331492,0.06629834254143646,2.679558011049724
WRAP73,0.5303867403314917,0.055248618784530384,2.7569060773480665
WRN,0.48066298342541436,0.1712707182320442,2.7790055248618786
WRNIP1,0.48066298342541436,0.1270718232044199,2.6685082872928176
WT1,0.5248618784530387,0.055248618784530384,3.0110497237569063
WTAP,0.5248618784530387,0.06077348066298342,2.8232044198895028
WTIP,0.569060773480663,0.03867403314917127,3.110497237569061
WWC1,0.3812154696132597,0.08287292817679558,2.4696132596685083
WWOX,0.4861878453038674,0.0718232044198895,2.734806629834254
WWP1,0.7348066298342542,0.0055248618784530384,3.8011049723756907
WWP2,0.5193370165745856,0.06629834254143646,2.834254143646409
WWTR1,0.7569060773480663,0.03314917127071823,4.171270718232044
XAB2,0.40331491712707185,0.0718232044198895,2.541436464088398
XAF1,0.3867403314917127,0.09392265193370165,2.5359116022099446
XBP1,0.4419889502762431,0.07734806629834254,2.6408839779005526
XCL1,0.6961325966850829,0.016574585635359115,3.4419889502762433
XCL2,0.6961325966850829,0.016574585635359115,3.4419889502762433
XDH,0.6519337016574586,0.027624309392265192,3.1270718232044197
XIAP,0.24861878453038674,0.30386740331491713,2.0552486187845305
XIRP1,0.2983425414364641,0.19337016574585636,2.2596685082872927
XK,0.16022099447513813,0.4419889502762431,1.8453038674033149
XPA,0.585635359116022,0.06077348066298342,2.9171270718232045
XPC,0.3259668508287293,0.1878453038674033,2.342541436464088
XPO1,0.6740331491712708,0.0055248618784530384,3.270718232044199
XPO4,0.43646408839779005,0.10497237569060773,2.729281767955801
XPO5,0.6464088397790055,0.027624309392265192,3.718232044198895
XPO6,0.5248618784530387,0.0718232044198895,2.867403314917127
XPO7,0.430939226519337,0.16022099447513813,2.613259668508287
XPOT,0.6022099447513812,0.022099447513812154,3.022099447513812
XPR1,0.6740331491712708,0.022099447513812154,3.3591160220994474
XRCC1,0.5524861878453039,0.04419889502762431,2.911602209944751
XRCC2,0.4585635359116022,0.143646408839779,2.74585635359116
XRCC3,0.5469613259668509,0.06629834254143646,2.839779005524862
XRCC4,0.2596685082872928,0.13812154696132597,2.2375690607734806
XRCC5,0.5193370165745856,0.055248618784530384,2.7845303867403315
XRCC6,0.4530386740331492,0.055248618784530384,2.6906077348066297
XRN1,0.7182320441988951,0.027624309392265192,3.8729281767955803
XRN2,0.6850828729281768,0.04419889502762431,3.591160220994475
XYLT1,0.5193370165745856,0.08287292817679558,2.8232044198895028
YAF2,0.5469613259668509,0.055248618784530384,2.8121546961325965
YAP1,0.4585635359116022,0.09392265193370165,3.0386740331491713
YARS2,0.6353591160220995,0.04419889502762431,3.3535911602209945
YBX1,0.5414364640883977,0.027624309392265192,2.81767955801105
YBX3,0.6132596685082873,0.06077348066298342,3.2044198895027622
YEATS2,0.7679558011049724,0.027624309392265192,4.298342541436464
YEATS4,0.6077348066298343,0.027624309392265192,3.889502762430939
YES1,0.574585635359116,0.08287292817679558,3.25414364640884
YIF1A,0.6243093922651933,0.022099447513812154,3.160220994475138
YIF1B,0.5580110497237569,0.03314917127071823,3.088397790055249
YIPF1,0.5138121546961326,0.03867403314917127,2.701657458563536
YIPF2,0.47513812154696133,0.04419889502762431,2.712707182320442
YIPF3,0.6464088397790055,0.027624309392265192,3.718232044198895
YIPF4,0.6519337016574586,0.027624309392265192,3.138121546961326
YIPF5,0.3370165745856354,0.08839779005524862,2.3535911602209945
YIPF6,0.22099447513812154,0.3314917127071823,2.0497237569060776
YKT6,0.712707182320442,0.022099447513812154,3.7403314917127073
YLPM1,0.585635359116022,0.055248618784530384,2.8729281767955803
YME1L1,0.574585635359116,0.049723756906077346,2.9392265193370166
YOD1,0.6740331491712708,0.027624309392265192,3.3812154696132595
YPEL1,0.47513812154696133,0.0718232044198895,2.685082872928177
YRDC,0.5359116022099447,0.03314917127071823,2.845303867403315
YTHDC1,0.4088397790055249,0.07734806629834254,2.6353591160220993
YWHAB,0.7513812154696132,0.0,4.044198895027624
YWHAE,0.39779005524861877,0.09944751381215469,2.552486187845304
YWHAG,0.6574585635359116,0.027624309392265192,3.386740331491713
YWHAH,0.4530386740331492,0.06629834254143646,2.6740331491712706
YWHAQ,0.6408839779005525,0.04419889502762431,3.1215469613259668
YWHAZ,0.7624309392265194,0.0055248618784530384,4.099447513812155
YY1,0.5524861878453039,0.06077348066298342,2.839779005524862
YY1AP1,0.7016574585635359,0.016574585635359115,3.414364640883978
YY2,0.1712707182320442,0.4530386740331492,1.8066298342541436
ZAP70,0.6795580110497238,0.0055248618784530384,3.342541436464088
ZBED1,0.287292817679558,0.30939226519337015,2.18232044198895
ZBP1,0.7513812154696132,0.011049723756906077,4.005524861878453
ZBTB14,0.574585635359116,0.10497237569060773,3.292817679558011
ZBTB16,0.4088397790055249,0.12154696132596685,2.5580110497237567
ZBTB17,0.5027624309392266,0.049723756906077346,2.712707182320442
ZBTB18,0.6906077348066298,0.027624309392265192,3.4751381215469612
ZBTB22,0.5911602209944752,0.04419889502762431,2.977900552486188
ZBTB32,0.5911602209944752,0.03867403314917127,3.138121546961326
ZBTB33,0.2430939226519337,0.2983425414364641,2.0773480662983426
ZBTB38,0.712707182320442,0.027624309392265192,3.8066298342541436
ZBTB7B,0.7071823204419889,0.011049723756906077,3.425414364640884
ZC3H15,0.5966850828729282,0.03314917127071823,3.0497237569060776
ZC3H18,0.4861878453038674,0.06629834254143646,2.74585635359116
ZC3H3,0.7790055248618785,0.022099447513812154,3.955801104972376
ZC3H8,0.6685082872928176,0.022099447513812154,3.2596685082872927
ZC3HAV1,0.5027624309392266,0.09392265193370165,2.834254143646409
ZCCHC7,0.40331491712707185,0.14917127071823205,2.6187845303867405
ZCCHC8,0.574585635359116,0.04419889502762431,2.8784530386740332
ZCRB1,0.5469613259668509,0.06077348066298342,2.8232044198895028
ZDHHC17,0.5082872928176796,0.049723756906077346,2.734806629834254
ZDHHC21,0.3370165745856354,0.19337016574585636,2.4861878453038675
ZDHHC8,0.4696132596685083,0.0718232044198895,2.696132596685083
ZDHHC9,0.2430939226519337,0.292817679558011,2.0497237569060776
ZEB2,0.580110497237569,0.03314917127071823,3.027624309392265
ZER1,0.6077348066298343,0.06629834254143646,2.9226519337016574
ZFAND2B,0.5248618784530387,0.055248618784530384,2.8011049723756907
ZFHX3,0.5082872928176796,0.055248618784530384,2.773480662983425
ZFP1,0.5082872928176796,0.06077348066298342,2.81767955801105
ZFP14,0.5911602209944752,0.03867403314917127,3.1270718232044197
ZFP2,0.39226519337016574,0.0718232044198895,2.591160220994475
ZFP28,0.580110497237569,0.03867403314917127,3.088397790055249
ZFP36,0.56353591160221,0.03314917127071823,2.994475138121547
ZFP36L1,0.585635359116022,0.06077348066298342,2.845303867403315
ZFP36L2,0.6519337016574586,0.016574585635359115,3.154696132596685
ZFP37,0.585635359116022,0.06077348066298342,2.9226519337016574
ZFP69B,0.5359116022099447,0.027624309392265192,3.0552486187845305
ZFP90,0.5303867403314917,0.0718232044198895,2.994475138121547
ZFPM1,0.4861878453038674,0.06629834254143646,2.74585635359116
ZFPM2,0.7624309392265194,0.0055248618784530384,3.9392265193370166
ZFR,0.6353591160220995,0.027624309392265192,3.679558011049724
ZFYVE16,0.2596685082872928,0.143646408839779,2.2320441988950277
ZFYVE26,0.580110497237569,0.055248618784530384,2.883977900552486
ZFYVE27,0.4696132596685083,0.08839779005524862,2.5580110497237567
ZFYVE28,0.3370165745856354,0.15469613259668508,2.43646408839779
ZFYVE9,0.5138121546961326,0.03867403314917127,2.6740331491712706
ZG16,0.5469613259668509,0.0718232044198895,2.9005524861878453
ZGPAT,0.7513812154696132,0.011049723756906077,3.9447513812154695
ZHX1,0.8011049723756906,0.0055248618784530384,4.469613259668508
ZIC3,0.27071823204419887,0.281767955801105,2.088397790055249
ZIK1,0.580110497237569,0.04419889502762431,3.0828729281767955
ZIM3,0.580110497237569,0.03867403314917127,3.0939226519337018
ZKSCAN1,0.6906077348066298,0.03314917127071823,3.9889502762430937
ZKSCAN3,0.5469613259668509,0.055248618784530384,2.8729281767955803
ZKSCAN4,0.5469613259668509,0.055248618784530384,2.8729281767955803
ZKSCAN5,0.712707182320442,0.016574585635359115,4.138121546961326
ZKSCAN7,0.292817679558011,0.19337016574585636,2.226519337016575
ZKSCAN8,0.5469613259668509,0.055248618784530384,2.845303867403315
ZMAT2,0.3370165745856354,0.08287292817679558,2.3812154696132595
ZMAT5,0.4530386740331492,0.0718232044198895,2.6685082872928176
ZMIZ1,0.4861878453038674,0.06077348066298342,2.707182320441989
ZMIZ2,0.7182320441988951,0.022099447513812154,3.751381215469613
ZMPSTE24,0.5359116022099447,0.027624309392265192,3.110497237569061
ZMYM2,0.4419889502762431,0.10497237569060773,2.74585635359116
ZMYM3,0.2265193370165746,0.3259668508287293,2.0110497237569063
ZMYND11,0.5303867403314917,0.09392265193370165,2.856353591160221
ZMYND8,0.7513812154696132,0.0055248618784530384,3.9447513812154695
ZNF10,0.569060773480663,0.055248618784530384,2.850828729281768
ZNF100,0.5027624309392266,0.049723756906077346,2.8121546961325965
ZNF101,0.5027624309392266,0.03867403314917127,2.8121546961325965
ZNF112,0.56353591160221,0.03867403314917127,2.9226519337016574
ZNF114,0.56353591160221,0.049723756906077346,2.9613259668508287
ZNF12,0.7458563535911602,0.016574585635359115,3.889502762430939
ZNF124,0.6961325966850829,0.027624309392265192,3.4972375690607733
ZNF131,0.6353591160220995,0.027624309392265192,3.9447513812154695
ZNF133,0.6740331491712708,0.055248618784530384,3.4861878453038675
ZNF135,0.580110497237569,0.03867403314917127,3.138121546961326
ZNF136,0.47513812154696133,0.04419889502762431,2.723756906077348
ZNF138,0.6629834254143646,0.027624309392265192,3.4917127071823204
ZNF140,0.569060773480663,0.055248618784530384,2.850828729281768
ZNF143,0.425414364640884,0.08287292817679558,2.6629834254143647
ZNF155,0.5524861878453039,0.04419889502762431,2.9005524861878453
ZNF157,0.143646408839779,0.44751381215469616,1.7734806629834254
ZNF160,0.569060773480663,0.04419889502762431,2.9889502762430937
ZNF169,0.569060773480663,0.06629834254143646,2.911602209944751
ZNF17,0.580110497237569,0.03867403314917127,3.110497237569061
ZNF174,0.4861878453038674,0.08839779005524862,2.696132596685083
ZNF175,0.5580110497237569,0.049723756906077346,2.9502762430939224
ZNF18,0.35911602209944754,0.11049723756906077,2.4806629834254146
ZNF184,0.5359116022099447,0.055248618784530384,2.81767955801105
ZNF185,0.24861878453038674,0.292817679558011,2.0773480662983426
ZNF189,0.6022099447513812,0.06077348066298342,2.983425414364641
ZNF19,0.5193370165745856,0.06077348066298342,2.81767955801105
ZNF195,0.3867403314917127,0.10497237569060773,2.552486187845304
ZNF2,0.6850828729281768,0.0055248618784530384,3.2099447513812156
ZNF20,0.47513812154696133,0.04419889502762431,2.723756906077348
ZNF200,0.49171270718232046,0.09392265193370165,2.6906077348066297
ZNF202,0.4143646408839779,0.12154696132596685,2.5801104972375692
ZNF205,0.49171270718232046,0.09944751381215469,2.685082872928177
ZNF207,0.6353591160220995,0.03314917127071823,3.1049723756906076
ZNF208,0.4972375690607735,0.055248618784530384,2.8011049723756907
ZNF211,0.580110497237569,0.04419889502762431,3.088397790055249
ZNF212,0.4585635359116022,0.13259668508287292,2.7624309392265194
ZNF213,0.49171270718232046,0.09392265193370165,2.6906077348066297
ZNF214,0.4198895027624309,0.09392265193370165,2.6298342541436464
ZNF215,0.4198895027624309,0.09392265193370165,2.6298342541436464
ZNF217,0.7679558011049724,0.0055248618784530384,4.071823204419889
ZNF219,0.5524861878453039,0.055248618784530384,2.8729281767955803
ZNF221,0.5524861878453039,0.04419889502762431,2.9005524861878453
ZNF223,0.5524861878453039,0.03867403314917127,2.8950276243093924
ZNF224,0.5524861878453039,0.03867403314917127,2.8950276243093924
ZNF225,0.5524861878453039,0.03867403314917127,2.8950276243093924
ZNF226,0.5524861878453039,0.03867403314917127,2.8950276243093924
ZNF227,0.5580110497237569,0.03867403314917127,2.9005524861878453
ZNF230,0.5524861878453039,0.04419889502762431,2.9005524861878453
ZNF234,0.5524861878453039,0.03867403314917127,2.8950276243093924
ZNF235,0.56353591160221,0.03867403314917127,2.9226519337016574
ZNF24,0.36464088397790057,0.23756906077348067,2.4640883977900554
ZNF25,0.585635359116022,0.027624309392265192,2.972375690607735
ZNF250,0.7679558011049724,0.022099447513812154,3.9005524861878453
ZNF253,0.5082872928176796,0.03867403314917127,2.8121546961325965
ZNF254,0.49171270718232046,0.04419889502762431,2.7569060773480665
ZNF256,0.580110497237569,0.03867403314917127,3.116022099447514
ZNF257,0.4972375690607735,0.055248618784530384,2.8011049723756907
ZNF26,0.569060773480663,0.055248618784530384,2.850828729281768
ZNF263,0.49171270718232046,0.09392265193370165,2.6906077348066297
ZNF264,0.580110497237569,0.03867403314917127,3.0939226519337018
ZNF266,0.43646408839779005,0.055248618784530384,2.613259668508287
ZNF267,0.5524861878453039,0.06629834254143646,2.889502762430939
ZNF268,0.569060773480663,0.055248618784530384,2.850828729281768
ZNF274,0.580110497237569,0.055248618784530384,3.143646408839779
ZNF28,0.5580110497237569,0.04419889502762431,2.9613259668508287
ZNF280A,0.47513812154696133,0.07734806629834254,2.6685082872928176
ZNF280B,0.47513812154696133,0.07734806629834254,2.6685082872928176
ZNF282,0.4585635359116022,0.13259668508287292,2.7624309392265194
ZNF286A,0.35359116022099446,0.11049723756906077,2.4972375690607733
ZNF30,0.580110497237569,0.03867403314917127,3.138121546961326
ZNF300,0.36464088397790057,0.08287292817679558,2.403314917127072
ZNF302,0.574585635359116,0.03867403314917127,3.116022099447514
ZNF304,0.580110497237569,0.03867403314917127,3.110497237569061
ZNF311,0.56353591160221,0.049723756906077346,2.9226519337016574
ZNF317,0.425414364640884,0.06077348066298342,2.6077348066298343
ZNF32,0.56353591160221,0.049723756906077346,2.8784530386740332
ZNF320,0.5580110497237569,0.04419889502762431,2.9613259668508287
ZNF324,0.574585635359116,0.06629834254143646,3.1712707182320443
ZNF324B,0.574585635359116,0.06629834254143646,3.1712707182320443
ZNF326,0.4972375690607735,0.0718232044198895,2.591160220994475
ZNF331,0.569060773480663,0.04419889502762431,2.983425414364641
ZNF333,0.49171270718232046,0.04419889502762431,2.773480662983425
ZNF334,0.7513812154696132,0.0055248618784530384,3.9502762430939224
ZNF335,0.7513812154696132,0.0055248618784530384,3.972375690607735
ZNF337,0.6906077348066298,0.04419889502762431,3.591160220994475
ZNF33A,0.5911602209944752,0.027624309392265192,2.977900552486188
ZNF33B,0.56353591160221,0.04419889502762431,2.8784530386740332
ZNF34,0.7734806629834254,0.022099447513812154,3.911602209944751
ZNF343,0.6850828729281768,0.06629834254143646,3.447513812154696
ZNF350,0.5580110497237569,0.049723756906077346,2.955801104972376
ZNF354A,0.39226519337016574,0.06629834254143646,2.596685082872928
ZNF354C,0.39226519337016574,0.06629834254143646,2.6187845303867405
ZNF362,0.5082872928176796,0.03867403314917127,2.729281767955801
ZNF37A,0.5911602209944752,0.027624309392265192,2.977900552486188
ZNF382,0.585635359116022,0.03867403314917127,3.132596685082873
ZNF383,0.585635359116022,0.03867403314917127,3.116022099447514
ZNF384,0.6022099447513812,0.06077348066298342,3.1767955801104972
ZNF385A,0.574585635359116,0.03867403314917127,2.850828729281768
ZNF394,0.712707182320442,0.016574585635359115,4.138121546961326
ZNF396,0.36464088397790057,0.23756906077348067,2.4640883977900554
ZNF398,0.4585635359116022,0.13259668508287292,2.7624309392265194
ZNF41,0.143646408839779,0.44751381215469616,1.7624309392265194
ZNF415,0.569060773480663,0.04419889502762431,2.9889502762430937
ZNF416,0.580110497237569,0.04419889502762431,3.0828729281767955
ZNF417,0.580110497237569,0.03867403314917127,3.116022099447514
ZNF419,0.580110497237569,0.03867403314917127,3.088397790055249
ZNF420,0.580110497237569,0.04419889502762431,3.1049723756906076
ZNF423,0.5082872928176796,0.055248618784530384,2.8011049723756907
ZNF426,0.43646408839779005,0.055248618784530384,2.613259668508287
ZNF430,0.5082872928176796,0.04419889502762431,2.7845303867403315
ZNF431,0.5027624309392266,0.04419889502762431,2.7790055248618786
ZNF432,0.5580110497237569,0.049723756906077346,2.955801104972376
ZNF433,0.47513812154696133,0.04419889502762431,2.723756906077348
ZNF436,0.4585635359116022,0.049723756906077346,2.6464088397790055
ZNF439,0.4861878453038674,0.04419889502762431,2.7403314917127073
ZNF440,0.48066298342541436,0.04419889502762431,2.729281767955801
ZNF441,0.48066298342541436,0.04419889502762431,2.729281767955801
ZNF442,0.48066298342541436,0.04419889502762431,2.7403314917127073
ZNF443,0.4861878453038674,0.04419889502762431,2.751381215469613
ZNF445,0.292817679558011,0.19337016574585636,2.226519337016575
ZNF446,0.574585635359116,0.06629834254143646,3.1712707182320443
ZNF45,0.5524861878453039,0.04419889502762431,2.9005524861878453
ZNF451,0.6187845303867403,0.03867403314917127,3.1049723756906076
ZNF454,0.39226519337016574,0.0718232044198895,2.591160220994475
ZNF460,0.580110497237569,0.03867403314917127,3.110497237569061
ZNF461,0.585635359116022,0.03867403314917127,3.132596685082873
ZNF462,0.585635359116022,0.06077348066298342,2.9171270718232045
ZNF467,0.4585635359116022,0.13259668508287292,2.773480662983425
ZNF468,0.5580110497237569,0.04419889502762431,2.9613259668508287
ZNF471,0.580110497237569,0.03867403314917127,3.0828729281767955
ZNF473,0.5580110497237569,0.04419889502762431,2.9502762430939224
ZNF479,0.7348066298342542,0.0055248618784530384,4.016574585635359
ZNF480,0.5580110497237569,0.04419889502762431,2.9613259668508287
ZNF483,0.5966850828729282,0.06077348066298342,2.9447513812154695
ZNF484,0.56353591160221,0.06077348066298342,2.911602209944751
ZNF485,0.56353591160221,0.049723756906077346,2.8784530386740332
ZNF490,0.49171270718232046,0.04419889502762431,2.773480662983425
ZNF493,0.4972375690607735,0.049723756906077346,2.8121546961325965
ZNF496,0.6961325966850829,0.027624309392265192,3.4917127071823204
ZNF500,0.4861878453038674,0.08839779005524862,2.685082872928177
ZNF510,0.569060773480663,0.06077348066298342,2.8729281767955803
ZNF514,0.6850828729281768,0.0055248618784530384,3.2099447513812156
ZNF516,0.3370165745856354,0.24861878453038674,2.3259668508287294
ZNF517,0.7734806629834254,0.022099447513812154,3.911602209944751
ZNF519,0.5359116022099447,0.07734806629834254,3.0386740331491713
ZNF521,0.4585635359116022,0.14917127071823205,2.8729281767955803
ZNF526,0.5414364640883977,0.049723756906077346,2.8784530386740332
ZNF529,0.585635359116022,0.03867403314917127,3.132596685082873
ZNF544,0.580110497237569,0.055248618784530384,3.149171270718232
ZNF547,0.580110497237569,0.03867403314917127,3.110497237569061
ZNF549,0.580110497237569,0.03867403314917127,3.088397790055249
ZNF551,0.580110497237569,0.04419889502762431,3.1215469613259668
ZNF552,0.580110497237569,0.03867403314917127,3.116022099447514
ZNF554,0.39779005524861877,0.0718232044198895,2.546961325966851
ZNF555,0.39779005524861877,0.0718232044198895,2.546961325966851
ZNF556,0.39779005524861877,0.0718232044198895,2.546961325966851
ZNF557,0.4088397790055249,0.06629834254143646,2.546961325966851
ZNF559,0.425414364640884,0.06077348066298342,2.596685082872928
ZNF561,0.43646408839779005,0.049723756906077346,2.6187845303867405
ZNF562,0.4419889502762431,0.049723756906077346,2.6243093922651934
ZNF564,0.4861878453038674,0.04419889502762431,2.751381215469613
ZNF566,0.585635359116022,0.04419889502762431,3.116022099447514
ZNF567,0.585635359116022,0.03867403314917127,3.132596685082873
ZNF569,0.574585635359116,0.03867403314917127,3.0939226519337018
ZNF582,0.574585635359116,0.03867403314917127,3.0607734806629834
ZNF585A,0.585635359116022,0.03867403314917127,3.116022099447514
ZNF585B,0.585635359116022,0.03867403314917127,3.116022099447514
ZNF587,0.580110497237569,0.03867403314917127,3.116022099447514
ZNF589,0.2596685082872928,0.20994475138121546,2.149171270718232
ZNF592,0.5303867403314917,0.027624309392265192,2.977900552486188
ZNF593,0.4419889502762431,0.07734806629834254,2.546961325966851
ZNF596,0.44751381215469616,0.14917127071823205,2.773480662983425
ZNF597,0.4861878453038674,0.08839779005524862,2.696132596685083
ZNF599,0.574585635359116,0.03867403314917127,3.132596685082873
ZNF600,0.5580110497237569,0.04419889502762431,2.9613259668508287
ZNF605,0.569060773480663,0.055248618784530384,2.850828729281768
ZNF606,0.580110497237569,0.03867403314917127,3.116022099447514
ZNF607,0.569060773480663,0.03314917127071823,3.088397790055249
ZNF611,0.5580110497237569,0.04419889502762431,2.9613259668508287
ZNF613,0.5580110497237569,0.049723756906077346,2.955801104972376
ZNF614,0.5580110497237569,0.049723756906077346,2.955801104972376
ZNF615,0.5580110497237569,0.049723756906077346,2.955801104972376
ZNF616,0.5580110497237569,0.049723756906077346,2.955801104972376
ZNF620,0.2983425414364641,0.1878453038674033,2.298342541436464
ZNF621,0.2983425414364641,0.1878453038674033,2.298342541436464
ZNF622,0.6685082872928176,0.027624309392265192,3.911602209944751
ZNF624,0.35911602209944754,0.11602209944751381,2.5248618784530388
ZNF625,0.47513812154696133,0.04419889502762431,2.723756906077348
ZNF626,0.5082872928176796,0.04419889502762431,2.7955801104972378
ZNF627,0.47513812154696133,0.04419889502762431,2.707182320441989
ZNF638,0.6685082872928176,0.0055248618784530384,3.226519337016575
ZNF641,0.5580110497237569,0.055248618784530384,2.834254143646409
ZNF649,0.5580110497237569,0.049723756906077346,2.955801104972376
ZNF653,0.4696132596685083,0.04419889502762431,2.701657458563536
ZNF655,0.7071823204419889,0.022099447513812154,4.066298342541437
ZNF658,0.5359116022099447,0.06629834254143646,2.7900552486187844
ZNF660,0.292817679558011,0.19337016574585636,2.226519337016575
ZNF662,0.2983425414364641,0.1878453038674033,2.2430939226519335
ZNF664,0.56353591160221,0.04419889502762431,2.861878453038674
ZNF665,0.56353591160221,0.04419889502762431,2.972375690607735
ZNF668,0.5524861878453039,0.06629834254143646,2.889502762430939
ZNF669,0.6961325966850829,0.027624309392265192,3.4972375690607733
ZNF670,0.6961325966850829,0.027624309392265192,3.5027624309392267
ZNF671,0.580110497237569,0.04419889502762431,3.1215469613259668
ZNF675,0.48066298342541436,0.04419889502762431,2.7679558011049723
ZNF676,0.4861878453038674,0.049723756906077346,2.8011049723756907
ZNF678,0.6740331491712708,0.027624309392265192,3.403314917127072
ZNF679,0.6795580110497238,0.022099447513812154,3.5193370165745854
ZNF684,0.5359116022099447,0.027624309392265192,3.0552486187845305
ZNF687,0.7182320441988951,0.0055248618784530384,3.4917127071823204
ZNF689,0.5580110497237569,0.06629834254143646,2.9226519337016574
ZNF69,0.48066298342541436,0.04419889502762431,2.734806629834254
ZNF691,0.5414364640883977,0.027624309392265192,2.81767955801105
ZNF692,0.6850828729281768,0.03314917127071823,3.453038674033149
ZNF696,0.7790055248618785,0.022099447513812154,3.955801104972376
ZNF699,0.425414364640884,0.06077348066298342,2.596685082872928
ZNF7,0.7734806629834254,0.022099447513812154,3.911602209944751
ZNF70,0.47513812154696133,0.0718232044198895,2.685082872928177
ZNF701,0.5580110497237569,0.04419889502762431,2.9613259668508287
ZNF703,0.574585635359116,0.11602209944751381,3.4972375690607733
ZNF705G,0.46408839779005523,0.15469613259668508,2.8784530386740332
ZNF707,0.7790055248618785,0.022099447513812154,3.955801104972376
ZNF708,0.4972375690607735,0.049723756906077346,2.8121546961325965
ZNF71,0.580110497237569,0.03867403314917127,3.088397790055249
ZNF710,0.569060773480663,0.022099447513812154,3.116022099447514
ZNF711,0.20994475138121546,0.34806629834254144,1.9723756906077348
ZNF714,0.5027624309392266,0.04419889502762431,2.7790055248618786
ZNF716,0.7348066298342542,0.0055248618784530384,4.011049723756906
ZNF721,0.35911602209944754,0.1712707182320442,2.4751381215469612
ZNF724,0.48066298342541436,0.04419889502762431,2.7624309392265194
ZNF726,0.48066298342541436,0.04419889502762431,2.734806629834254
ZNF732,0.36464088397790057,0.16574585635359115,2.4861878453038675
ZNF738,0.4972375690607735,0.049723756906077346,2.8121546961325965
ZNF74,0.4696132596685083,0.07734806629834254,2.773480662983425
ZNF740,0.569060773480663,0.055248618784530384,2.81767955801105
ZNF746,0.4585635359116022,0.13259668508287292,2.7624309392265194
ZNF747,0.5580110497237569,0.06629834254143646,2.9226519337016574
ZNF75A,0.49171270718232046,0.09392265193370165,2.6906077348066297
ZNF76,0.6022099447513812,0.049723756906077346,2.983425414364641
ZNF764,0.5580110497237569,0.06629834254143646,2.9226519337016574
ZNF77,0.39779005524861877,0.0718232044198895,2.546961325966851
ZNF770,0.4585635359116022,0.055248618784530384,2.707182320441989
ZNF771,0.5580110497237569,0.06629834254143646,2.9226519337016574
ZNF773,0.580110497237569,0.03867403314917127,3.088397790055249
ZNF774,0.574585635359116,0.016574585635359115,3.138121546961326
ZNF775,0.4585635359116022,0.13259668508287292,2.7624309392265194
ZNF785,0.5580110497237569,0.06629834254143646,2.9226519337016574
ZNF786,0.4585635359116022,0.13259668508287292,2.7624309392265194
ZNF79,0.6077348066298343,0.06629834254143646,2.9226519337016574
ZNF790,0.5911602209944752,0.03867403314917127,3.138121546961326
ZNF791,0.49171270718232046,0.04419889502762431,2.773480662983425
ZNF792,0.585635359116022,0.03867403314917127,3.132596685082873
ZNF804B,0.712707182320442,0.016574585635359115,4.143646408839779
ZNF830,0.585635359116022,0.049723756906077346,2.994475138121547
ZNF860,0.3149171270718232,0.19337016574585636,2.303867403314917
ZNF875,0.574585635359116,0.03314917127071823,3.088397790055249
ZNF92,0.6574585635359116,0.027624309392265192,3.5359116022099446
ZNF99,0.47513812154696133,0.049723756906077346,2.7569060773480665
ZNHIT6,0.4972375690607735,0.06629834254143646,2.596685082872928
ZNRF1,0.5082872928176796,0.06077348066298342,2.81767955801105
ZNRF2,0.7292817679558011,0.022099447513812154,3.8066298342541436
ZNRF3,0.4419889502762431,0.07734806629834254,2.6353591160220993
ZP2,0.5138121546961326,0.08839779005524862,2.8011049723756907
ZP3,0.6574585635359116,0.027624309392265192,3.386740331491713
ZP4,0.6795580110497238,0.022099447513812154,3.541436464088398
ZPR1,0.4088397790055249,0.11602209944751381,2.6464088397790055
ZRANB1,0.5193370165745856,0.06629834254143646,2.7679558011049723
ZRANB2,0.4861878453038674,0.055248618784530384,2.6408839779005526
ZRSR2,0.1712707182320442,0.4585635359116022,1.7900552486187846
ZSCAN22,0.580110497237569,0.06077348066298342,3.18232044198895
ZSCAN25,0.7016574585635359,0.022099447513812154,4.060773480662983
ZSWIM7,0.35911602209944754,0.11602209944751381,2.5027624309392267
ZW10,0.4088397790055249,0.12154696132596685,2.552486187845304
ZWILCH,0.4972375690607735,0.04419889502762431,2.7845303867403315
ZWINT,0.5193370165745856,0.055248618784530384,2.839779005524862
ZYX,0.49171270718232046,0.09944751381215469,2.8121546961325965
