gene,amp_freq,del_freq,mean_cnv
A1BG,0.4774066797642436,0.03929273084479371,2.7524557956777995
A1CF,0.3988212180746562,0.04518664047151277,2.6090373280943027
A2M,0.518664047151277,0.025540275049115914,3.1571709233791747
A4GALT,0.44793713163064836,0.025540275049115914,2.8094302554027504
A4GNT,0.7053045186640472,0.003929273084479371,3.848722986247544
AAAS,0.46168958742632615,0.019646365422396856,2.744597249508841
AACS,0.4577603143418468,0.019646365422396856,2.764243614931238
AADAT,0.33398821218074654,0.10019646365422397,2.418467583497053
AAK1,0.47544204322200395,0.0019646365422396855,2.9037328094302555
AAMP,0.343811394891945,0.09037328094302555,2.4597249508840866
AANAT,0.48722986247544203,0.03732809430255403,2.868369351669941
AAR2,0.5697445972495089,0.019646365422396856,3.2848722986247543
AARS2,0.4675834970530452,0.0412573673870334,2.8526522593320234
AARSD1,0.449901768172888,0.019646365422396856,2.787819253438114
AASDHPPT,0.3163064833005894,0.18271119842829076,2.432220039292731
AASS,0.44204322200392926,0.08055009823182711,2.7662082514734774
AATF,0.44204322200392926,0.019646365422396856,2.793713163064833
ABAT,0.4774066797642436,0.029469548133595286,2.8015717092337917
ABCA1,0.5363457760314342,0.03143418467583497,3.017681728880157
ABCA2,0.5284872298624754,0.05108055009823183,2.9783889980353635
ABCA7,0.3575638506876228,0.11787819253438114,2.418467583497053
ABCB1,0.5108055009823183,0.023575638506876228,3.1591355599214146
ABCB10,0.5442043222003929,0.007858546168958742,3.031434184675835
ABCB4,0.5108055009823183,0.023575638506876228,3.1139489194499017
ABCB6,0.33988212180746563,0.09037328094302555,2.4557956777996073
ABCB7,0.15520628683693516,0.4086444007858546,1.8664047151277015
ABCC1,0.4636542239685658,0.03339882121807466,2.7662082514734774
ABCC11,0.45579567779960706,0.07072691552062868,2.7799607072691552
ABCC3,0.46168958742632615,0.011787819253438114,2.8271119842829076
ABCC8,0.3889980353634578,0.08644400785854617,2.583497053045187
ABCC9,0.5147347740667977,0.023575638506876228,3.2023575638506876
ABCD1,0.21414538310412573,0.35363457760314343,1.9980353634577603
ABCD2,0.4518664047151277,0.025540275049115914,2.7799607072691552
ABCD3,0.3889980353634578,0.047151277013752456,2.595284872298625
ABCD4,0.4950884086444008,0.03536345776031434,3.0471512770137523
ABCE1,0.36345776031434185,0.07269155206286837,2.5147347740667976
ABCF1,0.449901768172888,0.04911591355599214,2.8231827111984282
ABCG1,0.30844793713163066,0.10216110019646366,2.3772102161100195
ABCG2,0.381139489194499,0.060903732809430254,2.5717092337917484
ABCG4,0.3025540275049116,0.1905697445972495,2.3084479371316307
ABCG8,0.4774066797642436,0.007858546168958742,2.9096267190569747
ABHD12,0.5324165029469549,0.03339882121807466,3.1257367387033397
ABHD5,0.12573673870333987,0.2888015717092338,1.9076620825147348
ABHD6,0.11787819253438114,0.30648330058939094,1.8762278978388998
ABI1,0.3654223968565815,0.09430255402750491,2.5402750491159134
ABI2,0.3968565815324165,0.06679764243614932,2.662082514734774
ABI3,0.4656188605108055,0.011787819253438114,2.8290766208251474
ABL1,0.5422396856581533,0.03929273084479371,3.019646365422397
ABL2,0.5363457760314342,0.007858546168958742,2.9489194499017684
ABLIM2,0.30844793713163066,0.15324165029469547,2.3909626719056973
ABLIM3,0.29862475442043224,0.09233791748526522,2.3850687622789786
ABR,0.38703339882121807,0.09430255402750491,2.5599214145383105
ABRA,0.7583497053045186,0.0019646365422396855,4.033398821218075
ABRAXAS1,0.37721021611001965,0.06679764243614932,2.5540275049115913
ABRAXAS2,0.4066797642436149,0.05893909626719057,2.5776031434184676
ABT1,0.44204322200392926,0.05893909626719057,2.7387033398821217
ABTB1,0.656188605108055,0.005893909626719057,3.5756385068762278
ACAA1,0.12966601178781925,0.2888015717092338,1.9115913555992141
ACAA2,0.2593320235756385,0.206286836935167,2.243614931237721
ACACA,0.4400785854616896,0.019646365422396856,2.7897838899803538
ACACB,0.45579567779960706,0.015717092337917484,2.75049115913556
ACAD10,0.45579567779960706,0.015717092337917484,2.7406679764243616
ACAD8,0.30648330058939094,0.18271119842829076,2.3222003929273085
ACAD9,0.6620825147347741,0.005893909626719057,3.583497053045187
ACADL,0.35952848722986247,0.09037328094302555,2.4911591355599216
ACADM,0.4027504911591356,0.03536345776031434,2.6208251473477406
ACADS,0.4675834970530452,0.0137524557956778,2.781925343811395
ACADSB,0.4106090373280943,0.05893909626719057,2.5776031434184676
ACADVL,0.381139489194499,0.0962671905697446,2.5461689587426326
ACAN,0.4400785854616896,0.05304518664047151,2.7210216110019645
ACAT1,0.3045186640471513,0.18664047151277013,2.326129666011788
ACAT2,0.4066797642436149,0.0412573673870334,2.6483300589390963
ACBD3,0.5442043222003929,0.007858546168958742,3.0078585461689586
ACBD6,0.5363457760314342,0.007858546168958742,2.9489194499017684
ACE,0.48722986247544203,0.015717092337917484,2.8762278978388998
ACE2,0.12573673870333987,0.5009823182711198,1.7033398821218075
ACER1,0.3889980353634578,0.09233791748526522,2.5147347740667976
ACER2,0.34970530451866405,0.1787819253438114,2.6935166994106092
ACER3,0.41846758349705304,0.12180746561886051,2.825147347740668
ACHE,0.5245579567779961,0.015717092337917484,3.1591355599214146
ACIN1,0.45972495088408644,0.05304518664047151,2.899803536345776
ACKR1,0.5402750491159135,0.005893909626719057,2.9724950884086443
ACKR2,0.12573673870333987,0.2888015717092338,1.9076620825147348
ACKR3,0.3477406679764244,0.09233791748526522,2.475442043222004
ACLY,0.44597249508840864,0.019646365422396856,2.791748526522593
ACMSD,0.449901768172888,0.019646365422396856,2.756385068762279
ACO1,0.3791748526522593,0.16306483300589392,2.730844793713163
ACO2,0.4518664047151277,0.023575638506876228,2.821218074656189
ACOT1,0.4950884086444008,0.03536345776031434,3.0275049115913557
ACOT11,0.4361493123772102,0.023575638506876228,2.701375245579568
ACOT12,0.2593320235756385,0.1237721021611002,2.2888015717092336
ACOT13,0.43418467583497056,0.060903732809430254,2.7288801571709236
ACOT2,0.4950884086444008,0.03536345776031434,3.0275049115913557
ACOT4,0.4950884086444008,0.03536345776031434,3.0275049115913557
ACOT7,0.4263261296660118,0.047151277013752456,2.675834970530452
ACOT8,0.5363457760314342,0.023575638506876228,3.117878192534381
ACOX1,0.4950884086444008,0.0275049115913556,2.8880157170923377
ACOX2,0.11984282907662082,0.30648330058939094,1.880157170923379
ACOX3,0.30844793713163066,0.15324165029469547,2.3909626719056973
ACP1,0.46168958742632615,0.025540275049115914,2.836935166994106
ACP2,0.4165029469548134,0.06679764243614932,2.6895874263261295
ACP5,0.4302554027504912,0.05304518664047151,2.654223968565815
ACR,0.4400785854616896,0.04518664047151277,2.8113948919449903
ACSBG1,0.4223968565815324,0.06483300589390963,2.6463654223968565
ACSF3,0.4381139489194499,0.068762278978389,2.7111984282907664
ACSL1,0.32220039292730845,0.12770137524557956,2.398821218074656
ACSL3,0.3418467583497053,0.0962671905697446,2.447937131630648
ACSL4,0.18467583497053044,0.3850687622789784,1.931237721021611
ACSL5,0.3968565815324165,0.05893909626719057,2.552062868369352
ACSM1,0.4636542239685658,0.03339882121807466,2.764243614931238
ACSM2B,0.4636542239685658,0.03536345776031434,2.762278978388998
ACSM5,0.46168958742632615,0.03536345776031434,2.7524557956777995
ACSS1,0.5343811394891945,0.03536345776031434,3.131630648330059
ACSS2,0.581532416502947,0.009823182711198428,3.400785854616896
ACSS3,0.44597249508840864,0.019646365422396856,2.7111984282907664
ACTA1,0.5442043222003929,0.007858546168958742,3.013752455795678
ACTBL2,0.27897838899803534,0.1100196463654224,2.398821218074656
ACTC1,0.3948919449901768,0.068762278978389,2.612966601178782
ACTG1,0.4675834970530452,0.047151277013752456,2.8231827111984282
ACTG2,0.4715127701375246,0.0019646365422396855,2.905697445972495
ACTL6A,0.7858546168958742,0.0,4.673870333988212
ACTL6B,0.5265225933202358,0.015717092337917484,3.1846758349705304
ACTL7A,0.5402750491159135,0.029469548133595286,3.049115913555992
ACTN1,0.48919449901768175,0.03339882121807466,3.025540275049116
ACTN2,0.5461689587426326,0.007858546168958742,3.043222003929273
ACTN3,0.5579567779960707,0.01768172888015717,3.182711198428291
ACTN4,0.4675834970530452,0.03732809430255403,2.7956777996070725
ACTR10,0.4911591355599214,0.03536345776031434,3.019646365422397
ACTR1A,0.3850687622789784,0.06679764243614932,2.5147347740667976
ACTR1B,0.47347740667976423,0.007858546168958742,2.9901768172888015
ACTR2,0.47544204322200395,0.0,2.913555992141454
ACTR3,0.4774066797642436,0.009823182711198428,2.893909626719057
ACTR3B,0.41453831041257366,0.11198428290766209,2.638506876227898
ACTR3C,0.41846758349705304,0.1100196463654224,2.654223968565815
ACTR5,0.5579567779960707,0.021611001964636542,3.194499017681729
ACTR6,0.45579567779960706,0.0137524557956778,2.7406679764243616
ACTR8,0.11787819253438114,0.30844793713163066,1.87426326129666
ACVR1,0.44793713163064836,0.01768172888015717,2.7799607072691552
ACVR1B,0.4577603143418468,0.019646365422396856,2.7347740667976423
ACVR1C,0.44793713163064836,0.01768172888015717,2.7799607072691552
ACVR2A,0.449901768172888,0.015717092337917484,2.776031434184676
ACVR2B,0.12966601178781925,0.2888015717092338,1.9115913555992141
ACVRL1,0.4577603143418468,0.019646365422396856,2.7347740667976423
ACY1,0.11787819253438114,0.30648330058939094,1.8762278978388998
ACYP2,0.4715127701375246,0.003929273084479371,2.9017681728880156
ADA,0.5402750491159135,0.025540275049115914,3.1218074656188604
ADAM10,0.4027504911591356,0.06679764243614932,2.62671905697446
ADAM11,0.4577603143418468,0.01768172888015717,2.799607072691552
ADAM12,0.4066797642436149,0.05893909626719057,2.5736738703339883
ADAM15,0.5402750491159135,0.005893909626719057,2.9489194499017684
ADAM17,0.45579567779960706,0.021611001964636542,2.825147347740668
ADAM19,0.3005893909626719,0.09233791748526522,2.392927308447937
ADAM2,0.4106090373280943,0.14931237721021612,2.8408644400785854
ADAM21,0.48722986247544203,0.03536345776031434,3.0098231827111985
ADAM22,0.5108055009823183,0.023575638506876228,3.151277013752456
ADAM28,0.2868369351669941,0.23772102161100198,2.280943025540275
ADAM30,0.36345776031434185,0.09233791748526522,2.587426326129666
ADAM8,0.4106090373280943,0.06286836935166994,2.581532416502947
ADAM9,0.41453831041257366,0.14734774066797643,2.9292730844793713
ADAMTS1,0.3182711198428291,0.09037328094302555,2.4106090373280944
ADAMTS12,0.6070726915520629,0.003929273084479371,3.522593320235756
ADAMTS13,0.5343811394891945,0.03929273084479371,3.013752455795678
ADAMTS18,0.45972495088408644,0.068762278978389,2.760314341846758
ADAMTS2,0.3045186640471513,0.09823182711198428,2.3948919449901767
ADAMTS4,0.5383104125736738,0.005893909626719057,2.974459724950884
ADAMTS5,0.32023575638506874,0.09037328094302555,2.4145383104125737
ADAMTS7,0.4263261296660118,0.06286836935166994,2.662082514734774
ADAMTSL1,0.34970530451866405,0.1787819253438114,2.6895874263261295
ADAMTSL2,0.5343811394891945,0.03929273084479371,3.013752455795678
ADAMTSL3,0.43418467583497056,0.0550098231827112,2.701375245579568
ADAMTSL5,0.3575638506876228,0.11591355599214145,2.420432220039293
ADAP1,0.5658153241650294,0.015717092337917484,3.269155206286837
ADAP2,0.43222003929273084,0.023575638506876228,2.7583497053045187
ADAR,0.5402750491159135,0.005893909626719057,2.956777996070727
ADCY1,0.5540275049115914,0.015717092337917484,3.2023575638506876
ADCY10,0.5363457760314342,0.009823182711198428,2.9960707269155207
ADCY2,0.6267190569744597,0.009823182711198428,3.5540275049115913
ADCY3,0.4715127701375246,0.011787819253438114,2.864440078585462
ADCY5,0.6483300589390962,0.005893909626719057,3.5265225933202355
ADCY6,0.449901768172888,0.019646365422396856,2.7387033398821217
ADCY7,0.4538310412573674,0.07072691552062868,2.7583497053045187
ADCY8,0.7799607072691552,0.003929273084479371,4.153241650294696
ADCY9,0.4675834970530452,0.03732809430255403,2.756385068762279
ADCYAP1,0.5225933202357563,0.04518664047151277,3.243614931237721
ADD1,0.3143418467583497,0.14931237721021612,2.404715127701375
ADD2,0.47347740667976423,0.0019646365422396855,2.899803536345776
ADD3,0.3988212180746562,0.05893909626719057,2.56385068762279
ADGRA2,0.4106090373280943,0.15324165029469547,2.9528487229862477
ADGRB1,0.7721021611001965,0.0019646365422396855,4.0746561886051085
ADGRE5,0.43418467583497056,0.047151277013752456,2.6915520628683693
ADGRF5,0.4774066797642436,0.047151277013752456,2.895874263261297
ADGRG3,0.4577603143418468,0.06679764243614932,2.7662082514734774
ADGRL1,0.43418467583497056,0.047151277013752456,2.7072691552062866
ADGRL2,0.4027504911591356,0.0412573673870334,2.618860510805501
ADGRL3,0.3968565815324165,0.05697445972495088,2.650294695481336
ADH1A,0.3693516699410609,0.06286836935166994,2.5166994106090375
ADH1B,0.3693516699410609,0.06286836935166994,2.5166994106090375
ADH1C,0.3693516699410609,0.06286836935166994,2.5166994106090375
ADH4,0.36738703339882123,0.06286836935166994,2.5147347740667976
ADH5,0.36738703339882123,0.06286836935166994,2.5147347740667976
ADH7,0.3693516699410609,0.06286836935166994,2.5166994106090375
ADHFE1,0.7072691552062869,0.003929273084479371,3.8113948919449903
ADI1,0.45579567779960706,0.023575638506876228,2.8271119842829076
ADIPOQ,0.787819253438114,0.0,4.461689587426326
ADIPOR1,0.5442043222003929,0.007858546168958742,2.982318271119843
ADIPOR2,0.5265225933202358,0.021611001964636542,3.255402750491159
ADK,0.3968565815324165,0.0550098231827112,2.5776031434184676
ADM,0.381139489194499,0.09430255402750491,2.5481335952848725
ADNP,0.5343811394891945,0.023575638506876228,3.100196463654224
ADO,0.3988212180746562,0.04518664047151277,2.642436149312377
ADORA1,0.5442043222003929,0.007858546168958742,2.982318271119843
ADORA2A,0.46168958742632615,0.021611001964636542,2.880157170923379
ADORA2B,0.3948919449901768,0.09037328094302555,2.6365422396856584
ADPGK,0.41453831041257366,0.05893909626719057,2.7288801571709236
ADRA1A,0.2888015717092338,0.22986247544204322,2.286836935166994
ADRA1B,0.29862475442043224,0.09233791748526522,2.388998035363458
ADRA1D,0.5324165029469549,0.047151277013752456,3.049115913555992
ADRA2A,0.3988212180746562,0.05893909626719057,2.56188605108055
ADRA2B,0.4715127701375246,0.005893909626719057,2.9096267190569747
ADRA2C,0.31237721021611004,0.1512770137524558,2.400785854616896
ADRB1,0.3968565815324165,0.05893909626719057,2.5551181102362204
ADRB2,0.29862475442043224,0.09233791748526522,2.3850687622789786
ADRB3,0.4165029469548134,0.14931237721021612,2.9921414538310414
ADRM1,0.5383104125736738,0.019646365422396856,3.119842829076621
ADSL,0.45579567779960706,0.023575638506876228,2.8330058939096268
AEBP2,0.5206286836935167,0.021611001964636542,3.2730844793713163
AFAP1,0.30844793713163066,0.15324165029469547,2.388998035363458
AFDN,0.41453831041257366,0.0412573673870334,2.6719056974459723
AFF1,0.37721021611001965,0.06286836935166994,2.56385068762279
AFF4,0.2868369351669941,0.10216110019646366,2.361493123772102
AFG3L2,0.48919449901768175,0.0412573673870334,3.049115913555992
AFMID,0.481335952848723,0.03732809430255403,2.850687622789784
AGA,0.3241650294695481,0.11198428290766209,2.420432220039293
AGAP2,0.4675834970530452,0.01768172888015717,2.807465618860511
AGER,0.4518664047151277,0.04911591355599214,2.787819253438114
AGFG1,0.3418467583497053,0.08644400785854617,2.4675834970530452
AGGF1,0.2632612966601179,0.1237721021611002,2.2966601178781927
AGL,0.3791748526522593,0.05304518664047151,2.5658153241650297
AGMAT,0.4204322200392927,0.05304518664047151,2.630648330058939
AGMO,0.5736738703339882,0.015717092337917484,3.2770137524557956
AGO1,0.4518664047151277,0.019646365422396856,2.719056974459725
AGO2,0.7721021611001965,0.0019646365422396855,4.070726915520629
AGO3,0.4518664047151277,0.019646365422396856,2.719056974459725
AGO4,0.4518664047151277,0.019646365422396856,2.719056974459725
AGPAT1,0.4518664047151277,0.04911591355599214,2.787819253438114
AGPAT2,0.5245579567779961,0.0550098231827112,2.970530451866405
AGPAT3,0.31237721021611004,0.09823182711198428,2.3909626719056973
AGPAT4,0.4066797642436149,0.03929273084479371,2.654223968565815
AGPAT5,0.2770137524557957,0.25343811394891946,2.2416502946954813
AGPS,0.47347740667976423,0.0137524557956778,3.0157170923379173
AGR2,0.5756385068762279,0.0137524557956778,3.2711198428290764
AGR3,0.5756385068762279,0.0137524557956778,3.2711198428290764
AGRN,0.4361493123772102,0.043222003929273084,2.68565815324165
AGRP,0.4675834970530452,0.060903732809430254,2.762278978388998
AGT,0.5442043222003929,0.007858546168958742,3.0216110019646365
AGTR1,0.7426326129666012,0.0019646365422396855,4.2239685658153245
AGTR2,0.18467583497053044,0.38703339882121807,1.9410609037328095
AGTRAP,0.4243614931237721,0.04518664047151277,2.654223968565815
AGXT,0.35363457760314343,0.09430255402750491,2.4852652259332024
AGXT2,0.6031434184675835,0.003929273084479371,3.5284872298624754
AHCTF1,0.555992141453831,0.015717092337917484,3.0373280943025542
AHCY,0.5913555992141454,0.005893909626719057,3.449901768172888
AHCYL1,0.34970530451866405,0.068762278978389,2.4833005893909625
AHCYL2,0.4302554027504912,0.09037328094302555,2.7210216110019645
AHI1,0.42829076620825146,0.03536345776031434,2.7072691552062866
AHNAK,0.4793713163064833,0.029469548133595286,2.8762278978388998
AHR,0.5756385068762279,0.0137524557956778,3.269155206286837
AHRR,0.6345776031434185,0.009823182711198428,3.6286836935166993
AHSA1,0.4931237721021611,0.03732809430255403,3.0392927308447937
AHSG,0.7858546168958742,0.0,4.455795677799607
AHSP,0.46954813359528486,0.0275049115913556,2.793713163064833
AICDA,0.518664047151277,0.025540275049115914,3.1473477406679766
AIF1,0.4518664047151277,0.04911591355599214,2.8035363457760316
AIFM1,0.1925343811394892,0.3831041257367387,1.9410609037328095
AIFM2,0.39096267190569745,0.04911591355599214,2.5599214145383105
AIM2,0.5402750491159135,0.005893909626719057,2.974459724950884
AIMP1,0.3693516699410609,0.05893909626719057,2.524557956777996
AIMP2,0.5756385068762279,0.009823182711198428,3.298624754420432
AIP,0.5540275049115914,0.0275049115913556,3.2318271119842827
AIPL1,0.381139489194499,0.0962671905697446,2.5442043222003927
AJAP1,0.4263261296660118,0.047151277013752456,2.6797642436149314
AJUBA,0.45972495088408644,0.05304518664047151,2.899803536345776
AK2,0.44597249508840864,0.029469548133595286,2.7111984282907664
AK3,0.37328094302554027,0.17092337917485265,2.9528487229862477
AK4,0.4204322200392927,0.0275049115913556,2.669941060903733
AK5,0.40078585461689586,0.03536345776031434,2.6168958742632613
AK8,0.5343811394891945,0.0412573673870334,3.0039292730844793
AKAP1,0.4656188605108055,0.021611001964636542,2.836935166994106
AKAP10,0.40078585461689586,0.0825147347740668,2.6090373280943027
AKAP12,0.40471512770137524,0.03929273084479371,2.650294695481336
AKAP13,0.43222003929273084,0.05697445972495088,2.699410609037328
AKAP14,0.18664047151277013,0.3831041257367387,1.9430255402750491
AKAP3,0.5265225933202358,0.019646365422396856,3.25147347740668
AKAP4,0.12770137524557956,0.5127701375245579,1.7072691552062869
AKAP5,0.4950884086444008,0.03536345776031434,3.0550098231827114
AKAP7,0.44204322200392926,0.03929273084479371,2.7111984282907664
AKAP8,0.4400785854616896,0.047151277013752456,2.724950884086444
AKAP8L,0.4400785854616896,0.047151277013752456,2.724950884086444
AKAP9,0.518664047151277,0.021611001964636542,3.3025540275049114
AKIRIN1,0.4577603143418468,0.015717092337917484,2.7701375245579567
AKIRIN2,0.4106090373280943,0.04518664047151277,2.6660117878192535
AKR1A1,0.4538310412573674,0.015717092337917484,2.7524557956777995
AKR1B1,0.4223968565815324,0.10216110019646366,2.6777996070726915
AKR1C1,0.3693516699410609,0.10805500982318271,2.520628683693517
AKR1C2,0.3654223968565815,0.1100196463654224,2.5108055009823183
AKR1C3,0.3654223968565815,0.10805500982318271,2.5147347740667976
AKR1C4,0.36738703339882123,0.10609037328094302,2.524557956777996
AKR1D1,0.4302554027504912,0.10019646365422397,2.7033398821218073
AKR7A2,0.4223968565815324,0.04518664047151277,2.6326129666011786
AKR7A3,0.4223968565815324,0.04518664047151277,2.6326129666011786
AKT1,0.48919449901768175,0.05304518664047151,3.0275049115913557
AKT1S1,0.4656188605108055,0.03143418467583497,2.7229862475442044
AKT2,0.4636542239685658,0.03929273084479371,2.793713163064833
AKT3,0.5540275049115914,0.007858546168958742,3.043222003929273
AKTIP,0.45579567779960706,0.07269155206286837,2.756385068762279
ALAD,0.5363457760314342,0.03143418467583497,3.011787819253438
ALAS1,0.11787819253438114,0.30648330058939094,1.8762278978388998
ALB,0.412573673870334,0.047151277013752456,2.730844793713163
ALCAM,0.6168958742632613,0.0137524557956778,3.4459724950884087
ALDH18A1,0.3831041257367387,0.068762278978389,2.5088408644400784
ALDH1A1,0.4911591355599214,0.060903732809430254,2.8978388998035363
ALDH1A2,0.40471512770137524,0.06679764243614932,2.6286836935166993
ALDH1A3,0.45579567779960706,0.043222003929273084,2.799607072691552
ALDH1B1,0.37328094302554027,0.16306483300589392,2.699410609037328
ALDH1L1,0.6542239685658153,0.005893909626719057,3.56188605108055
ALDH1L2,0.45579567779960706,0.015717092337917484,2.7347740667976423
ALDH2,0.45579567779960706,0.015717092337917484,2.7406679764243616
ALDH3A1,0.4027504911591356,0.0825147347740668,2.612966601178782
ALDH3A2,0.4027504911591356,0.0825147347740668,2.612966601178782
ALDH3B1,0.5442043222003929,0.03339882121807466,3.2337917485265226
ALDH4A1,0.4223968565815324,0.04518664047151277,2.6326129666011786
ALDH5A1,0.43418467583497056,0.060903732809430254,2.7288801571709236
ALDH6A1,0.4950884086444008,0.03732809430255403,3.0275049115913557
ALDH9A1,0.5363457760314342,0.007858546168958742,2.986247544204322
ALDOC,0.43418467583497056,0.019646365422396856,2.7956777996070725
ALG1,0.4675834970530452,0.03732809430255403,2.762278978388998
ALG10,0.5029469548133595,0.011787819253438114,3.1119842829076623
ALG10B,0.4538310412573674,0.025540275049115914,2.8153241650294696
ALG11,0.3241650294695481,0.17092337917485265,2.392927308447937
ALG12,0.44793713163064836,0.0412573673870334,2.819253438113949
ALG13,0.18467583497053044,0.38703339882121807,1.9292730844793713
ALG14,0.3850687622789784,0.04911591355599214,2.5893909626719056
ALG2,0.5265225933202358,0.03143418467583497,2.9921414538310414
ALG3,0.7858546168958742,0.0,4.589390962671906
ALG5,0.2868369351669941,0.18467583497053044,2.3104125736738705
ALG8,0.4204322200392927,0.1237721021611002,2.864440078585462
ALG9,0.2966601178781925,0.19646365422396855,2.2927308447937134
ALK,0.47544204322200395,0.007858546168958742,2.8742632612966603
ALKBH1,0.4931237721021611,0.03732809430255403,3.0373280943025542
ALKBH2,0.45579567779960706,0.015717092337917484,2.75049115913556
ALKBH3,0.4243614931237721,0.06679764243614932,2.742632612966601
ALKBH4,0.518664047151277,0.021611001964636542,3.1277013752455796
ALKBH5,0.3968565815324165,0.08644400785854617,2.607072691552063
ALKBH7,0.3889980353634578,0.09233791748526522,2.5147347740667976
ALKBH8,0.3143418467583497,0.18467583497053044,2.355599214145383
ALMS1,0.47347740667976423,0.0019646365422396855,2.9096267190569747
ALOX12,0.381139489194499,0.0962671905697446,2.5461689587426326
ALOX15,0.3850687622789784,0.09233791748526522,2.552062868369352
ALOX15B,0.381139489194499,0.09430255402750491,2.552062868369352
ALOX5,0.412573673870334,0.047151277013752456,2.6090373280943027
ALOX5AP,0.29273084479371314,0.1650294695481336,2.326129666011788
ALPG,0.343811394891945,0.09233791748526522,2.4597249508840866
ALPI,0.34577603143418467,0.09037328094302555,2.463654223968566
ALPL,0.4223968565815324,0.043222003929273084,2.6345776031434185
ALPP,0.343811394891945,0.09233791748526522,2.4597249508840866
ALS2,0.4066797642436149,0.05697445972495088,2.6935166994106092
ALS2CL,0.1237721021611002,0.2966601178781925,1.893909626719057
ALYREF,0.4675834970530452,0.04911591355599214,2.8153241650294696
AMACR,0.6031434184675835,0.005893909626719057,3.522593320235756
AMBN,0.4106090373280943,0.047151277013752456,2.6836935166994107
AMBP,0.5343811394891945,0.03143418467583497,3.013752455795678
AMBRA1,0.4223968565815324,0.06483300589390963,2.7544204322200394
AMD1,0.4204322200392927,0.0412573673870334,2.658153241650295
AMDHD1,0.449901768172888,0.019646365422396856,2.75049115913556
AMELX,0.12770137524557956,0.5049115913555993,1.7092337917485265
AMFR,0.4577603143418468,0.07072691552062868,2.762278978388998
AMH,0.36345776031434185,0.11198428290766209,2.4400785854616895
AMHR2,0.46168958742632615,0.01768172888015717,2.742632612966601
AMN,0.48526522593320237,0.05893909626719057,2.982318271119843
AMOT,0.18467583497053044,0.3850687622789784,1.931237721021611
AMOTL1,0.3320235756385069,0.17485265225933203,2.4597249508840866
AMPD1,0.3418467583497053,0.10019646365422397,2.444007858546169
AMPD3,0.381139489194499,0.09233791748526522,2.5540275049115913
AMPH,0.5599214145383105,0.0137524557956778,3.2023575638506876
AMT,0.11787819253438114,0.3045186640471513,1.8781925343811394
AMTN,0.4106090373280943,0.047151277013752456,2.68565815324165
AMY1A,0.3654223968565815,0.05697445972495088,2.5304518664047153
AMY1B,0.3654223968565815,0.05697445972495088,2.5304518664047153
AMY1C,0.36345776031434185,0.05697445972495088,2.5265225933202355
ANAPC1,0.47544204322200395,0.0137524557956778,2.880157170923379
ANAPC10,0.36345776031434185,0.07269155206286837,2.5147347740667976
ANAPC11,0.4675834970530452,0.04911591355599214,2.8153241650294696
ANAPC13,0.6915520628683693,0.003929273084479371,3.742632612966601
ANAPC15,0.4793713163064833,0.09823182711198428,3.343811394891945
ANAPC16,0.3929273084479371,0.04911591355599214,2.5717092337917484
ANAPC2,0.5284872298624754,0.05108055009823183,2.9783889980353635
ANAPC4,0.32220039292730845,0.13555992141453832,2.475442043222004
ANAPC5,0.46168958742632615,0.0137524557956778,2.762278978388998
ANAPC7,0.4538310412573674,0.015717092337917484,2.74852652259332
ANG,0.4715127701375246,0.05108055009823183,2.9410609037328093
ANGPT1,0.7583497053045186,0.0019646365422396855,4.037328094302554
ANGPT2,0.27897838899803534,0.25343811394891946,2.243614931237721
ANGPT4,0.5324165029469549,0.047151277013752456,3.0510805500982316
ANGPTL3,0.4302554027504912,0.0275049115913556,2.68565815324165
ANGPTL4,0.4027504911591356,0.07662082514734773,2.5669291338582676
ANK1,0.41453831041257366,0.14538310412573674,2.8664047151277012
ANK2,0.3713163064833006,0.05108055009823183,2.5461689587426326
ANK3,0.3988212180746562,0.043222003929273084,2.6227897838899805
ANKFY1,0.3850687622789784,0.0962671905697446,2.5461689587426326
ANKLE2,0.4518664047151277,0.025540275049115914,2.717092337917485
ANKMY2,0.5756385068762279,0.0137524557956778,3.282907662082515
ANKRA2,0.2632612966601179,0.11984282907662082,2.300589390962672
ANKRD1,0.3889980353634578,0.07072691552062868,2.5324165029469548
ANKRD2,0.3831041257367387,0.068762278978389,2.5108055009823183
ANKRD27,0.45972495088408644,0.03929273084479371,2.7406679764243616
ANKRD28,0.14538310412573674,0.275049115913556,1.9607072691552063
ANKRD49,0.33988212180746563,0.17485265225933203,2.504911591355599
ANKS4B,0.46168958742632615,0.03339882121807466,2.760314341846758
ANKS6,0.5265225933202358,0.03143418467583497,2.9921414538310414
ANLN,0.5618860510805501,0.0137524557956778,3.2023575638506876
ANO1,0.6070726915520629,0.03143418467583497,6.583497053045186
ANO10,0.12573673870333987,0.2888015717092338,1.9076620825147348
ANO6,0.46168958742632615,0.021611001964636542,2.7701375245579567
ANO8,0.4400785854616896,0.05108055009823183,2.6797642436149314
ANOS1,0.12573673870333987,0.49901768172888017,1.7092337917485265
ANP32A,0.41453831041257366,0.06286836935166994,2.650294695481336
ANP32B,0.5265225933202358,0.03143418467583497,2.994106090373281
ANP32E,0.5363457760314342,0.007858546168958742,2.9842829076620827
ANPEP,0.444007858546169,0.05108055009823183,2.7347740667976423
ANTXR1,0.47347740667976423,0.003929273084479371,2.9017681728880156
ANTXR2,0.3889980353634578,0.06286836935166994,2.599214145383104
ANXA1,0.48919449901768175,0.060903732809430254,2.893909626719057
ANXA11,0.3988212180746562,0.05893909626719057,2.5717092337917484
ANXA2,0.4066797642436149,0.06483300589390963,2.638506876227898
ANXA5,0.37328094302554027,0.05697445972495088,2.5481335952848725
ANXA6,0.3005893909626719,0.09233791748526522,2.388998035363458
ANXA7,0.3968565815324165,0.05108055009823183,2.5756385068762278
AOC1,0.4165029469548134,0.1100196463654224,2.650294695481336
AOC2,0.44793713163064836,0.019646365422396856,2.7858546168958744
AOC3,0.44793713163064836,0.019646365422396856,2.7858546168958744
AOPEP,0.5225933202357563,0.03732809430255403,2.9783889980353635
AOX1,0.4106090373280943,0.043222003929273084,2.7151277013752457
AP1AR,0.37524557956778,0.05304518664047151,2.5481335952848725
AP1B1,0.45972495088408644,0.023575638506876228,2.862475442043222
AP1G1,0.4675834970530452,0.05893909626719057,2.7701375245579567
AP1G2,0.46168958742632615,0.05304518664047151,2.9017681728880156
AP1M1,0.444007858546169,0.04518664047151277,2.717092337917485
AP1M2,0.4243614931237721,0.0550098231827112,2.656188605108055
AP1S1,0.5206286836935167,0.019646365422396856,3.1414538310412574
AP1S2,0.12573673870333987,0.5029469548133595,1.7013752455795679
AP1S3,0.33595284872298625,0.10019646365422397,2.43811394891945
AP2A1,0.4656188605108055,0.03143418467583497,2.7229862475442044
AP2A2,0.37524557956778,0.10609037328094302,2.5402750491159134
AP2B1,0.43418467583497056,0.021611001964636542,2.756385068762279
AP2M1,0.7858546168958742,0.0,4.589390962671906
AP2S1,0.46168958742632615,0.03536345776031434,2.6935166994106092
AP3B1,0.2593320235756385,0.1237721021611002,2.2907662082514735
AP3B2,0.4361493123772102,0.0550098231827112,2.705304518664047
AP3M1,0.3968565815324165,0.05697445972495088,2.5756385068762278
AP3M2,0.412573673870334,0.14538310412573674,2.8113948919449903
AP3S1,0.2868369351669941,0.1100196463654224,2.355599214145383
AP3S2,0.444007858546169,0.05108055009823183,2.7347740667976423
AP4B1,0.33988212180746563,0.09823182711198428,2.4420432220039294
AP4E1,0.412573673870334,0.07072691552062868,2.658153241650295
AP4M1,0.5284872298624754,0.0137524557956778,3.194499017681729
AP4S1,0.4774066797642436,0.04911591355599214,2.974459724950884
AP5M1,0.4931237721021611,0.03732809430255403,3.025540275049116
APAF1,0.45579567779960706,0.015717092337917484,2.730844793713163
APBA1,0.4911591355599214,0.06483300589390963,2.8840864440078584
APBB1,0.37721021611001965,0.09430255402750491,2.5402750491159134
APBB1IP,0.3693516699410609,0.0962671905697446,2.5481335952848725
APBB2,0.32612966601178783,0.11787819253438114,2.4538310412573674
APC,0.27897838899803534,0.11198428290766209,2.332023575638507
APC2,0.3575638506876228,0.11591355599214145,2.420432220039293
APCS,0.5383104125736738,0.005893909626719057,2.9646365422396856
APEH,0.11787819253438114,0.3045186640471513,1.8781925343811394
APEX1,0.4715127701375246,0.04911591355599214,2.93909626719057
APEX2,0.14145383104125736,0.47544204322200395,1.7897838899803535
APH1A,0.5363457760314342,0.007858546168958742,2.9842829076620827
APH1B,0.4086444007858546,0.06286836935166994,2.6463654223968565
API5,0.4243614931237721,0.068762278978389,2.744597249508841
APIP,0.4400785854616896,0.07269155206286837,2.8781925343811396
APLF,0.4774066797642436,0.003929273084479371,2.9096267190569747
APLNR,0.4793713163064833,0.019646365422396856,2.8899803536345776
APLP1,0.46954813359528486,0.03732809430255403,2.7721021611001966
APLP2,0.30648330058939094,0.18271119842829076,2.31434184675835
APOA1,0.2966601178781925,0.19646365422396855,2.2907662082514735
APOA2,0.5402750491159135,0.005893909626719057,2.9764243614931236
APOA4,0.2966601178781925,0.19646365422396855,2.2907662082514735
APOA5,0.2966601178781925,0.19646365422396855,2.2907662082514735
APOB,0.4675834970530452,0.015717092337917484,2.864440078585462
APOBEC1,0.5206286836935167,0.023575638506876228,3.1571709233791747
APOBEC3A,0.45579567779960706,0.023575638506876228,2.834970530451866
APOBEC3F,0.4538310412573674,0.023575638506876228,2.834970530451866
APOBEC3G,0.4538310412573674,0.023575638506876228,2.834970530451866
APOC1,0.4675834970530452,0.03732809430255403,2.756385068762279
APOC2,0.4675834970530452,0.03732809430255403,2.756385068762279
APOC3,0.2966601178781925,0.19646365422396855,2.2907662082514735
APOC4,0.4675834970530452,0.03732809430255403,2.756385068762279
APOE,0.4675834970530452,0.03732809430255403,2.756385068762279
APOF,0.4656188605108055,0.015717092337917484,2.7662082514734774
APOH,0.48722986247544203,0.01768172888015717,2.8840864440078584
APOL1,0.4518664047151277,0.023575638506876228,2.8231827111984282
APOM,0.4518664047151277,0.04911591355599214,2.8035363457760316
APOO,0.12966601178781925,0.5088408644400786,1.719056974459725
APOOL,0.16895874263261296,0.3968565815324165,1.899803536345776
APP,0.3182711198428291,0.09037328094302555,2.412573673870334
APPBP2,0.47544204322200395,0.015717092337917484,2.856581532416503
APPL1,0.11591355599214145,0.30844793713163066,1.8683693516699411
APRT,0.4381139489194499,0.07269155206286837,2.7072691552062866
APTX,0.3929273084479371,0.14931237721021612,2.776031434184676
AQP1,0.5658153241650294,0.01768172888015717,3.223968565815324
AQP10,0.5402750491159135,0.005893909626719057,2.9489194499017684
AQP11,0.4204322200392927,0.1237721021611002,2.856581532416503
AQP2,0.45579567779960706,0.019646365422396856,2.732809430255403
AQP3,0.4086444007858546,0.14145383104125736,2.8153241650294696
AQP4,0.35363457760314343,0.14538310412573674,2.6895874263261295
AQP5,0.45579567779960706,0.019646365422396856,2.732809430255403
AQP8,0.46168958742632615,0.029469548133595286,2.787819253438114
AQR,0.3929273084479371,0.068762278978389,2.6090373280943027
AR,0.14931237721021612,0.41453831041257366,1.8487229862475443
ARAP1,0.4636542239685658,0.10412573673870335,3.0707269155206287
ARAP2,0.3300589390962672,0.12770137524557956,2.4597249508840866
ARAP3,0.2966601178781925,0.08644400785854617,2.387033398821218
ARCN1,0.3025540275049116,0.1925343811394892,2.3398821218074657
AREL1,0.4950884086444008,0.03536345776031434,3.0471512770137523
ARF3,0.44597249508840864,0.023575638506876228,2.724950884086444
ARF4,0.11787819253438114,0.30844793713163066,1.8722986247544204
ARF5,0.42829076620825146,0.09037328094302555,2.7111984282907664
ARF6,0.48722986247544203,0.03732809430255403,3.025540275049116
ARFGAP1,0.5402750491159135,0.021611001964636542,3.1080550098231825
ARFGAP2,0.41846758349705304,0.06679764243614932,2.68762278978389
ARFGAP3,0.44793713163064836,0.025540275049115914,2.8094302554027504
ARFGEF1,0.7053045186640472,0.003929273084479371,3.8035363457760316
ARFGEF2,0.5363457760314342,0.023575638506876228,3.1021611001964637
ARFIP1,0.3300589390962672,0.09823182711198428,2.432220039292731
ARFIP2,0.37721021611001965,0.09233791748526522,2.5422396856581533
ARFRP1,0.5402750491159135,0.021611001964636542,3.1100196463654224
ARG1,0.44204322200392926,0.03929273084479371,2.7111984282907664
ARG2,0.4911591355599214,0.03536345776031434,3.043222003929273
ARGLU1,0.40078585461689586,0.11198428290766209,2.6719056974459723
ARHGAP1,0.4204322200392927,0.06483300589390963,2.7524557956777995
ARHGAP10,0.3516699410609037,0.08055009823182711,2.4970530451866404
ARHGAP11A,0.4027504911591356,0.068762278978389,2.6345776031434185
ARHGAP12,0.3713163064833006,0.09037328094302555,2.536345776031434
ARHGAP15,0.44597249508840864,0.01768172888015717,2.7681728880157173
ARHGAP17,0.46168958742632615,0.03143418467583497,2.7838899803536346
ARHGAP19,0.3831041257367387,0.068762278978389,2.5088408644400784
ARHGAP21,0.35952848722986247,0.10216110019646366,2.506876227897839
ARHGAP22,0.40078585461689586,0.05108055009823183,2.595284872298625
ARHGAP24,0.37328094302554027,0.06286836935166994,2.5442043222003927
ARHGAP25,0.47544204322200395,0.003929273084479371,2.905697445972495
ARHGAP28,0.5068762278978389,0.03929273084479371,3.151277013752456
ARHGAP29,0.3889980353634578,0.047151277013752456,2.593320235756385
ARHGAP30,0.5383104125736738,0.005893909626719057,2.974459724950884
ARHGAP31,0.6444007858546169,0.005893909626719057,3.506876227897839
ARHGAP32,0.30648330058939094,0.1807465618860511,2.330058939096267
ARHGAP36,0.1925343811394892,0.381139489194499,1.9430255402750491
ARHGAP39,0.7721021611001965,0.0019646365422396855,4.043222003929273
ARHGAP4,0.21414538310412573,0.35363457760314343,1.9980353634577603
ARHGAP44,0.3831041257367387,0.08840864440078586,2.593320235756385
ARHGAP45,0.3575638506876228,0.11787819253438114,2.418467583497053
ARHGAP5,0.4774066797642436,0.04911591355599214,2.974459724950884
ARHGAP6,0.12770137524557956,0.5049115913555993,1.7092337917485265
ARHGAP8,0.444007858546169,0.03339882121807466,2.787819253438114
ARHGAP9,0.46954813359528486,0.01768172888015717,2.805500982318271
ARHGDIA,0.4675834970530452,0.047151277013752456,2.8169291338582676
ARHGDIB,0.5088408644400786,0.0275049115913556,3.076620825147348
ARHGDIG,0.4636542239685658,0.043222003929273084,2.7387033398821217
ARHGEF1,0.45972495088408644,0.03732809430255403,2.6954813359528487
ARHGEF10,0.2907662082514735,0.23772102161100198,2.282907662082515
ARHGEF10L,0.4204322200392927,0.047151277013752456,2.6286836935166993
ARHGEF11,0.5383104125736738,0.005893909626719057,2.9646365422396856
ARHGEF12,0.3005893909626719,0.1905697445972495,2.3084479371316307
ARHGEF15,0.3850687622789784,0.0962671905697446,2.5599214145383105
ARHGEF16,0.4302554027504912,0.04518664047151277,2.681728880157171
ARHGEF17,0.45579567779960706,0.10412573673870335,3.0333988212180745
ARHGEF18,0.3889980353634578,0.08644400785854617,2.5108055009823183
ARHGEF2,0.5363457760314342,0.005893909626719057,2.9410609037328093
ARHGEF25,0.4675834970530452,0.01768172888015717,2.8035363457760316
ARHGEF28,0.2632612966601179,0.12180746561886051,2.3045186640471513
ARHGEF3,0.11787819253438114,0.3104125736738703,1.8703339882121808
ARHGEF4,0.4518664047151277,0.015717092337917484,2.776031434184676
ARHGEF40,0.4675834970530452,0.05108055009823183,2.988212180746562
ARHGEF5,0.4243614931237721,0.1100196463654224,2.6660117878192535
ARHGEF6,0.20235756385068762,0.37721021611001965,1.962671905697446
ARHGEF7,0.4066797642436149,0.1100196463654224,2.719056974459725
ARHGEF9,0.16306483300589392,0.41846758349705304,1.8644400785854618
ARID1A,0.41846758349705304,0.04518664047151277,2.62475442043222
ARID1B,0.4086444007858546,0.0412573673870334,2.6483300589390963
ARID2,0.45972495088408644,0.023575638506876228,2.7681728880157173
ARID3A,0.3575638506876228,0.11787819253438114,2.418467583497053
ARID4A,0.4911591355599214,0.03536345776031434,3.019646365422397
ARID5B,0.3948919449901768,0.043222003929273084,2.6227897838899805
ARIH1,0.41453831041257366,0.05893909626719057,2.7288801571709236
ARIH2,0.11787819253438114,0.3025540275049116,1.880157170923379
ARL1,0.4577603143418468,0.0137524557956778,2.7406679764243616
ARL13B,0.5776031434184676,0.03536345776031434,3.387033398821218
ARL2,0.5049115913555993,0.019646365422396856,2.99803536345776
ARL2BP,0.4577603143418468,0.06679764243614932,2.7662082514734774
ARL3,0.3850687622789784,0.06286836935166994,2.518664047151277
ARL4D,0.4518664047151277,0.01768172888015717,2.7956777996070725
ARL6,0.6090373280943026,0.0137524557956778,3.420432220039293
ARL6IP5,0.12573673870333987,0.3025540275049116,1.917485265225933
ARL8A,0.5422396856581533,0.007858546168958742,2.980353634577603
ARL8B,0.16110019646365423,0.26719056974459726,1.9980353634577603
ARNT,0.5383104125736738,0.007858546168958742,2.988212180746562
ARNT2,0.43418467583497056,0.060903732809430254,2.6935166994106092
ARPC1A,0.5324165029469549,0.0137524557956778,3.2298624754420433
ARPC1B,0.5324165029469549,0.0137524557956778,3.2298624754420433
ARPC2,0.343811394891945,0.09037328094302555,2.4597249508840866
ARPC3,0.4538310412573674,0.015717092337917484,2.74852652259332
ARPC4,0.15913555992141454,0.26522593320235754,1.994106090373281
ARPC5,0.5383104125736738,0.007858546168958742,2.9607072691552063
ARPC5L,0.550098231827112,0.03536345776031434,3.029469548133595
ARPP19,0.412573673870334,0.07072691552062868,2.6522593320235757
ARR3,0.15913555992141454,0.4066797642436149,1.8703339882121808
ARRB1,0.4223968565815324,0.12180746561886051,2.836935166994106
ARRB2,0.3850687622789784,0.09233791748526522,2.552062868369352
ARRDC3,0.2632612966601179,0.13359528487229863,2.2927308447937134
ARSA,0.4400785854616896,0.04518664047151277,2.8015717092337917
ARSB,0.25736738703339884,0.12573673870333987,2.286836935166994
ARSG,0.48722986247544203,0.019646365422396856,2.8742632612966603
ARSI,0.3005893909626719,0.09233791748526522,2.388998035363458
ARSK,0.26719056974459726,0.12573673870333987,2.3045186640471513
ART3,0.3988212180746562,0.05108055009823183,2.6640471512770136
ASAH1,0.28094302554027506,0.24361493123772102,2.267190569744597
ASAP1,0.7799607072691552,0.003929273084479371,4.155206286836935
ASAP2,0.45579567779960706,0.021611001964636542,2.8231827111984282
ASAP3,0.4204322200392927,0.04518664047151277,2.6227897838899805
ASB6,0.5422396856581533,0.03929273084479371,3.005893909626719
ASB8,0.4518664047151277,0.023575638506876228,2.7347740667976423
ASCC1,0.3929273084479371,0.04911591355599214,2.5717092337917484
ASCC3,0.41846758349705304,0.043222003929273084,2.656188605108055
ASCL1,0.45579567779960706,0.0137524557956778,2.7347740667976423
ASCL2,0.37328094302554027,0.10805500982318271,2.524557956777996
ASCL3,0.3791748526522593,0.09430255402750491,2.5422396856581533
ASF1A,0.43222003929273084,0.03732809430255403,2.6915520628683693
ASF1B,0.43418467583497056,0.047151277013752456,2.7072691552062866
ASGR1,0.381139489194499,0.0962671905697446,2.5461689587426326
ASGR2,0.381139489194499,0.0962671905697446,2.5461689587426326
ASH1L,0.5363457760314342,0.005893909626719057,2.943025540275049
ASH2L,0.4204322200392927,0.14734774066797643,3.0333988212180745
ASIC1,0.45579567779960706,0.019646365422396856,2.732809430255403
ASIC2,0.444007858546169,0.021611001964636542,2.7779960707269153
ASIC3,0.41453831041257366,0.1100196463654224,2.6404715127701377
ASL,0.5029469548133595,0.019646365422396856,2.9607072691552063
ASNS,0.5245579567779961,0.01768172888015717,3.237721021611002
ASPA,0.3850687622789784,0.09233791748526522,2.5540275049115913
ASPH,0.6895874263261297,0.009823182711198428,3.74852652259332
ASPHD1,0.46954813359528486,0.029469548133595286,2.7976424361493124
ASPM,0.5422396856581533,0.007858546168958742,2.982318271119843
ASRGL1,0.4793713163064833,0.029469548133595286,2.8880157170923377
ASS1,0.5442043222003929,0.03929273084479371,3.0353634577603144
ASXL1,0.5893909626719057,0.005893909626719057,3.3634577603143416
ASXL2,0.4715127701375246,0.0137524557956778,2.8605108055009825
ASZ1,0.45972495088408644,0.060903732809430254,2.8231827111984282
ATAD2,0.7799607072691552,0.003929273084479371,4.1237721021611
ATAD3A,0.4361493123772102,0.043222003929273084,2.68565815324165
ATAD5,0.4302554027504912,0.023575638506876228,2.74852652259332
ATF1,0.45579567779960706,0.019646365422396856,2.732809430255403
ATF2,0.4774066797642436,0.0137524557956778,3.0412573673870336
ATF3,0.5461689587426326,0.007858546168958742,2.988212180746562
ATF4,0.45579567779960706,0.023575638506876228,2.834970530451866
ATF6,0.5402750491159135,0.005893909626719057,2.968565815324165
ATF6B,0.4518664047151277,0.04911591355599214,2.787819253438114
ATF7,0.4656188605108055,0.01768172888015717,2.7465618860510808
ATF7IP,0.5068762278978389,0.029469548133595286,3.072691552062868
ATF7IP2,0.46954813359528486,0.029469548133595286,2.781925343811395
ATG10,0.26129666011787817,0.12180746561886051,2.3025540275049114
ATG101,0.45579567779960706,0.019646365422396856,2.732809430255403
ATG12,0.2868369351669941,0.1100196463654224,2.355599214145383
ATG13,0.4223968565815324,0.06483300589390963,2.7544204322200394
ATG14,0.48722986247544203,0.03732809430255403,3.025540275049116
ATG16L1,0.34577603143418467,0.08840864440078586,2.4656188605108054
ATG16L2,0.4636542239685658,0.10216110019646366,3.0648330058939095
ATG3,0.6326129666011788,0.009823182711198428,3.493123772102161
ATG4A,0.18467583497053044,0.3850687622789784,1.931237721021611
ATG4B,0.3555992141453831,0.09233791748526522,2.4852652259332024
ATG4C,0.4302554027504912,0.0275049115913556,2.68565815324165
ATG4D,0.4223968565815324,0.05697445972495088,2.650294695481336
ATG5,0.4204322200392927,0.0412573673870334,2.681728880157171
ATG7,0.1512770137524558,0.2730844793713163,1.9646365422396856
ATG9A,0.33988212180746563,0.09037328094302555,2.4557956777996073
ATIC,0.343811394891945,0.09037328094302555,2.463654223968566
ATL1,0.48722986247544203,0.03732809430255403,3.025540275049116
ATL3,0.48526522593320237,0.0275049115913556,2.950884086444008
ATM,0.3045186640471513,0.18467583497053044,2.3280943025540277
ATMIN,0.4538310412573674,0.07072691552062868,2.732809430255403
ATN1,0.5225933202357563,0.019646365422396856,3.182711198428291
ATOH1,0.3713163064833006,0.06679764243614932,2.5442043222003927
ATOH7,0.39096267190569745,0.04911591355599214,2.567779960707269
ATOX1,0.2966601178781925,0.09430255402750491,2.3831041257367387
ATP11A,0.41453831041257366,0.10609037328094302,2.762278978388998
ATP11B,0.787819253438114,0.0,4.754420432220039
ATP12A,0.29469548133595286,0.16699410609037327,2.337917485265226
ATP13A2,0.4204322200392927,0.047151277013752456,2.6326129666011786
ATP1A1,0.34577603143418467,0.10216110019646366,2.4538310412573674
ATP1A2,0.5383104125736738,0.005893909626719057,2.980353634577603
ATP1A3,0.45972495088408644,0.03732809430255403,2.6954813359528487
ATP1A4,0.5383104125736738,0.005893909626719057,2.980353634577603
ATP1B1,0.5343811394891945,0.007858546168958742,2.9489194499017684
ATP1B2,0.3791748526522593,0.09823182711198428,2.5402750491159134
ATP1B3,0.7151277013752456,0.005893909626719057,3.931237721021611
ATP1B4,0.18664047151277013,0.3831041257367387,1.9430255402750491
ATP23,0.4675834970530452,0.01768172888015717,2.817288801571709
ATP2A1,0.46954813359528486,0.025540275049115914,2.805500982318271
ATP2A2,0.4538310412573674,0.0137524557956778,2.75049115913556
ATP2A3,0.38703339882121807,0.09430255402750491,2.5540275049115913
ATP2B1,0.4518664047151277,0.019646365422396856,2.7288801571709236
ATP2B4,0.5442043222003929,0.005893909626719057,2.986247544204322
ATP4A,0.4715127701375246,0.03536345776031434,2.807465618860511
ATP4B,0.4165029469548134,0.10609037328094302,2.74852652259332
ATP5F1A,0.2770137524557957,0.20039292730844793,2.326129666011788
ATP5F1B,0.4656188605108055,0.015717092337917484,2.7662082514734774
ATP5F1C,0.3693516699410609,0.10412573673870335,2.518664047151277
ATP5F1D,0.3575638506876228,0.11787819253438114,2.418467583497053
ATP5F1E,0.5402750491159135,0.021611001964636542,3.1257367387033397
ATP5IF1,0.4263261296660118,0.03929273084479371,2.642436149312377
ATP5MC1,0.4656188605108055,0.011787819253438114,2.8271119842829076
ATP5MC2,0.4656188605108055,0.015717092337917484,2.74852652259332
ATP5MC3,0.4774066797642436,0.0137524557956778,3.0412573673870336
ATP5ME,0.3104125736738703,0.14538310412573674,2.4027504911591357
ATP5MF,0.5324165029469549,0.0137524557956778,3.239685658153242
ATP5MG,0.3025540275049116,0.1925343811394892,2.337917485265226
ATP5PB,0.3418467583497053,0.0825147347740668,2.4597249508840866
ATP5PD,0.4911591355599214,0.025540275049115914,2.8762278978388998
ATP5PF,0.3143418467583497,0.09037328094302555,2.4086444007858545
ATP5PO,0.33988212180746563,0.07465618860510806,2.479371316306483
ATP6AP1,0.21218074656188604,0.35363457760314343,1.9960707269155207
ATP6AP2,0.12180746561886051,0.5166994106090373,1.68762278978389
ATP6V0A1,0.44793713163064836,0.019646365422396856,2.7976424361493124
ATP6V0A2,0.4636542239685658,0.01768172888015717,2.7779960707269153
ATP6V0A4,0.42829076620825146,0.10216110019646366,2.6935166994106092
ATP6V0B,0.4538310412573674,0.0137524557956778,2.7701375245579567
ATP6V0C,0.4636542239685658,0.03929273084479371,2.742632612966601
ATP6V0D1,0.4675834970530452,0.060903732809430254,2.762278978388998
ATP6V0D2,0.7288801571709234,0.003929273084479371,3.838899803536346
ATP6V0E1,0.29862475442043224,0.10216110019646366,2.381139489194499
ATP6V0E2,0.4223968565815324,0.1100196463654224,2.6601178781925343
ATP6V1A,0.6326129666011788,0.009823182711198428,3.4911591355599216
ATP6V1B1,0.47347740667976423,0.0019646365422396855,2.899803536345776
ATP6V1B2,0.2829076620825147,0.23968565815324164,2.2848722986247543
ATP6V1C1,0.756385068762279,0.0019646365422396855,4.001964636542239
ATP6V1C2,0.4538310412573674,0.021611001964636542,2.8231827111984282
ATP6V1D,0.48919449901768175,0.03536345776031434,3.0648330058939095
ATP6V1E1,0.4577603143418468,0.03732809430255403,2.838899803536346
ATP6V1E2,0.47544204322200395,0.007858546168958742,2.895874263261297
ATP6V1F,0.4263261296660118,0.09233791748526522,2.699410609037328
ATP6V1G1,0.5363457760314342,0.03143418467583497,3.0157170923379173
ATP6V1G2,0.4518664047151277,0.04911591355599214,2.8035363457760316
ATP6V1G3,0.5422396856581533,0.007858546168958742,2.980353634577603
ATP6V1H,0.6836935166994106,0.009823182711198428,3.742632612966601
ATP7A,0.16110019646365423,0.4066797642436149,1.882121807465619
ATP7B,0.3241650294695481,0.17092337917485265,2.392927308447937
ATP8A1,0.3280943025540275,0.11984282907662082,2.477406679764244
ATP8B2,0.5402750491159135,0.005893909626719057,2.9489194499017684
ATP8B4,0.412573673870334,0.06679764243614932,2.650294695481336
ATPAF1,0.449901768172888,0.0137524557956778,2.7406679764243616
ATPAF2,0.3968565815324165,0.08840864440078586,2.6051080550098233
ATR,0.7131630648330058,0.003929273084479371,3.9489194499017684
ATRIP,0.11787819253438114,0.3005893909626719,1.882121807465619
ATRN,0.5324165029469549,0.04911591355599214,3.0392927308447937
ATRX,0.15913555992141454,0.4086444007858546,1.8762278978388998
ATXN1,0.4381139489194499,0.060903732809430254,2.74852652259332
ATXN10,0.44793713163064836,0.03536345776031434,2.834970530451866
ATXN1L,0.4675834970530452,0.060903732809430254,2.7681728880157173
ATXN2L,0.46954813359528486,0.025540275049115914,2.807465618860511
ATXN3L,0.12573673870333987,0.5029469548133595,1.7013752455795679
ATXN7L3,0.4518664047151277,0.01768172888015717,2.793713163064833
AUH,0.518664047151277,0.03929273084479371,2.968565815324165
AUP1,0.4715127701375246,0.0019646365422396855,2.905697445972495
AURKA,0.5402750491159135,0.021611001964636542,3.1237721021611002
AURKAIP1,0.4361493123772102,0.043222003929273084,2.68565815324165
AURKB,0.381139489194499,0.09430255402750491,2.555992141453831
AURKC,0.481335952848723,0.03536345776031434,2.7544204322200394
AVIL,0.4675834970530452,0.01768172888015717,2.807465618860511
AVP,0.5324165029469549,0.04911591355599214,3.043222003929273
AVPR1A,0.47544204322200395,0.009823182711198428,2.93713163064833
AVPR1B,0.5442043222003929,0.005893909626719057,2.9901768172888015
AXIN1,0.4636542239685658,0.043222003929273084,2.7387033398821217
AXIN2,0.48722986247544203,0.01768172888015717,2.880157170923379
AXL,0.4577603143418468,0.03929273084479371,2.6974459724950886
AZGP1,0.5304518664047151,0.0137524557956778,3.206286836935167
AZI2,0.13359528487229863,0.29273084479371314,1.9214145383104126
AZIN1,0.7544204322200393,0.0019646365422396855,4.0
AZIN2,0.44597249508840864,0.029469548133595286,2.7151277013752457
AZU1,0.3575638506876228,0.11787819253438114,2.418467583497053
B3GALNT1,0.7642436149312377,0.0019646365422396855,4.3772102161100195
B3GALNT2,0.5461689587426326,0.007858546168958742,3.0353634577603144
B3GALT1,0.45579567779960706,0.01768172888015717,2.8113948919449903
B3GALT2,0.5383104125736738,0.007858546168958742,2.9724950884086443
B3GALT4,0.44793713163064836,0.05304518664047151,2.7701375245579567
B3GALT5,0.31237721021611004,0.10019646365422397,2.3909626719056973
B3GALT6,0.4361493123772102,0.043222003929273084,2.68565815324165
B3GAT1,0.30844793713163066,0.18271119842829076,2.326129666011788
B3GAT2,0.4243614931237721,0.03929273084479371,2.6777996070726915
B3GAT3,0.481335952848723,0.03143418467583497,2.8781925343811396
B3GLCT,0.2907662082514735,0.16306483300589392,2.3280943025540277
B3GNT2,0.47544204322200395,0.0,2.986247544204322
B3GNT3,0.4361493123772102,0.05108055009823183,2.6895874263261295
B3GNT4,0.46168958742632615,0.0137524557956778,2.764243614931238
B3GNT5,0.7858546168958742,0.0,4.656188605108055
B3GNT7,0.34577603143418467,0.09037328094302555,2.4656188605108054
B3GNT8,0.4577603143418468,0.03929273084479371,2.6915520628683693
B3GNT9,0.4675834970530452,0.060903732809430254,2.762278978388998
B4GALNT1,0.4675834970530452,0.01768172888015717,2.8035363457760316
B4GALNT2,0.4656188605108055,0.011787819253438114,2.8290766208251474
B4GALT1,0.3988212180746562,0.14538310412573674,2.7897838899803538
B4GALT2,0.4538310412573674,0.0137524557956778,2.7701375245579567
B4GALT3,0.5383104125736738,0.005893909626719057,2.974459724950884
B4GALT4,0.6444007858546169,0.005893909626719057,3.506876227897839
B4GALT5,0.5343811394891945,0.023575638506876228,3.1021611001964637
B4GALT6,0.32023575638506874,0.1650294695481336,2.43811394891945
B4GALT7,0.3005893909626719,0.10019646365422397,2.387033398821218
B4GAT1,0.5540275049115914,0.01768172888015717,3.182711198428291
B9D1,0.4027504911591356,0.0825147347740668,2.611001964636542
B9D2,0.4577603143418468,0.03929273084479371,2.6974459724950886
BAAT,0.5304518664047151,0.03339882121807466,3.00196463654224
BABAM1,0.4400785854616896,0.05108055009823183,2.675834970530452
BABAM2,0.4774066797642436,0.007858546168958742,2.8781925343811396
BACE1,0.29862475442043224,0.1944990176817289,2.294695481335953
BACH1,0.32220039292730845,0.09430255402750491,2.4086444007858545
BACH2,0.41453831041257366,0.043222003929273084,2.6719056974459723
BAD,0.48919449901768175,0.025540275049115914,2.9666011787819255
BAG3,0.40471512770137524,0.05893909626719057,2.567779960707269
BAG4,0.4223968565815324,0.14734774066797643,3.0844793713163066
BAG5,0.48722986247544203,0.0550098231827112,2.9960707269155207
BAG6,0.4518664047151277,0.04911591355599214,2.8035363457760316
BAHD1,0.39096267190569745,0.07858546168958742,2.587426326129666
BAIAP2,0.46954813359528486,0.04518664047151277,2.821218074656189
BAIAP2L1,0.5245579567779961,0.015717092337917484,3.223968565815324
BAK1,0.44793713163064836,0.05304518664047151,2.7701375245579567
BAMBI,0.36738703339882123,0.09037328094302555,2.5304518664047153
BANF1,0.5422396856581533,0.015717092337917484,3.165029469548134
BANF2,0.5284872298624754,0.043222003929273084,3.100196463654224
BANP,0.4381139489194499,0.07072691552062868,2.7072691552062866
BAP1,0.11787819253438114,0.30648330058939094,1.8762278978388998
BARD1,0.34577603143418467,0.0962671905697446,2.4577603143418467
BARX1,0.5206286836935167,0.03732809430255403,2.980353634577603
BATF,0.4911591355599214,0.03732809430255403,3.0333988212180745
BATF2,0.5049115913555993,0.019646365422396856,2.99803536345776
BATF3,0.5461689587426326,0.007858546168958742,2.9921414538310414
BAX,0.4636542239685658,0.03339882121807466,2.713163064833006
BAZ1A,0.4793713163064833,0.043222003929273084,3.017681728880157
BAZ1B,0.4793713163064833,0.025540275049115914,2.925343811394892
BAZ2A,0.4656188605108055,0.015717092337917484,2.7662082514734774
BBC3,0.46168958742632615,0.03536345776031434,2.6935166994106092
BBIP1,0.3988212180746562,0.05893909626719057,2.56188605108055
BBOX1,0.3988212180746562,0.09037328094302555,2.6208251473477406
BBS1,0.5579567779960707,0.01768172888015717,3.182711198428291
BBS12,0.3693516699410609,0.05893909626719057,2.538310412573674
BBS2,0.4577603143418468,0.068762278978389,2.764243614931238
BBS4,0.41453831041257366,0.05893909626719057,2.7288801571709236
BBS5,0.45972495088408644,0.015717092337917484,2.8290766208251474
BBS7,0.37328094302554027,0.05697445972495088,2.5461689587426326
BBS9,0.5677799607072691,0.0137524557956778,3.2220039292730847
BCAN,0.5363457760314342,0.005893909626719057,2.9410609037328093
BCAP31,0.21414538310412573,0.35363457760314343,1.9980353634577603
BCAR1,0.4656188605108055,0.060903732809430254,2.7583497053045187
BCAS2,0.33988212180746563,0.09823182711198428,2.4420432220039294
BCAS3,0.4774066797642436,0.01768172888015717,2.8605108055009825
BCAS4,0.5343811394891945,0.023575638506876228,3.100196463654224
BCAT1,0.5068762278978389,0.023575638506876228,3.208251473477407
BCAT2,0.46168958742632615,0.03339882121807466,2.699410609037328
BCCIP,0.4066797642436149,0.05893909626719057,2.5736738703339883
BCHE,0.7799607072691552,0.0,4.4833005893909625
BCKDHA,0.4577603143418468,0.03929273084479371,2.6915520628683693
BCKDHB,0.412573673870334,0.043222003929273084,2.650294695481336
BCKDK,0.4715127701375246,0.0275049115913556,2.8035363457760316
BCL11A,0.47544204322200395,0.003929273084479371,2.927308447937132
BCL11B,0.49705304518664045,0.05304518664047151,3.045186640471513
BCL2,0.2318271119842829,0.23772102161100198,2.131630648330059
BCL2A1,0.43418467583497056,0.060903732809430254,2.68762278978389
BCL2L1,0.5893909626719057,0.007858546168958742,3.418467583497053
BCL2L10,0.412573673870334,0.068762278978389,2.6522593320235757
BCL2L11,0.47544204322200395,0.0137524557956778,2.8840864440078584
BCL2L13,0.4577603143418468,0.03732809430255403,2.836935166994106
BCL2L14,0.5068762278978389,0.029469548133595286,3.1080550098231825
BCL3,0.46954813359528486,0.03732809430255403,2.8015717092337917
BCL6,0.793713163064833,0.0,4.520628683693516
BCL9,0.5324165029469549,0.009823182711198428,2.956777996070727
BCL9L,0.3025540275049116,0.1905697445972495,2.3084479371316307
BCLAF1,0.42829076620825146,0.03732809430255403,2.717092337917485
BCO1,0.4538310412573674,0.07269155206286837,2.730844793713163
BCOR,0.12180746561886051,0.5166994106090373,1.68762278978389
BCORL1,0.1925343811394892,0.3831041257367387,1.9449901768172888
BCR,0.45972495088408644,0.023575638506876228,2.880157170923379
BCS1L,0.343811394891945,0.09037328094302555,2.461689587426326
BDH1,0.7858546168958742,0.0,4.383104125736739
BDH2,0.3654223968565815,0.05893909626719057,2.518664047151277
BDKRB1,0.4931237721021611,0.05108055009823183,3.0373280943025542
BDKRB2,0.4931237721021611,0.05108055009823183,3.0373280943025542
BDNF,0.4027504911591356,0.08840864440078586,2.611001964636542
BDP1,0.2593320235756385,0.12180746561886051,2.2907662082514735
BECN1,0.44793713163064836,0.019646365422396856,2.7858546168958744
BEST2,0.43418467583497056,0.04911591355599214,2.675834970530452
BET1,0.5245579567779961,0.019646365422396856,3.2770137524557956
BET1L,0.3713163064833006,0.1100196463654224,2.5284872298624754
BEX1,0.1905697445972495,0.38703339882121807,1.931237721021611
BEX2,0.18664047151277013,0.38703339882121807,1.9273084479371316
BEX3,0.18664047151277013,0.38703339882121807,1.9273084479371316
BFSP1,0.5284872298624754,0.043222003929273084,3.100196463654224
BFSP2,0.68762278978389,0.003929273084479371,3.6797642436149314
BGLAP,0.5363457760314342,0.005893909626719057,2.9410609037328093
BGN,0.21414538310412573,0.3516699410609037,2.0
BHLHE40,0.16306483300589392,0.26522593320235754,2.0039292730844793
BHLHE41,0.5029469548133595,0.023575638506876228,3.119842829076621
BHMT,0.25736738703339884,0.1237721021611002,2.2888015717092336
BHMT2,0.25736738703339884,0.1237721021611002,2.2888015717092336
BICD2,0.5206286836935167,0.03732809430255403,2.980353634577603
BID,0.45972495088408644,0.03732809430255403,2.8546168958742633
BIK,0.44597249508840864,0.029469548133595286,2.799607072691552
BIN1,0.449901768172888,0.011787819253438114,2.805500982318271
BIN3,0.28094302554027506,0.24361493123772102,2.257367387033399
BIRC2,0.37328094302554027,0.16699410609037327,3.825147347740668
BIRC3,0.37328094302554027,0.16699410609037327,3.825147347740668
BIRC5,0.481335952848723,0.03732809430255403,2.850687622789784
BIRC7,0.5402750491159135,0.021611001964636542,3.1080550098231825
BLK,0.275049115913556,0.2554027504911591,2.235756385068762
BLM,0.444007858546169,0.05108055009823183,2.7347740667976423
BLMH,0.4302554027504912,0.023575638506876228,2.744597249508841
BLNK,0.3831041257367387,0.068762278978389,2.5088408644400784
BLOC1S1,0.4656188605108055,0.015717092337917484,2.7662082514734774
BLOC1S2,0.381139489194499,0.07072691552062868,2.5029469548133596
BLOC1S3,0.4656188605108055,0.03732809430255403,2.705304518664047
BLOC1S4,0.30844793713163066,0.15324165029469547,2.398821218074656
BLOC1S5,0.4361493123772102,0.068762278978389,2.7406679764243616
BLOC1S6,0.40471512770137524,0.07662082514734773,2.6168958742632613
BLVRA,0.5520628683693517,0.01768172888015717,3.192534381139489
BLVRB,0.46168958742632615,0.03929273084479371,2.7838899803536346
BLZF1,0.5343811394891945,0.007858546168958742,2.9489194499017684
BMF,0.39096267190569745,0.07858546168958742,2.5893909626719056
BMI1,0.3575638506876228,0.1100196463654224,2.4970530451866404
BMP1,0.28094302554027506,0.24361493123772102,2.257367387033399
BMP10,0.47544204322200395,0.003929273084479371,2.905697445972495
BMP15,0.12573673870333987,0.5127701375245579,1.7131630648330058
BMP2,0.5363457760314342,0.04911591355599214,3.088408644400786
BMP4,0.48330058939096265,0.03732809430255403,2.9960707269155207
BMP6,0.4381139489194499,0.06679764243614932,2.774066797642436
BMP7,0.5422396856581533,0.023575638506876228,3.1296660117878194
BMPER,0.5658153241650294,0.0137524557956778,3.218074656188605
BMPR1A,0.381139489194499,0.06483300589390963,2.5166994106090375
BMPR1B,0.3693516699410609,0.06679764243614932,2.522593320235756
BMPR2,0.3988212180746562,0.05697445972495088,2.654223968565815
BMS1,0.4361493123772102,0.0412573673870334,2.669941060903733
BMX,0.12573673870333987,0.5009823182711198,1.7033398821218075
BNIP1,0.29862475442043224,0.10216110019646366,2.381139489194499
BNIP3,0.4106090373280943,0.060903732809430254,2.5776031434184676
BNIP3L,0.28487229862475444,0.2318271119842829,2.280943025540275
BOC,0.6326129666011788,0.009823182711198428,3.4911591355599216
BOD1,0.29862475442043224,0.10412573673870335,2.387033398821218
BOK,0.3555992141453831,0.09430255402750491,2.4833005893909625
BOLA1,0.5363457760314342,0.007858546168958742,2.9783889980353635
BOLL,0.43222003929273084,0.03143418467583497,2.805500982318271
BOP1,0.7701375245579568,0.0019646365422396855,4.037328094302554
BPI,0.5579567779960707,0.019646365422396856,3.200392927308448
BPIFA1,0.5893909626719057,0.005893909626719057,3.406679764243615
BPIFB3,0.587426326129666,0.005893909626719057,3.3948919449901767
BPNT1,0.5422396856581533,0.007858546168958742,3.0039292730844793
BPTF,0.48919449901768175,0.019646365422396856,2.8762278978388998
BRAF,0.42829076620825146,0.10216110019646366,2.6895874263261295
BRAP,0.45579567779960706,0.015717092337917484,2.75049115913556
BRAT1,0.5717092337917485,0.011787819253438114,3.2848722986247543
BRCA1,0.449901768172888,0.019646365422396856,2.793713163064833
BRCA2,0.2868369351669941,0.16895874263261296,2.326129666011788
BRCC3,0.21414538310412573,0.3516699410609037,2.005893909626719
BRD1,0.44793713163064836,0.0412573673870334,2.819253438113949
BRD3,0.5363457760314342,0.03929273084479371,3.00196463654224
BRD4,0.4400785854616896,0.047151277013752456,2.724950884086444
BRD7,0.4538310412573674,0.07072691552062868,2.7583497053045187
BRD8,0.29862475442043224,0.08644400785854617,2.392927308447937
BRF2,0.412573673870334,0.1512770137524558,2.974459724950884
BRI3,0.5225933202357563,0.015717092337917484,3.2161100196463654
BRINP1,0.5422396856581533,0.03536345776031434,3.0333988212180745
BRIP1,0.4793713163064833,0.01768172888015717,2.8605108055009825
BRIX1,0.6031434184675835,0.003929273084479371,3.5284872298624754
BRK1,0.15913555992141454,0.26522593320235754,1.9901768172888015
BRMS1,0.5540275049115914,0.01768172888015717,3.182711198428291
BRMS1L,0.481335952848723,0.043222003929273084,3.06286836935167
BROX,0.5442043222003929,0.007858546168958742,3.005893909626719
BRPF1,0.15913555992141454,0.26522593320235754,1.994106090373281
BRPF3,0.449901768172888,0.047151277013752456,2.7721021611001966
BRSK1,0.4793713163064833,0.03143418467583497,2.776031434184676
BRWD1,0.3163064833005894,0.09233791748526522,2.398821218074656
BSCL2,0.4793713163064833,0.03143418467583497,2.8762278978388998
BSG,0.3575638506876228,0.11787819253438114,2.418467583497053
BSN,0.11787819253438114,0.3045186640471513,1.8781925343811394
BST1,0.3182711198428291,0.14341846758349705,2.4145383104125737
BST2,0.4400785854616896,0.05108055009823183,2.6797642436149314
BTAF1,0.3889980353634578,0.068762278978389,2.5343811394891946
BTBD1,0.4361493123772102,0.0550098231827112,2.705304518664047
BTBD2,0.3614931237721022,0.11198428290766209,2.43614931237721
BTBD6,0.48919449901768175,0.0550098231827112,3.0333988212180745
BTC,0.4066797642436149,0.04911591355599214,2.681728880157171
BTD,0.14538310412573674,0.275049115913556,1.9607072691552063
BTF3,0.2632612966601179,0.11984282907662082,2.300589390962672
BTG1,0.449901768172888,0.021611001964636542,2.717092337917485
BTG3,0.34577603143418467,0.09037328094302555,2.504911591355599
BTK,0.1925343811394892,0.38703339882121807,1.9351669941060903
BTLA,0.6326129666011788,0.009823182711198428,3.493123772102161
BTN1A1,0.44204322200392926,0.05893909626719057,2.7387033398821217
BTN2A1,0.44204322200392926,0.05893909626719057,2.7387033398821217
BTN3A1,0.44204322200392926,0.05893909626719057,2.7387033398821217
BTN3A2,0.44204322200392926,0.05893909626719057,2.7387033398821217
BTRC,0.38703339882121807,0.068762278978389,2.5147347740667976
BUB1,0.47544204322200395,0.011787819253438114,2.8860510805500983
BUB1B,0.39096267190569745,0.07858546168958742,2.5893909626719056
BUB3,0.4086444007858546,0.05893909626719057,2.5756385068762278
BUD13,0.2966601178781925,0.19646365422396855,2.2907662082514735
BUD31,0.5324165029469549,0.0137524557956778,3.239685658153242
BYSL,0.45972495088408644,0.03929273084479371,2.8742632612966603
BZW1,0.41453831041257366,0.043222003929273084,2.7269155206286837
C11ORF54,0.343811394891945,0.17092337917485265,2.5481335952848725
C15ORF48,0.4027504911591356,0.07662082514734773,2.612966601178782
C1D,0.47544204322200395,0.003929273084479371,2.9096267190569747
C1GALT1,0.5756385068762279,0.011787819253438114,3.2848722986247543
C1GALT1C1,0.18860510805500982,0.3831041257367387,1.9449901768172888
C1QA,0.4223968565815324,0.0412573673870334,2.6286836935166993
C1QBP,0.3831041257367387,0.09430255402750491,2.550098231827112
C1QC,0.4223968565815324,0.0412573673870334,2.6286836935166993
C1S,0.5225933202357563,0.019646365422396856,3.182711198428291
C2,0.4518664047151277,0.05108055009823183,2.7858546168958744
C2CD2,0.30844793713163066,0.10412573673870335,2.37328094302554
C2CD3,0.4381139489194499,0.1100196463654224,2.956777996070727
C2ORF49,0.47544204322200395,0.009823182711198428,2.880157170923379
C3,0.39096267190569745,0.08840864440078586,2.5166994106090375
C3AR1,0.518664047151277,0.025540275049115914,3.161100196463654
C4A,0.4518664047151277,0.05108055009823183,2.7858546168958744
C4B,0.4518664047151277,0.05108055009823183,2.7858546168958744
C4BPA,0.5442043222003929,0.005893909626719057,2.9921414538310414
C4BPB,0.5442043222003929,0.005893909626719057,2.9921414538310414
C5,0.5442043222003929,0.03732809430255403,3.0098231827111985
C5AR1,0.46168958742632615,0.03536345776031434,2.6935166994106092
C6,0.6031434184675835,0.003929273084479371,3.5461689587426326
C6ORF120,0.412573673870334,0.0412573673870334,2.675834970530452
C7,0.6011787819253438,0.003929273084479371,3.5402750491159134
C8A,0.43418467583497056,0.023575638506876228,2.7092337917485265
C8B,0.43418467583497056,0.023575638506876228,2.7092337917485265
C9,0.5972495088408645,0.005893909626719057,3.5481335952848725
C9ORF72,0.33595284872298625,0.20039292730844793,2.522593320235756
CA1,0.7229862475442044,0.003929273084479371,3.8428290766208253
CA2,0.7269155206286837,0.003929273084479371,3.850687622789784
CA9,0.42829076620825146,0.137524557956778,3.1139489194499017
CAB39,0.34577603143418467,0.09037328094302555,2.4656188605108054
CAB39L,0.31237721021611004,0.17681728880157171,2.369351669941061
CABIN1,0.46168958742632615,0.021611001964636542,2.880157170923379
CABLES1,0.4400785854616896,0.07662082514734773,2.8408644400785854
CABS1,0.4106090373280943,0.047151277013752456,2.68565815324165
CABYR,0.41453831041257366,0.09430255402750491,2.7544204322200394
CACNA1A,0.4361493123772102,0.047151277013752456,2.6974459724950886
CACNA1B,0.5265225933202358,0.05304518664047151,2.9783889980353635
CACNA1C,0.5245579567779961,0.023575638506876228,3.2298624754420433
CACNA1D,0.11787819253438114,0.30844793713163066,1.87426326129666
CACNA1E,0.5383104125736738,0.007858546168958742,2.950884086444008
CACNA1F,0.12573673870333987,0.5068762278978389,1.7053045186640472
CACNA1G,0.4636542239685658,0.011787819253438114,2.831041257367387
CACNA1H,0.46168958742632615,0.0412573673870334,2.7387033398821217
CACNA1I,0.45579567779960706,0.023575638506876228,2.834970530451866
CACNA1S,0.5442043222003929,0.007858546168958742,2.9842829076620827
CACNA2D1,0.48919449901768175,0.021611001964636542,3.019646365422397
CACNA2D2,0.11787819253438114,0.30648330058939094,1.8762278978388998
CACNB1,0.449901768172888,0.015717092337917484,2.819253438113949
CACNB2,0.3614931237721022,0.10609037328094302,2.512770137524558
CACNB3,0.449901768172888,0.019646365422396856,2.7387033398821217
CACNB4,0.44793713163064836,0.01768172888015717,2.762278978388998
CACNG1,0.48722986247544203,0.019646365422396856,2.8781925343811396
CACNG2,0.4518664047151277,0.023575638506876228,2.8231827111984282
CACNG3,0.4636542239685658,0.03339882121807466,2.7799607072691552
CACNG4,0.48722986247544203,0.019646365422396856,2.8781925343811396
CACNG5,0.48722986247544203,0.019646365422396856,2.880157170923379
CACNG6,0.4715127701375246,0.03143418467583497,2.744597249508841
CACNG7,0.4715127701375246,0.03143418467583497,2.744597249508841
CACTIN,0.3791748526522593,0.09823182711198428,2.495088408644401
CACYBP,0.5343811394891945,0.007858546168958742,2.9528487229862477
CAD,0.47544204322200395,0.007858546168958742,2.8742632612966603
CADM1,0.29273084479371314,0.19646365422396855,2.280943025540275
CADM3,0.5402750491159135,0.005893909626719057,2.974459724950884
CADPS,0.11787819253438114,0.3005893909626719,1.888015717092338
CALCA,0.3929273084479371,0.0825147347740668,2.618860510805501
CALCOCO1,0.4656188605108055,0.015717092337917484,2.74852652259332
CALCOCO2,0.4656188605108055,0.011787819253438114,2.8271119842829076
CALCRL,0.4538310412573674,0.025540275049115914,2.838899803536346
CALD1,0.4223968565815324,0.10216110019646366,2.673870333988212
CALM1,0.48330058939096265,0.0550098231827112,3.00196463654224
CALM2,0.47544204322200395,0.007858546168958742,2.8978388998035363
CALM3,0.46168958742632615,0.03536345776031434,2.6935166994106092
CALML5,0.3693516699410609,0.10412573673870335,2.522593320235756
CALML6,0.4361493123772102,0.043222003929273084,2.68565815324165
CALR,0.4361493123772102,0.04911591355599214,2.6836935166994107
CALR3,0.44204322200392926,0.04518664047151277,2.7072691552062866
CALU,0.4263261296660118,0.09233791748526522,2.699410609037328
CALY,0.4106090373280943,0.06286836935166994,2.581532416502947
CAMK1,0.15913555992141454,0.26522593320235754,1.994106090373281
CAMK1D,0.36738703339882123,0.10609037328094302,2.5147347740667976
CAMK1G,0.5422396856581533,0.007858546168958742,2.9921414538310414
CAMK2A,0.3005893909626719,0.09233791748526522,2.388998035363458
CAMK2B,0.5520628683693517,0.01768172888015717,3.192534381139489
CAMK2D,0.3713163064833006,0.05108055009823183,2.5461689587426326
CAMK2G,0.3968565815324165,0.05304518664047151,2.5717092337917484
CAMK2N2,0.7858546168958742,0.0,4.522593320235757
CAMK4,0.27897838899803534,0.11394891944990176,2.332023575638507
CAMKK1,0.38703339882121807,0.09430255402750491,2.5540275049115913
CAMKK2,0.46168958742632615,0.0137524557956778,2.762278978388998
CAMKMT,0.4715127701375246,0.009823182711198428,2.868369351669941
CAMLG,0.2907662082514735,0.09823182711198428,2.3772102161100195
CAMP,0.11787819253438114,0.3005893909626719,1.882121807465619
CAMSAP1,0.5324165029469549,0.04518664047151277,2.9901768172888015
CAMSAP3,0.3929273084479371,0.08447937131630648,2.524557956777996
CAND1,0.48919449901768175,0.009823182711198428,3.223968565815324
CAND2,0.14931237721021612,0.2691552062868369,1.9764243614931238
CANT1,0.481335952848723,0.03732809430255403,2.856581532416503
CANX,0.3025540275049116,0.09430255402750491,2.3948919449901767
CAP1,0.46168958742632615,0.015717092337917484,2.7838899803536346
CAP2,0.4381139489194499,0.0550098231827112,2.756385068762279
CAPG,0.4715127701375246,0.005893909626719057,2.9214145383104126
CAPN1,0.5088408644400786,0.019646365422396856,3.019646365422397
CAPN10,0.3555992141453831,0.09430255402750491,2.487229862475442
CAPN11,0.4675834970530452,0.03929273084479371,2.856581532416503
CAPN2,0.5442043222003929,0.007858546168958742,3.0039292730844793
CAPN3,0.3988212180746562,0.08055009823182711,2.6031434184675835
CAPN6,0.18467583497053044,0.38703339882121807,1.9292730844793713
CAPN7,0.14538310412573674,0.275049115913556,1.9646365422396856
CAPN8,0.5442043222003929,0.007858546168958742,3.0039292730844793
CAPNS1,0.46954813359528486,0.03732809430255403,2.7465618860510808
CAPNS2,0.4577603143418468,0.07269155206286837,2.760314341846758
CAPRIN1,0.4381139489194499,0.07465618860510806,2.817288801571709
CAPZA1,0.3418467583497053,0.08644400785854617,2.4538310412573674
CAPZA2,0.45972495088408644,0.060903732809430254,2.819253438113949
CAPZA3,0.5127701375245579,0.023575638506876228,3.1571709233791747
CAPZB,0.4243614931237721,0.04518664047151277,2.6345776031434185
CARD10,0.449901768172888,0.025540275049115914,2.8094302554027504
CARD11,0.5717092337917485,0.011787819253438114,3.280943025540275
CARD14,0.4715127701375246,0.043222003929273084,2.825147347740668
CARD6,0.6011787819253438,0.003929273084479371,3.5402750491159134
CARD8,0.4636542239685658,0.03339882121807466,2.713163064833006
CARD9,0.5284872298624754,0.04911591355599214,2.9783889980353635
CARF,0.4027504911591356,0.060903732809430254,2.6895874263261295
CARM1,0.4263261296660118,0.0550098231827112,2.644400785854617
CARMIL1,0.43418467583497056,0.05893909626719057,2.75049115913556
CARS2,0.4086444007858546,0.10609037328094302,2.719056974459725
CARTPT,0.26129666011787817,0.11787819253438114,2.2966601178781927
CASC3,0.44793713163064836,0.01768172888015717,2.8585461689587426
CASK,0.11984282907662082,0.5245579567779961,1.6719056974459725
CASP1,0.3182711198428291,0.1807465618860511,2.404715127701375
CASP10,0.41453831041257366,0.04518664047151277,2.719056974459725
CASP14,0.4361493123772102,0.04518664047151277,2.7072691552062866
CASP2,0.4263261296660118,0.10805500982318271,2.6660117878192535
CASP3,0.32220039292730845,0.12770137524557956,2.398821218074656
CASP4,0.32023575638506874,0.1807465618860511,2.4086444007858545
CASP6,0.37328094302554027,0.05304518664047151,2.536345776031434
CASP7,0.3968565815324165,0.05893909626719057,2.5540275049115913
CASP8,0.4106090373280943,0.04911591355599214,2.6836935166994107
CASP9,0.4204322200392927,0.05108055009823183,2.6326129666011786
CASQ2,0.34577603143418467,0.10019646365422397,2.449901768172888
CASR,0.6444007858546169,0.005893909626719057,3.520628683693517
CASZ1,0.4243614931237721,0.04911591355599214,2.650294695481336
CAT,0.44204322200392926,0.07269155206286837,2.8742632612966603
CATSPER1,0.5442043222003929,0.015717092337917484,3.168958742632613
CATSPER2,0.3988212180746562,0.08055009823182711,2.6051080550098233
CATSPER4,0.41846758349705304,0.043222003929273084,2.62671905697446
CAV1,0.45972495088408644,0.060903732809430254,2.819253438113949
CAV2,0.46168958742632615,0.05893909626719057,2.8271119842829076
CAV3,0.15520628683693516,0.2632612966601179,1.9980353634577603
CAVIN1,0.44793713163064836,0.019646365422396856,2.793713163064833
CAVIN2,0.44793713163064836,0.03143418467583497,2.856581532416503
CBFA2T2,0.5854616895874263,0.005893909626719057,3.416502946954813
CBFA2T3,0.4381139489194499,0.07072691552062868,2.7092337917485265
CBL,0.3025540275049116,0.1905697445972495,2.3084479371316307
CBLIF,0.4656188605108055,0.029469548133595286,2.8290766208251474
CBLL1,0.5108055009823183,0.029469548133595286,3.074656188605108
CBLN1,0.45579567779960706,0.07072691552062868,2.7701375245579567
CBR1,0.3241650294695481,0.07858546168958742,2.4243614931237722
CBR3,0.3241650294695481,0.07858546168958742,2.4243614931237722
CBR4,0.33988212180746563,0.0962671905697446,2.4263261296660117
CBS,0.30844793713163066,0.09823182711198428,2.3831041257367387
CBX1,0.46168958742632615,0.0137524557956778,2.821218074656189
CBX2,0.4715127701375246,0.03929273084479371,2.8290766208251474
CBX3,0.5658153241650294,0.019646365422396856,3.2220039292730847
CBX4,0.4715127701375246,0.0412573673870334,2.8271119842829076
CBX5,0.4636542239685658,0.015717092337917484,2.7465618860510808
CBX6,0.4538310412573674,0.025540275049115914,2.8271119842829076
CBX7,0.4538310412573674,0.023575638506876228,2.834970530451866
CBX8,0.4715127701375246,0.03929273084479371,2.8290766208251474
CC2D1A,0.4361493123772102,0.04518664047151277,2.724950884086444
CC2D2A,0.3182711198428291,0.14341846758349705,2.4145383104125737
CCAR1,0.39096267190569745,0.04911591355599214,2.567779960707269
CCAR2,0.28094302554027506,0.24361493123772102,2.257367387033399
CCDC106,0.4793713163064833,0.03143418467583497,2.7897838899803538
CCDC115,0.4518664047151277,0.015717092337917484,2.776031434184676
CCDC136,0.4263261296660118,0.09233791748526522,2.699410609037328
CCDC181,0.5343811394891945,0.007858546168958742,2.9489194499017684
CCDC40,0.4715127701375246,0.043222003929273084,2.825147347740668
CCDC59,0.44597249508840864,0.019646365422396856,2.713163064833006
CCDC6,0.40078585461689586,0.04518664047151277,2.6227897838899805
CCDC62,0.4636542239685658,0.0137524557956778,2.774066797642436
CCDC8,0.4636542239685658,0.03536345776031434,2.6974459724950886
CCDC86,0.4715127701375246,0.029469548133595286,2.8605108055009825
CCDC88A,0.47347740667976423,0.003929273084479371,2.907662082514735
CCDC88C,0.48919449901768175,0.05697445972495088,3.005893909626719
CCDC91,0.5108055009823183,0.025540275049115914,3.137524557956778
CCIN,0.4106090373280943,0.14931237721021612,2.93713163064833
CCK,0.12573673870333987,0.2868369351669941,1.9096267190569745
CCKAR,0.32220039292730845,0.13359528487229863,2.4911591355599216
CCKBR,0.37328094302554027,0.09430255402750491,2.5343811394891946
CCL1,0.4400785854616896,0.023575638506876228,2.781925343811395
CCL11,0.4381139489194499,0.025540275049115914,2.7799607072691552
CCL13,0.4400785854616896,0.023575638506876228,2.781925343811395
CCL15,0.4361493123772102,0.019646365422396856,2.7662082514734774
CCL16,0.4361493123772102,0.019646365422396856,2.7662082514734774
CCL17,0.4577603143418468,0.06679764243614932,2.7662082514734774
CCL18,0.4361493123772102,0.019646365422396856,2.7662082514734774
CCL19,0.4243614931237721,0.137524557956778,2.9724950884086443
CCL2,0.4381139489194499,0.025540275049115914,2.7799607072691552
CCL20,0.3418467583497053,0.08644400785854617,2.4656188605108054
CCL21,0.4243614931237721,0.137524557956778,2.9764243614931236
CCL22,0.4577603143418468,0.06679764243614932,2.7662082514734774
CCL24,0.4793713163064833,0.0275049115913556,2.927308447937132
CCL25,0.3948919449901768,0.08055009823182711,2.5402750491159134
CCL26,0.4793713163064833,0.0275049115913556,2.927308447937132
CCL27,0.4243614931237721,0.137524557956778,2.9607072691552063
CCL28,0.5972495088408645,0.003929273084479371,3.5402750491159134
CCL3,0.4361493123772102,0.019646365422396856,2.7662082514734774
CCL4,0.43418467583497056,0.019646365422396856,2.7618110236220472
CCL4L2,0.4361493123772102,0.019646365422396856,2.7716535433070866
CCL7,0.4381139489194499,0.025540275049115914,2.7799607072691552
CCL8,0.4400785854616896,0.023575638506876228,2.781925343811395
CCM2,0.5520628683693517,0.01768172888015717,3.192534381139489
CCN1,0.3988212180746562,0.0412573673870334,2.607072691552063
CCN2,0.444007858546169,0.03732809430255403,2.7151277013752457
CCNA1,0.2868369351669941,0.18467583497053044,2.3104125736738705
CCNA2,0.37328094302554027,0.05697445972495088,2.5461689587426326
CCNB1,0.2632612966601179,0.11787819253438114,2.300589390962672
CCNB2,0.4027504911591356,0.06679764243614932,2.62671905697446
CCNB3,0.12770137524557956,0.5127701375245579,1.7072691552062869
CCNC,0.41453831041257366,0.043222003929273084,2.6463654223968565
CCND1,0.6090373280943026,0.03339882121807466,6.237721021611002
CCND2,0.5265225933202358,0.019646365422396856,3.25147347740668
CCND3,0.45972495088408644,0.03929273084479371,2.8742632612966603
CCNDBP1,0.3988212180746562,0.08055009823182711,2.6051080550098233
CCNE1,0.4636542239685658,0.0412573673870334,2.880157170923379
CCNE2,0.7347740667976425,0.003929273084479371,3.856581532416503
CCNF,0.4636542239685658,0.03929273084479371,2.742632612966601
CCNG1,0.3005893909626719,0.0962671905697446,2.3850687622789786
CCNH,0.2593320235756385,0.13359528487229863,2.2789783889980355
CCNL1,0.756385068762279,0.0019646365422396855,4.2671905697445975
CCNL2,0.4361493123772102,0.043222003929273084,2.68565815324165
CCNO,0.28487229862475444,0.10412573673870335,2.418467583497053
CCNT1,0.449901768172888,0.019646365422396856,2.7387033398821217
CCNT2,0.449901768172888,0.019646365422396856,2.756385068762279
CCNY,0.381139489194499,0.0825147347740668,2.6090373280943027
CCP110,0.46168958742632615,0.03339882121807466,2.762278978388998
CCR1,0.11984282907662082,0.29469548133595286,1.8919449901768173
CCR10,0.44793713163064836,0.019646365422396856,2.793713163064833
CCR3,0.11984282907662082,0.29469548133595286,1.8919449901768173
CCR4,0.13163064833005894,0.2868369351669941,1.9233791748526523
CCR5,0.12180746561886051,0.29469548133595286,1.893909626719057
CCR6,0.41453831041257366,0.0412573673870334,2.667976424361493
CCR7,0.44793713163064836,0.01768172888015717,2.817288801571709
CCR8,0.13163064833005894,0.2868369351669941,1.9155206286836934
CCR9,0.11984282907662082,0.29469548133595286,1.893909626719057
CCRL2,0.12180746561886051,0.29469548133595286,1.893909626719057
CCS,0.5579567779960707,0.01768172888015717,3.200392927308448
CCT2,0.4911591355599214,0.007858546168958742,3.343811394891945
CCT3,0.5363457760314342,0.005893909626719057,2.943025540275049
CCT4,0.47544204322200395,0.0,2.950884086444008
CCT5,0.6267190569744597,0.009823182711198428,3.56188605108055
CCT6A,0.5756385068762279,0.009823182711198428,4.047151277013753
CCT6B,0.4400785854616896,0.023575638506876228,2.817288801571709
CCT7,0.47347740667976423,0.0019646365422396855,2.9096267190569747
CCT8,0.3241650294695481,0.09037328094302555,2.418467583497053
CCZ1,0.5756385068762279,0.009823182711198428,3.298624754420432
CD101,0.3516699410609037,0.0962671905697446,2.493123772102161
CD109,0.42829076620825146,0.0412573673870334,2.6836935166994107
CD14,0.2966601178781925,0.08644400785854617,2.387033398821218
CD151,0.37721021611001965,0.10412573673870335,2.5461689587426326
CD160,0.5284872298624754,0.009823182711198428,2.931237721021611
CD163,0.5206286836935167,0.023575638506876228,3.1571709233791747
CD177,0.45972495088408644,0.03732809430255403,2.6954813359528487
CD180,0.2691552062868369,0.11591355599214145,2.337917485265226
CD19,0.46954813359528486,0.025540275049115914,2.805500982318271
CD1A,0.5383104125736738,0.005893909626719057,2.970530451866405
CD1B,0.5383104125736738,0.005893909626719057,2.970530451866405
CD1C,0.5383104125736738,0.005893909626719057,2.970530451866405
CD1D,0.5363457760314342,0.005893909626719057,2.968565815324165
CD1E,0.5383104125736738,0.005893909626719057,2.970530451866405
CD2,0.34970530451866405,0.09823182711198428,2.4891944990176817
CD200,0.6326129666011788,0.009823182711198428,3.4891944990176817
CD200R1,0.6326129666011788,0.009823182711198428,3.487229862475442
CD207,0.47347740667976423,0.0019646365422396855,2.899803536345776
CD209,0.3929273084479371,0.0825147347740668,2.5265225933202355
CD22,0.4715127701375246,0.03536345776031434,2.807465618860511
CD226,0.22986247544204322,0.23968565815324164,2.1414538310412574
CD24,0.41846758349705304,0.043222003929273084,2.764243614931238
CD244,0.5383104125736738,0.005893909626719057,2.974459724950884
CD247,0.5343811394891945,0.009823182711198428,2.994106090373281
CD248,0.5520628683693517,0.01768172888015717,3.174852652259332
CD27,0.5225933202357563,0.021611001964636542,3.1984282907662083
CD274,0.37328094302554027,0.17485265225933203,3.2593320235756384
CD28,0.3948919449901768,0.06679764243614932,2.656188605108055
CD2AP,0.46954813359528486,0.04518664047151277,2.868369351669941
CD2BP2,0.4715127701375246,0.0275049115913556,2.799607072691552
CD300A,0.4950884086444008,0.025540275049115914,2.8919449901768175
CD300E,0.4931237721021611,0.025540275049115914,2.8781925343811396
CD300LB,0.4950884086444008,0.025540275049115914,2.8919449901768175
CD300LF,0.4911591355599214,0.025540275049115914,2.8762278978388998
CD33,0.4675834970530452,0.03143418467583497,2.7367387033398822
CD34,0.5442043222003929,0.005893909626719057,2.988212180746562
CD36,0.48919449901768175,0.023575638506876228,2.986247544204322
CD38,0.3182711198428291,0.14341846758349705,2.4145383104125737
CD3D,0.3025540275049116,0.1925343811394892,2.337917485265226
CD3E,0.3025540275049116,0.1925343811394892,2.337917485265226
CD3G,0.3025540275049116,0.1925343811394892,2.337917485265226
CD4,0.5225933202357563,0.019646365422396856,3.182711198428291
CD40,0.5363457760314342,0.023575638506876228,3.1080550098231825
CD40LG,0.20235756385068762,0.37721021611001965,1.962671905697446
CD44,0.4400785854616896,0.07072691552062868,2.8722986247544204
CD46,0.5442043222003929,0.005893909626719057,2.988212180746562
CD47,0.6267190569744597,0.009823182711198428,3.463654223968566
CD48,0.5383104125736738,0.005893909626719057,2.980353634577603
CD5,0.47347740667976423,0.029469548133595286,2.8664047151277012
CD53,0.3477406679764244,0.07269155206286837,2.477406679764244
CD55,0.5442043222003929,0.005893909626719057,2.9842829076620827
CD58,0.34577603143418467,0.10216110019646366,2.4538310412573674
CD59,0.43418467583497056,0.07662082514734773,2.8015717092337917
CD6,0.4715127701375246,0.029469548133595286,2.8605108055009825
CD63,0.4656188605108055,0.015717092337917484,2.7662082514734774
CD68,0.3791748526522593,0.09823182711198428,2.5402750491159134
CD69,0.518664047151277,0.029469548133595286,3.149312377210216
CD7,0.4656188605108055,0.04911591355599214,2.8035363457760316
CD70,0.39096267190569745,0.08840864440078586,2.5166994106090375
CD72,0.4302554027504912,0.13555992141453832,3.104125736738703
CD74,0.3005893909626719,0.09233791748526522,2.388998035363458
CD79A,0.4577603143418468,0.03732809430255403,2.6895874263261295
CD79B,0.48722986247544203,0.015717092337917484,2.8762278978388998
CD80,0.6444007858546169,0.005893909626719057,3.506876227897839
CD81,0.37328094302554027,0.10805500982318271,2.522593320235756
CD83,0.4400785854616896,0.06483300589390963,2.756385068762279
CD86,0.6444007858546169,0.005893909626719057,3.520628683693517
CD8A,0.46954813359528486,0.005893909626719057,2.9017681728880156
CD8B,0.46954813359528486,0.005893909626719057,2.9017681728880156
CD9,0.5245579567779961,0.021611001964636542,3.174852652259332
CD93,0.5402750491159135,0.03536345776031434,3.143418467583497
CD96,0.6286836935166994,0.011787819253438114,3.493123772102161
CD99,0.3477406679764244,0.22986247544204322,2.5481335952848725
CDA,0.4223968565815324,0.0412573673870334,2.6365422396856584
CDC14A,0.381139489194499,0.05304518664047151,2.567779960707269
CDC14B,0.5284872298624754,0.03143418467583497,3.0039292730844793
CDC16,0.412573673870334,0.1100196463654224,2.732809430255403
CDC20,0.4577603143418468,0.015717092337917484,2.776031434184676
CDC23,0.29862475442043224,0.08644400785854617,2.392927308447937
CDC25A,0.11984282907662082,0.3005893909626719,1.8840864440078586
CDC25B,0.5324165029469549,0.04911591355599214,3.0412573673870336
CDC25C,0.2966601178781925,0.08644400785854617,2.387033398821218
CDC26,0.5363457760314342,0.03143418467583497,3.011787819253438
CDC27,0.4636542239685658,0.0137524557956778,2.8153241650294696
CDC34,0.3575638506876228,0.11787819253438114,2.418467583497053
CDC37,0.4204322200392927,0.060903732809430254,2.644400785854617
CDC37L1,0.3713163064833006,0.17288801571709234,2.9332023575638506
CDC40,0.4165029469548134,0.0412573673870334,2.6522593320235757
CDC42,0.4204322200392927,0.0412573673870334,2.6326129666011786
CDC42BPA,0.5422396856581533,0.009823182711198428,3.0098231827111985
CDC42BPB,0.48526522593320237,0.05893909626719057,2.9842829076620827
CDC42EP2,0.5108055009823183,0.019646365422396856,3.0216110019646365
CDC42EP3,0.47544204322200395,0.011787819253438114,2.8781925343811396
CDC42EP5,0.4793713163064833,0.029469548133595286,2.7701375245579567
CDC45,0.47347740667976423,0.025540275049115914,2.994106090373281
CDC5L,0.4675834970530452,0.0412573673870334,2.8526522593320234
CDC6,0.44793713163064836,0.01768172888015717,2.8585461689587426
CDC7,0.38703339882121807,0.04518664047151277,2.583497053045187
CDC73,0.5383104125736738,0.007858546168958742,2.9724950884086443
CDCA2,0.28487229862475444,0.2337917485265226,2.280943025540275
CDCA5,0.5088408644400786,0.019646365422396856,3.019646365422397
CDCA7,0.4715127701375246,0.0137524557956778,2.974459724950884
CDCA8,0.45579567779960706,0.019646365422396856,2.7367387033398822
CDCP1,0.1237721021611002,0.29273084479371314,1.899803536345776
CDH1,0.4656188605108055,0.060903732809430254,2.760314341846758
CDH10,0.630648330058939,0.005893909626719057,3.56188605108055
CDH11,0.46954813359528486,0.06286836935166994,2.7681728880157173
CDH12,0.6345776031434185,0.007858546168958742,3.6168958742632613
CDH13,0.4538310412573674,0.07269155206286837,2.7210216110019645
CDH15,0.4381139489194499,0.068762278978389,2.7111984282907664
CDH17,0.7328094302554028,0.003929273084479371,3.8526522593320234
CDH18,0.6404715127701375,0.007858546168958742,3.62671905697446
CDH2,0.343811394891945,0.15717092337917485,2.536345776031434
CDH23,0.3929273084479371,0.04911591355599214,2.5717092337917484
CDH24,0.45972495088408644,0.05304518664047151,2.899803536345776
CDH3,0.4656188605108055,0.060903732809430254,2.756385068762279
CDH4,0.5383104125736738,0.019646365422396856,3.1257367387033397
CDH5,0.46954813359528486,0.060903732809430254,2.7681728880157173
CDH6,0.6090373280943026,0.003929273084479371,3.520628683693517
CDH7,0.22986247544204322,0.23968565815324164,2.135559921414538
CDH8,0.4656188605108055,0.068762278978389,2.781925343811395
CDH9,0.6365422396856582,0.005893909626719057,3.6149312377210214
CDHR1,0.39096267190569745,0.06483300589390963,2.5422396856581533
CDHR2,0.3025540275049116,0.10019646365422397,2.388998035363458
CDHR5,0.37721021611001965,0.10805500982318271,2.5422396856581533
CDIPT,0.46954813359528486,0.029469548133595286,2.7976424361493124
CDK1,0.3968565815324165,0.043222003929273084,2.62475442043222
CDK11A,0.4361493123772102,0.043222003929273084,2.68565815324165
CDK11B,0.4361493123772102,0.043222003929273084,2.68565815324165
CDK12,0.4518664047151277,0.015717092337917484,2.99803536345776
CDK13,0.5599214145383105,0.0137524557956778,3.2161100196463654
CDK14,0.5127701375245579,0.019646365422396856,3.200392927308448
CDK2,0.4656188605108055,0.015717092337917484,2.7662082514734774
CDK20,0.5088408644400786,0.043222003929273084,2.9489194499017684
CDK2AP1,0.4636542239685658,0.0137524557956778,2.781925343811395
CDK4,0.4675834970530452,0.01768172888015717,2.807465618860511
CDK5,0.41453831041257366,0.1100196463654224,2.6404715127701377
CDK5R1,0.4361493123772102,0.021611001964636542,2.7681728880157173
CDK5R2,0.33988212180746563,0.09037328094302555,2.4557956777996073
CDK5RAP2,0.5442043222003929,0.03536345776031434,3.0157170923379173
CDK6,0.518664047151277,0.01768172888015717,3.3222003929273085
CDK7,0.2632612966601179,0.11787819253438114,2.300589390962672
CDK8,0.3025540275049116,0.16110019646365423,2.3536345776031435
CDK9,0.5402750491159135,0.03536345776031434,3.0078585461689586
CDKL5,0.12966601178781925,0.49901768172888017,1.7111984282907662
CDKN1A,0.449901768172888,0.047151277013752456,2.7721021611001966
CDKN1B,0.5049115913555993,0.03143418467583497,3.094302554027505
CDKN1C,0.3713163064833006,0.10805500982318271,2.520628683693517
CDKN2A,0.2475442043222004,0.36738703339882123,1.9096267190569745
CDKN2AIP,0.32612966601178783,0.12573673870333987,2.420432220039293
CDKN2B,0.25147347740667975,0.36345776031434185,1.9332023575638506
CDKN2C,0.4381139489194499,0.021611001964636542,2.713163064833006
CDKN2D,0.4223968565815324,0.0550098231827112,2.6535433070866143
CDKN3,0.48526522593320237,0.03732809430255403,3.0039292730844793
CDO1,0.2868369351669941,0.1100196463654224,2.355599214145383
CDON,0.3104125736738703,0.1787819253438114,2.341846758349705
CDS1,0.37524557956778,0.06483300589390963,2.550098231827112
CDS2,0.5324165029469549,0.04911591355599214,3.068762278978389
CDSN,0.44793713163064836,0.05108055009823183,2.787819253438114
CDT1,0.4381139489194499,0.07269155206286837,2.7072691552062866
CDX1,0.3005893909626719,0.09233791748526522,2.388998035363458
CDX2,0.29862475442043224,0.15717092337917485,2.361493123772102
CDX4,0.16110019646365423,0.4086444007858546,1.8762278978388998
CDYL,0.43418467583497056,0.06483300589390963,2.730844793713163
CEACAM1,0.45972495088408644,0.03732809430255403,2.6954813359528487
CEACAM3,0.4577603143418468,0.03732809430255403,2.6895874263261295
CEACAM5,0.45579567779960706,0.03732809430255403,2.6915520628683693
CEACAM6,0.4577603143418468,0.03732809430255403,2.6895874263261295
CEACAM7,0.45579567779960706,0.03732809430255403,2.6915520628683693
CEACAM8,0.45972495088408644,0.03732809430255403,2.6954813359528487
CEBPA,0.4675834970530452,0.03536345776031434,2.756385068762279
CEBPB,0.5343811394891945,0.023575638506876228,3.100196463654224
CEBPD,0.6797642436149313,0.011787819253438114,3.7956777996070725
CEBPG,0.4675834970530452,0.03536345776031434,2.781925343811395
CEBPZ,0.47347740667976423,0.009823182711198428,2.8722986247544204
CECR2,0.4577603143418468,0.03732809430255403,2.848722986247544
CELF1,0.41846758349705304,0.06483300589390963,2.6935166994106092
CELF2,0.3614931237721022,0.10412573673870335,2.4970530451866404
CELSR1,0.449901768172888,0.0412573673870334,2.836935166994106
CELSR2,0.3477406679764244,0.068762278978389,2.4833005893909625
CENPA,0.47347740667976423,0.007858546168958742,2.8703339882121806
CENPB,0.5324165029469549,0.04911591355599214,3.0412573673870336
CENPC,0.41453831041257366,0.05108055009823183,2.717092337917485
CENPE,0.3654223968565815,0.05893909626719057,2.518664047151277
CENPF,0.5461689587426326,0.007858546168958742,2.9901768172888015
CENPH,0.2632612966601179,0.11787819253438114,2.300589390962672
CENPI,0.1925343811394892,0.3850687622789784,1.9371316306483302
CENPK,0.27111984282907664,0.11591355599214145,2.3477406679764243
CENPL,0.5363457760314342,0.007858546168958742,2.956777996070727
CENPM,0.449901768172888,0.025540275049115914,2.8153241650294696
CENPN,0.4538310412573674,0.07072691552062868,2.732809430255403
CENPO,0.4715127701375246,0.011787819253438114,2.864440078585462
CENPP,0.5206286836935167,0.03929273084479371,2.9783889980353635
CENPQ,0.46954813359528486,0.04518664047151277,2.862475442043222
CENPS,0.4243614931237721,0.047151277013752456,2.6522593320235757
CENPT,0.4675834970530452,0.060903732809430254,2.762278978388998
CENPU,0.32220039292730845,0.12770137524557956,2.398821218074656
CENPW,0.4381139489194499,0.03732809430255403,2.7151277013752457
CENPX,0.4675834970530452,0.04911591355599214,2.8153241650294696
CEP120,0.27897838899803534,0.10805500982318271,2.3477406679764243
CEP131,0.4675834970530452,0.04518664047151277,2.821218074656189
CEP135,0.4165029469548134,0.04911591355599214,2.7092337917485265
CEP152,0.4027504911591356,0.07269155206286837,2.6149312377210214
CEP162,0.4106090373280943,0.03929273084479371,2.68762278978389
CEP164,0.29862475442043224,0.1944990176817289,2.294695481335953
CEP170,0.550098231827112,0.007858546168958742,3.0392927308447937
CEP192,0.48722986247544203,0.0412573673870334,3.0530451866404715
CEP250,0.5756385068762279,0.0137524557956778,3.3654223968565815
CEP290,0.4518664047151277,0.019646365422396856,2.7288801571709236
CEP295,0.3418467583497053,0.17092337917485265,2.536345776031434
CEP350,0.5363457760314342,0.007858546168958742,2.9489194499017684
CEP41,0.4302554027504912,0.09233791748526522,2.7072691552062866
CEP55,0.3831041257367387,0.07072691552062868,2.5166994106090375
CEP57,0.33398821218074654,0.17288801571709234,2.463654223968566
CEP70,0.7053045186640472,0.003929273084479371,3.8408644400785854
CEP72,0.6365422396856582,0.009823182711198428,3.6149312377210214
CEP76,0.48722986247544203,0.0412573673870334,3.045186640471513
CEP78,0.48919449901768175,0.060903732809430254,2.895874263261297
CEP89,0.46168958742632615,0.03732809430255403,2.75049115913556
CEP97,0.6090373280943026,0.0137524557956778,3.398821218074656
CEPT1,0.343811394891945,0.07858546168958742,2.4675834970530452
CER1,0.35952848722986247,0.17485265225933203,2.899803536345776
CERK,0.44793713163064836,0.0412573673870334,2.834970530451866
CERS2,0.5383104125736738,0.007858546168958742,2.9921414538310414
CERS3,0.45972495088408644,0.043222003929273084,2.8290766208251474
CERS4,0.4027504911591356,0.07858546168958742,2.56385068762279
CERS5,0.45579567779960706,0.019646365422396856,2.732809430255403
CERS6,0.4577603143418468,0.01768172888015717,2.819253438113949
CES1,0.4577603143418468,0.07269155206286837,2.760314341846758
CES4A,0.46954813359528486,0.060903732809430254,2.7662082514734774
CETN1,0.5225933202357563,0.047151277013752456,3.2278978388998034
CETN2,0.21414538310412573,0.3555992141453831,2.0078585461689586
CETN3,0.2593320235756385,0.13163064833005894,2.286836935166994
CETP,0.4577603143418468,0.068762278978389,2.764243614931238
CFAP45,0.5383104125736738,0.005893909626719057,2.980353634577603
CFAP52,0.38703339882121807,0.09233791748526522,2.581532416502947
CFB,0.4518664047151277,0.05108055009823183,2.7858546168958744
CFD,0.3575638506876228,0.11787819253438114,2.418467583497053
CFH,0.5422396856581533,0.007858546168958742,2.982318271119843
CFHR1,0.5422396856581533,0.007858546168958742,2.982318271119843
CFHR2,0.5422396856581533,0.007858546168958742,2.982318271119843
CFHR3,0.5422396856581533,0.007858546168958742,2.982318271119843
CFHR4,0.5422396856581533,0.007858546168958742,2.982318271119843
CFHR5,0.5422396856581533,0.007858546168958742,2.982318271119843
CFI,0.37328094302554027,0.05304518664047151,2.536345776031434
CFL1,0.5442043222003929,0.0137524557956778,3.1473477406679766
CFL2,0.4793713163064833,0.043222003929273084,3.017681728880157
CFLAR,0.41453831041257366,0.04518664047151277,2.719056974459725
CFP,0.12966601178781925,0.5009823182711198,1.7524557956777995
CFTR,0.4577603143418468,0.060903732809430254,2.8094302554027504
CGA,0.4086444007858546,0.043222003929273084,2.656188605108055
CGGBP1,0.1807465618860511,0.2554027504911591,2.0648330058939095
CGN,0.5383104125736738,0.007858546168958742,2.9666011787819255
CGNL1,0.4027504911591356,0.07072691552062868,2.6208251473477406
CH25H,0.3850687622789784,0.07072691552062868,2.5147347740667976
CHAF1A,0.38703339882121807,0.0962671905697446,2.4990176817288803
CHAF1B,0.32220039292730845,0.08055009823182711,2.418467583497053
CHAMP1,0.412573673870334,0.1100196463654224,2.732809430255403
CHAT,0.4027504911591356,0.04911591355599214,2.601178781925344
CHCHD1,0.3968565815324165,0.05304518664047151,2.5736738703339883
CHCHD10,0.4656188605108055,0.023575638506876228,2.8899803536345776
CHCHD2,0.5756385068762279,0.009823182711198428,4.045186640471512
CHCHD3,0.4302554027504912,0.10019646365422397,2.68565815324165
CHCHD4,0.14734774066797643,0.2691552062868369,1.9862475442043221
CHCHD7,0.6817288801571709,0.007858546168958742,3.675834970530452
CHD1,0.2730844793713163,0.12573673870333987,2.31237721021611
CHD1L,0.5324165029469549,0.009823182711198428,2.956777996070727
CHD3,0.37721021611001965,0.0962671905697446,2.5402750491159134
CHD4,0.5225933202357563,0.021611001964636542,3.1905697445972496
CHD5,0.4263261296660118,0.047151277013752456,2.675834970530452
CHD7,0.68762278978389,0.007858546168958742,3.74852652259332
CHD9,0.45579567779960706,0.07269155206286837,2.764243614931238
CHDH,0.11787819253438114,0.30844793713163066,1.87426326129666
CHEK1,0.30844793713163066,0.1807465618860511,2.3359528487229864
CHEK2,0.4577603143418468,0.025540275049115914,2.8742632612966603
CHERP,0.44204322200392926,0.047151277013752456,2.6974459724950886
CHFR,0.449901768172888,0.025540275049115914,2.713163064833006
CHGA,0.48722986247544203,0.0550098231827112,3.0
CHGB,0.5343811394891945,0.04911591355599214,3.0805500982318272
CHI3L1,0.5442043222003929,0.007858546168958742,2.982318271119843
CHIA,0.3418467583497053,0.08055009823182711,2.4597249508840866
CHID1,0.37721021611001965,0.10412573673870335,2.5461689587426326
CHIT1,0.5442043222003929,0.007858546168958742,2.9842829076620827
CHKA,0.5442043222003929,0.03339882121807466,3.2337917485265226
CHKB,0.4400785854616896,0.04518664047151277,2.8015717092337917
CHL1,0.16895874263261296,0.275049115913556,2.0
CHM,0.16699410609037327,0.3929273084479371,1.8899803536345776
CHML,0.5422396856581533,0.009823182711198428,3.0098231827111985
CHMP1A,0.4400785854616896,0.06679764243614932,2.7151277013752457
CHMP1B,0.48526522593320237,0.0412573673870334,3.0471512770137523
CHMP2A,0.4774066797642436,0.03929273084479371,2.7583497053045187
CHMP2B,0.17681728880157171,0.2730844793713163,2.0550098231827114
CHMP4A,0.45579567779960706,0.05893909626719057,2.8880157170923377
CHMP4B,0.5893909626719057,0.005893909626719057,3.43811394891945
CHMP4C,0.7190569744597249,0.003929273084479371,3.8231827111984282
CHMP5,0.40078585461689586,0.14538310412573674,2.793713163064833
CHMP6,0.46954813359528486,0.04518664047151277,2.821218074656189
CHMP7,0.28094302554027506,0.24361493123772102,2.257367387033399
CHN1,0.4774066797642436,0.0137524557956778,3.0275049115913557
CHN2,0.5677799607072691,0.01768172888015717,3.2455795677799606
CHP1,0.3929273084479371,0.0825147347740668,2.587426326129666
CHP2,0.46168958742632615,0.03339882121807466,2.7681728880157173
CHPF,0.33988212180746563,0.09037328094302555,2.4557956777996073
CHPF2,0.4165029469548134,0.1100196463654224,2.642436149312377
CHPT1,0.4577603143418468,0.0137524557956778,2.7465618860510808
CHRAC1,0.7721021611001965,0.0019646365422396855,4.070726915520629
CHRD,0.7858546168958742,0.0,4.522593320235757
CHRDL1,0.18467583497053044,0.38703339882121807,1.9292730844793713
CHRDL2,0.4263261296660118,0.11984282907662082,2.8526522593320234
CHRM1,0.481335952848723,0.03143418467583497,2.880157170923379
CHRM2,0.42829076620825146,0.10216110019646366,2.6935166994106092
CHRM3,0.5520628683693517,0.007858546168958742,3.0667976424361494
CHRM4,0.4223968565815324,0.06483300589390963,2.7544204322200394
CHRM5,0.3988212180746562,0.068762278978389,2.6227897838899805
CHRNA1,0.47544204322200395,0.0137524557956778,3.0353634577603144
CHRNA2,0.2907662082514735,0.2318271119842829,2.282907662082515
CHRNA3,0.4263261296660118,0.06286836935166994,2.662082514734774
CHRNA4,0.5422396856581533,0.021611001964636542,3.1100196463654224
CHRNA5,0.4263261296660118,0.06286836935166994,2.662082514734774
CHRNA7,0.3968565815324165,0.07072691552062868,2.6168958742632613
CHRNA9,0.32612966601178783,0.1237721021611002,2.447937131630648
CHRNB1,0.3791748526522593,0.09823182711198428,2.5402750491159134
CHRNB2,0.5402750491159135,0.005893909626719057,2.956777996070727
CHRNB3,0.4106090373280943,0.14538310412573674,2.793713163064833
CHRNB4,0.4263261296660118,0.06286836935166994,2.662082514734774
CHRND,0.3477406679764244,0.08840864440078586,2.4675834970530452
CHST1,0.4302554027504912,0.06483300589390963,2.776031434184676
CHST10,0.4715127701375246,0.011787819253438114,2.8762278978388998
CHST11,0.45579567779960706,0.01768172888015717,2.732809430255403
CHST12,0.5717092337917485,0.011787819253438114,3.2848722986247543
CHST13,0.6542239685658153,0.005893909626719057,3.56385068762279
CHST14,0.39096267190569745,0.08055009823182711,2.5854616895874263
CHST15,0.4066797642436149,0.05893909626719057,2.5756385068762278
CHST3,0.3929273084479371,0.04911591355599214,2.5756385068762278
CHST4,0.4675834970530452,0.05893909626719057,2.7701375245579567
CHST6,0.4656188605108055,0.060903732809430254,2.7583497053045187
CHST7,0.12770137524557956,0.5029469548133595,1.7721021611001964
CHST8,0.46168958742632615,0.03536345776031434,2.776031434184676
CHSY1,0.4538310412573674,0.04518664047151277,2.7956777996070725
CHSY3,0.2868369351669941,0.10216110019646366,2.3634577603143416
CHTF18,0.46168958742632615,0.0412573673870334,2.7387033398821217
CHTF8,0.4656188605108055,0.060903732809430254,2.760314341846758
CHTOP,0.5363457760314342,0.007858546168958742,2.943025540275049
CHUK,0.381139489194499,0.07269155206286837,2.5009823182711197
CIAO1,0.4715127701375246,0.007858546168958742,2.93713163064833
CIAPIN1,0.4577603143418468,0.06679764243614932,2.7662082514734774
CIB1,0.444007858546169,0.04911591355599214,2.7406679764243616
CIC,0.45972495088408644,0.03732809430255403,2.6954813359528487
CIDEA,0.48919449901768175,0.0412573673870334,3.049115913555992
CIDEB,0.45579567779960706,0.05893909626719057,2.8880157170923377
CIDEC,0.15913555992141454,0.26522593320235754,1.994106090373281
CIITA,0.46954813359528486,0.029469548133595286,2.7799607072691552
CILP,0.4106090373280943,0.06286836935166994,2.6483300589390963
CINP,0.48919449901768175,0.05697445972495088,2.9901768172888015
CIR1,0.47544204322200395,0.0137524557956778,3.0216110019646365
CIRBP,0.35952848722986247,0.11787819253438114,2.420432220039293
CISD1,0.3988212180746562,0.043222003929273084,2.6051080550098233
CISD2,0.3654223968565815,0.05893909626719057,2.518664047151277
CISD3,0.44793713163064836,0.015717092337917484,2.817288801571709
CIT,0.4675834970530452,0.0137524557956778,2.793713163064833
CITED1,0.16110019646365423,0.412573673870334,1.8683693516699411
CITED2,0.4223968565815324,0.03536345776031434,2.713163064833006
CITED4,0.45579567779960706,0.01768172888015717,2.7701375245579567
CKAP2,0.3300589390962672,0.17092337917485265,2.4027504911591357
CKAP2L,0.47544204322200395,0.009823182711198428,2.8899803536345776
CKAP4,0.45579567779960706,0.015717092337917484,2.7465618860510808
CKAP5,0.4204322200392927,0.06483300589390963,2.7151277013752457
CKB,0.48722986247544203,0.0550098231827112,2.9960707269155207
CKLF,0.46954813359528486,0.060903732809430254,2.7681728880157173
CKM,0.4656188605108055,0.03732809430255403,2.705304518664047
CKMT1A,0.3988212180746562,0.08055009823182711,2.6051080550098233
CKMT1B,0.3988212180746562,0.08055009823182711,2.6051080550098233
CKMT2,0.2593320235756385,0.1237721021611002,2.2888015717092336
CKS1B,0.5402750491159135,0.005893909626719057,2.9489194499017684
CLASP1,0.4715127701375246,0.011787819253438114,2.905697445972495
CLASP2,0.13163064833005894,0.2868369351669941,1.9214145383104126
CLCA1,0.3988212180746562,0.03929273084479371,2.6090373280943027
CLCA2,0.3988212180746562,0.03929273084479371,2.6090373280943027
CLCA4,0.3988212180746562,0.03929273084479371,2.6090373280943027
CLCF1,0.5579567779960707,0.025540275049115914,3.2593320235756384
CLCN6,0.4243614931237721,0.04518664047151277,2.654223968565815
CLCN7,0.46168958742632615,0.0412573673870334,2.7387033398821217
CLDN1,0.7858546168958742,0.0,4.514734774066798
CLDN10,0.3850687622789784,0.12180746561886051,2.5893909626719056
CLDN11,0.7858546168958742,0.0,4.5599214145383105
CLDN14,0.32220039292730845,0.08055009823182711,2.4223968565815324
CLDN15,0.5206286836935167,0.019646365422396856,3.1414538310412574
CLDN16,0.7858546168958742,0.0,4.514734774066798
CLDN17,0.3182711198428291,0.08644400785854617,2.4145383104125737
CLDN18,0.7053045186640472,0.003929273084479371,3.8467583497053046
CLDN19,0.45972495088408644,0.015717092337917484,2.7838899803536346
CLDN2,0.18467583497053044,0.38703339882121807,1.9292730844793713
CLDN22,0.32612966601178783,0.1237721021611002,2.4106090373280944
CLDN23,0.275049115913556,0.25343811394891946,2.2337917485265226
CLDN3,0.4793713163064833,0.025540275049115914,2.925343811394892
CLDN4,0.4793713163064833,0.025540275049115914,2.925343811394892
CLDN5,0.47347740667976423,0.025540275049115914,3.0
CLDN6,0.4656188605108055,0.0412573673870334,2.74852652259332
CLDN7,0.381139489194499,0.0962671905697446,2.5461689587426326
CLDN8,0.3182711198428291,0.08644400785854617,2.4145383104125737
CLDN9,0.4656188605108055,0.0412573673870334,2.74852652259332
CLEC10A,0.381139489194499,0.0962671905697446,2.5461689587426326
CLEC12A,0.518664047151277,0.03339882121807466,3.1473477406679766
CLEC14A,0.48526522593320237,0.043222003929273084,3.031434184675835
CLEC1B,0.518664047151277,0.03339882121807466,3.1473477406679766
CLEC2A,0.518664047151277,0.03339882121807466,3.1473477406679766
CLEC2D,0.518664047151277,0.029469548133595286,3.1532416502946954
CLEC3B,0.1237721021611002,0.29273084479371314,1.899803536345776
CLEC4C,0.5206286836935167,0.023575638506876228,3.1571709233791747
CLEC4D,0.518664047151277,0.025540275049115914,3.151277013752456
CLEC4E,0.518664047151277,0.025540275049115914,3.151277013752456
CLEC4G,0.3929273084479371,0.0825147347740668,2.5265225933202355
CLEC4M,0.3929273084479371,0.0825147347740668,2.5265225933202355
CLEC5A,0.4263261296660118,0.10609037328094302,2.681728880157171
CLEC6A,0.518664047151277,0.025540275049115914,3.151277013752456
CLEC7A,0.518664047151277,0.03339882121807466,3.1453831041257367
CLGN,0.3654223968565815,0.07269155206286837,2.520628683693517
CLIC1,0.4518664047151277,0.04911591355599214,2.8015717092337917
CLIC2,0.22396856581532418,0.3379174852652259,2.029469548133595
CLIC3,0.5284872298624754,0.05108055009823183,2.9783889980353635
CLIC4,0.41846758349705304,0.04518664047151277,2.62475442043222
CLIC5,0.47544204322200395,0.04518664047151277,2.882121807465619
CLIC6,0.33398821218074654,0.07465618860510806,2.4538310412573674
CLINT1,0.3005893909626719,0.09233791748526522,2.3909626719056973
CLIP1,0.46168958742632615,0.0137524557956778,2.764243614931238
CLIP2,0.4774066797642436,0.0275049115913556,2.9174852652259333
CLIP3,0.4675834970530452,0.03732809430255403,2.7681728880157173
CLK1,0.41453831041257366,0.043222003929273084,2.7210216110019645
CLK2,0.5363457760314342,0.005893909626719057,2.943025540275049
CLK3,0.4165029469548134,0.06286836935166994,2.642436149312377
CLK4,0.3025540275049116,0.10216110019646366,2.388998035363458
CLN3,0.4656188605108055,0.0275049115913556,2.8035363457760316
CLN5,0.37721021611001965,0.137524557956778,2.62671905697446
CLN6,0.41453831041257366,0.06286836935166994,2.650294695481336
CLN8,0.2888015717092338,0.23772102161100198,2.280943025540275
CLNS1A,0.4204322200392927,0.12573673870333987,2.8546168958742633
CLOCK,0.41846758349705304,0.04911591355599214,2.7072691552062866
CLP1,0.4774066797642436,0.01768172888015717,2.8762278978388998
CLPP,0.3889980353634578,0.09233791748526522,2.5147347740667976
CLPS,0.4518664047151277,0.047151277013752456,2.776031434184676
CLPX,0.4106090373280943,0.06286836935166994,2.6483300589390963
CLRN1,0.7445972495088409,0.003929273084479371,4.231827111984283
CLSPN,0.4518664047151277,0.019646365422396856,2.719056974459725
CLSTN1,0.4243614931237721,0.04518664047151277,2.6601178781925343
CLTA,0.412573673870334,0.14734774066797643,2.93713163064833
CLTB,0.3025540275049116,0.10019646365422397,2.388998035363458
CLTCL1,0.4715127701375246,0.025540275049115914,2.980353634577603
CLU,0.2907662082514735,0.22789783889980353,2.2888015717092336
CLUAP1,0.4656188605108055,0.03732809430255403,2.7524557956777995
CLVS1,0.6895874263261297,0.009823182711198428,3.756385068762279
CLVS2,0.43418467583497056,0.03732809430255403,2.6935166994106092
CMA1,0.4577603143418468,0.05893909626719057,2.8899803536345776
CMAS,0.5147347740667977,0.023575638506876228,3.2023575638506876
CMC2,0.4538310412573674,0.07072691552062868,2.732809430255403
CMC4,0.21414538310412573,0.3516699410609037,2.005893909626719
CMIP,0.4518664047151277,0.07269155206286837,2.7288801571709236
CMKLR1,0.45579567779960706,0.015717092337917484,2.7406679764243616
CMPK1,0.449901768172888,0.015717092337917484,2.7367387033398822
CMTM2,0.46954813359528486,0.060903732809430254,2.7681728880157173
CMTM3,0.46954813359528486,0.060903732809430254,2.7681728880157173
CMTM4,0.46954813359528486,0.060903732809430254,2.7681728880157173
CMTM5,0.46168958742632615,0.05304518664047151,2.905697445972495
CMTM6,0.13163064833005894,0.2868369351669941,1.9233791748526523
CMTM7,0.13163064833005894,0.2868369351669941,1.9233791748526523
CMTM8,0.13163064833005894,0.2888015717092338,1.919449901768173
CMTR1,0.4518664047151277,0.04518664047151277,2.7779960707269153
CMYA5,0.2593320235756385,0.1237721021611002,2.2888015717092336
CNBP,0.6640471512770137,0.005893909626719057,3.587426326129666
CNDP1,0.22986247544204322,0.23968565815324164,2.1709233791748526
CNDP2,0.22986247544204322,0.24165029469548133,2.1414538310412574
CNEP1R1,0.4538310412573674,0.07072691552062868,2.756385068762279
CNGA1,0.35952848722986247,0.09233791748526522,2.5717092337917484
CNGB1,0.45579567779960706,0.06679764243614932,2.7662082514734774
CNGB3,0.7269155206286837,0.005893909626719057,3.8290766208251474
CNIH1,0.48526522593320237,0.03732809430255403,3.0039292730844793
CNIH2,0.550098231827112,0.01768172888015717,3.1728880157170924
CNIH3,0.5461689587426326,0.007858546168958742,3.005893909626719
CNKSR1,0.41846758349705304,0.043222003929273084,2.62671905697446
CNKSR2,0.12966601178781925,0.5009823182711198,1.7170923379174852
CNN1,0.4302554027504912,0.05304518664047151,2.654223968565815
CNN2,0.3575638506876228,0.11787819253438114,2.418467583497053
CNNM1,0.3831041257367387,0.07072691552062868,2.506876227897839
CNNM3,0.47544204322200395,0.007858546168958742,3.0471512770137523
CNNM4,0.47347740667976423,0.007858546168958742,3.0078585461689586
CNOT1,0.4577603143418468,0.06483300589390963,2.7681728880157173
CNOT10,0.13163064833005894,0.2868369351669941,1.9233791748526523
CNOT11,0.46954813359528486,0.011787819253438114,2.8664047151277012
CNOT2,0.4911591355599214,0.011787819253438114,3.0982318271119844
CNOT3,0.47544204322200395,0.03143418467583497,2.7662082514734774
CNOT4,0.4223968565815324,0.10412573673870335,2.6719056974459723
CNOT6,0.3025540275049116,0.0962671905697446,2.406679764243615
CNOT6L,0.3831041257367387,0.060903732809430254,2.5854616895874263
CNOT7,0.28094302554027506,0.24361493123772102,2.2770137524557956
CNOT8,0.29862475442043224,0.09233791748526522,2.3909626719056973
CNOT9,0.343811394891945,0.09037328094302555,2.461689587426326
CNPY3,0.4636542239685658,0.03929273084479371,2.8722986247544204
CNR1,0.4106090373280943,0.04518664047151277,2.6660117878192535
CNR2,0.41846758349705304,0.04518664047151277,2.62475442043222
CNTF,0.4675834970530452,0.023575638506876228,2.8840864440078584
CNTFR,0.4243614931237721,0.137524557956778,2.931237721021611
CNTLN,0.3516699410609037,0.1807465618860511,2.701375245579568
CNTN1,0.45972495088408644,0.025540275049115914,2.781925343811395
CNTN2,0.5442043222003929,0.005893909626719057,2.988212180746562
CNTN3,0.1237721021611002,0.30648330058939094,1.8978388998035363
CNTN4,0.17288801571709234,0.2632612966601179,2.019646365422397
CNTN5,0.3614931237721022,0.1650294695481336,2.74852652259332
CNTNAP1,0.44793713163064836,0.019646365422396856,2.793713163064833
CNTNAP2,0.4263261296660118,0.1100196463654224,2.68565815324165
CNTRL,0.5442043222003929,0.03536345776031434,3.011787819253438
COA5,0.4715127701375246,0.007858546168958742,2.899803536345776
COA6,0.5461689587426326,0.007858546168958742,3.031434184675835
COG1,0.4911591355599214,0.025540275049115914,2.880157170923379
COG2,0.5442043222003929,0.007858546168958742,3.0216110019646365
COG3,0.29862475442043224,0.17092337917485265,2.3536345776031435
COG4,0.4656188605108055,0.05893909626719057,2.764243614931238
COG5,0.5147347740667977,0.029469548133595286,3.068762278978389
COG6,0.29273084479371314,0.1807465618860511,2.3104125736738705
COG7,0.4577603143418468,0.03339882121807466,2.7583497053045187
COG8,0.4656188605108055,0.060903732809430254,2.760314341846758
COIL,0.46954813359528486,0.019646365422396856,2.8428290766208253
COL10A1,0.4243614931237721,0.0412573673870334,2.6719056974459723
COL11A1,0.3693516699410609,0.0550098231827112,2.538310412573674
COL12A1,0.4204322200392927,0.0412573673870334,2.667976424361493
COL13A1,0.3929273084479371,0.04911591355599214,2.5658153241650297
COL14A1,0.7760314341846758,0.0019646365422396855,4.133595284872299
COL16A1,0.43418467583497056,0.03536345776031434,2.669941060903733
COL18A1,0.30844793713163066,0.10019646365422397,2.3948919449901767
COL1A1,0.4636542239685658,0.011787819253438114,2.8271119842829076
COL1A2,0.5225933202357563,0.019646365422396856,3.2652259332023577
COL20A1,0.5422396856581533,0.021611001964636542,3.1100196463654224
COL23A1,0.3005893909626719,0.10019646365422397,2.3850687622789786
COL25A1,0.3713163064833006,0.05304518664047151,2.536345776031434
COL26A1,0.5206286836935167,0.019646365422396856,3.1453831041257367
COL2A1,0.45579567779960706,0.021611001964636542,2.744597249508841
COL3A1,0.4518664047151277,0.0275049115913556,2.856581532416503
COL4A1,0.4106090373280943,0.10609037328094302,2.701375245579568
COL4A2,0.4086444007858546,0.10609037328094302,2.699410609037328
COL4A3,0.3418467583497053,0.08644400785854617,2.4675834970530452
COL4A4,0.3418467583497053,0.08644400785854617,2.4675834970530452
COL4A5,0.18467583497053044,0.3850687622789784,1.931237721021611
COL4A6,0.18467583497053044,0.38703339882121807,1.9273084479371316
COL5A1,0.5324165029469549,0.043222003929273084,2.988212180746562
COL5A2,0.4518664047151277,0.0275049115913556,2.856581532416503
COL5A3,0.4204322200392927,0.06286836935166994,2.6404715127701377
COL6A1,0.3104125736738703,0.10216110019646366,2.3948919449901767
COL6A2,0.31237721021611004,0.10019646365422397,2.400785854616896
COL6A3,0.3516699410609037,0.09233791748526522,2.479371316306483
COL7A1,0.11787819253438114,0.3005893909626719,1.882121807465619
COL8A1,0.6090373280943026,0.0137524557956778,3.4086444007858545
COL8A2,0.4538310412573674,0.019646365422396856,2.7210216110019645
COL9A1,0.4243614931237721,0.03732809430255403,2.6954813359528487
COL9A2,0.45972495088408644,0.015717092337917484,2.781925343811395
COLEC10,0.7779960707269156,0.0019646365422396855,4.104125736738704
COLEC11,0.4577603143418468,0.023575638506876228,2.8290766208251474
COLEC12,0.5206286836935167,0.047151277013752456,3.208251473477407
COLGALT1,0.4400785854616896,0.05108055009823183,2.699410609037328
COLGALT2,0.5383104125736738,0.007858546168958742,2.9607072691552063
COLQ,0.14538310412573674,0.275049115913556,1.9607072691552063
COMMD1,0.47544204322200395,0.0,2.950884086444008
COMMD4,0.41846758349705304,0.06286836935166994,2.6463654223968565
COMMD5,0.7701375245579568,0.0019646365422396855,4.037328094302554
COMMD6,0.37524557956778,0.13555992141453832,2.6090373280943027
COMP,0.44204322200392926,0.05304518664047151,2.6895874263261295
COMT,0.4774066797642436,0.021611001964636542,3.029469548133595
COPA,0.5383104125736738,0.005893909626719057,2.980353634577603
COPB1,0.3929273084479371,0.0825147347740668,2.618860510805501
COPB2,0.7072691552062869,0.005893909626719057,3.850687622789784
COPE,0.44204322200392926,0.05304518664047151,2.6895874263261295
COPG1,0.6640471512770137,0.005893909626719057,3.587426326129666
COPG2,0.4302554027504912,0.09233791748526522,2.7033398821218073
COPRS,0.43222003929273084,0.021611001964636542,2.762278978388998
COPS2,0.4027504911591356,0.07072691552062868,2.6168958742632613
COPS3,0.40078585461689586,0.08840864440078586,2.638506876227898
COPS4,0.37721021611001965,0.06679764243614932,2.552062868369352
COPS5,0.7053045186640472,0.003929273084479371,3.799607072691552
COPS6,0.5284872298624754,0.0137524557956778,3.200392927308448
COPS7A,0.5225933202357563,0.021611001964636542,3.180746561886051
COPS7B,0.34577603143418467,0.09233791748526522,2.461689587426326
COPS8,0.3516699410609037,0.09233791748526522,2.479371316306483
COPZ1,0.4636542239685658,0.015717092337917484,2.7465618860510808
COPZ2,0.46168958742632615,0.0137524557956778,2.821218074656189
COQ2,0.37524557956778,0.06679764243614932,2.550098231827112
COQ3,0.41453831041257366,0.0412573673870334,2.6483300589390963
COQ4,0.5422396856581533,0.03536345776031434,3.0078585461689586
COQ5,0.4675834970530452,0.0137524557956778,2.781925343811395
COQ6,0.4950884086444008,0.03732809430255403,3.0275049115913557
COQ7,0.4656188605108055,0.03339882121807466,2.762278978388998
COQ8B,0.4577603143418468,0.03929273084479371,2.7210216110019645
COQ9,0.4577603143418468,0.06679764243614932,2.7662082514734774
CORIN,0.3575638506876228,0.09430255402750491,2.5540275049115913
CORO1A,0.46954813359528486,0.0275049115913556,2.7976424361493124
CORO1B,0.555992141453831,0.025540275049115914,3.239685658153242
CORO1C,0.45579567779960706,0.015717092337917484,2.74852652259332
CORT,0.4243614931237721,0.047151277013752456,2.6522593320235757
COX10,0.3831041257367387,0.08840864440078586,2.599214145383104
COX11,0.46954813359528486,0.019646365422396856,2.848722986247544
COX14,0.45579567779960706,0.019646365422396856,2.732809430255403
COX15,0.3831041257367387,0.07072691552062868,2.504911591355599
COX16,0.48919449901768175,0.03339882121807466,3.013752455795678
COX17,0.6444007858546169,0.005893909626719057,3.506876227897839
COX18,0.412573673870334,0.047151277013752456,2.7347740667976423
COX19,0.5658153241650294,0.015717092337917484,3.269155206286837
COX20,0.555992141453831,0.007858546168958742,3.0412573673870336
COX4I1,0.4400785854616896,0.07072691552062868,2.705304518664047
COX4I2,0.5893909626719057,0.007858546168958742,3.418467583497053
COX5A,0.4165029469548134,0.06286836935166994,2.642436149312377
COX5B,0.47347740667976423,0.007858546168958742,2.9901768172888015
COX6A1,0.4675834970530452,0.0137524557956778,2.7858546168958744
COX6A2,0.46954813359528486,0.0275049115913556,2.7956777996070725
COX6B2,0.4793713163064833,0.03143418467583497,2.776031434184676
COX6C,0.7524557956777996,0.0019646365422396855,4.001964636542239
COX7A2,0.4204322200392927,0.03929273084479371,2.669941060903733
COX7A2L,0.4774066797642436,0.011787819253438114,2.8840864440078584
COX7C,0.2632612966601179,0.13163064833005894,2.286836935166994
COX8A,0.4911591355599214,0.0275049115913556,2.986247544204322
CP,0.7445972495088409,0.0019646365422396855,4.210216110019647
CPA1,0.4302554027504912,0.09233791748526522,2.7072691552062866
CPA2,0.4302554027504912,0.09037328094302555,2.7092337917485265
CPB2,0.29862475442043224,0.17288801571709234,2.355599214145383
CPD,0.4302554027504912,0.023575638506876228,2.74852652259332
CPE,0.3379174852652259,0.0962671905697446,2.4282907662082516
CPEB1,0.4361493123772102,0.0550098231827112,2.705304518664047
CPLX1,0.3104125736738703,0.14538310412573674,2.4027504911591357
CPLX2,0.3005893909626719,0.10019646365422397,2.387033398821218
CPLX3,0.4165029469548134,0.06286836935166994,2.642436149312377
CPLX4,0.22396856581532418,0.2357563850687623,2.1237721021611002
CPM,0.48722986247544203,0.009823182711198428,3.1866404715127703
CPN1,0.3831041257367387,0.07072691552062868,2.504911591355599
CPN2,0.7740667976424361,0.0,4.365422396856582
CPNE3,0.7269155206286837,0.005893909626719057,3.831041257367387
CPS1,0.35952848722986247,0.08447937131630648,2.4970530451866404
CPSF1,0.7701375245579568,0.0019646365422396855,4.041257367387034
CPSF2,0.48919449901768175,0.05697445972495088,3.005893909626719
CPSF3,0.45579567779960706,0.021611001964636542,2.825147347740668
CPSF4,0.5324165029469549,0.0137524557956778,3.239685658153242
CPSF6,0.4911591355599214,0.007858546168958742,3.2416502946954813
CPSF7,0.4715127701375246,0.029469548133595286,2.8605108055009825
CPT1A,0.5579567779960707,0.03143418467583497,4.165029469548133
CPT2,0.4361493123772102,0.021611001964636542,2.705304518664047
CR1,0.5442043222003929,0.005893909626719057,2.988212180746562
CR2,0.5442043222003929,0.005893909626719057,2.988212180746562
CRABP1,0.4223968565815324,0.06483300589390963,2.650294695481336
CRABP2,0.5363457760314342,0.005893909626719057,2.93713163064833
CRACR2A,0.5265225933202358,0.019646365422396856,3.2318271119842827
CRADD,0.449901768172888,0.021611001964636542,2.719056974459725
CRAMP1,0.46168958742632615,0.03929273084479371,2.7406679764243616
CRAT,0.5402750491159135,0.03929273084479371,3.00196463654224
CRB1,0.5422396856581533,0.007858546168958742,2.9842829076620827
CRB3,0.3889980353634578,0.09037328094302555,2.512770137524558
CRBN,0.16699410609037327,0.26522593320235754,2.005893909626719
CRCP,0.5029469548133595,0.019646365422396856,2.9607072691552063
CREB1,0.35952848722986247,0.08447937131630648,2.4970530451866404
CREB3,0.4263261296660118,0.137524557956778,3.09251968503937
CREB3L1,0.4223968565815324,0.06483300589390963,2.7544204322200394
CREB3L2,0.4302554027504912,0.10019646365422397,2.7033398821218073
CREB3L3,0.38703339882121807,0.0962671905697446,2.4990176817288803
CREB3L4,0.5383104125736738,0.007858546168958742,2.9449901768172886
CREB5,0.5677799607072691,0.01768172888015717,3.237721021611002
CREBBP,0.4675834970530452,0.03732809430255403,2.756385068762279
CREBZF,0.3693516699410609,0.15520628683693516,2.612966601178782
CREG1,0.5343811394891945,0.009823182711198428,2.994106090373281
CRELD2,0.44793713163064836,0.0412573673870334,2.819253438113949
CREM,0.3791748526522593,0.0825147347740668,2.6149312377210214
CRH,0.7072691552062869,0.003929273084479371,3.8113948919449903
CRHBP,0.2632612966601179,0.1237721021611002,2.2966601178781927
CRHR1,0.46168958742632615,0.015717092337917484,2.805500982318271
CRHR2,0.5658153241650294,0.019646365422396856,3.2220039292730847
CRIP1,0.48919449901768175,0.05304518664047151,3.00196463654224
CRISP2,0.4715127701375246,0.043222003929273084,2.8722986247544204
CRISP3,0.4715127701375246,0.043222003929273084,2.868369351669941
CRK,0.3889980353634578,0.09430255402750491,2.56188605108055
CRKL,0.48526522593320237,0.019646365422396856,3.1669941060903732
CRLF1,0.4400785854616896,0.05304518664047151,2.6915520628683693
CRLF2,0.343811394891945,0.2357563850687623,2.449901768172888
CRLS1,0.5343811394891945,0.04911591355599214,3.0805500982318272
CRMP1,0.30844793713163066,0.15324165029469547,2.418467583497053
CRNKL1,0.5324165029469549,0.043222003929273084,3.1335952848722988
CRNN,0.5383104125736738,0.005893909626719057,2.9607072691552063
CROT,0.5108055009823183,0.023575638506876228,3.1119842829076623
CRP,0.5383104125736738,0.005893909626719057,2.9764243614931236
CRTAM,0.30648330058939094,0.18467583497053044,2.343811394891945
CRTAP,0.13163064833005894,0.2868369351669941,1.9233791748526523
CRTC1,0.4400785854616896,0.05304518664047151,2.68565815324165
CRTC2,0.5383104125736738,0.007858546168958742,2.9449901768172886
CRTC3,0.444007858546169,0.04911591355599214,2.7367387033398822
CRX,0.46168958742632615,0.03339882121807466,2.6974459724950886
CRY1,0.45579567779960706,0.015717092337917484,2.744597249508841
CRY2,0.4263261296660118,0.06483300589390963,2.7701375245579567
CRYAA,0.30844793713163066,0.09823182711198428,2.3831041257367387
CRYAB,0.2966601178781925,0.19646365422396855,2.2888015717092336
CRYBA1,0.4302554027504912,0.019646365422396856,2.7779960707269153
CRYGC,0.35952848722986247,0.0825147347740668,2.5029469548133596
CRYL1,0.275049115913556,0.17681728880157171,2.2848722986247543
CRYM,0.45972495088408644,0.03339882121807466,2.7583497053045187
CRYZ,0.4027504911591356,0.03339882121807466,2.6208251473477406
CS,0.4656188605108055,0.015717092337917484,2.7662082514734774
CSAD,0.45972495088408644,0.019646365422396856,2.742632612966601
CSDE1,0.33988212180746563,0.10019646365422397,2.4420432220039294
CSE1L,0.5343811394891945,0.023575638506876228,3.100196463654224
CSF1,0.34970530451866405,0.06679764243614932,2.4852652259332024
CSF1R,0.3005893909626719,0.09233791748526522,2.388998035363458
CSF2,0.2888015717092338,0.10216110019646366,2.3634577603143416
CSF2RB,0.44793713163064836,0.025540275049115914,2.8113948919449903
CSF3,0.44793713163064836,0.01768172888015717,2.850687622789784
CSF3R,0.45579567779960706,0.019646365422396856,2.7269155206286837
CSGALNACT1,0.28094302554027506,0.23772102161100198,2.2907662082514735
CSGALNACT2,0.43418467583497056,0.0412573673870334,2.6660117878192535
CSH1,0.48722986247544203,0.015717092337917484,2.8762278978388998
CSK,0.4165029469548134,0.06286836935166994,2.642436149312377
CSN1S1,0.412573673870334,0.047151277013752456,2.6915520628683693
CSN2,0.412573673870334,0.047151277013752456,2.6895874263261295
CSN3,0.4106090373280943,0.047151277013752456,2.68565815324165
CSNK1A1,0.3005893909626719,0.09233791748526522,2.388998035363458
CSNK1A1L,0.2868369351669941,0.18467583497053044,2.3104125736738705
CSNK1D,0.4656188605108055,0.04911591355599214,2.8035363457760316
CSNK1E,0.4577603143418468,0.023575638506876228,2.8428290766208253
CSNK1G1,0.4086444007858546,0.060903732809430254,2.6483300589390963
CSNK1G2,0.3614931237721022,0.11198428290766209,2.4341846758349703
CSNK1G3,0.27897838899803534,0.10609037328094302,2.349705304518664
CSNK2A1,0.5324165029469549,0.047151277013752456,3.049115913555992
CSNK2A2,0.45579567779960706,0.06679764243614932,2.762278978388998
CSNK2B,0.4518664047151277,0.04911591355599214,2.8035363457760316
CSPG4,0.41846758349705304,0.06286836935166994,2.6463654223968565
CSPG5,0.1237721021611002,0.3005893909626719,1.888015717092338
CSPP1,0.7053045186640472,0.003929273084479371,3.799607072691552
CSRP1,0.5442043222003929,0.007858546168958742,2.9842829076620827
CSRP3,0.3929273084479371,0.08644400785854617,2.5854616895874263
CST1,0.5383104125736738,0.03339882121807466,3.131630648330059
CST3,0.5383104125736738,0.03536345776031434,3.1296660117878194
CST4,0.5383104125736738,0.03339882121807466,3.131630648330059
CST6,0.5422396856581533,0.015717092337917484,3.165029469548134
CSTA,0.6444007858546169,0.005893909626719057,3.522593320235756
CSTB,0.3104125736738703,0.09823182711198428,2.3850687622789786
CSTF1,0.5402750491159135,0.021611001964636542,3.1237721021611002
CSTF2,0.1905697445972495,0.3850687622789784,1.9351669941060903
CSTF2T,0.40078585461689586,0.043222003929273084,2.618860510805501
CSTF3,0.4263261296660118,0.07662082514734773,2.732809430255403
CTAG1A,0.21218074656188604,0.35363457760314343,1.9960629921259843
CTAG1B,0.21414538310412573,0.35363457760314343,2.00196463654224
CTBP1,0.3143418467583497,0.14538310412573674,2.416502946954813
CTBP2,0.4066797642436149,0.060903732809430254,2.5756385068762278
CTBS,0.3988212180746562,0.0412573673870334,2.6090373280943027
CTCF,0.4675834970530452,0.060903732809430254,2.762278978388998
CTDNEP1,0.381139489194499,0.0962671905697446,2.5461689587426326
CTDP1,0.2220039292730845,0.25147347740667975,2.1100196463654224
CTDSP1,0.343811394891945,0.09037328094302555,2.4597249508840866
CTDSP2,0.4675834970530452,0.01768172888015717,2.807465618860511
CTF1,0.4715127701375246,0.0275049115913556,2.8035363457760316
CTH,0.4106090373280943,0.03339882121807466,2.6404715127701377
CTIF,0.275049115913556,0.20039292730844793,2.3084479371316307
CTNNA1,0.2966601178781925,0.08644400785854617,2.387033398821218
CTNNA2,0.46168958742632615,0.005893909626719057,2.9037328094302555
CTNNA3,0.3929273084479371,0.047151277013752456,2.5717092337917484
CTNNB1,0.12966601178781925,0.2888015717092338,1.9096267190569745
CTNNBIP1,0.4243614931237721,0.04518664047151277,2.6601178781925343
CTNNBL1,0.5579567779960707,0.019646365422396856,3.2141453831041256
CTNND1,0.47544204322200395,0.019646365422396856,2.880157170923379
CTNND2,0.6247544204322201,0.009823182711198428,3.5579567779960706
CTPS2,0.12966601178781925,0.49705304518664045,1.719056974459725
CTR9,0.381139489194499,0.09233791748526522,2.5599214145383105
CTRB1,0.4656188605108055,0.060903732809430254,2.7583497053045187
CTRB2,0.4656188605108055,0.060903732809430254,2.7583497053045187
CTRL,0.4675834970530452,0.060903732809430254,2.762278978388998
CTSA,0.5363457760314342,0.023575638506876228,3.117878192534381
CTSB,0.2770137524557957,0.2554027504911591,2.237721021611002
CTSC,0.3614931237721022,0.1650294695481336,2.5756385068762278
CTSD,0.37524557956778,0.10805500982318271,2.5284872298624754
CTSE,0.5442043222003929,0.005893909626719057,2.9901768172888015
CTSF,0.5579567779960707,0.01768172888015717,3.1964636542239684
CTSG,0.4577603143418468,0.05893909626719057,2.893909626719057
CTSH,0.42829076620825146,0.06286836935166994,2.6660117878192535
CTSK,0.5402750491159135,0.007858546168958742,2.9901768172888015
CTSL,0.5068762278978389,0.043222003929273084,2.9449901768172886
CTSO,0.3320235756385069,0.10019646365422397,2.447937131630648
CTSS,0.5402750491159135,0.007858546168958742,2.9901768172888015
CTSV,0.5265225933202358,0.03143418467583497,2.9960707269155207
CTSZ,0.5402750491159135,0.021611001964636542,3.1257367387033397
CTTN,0.6051080550098232,0.03536345776031434,6.695481335952849
CTTNBP2,0.4577603143418468,0.060903732809430254,2.8094302554027504
CTTNBP2NL,0.3418467583497053,0.08644400785854617,2.4538310412573674
CTU1,0.4675834970530452,0.03143418467583497,2.730844793713163
CTU2,0.4381139489194499,0.07269155206286837,2.7072691552062866
CUBN,0.35952848722986247,0.10805500982318271,2.5029469548133596
CUEDC2,0.3850687622789784,0.06679764243614932,2.5147347740667976
CUL1,0.4263261296660118,0.11394891944990176,2.662082514734774
CUL2,0.3791748526522593,0.0825147347740668,2.6149312377210214
CUL3,0.3320235756385069,0.09823182711198428,2.43811394891945
CUL4A,0.412573673870334,0.10609037328094302,2.744597249508841
CUL4B,0.18664047151277013,0.3831041257367387,1.9430255402750491
CUL5,0.3045186640471513,0.18467583497053044,2.3280943025540277
CUL9,0.4636542239685658,0.03929273084479371,2.8585461689587426
CUX1,0.518664047151277,0.019646365422396856,3.1335952848722988
CWC15,0.33398821218074654,0.17485265225933203,2.461689587426326
CWC22,0.4715127701375246,0.015717092337917484,2.905697445972495
CWC27,0.26719056974459726,0.11591355599214145,2.3398821218074657
CX3CL1,0.4577603143418468,0.06679764243614932,2.7662082514734774
CX3CR1,0.13163064833005894,0.2868369351669941,1.9155206286836934
CXADR,0.34577603143418467,0.09037328094302555,2.504911591355599
CXCL1,0.412573673870334,0.047151277013752456,2.7288801571709236
CXCL10,0.3988212180746562,0.05108055009823183,2.6640471512770136
CXCL11,0.3988212180746562,0.05108055009823183,2.6640471512770136
CXCL12,0.4243614931237721,0.04518664047151277,2.650294695481336
CXCL13,0.3850687622789784,0.060903732809430254,2.5913555992141455
CXCL14,0.29273084479371314,0.09233791748526522,2.3791748526522594
CXCL16,0.3850687622789784,0.09233791748526522,2.552062868369352
CXCL2,0.412573673870334,0.047151277013752456,2.7111984282907664
CXCL3,0.412573673870334,0.047151277013752456,2.7111984282907664
CXCL5,0.412573673870334,0.047151277013752456,2.7111984282907664
CXCL6,0.412573673870334,0.047151277013752456,2.7288801571709236
CXCL8,0.412573673870334,0.047151277013752456,2.7347740667976423
CXCL9,0.3988212180746562,0.05108055009823183,2.6640471512770136
CXCR1,0.343811394891945,0.09037328094302555,2.4597249508840866
CXCR2,0.343811394891945,0.09037328094302555,2.4597249508840866
CXCR3,0.15913555992141454,0.4106090373280943,1.8683693516699411
CXCR4,0.449901768172888,0.019646365422396856,2.7524557956777995
CXCR5,0.3025540275049116,0.1905697445972495,2.3084479371316307
CXCR6,0.11984282907662082,0.29469548133595286,1.893909626719057
CXXC1,0.25147347740667975,0.21021611001964635,2.2023575638506876
CXXC5,0.2966601178781925,0.08644400785854617,2.387033398821218
CYB5A,0.2318271119842829,0.23968565815324164,2.151277013752456
CYB5B,0.4656188605108055,0.060903732809430254,2.760314341846758
CYB5R1,0.5442043222003929,0.007858546168958742,2.982318271119843
CYB5R2,0.37524557956778,0.09430255402750491,2.538310412573674
CYB5R3,0.44793713163064836,0.025540275049115914,2.805500982318271
CYBA,0.4381139489194499,0.07269155206286837,2.7072691552062866
CYBB,0.12180746561886051,0.5206286836935167,1.6797642436149312
CYBRD1,0.4636542239685658,0.0137524557956778,2.8703339882121806
CYC1,0.7701375245579568,0.0019646365422396855,4.037328094302554
CYCS,0.5717092337917485,0.015717092337917484,3.2318271119842827
CYFIP1,0.41846758349705304,0.060903732809430254,2.7072691552062866
CYGB,0.48526522593320237,0.03732809430255403,2.8605108055009825
CYLC1,0.16895874263261296,0.3948919449901768,1.931237721021611
CYLC2,0.5343811394891945,0.03339882121807466,3.0039292730844793
CYLD,0.45579567779960706,0.07269155206286837,2.7583497053045187
CYP11A1,0.4165029469548134,0.06286836935166994,2.642436149312377
CYP11B1,0.7701375245579568,0.0019646365422396855,4.066797642436149
CYP11B2,0.7701375245579568,0.0019646365422396855,4.066797642436149
CYP17A1,0.3850687622789784,0.06286836935166994,2.518664047151277
CYP19A1,0.412573673870334,0.07072691552062868,2.654223968565815
CYP1A1,0.4165029469548134,0.06286836935166994,2.642436149312377
CYP1A2,0.4165029469548134,0.06286836935166994,2.642436149312377
CYP1B1,0.47544204322200395,0.011787819253438114,2.8880157170923377
CYP24A1,0.5363457760314342,0.025540275049115914,3.1119842829076623
CYP26A1,0.3831041257367387,0.07072691552062868,2.5166994106090375
CYP27A1,0.33988212180746563,0.09037328094302555,2.4557956777996073
CYP2A13,0.4577603143418468,0.03929273084479371,2.719056974459725
CYP2A6,0.4577603143418468,0.03929273084479371,2.719056974459725
CYP2A7,0.4577603143418468,0.03929273084479371,2.719056974459725
CYP2B6,0.4577603143418468,0.03929273084479371,2.719056974459725
CYP2C18,0.3831041257367387,0.07072691552062868,2.5108055009823183
CYP2C19,0.3831041257367387,0.07072691552062868,2.5108055009823183
CYP2C8,0.3831041257367387,0.07072691552062868,2.506876227897839
CYP2C9,0.3831041257367387,0.07072691552062868,2.506876227897839
CYP2E1,0.4086444007858546,0.06679764243614932,2.579567779960707
CYP2J2,0.4361493123772102,0.0275049115913556,2.7269155206286837
CYP2S1,0.4577603143418468,0.0412573673870334,2.6954813359528487
CYP3A4,0.5304518664047151,0.0137524557956778,3.2102161100196462
CYP3A5,0.5304518664047151,0.0137524557956778,3.2102161100196462
CYP4A11,0.449901768172888,0.0137524557956778,2.7406679764243616
CYP4A22,0.449901768172888,0.0137524557956778,2.7406679764243616
CYP4F2,0.44204322200392926,0.047151277013752456,2.7111984282907664
CYP4F22,0.44204322200392926,0.04518664047151277,2.732809430255403
CYP4F8,0.44204322200392926,0.047151277013752456,2.730844793713163
CYP51A1,0.518664047151277,0.021611001964636542,3.3064833005893908
CYP7B1,0.6994106090373281,0.003929273084479371,3.7976424361493124
CYP8B1,0.12573673870333987,0.2888015717092338,1.9076620825147348
CYREN,0.4223968565815324,0.10216110019646366,2.673870333988212
CYTH2,0.46168958742632615,0.03339882121807466,2.699410609037328
CYTH3,0.5756385068762279,0.009823182711198428,3.294695481335953
CYTH4,0.449901768172888,0.025540275049115914,2.8094302554027504
D2HGDH,0.3555992141453831,0.09233791748526522,2.4852652259332024
DAAM1,0.4950884086444008,0.03536345776031434,3.0412573673870336
DAB2,0.5992141453831041,0.003929273084479371,3.555992141453831
DAB2IP,0.5461689587426326,0.03536345776031434,3.013752455795678
DACH1,0.3713163064833006,0.14145383104125736,2.75049115913556
DACT1,0.4950884086444008,0.03536345776031434,3.031434184675835
DAD1,0.45972495088408644,0.05108055009823183,2.9037328094302555
DAO,0.45579567779960706,0.015717092337917484,2.75049115913556
DAOA,0.3988212180746562,0.11394891944990176,2.6719056974459723
DAP3,0.5363457760314342,0.005893909626719057,2.9410609037328093
DAPK1,0.5049115913555993,0.04518664047151277,2.9410609037328093
DAPK2,0.4086444007858546,0.06286836935166994,2.6463654223968565
DAPK3,0.3831041257367387,0.09823182711198428,2.4891944990176817
DAPP1,0.3654223968565815,0.060903732809430254,2.5147347740667976
DAXX,0.44793713163064836,0.05304518664047151,2.7701375245579567
DAZAP1,0.3575638506876228,0.11591355599214145,2.420432220039293
DAZL,0.13948919449901767,0.2730844793713163,1.9548133595284873
DBF4,0.5108055009823183,0.023575638506876228,3.1571709233791747
DBF4B,0.45972495088408644,0.01768172888015717,2.8035363457760316
DBH,0.5343811394891945,0.03929273084479371,3.0
DBN1,0.3005893909626719,0.10019646365422397,2.387033398821218
DBNL,0.5520628683693517,0.01768172888015717,3.192534381139489
DBP,0.46168958742632615,0.03339882121807466,2.699410609037328
DBR1,0.7053045186640472,0.003929273084479371,3.848722986247544
DBT,0.3791748526522593,0.05304518664047151,2.5658153241650297
DCAF1,0.11787819253438114,0.30648330058939094,1.8762278978388998
DCAF10,0.3889980353634578,0.15324165029469547,2.7779960707269153
DCAF11,0.4538310412573674,0.05893909626719057,2.8781925343811396
DCAF12,0.41846758349705304,0.137524557956778,2.9155206286836934
DCAF13,0.756385068762279,0.0019646365422396855,4.007858546168959
DCAF16,0.32023575638506874,0.14341846758349705,2.406679764243615
DCAF17,0.4636542239685658,0.0137524557956778,2.864440078585462
DCAF4,0.4950884086444008,0.03536345776031434,3.025540275049116
DCAF5,0.48919449901768175,0.03339882121807466,3.025540275049116
DCAF6,0.5363457760314342,0.007858546168958742,3.043222003929273
DCAF7,0.48722986247544203,0.015717092337917484,2.8762278978388998
DCAF8,0.5383104125736738,0.005893909626719057,2.980353634577603
DCC,0.25343811394891946,0.22789783889980353,2.178781925343811
DCK,0.4106090373280943,0.047151277013752456,2.6915520628683693
DCLRE1A,0.3968565815324165,0.05893909626719057,2.5540275049115913
DCLRE1C,0.3654223968565815,0.10805500982318271,2.512770137524558
DCN,0.4538310412573674,0.021611001964636542,2.724950884086444
DCP1A,0.11787819253438114,0.30844793713163066,1.87426326129666
DCP1B,0.5245579567779961,0.023575638506876228,3.223968565815324
DCP2,0.27897838899803534,0.11198428290766209,2.332023575638507
DCPS,0.3104125736738703,0.1787819253438114,2.341846758349705
DCT,0.381139489194499,0.1237721021611002,2.583497053045187
DCTD,0.32612966601178783,0.1237721021611002,2.418467583497053
DCTN1,0.4715127701375246,0.0019646365422396855,2.905697445972495
DCTN2,0.46954813359528486,0.01768172888015717,2.805500982318271
DCTN3,0.4263261296660118,0.137524557956778,2.9351669941060905
DCTN4,0.3005893909626719,0.09233791748526522,2.388998035363458
DCTN5,0.45972495088408644,0.03339882121807466,2.7662082514734774
DCTN6,0.3045186640471513,0.2180746561886051,2.3713163064833007
DCTPP1,0.4675834970530452,0.0275049115913556,2.7956777996070725
DCUN1D1,0.787819253438114,0.0,4.754420432220039
DCUN1D3,0.4636542239685658,0.03339882121807466,2.764243614931238
DCXR,0.4675834970530452,0.04911591355599214,2.8153241650294696
DDAH2,0.4518664047151277,0.04911591355599214,2.8015717092337917
DDB1,0.4715127701375246,0.029469548133595286,2.8605108055009825
DDB2,0.41846758349705304,0.06679764243614932,2.6915520628683693
DDC,0.555992141453831,0.011787819253438114,3.3280943025540277
DDHD1,0.48919449901768175,0.03536345776031434,3.0392927308447937
DDHD2,0.4223968565815324,0.14734774066797643,3.1119842829076623
DDIT3,0.46954813359528486,0.01768172888015717,2.805500982318271
DDIT4,0.3929273084479371,0.04911591355599214,2.5717092337917484
DDIT4L,0.3654223968565815,0.060903732809430254,2.5147347740667976
DDN,0.444007858546169,0.025540275049115914,2.7092337917485265
DDO,0.41846758349705304,0.0412573673870334,2.656188605108055
DDOST,0.4223968565815324,0.0412573673870334,2.6365422396856584
DDRGK1,0.5324165029469549,0.04911591355599214,3.043222003929273
DDX1,0.45972495088408644,0.021611001964636542,2.8428290766208253
DDX11,0.5068762278978389,0.01768172888015717,3.2043222003929275
DDX17,0.45579567779960706,0.023575638506876228,2.838899803536346
DDX18,0.47544204322200395,0.009823182711198428,2.9469548133595285
DDX19A,0.4656188605108055,0.05893909626719057,2.764243614931238
DDX19B,0.4656188605108055,0.05893909626719057,2.764243614931238
DDX20,0.3418467583497053,0.08447937131630648,2.4577603143418467
DDX21,0.3929273084479371,0.04911591355599214,2.567779960707269
DDX23,0.449901768172888,0.019646365422396856,2.7387033398821217
DDX24,0.4911591355599214,0.05108055009823183,3.0157170923379173
DDX25,0.3104125736738703,0.1787819253438114,2.343811394891945
DDX28,0.4675834970530452,0.060903732809430254,2.762278978388998
DDX31,0.5343811394891945,0.03929273084479371,3.005893909626719
DDX39A,0.43418467583497056,0.047151277013752456,2.6915520628683693
DDX39B,0.4518664047151277,0.04911591355599214,2.8035363457760316
DDX3X,0.11984282907662082,0.5225933202357563,1.6758349705304518
DDX4,0.2829076620825147,0.10805500982318271,2.420432220039293
DDX41,0.3005893909626719,0.10019646365422397,2.387033398821218
DDX42,0.48722986247544203,0.015717092337917484,2.8762278978388998
DDX46,0.2907662082514735,0.09823182711198428,2.3772102161100195
DDX47,0.5068762278978389,0.029469548133595286,3.100196463654224
DDX5,0.48919449901768175,0.01768172888015717,2.880157170923379
DDX50,0.3929273084479371,0.04911591355599214,2.567779960707269
DDX51,0.4518664047151277,0.021611001964636542,2.719056974459725
DDX52,0.444007858546169,0.019646365422396856,2.8035363457760316
DDX54,0.4577603143418468,0.015717092337917484,2.7465618860510808
DDX56,0.5520628683693517,0.01768172888015717,3.192534381139489
DDX6,0.3025540275049116,0.1905697445972495,2.3084479371316307
DECR1,0.7288801571709234,0.003929273084479371,3.848722986247544
DECR2,0.4636542239685658,0.0412573673870334,2.7406679764243616
DEF6,0.4518664047151277,0.047151277013752456,2.776031434184676
DEFA1,0.275049115913556,0.25343811394891946,2.239685658153242
DEFA1B,0.275049115913556,0.25343811394891946,2.239685658153242
DEFA3,0.275049115913556,0.25343811394891946,2.239685658153242
DEFA5,0.275049115913556,0.2554027504911591,2.237721021611002
DEFA6,0.275049115913556,0.25343811394891946,2.239685658153242
DEFB1,0.275049115913556,0.25343811394891946,2.239685658153242
DEFB104A,0.275049115913556,0.25343811394891946,2.2337917485265226
DEFB104B,0.275049115913556,0.25343811394891946,2.2337917485265226
DEFB121,0.5893909626719057,0.007858546168958742,3.4106090373280944
DEFB4A,0.275049115913556,0.25343811394891946,2.2337917485265226
DEFB4B,0.275049115913556,0.25343811394891946,2.2337917485265226
DEGS1,0.5442043222003929,0.007858546168958742,3.0
DENND1A,0.550098231827112,0.03536345776031434,3.017681728880157
DENND1B,0.5422396856581533,0.007858546168958742,2.9842829076620827
DENND1C,0.3889980353634578,0.09037328094302555,2.512770137524558
DENND4A,0.412573673870334,0.06286836935166994,2.650294695481336
DENND4C,0.34970530451866405,0.17485265225933203,2.6915520628683693
DENND5A,0.3791748526522593,0.09430255402750491,2.5422396856581533
DEPDC1,0.4165029469548134,0.03143418467583497,2.6483300589390963
DEPDC1B,0.2691552062868369,0.1237721021611002,2.3359528487229864
DEPP1,0.41846758349705304,0.047151277013752456,2.62671905697446
DEPTOR,0.7779960707269156,0.0019646365422396855,4.139489194499018
DERL1,0.7779960707269156,0.003929273084479371,4.1237721021611
DERL2,0.3831041257367387,0.09430255402750491,2.550098231827112
DERL3,0.4656188605108055,0.021611001964636542,2.8919449901768175
DES,0.33988212180746563,0.09037328094302555,2.4557956777996073
DET1,0.4400785854616896,0.04911591355599214,2.7269155206286837
DFFA,0.4243614931237721,0.047151277013752456,2.6522593320235757
DFFB,0.4302554027504912,0.04518664047151277,2.681728880157171
DGAT1,0.7701375245579568,0.0019646365422396855,4.037328094302554
DGAT2,0.4223968565815324,0.12180746561886051,2.807465618860511
DGCR8,0.4774066797642436,0.023575638506876228,3.0373280943025542
DGKB,0.5776031434184676,0.015717092337917484,3.2789783889980355
DGKQ,0.31237721021611004,0.14538310412573674,2.412573673870334
DGLUCY,0.4911591355599214,0.05697445972495088,3.019646365422397
DGUOK,0.4715127701375246,0.0019646365422396855,2.905697445972495
DHCR24,0.4361493123772102,0.023575638506876228,2.701375245579568
DHCR7,0.5422396856581533,0.07072691552062868,4.245579567779961
DHFR2,0.5776031434184676,0.03536345776031434,3.387033398821218
DHODH,0.4675834970530452,0.060903732809430254,2.7701375245579567
DHPS,0.4302554027504912,0.04911591355599214,2.6483300589390963
DHRS1,0.45579567779960706,0.05893909626719057,2.8880157170923377
DHRS3,0.4243614931237721,0.04518664047151277,2.6522593320235757
DHRS4,0.4577603143418468,0.0550098231827112,2.8860510805500983
DHRS7B,0.3988212180746562,0.08644400785854617,2.611001964636542
DHRS9,0.45972495088408644,0.01768172888015717,2.8231827111984282
DHTKD1,0.3654223968565815,0.10609037328094302,2.512770137524558
DHX15,0.32023575638506874,0.13555992141453832,2.4538310412573674
DHX16,0.449901768172888,0.04911591355599214,2.8231827111984282
DHX32,0.4066797642436149,0.05893909626719057,2.5736738703339883
DHX33,0.3831041257367387,0.09430255402750491,2.550098231827112
DHX35,0.555992141453831,0.021611001964636542,3.192534381139489
DHX36,0.7524557956777996,0.0019646365422396855,4.255402750491159
DHX38,0.4675834970530452,0.060903732809430254,2.7701375245579567
DHX58,0.44597249508840864,0.019646365422396856,2.791748526522593
DHX8,0.4518664047151277,0.01768172888015717,2.791748526522593
DHX9,0.5363457760314342,0.007858546168958742,2.954813359528487
DIAPH2,0.18271119842829076,0.3948919449901768,1.9056974459724951
DICER1,0.4931237721021611,0.05108055009823183,3.0333988212180745
DIDO1,0.5383104125736738,0.021611001964636542,3.104125736738703
DIMT1,0.26719056974459726,0.12180746561886051,2.326129666011788
DIO2,0.5088408644400786,0.0412573673870334,3.068762278978389
DIO3,0.48919449901768175,0.05893909626719057,2.980353634577603
DIS3,0.37721021611001965,0.137524557956778,2.8585461689587426
DIS3L,0.412573673870334,0.06286836935166994,2.650294695481336
DISC1,0.5442043222003929,0.007858546168958742,3.025540275049116
DISP1,0.5442043222003929,0.007858546168958742,3.005893909626719
DISP3,0.4243614931237721,0.04518664047151277,2.654223968565815
DKC1,0.21414538310412573,0.3516699410609037,2.005893909626719
DKK1,0.4027504911591356,0.043222003929273084,2.630648330058939
DLAT,0.2966601178781925,0.1944990176817289,2.2927308447937134
DLC1,0.275049115913556,0.25147347740667975,2.237721021611002
DLD,0.5108055009823183,0.029469548133595286,3.076620825147348
DLG1,0.7819253438113949,0.0,4.3713163064833
DLG2,0.3831041257367387,0.15324165029469547,2.656188605108055
DLG3,0.15913555992141454,0.4066797642436149,1.8703339882121808
DLG4,0.381139489194499,0.0962671905697446,2.5461689587426326
DLGAP2,0.2907662082514735,0.2357563850687623,2.2789783889980355
DLGAP3,0.4518664047151277,0.021611001964636542,2.7151277013752457
DLGAP4,0.5677799607072691,0.019646365422396856,3.2730844793713163
DLGAP5,0.48722986247544203,0.03732809430255403,3.0157170923379173
DLK1,0.4931237721021611,0.05893909626719057,2.99803536345776
DLL1,0.4165029469548134,0.043222003929273084,2.68565815324165
DLL4,0.39096267190569745,0.08055009823182711,2.587426326129666
DLST,0.4950884086444008,0.03536345776031434,3.0471512770137523
DLX1,0.4675834970530452,0.0137524557956778,2.9351669941060905
DLX3,0.4656188605108055,0.011787819253438114,2.831041257367387
DLX6,0.5245579567779961,0.01768172888015717,3.2455795677799606
DMAC2L,0.48722986247544203,0.03732809430255403,3.017681728880157
DMAP1,0.4538310412573674,0.0137524557956778,2.7701375245579567
DMBT1,0.4106090373280943,0.05697445972495088,2.579567779960707
DMC1,0.45579567779960706,0.023575638506876228,2.838899803536346
DMD,0.12770137524557956,0.5088408644400786,1.7131630648330058
DMGDH,0.25736738703339884,0.1237721021611002,2.2888015717092336
DMP1,0.3831041257367387,0.060903732809430254,2.5776031434184676
DMPK,0.4656188605108055,0.03732809430255403,2.705304518664047
DMTN,0.28094302554027506,0.24361493123772102,2.257367387033399
DMXL2,0.4106090373280943,0.07072691552062868,2.6463654223968565
DNA2,0.39096267190569745,0.04911591355599214,2.567779960707269
DNAAF1,0.444007858546169,0.07072691552062868,2.713163064833006
DNAAF2,0.48722986247544203,0.03536345776031434,3.025540275049116
DNAAF4,0.4066797642436149,0.068762278978389,2.644400785854617
DNAH1,0.11787819253438114,0.30648330058939094,1.8762278978388998
DNAH10,0.45972495088408644,0.01768172888015717,2.7583497053045187
DNAH11,0.5736738703339882,0.015717092337917484,3.2455795677799606
DNAH12,0.11591355599214145,0.30844793713163066,1.8683693516699411
DNAH14,0.5461689587426326,0.009823182711198428,3.0039292730844793
DNAH17,0.481335952848723,0.03929273084479371,2.848722986247544
DNAH2,0.37721021611001965,0.0962671905697446,2.5402750491159134
DNAH3,0.4636542239685658,0.03339882121807466,2.762278978388998
DNAH6,0.4715127701375246,0.005893909626719057,2.9174852652259333
DNAH7,0.4381139489194499,0.029469548133595286,2.787819253438114
DNAH8,0.4538310412573674,0.043222003929273084,2.793713163064833
DNAH9,0.3850687622789784,0.09430255402750491,2.5893909626719056
DNAI1,0.4243614931237721,0.137524557956778,2.93909626719057
DNAI2,0.49705304518664045,0.023575638506876228,2.899803536345776
DNAJA1,0.3929273084479371,0.14734774066797643,2.7701375245579567
DNAJA2,0.4577603143418468,0.07269155206286837,2.7799607072691552
DNAJA3,0.4675834970530452,0.03929273084479371,2.7544204322200394
DNAJA4,0.4223968565815324,0.06483300589390963,2.650294695481336
DNAJB1,0.4361493123772102,0.047151277013752456,2.701375245579568
DNAJB11,0.7858546168958742,0.0,4.455795677799607
DNAJB12,0.3929273084479371,0.05108055009823183,2.569744597249509
DNAJB2,0.33988212180746563,0.09037328094302555,2.4557956777996073
DNAJB4,0.3988212180746562,0.03732809430255403,2.612966601178782
DNAJB5,0.42829076620825146,0.13555992141453832,2.9960707269155207
DNAJB6,0.4223968565815324,0.10805500982318271,2.6483300589390963
DNAJB9,0.5029469548133595,0.03143418467583497,3.1080550098231825
DNAJC1,0.3575638506876228,0.1100196463654224,2.4970530451866404
DNAJC10,0.4715127701375246,0.01768172888015717,2.9214145383104126
DNAJC11,0.4263261296660118,0.04518664047151277,2.6777996070726915
DNAJC15,0.2966601178781925,0.18271119842829076,2.326129666011788
DNAJC19,0.7858546168958742,0.0,4.69155206286837
DNAJC2,0.518664047151277,0.021611001964636542,3.135559921414538
DNAJC3,0.38703339882121807,0.12180746561886051,2.611001964636542
DNAJC4,0.48919449901768175,0.025540275049115914,2.980353634577603
DNAJC5,0.5383104125736738,0.021611001964636542,3.104125736738703
DNAJC6,0.4204322200392927,0.0275049115913556,2.669941060903733
DNAJC7,0.44597249508840864,0.019646365422396856,2.791748526522593
DNAJC8,0.4263261296660118,0.03929273084479371,2.642436149312377
DNAL4,0.4538310412573674,0.025540275049115914,2.8271119842829076
DNALI1,0.45579567779960706,0.019646365422396856,2.7367387033398822
DNASE1L1,0.21218074656188604,0.3555992141453831,1.994106090373281
DNASE2,0.43418467583497056,0.04911591355599214,2.675834970530452
DND1,0.2966601178781925,0.08644400785854617,2.387033398821218
DNER,0.34577603143418467,0.09233791748526522,2.4656188605108054
DNLZ,0.5284872298624754,0.04911591355599214,2.9783889980353635
DNM1,0.5422396856581533,0.03536345776031434,3.0078585461689586
DNM1L,0.5068762278978389,0.021611001964636542,3.1218074656188604
DNM2,0.4263261296660118,0.0550098231827112,2.658153241650295
DNM3,0.5343811394891945,0.007858546168958742,2.950884086444008
DNMBP,0.3831041257367387,0.07072691552062868,2.504911591355599
DNMT1,0.41846758349705304,0.060903732809430254,2.6404715127701377
DNMT3A,0.4715127701375246,0.009823182711198428,2.8664047151277012
DNMT3B,0.587426326129666,0.005893909626719057,3.3595284872298623
DNMT3L,0.30844793713163066,0.10019646365422397,2.3831041257367387
DNTT,0.3831041257367387,0.068762278978389,2.5088408644400784
DNTTIP1,0.5363457760314342,0.023575638506876228,3.117878192534381
DNTTIP2,0.3889980353634578,0.047151277013752456,2.5893909626719056
DOC2A,0.46954813359528486,0.029469548133595286,2.7976424361493124
DOC2B,0.3831041257367387,0.09823182711198428,2.552062868369352
DOCK1,0.4086444007858546,0.0550098231827112,2.583497053045187
DOCK11,0.18664047151277013,0.38703339882121807,1.9371316306483302
DOCK3,0.11787819253438114,0.30648330058939094,1.8762278978388998
DOCK4,0.4793713163064833,0.047151277013752456,2.9174852652259333
DOCK5,0.28487229862475444,0.2337917485265226,2.280943025540275
DOCK6,0.42829076620825146,0.05304518664047151,2.654223968565815
DOCK7,0.4302554027504912,0.0275049115913556,2.68565815324165
DOCK8,0.36738703339882123,0.17681728880157171,2.7288801571709236
DOK1,0.4715127701375246,0.0019646365422396855,2.905697445972495
DOK2,0.28094302554027506,0.24361493123772102,2.2612966601178783
DOK7,0.31237721021611004,0.1512770137524558,2.400785854616896
DOLK,0.5402750491159135,0.03929273084479371,3.00196463654224
DOLPP1,0.5402750491159135,0.03929273084479371,3.00196463654224
DOP1A,0.4086444007858546,0.03929273084479371,2.673870333988212
DOP1B,0.3241650294695481,0.07858546168958742,2.4243614931237722
DOT1L,0.3614931237721022,0.11198428290766209,2.43614931237721
DPAGT1,0.3025540275049116,0.1905697445972495,2.3084479371316307
DPEP1,0.4381139489194499,0.06679764243614932,2.713163064833006
DPEP2,0.4675834970530452,0.060903732809430254,2.762278978388998
DPF1,0.47347740667976423,0.03732809430255403,2.8035363457760316
DPF2,0.5108055009823183,0.019646365422396856,3.0216110019646365
DPH1,0.3850687622789784,0.09430255402750491,2.5540275049115913
DPH2,0.4538310412573674,0.0137524557956778,2.7701375245579567
DPH3,0.14341846758349705,0.2730844793713163,1.9587426326129667
DPM1,0.5343811394891945,0.023575638506876228,3.100196463654224
DPM2,0.5422396856581533,0.03536345776031434,3.0098231827111985
DPM3,0.5402750491159135,0.005893909626719057,2.9489194499017684
DPP4,0.4538310412573674,0.019646365422396856,2.7976424361493124
DPP6,0.4165029469548134,0.10805500982318271,2.644400785854617
DPP7,0.5284872298624754,0.05108055009823183,2.9783889980353635
DPP8,0.4106090373280943,0.06286836935166994,2.6483300589390963
DPP9,0.38703339882121807,0.0962671905697446,2.5029469548133596
DPPA4,0.6267190569744597,0.009823182711198428,3.538310412573674
DPT,0.5343811394891945,0.007858546168958742,2.9489194499017684
DPY30,0.47347740667976423,0.007858546168958742,2.8742632612966603
DPYD,0.381139489194499,0.05108055009823183,2.569744597249509
DPYS,0.756385068762279,0.0019646365422396855,4.009823182711198
DPYSL2,0.2868369351669941,0.2318271119842829,2.282907662082515
DPYSL3,0.2966601178781925,0.09233791748526522,2.381139489194499
DPYSL4,0.4106090373280943,0.060903732809430254,2.5776031434184676
DPYSL5,0.47347740667976423,0.007858546168958742,2.8703339882121806
DR1,0.3889980353634578,0.04518664047151277,2.5913555992141455
DRAP1,0.5422396856581533,0.015717092337917484,3.151277013752456
DRAXIN,0.4243614931237721,0.04518664047151277,2.654223968565815
DRD1,0.3005893909626719,0.10019646365422397,2.3948919449901767
DRD2,0.29273084479371314,0.1944990176817289,2.280943025540275
DRD3,0.6326129666011788,0.009823182711198428,3.493123772102161
DRD4,0.37721021611001965,0.10805500982318271,2.5422396856581533
DRD5,0.32612966601178783,0.14341846758349705,2.4263261296660117
DRG1,0.45579567779960706,0.021611001964636542,2.8428290766208253
DRG2,0.3968565815324165,0.08644400785854617,2.607072691552063
DROSHA,0.6110019646365422,0.003929273084479371,3.536345776031434
DSC1,0.3241650294695481,0.16306483300589392,2.4518664047151275
DSC2,0.32612966601178783,0.16306483300589392,2.4597249508840866
DSC3,0.32612966601178783,0.1650294695481336,2.461689587426326
DSCAM,0.3104125736738703,0.10019646365422397,2.3909626719056973
DSCC1,0.7760314341846758,0.0019646365422396855,4.106090373280943
DSE,0.4243614931237721,0.0412573673870334,2.6719056974459723
DSG1,0.32612966601178783,0.16306483300589392,2.4577603143418467
DSG2,0.32612966601178783,0.1650294695481336,2.4538310412573674
DSG3,0.3241650294695481,0.1650294695481336,2.4518664047151275
DSG4,0.3280943025540275,0.16306483300589392,2.461689587426326
DSN1,0.5658153241650294,0.019646365422396856,3.2593320235756384
DSP,0.4381139489194499,0.06679764243614932,2.774066797642436
DST,0.48722986247544203,0.03732809430255403,3.005893909626719
DSTN,0.5284872298624754,0.043222003929273084,3.100196463654224
DTL,0.5461689587426326,0.007858546168958742,2.988212180746562
DTNA,0.29273084479371314,0.18664047151277013,2.3477406679764243
DTNB,0.46954813359528486,0.011787819253438114,2.8605108055009825
DTNBP1,0.4400785854616896,0.060903732809430254,2.7524557956777995
DTX1,0.4577603143418468,0.015717092337917484,2.7465618860510808
DTX2,0.481335952848723,0.0275049115913556,2.9351669941060905
DTX3L,0.6444007858546169,0.005893909626719057,3.522593320235756
DTX4,0.4675834970530452,0.0275049115913556,2.8546168958742633
DTYMK,0.3555992141453831,0.09233791748526522,2.4852652259332024
DUOX1,0.4027504911591356,0.07662082514734773,2.612966601178782
DUOX2,0.4027504911591356,0.07662082514734773,2.612966601178782
DUOXA1,0.4027504911591356,0.07662082514734773,2.612966601178782
DUSP1,0.29862475442043224,0.10216110019646366,2.381139489194499
DUSP10,0.5442043222003929,0.007858546168958742,3.0039292730844793
DUSP12,0.5402750491159135,0.005893909626719057,2.968565815324165
DUSP16,0.5088408644400786,0.029469548133595286,3.1080550098231825
DUSP19,0.4715127701375246,0.019646365422396856,2.913555992141454
DUSP2,0.4715127701375246,0.005893909626719057,2.9096267190569747
DUSP3,0.4518664047151277,0.019646365422396856,2.791748526522593
DUSP4,0.3005893909626719,0.2220039292730845,2.3595284872298623
DUSP5,0.3988212180746562,0.05893909626719057,2.56385068762279
DUSP6,0.4518664047151277,0.019646365422396856,2.7288801571709236
DUSP7,0.11787819253438114,0.30648330058939094,1.8762278978388998
DUSP8,0.37524557956778,0.10805500982318271,2.538310412573674
DUSP9,0.21414538310412573,0.35363457760314343,1.9980353634577603
DUT,0.4066797642436149,0.07269155206286837,2.6227897838899805
DVL1,0.4361493123772102,0.043222003929273084,2.68565815324165
DVL2,0.381139489194499,0.0962671905697446,2.5461689587426326
DVL3,0.7858546168958742,0.0,4.589390962671906
DYM,0.2691552062868369,0.20235756385068762,2.282907662082515
DYNC1H1,0.48919449901768175,0.05893909626719057,2.986247544204322
DYNC1I1,0.5245579567779961,0.01768172888015717,3.223968565815324
DYNC1I2,0.4636542239685658,0.0137524557956778,2.8703339882121806
DYNC1LI1,0.13163064833005894,0.2868369351669941,1.9233791748526523
DYNC1LI2,0.46954813359528486,0.060903732809430254,2.7681728880157173
DYNC2LI1,0.4774066797642436,0.007858546168958742,2.9096267190569747
DYNLL1,0.4675834970530452,0.0137524557956778,2.7858546168958744
DYNLL2,0.4636542239685658,0.021611001964636542,2.8290766208251474
DYNLRB1,0.587426326129666,0.007858546168958742,3.444007858546169
DYNLRB2,0.4538310412573674,0.07072691552062868,2.7367387033398822
DYNLT1,0.4066797642436149,0.0412573673870334,2.6463654223968565
DYNLT3,0.12180746561886051,0.5206286836935167,1.6797642436149312
DYRK1A,0.3241650294695481,0.08644400785854617,2.418467583497053
DYRK1B,0.4656188605108055,0.03732809430255403,2.807465618860511
DYRK2,0.48919449901768175,0.009823182711198428,3.2161100196463654
DYRK4,0.5265225933202358,0.019646365422396856,3.25147347740668
DYSF,0.47347740667976423,0.003929273084479371,2.8978388998035363
DZIP1,0.38703339882121807,0.12180746561886051,2.5972495088408643
DZIP3,0.6247544204322201,0.009823182711198428,3.4577603143418467
E2F1,0.5854616895874263,0.005893909626719057,3.416502946954813
E2F2,0.4204322200392927,0.04518664047151277,2.6227897838899805
E2F3,0.4361493123772102,0.05893909626719057,2.742632612966601
E2F4,0.4675834970530452,0.060903732809430254,2.762278978388998
E2F5,0.724950884086444,0.003929273084479371,3.848722986247544
E2F6,0.4538310412573674,0.021611001964636542,2.8231827111984282
E2F7,0.44204322200392926,0.025540275049115914,2.6915520628683693
E2F8,0.3929273084479371,0.08644400785854617,2.5854616895874263
E4F1,0.4636542239685658,0.03929273084479371,2.742632612966601
EAF1,0.14538310412573674,0.275049115913556,1.9607072691552063
EAF2,0.6444007858546169,0.005893909626719057,3.5166994106090375
EAPP,0.4793713163064833,0.043222003929273084,3.011787819253438
EARS2,0.45972495088408644,0.03339882121807466,2.7662082514734774
EBAG9,0.7642436149312377,0.0019646365422396855,4.05893909626719
EBF1,0.29862475442043224,0.09430255402750491,2.387033398821218
EBI3,0.38703339882121807,0.0962671905697446,2.4990176817288803
EBNA1BP2,0.4577603143418468,0.015717092337917484,2.7721021611001966
EBP,0.12770137524557956,0.5029469548133595,1.7210216110019647
ECD,0.3948919449901768,0.05108055009823183,2.5717092337917484
ECE1,0.4243614931237721,0.0412573673870334,2.638506876227898
ECH1,0.4675834970530452,0.03732809430255403,2.7956777996070725
ECHDC1,0.4381139489194499,0.03929273084479371,2.719056974459725
ECHDC2,0.43418467583497056,0.021611001964636542,2.7033398821218073
ECHS1,0.4106090373280943,0.06286836935166994,2.581532416502947
ECI1,0.4636542239685658,0.03929273084479371,2.742632612966601
ECI2,0.43222003929273084,0.060903732809430254,2.7288801571709236
ECM1,0.5402750491159135,0.007858546168958742,2.988212180746562
ECPAS,0.5363457760314342,0.03143418467583497,3.0098231827111985
ECSIT,0.4302554027504912,0.05304518664047151,2.656188605108055
ECT2,0.787819253438114,0.0,4.571709233791749
EDA,0.15520628683693516,0.4066797642436149,1.8664047151277015
EDA2R,0.15520628683693516,0.41453831041257366,1.8546168958742633
EDAR,0.47347740667976423,0.009823182711198428,2.8919449901768175
EDARADD,0.5461689587426326,0.007858546168958742,3.0392927308447937
EDC3,0.4165029469548134,0.06286836935166994,2.642436149312377
EDC4,0.4675834970530452,0.060903732809430254,2.762278978388998
EDEM1,0.16110019646365423,0.26719056974459726,1.9980353634577603
EDEM3,0.5383104125736738,0.007858546168958742,2.9666011787819255
EDF1,0.5265225933202358,0.05304518664047151,2.9724950884086443
EDIL3,0.2593320235756385,0.12573673870333987,2.3045186640471513
EDN1,0.4400785854616896,0.06286836935166994,2.74852652259332
EDN2,0.4577603143418468,0.015717092337917484,2.7858546168958744
EDN3,0.5402750491159135,0.021611001964636542,3.1257367387033397
EDNRA,0.3516699410609037,0.08055009823182711,2.4970530451866404
EDNRB,0.37524557956778,0.137524557956778,2.6090373280943027
EEA1,0.449901768172888,0.021611001964636542,2.717092337917485
EED,0.36738703339882123,0.1650294695481336,2.5854616895874263
EEF1A1,0.4263261296660118,0.0412573673870334,2.681728880157171
EEF1A2,0.5402750491159135,0.021611001964636542,3.1080550098231825
EEF1B2,0.3654223968565815,0.0825147347740668,2.5108055009823183
EEF1D,0.7701375245579568,0.0019646365422396855,4.037328094302554
EEF1E1,0.4361493123772102,0.068762278978389,2.7406679764243616
EEF1G,0.481335952848723,0.029469548133595286,2.8781925343811396
EEF2,0.3831041257367387,0.09823182711198428,2.4891944990176817
EEF2K,0.45972495088408644,0.03339882121807466,2.7544204322200394
EEFSEC,0.656188605108055,0.005893909626719057,3.5756385068762278
EFEMP1,0.47347740667976423,0.003929273084479371,2.907662082514735
EFEMP2,0.5442043222003929,0.0137524557956778,3.1473477406679766
EFHC1,0.481335952848723,0.03929273084479371,2.925343811394892
EFHD2,0.4204322200392927,0.05108055009823183,2.6326129666011786
EFNA1,0.5402750491159135,0.005893909626719057,2.9489194499017684
EFNA2,0.35952848722986247,0.11787819253438114,2.420432220039293
EFNA3,0.5402750491159135,0.005893909626719057,2.9489194499017684
EFNA4,0.5402750491159135,0.005893909626719057,2.9489194499017684
EFNA5,0.275049115913556,0.11591355599214145,2.3202357563850686
EFNB1,0.15913555992141454,0.4066797642436149,1.8722986247544204
EFNB3,0.37721021611001965,0.0962671905697446,2.5402750491159134
EFTUD2,0.4577603143418468,0.01768172888015717,2.799607072691552
EGF,0.37328094302554027,0.05304518664047151,2.536345776031434
EGFR,0.581532416502947,0.009823182711198428,4.852652259332023
EGLN1,0.5442043222003929,0.009823182711198428,3.025540275049116
EGLN2,0.4577603143418468,0.03929273084479371,2.719056974459725
EGLN3,0.481335952848723,0.043222003929273084,3.0157170923379173
EGR1,0.2966601178781925,0.08644400785854617,2.387033398821218
EGR2,0.3988212180746562,0.04518664047151277,2.642436149312377
EGR4,0.47347740667976423,0.0019646365422396855,2.9096267190569747
EHBP1,0.47347740667976423,0.0,2.974459724950884
EHD1,0.49901768172888017,0.021611001964636542,2.980353634577603
EHD2,0.46168958742632615,0.03339882121807466,2.6935166994106092
EHD3,0.47347740667976423,0.007858546168958742,2.8742632612966603
EHD4,0.3968565815324165,0.0825147347740668,2.5972495088408643
EHHADH,0.7858546168958742,0.0,4.512770137524558
EHMT1,0.5284872298624754,0.05304518664047151,2.980353634577603
EHMT2,0.4518664047151277,0.05108055009823183,2.7858546168958744
EID3,0.45579567779960706,0.015717092337917484,2.732809430255403
EIF1,0.44597249508840864,0.019646365422396856,2.791748526522593
EIF1AX,0.12770137524557956,0.5029469548133595,1.7033398821218075
EIF2A,0.7445972495088409,0.003929273084479371,4.222003929273084
EIF2AK1,0.5756385068762279,0.009823182711198428,3.294695481335953
EIF2AK2,0.47347740667976423,0.009823182711198428,2.8722986247544204
EIF2AK3,0.4715127701375246,0.007858546168958742,2.882121807465619
EIF2AK4,0.3889980353634578,0.07662082514734773,2.5893909626719056
EIF2B1,0.4636542239685658,0.01768172888015717,2.7779960707269153
EIF2B2,0.4950884086444008,0.03536345776031434,3.0471512770137523
EIF2B3,0.4518664047151277,0.0137524557956778,2.75049115913556
EIF2B4,0.47544204322200395,0.005893909626719057,2.8762278978388998
EIF2D,0.5442043222003929,0.005893909626719057,2.9901768172888015
EIF2S1,0.4911591355599214,0.03536345776031434,3.049115913555992
EIF2S2,0.5893909626719057,0.005893909626719057,3.447937131630648
EIF2S3,0.12966601178781925,0.5108055009823183,1.7170923379174852
EIF3A,0.4027504911591356,0.05893909626719057,2.569744597249509
EIF3B,0.5717092337917485,0.011787819253438114,3.2848722986247543
EIF3C,0.46954813359528486,0.0275049115913556,2.805500982318271
EIF3D,0.4518664047151277,0.023575638506876228,2.8231827111984282
EIF3E,0.7603143418467584,0.0019646365422396855,4.035363457760314
EIF3F,0.37524557956778,0.09430255402750491,2.538310412573674
EIF3G,0.41846758349705304,0.060903732809430254,2.6404715127701377
EIF3H,0.7779960707269156,0.0019646365422396855,4.106090373280943
EIF3I,0.4361493123772102,0.03536345776031434,2.669941060903733
EIF3J,0.40078585461689586,0.07662082514734773,2.6090373280943027
EIF3K,0.4715127701375246,0.03732809430255403,2.799607072691552
EIF3L,0.45579567779960706,0.025540275049115914,2.819253438113949
EIF3M,0.4223968565815324,0.07662082514734773,2.6915520628683693
EIF4A1,0.3791748526522593,0.09823182711198428,2.5402750491159134
EIF4A2,0.787819253438114,0.0,4.461689587426326
EIF4B,0.45972495088408644,0.021611001964636542,2.7387033398821217
EIF4E,0.36738703339882123,0.06286836935166994,2.5147347740667976
EIF4E1B,0.3025540275049116,0.10019646365422397,2.388998035363458
EIF4E2,0.3477406679764244,0.08840864440078586,2.4675834970530452
EIF4E3,0.12573673870333987,0.30844793713163066,1.9332023575638506
EIF4EBP1,0.4165029469548134,0.14931237721021612,2.9921414538310414
EIF4EBP3,0.2966601178781925,0.08644400785854617,2.387033398821218
EIF4ENIF1,0.45579567779960706,0.021611001964636542,2.8428290766208253
EIF4G1,0.7858546168958742,0.0,4.522593320235757
EIF4G2,0.381139489194499,0.09233791748526522,2.5599214145383105
EIF4G3,0.4223968565815324,0.043222003929273084,2.6345776031434185
EIF4H,0.4774066797642436,0.025540275049115914,2.9194499017681728
EIF5,0.48722986247544203,0.0550098231827112,2.9960707269155207
EIF5A,0.3791748526522593,0.0962671905697446,2.5422396856581533
EIF5A2,0.7858546168958742,0.0,4.555992141453831
EIF5AL1,0.3988212180746562,0.0550098231827112,2.574803149606299
EIF5B,0.47347740667976423,0.015717092337917484,2.893909626719057
EIF6,0.5756385068762279,0.0137524557956778,3.3654223968565815
ELAC2,0.3831041257367387,0.08840864440078586,2.593320235756385
ELANE,0.3575638506876228,0.11787819253438114,2.418467583497053
ELAVL1,0.3948919449901768,0.08055009823182711,2.5402750491159134
ELF1,0.29273084479371314,0.18664047151277013,2.3084479371316307
ELF2,0.36738703339882123,0.068762278978389,2.5304518664047153
ELF3,0.5422396856581533,0.007858546168958742,2.980353634577603
ELK4,0.5442043222003929,0.005893909626719057,2.9901768172888015
ELL,0.4400785854616896,0.04911591355599214,2.6954813359528487
ELL2,0.26719056974459726,0.12573673870333987,2.3045186640471513
ELL3,0.3988212180746562,0.08055009823182711,2.6051080550098233
ELMO1,0.5599214145383105,0.0137524557956778,3.2043222003929275
ELMO2,0.5363457760314342,0.023575638506876228,3.1080550098231825
ELMO3,0.4675834970530452,0.060903732809430254,2.762278978388998
ELOA,0.4204322200392927,0.04518664047151277,2.62671905697446
ELOA2,0.2770137524557957,0.20039292730844793,2.326771653543307
ELOB,0.4656188605108055,0.03929273084479371,2.74852652259332
ELOC,0.7072691552062869,0.003929273084479371,3.8664047151277012
ELOVL1,0.4577603143418468,0.0137524557956778,2.7779960707269153
ELOVL2,0.4381139489194499,0.06483300589390963,2.742632612966601
ELOVL3,0.3850687622789784,0.06679764243614932,2.5147347740667976
ELOVL4,0.412573673870334,0.0412573673870334,2.650294695481336
ELOVL5,0.481335952848723,0.03732809430255403,2.9587426326129664
ELOVL6,0.37328094302554027,0.05304518664047151,2.536345776031434
ELOVL7,0.2691552062868369,0.12180746561886051,2.337917485265226
ELP1,0.5402750491159135,0.029469548133595286,3.049115913555992
ELP2,0.2966601178781925,0.18860510805500982,2.3772102161100195
ELP3,0.29469548133595286,0.22789783889980353,2.3104125736738705
ELP4,0.41453831041257366,0.08447937131630648,2.656188605108055
ELP5,0.381139489194499,0.0962671905697446,2.5461689587426326
EMB,0.33595284872298625,0.08840864440078586,2.6601178781925343
EMC1,0.4223968565815324,0.04518664047151277,2.6326129666011786
EMC10,0.4656188605108055,0.03143418467583497,2.7229862475442044
EMC2,0.7603143418467584,0.0019646365422396855,4.035363457760314
EMC4,0.3968565815324165,0.068762278978389,2.6168958742632613
EMC6,0.3850687622789784,0.09233791748526522,2.5540275049115913
EMC7,0.3968565815324165,0.068762278978389,2.618860510805501
EMC8,0.4400785854616896,0.07072691552062868,2.705304518664047
EMD,0.21218074656188604,0.3555992141453831,1.994106090373281
EME1,0.4636542239685658,0.011787819253438114,2.8271119842829076
EME2,0.46168958742632615,0.03929273084479371,2.7406679764243616
EMG1,0.5225933202357563,0.019646365422396856,3.182711198428291
EML1,0.4950884086444008,0.05304518664047151,3.0078585461689586
EML4,0.4774066797642436,0.009823182711198428,2.8860510805500983
EMSY,0.4223968565815324,0.1237721021611002,2.836935166994106
ENAH,0.5461689587426326,0.009823182711198428,3.0039292730844793
ENAM,0.4106090373280943,0.047151277013752456,2.6836935166994107
ENC1,0.26129666011787817,0.11984282907662082,2.294695481335953
ENDOG,0.5422396856581533,0.03732809430255403,3.005893909626719
ENG,0.5402750491159135,0.03536345776031434,3.0078585461689586
ENGASE,0.481335952848723,0.03732809430255403,2.856581532416503
ENKUR,0.36345776031434185,0.0962671905697446,2.5284872298624754
ENO1,0.4263261296660118,0.043222003929273084,2.667976424361493
ENO2,0.5225933202357563,0.019646365422396856,3.182711198428291
ENO3,0.3850687622789784,0.0962671905697446,2.56188605108055
ENPEP,0.37328094302554027,0.05304518664047151,2.5343811394891946
ENPP2,0.7760314341846758,0.0019646365422396855,4.1080550098231825
ENPP3,0.44204322200392926,0.03929273084479371,2.7111984282907664
ENPP6,0.3241650294695481,0.12573673870333987,2.4027504911591357
ENPP7,0.47347740667976423,0.03929273084479371,2.8330058939096268
ENSA,0.5402750491159135,0.007858546168958742,2.9901768172888015
ENTPD2,0.5284872298624754,0.05108055009823183,2.9783889980353635
ENTPD3,0.13163064833005894,0.2868369351669941,1.9155206286836934
ENTPD4,0.2829076620825147,0.24165029469548133,2.2612966601178783
ENTPD5,0.4950884086444008,0.03732809430255403,3.0275049115913557
ENTPD6,0.5324165029469549,0.03339882121807466,3.1237721021611002
ENTPD8,0.5284872298624754,0.05304518664047151,2.9764243614931236
ENY2,0.7642436149312377,0.0019646365422396855,4.051080550098232
EOGT,0.12573673870333987,0.3025540275049116,1.917485265225933
EOMES,0.13359528487229863,0.29273084479371314,1.917485265225933
EP300,0.4538310412573674,0.025540275049115914,2.825147347740668
EPAS1,0.47544204322200395,0.007858546168958742,2.8860510805500983
EPB41,0.4243614931237721,0.03929273084479371,2.6404715127701377
EPB41L1,0.5697445972495089,0.019646365422396856,3.2848722986247543
EPB41L2,0.44204322200392926,0.03929273084479371,2.7111984282907664
EPB41L3,0.5166994106090373,0.03732809430255403,3.2102161100196462
EPB41L5,0.47544204322200395,0.009823182711198428,2.9469548133595285
EPC1,0.3713163064833006,0.08840864440078586,2.538310412573674
EPC2,0.44793713163064836,0.01768172888015717,2.7681728880157173
EPCAM,0.47544204322200395,0.007858546168958742,2.8978388998035363
EPGN,0.4106090373280943,0.047151277013752456,2.7072691552062866
EPHA1,0.4263261296660118,0.1100196463654224,2.6640471512770136
EPHA10,0.45579567779960706,0.019646365422396856,2.7367387033398822
EPHA2,0.41846758349705304,0.04911591355599214,2.630648330058939
EPHA3,0.19646365422396855,0.23968565815324164,2.168958742632613
EPHA4,0.33988212180746563,0.09233791748526522,2.4518664047151275
EPHA5,0.4066797642436149,0.05108055009823183,2.662082514734774
EPHA7,0.4204322200392927,0.043222003929273084,2.7583497053045187
EPHA8,0.4223968565815324,0.0412573673870334,2.6286836935166993
EPHB1,0.6954813359528488,0.003929273084479371,3.774066797642436
EPHB2,0.4204322200392927,0.0412573673870334,2.62671905697446
EPHB3,0.7858546168958742,0.0,4.510805500982318
EPHB4,0.5245579567779961,0.015717092337917484,3.1532416502946954
EPHB6,0.4263261296660118,0.10805500982318271,2.6640471512770136
EPHX1,0.5461689587426326,0.007858546168958742,3.005893909626719
EPHX2,0.2907662082514735,0.22986247544204322,2.2848722986247543
EPM2A,0.412573673870334,0.0412573673870334,2.6660117878192535
EPM2AIP1,0.12966601178781925,0.2888015717092338,1.9115913555992141
EPN1,0.4774066797642436,0.03143418467583497,2.7858546168958744
EPN2,0.4027504911591356,0.0825147347740668,2.611001964636542
EPN3,0.4636542239685658,0.011787819253438114,2.831041257367387
EPO,0.5265225933202358,0.015717092337917484,3.1846758349705304
EPOR,0.42829076620825146,0.05304518664047151,2.654223968565815
EPPK1,0.7701375245579568,0.0019646365422396855,4.037328094302554
EPS15,0.4381139489194499,0.019646365422396856,2.717092337917485
EPS15L1,0.444007858546169,0.04518664047151277,2.7092337917485265
EPS8L2,0.37721021611001965,0.10805500982318271,2.5422396856581533
ERAL1,0.43418467583497056,0.019646365422396856,2.791748526522593
ERBB2,0.4538310412573674,0.015717092337917484,3.0648330058939095
ERBB3,0.4656188605108055,0.015717092337917484,2.7662082514734774
ERBB4,0.35363457760314343,0.08644400785854617,2.479371316306483
ERBIN,0.27111984282907664,0.11591355599214145,2.3477406679764243
ERC1,0.5265225933202358,0.023575638506876228,3.2416502946954813
ERCC1,0.4656188605108055,0.03732809430255403,2.705304518664047
ERCC2,0.4656188605108055,0.03732809430255403,2.705304518664047
ERCC3,0.449901768172888,0.011787819253438114,2.8015717092337917
ERCC4,0.4675834970530452,0.029469548133595286,2.7721021611001966
ERCC6,0.4027504911591356,0.04911591355599214,2.601178781925344
ERCC6L,0.16110019646365423,0.412573673870334,1.8683693516699411
ERCC8,0.2691552062868369,0.12180746561886051,2.337917485265226
EREG,0.4086444007858546,0.047151277013752456,2.701375245579568
ERF,0.45972495088408644,0.03732809430255403,2.6954813359528487
ERG28,0.4931237721021611,0.03732809430255403,3.031434184675835
ERGIC1,0.29862475442043224,0.10216110019646366,2.381139489194499
ERGIC2,0.5127701375245579,0.023575638506876228,3.1237721021611002
ERGIC3,0.5756385068762279,0.0137524557956778,3.3654223968565815
ERH,0.48919449901768175,0.03339882121807466,3.025540275049116
ERLEC1,0.47347740667976423,0.003929273084479371,2.9037328094302555
ERLIN1,0.381139489194499,0.07269155206286837,2.5009823182711197
ERMAP,0.45972495088408644,0.015717092337917484,2.7838899803536346
ERN1,0.48722986247544203,0.015717092337917484,2.8781925343811396
ERO1A,0.48919449901768175,0.03536345776031434,3.0471512770137523
ERO1B,0.5461689587426326,0.007858546168958742,3.0392927308447937
ERP27,0.5088408644400786,0.0275049115913556,3.076620825147348
ERP44,0.5245579567779961,0.03143418467583497,2.9901768172888015
ERRFI1,0.4243614931237721,0.04518664047151277,2.6719056974459723
ERVW-1,0.5166994106090373,0.019646365422396856,3.3025540275049114
ESAM,0.30844793713163066,0.1807465618860511,2.3280943025540277
ESCO1,0.45972495088408644,0.04911591355599214,2.807465618860511
ESCO2,0.29273084479371314,0.22789783889980353,2.3025540275049114
ESD,0.3025540275049116,0.17288801571709234,2.3673870333988214
ESF1,0.5284872298624754,0.047151277013752456,3.168958742632613
ESPL1,0.46168958742632615,0.019646365422396856,2.744597249508841
ESR1,0.40471512770137524,0.03732809430255403,2.6522593320235757
ESR2,0.4950884086444008,0.03536345776031434,3.0471512770137523
ESRP1,0.7347740667976425,0.003929273084479371,3.8526522593320234
ESRP2,0.4675834970530452,0.060903732809430254,2.762278978388998
ESRRA,0.48919449901768175,0.025540275049115914,2.968565815324165
ESRRB,0.4950884086444008,0.03732809430255403,3.0353634577603144
ESRRG,0.5422396856581533,0.007858546168958742,2.982318271119843
ESS2,0.4715127701375246,0.029469548133595286,2.9646365422396856
ESYT1,0.4656188605108055,0.015717092337917484,2.7662082514734774
ESYT2,0.42829076620825146,0.10805500982318271,2.658153241650295
ESYT3,0.7053045186640472,0.003929273084479371,3.8408644400785854
ETF1,0.2966601178781925,0.08644400785854617,2.387033398821218
ETFA,0.4165029469548134,0.06483300589390963,2.644400785854617
ETFB,0.4656188605108055,0.03143418467583497,2.732809430255403
ETFBKMT,0.5068762278978389,0.01768172888015717,3.1571709233791747
ETFDH,0.3379174852652259,0.10216110019646366,2.43811394891945
ETFRF1,0.5068762278978389,0.021611001964636542,3.24950884086444
ETHE1,0.45972495088408644,0.03732809430255403,2.6954813359528487
ETNK1,0.5147347740667977,0.023575638506876228,3.2337917485265226
ETS1,0.3045186640471513,0.18271119842829076,2.341846758349705
ETS2,0.32023575638506874,0.09037328094302555,2.406679764243615
ETV1,0.5756385068762279,0.0137524557956778,3.2730844793713163
ETV3,0.5383104125736738,0.005893909626719057,2.9646365422396856
ETV4,0.4518664047151277,0.01768172888015717,2.791748526522593
ETV5,0.7858546168958742,0.0,4.4636542239685655
ETV6,0.5108055009823183,0.029469548133595286,3.1139489194499017
ETV7,0.449901768172888,0.047151277013752456,2.7721021611001966
EVA1A,0.4715127701375246,0.003929273084479371,2.907662082514735
EVA1C,0.32612966601178783,0.08447937131630648,2.4282907662082516
EVC,0.30844793713163066,0.15324165029469547,2.418467583497053
EVC2,0.30844793713163066,0.15520628683693516,2.4145383104125737
EVI2A,0.43418467583497056,0.025540275049115914,2.756385068762279
EVI2B,0.43418467583497056,0.025540275049115914,2.756385068762279
EVI5,0.39096267190569745,0.04518664047151277,2.593320235756385
EVL,0.4950884086444008,0.05304518664047151,3.005893909626719
EVPL,0.4950884086444008,0.0275049115913556,2.8880157170923377
EWSR1,0.4577603143418468,0.025540275049115914,2.8722986247544204
EXO1,0.5442043222003929,0.007858546168958742,3.013752455795678
EXOC1,0.4165029469548134,0.04911591355599214,2.7092337917485265
EXOC2,0.43222003929273084,0.06286836935166994,2.7288801571709236
EXOC3,0.6365422396856582,0.009823182711198428,3.630648330058939
EXOC3L1,0.4675834970530452,0.060903732809430254,2.762278978388998
EXOC4,0.42829076620825146,0.10216110019646366,2.681728880157171
EXOC5,0.4931237721021611,0.03732809430255403,3.025540275049116
EXOC6,0.3831041257367387,0.07072691552062868,2.5166994106090375
EXOC6B,0.47347740667976423,0.0019646365422396855,2.905697445972495
EXOC7,0.4931237721021611,0.03143418467583497,2.8781925343811396
EXOC8,0.5442043222003929,0.009823182711198428,3.025540275049116
EXOSC1,0.3831041257367387,0.068762278978389,2.5108055009823183
EXOSC10,0.4243614931237721,0.04518664047151277,2.656188605108055
EXOSC2,0.5422396856581533,0.03929273084479371,3.0216110019646365
EXOSC3,0.3889980353634578,0.15324165029469547,2.776031434184676
EXOSC4,0.7701375245579568,0.0019646365422396855,4.037328094302554
EXOSC5,0.4577603143418468,0.03929273084479371,2.6915520628683693
EXOSC6,0.4656188605108055,0.05893909626719057,2.764243614931238
EXOSC7,0.1237721021611002,0.29273084479371314,1.899803536345776
EXOSC8,0.2868369351669941,0.18467583497053044,2.3104125736738705
EXOSC9,0.37328094302554027,0.05697445972495088,2.5461689587426326
EXPH5,0.3045186640471513,0.18271119842829076,2.330058939096267
EXT1,0.7779960707269156,0.0019646365422396855,4.115913555992141
EXT2,0.4243614931237721,0.06483300589390963,2.742632612966601
EXTL1,0.41846758349705304,0.04518664047151277,2.62475442043222
EXTL2,0.3791748526522593,0.05304518664047151,2.56188605108055
EXTL3,0.29469548133595286,0.22593320235756384,2.3084479371316307
EYA1,0.7053045186640472,0.003929273084479371,3.8428290766208253
EYA2,0.5363457760314342,0.023575638506876228,3.100196463654224
EYA3,0.4243614931237721,0.0412573673870334,2.638506876227898
EYA4,0.42829076620825146,0.03536345776031434,2.7072691552062866
EZH1,0.44793713163064836,0.019646365422396856,2.793713163064833
EZH2,0.4263261296660118,0.11198428290766209,2.6640471512770136
EZR,0.40471512770137524,0.03929273084479371,2.644400785854617
F10,0.412573673870334,0.10609037328094302,2.744597249508841
F11,0.3163064833005894,0.14341846758349705,2.3536345776031435
F11R,0.5383104125736738,0.005893909626719057,2.974459724950884
F12,0.3005893909626719,0.10019646365422397,2.387033398821218
F13A1,0.4361493123772102,0.06483300589390963,2.7288801571709236
F13B,0.5422396856581533,0.007858546168958742,2.982318271119843
F2,0.4204322200392927,0.06483300589390963,2.7406679764243616
F2R,0.2632612966601179,0.1237721021611002,2.2966601178781927
F2RL1,0.2632612966601179,0.1237721021611002,2.2966601178781927
F2RL2,0.2632612966601179,0.1237721021611002,2.2966601178781927
F2RL3,0.44204322200392926,0.04911591355599214,2.6935166994106092
F3,0.3889980353634578,0.047151277013752456,2.595284872298625
F5,0.5343811394891945,0.007858546168958742,2.9489194499017684
F7,0.412573673870334,0.10609037328094302,2.744597249508841
F8,0.21414538310412573,0.3516699410609037,2.005893909626719
F9,0.206286836935167,0.37524557956778,1.9646365422396856
FA2H,0.46168958742632615,0.060903732809430254,2.7524557956777995
FAAH,0.449901768172888,0.0137524557956778,2.7406679764243616
FAAP100,0.4675834970530452,0.047151277013752456,2.8231827111984282
FAAP24,0.46168958742632615,0.03732809430255403,2.75049115913556
FABP1,0.4715127701375246,0.007858546168958742,2.8860510805500983
FABP2,0.37328094302554027,0.0550098231827112,2.5402750491159134
FABP3,0.42829076620825146,0.03732809430255403,2.650294695481336
FABP4,0.7170923379174853,0.003929273084479371,3.8408644400785854
FABP5,0.7170923379174853,0.003929273084479371,3.834970530451866
FABP7,0.43222003929273084,0.03732809430255403,2.68762278978389
FADD,0.6070726915520629,0.03143418467583497,6.697445972495088
FADS1,0.4715127701375246,0.029469548133595286,2.8428290766208253
FADS2,0.4715127701375246,0.029469548133595286,2.8447937131630647
FADS6,0.4911591355599214,0.025540275049115914,2.8762278978388998
FAF1,0.4381139489194499,0.019646365422396856,2.7151277013752457
FAF2,0.3025540275049116,0.10019646365422397,2.388998035363458
FAH,0.43418467583497056,0.060903732809430254,2.6915520628683693
FAHD1,0.4636542239685658,0.03929273084479371,2.742632612966601
FAIM,0.7053045186640472,0.003929273084479371,3.8447937131630647
FAM110A,0.5324165029469549,0.047151277013752456,3.0510805500982316
FAM110B,0.6817288801571709,0.007858546168958742,3.6895874263261295
FAM110C,0.46168958742632615,0.03143418467583497,2.8408644400785854
FAM120B,0.4165029469548134,0.043222003929273084,2.68565815324165
FAM13A,0.3791748526522593,0.060903732809430254,2.56188605108055
FAM13B,0.29862475442043224,0.08840864440078586,2.3909626719056973
FAM161A,0.47544204322200395,0.0,2.950884086444008
FAM20A,0.48919449901768175,0.019646365422396856,2.8762278978388998
FAM20B,0.5363457760314342,0.007858546168958742,2.943025540275049
FAM20C,0.5658153241650294,0.015717092337917484,3.2652259332023577
FAM220A,0.5756385068762279,0.009823182711198428,3.294695481335953
FAM3C,0.444007858546169,0.07465618860510806,2.7779960707269153
FAM83D,0.555992141453831,0.021611001964636542,3.192534381139489
FAM8A1,0.4361493123772102,0.0550098231827112,2.7524557956777995
FAM98B,0.3850687622789784,0.07072691552062868,2.5893909626719056
FAM9A,0.12573673870333987,0.49901768172888017,1.7092337917485265
FAN1,0.40078585461689586,0.07269155206286837,2.654223968565815
FANCA,0.4381139489194499,0.06679764243614932,2.713163064833006
FANCC,0.5284872298624754,0.03339882121807466,2.9960707269155207
FANCD2,0.15913555992141454,0.26522593320235754,1.9901768172888015
FANCE,0.4518664047151277,0.047151277013752456,2.776031434184676
FANCF,0.3968565815324165,0.08840864440078586,2.601178781925344
FANCG,0.4263261296660118,0.13359528487229863,3.0196850393700787
FANCI,0.44204322200392926,0.05108055009823183,2.7288801571709236
FANCL,0.47544204322200395,0.003929273084479371,2.911591355599214
FANCM,0.4911591355599214,0.0412573673870334,3.0216110019646365
FAR1,0.39096267190569745,0.0825147347740668,2.6168958742632613
FAR2,0.5127701375245579,0.023575638506876228,3.1257367387033397
FARP1,0.3889980353634578,0.12180746561886051,2.612966601178782
FARP2,0.35363457760314343,0.09430255402750491,2.481335952848723
FARS2,0.43418467583497056,0.06286836935166994,2.7288801571709236
FARSA,0.43418467583497056,0.04911591355599214,2.675834970530452
FARSB,0.3418467583497053,0.0962671905697446,2.447937131630648
FAS,0.3831041257367387,0.07269155206286837,2.504911591355599
FASLG,0.5343811394891945,0.007858546168958742,2.954813359528487
FASN,0.4675834970530452,0.04911591355599214,2.8153241650294696
FASTK,0.41453831041257366,0.1100196463654224,2.6404715127701377
FASTKD2,0.36345776031434185,0.0825147347740668,2.506876227897839
FAT1,0.3280943025540275,0.14734774066797643,2.37328094302554
FAT4,0.36738703339882123,0.05893909626719057,2.5402750491159134
FBF1,0.4950884086444008,0.0275049115913556,2.8880157170923377
FBH1,0.3713163064833006,0.10412573673870335,2.524557956777996
FBL,0.4656188605108055,0.03732809430255403,2.807465618860511
FBLIM1,0.4204322200392927,0.04911591355599214,2.6365422396856584
FBLL1,0.29862475442043224,0.10019646365422397,2.381139489194499
FBLN1,0.44597249508840864,0.03536345776031434,2.8330058939096268
FBLN2,0.14734774066797643,0.2691552062868369,1.9842829076620825
FBLN5,0.48919449901768175,0.05697445972495088,3.005893909626719
FBN1,0.40471512770137524,0.07269155206286837,2.6168958742632613
FBN2,0.2868369351669941,0.10216110019646366,2.3634577603143416
FBN3,0.3968565815324165,0.08055009823182711,2.5422396856581533
FBP1,0.5245579567779961,0.03732809430255403,2.9842829076620827
FBP2,0.5245579567779961,0.03732809430255403,2.9842829076620827
FBXL12,0.4204322200392927,0.06483300589390963,2.638506876227898
FBXL14,0.5265225933202358,0.021611001964636542,3.2593320235756384
FBXL2,0.13163064833005894,0.2868369351669941,1.9214145383104126
FBXL20,0.4518664047151277,0.015717092337917484,2.8408644400785854
FBXL3,0.37721021611001965,0.137524557956778,2.62671905697446
FBXL4,0.41453831041257366,0.0412573673870334,2.650294695481336
FBXL5,0.3182711198428291,0.14341846758349705,2.4145383104125737
FBXL7,0.6286836935166994,0.005893909626719057,3.583497053045187
FBXO10,0.39096267190569745,0.1512770137524558,2.762278978388998
FBXO11,0.4774066797642436,0.007858546168958742,2.9155206286836934
FBXO15,0.2337917485265226,0.23968565815324164,2.1532416502946954
FBXO17,0.4675834970530452,0.03732809430255403,2.8330058939096268
FBXO2,0.4243614931237721,0.04518664047151277,2.654223968565815
FBXO21,0.4636542239685658,0.015717092337917484,2.7799607072691552
FBXO22,0.41846758349705304,0.06286836935166994,2.6483300589390963
FBXO25,0.29273084479371314,0.23772102161100198,2.2770137524557956
FBXO27,0.4675834970530452,0.03732809430255403,2.834970530451866
FBXO3,0.4361493123772102,0.07662082514734773,2.791748526522593
FBXO31,0.4381139489194499,0.07269155206286837,2.699410609037328
FBXO38,0.29469548133595286,0.09233791748526522,2.3791748526522594
FBXO4,0.5972495088408645,0.005893909626719057,3.5284872298624754
FBXO40,0.6444007858546169,0.005893909626719057,3.5166994106090375
FBXO44,0.4243614931237721,0.04518664047151277,2.654223968565815
FBXO45,0.7819253438113949,0.0,4.365422396856582
FBXO5,0.4066797642436149,0.03732809430255403,2.654223968565815
FBXO6,0.4243614931237721,0.04518664047151277,2.654223968565815
FBXO7,0.4577603143418468,0.023575638506876228,2.8447937131630647
FBXO8,0.3280943025540275,0.11198428290766209,2.404715127701375
FBXO9,0.481335952848723,0.03732809430255403,2.954813359528487
FBXW11,0.29273084479371314,0.10216110019646366,2.37524557956778
FBXW2,0.5442043222003929,0.03536345776031434,3.011787819253438
FBXW4,0.38703339882121807,0.068762278978389,2.5147347740667976
FBXW5,0.5284872298624754,0.05108055009823183,2.9783889980353635
FBXW7,0.3320235756385069,0.10216110019646366,2.4538310412573674
FBXW8,0.4636542239685658,0.015717092337917484,2.7799607072691552
FCAR,0.4793713163064833,0.03143418467583497,2.7721021611001966
FCER1A,0.5402750491159135,0.005893909626719057,2.9724950884086443
FCER1G,0.5402750491159135,0.005893909626719057,2.9764243614931236
FCER2,0.3929273084479371,0.0825147347740668,2.5265225933202355
FCF1,0.4950884086444008,0.03536345776031434,3.0471512770137523
FCGR1A,0.5363457760314342,0.009823182711198428,2.974459724950884
FCGR2A,0.5402750491159135,0.005893909626719057,2.968565815324165
FCGR2B,0.5402750491159135,0.005893909626719057,2.968565815324165
FCGRT,0.4656188605108055,0.03143418467583497,2.7229862475442044
FCN1,0.5324165029469549,0.043222003929273084,2.986247544204322
FCN2,0.5343811394891945,0.043222003929273084,2.988212180746562
FCN3,0.4223968565815324,0.043222003929273084,2.6326129666011786
FDPS,0.5363457760314342,0.005893909626719057,2.943025540275049
FDX1,0.29862475442043224,0.1944990176817289,2.2927308447937134
FDX2,0.41846758349705304,0.060903732809430254,2.6404715127701377
FDXR,0.4911591355599214,0.025540275049115914,2.8762278978388998
FECH,0.22986247544204322,0.2318271119842829,2.135559921414538
FEM1A,0.38703339882121807,0.0962671905697446,2.5029469548133596
FEM1B,0.41453831041257366,0.06286836935166994,2.650294695481336
FEM1C,0.2868369351669941,0.1100196463654224,2.355599214145383
FEN1,0.46954813359528486,0.029469548133595286,2.8408644400785854
FER,0.2770137524557957,0.11394891944990176,2.3280943025540277
FERD3L,0.5756385068762279,0.015717092337917484,3.257367387033399
FERMT1,0.5324165029469549,0.04911591355599214,3.0785854616895874
FERMT2,0.48919449901768175,0.03536345776031434,3.0392927308447937
FERMT3,0.48919449901768175,0.025540275049115914,2.980353634577603
FES,0.444007858546169,0.04911591355599214,2.7367387033398822
FEZ1,0.30844793713163066,0.1807465618860511,2.3280943025540277
FEZF2,0.11787819253438114,0.3005893909626719,1.888015717092338
FFAR1,0.4715127701375246,0.03536345776031434,2.807465618860511
FFAR2,0.4715127701375246,0.03536345776031434,2.807465618860511
FFAR3,0.4715127701375246,0.03536345776031434,2.807465618860511
FGB,0.3280943025540275,0.09823182711198428,2.432220039292731
FGD1,0.13948919449901767,0.48330058939096265,1.7779960707269156
FGD2,0.4518664047151277,0.047151277013752456,2.776031434184676
FGD3,0.5206286836935167,0.03732809430255403,2.980353634577603
FGD4,0.5068762278978389,0.019646365422396856,3.131630648330059
FGF1,0.2966601178781925,0.08840864440078586,2.3850687622789786
FGF10,0.587426326129666,0.005893909626719057,3.512770137524558
FGF12,0.7838899803536346,0.0,4.453831041257367
FGF13,0.206286836935167,0.3791748526522593,1.9587426326129667
FGF14,0.3929273084479371,0.11394891944990176,2.642436149312377
FGF17,0.28094302554027506,0.24361493123772102,2.257367387033399
FGF18,0.29469548133595286,0.10216110019646366,2.3772102161100195
FGF19,0.6090373280943026,0.03339882121807466,6.25343811394892
FGF2,0.3693516699410609,0.05893909626719057,2.5402750491159134
FGF20,0.28094302554027506,0.24361493123772102,2.269155206286837
FGF22,0.3575638506876228,0.11787819253438114,2.418467583497053
FGF23,0.5265225933202358,0.019646365422396856,3.25147347740668
FGF3,0.6070726915520629,0.03143418467583497,6.337917485265226
FGF4,0.6070726915520629,0.03339882121807466,6.3536345776031435
FGF5,0.3889980353634578,0.06286836935166994,2.599214145383104
FGF6,0.5265225933202358,0.019646365422396856,3.25147347740668
FGF7,0.40471512770137524,0.07072691552062868,2.62671905697446
FGF8,0.38703339882121807,0.068762278978389,2.5147347740667976
FGF9,0.27897838899803534,0.1787819253438114,2.286836935166994
FGFBP1,0.3182711198428291,0.14341846758349705,2.412573673870334
FGFR1,0.42829076620825146,0.14538310412573674,3.1453831041257367
FGFR1OP2,0.5049115913555993,0.023575638506876228,3.1218074656188604
FGFR2,0.4086444007858546,0.05697445972495088,2.5736738703339883
FGFR3,0.3143418467583497,0.14341846758349705,2.404715127701375
FGFR4,0.3005893909626719,0.10019646365422397,2.387033398821218
FGFRL1,0.31237721021611004,0.14538310412573674,2.412573673870334
FGG,0.3280943025540275,0.09823182711198428,2.432220039292731
FGL1,0.28094302554027506,0.24361493123772102,2.267190569744597
FGR,0.4223968565815324,0.0412573673870334,2.6365422396856584
FH,0.5442043222003929,0.009823182711198428,3.013752455795678
FHL1,0.20235756385068762,0.37721021611001965,1.962671905697446
FHL2,0.47544204322200395,0.009823182711198428,2.880157170923379
FHL5,0.41453831041257366,0.04518664047151277,2.650294695481336
FHOD1,0.4675834970530452,0.060903732809430254,2.762278978388998
FIBP,0.5442043222003929,0.0137524557956778,3.1473477406679766
FIG4,0.41846758349705304,0.0412573673870334,2.654223968565815
FIGLA,0.47347740667976423,0.0019646365422396855,2.899803536345776
FIP1L1,0.41453831041257366,0.05304518664047151,2.705304518664047
FIS1,0.5206286836935167,0.019646365422396856,3.1414538310412574
FIZ1,0.4793713163064833,0.03143418467583497,2.7897838899803538
FJX1,0.4381139489194499,0.07072691552062868,2.831041257367387
FKBP10,0.44597249508840864,0.019646365422396856,2.791748526522593
FKBP15,0.5363457760314342,0.03143418467583497,3.0098231827111985
FKBP1A,0.5363457760314342,0.047151277013752456,3.06090373280943
FKBP1B,0.4715127701375246,0.011787819253438114,2.864440078585462
FKBP3,0.4911591355599214,0.0412573673870334,3.0216110019646365
FKBP4,0.5265225933202358,0.019646365422396856,3.235756385068762
FKBP5,0.4518664047151277,0.047151277013752456,2.776031434184676
FKBP6,0.4793713163064833,0.025540275049115914,2.925343811394892
FKBP7,0.47347740667976423,0.0137524557956778,2.927308447937132
FKBP8,0.4400785854616896,0.05304518664047151,2.6915520628683693
FKBP9,0.5677799607072691,0.0137524557956778,3.223968565815324
FKBPL,0.4518664047151277,0.04911591355599214,2.787819253438114
FKRP,0.46168958742632615,0.03536345776031434,2.6935166994106092
FKTN,0.5363457760314342,0.03143418467583497,3.0275049115913557
FLAD1,0.5402750491159135,0.005893909626719057,2.9489194499017684
FLCN,0.3988212180746562,0.09037328094302555,2.6326129666011786
FLG,0.5383104125736738,0.005893909626719057,2.9607072691552063
FLI1,0.30648330058939094,0.1807465618860511,2.330058939096267
FLII,0.3968565815324165,0.08644400785854617,2.607072691552063
FLNA,0.21218074656188604,0.3555992141453831,1.994106090373281
FLNB,0.11787819253438114,0.30648330058939094,1.8762278978388998
FLNC,0.4263261296660118,0.09233791748526522,2.699410609037328
FLOT1,0.449901768172888,0.04911591355599214,2.7976424361493124
FLOT2,0.43222003929273084,0.019646365422396856,2.7897838899803538
FLRT1,0.4911591355599214,0.0275049115913556,2.982318271119843
FLRT2,0.5049115913555993,0.05108055009823183,3.092337917485265
FLRT3,0.5324165029469549,0.047151277013752456,3.161100196463654
FLT1,0.29862475442043224,0.15913555992141454,2.343811394891945
FLT3,0.3005893909626719,0.15717092337917485,2.3634577603143416
FLT3LG,0.4656188605108055,0.03143418467583497,2.7229862475442044
FLT4,0.3045186640471513,0.0962671905697446,2.4106090373280944
FMC1,0.42829076620825146,0.10216110019646366,2.6895874263261295
FMN1,0.4027504911591356,0.068762278978389,2.6208251473477406
FMNL1,0.4577603143418468,0.01768172888015717,2.799607072691552
FMNL2,0.44793713163064836,0.01768172888015717,2.762278978388998
FMNL3,0.4538310412573674,0.019646365422396856,2.732809430255403
FMO1,0.5343811394891945,0.007858546168958742,2.950884086444008
FMO2,0.5343811394891945,0.007858546168958742,2.950884086444008
FMO3,0.5343811394891945,0.007858546168958742,2.950884086444008
FMO4,0.5343811394891945,0.007858546168958742,2.950884086444008
FMO5,0.5324165029469549,0.009823182711198428,2.956777996070727
FMOD,0.5442043222003929,0.007858546168958742,2.9842829076620827
FMR1,0.21021611001964635,0.3614931237721022,1.9842829076620825
FN1,0.343811394891945,0.09037328094302555,2.463654223968566
FNBP1,0.5422396856581533,0.03929273084479371,3.0078585461689586
FNBP1L,0.3889980353634578,0.04518664047151277,2.5913555992141455
FNDC5,0.444007858546169,0.03143418467583497,2.6935166994106092
FNIP1,0.2907662082514735,0.10216110019646366,2.3673870333988214
FNIP2,0.3379174852652259,0.10216110019646366,2.43811394891945
FNTA,0.41846758349705304,0.14538310412573674,2.838899803536346
FNTB,0.4931237721021611,0.03536345776031434,3.0471512770137523
FOLH1,0.4302554027504912,0.0550098231827112,2.7288801571709236
FOLR1,0.4793713163064833,0.09823182711198428,3.2770137524557956
FOS,0.4911591355599214,0.03536345776031434,3.0353634577603144
FOSB,0.4656188605108055,0.03732809430255403,2.705304518664047
FOSL1,0.5442043222003929,0.0137524557956778,3.1473477406679766
FOSL2,0.4793713163064833,0.003929273084479371,2.8840864440078584
FOXA1,0.48330058939096265,0.043222003929273084,3.0510805500982316
FOXA2,0.5402750491159135,0.03536345776031434,3.131630648330059
FOXA3,0.4656188605108055,0.03732809430255403,2.705304518664047
FOXD3,0.42829076620825146,0.0275049115913556,2.6836935166994107
FOXE1,0.5265225933202358,0.03143418467583497,2.994106090373281
FOXG1,0.4793713163064833,0.04911591355599214,2.956777996070727
FOXH1,0.7701375245579568,0.0019646365422396855,4.041257367387034
FOXJ1,0.4911591355599214,0.03339882121807466,2.8742632612966603
FOXK1,0.5756385068762279,0.009823182711198428,3.3064833005893908
FOXK2,0.46168958742632615,0.05304518664047151,2.791748526522593
FOXM1,0.5265225933202358,0.019646365422396856,3.235756385068762
FOXN1,0.43418467583497056,0.019646365422396856,2.7897838899803538
FOXN3,0.48330058939096265,0.0550098231827112,3.0039292730844793
FOXN4,0.4538310412573674,0.0137524557956778,2.75049115913556
FOXO1,0.29469548133595286,0.18271119842829076,2.31237721021611
FOXO3,0.4204322200392927,0.043222003929273084,2.656188605108055
FOXO4,0.15913555992141454,0.4086444007858546,1.8703339882121808
FOXP2,0.47347740667976423,0.05304518664047151,2.880157170923379
FOXP3,0.12573673870333987,0.5068762278978389,1.7053045186640472
FOXR1,0.3025540275049116,0.1905697445972495,2.3084479371316307
FOXRED1,0.3104125736738703,0.1787819253438114,2.341846758349705
FOXRED2,0.4518664047151277,0.023575638506876228,2.8231827111984282
FPGS,0.5402750491159135,0.03536345776031434,3.0078585461689586
FPR1,0.4636542239685658,0.03143418467583497,2.7288801571709236
FPR2,0.4636542239685658,0.03143418467583497,2.7288801571709236
FRA10AC1,0.3850687622789784,0.07072691552062868,2.518664047151277
FRAS1,0.3831041257367387,0.06483300589390963,2.579567779960707
FRAT1,0.3831041257367387,0.068762278978389,2.5088408644400784
FREM2,0.2888015717092338,0.18271119842829076,2.3064833005893908
FRG1,0.35952848722986247,0.11198428290766209,2.4891944990176817
FRG2,0.35952848722986247,0.11198428290766209,2.4891944990176817
FRK,0.4263261296660118,0.0412573673870334,2.730844793713163
FRMD1,0.41453831041257366,0.043222003929273084,2.669941060903733
FRMD6,0.48919449901768175,0.03536345776031434,3.0373280943025542
FRS2,0.4911591355599214,0.007858546168958742,3.343811394891945
FRS3,0.45972495088408644,0.03929273084479371,2.8742632612966603
FSCN1,0.5756385068762279,0.009823182711198428,3.31237721021611
FSHB,0.4086444007858546,0.08644400785854617,2.6168958742632613
FSHR,0.4774066797642436,0.005893909626719057,2.911591355599214
FST,0.29273084479371314,0.0962671905697446,2.4243614931237722
FSTL1,0.6444007858546169,0.005893909626719057,3.506876227897839
FSTL3,0.3575638506876228,0.11787819253438114,2.418467583497053
FTCD,0.31237721021611004,0.10019646365422397,2.400785854616896
FTH1,0.47347740667976423,0.029469548133595286,2.8467583497053046
FTL,0.4636542239685658,0.03339882121807466,2.713163064833006
FTO,0.45579567779960706,0.07269155206286837,2.756385068762279
FTSJ3,0.48722986247544203,0.015717092337917484,2.8762278978388998
FUBP1,0.3988212180746562,0.03732809430255403,2.612966601178782
FUBP3,0.5422396856581533,0.03929273084479371,3.0216110019646365
FUCA1,0.41846758349705304,0.04518664047151277,2.62475442043222
FUCA2,0.4165029469548134,0.03929273084479371,2.6836935166994107
FURIN,0.444007858546169,0.04911591355599214,2.7367387033398822
FUS,0.4715127701375246,0.0275049115913556,2.7976424361493124
FUT2,0.46168958742632615,0.03339882121807466,2.699410609037328
FUT3,0.3889980353634578,0.0962671905697446,2.512770137524558
FUT4,0.33988212180746563,0.17485265225933203,2.504911591355599
FUT7,0.5284872298624754,0.05108055009823183,2.9783889980353635
FUT8,0.4911591355599214,0.03536345776031434,3.0471512770137523
FUT9,0.412573673870334,0.04518664047151277,2.662082514734774
FUZ,0.4656188605108055,0.03143418467583497,2.7229862475442044
FXN,0.48919449901768175,0.06679764243614932,2.8781925343811396
FXR1,0.7858546168958742,0.0,4.69155206286837
FXR2,0.3791748526522593,0.09823182711198428,2.5402750491159134
FXYD1,0.46954813359528486,0.03536345776031434,2.8035363457760316
FXYD2,0.3005893909626719,0.1925343811394892,2.298624754420432
FXYD3,0.46954813359528486,0.03536345776031434,2.8035363457760316
FXYD7,0.46954813359528486,0.03536345776031434,2.8035363457760316
FYCO1,0.11984282907662082,0.29469548133595286,1.893909626719057
FYN,0.4223968565815324,0.0412573673870334,2.6601178781925343
FYTTD1,0.7838899803536346,0.0,4.369351669941061
FZD1,0.5166994106090373,0.021611001964636542,3.2043222003929275
FZD10,0.45972495088408644,0.01768172888015717,2.7465618860510808
FZD2,0.4577603143418468,0.01768172888015717,2.799607072691552
FZD3,0.29469548133595286,0.22593320235756384,2.3084479371316307
FZD4,0.3654223968565815,0.16306483300589392,2.5776031434184676
FZD5,0.35952848722986247,0.08447937131630648,2.4970530451866404
FZD6,0.756385068762279,0.0019646365422396855,4.007858546168959
FZD7,0.4027504911591356,0.05893909626719057,2.667976424361493
FZD8,0.381139489194499,0.08055009823182711,2.6090373280943027
FZD9,0.4793713163064833,0.025540275049115914,2.925343811394892
FZR1,0.37721021611001965,0.10216110019646366,2.4852652259332024
G3BP1,0.2966601178781925,0.09430255402750491,2.3831041257367387
G3BP2,0.40471512770137524,0.05108055009823183,2.6915520628683693
G6PC3,0.4538310412573674,0.01768172888015717,2.7976424361493124
G6PD,0.21218074656188604,0.35363457760314343,1.9960707269155207
GAA,0.4715127701375246,0.043222003929273084,2.825147347740668
GAB1,0.3693516699410609,0.07072691552062868,2.5265225933202355
GAB2,0.41453831041257366,0.12573673870333987,2.8546168958742633
GABARAP,0.381139489194499,0.0962671905697446,2.5461689587426326
GABARAPL1,0.518664047151277,0.03339882121807466,3.1453831041257367
GABARAPL2,0.4656188605108055,0.060903732809430254,2.7583497053045187
GABBR1,0.4400785854616896,0.05697445972495088,2.744597249508841
GABBR2,0.5265225933202358,0.03143418467583497,2.9921414538310414
GABPA,0.3143418467583497,0.09037328094302555,2.4086444007858545
GABPB1,0.412573673870334,0.06679764243614932,2.656188605108055
GABPB2,0.5383104125736738,0.007858546168958742,2.9921414538310414
GABRA1,0.3005893909626719,0.0962671905697446,2.3850687622789786
GABRA2,0.33595284872298625,0.10216110019646366,2.4990176817288803
GABRA3,0.21218074656188604,0.35952848722986247,1.9980353634577603
GABRA4,0.3477406679764244,0.0962671905697446,2.5284872298624754
GABRA5,0.412573673870334,0.06679764243614932,2.7072691552062866
GABRA6,0.3005893909626719,0.0962671905697446,2.3850687622789786
GABRB1,0.3516699410609037,0.09430255402750491,2.5324165029469548
GABRB2,0.3005893909626719,0.0962671905697446,2.3850687622789786
GABRB3,0.412573673870334,0.06483300589390963,2.7092337917485265
GABRD,0.4361493123772102,0.04518664047151277,2.68762278978389
GABRE,0.2082514734774067,0.3614931237721022,1.9842829076620825
GABRG2,0.3005893909626719,0.0962671905697446,2.3850687622789786
GABRG3,0.412573673870334,0.06679764243614932,2.675834970530452
GABRR1,0.41453831041257366,0.043222003929273084,2.673870333988212
GABRR2,0.412573673870334,0.043222003929273084,2.669941060903733
GAD1,0.4636542239685658,0.0137524557956778,2.838899803536346
GAD2,0.36738703339882123,0.0962671905697446,2.5442043222003927
GADD45A,0.4165029469548134,0.03143418467583497,2.6522593320235757
GADD45B,0.36345776031434185,0.11198428290766209,2.4400785854616895
GADD45G,0.518664047151277,0.03929273084479371,2.9666011787819255
GADD45GIP1,0.43418467583497056,0.04911591355599214,2.6844181459566077
GAK,0.31237721021611004,0.14538310412573674,2.412573673870334
GAL3ST1,0.46168958742632615,0.023575638506876228,2.8546168958742633
GAL3ST2,0.3555992141453831,0.09233791748526522,2.4852652259332024
GALC,0.48526522593320237,0.0550098231827112,3.0275049115913557
GALE,0.41846758349705304,0.04518664047151277,2.62475442043222
GALK1,0.4950884086444008,0.0275049115913556,2.9017681728880156
GALK2,0.4027504911591356,0.07072691552062868,2.6168958742632613
GALM,0.47544204322200395,0.011787819253438114,2.8880157170923377
GALNS,0.4381139489194499,0.07072691552062868,2.7092337917485265
GALNT1,0.2907662082514735,0.18860510805500982,2.3536345776031435
GALNT10,0.3005893909626719,0.09233791748526522,2.392927308447937
GALNT11,0.4165029469548134,0.11198428290766209,2.6404715127701377
GALNT12,0.5265225933202358,0.03143418467583497,2.9921414538310414
GALNT13,0.449901768172888,0.01768172888015717,2.7662082514734774
GALNT14,0.47544204322200395,0.007858546168958742,2.8762278978388998
GALNT15,0.14341846758349705,0.2730844793713163,1.9587426326129667
GALNT16,0.48919449901768175,0.03339882121807466,3.025540275049116
GALNT18,0.3791748526522593,0.09233791748526522,2.5540275049115913
GALNT2,0.5442043222003929,0.007858546168958742,3.013752455795678
GALNT3,0.45972495088408644,0.019646365422396856,2.819253438113949
GALNT4,0.4518664047151277,0.019646365422396856,2.7288801571709236
GALNT6,0.45579567779960706,0.019646365422396856,2.732809430255403
GALNT7,0.32612966601178783,0.10805500982318271,2.400785854616896
GALNT8,0.5265225933202358,0.019646365422396856,3.2455795677799606
GALR2,0.4950884086444008,0.029469548133595286,2.8840864440078584
GALT,0.4263261296660118,0.137524557956778,2.9646365422396856
GAMT,0.3575638506876228,0.11591355599214145,2.420432220039293
GANAB,0.481335952848723,0.03143418467583497,2.8781925343811396
GAP43,0.6404715127701375,0.009823182711198428,3.5088408644400784
GAPDH,0.5225933202357563,0.021611001964636542,3.1905697445972496
GAPDHS,0.4715127701375246,0.03536345776031434,2.807465618860511
GAPVD1,0.5481335952848723,0.03536345776031434,3.0216110019646365
GAR1,0.37328094302554027,0.05304518664047151,2.536345776031434
GART,0.34577603143418467,0.07465618860510806,2.506876227897839
GAS1,0.5049115913555993,0.047151277013752456,2.93713163064833
GAS2,0.3968565815324165,0.08840864440078586,2.601178781925344
GAS2L1,0.4577603143418468,0.023575638506876228,2.8664047151277012
GAS6,0.4165029469548134,0.10609037328094302,2.74852652259332
GAST,0.44597249508840864,0.019646365422396856,2.791748526522593
GATA1,0.12573673870333987,0.5068762278978389,1.7053045186640472
GATA2,0.6581532416502947,0.005893909626719057,3.5776031434184676
GATA3,0.3693516699410609,0.10412573673870335,2.5147347740667976
GATA4,0.275049115913556,0.2554027504911591,2.235756385068762
GATA5,0.5383104125736738,0.021611001964636542,3.104125736738703
GATA6,0.4538310412573674,0.06286836935166994,2.7976424361493124
GATAD2A,0.4400785854616896,0.05108055009823183,2.6935166994106092
GATAD2B,0.5383104125736738,0.007858546168958742,2.9449901768172886
GATB,0.33398821218074654,0.09823182711198428,2.43811394891945
GATC,0.4675834970530452,0.0137524557956778,2.7858546168958744
GATM,0.4027504911591356,0.07662082514734773,2.612966601178782
GBA2,0.4263261296660118,0.137524557956778,3.0903732809430253
GBE1,0.13359528487229863,0.29862475442043224,1.931237721021611
GBF1,0.3850687622789784,0.06679764243614932,2.5147347740667976
GBP1,0.3948919449901768,0.03929273084479371,2.607072691552063
GBP2,0.3948919449901768,0.03929273084479371,2.607072691552063
GBP3,0.3948919449901768,0.03929273084479371,2.607072691552063
GBP4,0.3948919449901768,0.03929273084479371,2.607072691552063
GBP5,0.3948919449901768,0.03929273084479371,2.607072691552063
GBP7,0.3948919449901768,0.03929273084479371,2.607072691552063
GC,0.4106090373280943,0.047151277013752456,2.699410609037328
GCA,0.4538310412573674,0.021611001964636542,2.791748526522593
GCAT,0.45579567779960706,0.025540275049115914,2.819253438113949
GCC1,0.42829076620825146,0.09037328094302555,2.7111984282907664
GCC2,0.47347740667976423,0.009823182711198428,2.8919449901768175
GCDH,0.43418467583497056,0.04911591355599214,2.6777996070726915
GCFC2,0.4715127701375246,0.003929273084479371,2.9096267190569747
GCG,0.4538310412573674,0.021611001964636542,2.791748526522593
GCGR,0.4675834970530452,0.047151277013752456,2.8153241650294696
GCH1,0.48722986247544203,0.03732809430255403,3.0157170923379173
GCHFR,0.39096267190569745,0.08055009823182711,2.587426326129666
GCK,0.5520628683693517,0.01768172888015717,3.192534381139489
GCKR,0.4774066797642436,0.005893909626719057,2.8781925343811396
GCLM,0.3889980353634578,0.047151277013752456,2.5893909626719056
GCN1,0.4675834970530452,0.0137524557956778,2.7858546168958744
GCNT1,0.48722986247544203,0.06286836935166994,2.8899803536345776
GCNT2,0.4400785854616896,0.06679764243614932,2.7367387033398822
GCNT3,0.4027504911591356,0.06679764243614932,2.6286836935166993
GCSH,0.4538310412573674,0.07072691552062868,2.732809430255403
GDA,0.4911591355599214,0.060903732809430254,2.8978388998035363
GDAP1,0.7053045186640472,0.003929273084479371,3.7976424361493124
GDE1,0.46168958742632615,0.03339882121807466,2.762278978388998
GDF2,0.4066797642436149,0.04911591355599214,2.611001964636542
GDF5,0.5756385068762279,0.0137524557956778,3.3654223968565815
GDF7,0.4675834970530452,0.015717092337917484,2.862475442043222
GDF9,0.2868369351669941,0.10216110019646366,2.361493123772102
GDI1,0.21218074656188604,0.35363457760314343,1.9960707269155207
GDI2,0.3713163064833006,0.10412573673870335,2.524557956777996
GDNF,0.6051080550098232,0.003929273084479371,3.5343811394891946
GDPD1,0.4656188605108055,0.021611001964636542,2.834970530451866
GDPD5,0.4243614931237721,0.12180746561886051,2.8290766208251474
GEMIN2,0.48526522593320237,0.043222003929273084,3.019646365422397
GEMIN4,0.3850687622789784,0.0962671905697446,2.555992141453831
GEMIN5,0.29862475442043224,0.09233791748526522,2.3909626719056973
GEMIN6,0.47544204322200395,0.0137524557956778,2.8860510805500983
GEMIN7,0.4675834970530452,0.03732809430255403,2.7269155206286837
GEMIN8,0.1237721021611002,0.5068762278978389,1.6954813359528487
GEN1,0.4656188605108055,0.019646365422396856,2.8546168958742633
GET4,0.5658153241650294,0.015717092337917484,3.269155206286837
GFAP,0.4577603143418468,0.01768172888015717,2.799607072691552
GFI1,0.39096267190569745,0.04518664047151277,2.593320235756385
GFI1B,0.5343811394891945,0.03929273084479371,3.005893909626719
GFM1,0.7524557956777996,0.0019646365422396855,4.277013752455796
GFM2,0.26129666011787817,0.11984282907662082,2.294695481335953
GFPT1,0.47347740667976423,0.003929273084479371,2.899803536345776
GFPT2,0.3025540275049116,0.0962671905697446,2.406679764243615
GFRA1,0.3968565815324165,0.05893909626719057,2.5599214145383105
GFRA2,0.28094302554027506,0.24361493123772102,2.2612966601178783
GFRA4,0.5343811394891945,0.04911591355599214,3.043222003929273
GGA1,0.4518664047151277,0.025540275049115914,2.8133595284872297
GGA2,0.4577603143418468,0.03339882121807466,2.7583497053045187
GGA3,0.4931237721021611,0.0275049115913556,2.8860510805500983
GGCT,0.5677799607072691,0.01768172888015717,3.225933202357564
GGCX,0.4715127701375246,0.005893909626719057,2.9194499017681728
GGH,0.6954813359528488,0.003929273084479371,3.7701375245579567
GGPS1,0.5461689587426326,0.007858546168958742,3.0353634577603144
GGT1,0.45972495088408644,0.021611001964636542,2.8781925343811396
GGT5,0.46168958742632615,0.021611001964636542,2.880157170923379
GGT6,0.3850687622789784,0.09233791748526522,2.552062868369352
GGT7,0.581532416502947,0.009823182711198428,3.400785854616896
GH1,0.48722986247544203,0.015717092337917484,2.8762278978388998
GH2,0.48722986247544203,0.015717092337917484,2.8762278978388998
GHR,0.5972495088408645,0.003929273084479371,3.5284872298624754
GHRH,0.5599214145383105,0.019646365422396856,3.223968565815324
GHRHR,0.5658153241650294,0.01768172888015717,3.223968565815324
GHRL,0.15520628683693516,0.2691552062868369,1.9764243614931238
GHSR,0.7897838899803536,0.0,4.585461689587427
GID8,0.5383104125736738,0.021611001964636542,3.104125736738703
GIGYF1,0.5265225933202358,0.015717092337917484,3.1846758349705304
GIMAP4,0.41846758349705304,0.1100196463654224,2.654223968565815
GIMAP8,0.41846758349705304,0.1100196463654224,2.654223968565815
GINS1,0.5343811394891945,0.03536345776031434,3.1257367387033397
GINS2,0.4400785854616896,0.07072691552062868,2.705304518664047
GINS3,0.4577603143418468,0.06483300589390963,2.7662082514734774
GINS4,0.4165029469548134,0.14538310412573674,2.8447937131630647
GIP,0.4656188605108055,0.011787819253438114,2.8271119842829076
GIPC1,0.43418467583497056,0.047151277013752456,2.6915520628683693
GIPC2,0.3988212180746562,0.03732809430255403,2.612966601178782
GIPR,0.4656188605108055,0.03732809430255403,2.705304518664047
GIT1,0.42829076620825146,0.019646365422396856,2.75049115913556
GIT2,0.4538310412573674,0.0137524557956778,2.75049115913556
GJA1,0.43418467583497056,0.03732809430255403,2.705304518664047
GJA3,0.275049115913556,0.17092337917485265,2.2927308447937134
GJD3,0.44793713163064836,0.01768172888015717,2.850687622789784
GK,0.12966601178781925,0.5088408644400786,1.7053045186640472
GK2,0.38703339882121807,0.06483300589390963,2.5913555992141455
GKAP1,0.4950884086444008,0.05304518664047151,2.905697445972495
GKN2,0.47544204322200395,0.003929273084479371,2.9037328094302555
GLA,0.1925343811394892,0.38703339882121807,1.9351669941060903
GLB1,0.13163064833005894,0.2868369351669941,1.9233791748526523
GLCE,0.41453831041257366,0.06286836935166994,2.650294695481336
GLDC,0.37524557956778,0.17288801571709234,2.9410609037328093
GLE1,0.5422396856581533,0.03732809430255403,3.005893909626719
GLG1,0.46168958742632615,0.060903732809430254,2.7524557956777995
GLI1,0.46954813359528486,0.01768172888015717,2.805500982318271
GLI2,0.47347740667976423,0.009823182711198428,2.93909626719057
GLI3,0.555992141453831,0.015717092337917484,3.194499017681729
GLIPR1,0.44204322200392926,0.0275049115913556,2.6954813359528487
GLMN,0.3889980353634578,0.04518664047151277,2.5893909626719056
GLO1,0.4518664047151277,0.04518664047151277,2.7897838899803538
GLOD4,0.3850687622789784,0.0962671905697446,2.555992141453831
GLP1R,0.4538310412573674,0.043222003929273084,2.807465618860511
GLP2R,0.38703339882121807,0.09233791748526522,2.581532416502947
GLRA1,0.29862475442043224,0.09430255402750491,2.388998035363458
GLRA2,0.1237721021611002,0.5068762278978389,1.693516699410609
GLRA3,0.32612966601178783,0.10805500982318271,2.4145383104125737
GLRB,0.3300589390962672,0.10019646365422397,2.432220039292731
GLRX,0.26522593320235754,0.12573673870333987,2.3025540275049114
GLRX2,0.5383104125736738,0.007858546168958742,2.9724950884086443
GLRX3,0.4066797642436149,0.05893909626719057,2.5717092337917484
GLRX5,0.4911591355599214,0.05304518664047151,3.0353634577603144
GLS,0.4538310412573674,0.025540275049115914,2.923379174852652
GLS2,0.4656188605108055,0.015717092337917484,2.7662082514734774
GLUD1,0.381139489194499,0.06679764243614932,2.5147347740667976
GLUD2,0.18860510805500982,0.3831041257367387,1.9430255402750491
GLUL,0.5363457760314342,0.007858546168958742,2.9528487229862477
GLYAT,0.4675834970530452,0.023575638506876228,2.880157170923379
GLYCTK,0.11787819253438114,0.30648330058939094,1.8762278978388998
GM2A,0.3005893909626719,0.09233791748526522,2.388998035363458
GMDS,0.4263261296660118,0.06483300589390963,2.705304518664047
GMEB1,0.4243614931237721,0.0412573673870334,2.638506876227898
GMEB2,0.5402750491159135,0.021611001964636542,3.1100196463654224
GMIP,0.4400785854616896,0.05108055009823183,2.6895874263261295
GML,0.7701375245579568,0.0019646365422396855,4.066797642436149
GMNN,0.4361493123772102,0.05893909626719057,2.732809430255403
GMPPA,0.33988212180746563,0.09037328094302555,2.4557956777996073
GMPR,0.4381139489194499,0.060903732809430254,2.75049115913556
GMPR2,0.45579567779960706,0.05893909626719057,2.8880157170923377
GMPS,0.7544204322200393,0.0019646365422396855,4.2671905697445975
GNA11,0.3654223968565815,0.10609037328094302,2.449901768172888
GNA12,0.5717092337917485,0.011787819253438114,3.286836935166994
GNA13,0.48722986247544203,0.01768172888015717,2.8742632612966603
GNA14,0.48919449901768175,0.060903732809430254,2.8919449901768175
GNA15,0.3654223968565815,0.10805500982318271,2.447937131630648
GNAI1,0.48330058939096265,0.023575638506876228,2.974459724950884
GNAI2,0.11787819253438114,0.30648330058939094,1.8762278978388998
GNAI3,0.34970530451866405,0.06679764243614932,2.4852652259332024
GNAL,0.48526522593320237,0.0412573673870334,3.0471512770137523
GNAO1,0.4577603143418468,0.07269155206286837,2.760314341846758
GNAQ,0.4911591355599214,0.060903732809430254,2.8978388998035363
GNAS,0.5402750491159135,0.021611001964636542,3.1257367387033397
GNAT1,0.11787819253438114,0.30648330058939094,1.8762278978388998
GNAT2,0.34970530451866405,0.06679764243614932,2.4852652259332024
GNAT3,0.48919449901768175,0.023575638506876228,2.986247544204322
GNAZ,0.46168958742632615,0.025540275049115914,2.8860510805500983
GNB1,0.4361493123772102,0.043222003929273084,2.68565815324165
GNB2,0.5265225933202358,0.015717092337917484,3.1846758349705304
GNB3,0.5225933202357563,0.019646365422396856,3.182711198428291
GNB4,0.7858546168958742,0.0,4.719056974459725
GNB5,0.412573673870334,0.068762278978389,2.6522593320235757
GNE,0.412573673870334,0.14734774066797643,2.93713163064833
GNG10,0.5383104125736738,0.03143418467583497,3.011787819253438
GNG11,0.5245579567779961,0.019646365422396856,3.2789783889980355
GNG12,0.4165029469548134,0.03143418467583497,2.6522593320235757
GNG13,0.46168958742632615,0.0412573673870334,2.7387033398821217
GNG2,0.48919449901768175,0.03536345776031434,3.0353634577603144
GNG3,0.4793713163064833,0.03143418467583497,2.8762278978388998
GNG4,0.5461689587426326,0.007858546168958742,3.0353634577603144
GNG5,0.3988212180746562,0.0412573673870334,2.6090373280943027
GNG7,0.36345776031434185,0.1100196463654224,2.4400785854616895
GNG8,0.46168958742632615,0.03536345776031434,2.6935166994106092
GNGT1,0.5245579567779961,0.019646365422396856,3.2888015717092336
GNGT2,0.4656188605108055,0.011787819253438114,2.8290766208251474
GNL1,0.4518664047151277,0.04911591355599214,2.825147347740668
GNL2,0.45579567779960706,0.019646365422396856,2.7367387033398822
GNL3,0.11787819253438114,0.30648330058939094,1.8762278978388998
GNL3L,0.13948919449901767,0.48526522593320237,1.7779960707269156
GNMT,0.4636542239685658,0.03929273084479371,2.8722986247544204
GNPAT,0.5442043222003929,0.009823182711198428,3.025540275049116
GNPDA1,0.2966601178781925,0.08644400785854617,2.387033398821218
GNPDA2,0.3280943025540275,0.11591355599214145,2.475442043222004
GNPNAT1,0.48919449901768175,0.03536345776031434,3.0471512770137523
GNPTAB,0.4577603143418468,0.0137524557956778,2.7465618860510808
GNPTG,0.46168958742632615,0.0412573673870334,2.7387033398821217
GNRH1,0.28487229862475444,0.2337917485265226,2.280943025540275
GNRHR,0.41453831041257366,0.04911591355599214,2.6915520628683693
GNS,0.48330058939096265,0.007858546168958742,3.0373280943025542
GOLGA1,0.550098231827112,0.03536345776031434,3.029469548133595
GOLGA2,0.5422396856581533,0.03536345776031434,3.0078585461689586
GOLGA3,0.4518664047151277,0.025540275049115914,2.717092337917485
GOLGA4,0.12966601178781925,0.2888015717092338,1.9115913555992141
GOLGA5,0.48722986247544203,0.0550098231827112,3.00196463654224
GOLGA7,0.4165029469548134,0.14538310412573674,2.8447937131630647
GOLGB1,0.6444007858546169,0.005893909626719057,3.5166994106090375
GOLIM4,0.7799607072691552,0.0,4.5166994106090375
GOLM1,0.5029469548133595,0.04911591355599214,2.9332023575638506
GOLPH3,0.6090373280943026,0.003929273084479371,3.5402750491159134
GOLPH3L,0.5402750491159135,0.007858546168958742,2.9901768172888015
GON4L,0.5363457760314342,0.005893909626719057,2.9410609037328093
GOPC,0.4302554027504912,0.03732809430255403,2.68762278978389
GORAB,0.5343811394891945,0.007858546168958742,2.950884086444008
GORASP1,0.12966601178781925,0.2888015717092338,1.9115913555992141
GORASP2,0.4636542239685658,0.0137524557956778,2.838899803536346
GOSR1,0.4302554027504912,0.025540275049115914,2.7465618860510808
GOSR2,0.4636542239685658,0.0137524557956778,2.8153241650294696
GOT1,0.3831041257367387,0.07072691552062868,2.504911591355599
GOT2,0.45972495088408644,0.06483300589390963,2.7662082514734774
GP1BA,0.3850687622789784,0.0962671905697446,2.5579567779960706
GP1BB,0.4715127701375246,0.023575638506876228,3.0078740157480315
GP2,0.46168958742632615,0.03536345776031434,2.7524557956777995
GP5,0.7740667976424361,0.0,4.365422396856582
GP6,0.4793713163064833,0.03143418467583497,2.7721021611001966
GP9,0.6640471512770137,0.005893909626719057,3.587426326129666
GPA33,0.5343811394891945,0.007858546168958742,2.99803536345776
GPAA1,0.7701375245579568,0.0019646365422396855,4.037328094302554
GPAM,0.3968565815324165,0.05893909626719057,2.552062868369352
GPAT3,0.37721021611001965,0.06679764243614932,2.5540275049115913
GPAT4,0.4165029469548134,0.14341846758349705,2.850687622789784
GPATCH1,0.4656188605108055,0.03536345776031434,2.7583497053045187
GPC1,0.3555992141453831,0.09430255402750491,2.487229862475442
GPC2,0.5284872298624754,0.0137524557956778,3.194499017681729
GPC3,0.1925343811394892,0.3791748526522593,1.9430255402750491
GPC4,0.1944990176817289,0.3791748526522593,1.9469548133595285
GPC5,0.37524557956778,0.13359528487229863,2.5461689587426326
GPC6,0.3791748526522593,0.12770137524557956,2.5658153241650297
GPCPD1,0.5324165029469549,0.047151277013752456,3.0805500982318272
GPD1,0.45579567779960706,0.019646365422396856,2.732809430255403
GPD1L,0.13163064833005894,0.2868369351669941,1.9233791748526523
GPD2,0.44597249508840864,0.019646365422396856,2.7681728880157173
GPHA2,0.5029469548133595,0.019646365422396856,2.9960707269155207
GPHB5,0.4950884086444008,0.03143418467583497,3.06286836935167
GPHN,0.48722986247544203,0.03732809430255403,3.056974459724951
GPI,0.4656188605108055,0.03536345776031434,2.74852652259332
GPIHBP1,0.7701375245579568,0.0019646365422396855,4.060903732809431
GPKOW,0.12573673870333987,0.5068762278978389,1.7053045186640472
GPLD1,0.43418467583497056,0.060903732809430254,2.7288801571709236
GPN1,0.4774066797642436,0.005893909626719057,2.880157170923379
GPN3,0.4538310412573674,0.015717092337917484,2.74852652259332
GPNMB,0.5736738703339882,0.015717092337917484,3.239685658153242
GPR119,0.1925343811394892,0.381139489194499,1.9430255402750491
GPR143,0.12573673870333987,0.5029469548133595,1.6974459724950883
GPR15,0.6110019646365422,0.0137524557956778,3.4145383104125737
GPR153,0.4263261296660118,0.047151277013752456,2.675834970530452
GPR156,0.6444007858546169,0.005893909626719057,3.504911591355599
GPR161,0.5363457760314342,0.007858546168958742,3.043222003929273
GPR17,0.4518664047151277,0.011787819253438114,2.805500982318271
GPR180,0.3831041257367387,0.1237721021611002,2.587426326129666
GPR183,0.39096267190569745,0.12180746561886051,2.601178781925344
GPR20,0.7721021611001965,0.0019646365422396855,4.060903732809431
GPR25,0.5442043222003929,0.007858546168958742,2.986247544204322
GPR35,0.3555992141453831,0.09430255402750491,2.487229862475442
GPR37,0.43222003929273084,0.08447937131630648,2.717092337917485
GPR39,0.444007858546169,0.021611001964636542,2.7524557956777995
GPR45,0.47544204322200395,0.009823182711198428,2.880157170923379
GPR50,0.21021611001964635,0.35952848722986247,1.9901768172888015
GPR55,0.34577603143418467,0.09037328094302555,2.4656188605108054
GPR83,0.33988212180746563,0.17485265225933203,2.504911591355599
GPR84,0.4656188605108055,0.015717092337917484,2.75049115913556
GPS1,0.4675834970530452,0.04911591355599214,2.8153241650294696
GPS2,0.3791748526522593,0.0962671905697446,2.5422396856581533
GPSM1,0.5284872298624754,0.04911591355599214,2.9783889980353635
GPSM2,0.3516699410609037,0.06679764243614932,2.4891944990176817
GPT,0.7721021611001965,0.0019646365422396855,4.043222003929273
GPT2,0.4577603143418468,0.07269155206286837,2.7799607072691552
GPX1,0.11787819253438114,0.3045186640471513,1.8781925343811394
GPX2,0.4931237721021611,0.03536345776031434,3.0471512770137523
GPX4,0.3575638506876228,0.11787819253438114,2.418467583497053
GPX7,0.43418467583497056,0.021611001964636542,2.7072691552062866
GPX8,0.2868369351669941,0.10609037328094302,2.418467583497053
GRAP,0.3968565815324165,0.08644400785854617,2.6031434184675835
GRAP2,0.45579567779960706,0.023575638506876228,2.831041257367387
GRB10,0.555992141453831,0.011787819253438114,3.3280943025540277
GRB14,0.45972495088408644,0.01768172888015717,2.834970530451866
GRB2,0.4931237721021611,0.0275049115913556,2.8860510805500983
GRB7,0.4538310412573674,0.015717092337917484,3.0648330058939095
GREM2,0.550098231827112,0.009823182711198428,3.0471512770137523
GRHL1,0.4538310412573674,0.021611001964636542,2.8231827111984282
GRHPR,0.39096267190569745,0.15324165029469547,2.7662082514734774
GRIA1,0.3005893909626719,0.09430255402750491,2.3909626719056973
GRIA2,0.3300589390962672,0.10216110019646366,2.430255402750491
GRIA3,0.1905697445972495,0.3791748526522593,1.962671905697446
GRIA4,0.3163064833005894,0.18271119842829076,2.432220039292731
GRID2,0.37328094302554027,0.06679764243614932,2.5481335952848725
GRID2IP,0.5776031434184676,0.009823182711198428,3.294695481335953
GRIK1,0.32023575638506874,0.09037328094302555,2.4086444007858545
GRIK2,0.41846758349705304,0.043222003929273084,2.658153241650295
GRIK3,0.45579567779960706,0.019646365422396856,2.7269155206286837
GRIK4,0.3045186640471513,0.18860510805500982,2.3634577603143416
GRIK5,0.45972495088408644,0.03732809430255403,2.6954813359528487
GRIN1,0.5284872298624754,0.05108055009823183,2.9783889980353635
GRIN2A,0.4774066797642436,0.029469548133595286,2.8015717092337917
GRIN2B,0.5068762278978389,0.029469548133595286,3.076620825147348
GRIN2C,0.4911591355599214,0.025540275049115914,2.8762278978388998
GRIN2D,0.46168958742632615,0.03339882121807466,2.699410609037328
GRIN3A,0.5324165029469549,0.03339882121807466,3.0039292730844793
GRIN3B,0.3575638506876228,0.11787819253438114,2.418467583497053
GRIP1,0.48919449901768175,0.009823182711198428,3.119842829076621
GRIP2,0.14734774066797643,0.27111984282907664,1.9783889980353635
GRK1,0.4165029469548134,0.10609037328094302,2.74852652259332
GRK2,0.5599214145383105,0.023575638506876228,3.2770137524557956
GRK4,0.31237721021611004,0.1512770137524558,2.400785854616896
GRK5,0.4027504911591356,0.05893909626719057,2.5658153241650297
GRK6,0.3005893909626719,0.10019646365422397,2.387033398821218
GRK7,0.7131630648330058,0.005893909626719057,3.9292730844793713
GRM1,0.4086444007858546,0.0412573673870334,2.6601178781925343
GRM2,0.11591355599214145,0.30648330058939094,1.87426326129666
GRM3,0.5108055009823183,0.021611001964636542,3.094302554027505
GRM4,0.449901768172888,0.05304518664047151,2.7681728880157173
GRM5,0.35952848722986247,0.1650294695481336,2.569744597249509
GRM6,0.3045186640471513,0.10019646365422397,2.392927308447937
GRM7,0.16110019646365423,0.26719056974459726,2.00196463654224
GRM8,0.42829076620825146,0.09037328094302555,2.701375245579568
GRN,0.4538310412573674,0.01768172888015717,2.7956777996070725
GRP,0.22396856581532418,0.2357563850687623,2.1237721021611002
GRPEL1,0.3104125736738703,0.15324165029469547,2.400785854616896
GRPEL2,0.3005893909626719,0.09430255402750491,2.387033398821218
GRPR,0.12966601178781925,0.5009823182711198,1.7131630648330058
GRSF1,0.4106090373280943,0.047151277013752456,2.6836935166994107
GRWD1,0.46168958742632615,0.03339882121807466,2.699410609037328
GRXCR1,0.32612966601178783,0.12180746561886051,2.4695481335952847
GSC,0.4931237721021611,0.05108055009823183,3.029469548133595
GSDMB,0.449901768172888,0.015717092337917484,2.988212180746562
GSK3A,0.45972495088408644,0.03732809430255403,2.6954813359528487
GSK3B,0.6444007858546169,0.005893909626719057,3.5029469548133596
GSN,0.5442043222003929,0.03536345776031434,3.011787819253438
GSPT1,0.4715127701375246,0.029469548133595286,2.781925343811395
GSPT2,0.12966601178781925,0.5029469548133595,1.7170923379174852
GSR,0.3104125736738703,0.21611001964636542,2.404715127701375
GSTA1,0.481335952848723,0.03732809430255403,2.9449901768172886
GSTA2,0.481335952848723,0.03732809430255403,2.9449901768172886
GSTA3,0.481335952848723,0.03732809430255403,2.9449901768172886
GSTA4,0.481335952848723,0.03732809430255403,2.954813359528487
GSTA5,0.481335952848723,0.03732809430255403,2.9449901768172886
GSTK1,0.4263261296660118,0.10805500982318271,2.6660117878192535
GSTM1,0.34970530451866405,0.06679764243614932,2.4852652259332024
GSTM2,0.34970530451866405,0.06679764243614932,2.4852652259332024
GSTM3,0.34970530451866405,0.06679764243614932,2.4852652259332024
GSTM4,0.34970530451866405,0.06679764243614932,2.4852652259332024
GSTM5,0.34970530451866405,0.06679764243614932,2.4852652259332024
GSTO1,0.38703339882121807,0.06286836935166994,2.5265225933202355
GSTO2,0.38703339882121807,0.06286836935166994,2.5265225933202355
GSTP1,0.550098231827112,0.0275049115913556,3.2416502946954813
GSTT2B,0.46168958742632615,0.021611001964636542,2.880157170923379
GSTZ1,0.4931237721021611,0.03732809430255403,3.0412573673870336
GTF2A1,0.5088408644400786,0.043222003929273084,3.0785854616895874
GTF2A1L,0.4774066797642436,0.005893909626719057,2.9096267190569747
GTF2A2,0.4027504911591356,0.06679764243614932,2.6286836935166993
GTF2B,0.3948919449901768,0.03929273084479371,2.611001964636542
GTF2E1,0.6444007858546169,0.005893909626719057,3.506876227897839
GTF2E2,0.3104125736738703,0.21611001964636542,2.4027504911591357
GTF2F1,0.3889980353634578,0.09233791748526522,2.5147347740667976
GTF2F2,0.29862475442043224,0.17288801571709234,2.3477406679764243
GTF2H1,0.39096267190569745,0.08840864440078586,2.583497053045187
GTF2H2,0.2632612966601179,0.11787819253438114,2.298624754420432
GTF2H2C,0.2632612966601179,0.11591355599214145,2.300589390962672
GTF2H3,0.4636542239685658,0.01768172888015717,2.7779960707269153
GTF2H4,0.449901768172888,0.04911591355599214,2.7956777996070725
GTF2H5,0.4086444007858546,0.03929273084479371,2.6522593320235757
GTF2I,0.4774066797642436,0.0275049115913556,2.9174852652259333
GTF2IRD2,0.4774066797642436,0.0275049115913556,2.9174852652259333
GTF2IRD2B,0.4774066797642436,0.0275049115913556,2.9174852652259333
GTF3A,0.3005893909626719,0.15717092337917485,2.3654223968565815
GTF3C1,0.4636542239685658,0.029469548133595286,2.799607072691552
GTF3C2,0.47544204322200395,0.005893909626719057,2.8762278978388998
GTF3C3,0.4361493123772102,0.03143418467583497,2.7838899803536346
GTF3C4,0.5343811394891945,0.0412573673870334,3.0039292730844793
GTF3C5,0.5343811394891945,0.03929273084479371,3.005893909626719
GTF3C6,0.4204322200392927,0.0412573673870334,2.658153241650295
GTPBP1,0.4538310412573674,0.025540275049115914,2.8271119842829076
GTPBP10,0.5127701375245579,0.019646365422396856,3.1846758349705304
GTPBP3,0.4400785854616896,0.05108055009823183,2.6797642436149314
GTPBP4,0.3575638506876228,0.11198428290766209,2.4734774066797645
GTSE1,0.44793713163064836,0.03929273084479371,2.838899803536346
GUCA1B,0.46168958742632615,0.03929273084479371,2.8742632612966603
GUCY1A1,0.3300589390962672,0.10019646365422397,2.4459724950884087
GUCY1A2,0.3163064833005894,0.18271119842829076,2.432220039292731
GUCY1B1,0.3320235756385069,0.10019646365422397,2.447937131630648
GUCY2C,0.5068762278978389,0.029469548133595286,3.072691552062868
GUCY2D,0.3791748526522593,0.09430255402750491,2.5481335952848725
GUCY2F,0.18664047151277013,0.3831041257367387,1.9371316306483302
GUF1,0.3280943025540275,0.11591355599214145,2.475442043222004
GUK1,0.5442043222003929,0.007858546168958742,3.013752455795678
GULP1,0.4538310412573674,0.025540275049115914,2.868369351669941
GUSB,0.5029469548133595,0.019646365422396856,2.9607072691552063
GXYLT1,0.4577603143418468,0.023575638506876228,2.7799607072691552
GXYLT2,0.1237721021611002,0.31237721021611004,1.9076620825147348
GYG1,0.7445972495088409,0.0019646365422396855,4.208251473477406
GYG2,0.12966601178781925,0.5029469548133595,1.719056974459725
GYPB,0.36738703339882123,0.07072691552062868,2.5265225933202355
GYPC,0.4518664047151277,0.009823182711198428,2.817288801571709
GYS1,0.4636542239685658,0.03339882121807466,2.713163064833006
GYS2,0.5166994106090373,0.023575638506876228,3.2141453831041256
GZMA,0.2868369351669941,0.10609037328094302,2.418467583497053
GZMB,0.45972495088408644,0.05697445972495088,2.893909626719057
GZMH,0.4577603143418468,0.05893909626719057,2.893909626719057
GZMK,0.2868369351669941,0.10609037328094302,2.418467583497053
GZMM,0.3575638506876228,0.11787819253438114,2.418467583497053
HAAO,0.47544204322200395,0.009823182711198428,2.880157170923379
HABP2,0.3968565815324165,0.05893909626719057,2.5540275049115913
HACD1,0.36345776031434185,0.10805500982318271,2.512770137524558
HACD2,0.650294695481336,0.005893909626719057,3.5284872298624754
HACD4,0.3300589390962672,0.2180746561886051,2.5324165029469548
HACE1,0.41846758349705304,0.0412573673870334,2.681728880157171
HACL1,0.14538310412573674,0.275049115913556,1.9607072691552063
HADH,0.36738703339882123,0.0550098231827112,2.5284872298624754
HADHA,0.4715127701375246,0.007858546168958742,2.868369351669941
HADHB,0.47347740667976423,0.007858546168958742,2.8703339882121806
HAGH,0.4636542239685658,0.03929273084479371,2.742632612966601
HAL,0.449901768172888,0.019646365422396856,2.75049115913556
HAMP,0.46954813359528486,0.03536345776031434,2.805500982318271
HAND1,0.3005893909626719,0.09233791748526522,2.392927308447937
HAND2,0.3280943025540275,0.10805500982318271,2.4027504911591357
HAO1,0.5324165029469549,0.05108055009823183,3.1100196463654224
HAO2,0.35952848722986247,0.09430255402750491,2.5422396856581533
HAP1,0.44597249508840864,0.019646365422396856,2.791748526522593
HAPLN1,0.2593320235756385,0.1237721021611002,2.2927308447937134
HARBI1,0.4223968565815324,0.06483300589390963,2.7544204322200394
HARS2,0.2966601178781925,0.08644400785854617,2.387033398821218
HASPIN,0.3850687622789784,0.09233791748526522,2.5540275049115913
HAT1,0.4675834970530452,0.0137524557956778,2.907662082514735
HAUS1,0.2770137524557957,0.20039292730844793,2.326129666011788
HAUS2,0.3988212180746562,0.08055009823182711,2.6031434184675835
HAUS3,0.3143418467583497,0.14734774066797643,2.406679764243615
HAUS4,0.45972495088408644,0.05304518664047151,2.899803536345776
HAUS5,0.4715127701375246,0.03536345776031434,2.821218074656189
HAUS6,0.3516699410609037,0.17485265225933203,2.7092337917485265
HAUS7,0.21414538310412573,0.3516699410609037,2.0
HAUS8,0.4400785854616896,0.05108055009823183,2.6836935166994107
HAVCR1,0.3005893909626719,0.09233791748526522,2.392927308447937
HAVCR2,0.3005893909626719,0.09233791748526522,2.392927308447937
HAX1,0.5402750491159135,0.005893909626719057,2.9489194499017684
HBA1,0.4636542239685658,0.043222003929273084,2.7387033398821217
HBA2,0.4636542239685658,0.043222003929273084,2.7387033398821217
HBB,0.3713163064833006,0.10019646365422397,2.5265225933202355
HBE1,0.37328094302554027,0.10019646365422397,2.5304518664047153
HBEGF,0.2966601178781925,0.08644400785854617,2.387033398821218
HBG1,0.3713163064833006,0.10019646365422397,2.5265225933202355
HBP1,0.5147347740667977,0.029469548133595286,3.0707269155206287
HBQ1,0.4636542239685658,0.043222003929273084,2.7387033398821217
HBZ,0.4636542239685658,0.043222003929273084,2.7387033398821217
HCAR1,0.4636542239685658,0.0137524557956778,2.774066797642436
HCCS,0.12573673870333987,0.5049115913555993,1.7053045186640472
HCFC1,0.21414538310412573,0.35363457760314343,1.9980353634577603
HCFC2,0.45579567779960706,0.015717092337917484,2.732809430255403
HCLS1,0.6444007858546169,0.005893909626719057,3.5166994106090375
HCN1,0.5834970530451866,0.009823182711198428,3.4852652259332024
HCN2,0.3575638506876228,0.11787819253438114,2.418467583497053
HCN4,0.41453831041257366,0.060903732809430254,2.7229862475442044
HCRT,0.44597249508840864,0.019646365422396856,2.791748526522593
HCRTR1,0.43418467583497056,0.03536345776031434,2.669941060903733
HCRTR2,0.48722986247544203,0.03536345776031434,3.0275049115913557
HCST,0.46954813359528486,0.03732809430255403,2.7721021611001966
HDAC1,0.4381139489194499,0.03536345776031434,2.6777996070726915
HDAC10,0.44204322200392926,0.043222003929273084,2.807465618860511
HDAC11,0.14734774066797643,0.2691552062868369,1.9842829076620825
HDAC2,0.4204322200392927,0.043222003929273084,2.654223968565815
HDAC3,0.2966601178781925,0.08644400785854617,2.387033398821218
HDAC4,0.35363457760314343,0.09233791748526522,2.479371316306483
HDAC5,0.4538310412573674,0.01768172888015717,2.7976424361493124
HDAC6,0.12573673870333987,0.5068762278978389,1.7053045186640472
HDAC7,0.45579567779960706,0.021611001964636542,2.74852652259332
HDAC8,0.16110019646365423,0.412573673870334,1.8683693516699411
HDAC9,0.5756385068762279,0.015717092337917484,3.2593320235756384
HDC,0.412573673870334,0.06679764243614932,2.656188605108055
HDGF,0.5363457760314342,0.005893909626719057,2.93713163064833
HDLBP,0.35363457760314343,0.09233791748526522,2.4833005893909625
HEATR1,0.5461689587426326,0.007858546168958742,3.0412573673870336
HEBP1,0.5068762278978389,0.029469548133595286,3.0785854616895874
HEBP2,0.42829076620825146,0.03732809430255403,2.7269155206286837
HECTD3,0.4518664047151277,0.0137524557956778,2.75049115913556
HECW1,0.5520628683693517,0.01768172888015717,3.1964636542239684
HECW2,0.43418467583497056,0.03339882121807466,2.7662082514734774
HEG1,0.6542239685658153,0.005893909626719057,3.555992141453831
HELB,0.48919449901768175,0.007858546168958742,3.1159135559921416
HELLS,0.3831041257367387,0.07072691552062868,2.5108055009823183
HELQ,0.37524557956778,0.06679764243614932,2.550098231827112
HELZ,0.48919449901768175,0.019646365422396856,2.8840864440078584
HELZ2,0.5402750491159135,0.021611001964636542,3.106090373280943
HENMT1,0.34970530451866405,0.06679764243614932,2.487229862475442
HERC1,0.4086444007858546,0.06286836935166994,2.6463654223968565
HERC2,0.4066797642436149,0.07072691552062868,2.6601178781925343
HERC3,0.3791748526522593,0.060903732809430254,2.56188605108055
HERC4,0.3948919449901768,0.047151277013752456,2.5756385068762278
HERC5,0.3791748526522593,0.060903732809430254,2.56188605108055
HERC6,0.3791748526522593,0.060903732809430254,2.56188605108055
HERPUD1,0.4577603143418468,0.06679764243614932,2.7681728880157173
HES1,0.7740667976424361,0.0,4.359528487229863
HES6,0.35363457760314343,0.09430255402750491,2.479371316306483
HES7,0.381139489194499,0.09430255402750491,2.552062868369352
HESX1,0.11591355599214145,0.30844793713163066,1.8683693516699411
HEXA,0.41453831041257366,0.05893909626719057,2.7288801571709236
HEXB,0.26129666011787817,0.11984282907662082,2.294695481335953
HEXIM1,0.4577603143418468,0.01768172888015717,2.799607072691552
HEXIM2,0.4577603143418468,0.01768172888015717,2.799607072691552
HEY1,0.7151277013752456,0.003929273084479371,3.8330058939096268
HEY2,0.43418467583497056,0.03732809430255403,2.717092337917485
HEYL,0.45972495088408644,0.015717092337917484,2.7662082514734774
HFE,0.4381139489194499,0.05893909626719057,2.7288801571709236
HGD,0.6444007858546169,0.005893909626719057,3.5088408644400784
HGF,0.48526522593320237,0.021611001964636542,3.017681728880157
HGFAC,0.31237721021611004,0.1512770137524558,2.400785854616896
HGS,0.4675834970530452,0.047151277013752456,2.821218074656189
HHAT,0.5442043222003929,0.005893909626719057,2.9921414538310414
HHIP,0.36345776031434185,0.07269155206286837,2.5147347740667976
HIBADH,0.5677799607072691,0.01768172888015717,3.2278978388998034
HIBCH,0.4518664047151277,0.0275049115913556,2.925343811394892
HIC1,0.3850687622789784,0.09430255402750491,2.5540275049115913
HID1,0.4911591355599214,0.025540275049115914,2.8762278978388998
HIF1A,0.49705304518664045,0.03339882121807466,3.0589390962671907
HIF1AN,0.3831041257367387,0.068762278978389,2.506876227897839
HIF3A,0.4636542239685658,0.03536345776031434,2.6974459724950886
HIGD1A,0.12573673870333987,0.2888015717092338,1.9076620825147348
HIKESHI,0.36738703339882123,0.1650294695481336,2.5854616895874263
HINT1,0.2907662082514735,0.10216110019646366,2.3673870333988214
HIP1,0.4793713163064833,0.0275049115913556,2.927308447937132
HIP1R,0.4636542239685658,0.0137524557956778,2.774066797642436
HIPK1,0.33988212180746563,0.09823182711198428,2.4420432220039294
HIPK2,0.42829076620825146,0.10216110019646366,2.6895874263261295
HIPK3,0.4263261296660118,0.07662082514734773,2.732809430255403
HIPK4,0.46168958742632615,0.03929273084479371,2.7838899803536346
HIRA,0.4715127701375246,0.023575638506876228,2.982318271119843
HIVEP2,0.4165029469548134,0.03732809430255403,2.6915520628683693
HIVEP3,0.4577603143418468,0.01768172888015717,2.7838899803536346
HJURP,0.3477406679764244,0.09037328094302555,2.4675834970530452
HJV,0.5284872298624754,0.009823182711198428,2.931237721021611
HK2,0.4715127701375246,0.0019646365422396855,2.9037328094302555
HK3,0.3025540275049116,0.10019646365422397,2.388998035363458
HKDC1,0.3929273084479371,0.04911591355599214,2.567779960707269
HLA-A,0.44204322200392926,0.05893909626719057,2.742632612966601
HLA-B,0.44793713163064836,0.05304518664047151,2.7838899803536346
HLA-C,0.44793713163064836,0.05304518664047151,2.7858546168958744
HLA-DMA,0.44793713163064836,0.05304518664047151,2.7701375245579567
HLA-DMB,0.44793713163064836,0.05304518664047151,2.7721021611001966
HLA-DOA,0.44793713163064836,0.05304518664047151,2.7701375245579567
HLA-DOB,0.449901768172888,0.05108055009823183,2.7838899803536346
HLA-DPA1,0.44793713163064836,0.05304518664047151,2.7701375245579567
HLA-DPB1,0.44793713163064836,0.05304518664047151,2.7701375245579567
HLA-DQA1,0.449901768172888,0.05108055009823183,2.7799607072691552
HLA-DQA2,0.449901768172888,0.05108055009823183,2.7838899803536346
HLA-DQB1,0.449901768172888,0.05108055009823183,2.7799607072691552
HLA-DQB2,0.449901768172888,0.05108055009823183,2.7838899803536346
HLA-DRA,0.44793713163064836,0.05108055009823183,2.7779960707269153
HLA-DRB1,0.44793713163064836,0.05108055009823183,2.7799607072691552
HLA-DRB5,0.44793713163064836,0.05108055009823183,2.7799607072691552
HLA-E,0.4518664047151277,0.04911591355599214,2.825147347740668
HLA-F,0.4400785854616896,0.05697445972495088,2.742632612966601
HLCS,0.32612966601178783,0.08447937131630648,2.4263261296660117
HLTF,0.7445972495088409,0.0019646365422396855,4.2043222003929275
HLX,0.5422396856581533,0.007858546168958742,3.0039292730844793
HM13,0.5893909626719057,0.007858546168958742,3.418467583497053
HMG20A,0.4223968565815324,0.06679764243614932,2.6463654223968565
HMG20B,0.3791748526522593,0.09823182711198428,2.495088408644401
HMGA1,0.449901768172888,0.05304518664047151,2.7681728880157173
HMGA2,0.48526522593320237,0.007858546168958742,3.119842829076621
HMGB1,0.29862475442043224,0.16306483300589392,2.3339882121807465
HMGB2,0.32612966601178783,0.10805500982318271,2.400785854616896
HMGB3,0.21021611001964635,0.35952848722986247,1.9901768172888015
HMGCL,0.41846758349705304,0.04518664047151277,2.62475442043222
HMGCR,0.2632612966601179,0.12180746561886051,2.298624754420432
HMGCS1,0.5972495088408645,0.003929273084479371,3.5402750491159134
HMGCS2,0.36345776031434185,0.09233791748526522,2.5579567779960706
HMGN1,0.3182711198428291,0.09233791748526522,2.404715127701375
HMGN2,0.41846758349705304,0.043222003929273084,2.62671905697446
HMGN3,0.4165029469548134,0.0412573673870334,2.658153241650295
HMGN5,0.16110019646365423,0.4027504911591356,1.9390962671905698
HMGXB4,0.4538310412573674,0.0275049115913556,2.8290766208251474
HMMR,0.3005893909626719,0.0962671905697446,2.3850687622789786
HMOX1,0.4538310412573674,0.0275049115913556,2.825147347740668
HMOX2,0.4675834970530452,0.03929273084479371,2.7544204322200394
HNF1A,0.46168958742632615,0.0137524557956778,2.7662082514734774
HNF1B,0.444007858546169,0.019646365422396856,2.8035363457760316
HNF4A,0.5402750491159135,0.025540275049115914,3.1277013752455796
HNF4G,0.7092337917485265,0.003929273084479371,3.8133595284872297
HNMT,0.449901768172888,0.021611001964636542,2.74852652259332
HNRNPA0,0.29862475442043224,0.09037328094302555,2.388998035363458
HNRNPA1,0.4636542239685658,0.015717092337917484,2.7465618860510808
HNRNPA1L2,0.3300589390962672,0.17092337917485265,2.4086444007858545
HNRNPA2B1,0.5658153241650294,0.019646365422396856,3.2220039292730847
HNRNPA3,0.47544204322200395,0.0137524557956778,3.017681728880157
HNRNPAB,0.3005893909626719,0.10019646365422397,2.3850687622789786
HNRNPC,0.4636542239685658,0.05108055009823183,2.9332023575638506
HNRNPD,0.3791748526522593,0.06679764243614932,2.5540275049115913
HNRNPDL,0.3791748526522593,0.06679764243614932,2.5540275049115913
HNRNPF,0.43222003929273084,0.043222003929273084,2.673870333988212
HNRNPH1,0.3025540275049116,0.09430255402750491,2.3968565815324165
HNRNPH2,0.1925343811394892,0.38703339882121807,1.9351669941060903
HNRNPH3,0.39096267190569745,0.04911591355599214,2.567779960707269
HNRNPK,0.49705304518664045,0.05304518664047151,2.9096267190569747
HNRNPL,0.4675834970530452,0.03732809430255403,2.7956777996070725
HNRNPLL,0.47544204322200395,0.011787819253438114,2.8880157170923377
HNRNPM,0.40471512770137524,0.07662082514734773,2.5736738703339883
HNRNPR,0.4204322200392927,0.04518664047151277,2.6227897838899805
HNRNPU,0.555992141453831,0.007858546168958742,3.0412573673870336
HNRNPUL1,0.4577603143418468,0.03929273084479371,2.6974459724950886
HNRNPUL2,0.4793713163064833,0.03143418467583497,2.8762278978388998
HOGA1,0.3831041257367387,0.068762278978389,2.5108055009823183
HOMER1,0.2593320235756385,0.1237721021611002,2.2927308447937134
HOMER2,0.4361493123772102,0.0550098231827112,2.705304518664047
HOMER3,0.44204322200392926,0.05304518664047151,2.6895874263261295
HOOK1,0.4361493123772102,0.0275049115913556,2.7269155206286837
HOOK2,0.43418467583497056,0.04911591355599214,2.675834970530452
HOOK3,0.41453831041257366,0.14538310412573674,2.850687622789784
HOPX,0.412573673870334,0.047151277013752456,2.7072691552062866
HORMAD1,0.5402750491159135,0.007858546168958742,2.9901768172888015
HOXA10,0.5658153241650294,0.01768172888015717,3.2220039292730847
HOXA2,0.5658153241650294,0.01768172888015717,3.2220039292730847
HOXA3,0.5658153241650294,0.01768172888015717,3.2220039292730847
HOXA5,0.5658153241650294,0.01768172888015717,3.2220039292730847
HOXA7,0.5658153241650294,0.01768172888015717,3.2220039292730847
HOXA9,0.5658153241650294,0.01768172888015717,3.2220039292730847
HOXB1,0.4636542239685658,0.0137524557956778,2.821218074656189
HOXB13,0.4656188605108055,0.011787819253438114,2.8271119842829076
HOXB2,0.4636542239685658,0.0137524557956778,2.821218074656189
HOXB3,0.4636542239685658,0.0137524557956778,2.821218074656189
HOXB4,0.4636542239685658,0.0137524557956778,2.821218074656189
HOXB5,0.4636542239685658,0.0137524557956778,2.821218074656189
HOXB6,0.4636542239685658,0.0137524557956778,2.821218074656189
HOXB7,0.4636542239685658,0.0137524557956778,2.821218074656189
HOXB8,0.4636542239685658,0.0137524557956778,2.821218074656189
HOXC13,0.4656188605108055,0.015717092337917484,2.74852652259332
HOXC4,0.4636542239685658,0.015717092337917484,2.7465618860510808
HOXC5,0.4636542239685658,0.015717092337917484,2.7465618860510808
HOXC6,0.4636542239685658,0.015717092337917484,2.7465618860510808
HOXC8,0.4636542239685658,0.015717092337917484,2.7465618860510808
HOXC9,0.4636542239685658,0.015717092337917484,2.7465618860510808
HOXD1,0.4774066797642436,0.0137524557956778,3.045186640471513
HOXD3,0.4774066797642436,0.0137524557956778,3.045186640471513
HOXD4,0.4774066797642436,0.0137524557956778,3.045186640471513
HOXD9,0.4774066797642436,0.0137524557956778,3.045186640471513
HP,0.4675834970530452,0.060903732809430254,2.7701375245579567
HPD,0.46168958742632615,0.0137524557956778,2.764243614931238
HPGDS,0.37524557956778,0.06679764243614932,2.5579567779960706
HPN,0.46954813359528486,0.03536345776031434,2.8035363457760316
HPR,0.4675834970530452,0.060903732809430254,2.7701375245579567
HPRT1,0.1944990176817289,0.381139489194499,1.9430255402750491
HPS1,0.381139489194499,0.07072691552062868,2.5029469548133596
HPS3,0.7445972495088409,0.0019646365422396855,4.210216110019647
HPS4,0.45972495088408644,0.023575638506876228,2.880157170923379
HPS5,0.39096267190569745,0.08840864440078586,2.583497053045187
HPS6,0.3850687622789784,0.068762278978389,2.512770137524558
HPSE,0.37524557956778,0.06679764243614932,2.550098231827112
HPX,0.37721021611001965,0.09233791748526522,2.5422396856581533
HRAS,0.37524557956778,0.1100196463654224,2.536345776031434
HRC,0.4636542239685658,0.03339882121807466,2.7111984282907664
HRG,0.7858546168958742,0.0,4.455795677799607
HRH1,0.15324165029469547,0.27111984282907664,1.9724950884086443
HRH3,0.5363457760314342,0.019646365422396856,3.117878192534381
HRH4,0.4106090373280943,0.09823182711198428,2.730844793713163
HRK,0.4636542239685658,0.0137524557956778,2.7799607072691552
HRNR,0.5383104125736738,0.005893909626719057,2.9626719056974458
HS2ST1,0.3988212180746562,0.03929273084479371,2.611001964636542
HS3ST1,0.3320235756385069,0.14538310412573674,2.43614931237721
HS3ST2,0.45972495088408644,0.03339882121807466,2.75049115913556
HS3ST3A1,0.3831041257367387,0.08644400785854617,2.5893909626719056
HS3ST3B1,0.3831041257367387,0.08644400785854617,2.6031434184675835
HS6ST1,0.449901768172888,0.011787819253438114,2.791748526522593
HS6ST2,0.1944990176817289,0.381139489194499,1.9449901768172888
HSBP1,0.44793713163064836,0.07072691552062868,2.7151277013752457
HSCB,0.4577603143418468,0.025540275049115914,2.8742632612966603
HSD11B1,0.5422396856581533,0.007858546168958742,2.9921414538310414
HSD11B2,0.4675834970530452,0.060903732809430254,2.762278978388998
HSD17B1,0.44793713163064836,0.019646365422396856,2.7976424361493124
HSD17B10,0.13555992141453832,0.49705304518664045,1.730844793713163
HSD17B12,0.4263261296660118,0.06679764243614932,2.7465618860510808
HSD17B2,0.4518664047151277,0.07269155206286837,2.7229862475442044
HSD17B3,0.5284872298624754,0.03143418467583497,3.0039292730844793
HSD17B6,0.4656188605108055,0.01768172888015717,2.762278978388998
HSD17B7,0.5402750491159135,0.005893909626719057,2.9724950884086443
HSD17B8,0.44793713163064836,0.05304518664047151,2.7701375245579567
HSD3B1,0.35952848722986247,0.09430255402750491,2.5402750491159134
HSD3B2,0.35952848722986247,0.09430255402750491,2.5422396856581533
HSF1,0.7701375245579568,0.0019646365422396855,4.037328094302554
HSF2,0.43222003929273084,0.03732809430255403,2.68762278978389
HSP90AA1,0.4911591355599214,0.05697445972495088,2.9921414538310414
HSP90AB1,0.4675834970530452,0.03929273084479371,2.8546168958742633
HSP90B1,0.45579567779960706,0.015717092337917484,2.732809430255403
HSPA13,0.3654223968565815,0.08055009823182711,2.612966601178782
HSPA14,0.3654223968565815,0.10805500982318271,2.512770137524558
HSPA1A,0.4518664047151277,0.04911591355599214,2.8015717092337917
HSPA1B,0.4518664047151277,0.04911591355599214,2.8015717092337917
HSPA1L,0.4518664047151277,0.04911591355599214,2.8015717092337917
HSPA2,0.4950884086444008,0.03536345776031434,3.0550098231827114
HSPA4,0.2868369351669941,0.10216110019646366,2.361493123772102
HSPA4L,0.3654223968565815,0.060903732809430254,2.524557956777996
HSPA5,0.5481335952848723,0.03536345776031434,3.0216110019646365
HSPA6,0.5402750491159135,0.005893909626719057,2.968565815324165
HSPA8,0.30648330058939094,0.18271119842829076,2.3280943025540277
HSPA9,0.2966601178781925,0.08644400785854617,2.387033398821218
HSPB1,0.481335952848723,0.0275049115913556,2.9332023575638506
HSPB2,0.2966601178781925,0.19646365422396855,2.2927308447937134
HSPB3,0.2907662082514735,0.10019646365422397,2.4341846758349703
HSPB7,0.41846758349705304,0.04911591355599214,2.630648330058939
HSPB8,0.4675834970530452,0.0137524557956778,2.793713163064833
HSPD1,0.43418467583497056,0.03143418467583497,2.7897838899803538
HSPE1,0.43418467583497056,0.03143418467583497,2.7897838899803538
HSPG2,0.4223968565815324,0.0412573673870334,2.6365422396856584
HSPH1,0.2907662082514735,0.16306483300589392,2.324165029469548
HTATSF1,0.20039292730844793,0.37721021611001965,1.9607072691552063
HTN1,0.412573673870334,0.047151277013752456,2.68762278978389
HTN3,0.412573673870334,0.047151277013752456,2.68762278978389
HTR1A,0.2632612966601179,0.11787819253438114,2.3339882121807465
HTR1B,0.4204322200392927,0.03929273084479371,2.6640471512770136
HTR1D,0.4204322200392927,0.04518664047151277,2.6227897838899805
HTR1E,0.4086444007858546,0.043222003929273084,2.6601178781925343
HTR1F,0.1807465618860511,0.25736738703339884,2.068762278978389
HTR2A,0.3025540275049116,0.17485265225933203,2.3654223968565815
HTR2B,0.343811394891945,0.09037328094302555,2.4715127701375246
HTR2C,0.18467583497053044,0.38703339882121807,1.9292730844793713
HTR3A,0.29273084479371314,0.19646365422396855,2.2789783889980355
HTR3B,0.29273084479371314,0.19646365422396855,2.2789783889980355
HTR3C,0.7858546168958742,0.0,4.589390962671906
HTR3D,0.7858546168958742,0.0,4.597249508840864
HTR3E,0.7858546168958742,0.0,4.589390962671906
HTR4,0.29469548133595286,0.09233791748526522,2.3791748526522594
HTR5A,0.4165029469548134,0.10805500982318271,2.6404715127701377
HTR6,0.4243614931237721,0.04518664047151277,2.6365422396856584
HTRA1,0.4106090373280943,0.05697445972495088,2.579567779960707
HTRA2,0.4715127701375246,0.0019646365422396855,2.905697445972495
HTT,0.31237721021611004,0.1512770137524558,2.400785854616896
HUS1,0.5540275049115914,0.015717092337917484,3.3202357563850686
HUWE1,0.13555992141453832,0.4950884086444008,1.7347740667976423
HVCN1,0.4538310412573674,0.015717092337917484,2.74852652259332
HYAL1,0.11787819253438114,0.30648330058939094,1.8762278978388998
HYAL2,0.11787819253438114,0.30648330058939094,1.8762278978388998
HYAL3,0.11787819253438114,0.30648330058939094,1.8762278978388998
HYKK,0.4263261296660118,0.06286836935166994,2.662082514734774
HYLS1,0.3104125736738703,0.1787819253438114,2.341846758349705
HYOU1,0.3025540275049116,0.1905697445972495,2.3084479371316307
IAPP,0.518664047151277,0.023575638506876228,3.225933202357564
IARS2,0.5422396856581533,0.007858546168958742,3.0039292730844793
IBA57,0.5442043222003929,0.007858546168958742,3.013752455795678
IBTK,0.4066797642436149,0.03929273084479371,2.6326129666011786
ICA1,0.5736738703339882,0.011787819253438114,3.280943025540275
ICAM1,0.41846758349705304,0.060903732809430254,2.6404715127701377
ICAM2,0.48722986247544203,0.015717092337917484,2.8762278978388998
ICAM3,0.41846758349705304,0.060903732809430254,2.6404715127701377
ICAM4,0.41846758349705304,0.060903732809430254,2.6404715127701377
ICAM5,0.41846758349705304,0.060903732809430254,2.6404715127701377
ICE2,0.4066797642436149,0.06483300589390963,2.638506876227898
ICMT,0.4263261296660118,0.047151277013752456,2.675834970530452
ICOS,0.3929273084479371,0.06483300589390963,2.6483300589390963
ICOSLG,0.30844793713163066,0.10216110019646366,2.381139489194499
ID1,0.5893909626719057,0.007858546168958742,3.418467583497053
ID2,0.4538310412573674,0.023575638506876228,2.8231827111984282
ID4,0.4361493123772102,0.05893909626719057,2.75049115913556
IDE,0.38703339882121807,0.07072691552062868,2.5304518664047153
IDH1,0.35952848722986247,0.0825147347740668,2.5029469548133596
IDH2,0.444007858546169,0.05108055009823183,2.7387033398821217
IDH3A,0.4223968565815324,0.06483300589390963,2.6463654223968565
IDH3B,0.5324165029469549,0.04911591355599214,3.045186640471513
IDH3G,0.21414538310412573,0.35363457760314343,1.9980353634577603
IDI1,0.3575638506876228,0.11198428290766209,2.4734774066797645
IDI2,0.3575638506876228,0.11198428290766209,2.4734774066797645
IDO1,0.412573673870334,0.14931237721021612,2.8467583497053046
IDS,0.2082514734774067,0.3614931237721022,1.9842829076620825
IER3,0.449901768172888,0.04911591355599214,2.7976424361493124
IFI16,0.5402750491159135,0.005893909626719057,2.974459724950884
IFI27,0.4931237721021611,0.05108055009823183,3.017681728880157
IFI30,0.4361493123772102,0.04911591355599214,2.6895874263261295
IFI35,0.449901768172888,0.019646365422396856,2.787819253438114
IFI44,0.3988212180746562,0.03929273084479371,2.612966601178782
IFI6,0.4223968565815324,0.0412573673870334,2.6365422396856584
IFIT1,0.3850687622789784,0.07072691552062868,2.5166994106090375
IFIT2,0.3850687622789784,0.07072691552062868,2.5147347740667976
IFITM1,0.3713163064833006,0.11198428290766209,2.5265225933202355
IFITM3,0.3713163064833006,0.11198428290766209,2.5265225933202355
IFNA1,0.3163064833005894,0.22986247544204322,2.418467583497053
IFNA10,0.32220039292730845,0.22396856581532418,2.4715127701375246
IFNA13,0.3163064833005894,0.22986247544204322,2.418467583497053
IFNA14,0.32023575638506874,0.22593320235756384,2.4420432220039294
IFNA17,0.32220039292730845,0.22396856581532418,2.4695481335952847
IFNA2,0.3163064833005894,0.22986247544204322,2.418467583497053
IFNA21,0.32220039292730845,0.22396856581532418,2.4715127701375246
IFNA4,0.32220039292730845,0.22396856581532418,2.4715127701375246
IFNA5,0.3182711198428291,0.22789783889980353,2.430255402750491
IFNA7,0.32220039292730845,0.22396856581532418,2.4715127701375246
IFNA8,0.3163064833005894,0.22986247544204322,2.418467583497053
IFNAR1,0.3379174852652259,0.07858546168958742,2.487229862475442
IFNAR2,0.33595284872298625,0.07858546168958742,2.4833005893909625
IFNB1,0.32612966601178783,0.2200392927308448,2.4911591355599216
IFNE,0.3163064833005894,0.22986247544204322,2.416502946954813
IFNG,0.48919449901768175,0.009823182711198428,3.174852652259332
IFNGR1,0.42829076620825146,0.03732809430255403,2.7288801571709236
IFNGR2,0.3418467583497053,0.07662082514734773,2.506876227897839
IFNL1,0.4675834970530452,0.03732809430255403,2.834970530451866
IFNL2,0.4675834970530452,0.03732809430255403,2.834970530451866
IFNL3,0.4675834970530452,0.03732809430255403,2.834970530451866
IFNLR1,0.41846758349705304,0.04518664047151277,2.62475442043222
IFNW1,0.3241650294695481,0.2220039292730845,2.4852652259332024
IFT122,0.6640471512770137,0.005893909626719057,3.587426326129666
IFT172,0.4774066797642436,0.005893909626719057,2.8781925343811396
IFT20,0.4381139489194499,0.019646365422396856,2.7976424361493124
IFT27,0.4518664047151277,0.023575638506876228,2.8231827111984282
IFT46,0.3025540275049116,0.1925343811394892,2.3398821218074657
IFT52,0.5402750491159135,0.025540275049115914,3.1159135559921416
IFT57,0.6247544204322201,0.009823182711198428,3.4597249508840866
IFT74,0.33595284872298625,0.206286836935167,2.522593320235756
IFT80,0.756385068762279,0.0019646365422396855,4.288801571709234
IFT81,0.4538310412573674,0.0137524557956778,2.75049115913556
IFT88,0.27897838899803534,0.1787819253438114,2.286836935166994
IGBP1,0.15913555992141454,0.4066797642436149,1.8703339882121808
IGF1,0.4577603143418468,0.0137524557956778,2.74852652259332
IGF2,0.37328094302554027,0.10805500982318271,2.524557956777996
IGF2BP1,0.4656188605108055,0.011787819253438114,2.8271119842829076
IGF2BP2,0.7838899803536346,0.0,4.475442043222004
IGF2BP3,0.5736738703339882,0.015717092337917484,3.239685658153242
IGF2R,0.4066797642436149,0.0412573673870334,2.6483300589390963
IGFALS,0.46168958742632615,0.03929273084479371,2.7406679764243616
IGFBP1,0.5540275049115914,0.015717092337917484,3.2593320235756384
IGFBP2,0.3418467583497053,0.09233791748526522,2.4557956777996073
IGFBP3,0.5540275049115914,0.015717092337917484,3.2593320235756384
IGFBP4,0.44597249508840864,0.01768172888015717,2.821218074656189
IGFBP5,0.3418467583497053,0.09233791748526522,2.4557956777996073
IGFBP6,0.45972495088408644,0.021611001964636542,2.7367387033398822
IGFBP7,0.4086444007858546,0.04911591355599214,2.699410609037328
IGLL1,0.46168958742632615,0.023575638506876228,2.8880157170923377
IGLL5,0.45972495088408644,0.025540275049115914,2.8880157170923377
IGSF1,0.1925343811394892,0.3850687622789784,1.9371316306483302
IGSF5,0.3163064833005894,0.09823182711198428,2.3968565815324165
IGSF8,0.5383104125736738,0.005893909626719057,2.980353634577603
IHH,0.33988212180746563,0.09037328094302555,2.4557956777996073
IK,0.2966601178781925,0.08644400785854617,2.387033398821218
IKBKB,0.412573673870334,0.14538310412573674,2.807465618860511
IKBKE,0.5442043222003929,0.005893909626719057,2.9901768172888015
IKBKG,0.21218074656188604,0.35363457760314343,1.9960707269155207
IKZF1,0.5540275049115914,0.0137524557956778,3.3280943025540277
IKZF3,0.4518664047151277,0.015717092337917484,3.00196463654224
IKZF4,0.4656188605108055,0.015717092337917484,2.7662082514734774
IL10,0.5442043222003929,0.005893909626719057,2.9901768172888015
IL10RA,0.3005893909626719,0.1925343811394892,2.3025540275049114
IL10RB,0.33595284872298625,0.07858546168958742,2.4833005893909625
IL11,0.4774066797642436,0.03143418467583497,2.7736220472440944
IL12A,0.756385068762279,0.0019646365422396855,4.294695481335953
IL12B,0.29862475442043224,0.09233791748526522,2.388998035363458
IL12RB1,0.4361493123772102,0.05108055009823183,2.68762278978389
IL12RB2,0.41846758349705304,0.029469548133595286,2.654223968565815
IL13,0.28487229862475444,0.10412573673870335,2.357563850687623
IL13RA1,0.18664047151277013,0.38703339882121807,1.9390962671905698
IL13RA2,0.18467583497053044,0.3850687622789784,1.931237721021611
IL15,0.36738703339882123,0.07072691552062868,2.5284872298624754
IL15RA,0.3713163064833006,0.10412573673870335,2.524557956777996
IL16,0.4361493123772102,0.060903732809430254,2.6895874263261295
IL17B,0.3005893909626719,0.09430255402750491,2.387033398821218
IL17F,0.4793713163064833,0.0412573673870334,2.9174852652259333
IL17RA,0.4538310412573674,0.03732809430255403,2.856581532416503
IL17RB,0.11787819253438114,0.30844793713163066,1.87426326129666
IL17RC,0.15913555992141454,0.26522593320235754,1.9901768172888015
IL17RD,0.11591355599214145,0.30844793713163066,1.8683693516699411
IL17RE,0.15913555992141454,0.26522593320235754,1.9901768172888015
IL18,0.2966601178781925,0.1944990176817289,2.2927308447937134
IL18BP,0.48526522593320237,0.09233791748526522,3.4311023622047245
IL18R1,0.47544204322200395,0.009823182711198428,2.8860510805500983
IL18RAP,0.47544204322200395,0.009823182711198428,2.8899803536345776
IL1A,0.4774066797642436,0.009823182711198428,2.8978388998035363
IL1B,0.4774066797642436,0.009823182711198428,2.8978388998035363
IL1F10,0.47544204322200395,0.009823182711198428,2.895874263261297
IL1R1,0.46954813359528486,0.009823182711198428,2.8762278978388998
IL1R2,0.46954813359528486,0.009823182711198428,2.8840864440078584
IL1RAP,0.7858546168958742,0.0,4.50098231827112
IL1RAPL1,0.12770137524557956,0.5108055009823183,1.6954813359528487
IL1RAPL2,0.18467583497053044,0.3889980353634578,1.9273084479371316
IL1RL1,0.47347740667976423,0.009823182711198428,2.882121807465619
IL1RL2,0.46954813359528486,0.009823182711198428,2.8781925343811396
IL1RN,0.4774066797642436,0.009823182711198428,2.8978388998035363
IL2,0.3693516699410609,0.05697445972495088,2.5402750491159134
IL20RA,0.42829076620825146,0.03732809430255403,2.7347740667976423
IL20RB,0.7053045186640472,0.003929273084479371,3.8408644400785854
IL22,0.4911591355599214,0.009823182711198428,3.1669941060903732
IL22RA1,0.41846758349705304,0.04518664047151277,2.62475442043222
IL22RA2,0.42829076620825146,0.03732809430255403,2.7347740667976423
IL23A,0.4656188605108055,0.015717092337917484,2.7662082514734774
IL23R,0.41846758349705304,0.029469548133595286,2.654223968565815
IL24,0.5442043222003929,0.005893909626719057,2.9901768172888015
IL25,0.46168958742632615,0.05304518664047151,2.905697445972495
IL26,0.48919449901768175,0.009823182711198428,3.163064833005894
IL27,0.4656188605108055,0.0275049115913556,2.8035363457760316
IL27RA,0.43418467583497056,0.047151277013752456,2.7072691552062866
IL2RA,0.3713163064833006,0.10412573673870335,2.524557956777996
IL2RB,0.449901768172888,0.025540275049115914,2.8094302554027504
IL2RG,0.15913555992141454,0.4086444007858546,1.8703339882121808
IL32,0.4656188605108055,0.03929273084479371,2.75049115913556
IL33,0.3693516699410609,0.17681728880157171,2.905697445972495
IL36RN,0.47544204322200395,0.009823182711198428,2.895874263261297
IL37,0.47544204322200395,0.009823182711198428,2.895874263261297
IL3RA,0.343811394891945,0.2357563850687623,2.449901768172888
IL4,0.28487229862475444,0.10412573673870335,2.357563850687623
IL4I1,0.4656188605108055,0.03143418467583497,2.7229862475442044
IL4R,0.4636542239685658,0.029469548133595286,2.799607072691552
IL5,0.28487229862475444,0.10412573673870335,2.3595284872298623
IL5RA,0.16699410609037327,0.26522593320235754,2.005893909626719
IL6,0.5736738703339882,0.015717092337917484,3.2455795677799606
IL6R,0.5402750491159135,0.005893909626719057,2.9489194499017684
IL6ST,0.28094302554027506,0.1100196463654224,2.4106090373280944
IL7,0.7131630648330058,0.003929273084479371,3.831041257367387
IL7R,0.6051080550098232,0.003929273084479371,3.5304518664047153
IL9,0.29273084479371314,0.09233791748526522,2.3791748526522594
IL9R,0.3045186640471513,0.3143418467583497,2.2023575638506876
ILF2,0.5383104125736738,0.007858546168958742,2.9449901768172886
ILK,0.37721021611001965,0.09233791748526522,2.5422396856581533
ILKAP,0.35363457760314343,0.09430255402750491,2.479371316306483
IMMT,0.46954813359528486,0.005893909626719057,2.9037328094302555
IMP3,0.41846758349705304,0.06286836935166994,2.6463654223968565
IMP4,0.4518664047151277,0.015717092337917484,2.776031434184676
IMPA1,0.7190569744597249,0.003929273084479371,3.8231827111984282
IMPA2,0.48526522593320237,0.0412573673870334,3.0471512770137523
IMPDH1,0.4263261296660118,0.09233791748526522,2.699410609037328
IMPDH2,0.11787819253438114,0.3045186640471513,1.8781925343811394
INA,0.3850687622789784,0.06483300589390963,2.5166994106090375
INCENP,0.47544204322200395,0.0275049115913556,2.8605108055009825
ING1,0.4086444007858546,0.10609037328094302,2.719056974459725
ING2,0.32612966601178783,0.12573673870333987,2.420432220039293
ING3,0.444007858546169,0.07269155206286837,2.7799607072691552
ING4,0.5225933202357563,0.021611001964636542,3.180746561886051
ING5,0.3555992141453831,0.09233791748526522,2.4852652259332024
INHA,0.33988212180746563,0.09037328094302555,2.4557956777996073
INHBA,0.5579567779960707,0.015717092337917484,3.1964636542239684
INHBB,0.47544204322200395,0.009823182711198428,2.9469548133595285
INHBC,0.46954813359528486,0.01768172888015717,2.805500982318271
INHBE,0.46954813359528486,0.01768172888015717,2.805500982318271
INIP,0.5363457760314342,0.03143418467583497,3.005893909626719
INO80B,0.4715127701375246,0.0019646365422396855,2.905697445972495
INO80C,0.29469548133595286,0.18271119842829076,2.3634577603143416
INO80D,0.3654223968565815,0.0825147347740668,2.5108055009823183
INO80E,0.46954813359528486,0.029469548133595286,2.7976424361493124
INPP5A,0.4106090373280943,0.06286836935166994,2.5756385068762278
INPP5B,0.45579567779960706,0.019646365422396856,2.7367387033398822
INPP5D,0.34577603143418467,0.08840864440078586,2.4656188605108054
INPP5E,0.5245579567779961,0.0550098231827112,2.9666011787819255
INPP5J,0.4577603143418468,0.021611001964636542,2.850687622789784
INPP5K,0.3889980353634578,0.09430255402750491,2.56188605108055
INPPL1,0.4793713163064833,0.09823182711198428,3.2318271119842827
INS,0.37328094302554027,0.10805500982318271,2.524557956777996
INSC,0.39096267190569745,0.0825147347740668,2.599214145383104
INSIG1,0.4204322200392927,0.10805500982318271,2.644400785854617
INSIG2,0.4774066797642436,0.009823182711198428,2.943025540275049
INSL3,0.4361493123772102,0.05108055009823183,2.6895874263261295
INSM1,0.5324165029469549,0.043222003929273084,3.1218074656188604
INSR,0.3889980353634578,0.08644400785854617,2.5108055009823183
INSRR,0.5383104125736738,0.005893909626719057,2.9646365422396856
INTS1,0.5677799607072691,0.0137524557956778,3.257367387033399
INTS10,0.28094302554027506,0.23772102161100198,2.2888015717092336
INTS11,0.4361493123772102,0.043222003929273084,2.68565815324165
INTS12,0.36738703339882123,0.05893909626719057,2.522593320235756
INTS13,0.5049115913555993,0.023575638506876228,3.1218074656188604
INTS2,0.481335952848723,0.015717092337917484,2.864440078585462
INTS3,0.5383104125736738,0.007858546168958742,2.9449901768172886
INTS4,0.4204322200392927,0.1237721021611002,2.862475442043222
INTS5,0.481335952848723,0.03143418467583497,2.8781925343811396
INTS6,0.3241650294695481,0.17092337917485265,2.3948919449901767
INTS7,0.5461689587426326,0.007858546168958742,2.988212180746562
INTS8,0.7347740667976425,0.003929273084479371,3.856581532416503
INTS9,0.29469548133595286,0.22396856581532418,2.3084479371316307
INTU,0.3654223968565815,0.060903732809430254,2.524557956777996
INVS,0.5245579567779961,0.03143418467583497,2.9921414538310414
IP6K1,0.11787819253438114,0.3045186640471513,1.8781925343811394
IP6K2,0.11787819253438114,0.3005893909626719,1.882121807465619
IP6K3,0.44793713163064836,0.05108055009823183,2.7721021611001966
IPCEF1,0.4086444007858546,0.03732809430255403,2.656188605108055
IPMK,0.3988212180746562,0.043222003929273084,2.6051080550098233
IPO11,0.26719056974459726,0.12180746561886051,2.326129666011788
IPO13,0.4538310412573674,0.0137524557956778,2.7701375245579567
IPO4,0.45579567779960706,0.05893909626719057,2.8880157170923377
IPO5,0.3889980353634578,0.12180746561886051,2.612966601178782
IPO7,0.37721021611001965,0.09430255402750491,2.538310412573674
IPO8,0.5108055009823183,0.019646365422396856,3.192534381139489
IPO9,0.5422396856581533,0.007858546168958742,2.980353634577603
IPP,0.4518664047151277,0.015717092337917484,2.75049115913556
IPPK,0.5206286836935167,0.03929273084479371,2.9764243614931236
IQCB1,0.6444007858546169,0.005893909626719057,3.5166994106090375
IQCE,0.5717092337917485,0.011787819253438114,3.2848722986247543
IQGAP1,0.444007858546169,0.04911591355599214,2.7367387033398822
IQGAP2,0.2632612966601179,0.1237721021611002,2.298624754420432
IQGAP3,0.5363457760314342,0.005893909626719057,2.9410609037328093
IQSEC1,0.14734774066797643,0.2691552062868369,1.9744597249508842
IRAK1,0.21414538310412573,0.35363457760314343,1.9980353634577603
IRAK2,0.15520628683693516,0.26719056974459726,1.9783889980353635
IRAK3,0.48919449901768175,0.007858546168958742,3.106090373280943
IREB2,0.4263261296660118,0.06483300589390963,2.6601178781925343
IRF1,0.28487229862475444,0.10412573673870335,2.3595284872298623
IRF2,0.32220039292730845,0.12770137524557956,2.398821218074656
IRF2BP1,0.4636542239685658,0.03732809430255403,2.701375245579568
IRF2BP2,0.5461689587426326,0.007858546168958742,3.031434184675835
IRF2BPL,0.4931237721021611,0.03536345776031434,3.0373280943025542
IRF3,0.4656188605108055,0.03143418467583497,2.7229862475442044
IRF4,0.43418467583497056,0.060903732809430254,2.732809430255403
IRF5,0.42829076620825146,0.09037328094302555,2.7033398821218073
IRF6,0.5422396856581533,0.007858546168958742,2.9901768172888015
IRF7,0.37524557956778,0.10805500982318271,2.5393700787401574
IRF8,0.44204322200392926,0.07072691552062868,2.7072691552062866
IRF9,0.45579567779960706,0.05893909626719057,2.8880157170923377
IRGM,0.3005893909626719,0.09233791748526522,2.388998035363458
IRS1,0.343811394891945,0.08644400785854617,2.4675834970530452
IRS2,0.4106090373280943,0.10609037328094302,2.6915520628683693
IRS4,0.18467583497053044,0.3850687622789784,1.931237721021611
IRX1,0.650294695481336,0.009823182711198428,3.642436149312377
IRX5,0.4577603143418468,0.07269155206286837,2.760314341846758
ISCA1,0.5029469548133595,0.04911591355599214,2.9332023575638506
ISCA2,0.4950884086444008,0.03536345776031434,3.0471512770137523
ISCU,0.45579567779960706,0.015717092337917484,2.74852652259332
ISG20,0.44204322200392926,0.04911591355599214,2.730844793713163
ISG20L2,0.5363457760314342,0.005893909626719057,2.93713163064833
ISL1,0.31237721021611004,0.09823182711198428,2.4970530451866404
ISL2,0.4165029469548134,0.06483300589390963,2.644400785854617
ISLR,0.41453831041257366,0.06286836935166994,2.6404715127701377
IST1,0.4675834970530452,0.060903732809430254,2.7681728880157173
ISX,0.4538310412573674,0.0275049115913556,2.8290766208251474
ISY1,0.6640471512770137,0.005893909626719057,3.587426326129666
ISYNA1,0.4381139489194499,0.04911591355599214,2.6948818897637796
ITGA1,0.2966601178781925,0.09823182711198428,2.4341846758349703
ITGA10,0.5284872298624754,0.009823182711198428,2.931237721021611
ITGA11,0.41453831041257366,0.06286836935166994,2.650294695481336
ITGA2,0.2966601178781925,0.09823182711198428,2.4282907662082516
ITGA2B,0.4538310412573674,0.01768172888015717,2.7956777996070725
ITGA3,0.4656188605108055,0.011787819253438114,2.831041257367387
ITGA4,0.46954813359528486,0.01768172888015717,2.8742632612966603
ITGA5,0.4656188605108055,0.015717092337917484,2.75049115913556
ITGA6,0.4715127701375246,0.0137524557956778,2.9646365422396856
ITGA7,0.4656188605108055,0.015717092337917484,2.7662082514734774
ITGA8,0.3614931237721022,0.10805500982318271,2.506876227897839
ITGA9,0.12966601178781925,0.2888015717092338,1.9115913555992141
ITGAD,0.46954813359528486,0.0275049115913556,2.7956777996070725
ITGAE,0.3850687622789784,0.09233791748526522,2.5540275049115913
ITGAL,0.4656188605108055,0.0275049115913556,2.791748526522593
ITGAM,0.46954813359528486,0.0275049115913556,2.7956777996070725
ITGAV,0.449901768172888,0.03143418467583497,2.834970530451866
ITGAX,0.46954813359528486,0.0275049115913556,2.7956777996070725
ITGB1,0.3791748526522593,0.09037328094302555,2.587426326129666
ITGB1BP1,0.45579567779960706,0.021611001964636542,2.825147347740668
ITGB1BP2,0.16110019646365423,0.4086444007858546,1.8722986247544204
ITGB2,0.3104125736738703,0.09823182711198428,2.398821218074656
ITGB3,0.4636542239685658,0.011787819253438114,2.817288801571709
ITGB3BP,0.4263261296660118,0.029469548133595286,2.6777996070726915
ITGB4,0.4950884086444008,0.0275049115913556,2.9017681728880156
ITGB5,0.6542239685658153,0.005893909626719057,3.550098231827112
ITGB6,0.44793713163064836,0.019646365422396856,2.7838899803536346
ITGB7,0.46168958742632615,0.019646365422396856,2.744597249508841
ITGB8,0.5736738703339882,0.015717092337917484,3.243614931237721
ITIH2,0.3693516699410609,0.10412573673870335,2.518664047151277
ITIH3,0.11787819253438114,0.30648330058939094,1.8762278978388998
ITIH4,0.11787819253438114,0.30648330058939094,1.8762278978388998
ITK,0.3005893909626719,0.09233791748526522,2.392927308447937
ITLN1,0.5402750491159135,0.005893909626719057,2.9764243614931236
ITLN2,0.5402750491159135,0.005893909626719057,2.9764243614931236
ITPA,0.5324165029469549,0.04911591355599214,3.043222003929273
ITPK1,0.48722986247544203,0.0550098231827112,3.0
ITPKC,0.4577603143418468,0.03929273084479371,2.7210216110019645
ITPR1,0.16306483300589392,0.26522593320235754,2.005893909626719
ITPR2,0.5029469548133595,0.023575638506876228,3.1119842829076623
ITPR3,0.44793713163064836,0.05108055009823183,2.7721021611001966
ITSN1,0.3418467583497053,0.07465618860510806,2.487229862475442
ITSN2,0.4715127701375246,0.011787819253438114,2.864440078585462
IVD,0.39096267190569745,0.07858546168958742,2.5893909626719056
IVL,0.5363457760314342,0.007858546168958742,2.950884086444008
IVNS1ABP,0.5383104125736738,0.007858546168958742,2.9646365422396856
IWS1,0.449901768172888,0.011787819253438114,2.8015717092337917
IZUMO1,0.46168958742632615,0.03339882121807466,2.699410609037328
JADE1,0.3654223968565815,0.060903732809430254,2.5324165029469548
JADE2,0.2907662082514735,0.09823182711198428,2.37524557956778
JADE3,0.12966601178781925,0.5009823182711198,1.776031434184676
JAG1,0.5343811394891945,0.04911591355599214,3.2161100196463654
JAG2,0.48919449901768175,0.05304518664047151,3.0275049115913557
JAK1,0.4223968565815324,0.0275049115913556,2.6836935166994107
JAK2,0.37328094302554027,0.17092337917485265,3.0157170923379173
JAK3,0.4361493123772102,0.05108055009823183,2.6895874263261295
JAM2,0.3143418467583497,0.09037328094302555,2.412573673870334
JAM3,0.30648330058939094,0.1807465618860511,2.318271119842829
JAML,0.3025540275049116,0.1925343811394892,2.337917485265226
JARID2,0.4400785854616896,0.06286836935166994,2.75049115913556
JAZF1,0.5677799607072691,0.01768172888015717,3.2298624754420433
JCHAIN,0.4106090373280943,0.047151277013752456,2.6836935166994107
JDP2,0.4911591355599214,0.03732809430255403,3.0333988212180745
JMJD1C,0.40078585461689586,0.04518664047151277,2.6365422396856584
JMY,0.2593320235756385,0.1237721021611002,2.2927308447937134
JPH2,0.5402750491159135,0.025540275049115914,3.1277013752455796
JPT1,0.4931237721021611,0.0275049115913556,2.8860510805500983
JPT2,0.46168958742632615,0.03929273084479371,2.7406679764243616
JSRP1,0.36345776031434185,0.11198428290766209,2.4400785854616895
JUN,0.4361493123772102,0.0275049115913556,2.7229862475442044
JUNB,0.43418467583497056,0.04911591355599214,2.675834970530452
JUND,0.4361493123772102,0.04911591355599214,2.6915520628683693
JUP,0.44597249508840864,0.019646365422396856,2.791748526522593
KALRN,0.650294695481336,0.005893909626719057,3.5324165029469548
KANK1,0.3693516699410609,0.17485265225933203,2.742632612966601
KANSL1,0.46168958742632615,0.0137524557956778,2.8113948919449903
KANSL2,0.449901768172888,0.019646365422396856,2.7387033398821217
KANSL3,0.47347740667976423,0.007858546168958742,2.9921414538310414
KAT14,0.5304518664047151,0.0412573673870334,3.1159135559921416
KAT2A,0.44597249508840864,0.019646365422396856,2.791748526522593
KAT2B,0.13948919449901767,0.2770137524557957,1.9528487229862475
KAT5,0.5324165029469549,0.0137524557956778,3.0962671905697445
KAT6A,0.41453831041257366,0.14341846758349705,2.8742632612966603
KAT6B,0.3988212180746562,0.05108055009823183,2.583497053045187
KAT7,0.4656188605108055,0.011787819253438114,2.831041257367387
KAT8,0.4715127701375246,0.0275049115913556,2.8035363457760316
KATNA1,0.4027504911591356,0.0412573673870334,2.644400785854617
KATNAL1,0.29862475442043224,0.16110019646365423,2.3359528487229864
KATNAL2,0.27897838899803534,0.20039292730844793,2.3398821218074657
KATNB1,0.45579567779960706,0.06679764243614932,2.764243614931238
KATNBL1,0.3968565815324165,0.068762278978389,2.6168958742632613
KAZN,0.4204322200392927,0.04911591355599214,2.6365422396856584
KBTBD13,0.4106090373280943,0.06286836935166994,2.6483300589390963
KCNA1,0.5265225933202358,0.019646365422396856,3.2534381139489192
KCNA10,0.3477406679764244,0.07072691552062868,2.479371316306483
KCNA2,0.3477406679764244,0.07269155206286837,2.477406679764244
KCNA3,0.3477406679764244,0.07269155206286837,2.477406679764244
KCNA4,0.412573673870334,0.08644400785854617,2.6227897838899805
KCNA5,0.5265225933202358,0.019646365422396856,3.243614931237721
KCNAB1,0.756385068762279,0.0019646365422396855,4.265225933202357
KCNAB2,0.4263261296660118,0.047151277013752456,2.675834970530452
KCNAB3,0.37721021611001965,0.0962671905697446,2.5402750491159134
KCNB1,0.5343811394891945,0.023575638506876228,3.1021611001964637
KCNB2,0.7053045186640472,0.003929273084479371,3.8605108055009825
KCNC1,0.38703339882121807,0.08840864440078586,2.5776031434184676
KCNC2,0.44597249508840864,0.023575638506876228,2.7072691552062866
KCNC3,0.4656188605108055,0.03143418467583497,2.7229862475442044
KCNC4,0.34970530451866405,0.068762278978389,2.4833005893909625
KCND2,0.444007858546169,0.07269155206286837,2.776031434184676
KCND3,0.3418467583497053,0.08447937131630648,2.4577603143418467
KCNE1,0.3379174852652259,0.07662082514734773,2.475442043222004
KCNE2,0.3379174852652259,0.07662082514734773,2.475442043222004
KCNE3,0.43222003929273084,0.11787819253438114,2.8742632612966603
KCNE4,0.33988212180746563,0.0962671905697446,2.4459724950884087
KCNE5,0.18467583497053044,0.38703339882121807,1.9292730844793713
KCNF1,0.4538310412573674,0.023575638506876228,2.821218074656189
KCNG1,0.5363457760314342,0.023575638506876228,3.1080550098231825
KCNG2,0.22396856581532418,0.25147347740667975,2.1159135559921416
KCNG3,0.4774066797642436,0.011787819253438114,2.8840864440078584
KCNG4,0.444007858546169,0.07072691552062868,2.713163064833006
KCNH1,0.5442043222003929,0.007858546168958742,2.9901768172888015
KCNH2,0.41453831041257366,0.1100196463654224,2.6404715127701377
KCNH3,0.4538310412573674,0.019646365422396856,2.732809430255403
KCNH5,0.4950884086444008,0.03339882121807466,3.06090373280943
KCNIP1,0.29469548133595286,0.10216110019646366,2.37524557956778
KCNIP2,0.38703339882121807,0.068762278978389,2.5147347740667976
KCNIP3,0.47347740667976423,0.007858546168958742,2.907662082514735
KCNIP4,0.3104125736738703,0.14145383104125736,2.400785854616896
KCNJ1,0.30648330058939094,0.18271119842829076,2.3280943025540277
KCNJ11,0.3889980353634578,0.08644400785854617,2.583497053045187
KCNJ12,0.3988212180746562,0.08840864440078586,2.607072691552063
KCNJ15,0.32023575638506874,0.09037328094302555,2.406679764243615
KCNJ2,0.48919449901768175,0.023575638506876228,2.880157170923379
KCNJ3,0.449901768172888,0.015717092337917484,2.7681728880157173
KCNJ4,0.45579567779960706,0.023575638506876228,2.8408644400785854
KCNJ5,0.30648330058939094,0.1807465618860511,2.330058939096267
KCNJ6,0.32023575638506874,0.08840864440078586,2.4106090373280944
KCNJ8,0.5147347740667977,0.023575638506876228,3.2023575638506876
KCNJ9,0.5383104125736738,0.005893909626719057,2.980353634577603
KCNK3,0.47347740667976423,0.007858546168958742,2.8703339882121806
KCNK5,0.4538310412573674,0.043222003929273084,2.8113948919449903
KCNK9,0.7740667976424361,0.0019646365422396855,4.082514734774067
KCNMA1,0.3988212180746562,0.05304518664047151,2.5756385068762278
KCNMB1,0.29469548133595286,0.10216110019646366,2.37328094302554
KCNMB2,0.7838899803536346,0.0,4.697445972495088
KCNMB4,0.4911591355599214,0.011787819253438114,3.0550098231827114
KCNN1,0.4361493123772102,0.05108055009823183,2.6836935166994107
KCNN2,0.2829076620825147,0.1100196463654224,2.3516699410609037
KCNN3,0.5402750491159135,0.005893909626719057,2.9489194499017684
KCNQ1,0.37328094302554027,0.10805500982318271,2.522593320235756
KCNQ2,0.5422396856581533,0.021611001964636542,3.1100196463654224
KCNQ3,0.7779960707269156,0.003929273084479371,4.159135559921414
KCNQ4,0.45579567779960706,0.01768172888015717,2.7701375245579567
KCNQ5,0.4243614931237721,0.0412573673870334,2.681728880157171
KCNRG,0.3143418467583497,0.17485265225933203,2.3772102161100195
KCNS2,0.7445972495088409,0.0019646365422396855,3.93713163064833
KCNS3,0.4656188605108055,0.01768172888015717,2.8546168958742633
KCNV1,0.762278978388998,0.003929273084479371,4.056974459724951
KCNV2,0.3654223968565815,0.17092337917485265,2.7662082514734774
KCTD1,0.35952848722986247,0.14145383104125736,2.699410609037328
KCTD10,0.4538310412573674,0.0137524557956778,2.75049115913556
KCTD13,0.46954813359528486,0.029469548133595286,2.7976424361493124
KCTD15,0.4636542239685658,0.03536345776031434,2.7779960707269153
KCTD3,0.5461689587426326,0.007858546168958742,2.9901768172888015
KCTD5,0.4656188605108055,0.03929273084479371,2.74852652259332
KCTD6,0.11984282907662082,0.30648330058939094,1.880157170923379
KCTD7,0.5049115913555993,0.019646365422396856,2.974459724950884
KDELR1,0.46168958742632615,0.03339882121807466,2.699410609037328
KDELR2,0.5756385068762279,0.009823182711198428,3.2927308447937134
KDELR3,0.45579567779960706,0.023575638506876228,2.8408644400785854
KDM1A,0.4204322200392927,0.04518664047151277,2.6227897838899805
KDM1B,0.4381139489194499,0.0550098231827112,2.7583497053045187
KDM2A,0.5599214145383105,0.021611001964636542,3.269155206286837
KDM2B,0.46168958742632615,0.0137524557956778,2.762278978388998
KDM3A,0.46954813359528486,0.005893909626719057,2.9037328094302555
KDM4A,0.45579567779960706,0.015717092337917484,2.774066797642436
KDM4B,0.3850687622789784,0.09430255402750491,2.4970530451866404
KDM4C,0.37524557956778,0.17485265225933203,2.9410609037328093
KDM5A,0.5284872298624754,0.023575638506876228,3.2593320235756384
KDM5B,0.5442043222003929,0.007858546168958742,2.982318271119843
KDM6A,0.12573673870333987,0.518664047151277,1.6895874263261297
KDM6B,0.37721021611001965,0.0962671905697446,2.5402750491159134
KDM8,0.46168958742632615,0.029469548133595286,2.8015717092337917
KDR,0.4165029469548134,0.04911591355599214,2.7072691552062866
KEAP1,0.4204322200392927,0.05893909626719057,2.6463654223968565
KEL,0.4263261296660118,0.10805500982318271,2.6640471512770136
KERA,0.4518664047151277,0.021611001964636542,2.7229862475442044
KHDRBS1,0.4361493123772102,0.03536345776031434,2.673870333988212
KHDRBS2,0.49705304518664045,0.019646365422396856,2.9194499017681728
KHDRBS3,0.7779960707269156,0.0019646365422396855,4.149312377210216
KHK,0.47347740667976423,0.007858546168958742,2.8703339882121806
KHSRP,0.38703339882121807,0.09233791748526522,2.5088408644400784
KIAA0319,0.43418467583497056,0.060903732809430254,2.7288801571709236
KIAA0319L,0.4518664047151277,0.021611001964636542,2.7151277013752457
KIAA0513,0.44204322200392926,0.07072691552062868,2.7072691552062866
KIAA1549,0.42829076620825146,0.10216110019646366,2.6895874263261295
KIAA1549L,0.4302554027504912,0.07662082514734773,2.7701375245579567
KIAA2013,0.4243614931237721,0.04518664047151277,2.654223968565815
KIDINS220,0.4538310412573674,0.023575638506876228,2.8231827111984282
KIF11,0.3850687622789784,0.07072691552062868,2.520628683693517
KIF13A,0.4381139489194499,0.0550098231827112,2.756385068762279
KIF13B,0.2966601178781925,0.2220039292730845,2.3222003929273085
KIF14,0.5422396856581533,0.007858546168958742,2.986247544204322
KIF15,0.12573673870333987,0.2907662082514735,1.9056974459724951
KIF16B,0.5284872298624754,0.04518664047151277,3.1139489194499017
KIF17,0.4223968565815324,0.0412573673870334,2.6365422396856584
KIF18A,0.4066797642436149,0.08840864440078586,2.6149312377210214
KIF18B,0.4577603143418468,0.01768172888015717,2.799607072691552
KIF19,0.49705304518664045,0.023575638506876228,2.899803536345776
KIF1A,0.35363457760314343,0.09430255402750491,2.4852652259332024
KIF1B,0.4263261296660118,0.04518664047151277,2.656188605108055
KIF1C,0.3850687622789784,0.0962671905697446,2.56188605108055
KIF20A,0.29862475442043224,0.08644400785854617,2.392927308447937
KIF20B,0.3850687622789784,0.068762278978389,2.522593320235756
KIF21A,0.4518664047151277,0.025540275049115914,2.7721021611001966
KIF21B,0.5442043222003929,0.007858546168958742,2.986247544204322
KIF22,0.46954813359528486,0.029469548133595286,2.7976424361493124
KIF23,0.41453831041257366,0.06286836935166994,2.6463654223968565
KIF26A,0.48722986247544203,0.05304518664047151,3.017681728880157
KIF26B,0.5540275049115914,0.015717092337917484,3.0392927308447937
KIF27,0.4950884086444008,0.05304518664047151,2.905697445972495
KIF2A,0.26719056974459726,0.12180746561886051,2.326129666011788
KIF2B,0.47347740667976423,0.019646365422396856,2.8585461689587426
KIF2C,0.4518664047151277,0.0137524557956778,2.75049115913556
KIF3A,0.2868369351669941,0.10216110019646366,2.361493123772102
KIF3B,0.5893909626719057,0.007858546168958742,3.37328094302554
KIF3C,0.4715127701375246,0.009823182711198428,2.8664047151277012
KIF4A,0.15913555992141454,0.4066797642436149,1.8703339882121808
KIF4B,0.29862475442043224,0.09233791748526522,2.3909626719056973
KIF5A,0.46954813359528486,0.01768172888015717,2.805500982318271
KIF5B,0.3713163064833006,0.09037328094302555,2.536345776031434
KIF5C,0.44793713163064836,0.01768172888015717,2.7681728880157173
KIF6,0.4538310412573674,0.043222003929273084,2.8133595284872297
KIF7,0.444007858546169,0.05108055009823183,2.730844793713163
KIFAP3,0.5343811394891945,0.007858546168958742,2.9489194499017684
KIFC1,0.44793713163064836,0.05304518664047151,2.7701375245579567
KIFC2,0.7701375245579568,0.0019646365422396855,4.041257367387034
KIFC3,0.4577603143418468,0.06679764243614932,2.7681728880157173
KIN,0.3693516699410609,0.10412573673870335,2.518664047151277
KIR2DL1,0.4793713163064833,0.03143418467583497,2.776031434184676
KIR2DL3,0.4793713163064833,0.03143418467583497,2.776031434184676
KIR2DL4,0.4793713163064833,0.03143418467583497,2.7721021611001966
KIR3DL1,0.4793713163064833,0.03143418467583497,2.7721021611001966
KIR3DL2,0.4793713163064833,0.03143418467583497,2.7721021611001966
KIR3DL3,0.4793713163064833,0.03143418467583497,2.776031434184676
KIRREL1,0.5363457760314342,0.005893909626719057,2.982318271119843
KIRREL2,0.46954813359528486,0.03732809430255403,2.7721021611001966
KIRREL3,0.3104125736738703,0.1787819253438114,2.341846758349705
KISS1,0.5442043222003929,0.005893909626719057,2.986247544204322
KISS1R,0.3575638506876228,0.11787819253438114,2.418467583497053
KIT,0.4165029469548134,0.05108055009823183,2.7033398821218073
KIZ,0.5304518664047151,0.0412573673870334,3.1335952848722988
KL,0.28487229862475444,0.17092337917485265,2.31434184675835
KLB,0.32612966601178783,0.12180746561886051,2.4518664047151275
KLC1,0.48722986247544203,0.0550098231827112,2.9960707269155207
KLC2,0.550098231827112,0.01768172888015717,3.1728880157170924
KLC3,0.4656188605108055,0.03732809430255403,2.705304518664047
KLC4,0.4636542239685658,0.03929273084479371,2.8722986247544204
KLF1,0.43418467583497056,0.04911591355599214,2.675834970530452
KLF15,0.6522593320235757,0.005893909626719057,3.5599214145383105
KLF2,0.444007858546169,0.04518664047151277,2.7092337917485265
KLF4,0.5402750491159135,0.029469548133595286,3.0589390962671907
KLF5,0.38703339882121807,0.12573673870333987,2.986247544204322
KLF6,0.35952848722986247,0.10609037328094302,2.495088408644401
KLF7,0.35952848722986247,0.0825147347740668,2.4970530451866404
KLHDC2,0.48526522593320237,0.03732809430255403,3.0216110019646365
KLHDC3,0.4636542239685658,0.03929273084479371,2.8722986247544204
KLHL10,0.44597249508840864,0.019646365422396856,2.791748526522593
KLHL11,0.44597249508840864,0.019646365422396856,2.791748526522593
KLHL2,0.33988212180746563,0.0962671905697446,2.432220039292731
KLHL20,0.5363457760314342,0.007858546168958742,2.956777996070727
KLHL21,0.4263261296660118,0.04518664047151277,2.6777996070726915
KLHL22,0.481335952848723,0.023575638506876228,3.131630648330059
KLHL24,0.7858546168958742,0.0,4.616895874263261
KLHL25,0.43222003929273084,0.05697445972495088,2.699410609037328
KLHL3,0.29862475442043224,0.09037328094302555,2.388998035363458
KLHL41,0.45972495088408644,0.015717092337917484,2.8290766208251474
KLHL5,0.3280943025540275,0.1237721021611002,2.4597249508840866
KLHL9,0.3182711198428291,0.22789783889980353,2.4282907662082516
KLK1,0.4656188605108055,0.03143418467583497,2.7269155206286837
KLK12,0.4675834970530452,0.03143418467583497,2.730844793713163
KLK13,0.4675834970530452,0.03143418467583497,2.730844793713163
KLK14,0.4675834970530452,0.03143418467583497,2.730844793713163
KLK3,0.4656188605108055,0.03143418467583497,2.7269155206286837
KLK4,0.4656188605108055,0.03143418467583497,2.7269155206286837
KLK5,0.4656188605108055,0.03143418467583497,2.7269155206286837
KLK6,0.4656188605108055,0.03143418467583497,2.7269155206286837
KLK7,0.4675834970530452,0.03143418467583497,2.730844793713163
KLK8,0.4675834970530452,0.03143418467583497,2.730844793713163
KLKB1,0.3182711198428291,0.14145383104125736,2.3654223968565815
KLRB1,0.518664047151277,0.029469548133595286,3.151277013752456
KLRC1,0.518664047151277,0.03339882121807466,3.1453831041257367
KLRC2,0.518664047151277,0.03339882121807466,3.1453831041257367
KLRC4,0.518664047151277,0.03339882121807466,3.1453831041257367
KLRD1,0.518664047151277,0.03339882121807466,3.1453831041257367
KLRF2,0.518664047151277,0.03339882121807466,3.1473477406679766
KLRG1,0.518664047151277,0.025540275049115914,3.1571709233791747
KMO,0.5422396856581533,0.009823182711198428,3.0098231827111985
KMT2A,0.3025540275049116,0.1925343811394892,2.3398821218074657
KMT2B,0.4715127701375246,0.03536345776031434,2.821218074656189
KMT2C,0.4165029469548134,0.11198428290766209,2.6404715127701377
KMT2D,0.44597249508840864,0.025540275049115914,2.7111984282907664
KMT2E,0.518664047151277,0.023575638506876228,3.0962671905697445
KMT5A,0.4636542239685658,0.0137524557956778,2.781925343811395
KMT5B,0.5402750491159135,0.03339882121807466,3.239685658153242
KNL1,0.39096267190569745,0.08055009823182711,2.587426326129666
KNTC1,0.46168958742632615,0.0137524557956778,2.760314341846758
KPNA1,0.6444007858546169,0.005893909626719057,3.522593320235756
KPNA2,0.48919449901768175,0.019646365422396856,2.8762278978388998
KPNA3,0.3143418467583497,0.17681728880157171,2.37524557956778
KPNA4,0.7603143418467584,0.0019646365422396855,4.2907662082514735
KPNA5,0.4243614931237721,0.0412573673870334,2.6719056974459723
KPNA6,0.4361493123772102,0.03536345776031434,2.673870333988212
KPNA7,0.5324165029469549,0.0137524557956778,3.2298624754420433
KPNB1,0.4636542239685658,0.011787819253438114,2.8153241650294696
KPRP,0.5363457760314342,0.007858546168958742,2.950884086444008
KPTN,0.46168958742632615,0.03536345776031434,2.6935166994106092
KRAS,0.5068762278978389,0.021611001964636542,3.2475442043222005
KRIT1,0.5166994106090373,0.021611001964636542,3.3025540275049114
KRR1,0.44204322200392926,0.0275049115913556,2.6954813359528487
KRT1,0.4577603143418468,0.021611001964636542,2.7347740667976423
KRT10,0.44793713163064836,0.01768172888015717,2.821218074656189
KRT12,0.44793713163064836,0.01768172888015717,2.821218074656189
KRT13,0.44793713163064836,0.01768172888015717,2.8035363457760316
KRT14,0.44793713163064836,0.01768172888015717,2.7956777996070725
KRT15,0.44793713163064836,0.01768172888015717,2.8035363457760316
KRT16,0.449901768172888,0.01768172888015717,2.7976424361493124
KRT17,0.449901768172888,0.01768172888015717,2.7976424361493124
KRT18,0.45972495088408644,0.021611001964636542,2.7387033398821217
KRT19,0.44793713163064836,0.01768172888015717,2.7956777996070725
KRT2,0.4577603143418468,0.021611001964636542,2.7347740667976423
KRT20,0.44793713163064836,0.01768172888015717,2.821218074656189
KRT23,0.44793713163064836,0.01768172888015717,2.821218074656189
KRT24,0.44793713163064836,0.01768172888015717,2.821218074656189
KRT25,0.44793713163064836,0.01768172888015717,2.821218074656189
KRT26,0.44793713163064836,0.01768172888015717,2.821218074656189
KRT27,0.44793713163064836,0.01768172888015717,2.821218074656189
KRT28,0.44793713163064836,0.01768172888015717,2.821218074656189
KRT3,0.4577603143418468,0.021611001964636542,2.7347740667976423
KRT31,0.44793713163064836,0.01768172888015717,2.8035363457760316
KRT32,0.44793713163064836,0.01768172888015717,2.8035363457760316
KRT33A,0.44793713163064836,0.01768172888015717,2.8035363457760316
KRT33B,0.44793713163064836,0.01768172888015717,2.8035363457760316
KRT34,0.44793713163064836,0.01768172888015717,2.8035363457760316
KRT37,0.44793713163064836,0.01768172888015717,2.8035363457760316
KRT38,0.44793713163064836,0.01768172888015717,2.8035363457760316
KRT39,0.44793713163064836,0.01768172888015717,2.821218074656189
KRT4,0.4577603143418468,0.021611001964636542,2.7347740667976423
KRT40,0.44793713163064836,0.01768172888015717,2.821218074656189
KRT5,0.4577603143418468,0.021611001964636542,2.7347740667976423
KRT6A,0.4577603143418468,0.021611001964636542,2.7347740667976423
KRT6B,0.4577603143418468,0.021611001964636542,2.7347740667976423
KRT6C,0.4577603143418468,0.021611001964636542,2.7347740667976423
KRT7,0.45579567779960706,0.021611001964636542,2.730844793713163
KRT71,0.4577603143418468,0.021611001964636542,2.7347740667976423
KRT72,0.4577603143418468,0.021611001964636542,2.7347740667976423
KRT73,0.4577603143418468,0.021611001964636542,2.7347740667976423
KRT74,0.4577603143418468,0.021611001964636542,2.7347740667976423
KRT75,0.4577603143418468,0.021611001964636542,2.7347740667976423
KRT76,0.4577603143418468,0.021611001964636542,2.7347740667976423
KRT78,0.4577603143418468,0.021611001964636542,2.7347740667976423
KRT79,0.4577603143418468,0.021611001964636542,2.7347740667976423
KRT8,0.45972495088408644,0.021611001964636542,2.7367387033398822
KRT80,0.45579567779960706,0.019646365422396856,2.732809430255403
KRT81,0.4577603143418468,0.021611001964636542,2.7347740667976423
KRT83,0.4577603143418468,0.021611001964636542,2.7347740667976423
KRT85,0.45579567779960706,0.021611001964636542,2.732809430255403
KRT86,0.4577603143418468,0.021611001964636542,2.7347740667976423
KRT9,0.44793713163064836,0.01768172888015717,2.7956777996070725
KSR1,0.43418467583497056,0.021611001964636542,2.7799607072691552
KTN1,0.48722986247544203,0.03732809430255403,3.031434184675835
KYAT1,0.5422396856581533,0.03732809430255403,3.005893909626719
KYNU,0.44597249508840864,0.01768172888015717,2.774066797642436
L1CAM,0.21414538310412573,0.35363457760314343,1.9980353634577603
L2HGDH,0.48722986247544203,0.03732809430255403,3.017681728880157
L3MBTL1,0.5402750491159135,0.0275049115913556,3.1139489194499017
L3MBTL2,0.45579567779960706,0.023575638506876228,2.831041257367387
LACRT,0.4675834970530452,0.015717092337917484,2.7544204322200394
LAIR1,0.4774066797642436,0.029469548133595286,2.7662082514734774
LALBA,0.449901768172888,0.021611001964636542,2.7347740667976423
LAMA1,0.5068762278978389,0.03929273084479371,3.135559921414538
LAMA2,0.44204322200392926,0.03929273084479371,2.7033398821218073
LAMA3,0.4165029469548134,0.09430255402750491,2.7544204322200394
LAMA4,0.4223968565815324,0.043222003929273084,2.658153241650295
LAMA5,0.5383104125736738,0.019646365422396856,3.119842829076621
LAMB1,0.5108055009823183,0.029469548133595286,3.076620825147348
LAMB2,0.11787819253438114,0.3045186640471513,1.8781925343811394
LAMB3,0.5422396856581533,0.007858546168958742,2.9921414538310414
LAMC1,0.5383104125736738,0.007858546168958742,2.956777996070727
LAMC2,0.5383104125736738,0.007858546168958742,2.9587426326129664
LAMC3,0.5402750491159135,0.03929273084479371,3.017681728880157
LAMP1,0.412573673870334,0.10805500982318271,2.742632612966601
LAMP2,0.18664047151277013,0.3831041257367387,1.9430255402750491
LAMTOR1,0.4793713163064833,0.09823182711198428,3.343811394891945
LAMTOR2,0.5363457760314342,0.005893909626719057,2.9410609037328093
LAMTOR3,0.3654223968565815,0.060903732809430254,2.5147347740667976
LAMTOR5,0.3477406679764244,0.07072691552062868,2.479371316306483
LAP3,0.32023575638506874,0.14341846758349705,2.406679764243615
LAPTM5,0.4263261296660118,0.03929273084479371,2.6483300589390963
LARGE1,0.449901768172888,0.023575638506876228,2.8271119842829076
LARGE2,0.4263261296660118,0.06483300589390963,2.774066797642436
LARP6,0.41453831041257366,0.060903732809430254,2.6483300589390963
LARP7,0.3713163064833006,0.05304518664047151,2.5402750491159134
LAS1L,0.15520628683693516,0.4165029469548134,1.850687622789784
LASP1,0.44793713163064836,0.015717092337917484,2.817288801571709
LAT,0.46954813359528486,0.025540275049115914,2.805500982318271
LAT2,0.4774066797642436,0.025540275049115914,2.9194499017681728
LATS1,0.4027504911591356,0.0412573673870334,2.644400785854617
LATS2,0.2829076620825147,0.1787819253438114,2.2927308447937134
LAYN,0.2966601178781925,0.19646365422396855,2.286836935166994
LBP,0.5579567779960707,0.019646365422396856,3.1964636542239684
LBR,0.5461689587426326,0.009823182711198428,3.0039292730844793
LCA5,0.412573673870334,0.0412573673870334,2.654223968565815
LCAT,0.4675834970530452,0.060903732809430254,2.762278978388998
LCE1A,0.5363457760314342,0.007858546168958742,2.950884086444008
LCE1B,0.5363457760314342,0.007858546168958742,2.950884086444008
LCE1C,0.5363457760314342,0.007858546168958742,2.950884086444008
LCE1D,0.5363457760314342,0.007858546168958742,2.950884086444008
LCE1E,0.5363457760314342,0.007858546168958742,2.950884086444008
LCE1F,0.5363457760314342,0.007858546168958742,2.950884086444008
LCE2A,0.5363457760314342,0.007858546168958742,2.950884086444008
LCE2B,0.5363457760314342,0.007858546168958742,2.950884086444008
LCE2C,0.5383104125736738,0.005893909626719057,2.954813359528487
LCE2D,0.5363457760314342,0.005893909626719057,2.950884086444008
LCE3A,0.5383104125736738,0.005893909626719057,2.9528487229862477
LCE3B,0.5383104125736738,0.005893909626719057,2.9528487229862477
LCE3C,0.5383104125736738,0.005893909626719057,2.9528487229862477
LCE3D,0.5383104125736738,0.005893909626719057,2.9528487229862477
LCE4A,0.5363457760314342,0.007858546168958742,2.950884086444008
LCE5A,0.5383104125736738,0.005893909626719057,2.9528487229862477
LCK,0.4361493123772102,0.03536345776031434,2.669941060903733
LCLAT1,0.4774066797642436,0.007858546168958742,2.8781925343811396
LCN1,0.5343811394891945,0.043222003929273084,2.9921414538310414
LCN2,0.5422396856581533,0.03536345776031434,3.0078585461689586
LCORL,0.32023575638506874,0.14341846758349705,2.406679764243615
LCP1,0.29862475442043224,0.17288801571709234,2.355599214145383
LCP2,0.29469548133595286,0.10216110019646366,2.37328094302554
LCT,0.449901768172888,0.019646365422396856,2.7524557956777995
LDB1,0.3850687622789784,0.06679764243614932,2.5147347740667976
LDB2,0.3182711198428291,0.14341846758349705,2.4086444007858545
LDB3,0.381139489194499,0.06483300589390963,2.5166994106090375
LDHAL6A,0.39096267190569745,0.08840864440078586,2.583497053045187
LDHAL6B,0.4027504911591356,0.06679764243614932,2.62671905697446
LDHB,0.5147347740667977,0.023575638506876228,3.2023575638506876
LDHC,0.39096267190569745,0.08840864440078586,2.583497053045187
LDHD,0.4656188605108055,0.060903732809430254,2.7583497053045187
LDLR,0.42829076620825146,0.05304518664047151,2.656188605108055
LDLRAP1,0.41846758349705304,0.04518664047151277,2.62475442043222
LEF1,0.36738703339882123,0.0550098231827112,2.5284872298624754
LEFTY1,0.5442043222003929,0.007858546168958742,3.0
LEFTY2,0.5442043222003929,0.007858546168958742,3.0
LEMD2,0.44793713163064836,0.05108055009823183,2.7662082514734774
LEMD3,0.48526522593320237,0.007858546168958742,3.074656188605108
LEO1,0.412573673870334,0.07072691552062868,2.644400785854617
LEP,0.4263261296660118,0.09233791748526522,2.699410609037328
LEPR,0.4204322200392927,0.0275049115913556,2.667976424361493
LEPROT,0.4204322200392927,0.0275049115913556,2.669941060903733
LETM1,0.3143418467583497,0.14341846758349705,2.404715127701375
LFNG,0.5717092337917485,0.011787819253438114,3.2848722986247543
LGALS1,0.4518664047151277,0.025540275049115914,2.8133595284872297
LGALS3,0.48722986247544203,0.03732809430255403,3.0157170923379173
LGALS3BP,0.481335952848723,0.03732809430255403,2.856581532416503
LGALS4,0.4675834970530452,0.03732809430255403,2.7956777996070725
LGALS7,0.4675834970530452,0.03732809430255403,2.7956777996070725
LGALS7B,0.4675834970530452,0.03732809430255403,2.7956777996070725
LGALS8,0.5461689587426326,0.007858546168958742,3.0412573673870336
LGALS9,0.43418467583497056,0.021611001964636542,2.7799607072691552
LGI1,0.3850687622789784,0.07072691552062868,2.518664047151277
LGI3,0.28094302554027506,0.24361493123772102,2.257367387033399
LGMN,0.48919449901768175,0.0550098231827112,3.0098231827111985
LGR4,0.4027504911591356,0.08840864440078586,2.62671905697446
LGR5,0.47544204322200395,0.0137524557956778,2.970530451866405
LHCGR,0.4774066797642436,0.005893909626719057,2.9096267190569747
LHFPL5,0.4518664047151277,0.047151277013752456,2.776031434184676
LHPP,0.4066797642436149,0.05893909626719057,2.5776031434184676
LHX1,0.44204322200392926,0.019646365422396856,2.793713163064833
LHX2,0.550098231827112,0.03536345776031434,3.025540275049116
LHX3,0.5304518664047151,0.047151277013752456,2.982318271119843
LHX4,0.5363457760314342,0.007858546168958742,2.9489194499017684
LHX6,0.550098231827112,0.03929273084479371,3.013752455795678
LHX8,0.4027504911591356,0.03536345776031434,2.618860510805501
LHX9,0.5422396856581533,0.007858546168958742,2.9842829076620827
LIF,0.4636542239685658,0.023575638506876228,2.862475442043222
LIFR,0.6031434184675835,0.003929273084479371,3.552062868369352
LIG1,0.46168958742632615,0.03339882121807466,2.6974459724950886
LIG3,0.4400785854616896,0.021611001964636542,2.819253438113949
LIG4,0.40471512770137524,0.1100196463654224,2.673870333988212
LILRA1,0.4793713163064833,0.03143418467583497,2.7681728880157173
LILRA4,0.47544204322200395,0.03143418467583497,2.7662082514734774
LILRB1,0.4793713163064833,0.03143418467583497,2.7681728880157173
LILRB2,0.47544204322200395,0.03143418467583497,2.7662082514734774
LILRB3,0.47544204322200395,0.03143418467583497,2.7662082514734774
LILRB4,0.4793713163064833,0.03143418467583497,2.7681728880157173
LIMA1,0.45579567779960706,0.019646365422396856,2.732809430255403
LIMD1,0.1237721021611002,0.29469548133595286,1.8978388998035363
LIMK1,0.4774066797642436,0.025540275049115914,2.9214145383104126
LIMK2,0.4577603143418468,0.021611001964636542,2.850687622789784
LIMS1,0.47347740667976423,0.009823182711198428,2.8919449901768175
LIMS2,0.4518664047151277,0.011787819253438114,2.805500982318271
LIMS3,0.47544204322200395,0.011787819253438114,2.893909626719057
LIN28A,0.41846758349705304,0.043222003929273084,2.62671905697446
LIN28B,0.41846758349705304,0.0412573673870334,2.713163064833006
LIN37,0.4715127701375246,0.03536345776031434,2.821218074656189
LIN52,0.4950884086444008,0.03732809430255403,3.045186640471513
LIN54,0.37721021611001965,0.06679764243614932,2.552062868369352
LIN7A,0.44597249508840864,0.019646365422396856,2.7111984282907664
LIN7B,0.4636542239685658,0.03339882121807466,2.713163064833006
LIN7C,0.4027504911591356,0.08840864440078586,2.611001964636542
LIN9,0.5442043222003929,0.007858546168958742,3.0078585461689586
LINGO1,0.4223968565815324,0.06483300589390963,2.6463654223968565
LIPC,0.40471512770137524,0.06679764243614932,2.6286836935166993
LIPE,0.45972495088408644,0.03732809430255403,2.6954813359528487
LIPG,0.26522593320235754,0.2043222003929273,2.267190569744597
LIPH,0.7838899803536346,0.0,4.504911591355599
LIPT1,0.46954813359528486,0.015717092337917484,2.8762278978388998
LLGL1,0.3968565815324165,0.08644400785854617,2.607072691552063
LLGL2,0.4950884086444008,0.025540275049115914,2.9037328094302555
LMAN1,0.22396856581532418,0.2357563850687623,2.1237721021611002
LMAN2,0.3005893909626719,0.10019646365422397,2.387033398821218
LMAN2L,0.47347740667976423,0.007858546168958742,3.00196463654224
LMBR1,0.41846758349705304,0.1100196463654224,2.642436149312377
LMBR1L,0.44597249508840864,0.025540275049115914,2.7111984282907664
LMCD1,0.15717092337917485,0.26522593320235754,2.0
LMF1,0.46168958742632615,0.0412573673870334,2.7387033398821217
LMF2,0.4400785854616896,0.04518664047151277,2.8015717092337917
LMNA,0.5363457760314342,0.005893909626719057,2.9410609037328093
LMNB1,0.28487229862475444,0.10216110019646366,2.361493123772102
LMNB2,0.36345776031434185,0.11198428290766209,2.4400785854616895
LMO1,0.37524557956778,0.09430255402750491,2.538310412573674
LMO2,0.4361493123772102,0.07662082514734773,2.791748526522593
LMO4,0.3968565815324165,0.03929273084479371,2.607072691552063
LMO7,0.37721021611001965,0.137524557956778,2.6090373280943027
LMOD1,0.5422396856581533,0.007858546168958742,2.980353634577603
LMTK2,0.5225933202357563,0.01768172888015717,3.2141453831041256
LMX1A,0.5383104125736738,0.007858546168958742,2.988212180746562
LMX1B,0.5422396856581533,0.03536345776031434,3.0078585461689586
LNPEP,0.27111984282907664,0.12573673870333987,2.3104125736738705
LNPK,0.4774066797642436,0.0137524557956778,3.0333988212180745
LNX1,0.41846758349705304,0.05304518664047151,2.719056974459725
LONP1,0.39096267190569745,0.0962671905697446,2.5265225933202355
LONP2,0.45579567779960706,0.07072691552062868,2.7799607072691552
LOX,0.27897838899803534,0.10609037328094302,2.349705304518664
LOXL1,0.41453831041257366,0.060903732809430254,2.644400785854617
LOXL2,0.28094302554027506,0.24361493123772102,2.257367387033399
LOXL3,0.4715127701375246,0.0019646365422396855,2.905697445972495
LOXL4,0.3831041257367387,0.068762278978389,2.5108055009823183
LPA,0.4066797642436149,0.03929273084479371,2.650294695481336
LPAR1,0.5363457760314342,0.03143418467583497,3.011787819253438
LPAR2,0.4400785854616896,0.05108055009823183,2.6895874263261295
LPAR3,0.40078585461689586,0.043222003929273084,2.607072691552063
LPAR4,0.16110019646365423,0.40471512770137524,1.8840864440078586
LPAR6,0.30844793713163066,0.1787819253438114,2.361493123772102
LPCAT1,0.6365422396856582,0.011787819253438114,3.62475442043222
LPCAT2,0.4577603143418468,0.07269155206286837,2.760314341846758
LPCAT3,0.5225933202357563,0.019646365422396856,3.182711198428291
LPCAT4,0.3968565815324165,0.068762278978389,2.612966601178782
LPGAT1,0.5461689587426326,0.007858546168958742,2.988212180746562
LPIN1,0.4538310412573674,0.021611001964636542,2.8231827111984282
LPIN2,0.5245579567779961,0.03536345776031434,3.3772102161100195
LPIN3,0.5402750491159135,0.023575638506876228,3.1100196463654224
LPXN,0.46954813359528486,0.023575638506876228,2.8840864440078584
LRAT,0.3280943025540275,0.09823182711198428,2.432220039292731
LRCH3,0.7838899803536346,0.0,4.369351669941061
LRCH4,0.5284872298624754,0.015717092337917484,3.192534381139489
LRFN1,0.4675834970530452,0.03732809430255403,2.834970530451866
LRFN3,0.46954813359528486,0.03732809430255403,2.7721021611001966
LRFN4,0.5618860510805501,0.01768172888015717,3.2337917485265226
LRG1,0.3850687622789784,0.0962671905697446,2.4970530451866404
LRIG1,0.12180746561886051,0.3045186640471513,1.8840864440078586
LRIG3,0.46954813359528486,0.01768172888015717,2.821218074656189
LRP1,0.4675834970530452,0.01768172888015717,2.8015717092337917
LRP10,0.45972495088408644,0.05108055009823183,2.899803536345776
LRP12,0.756385068762279,0.0019646365422396855,4.00392927308448
LRP2BP,0.3163064833005894,0.13359528487229863,2.387033398821218
LRP5,0.5363457760314342,0.03339882121807466,3.2534381139489192
LRP6,0.5068762278978389,0.029469548133595286,3.1080550098231825
LRP8,0.4361493123772102,0.021611001964636542,2.705304518664047
LRPPRC,0.4774066797642436,0.007858546168958742,2.9096267190569747
LRRC4,0.42829076620825146,0.09233791748526522,2.705304518664047
LRRC49,0.41453831041257366,0.060903732809430254,2.6483300589390963
LRRC4B,0.4656188605108055,0.03143418467583497,2.7229862475442044
LRRC4C,0.4204322200392927,0.068762278978389,2.7662082514734774
LRRC8A,0.5422396856581533,0.03929273084479371,3.0039292730844793
LRRC8B,0.39096267190569745,0.043222003929273084,2.5972495088408643
LRRC8C,0.39096267190569745,0.043222003929273084,2.5972495088408643
LRRC8D,0.39096267190569745,0.043222003929273084,2.5972495088408643
LRRC8E,0.3968565815324165,0.08055009823182711,2.5422396856581533
LRRFIP1,0.35363457760314343,0.09430255402750491,2.479371316306483
LRRK2,0.4518664047151277,0.025540275049115914,2.7662082514734774
LRRTM1,0.46168958742632615,0.005893909626719057,2.93713163064833
LRRTM2,0.2966601178781925,0.08644400785854617,2.387033398821218
LRRTM4,0.46954813359528486,0.003929273084479371,2.899803536345776
LRSAM1,0.5402750491159135,0.03536345776031434,3.0039292730844793
LRWD1,0.518664047151277,0.021611001964636542,3.1277013752455796
LSAMP,0.6404715127701375,0.009823182711198428,3.504911591355599
LSG1,0.7760314341846758,0.0,4.363457760314342
LSM1,0.4223968565815324,0.14734774066797643,3.06090373280943
LSM10,0.4538310412573674,0.019646365422396856,2.7210216110019645
LSM11,0.3005893909626719,0.09233791748526522,2.3909626719056973
LSM14A,0.4656188605108055,0.03536345776031434,2.75049115913556
LSM14B,0.5363457760314342,0.019646365422396856,3.117878192534381
LSM2,0.4518664047151277,0.04911591355599214,2.8015717092337917
LSM3,0.14734774066797643,0.2691552062868369,1.9862475442043221
LSM4,0.4361493123772102,0.04911591355599214,2.6915520628683693
LSM5,0.5638506876227898,0.015717092337917484,3.2141453831041256
LSM6,0.3575638506876228,0.07858546168958742,2.506876227897839
LSM7,0.36345776031434185,0.11198428290766209,2.4400785854616895
LSM8,0.45579567779960706,0.06286836935166994,2.799607072691552
LSP1,0.37524557956778,0.10805500982318271,2.5284872298624754
LSR,0.46954813359528486,0.03536345776031434,2.805500982318271
LSS,0.31237721021611004,0.10216110019646366,2.400785854616896
LTA,0.4518664047151277,0.04911591355599214,2.8035363457760316
LTA4H,0.449901768172888,0.019646365422396856,2.75049115913556
LTB4R,0.45579567779960706,0.05893909626719057,2.8880157170923377
LTB4R2,0.45579567779960706,0.05893909626719057,2.8880157170923377
LTBP1,0.481335952848723,0.007858546168958742,2.8860510805500983
LTBP3,0.5245579567779961,0.015717092337917484,3.0530451866404715
LTBP4,0.45972495088408644,0.03929273084479371,2.742632612966601
LTBR,0.5206286836935167,0.021611001964636542,3.194499017681729
LTC4S,0.3025540275049116,0.09430255402750491,2.4027504911591357
LTF,0.1237721021611002,0.29469548133595286,1.8958742632612966
LTV1,0.41453831041257366,0.0412573673870334,2.6797642436149314
LUC7L,0.4636542239685658,0.043222003929273084,2.7387033398821217
LUC7L3,0.46168958742632615,0.011787819253438114,2.8271119842829076
LUM,0.4538310412573674,0.021611001964636542,2.724950884086444
LURAP1,0.4518664047151277,0.0137524557956778,2.742632612966601
LUZP4,0.18467583497053044,0.3850687622789784,1.931237721021611
LY6D,0.7701375245579568,0.0019646365422396855,4.066797642436149
LY6E,0.7701375245579568,0.0019646365422396855,4.066797642436149
LY6G6C,0.4518664047151277,0.04911591355599214,2.8015717092337917
LY6H,0.7701375245579568,0.0019646365422396855,4.0648330058939095
LY86,0.4381139489194499,0.06483300589390963,2.7799607072691552
LY9,0.5383104125736738,0.005893909626719057,2.980353634577603
LY96,0.7072691552062869,0.003929273084479371,3.8664047151277012
LYAR,0.30844793713163066,0.15324165029469547,2.392927308447937
LYL1,0.4361493123772102,0.047151277013752456,2.6935166994106092
LYN,0.6836935166994106,0.007858546168958742,3.675834970530452
LYPD1,0.4400785854616896,0.029469548133595286,2.7387033398821217
LYPD3,0.45972495088408644,0.03732809430255403,2.6954813359528487
LYPD4,0.4577603143418468,0.03732809430255403,2.6895874263261295
LYPD5,0.4636542239685658,0.03732809430255403,2.730844793713163
LYPLA1,0.6817288801571709,0.009823182711198428,3.705304518664047
LYPLA2,0.41846758349705304,0.04518664047151277,2.62475442043222
LYRM2,0.41453831041257366,0.043222003929273084,2.6719056974459723
LYRM4,0.43418467583497056,0.06483300589390963,2.7288801571709236
LYST,0.5461689587426326,0.007858546168958742,3.0353634577603144
LYVE1,0.381139489194499,0.09233791748526522,2.5599214145383105
LYZ,0.4911591355599214,0.007858546168958742,3.420432220039293
LZTS2,0.38703339882121807,0.068762278978389,2.512770137524558
LZTS3,0.5324165029469549,0.04911591355599214,3.043222003929273
M6PR,0.518664047151277,0.025540275049115914,3.1571709233791747
MAB21L1,0.2868369351669941,0.1787819253438114,2.298624754420432
MACF1,0.45972495088408644,0.015717092337917484,2.7721021611001966
MACROD1,0.4911591355599214,0.0275049115913556,2.9842829076620827
MAD1L1,0.5697445972495089,0.011787819253438114,3.2711198428290764
MAD2L1,0.3693516699410609,0.0550098231827112,2.5343811394891946
MAD2L1BP,0.4675834970530452,0.03929273084479371,2.856581532416503
MAD2L2,0.4243614931237721,0.04518664047151277,2.654223968565815
MADCAM1,0.3575638506876228,0.11787819253438114,2.418467583497053
MADD,0.41846758349705304,0.06483300589390963,2.6935166994106092
MAEA,0.3143418467583497,0.14538310412573674,2.416502946954813
MAEL,0.5363457760314342,0.007858546168958742,3.0
MAF,0.45579567779960706,0.068762278978389,2.7406679764243616
MAF1,0.7701375245579568,0.0019646365422396855,4.037328094302554
MAFA,0.7701375245579568,0.0019646365422396855,4.051080550098232
MAFB,0.5422396856581533,0.025540275049115914,3.1139489194499017
MAFF,0.4577603143418468,0.023575638506876228,2.8428290766208253
MAFG,0.4675834970530452,0.04911591355599214,2.8153241650294696
MAFK,0.5677799607072691,0.0137524557956778,3.267190569744597
MAG,0.4715127701375246,0.03536345776031434,2.807465618860511
MAGEA1,0.21414538310412573,0.35363457760314343,1.9980353634577603
MAGED1,0.12966601178781925,0.5029469548133595,1.7170923379174852
MAGEH1,0.14145383104125736,0.47347740667976423,1.7838899803536346
MAGI1,0.11984282907662082,0.3025540275049116,1.8840864440078586
MAGI2,0.48722986247544203,0.025540275049115914,2.968565815324165
MAGI3,0.3418467583497053,0.0962671905697446,2.4459724950884087
MAGOH,0.4361493123772102,0.021611001964636542,2.705304518664047
MAGOHB,0.518664047151277,0.03339882121807466,3.1453831041257367
MAGT1,0.15913555992141454,0.4066797642436149,1.8781925343811394
MAIP1,0.41846758349705304,0.03929273084479371,2.7662082514734774
MAK16,0.3418467583497053,0.20039292730844793,2.5579567779960706
MAL,0.47347740667976423,0.007858546168958742,2.9155206286836934
MAL2,0.7760314341846758,0.0019646365422396855,4.1080550098231825
MALSU1,0.5736738703339882,0.015717092337917484,3.239685658153242
MAML1,0.3025540275049116,0.09430255402750491,2.4027504911591357
MAML2,0.3379174852652259,0.17485265225933203,2.4852652259332024
MAML3,0.36738703339882123,0.07072691552062868,2.5324165029469548
MAN1A1,0.4302554027504912,0.03732809430255403,2.68762278978389
MAN1A2,0.3575638506876228,0.09037328094302555,2.5540275049115913
MAN1B1,0.5284872298624754,0.05108055009823183,2.9783889980353635
MAN1C1,0.41846758349705304,0.04518664047151277,2.62475442043222
MAN2A1,0.2770137524557957,0.11394891944990176,2.3280943025540277
MAN2A2,0.444007858546169,0.04911591355599214,2.7367387033398822
MAN2B1,0.4302554027504912,0.04911591355599214,2.6483300589390963
MANEA,0.4165029469548134,0.04518664047151277,2.6660117878192535
MAOA,0.12180746561886051,0.5206286836935167,1.6817288801571708
MAOB,0.12180746561886051,0.5206286836935167,1.6817288801571708
MAP1A,0.3988212180746562,0.08055009823182711,2.6051080550098233
MAP1B,0.2632612966601179,0.11787819253438114,2.3045186640471513
MAP1LC3A,0.587426326129666,0.007858546168958742,3.4243614931237722
MAP1LC3B,0.4381139489194499,0.07269155206286837,2.699410609037328
MAP1LC3B2,0.4636542239685658,0.0137524557956778,2.7799607072691552
MAP1LC3C,0.5461689587426326,0.007858546168958742,3.017681728880157
MAP1S,0.4381139489194499,0.05108055009823183,2.6915520628683693
MAP2,0.3614931237721022,0.08447937131630648,2.5029469548133596
MAP2K1,0.412573673870334,0.06286836935166994,2.650294695481336
MAP2K2,0.38703339882121807,0.0962671905697446,2.4990176817288803
MAP2K3,0.3988212180746562,0.08840864440078586,2.6051080550098233
MAP2K4,0.3850687622789784,0.09430255402750491,2.5893909626719056
MAP2K5,0.412573673870334,0.060903732809430254,2.650294695481336
MAP2K6,0.4911591355599214,0.021611001964636542,2.8840864440078584
MAP2K7,0.3948919449901768,0.08055009823182711,2.5402750491159134
MAP3K1,0.2770137524557957,0.11198428290766209,2.4027504911591357
MAP3K10,0.4656188605108055,0.03929273084479371,2.8015717092337917
MAP3K11,0.5284872298624754,0.0137524557956778,3.072691552062868
MAP3K12,0.46168958742632615,0.01768172888015717,2.742632612966601
MAP3K13,0.7838899803536346,0.0,4.510805500982318
MAP3K14,0.4577603143418468,0.01768172888015717,2.799607072691552
MAP3K2,0.449901768172888,0.011787819253438114,2.8015717092337917
MAP3K20,0.4715127701375246,0.0137524557956778,2.974459724950884
MAP3K3,0.48722986247544203,0.015717092337917484,2.8762278978388998
MAP3K4,0.40471512770137524,0.03929273084479371,2.6522593320235757
MAP3K5,0.4243614931237721,0.03732809430255403,2.7111984282907664
MAP3K7,0.41453831041257366,0.043222003929273084,2.6640471512770136
MAP3K8,0.3614931237721022,0.09430255402750491,2.522593320235756
MAP4K2,0.49901768172888017,0.021611001964636542,2.986247544204322
MAP4K4,0.46954813359528486,0.011787819253438114,2.880157170923379
MAP4K5,0.48722986247544203,0.03732809430255403,3.029469548133595
MAP9,0.3320235756385069,0.10019646365422397,2.43811394891945
MAPK1,0.4715127701375246,0.021611001964636542,2.956777996070727
MAPK10,0.3713163064833006,0.06679764243614932,2.5402750491159134
MAPK11,0.44204322200392926,0.043222003929273084,2.807465618860511
MAPK12,0.44204322200392926,0.043222003929273084,2.807465618860511
MAPK13,0.449901768172888,0.047151277013752456,2.7721021611001966
MAPK14,0.449901768172888,0.047151277013752456,2.7721021611001966
MAPK15,0.7701375245579568,0.0019646365422396855,4.037328094302554
MAPK3,0.46954813359528486,0.029469548133595286,2.7976424361493124
MAPK4,0.25147347740667975,0.2180746561886051,2.192534381139489
MAPK6,0.412573673870334,0.07072691552062868,2.644400785854617
MAPK7,0.4027504911591356,0.0825147347740668,2.6149312377210214
MAPK8,0.40078585461689586,0.05108055009823183,2.595284872298625
MAPK8IP1,0.4263261296660118,0.06483300589390963,2.774066797642436
MAPK8IP2,0.4381139489194499,0.04518664047151277,2.7992125984251968
MAPK8IP3,0.46168958742632615,0.03929273084479371,2.7406679764243616
MAPK9,0.3025540275049116,0.09430255402750491,2.4086444007858545
MAPKAP1,0.5481335952848723,0.03536345776031434,3.0235756385068764
MAPKAPK2,0.5442043222003929,0.005893909626719057,2.9901768172888015
MAPKAPK3,0.11787819253438114,0.30648330058939094,1.8762278978388998
MAPKAPK5,0.45579567779960706,0.015717092337917484,2.7406679764243616
MAPRE1,0.587426326129666,0.005893909626719057,3.369351669941061
MAPRE2,0.29273084479371314,0.18664047151277013,2.3477406679764243
MAPRE3,0.47347740667976423,0.007858546168958742,2.8703339882121806
MAPT,0.46168958742632615,0.015717092337917484,2.807465618860511
MARCKS,0.4204322200392927,0.043222003929273084,2.654223968565815
MARCO,0.4774066797642436,0.009823182711198428,2.93909626719057
MARK2,0.48919449901768175,0.025540275049115914,2.9783889980353635
MARK3,0.48722986247544203,0.0550098231827112,2.9960707269155207
MARK4,0.4656188605108055,0.03732809430255403,2.705304518664047
MARS2,0.43222003929273084,0.03143418467583497,2.805500982318271
MAS1,0.4066797642436149,0.0412573673870334,2.6483300589390963
MASP1,0.7897838899803536,0.0,4.487229862475442
MASP2,0.4243614931237721,0.047151277013752456,2.654223968565815
MAST2,0.4518664047151277,0.015717092337917484,2.75049115913556
MASTL,0.3713163064833006,0.09037328094302555,2.5481335952848725
MAT1A,0.40078585461689586,0.05893909626719057,2.579567779960707
MAT2A,0.4715127701375246,0.005893909626719057,2.9194499017681728
MAT2B,0.3005893909626719,0.0962671905697446,2.3850687622789786
MATK,0.3791748526522593,0.09823182711198428,2.487229862475442
MATN1,0.4243614931237721,0.03929273084479371,2.642436149312377
MATN3,0.4675834970530452,0.01768172888015717,2.8585461689587426
MATN4,0.5383104125736738,0.025540275049115914,3.1159135559921416
MATR3,0.2966601178781925,0.08644400785854617,2.387033398821218
MAU2,0.4400785854616896,0.05304518664047151,2.68762278978389
MAVS,0.5304518664047151,0.04911591355599214,3.0392927308447937
MAX,0.4931237721021611,0.03536345776031434,3.0471512770137523
MBD1,0.25147347740667975,0.21021611001964635,2.2023575638506876
MBD2,0.24361493123772102,0.22789783889980353,2.163064833005894
MBD3,0.3575638506876228,0.11394891944990176,2.4223968565815324
MBD3L1,0.4165029469548134,0.07072691552062868,2.6051080550098233
MBD4,0.6640471512770137,0.005893909626719057,3.587426326129666
MBD5,0.44793713163064836,0.019646365422396856,2.7662082514734774
MBD6,0.46954813359528486,0.01768172888015717,2.805500982318271
MBIP,0.481335952848723,0.043222003929273084,3.0785854616895874
MBL2,0.40078585461689586,0.043222003929273084,2.630648330058939
MBNL1,0.75049115913556,0.003929273084479371,4.255402750491159
MBNL2,0.3889980353634578,0.11984282907662082,2.6149312377210214
MBOAT1,0.4361493123772102,0.05893909626719057,2.7406679764243616
MBOAT2,0.45579567779960706,0.021611001964636542,2.825147347740668
MBOAT7,0.47544204322200395,0.03143418467583497,2.7662082514734774
MBP,0.2220039292730845,0.25147347740667975,2.1119842829076623
MBTD1,0.46168958742632615,0.0137524557956778,2.825147347740668
MBTPS1,0.444007858546169,0.07072691552062868,2.713163064833006
MBTPS2,0.12966601178781925,0.5009823182711198,1.7151277013752455
MC1R,0.4381139489194499,0.06679764243614932,2.713163064833006
MC2R,0.48526522593320237,0.03929273084479371,3.043222003929273
MC3R,0.5402750491159135,0.021611001964636542,3.1237721021611002
MC4R,0.22789783889980353,0.2357563850687623,2.1394891944990175
MC5R,0.48526522593320237,0.03929273084479371,3.043222003929273
MCAM,0.3025540275049116,0.1905697445972495,2.3084479371316307
MCAT,0.44597249508840864,0.029469548133595286,2.799607072691552
MCC,0.28094302554027506,0.1100196463654224,2.3398821218074657
MCCC1,0.787819253438114,0.0,4.695481335952849
MCCC2,0.2593320235756385,0.11984282907662082,2.2927308447937134
MCEE,0.47347740667976423,0.0019646365422396855,2.8978388998035363
MCEMP1,0.3929273084479371,0.0825147347740668,2.5265225933202355
MCF2,0.206286836935167,0.37524557956778,1.9646365422396856
MCF2L,0.41453831041257366,0.10609037328094302,2.762278978388998
MCFD2,0.47544204322200395,0.007858546168958742,2.895874263261297
MCIDAS,0.2868369351669941,0.10412573673870335,2.420432220039293
MCL1,0.5402750491159135,0.007858546168958742,2.9901768172888015
MCM10,0.3654223968565815,0.10609037328094302,2.5147347740667976
MCM2,0.656188605108055,0.005893909626719057,3.5756385068762278
MCM3,0.4774066797642436,0.043222003929273084,2.905697445972495
MCM3AP,0.31237721021611004,0.10216110019646366,2.400785854616896
MCM4,0.6797642436149313,0.011787819253438114,3.9292730844793713
MCM5,0.4538310412573674,0.0275049115913556,2.825147347740668
MCM6,0.449901768172888,0.019646365422396856,2.7524557956777995
MCM7,0.5284872298624754,0.0137524557956778,3.194499017681729
MCM8,0.5343811394891945,0.04911591355599214,3.0805500982318272
MCMBP,0.40471512770137524,0.05893909626719057,2.567779960707269
MCPH1,0.27897838899803534,0.25343811394891946,2.243614931237721
MCRS1,0.4538310412573674,0.019646365422396856,2.732809430255403
MCTS1,0.18860510805500982,0.3831041257367387,1.9449901768172888
MCU,0.3929273084479371,0.05108055009823183,2.569744597249509
MCUB,0.37328094302554027,0.05304518664047151,2.536345776031434
MCUR1,0.4400785854616896,0.06483300589390963,2.7583497053045187
MDC1,0.449901768172888,0.04911591355599214,2.7976424361493124
MDGA1,0.4518664047151277,0.043222003929273084,2.7799607072691552
MDH1,0.47347740667976423,0.0,2.9351669941060905
MDH2,0.481335952848723,0.0275049115913556,2.9332023575638506
MDK,0.4223968565815324,0.06483300589390963,2.7544204322200394
MDM2,0.48722986247544203,0.009823182711198428,3.1866404715127703
MDM4,0.5442043222003929,0.005893909626719057,2.986247544204322
MDN1,0.41453831041257366,0.043222003929273084,2.6719056974459723
ME1,0.4086444007858546,0.0412573673870334,2.669941060903733
ME2,0.24950884086444008,0.22789783889980353,2.1709233791748526
MEA1,0.4636542239685658,0.03929273084479371,2.8722986247544204
MEAF6,0.45579567779960706,0.019646365422396856,2.7367387033398822
MECP2,0.21414538310412573,0.35363457760314343,1.9980353634577603
MECR,0.42829076620825146,0.03732809430255403,2.6483300589390963
MED1,0.4518664047151277,0.015717092337917484,2.8585461689587426
MED10,0.6247544204322201,0.011787819253438114,3.550098231827112
MED11,0.3850687622789784,0.09233791748526522,2.552062868369352
MED12,0.16110019646365423,0.4086444007858546,1.8722986247544204
MED12L,0.7465618860510805,0.003929273084479371,4.245579567779961
MED13,0.481335952848723,0.015717092337917484,2.864440078585462
MED13L,0.4636542239685658,0.0137524557956778,2.8113948919449903
MED14,0.11984282907662082,0.518664047151277,1.6797642436149312
MED15,0.48330058939096265,0.023575638506876228,3.135559921414538
MED16,0.3575638506876228,0.11787819253438114,2.418467583497053
MED17,0.343811394891945,0.17288801571709234,2.5461689587426326
MED18,0.4263261296660118,0.03929273084479371,2.642436149312377
MED19,0.4774066797642436,0.01768172888015717,2.880157170923379
MED20,0.45972495088408644,0.03929273084479371,2.8742632612966603
MED21,0.5049115913555993,0.023575638506876228,3.1218074656188604
MED22,0.5343811394891945,0.03929273084479371,3.013752455795678
MED23,0.44204322200392926,0.03929273084479371,2.7111984282907664
MED24,0.44793713163064836,0.01768172888015717,2.850687622789784
MED25,0.4656188605108055,0.03143418467583497,2.7229862475442044
MED26,0.44204322200392926,0.047151277013752456,2.6974459724950886
MED27,0.5363457760314342,0.03929273084479371,3.025540275049116
MED28,0.32023575638506874,0.14341846758349705,2.406679764243615
MED29,0.4675834970530452,0.03732809430255403,2.834970530451866
MED30,0.7779960707269156,0.0019646365422396855,4.141453831041257
MED31,0.381139489194499,0.0962671905697446,2.5442043222003927
MED4,0.30648330058939094,0.17681728880157171,2.3654223968565815
MED6,0.48722986247544203,0.03536345776031434,3.0098231827111985
MED7,0.3005893909626719,0.09233791748526522,2.392927308447937
MED8,0.4577603143418468,0.0137524557956778,2.7779960707269153
MED9,0.3948919449901768,0.08840864440078586,2.6031434184675835
MEF2A,0.45579567779960706,0.04518664047151277,2.821218074656189
MEF2C,0.2593320235756385,0.13359528487229863,2.2789783889980355
MEF2D,0.5363457760314342,0.005893909626719057,2.9410609037328093
MEFV,0.4656188605108055,0.03732809430255403,2.7524557956777995
MEGF10,0.2888015717092338,0.10216110019646366,2.3654223968565815
MEIG1,0.3654223968565815,0.10805500982318271,2.512770137524558
MEIS1,0.4774066797642436,0.0019646365422396855,2.9214145383104126
MEIS2,0.3850687622789784,0.07269155206286837,2.5893909626719056
MEIS3,0.46168958742632615,0.03536345776031434,2.6935166994106092
MELK,0.3948919449901768,0.1512770137524558,2.819253438113949
MELTF,0.7819253438113949,0.0,4.37524557956778
MEMO1,0.47347740667976423,0.007858546168958742,2.8742632612966603
MEP1A,0.47347740667976423,0.04518664047151277,2.8899803536345776
MEP1B,0.3163064833005894,0.1650294695481336,2.420432220039293
MEPE,0.381139489194499,0.060903732809430254,2.5717092337917484
MERTK,0.47347740667976423,0.011787819253438114,2.8762278978388998
MESP2,0.444007858546169,0.05108055009823183,2.7347740667976423
MET,0.45972495088408644,0.060903732809430254,2.819253438113949
METAP1,0.36738703339882123,0.06286836935166994,2.5147347740667976
METAP1D,0.4675834970530452,0.0137524557956778,2.913555992141454
METAP2,0.449901768172888,0.019646365422396856,2.724950884086444
METTL1,0.4675834970530452,0.01768172888015717,2.807465618860511
METTL14,0.37328094302554027,0.0550098231827112,2.5402750491159134
METTL3,0.46168958742632615,0.05108055009823183,2.9174852652259333
MEX3B,0.43418467583497056,0.05893909626719057,2.68565815324165
MEX3C,0.24950884086444008,0.22986247544204322,2.168958742632613
MFAP1,0.3988212180746562,0.07858546168958742,2.607072691552063
MFAP2,0.4204322200392927,0.047151277013752456,2.6326129666011786
MFAP3,0.3005893909626719,0.09233791748526522,2.392927308447937
MFAP4,0.4027504911591356,0.0825147347740668,2.6149312377210214
MFAP5,0.518664047151277,0.025540275049115914,3.1473477406679766
MFF,0.3418467583497053,0.08644400785854617,2.4675834970530452
MFGE8,0.4400785854616896,0.05304518664047151,2.7210216110019645
MFN1,0.7858546168958742,0.0,4.722986247544204
MFN2,0.4243614931237721,0.04518664047151277,2.654223968565815
MFNG,0.449901768172888,0.025540275049115914,2.8094302554027504
MFSD10,0.31237721021611004,0.14931237721021612,2.4027504911591357
MFSD12,0.3791748526522593,0.09823182711198428,2.493123772102161
MFSD2A,0.46168958742632615,0.015717092337917484,2.7838899803536346
MFSD8,0.3654223968565815,0.060903732809430254,2.524557956777996
MGA,0.3968565815324165,0.0825147347740668,2.593320235756385
MGAM,0.4263261296660118,0.10609037328094302,2.673870333988212
MGAT1,0.3045186640471513,0.0962671905697446,2.4106090373280944
MGAT2,0.48722986247544203,0.03536345776031434,3.025540275049116
MGAT3,0.45579567779960706,0.023575638506876228,2.834970530451866
MGAT4A,0.4715127701375246,0.007858546168958742,2.9017681728880156
MGAT4B,0.3025540275049116,0.09430255402750491,2.4027504911591357
MGAT4C,0.449901768172888,0.01768172888015717,2.7288801571709236
MGAT4D,0.36345776031434185,0.07072691552062868,2.518664047151277
MGAT5,0.45972495088408644,0.019646365422396856,2.7721021611001966
MGAT5B,0.48526522593320237,0.03732809430255403,2.8605108055009825
MGLL,0.656188605108055,0.005893909626719057,3.5756385068762278
MGMT,0.40471512770137524,0.05697445972495088,2.5736738703339883
MGRN1,0.4675834970530452,0.03929273084479371,2.7544204322200394
MGST1,0.5166994106090373,0.025540275049115914,3.092337917485265
MGST2,0.36738703339882123,0.07072691552062868,2.5324165029469548
MGST3,0.5363457760314342,0.007858546168958742,2.986247544204322
MIA3,0.5442043222003929,0.007858546168958742,3.005893909626719
MIB1,0.45579567779960706,0.05304518664047151,2.793713163064833
MIB2,0.4361493123772102,0.043222003929273084,2.68565815324165
MICA,0.449901768172888,0.05304518664047151,2.7897838899803538
MICAL1,0.41846758349705304,0.0412573673870334,2.654223968565815
MICALL1,0.45579567779960706,0.025540275049115914,2.821218074656189
MICALL2,0.5677799607072691,0.0137524557956778,3.257367387033399
MICB,0.4518664047151277,0.04911591355599214,2.8015717092337917
MICOS10,0.4263261296660118,0.043222003929273084,2.6404715127701377
MICOS13,0.39096267190569745,0.0962671905697446,2.5265225933202355
MICU1,0.3929273084479371,0.05108055009823183,2.569744597249509
MICU2,0.27897838899803534,0.1787819253438114,2.2888015717092336
MICU3,0.28094302554027506,0.24361493123772102,2.269155206286837
MID1,0.12573673870333987,0.5029469548133595,1.7072691552062869
MID1IP1,0.12180746561886051,0.518664047151277,1.6856581532416504
MIDN,0.35952848722986247,0.11787819253438114,2.420432220039293
MIEF1,0.45579567779960706,0.023575638506876228,2.834970530451866
MIEF2,0.3968565815324165,0.08644400785854617,2.607072691552063
MIEN1,0.4538310412573674,0.015717092337917484,3.0648330058939095
MIER1,0.4204322200392927,0.029469548133595286,2.656188605108055
MIF,0.4636542239685658,0.021611001964636542,2.882121807465619
MIF4GD,0.4931237721021611,0.0275049115913556,2.8860510805500983
MIGA1,0.3988212180746562,0.03732809430255403,2.612966601178782
MIGA2,0.5402750491159135,0.03929273084479371,3.00196463654224
MINK1,0.3850687622789784,0.0962671905697446,2.5579567779960706
MINPP1,0.381139489194499,0.07072691552062868,2.5088408644400784
MIS12,0.381139489194499,0.09430255402750491,2.5461689587426326
MIS18BP1,0.4931237721021611,0.0412573673870334,3.025540275049116
MITF,0.12966601178781925,0.3025540275049116,1.9390962671905698
MKI67,0.4066797642436149,0.0550098231827112,2.5776031434184676
MKKS,0.5383104125736738,0.04911591355599214,3.2298624754420433
MKLN1,0.4302554027504912,0.09430255402750491,2.6974459724950886
MKNK1,0.449901768172888,0.0137524557956778,2.7406679764243616
MKNK2,0.35952848722986247,0.11198428290766209,2.432220039292731
MKS1,0.46168958742632615,0.023575638506876228,2.8231827111984282
MLANA,0.3713163064833006,0.17681728880157171,3.0707269155206287
MLC1,0.44793713163064836,0.0412573673870334,2.831041257367387
MLEC,0.4675834970530452,0.0137524557956778,2.781925343811395
MLH1,0.12966601178781925,0.2888015717092338,1.9115913555992141
MLH3,0.4931237721021611,0.03536345776031434,3.043222003929273
MLLT1,0.3889980353634578,0.09233791748526522,2.5166994106090375
MLLT10,0.3575638506876228,0.1100196463654224,2.4990176817288803
MLLT3,0.3379174852652259,0.20039292730844793,2.5756385068762278
MLLT6,0.44793713163064836,0.015717092337917484,2.817288801571709
MLNR,0.3104125736738703,0.17681728880157171,2.3673870333988214
MLPH,0.35363457760314343,0.09233791748526522,2.481335952848723
MLST8,0.4636542239685658,0.03929273084479371,2.742632612966601
MLX,0.44793713163064836,0.019646365422396856,2.7976424361493124
MLXIP,0.46168958742632615,0.0137524557956778,2.764243614931238
MLXIPL,0.4793713163064833,0.025540275049115914,2.925343811394892
MLYCD,0.44793713163064836,0.07072691552062868,2.719056974459725
MMAB,0.4538310412573674,0.0137524557956778,2.75049115913556
MMACHC,0.45579567779960706,0.015717092337917484,2.7544204322200394
MMADHC,0.44793713163064836,0.015717092337917484,2.7701375245579567
MMD,0.46954813359528486,0.015717092337917484,2.8605108055009825
MME,0.7524557956777996,0.0019646365422396855,4.278978388998035
MMGT1,0.20235756385068762,0.37721021611001965,1.962671905697446
MMP1,0.3614931237721022,0.17092337917485265,3.4223968565815324
MMP10,0.36345776031434185,0.17092337917485265,3.4400785854616895
MMP11,0.4656188605108055,0.023575638506876228,2.8899803536345776
MMP12,0.35952848722986247,0.17092337917485265,3.412573673870334
MMP13,0.3555992141453831,0.17092337917485265,3.2612966601178783
MMP14,0.45972495088408644,0.05108055009823183,2.899803536345776
MMP15,0.45579567779960706,0.06679764243614932,2.762278978388998
MMP16,0.7269155206286837,0.003929273084479371,3.8546168958742633
MMP17,0.4538310412573674,0.021611001964636542,2.724950884086444
MMP2,0.4577603143418468,0.07072691552062868,2.7662082514734774
MMP20,0.36738703339882123,0.16699410609037327,3.713163064833006
MMP24,0.5795677799607073,0.0137524557956778,3.387033398821218
MMP25,0.4656188605108055,0.03929273084479371,2.75049115913556
MMP3,0.35952848722986247,0.17092337917485265,3.412573673870334
MMP7,0.3713163064833006,0.16699410609037327,3.7956777996070725
MMP8,0.36345776031434185,0.17092337917485265,3.5284872298624754
MMP9,0.5363457760314342,0.023575638506876228,3.1080550098231825
MMRN1,0.3791748526522593,0.06483300589390963,2.567779960707269
MMS19,0.3831041257367387,0.068762278978389,2.5108055009823183
MMS22L,0.4165029469548134,0.04518664047151277,2.656188605108055
MMUT,0.46954813359528486,0.04518664047151277,2.862475442043222
MNAT1,0.4931237721021611,0.03339882121807466,3.0412573673870336
MND1,0.3280943025540275,0.09823182711198428,2.430255402750491
MNDA,0.5402750491159135,0.005893909626719057,2.9783889980353635
MNS1,0.4066797642436149,0.07072691552062868,2.638506876227898
MOAP1,0.48722986247544203,0.0550098231827112,3.00196463654224
MOB1A,0.4715127701375246,0.0019646365422396855,2.905697445972495
MOB1B,0.4106090373280943,0.047151277013752456,2.6915520628683693
MOB2,0.37524557956778,0.10805500982318271,2.538310412573674
MOB4,0.43418467583497056,0.03143418467583497,2.7897838899803538
MOCS2,0.29469548133595286,0.09823182711198428,2.4243614931237722
MOCS3,0.5343811394891945,0.023575638506876228,3.100196463654224
MOG,0.4400785854616896,0.05697445972495088,2.744597249508841
MOGAT3,0.5206286836935167,0.019646365422396856,3.1414538310412574
MOK,0.4911591355599214,0.0550098231827112,2.994106090373281
MON2,0.47544204322200395,0.009823182711198428,2.911591355599214
MORF4L1,0.42829076620825146,0.06286836935166994,2.6660117878192535
MOSPD2,0.1237721021611002,0.5049115913555993,1.6954813359528487
MOV10,0.3418467583497053,0.08644400785854617,2.4538310412573674
MPDU1,0.3791748526522593,0.09823182711198428,2.5402750491159134
MPDZ,0.3614931237721022,0.1787819253438114,2.923379174852652
MPG,0.4636542239685658,0.043222003929273084,2.7387033398821217
MPHOSPH10,0.47347740667976423,0.0019646365422396855,2.8978388998035363
MPHOSPH6,0.4518664047151277,0.07269155206286837,2.7229862475442044
MPHOSPH8,0.2888015717092338,0.16699410609037327,2.3359528487229864
MPI,0.4165029469548134,0.06286836935166994,2.642436149312377
MPL,0.4577603143418468,0.015717092337917484,2.776031434184676
MPO,0.46168958742632615,0.025540275049115914,2.8231827111984282
MPP2,0.4518664047151277,0.019646365422396856,2.791748526522593
MPP7,0.3693516699410609,0.09037328094302555,2.5324165029469548
MPRIP,0.3988212180746562,0.09037328094302555,2.6326129666011786
MPST,0.44793713163064836,0.025540275049115914,2.805500982318271
MPV17,0.47544204322200395,0.007858546168958742,2.8742632612966603
MPZ,0.5402750491159135,0.005893909626719057,2.9764243614931236
MRAP,0.32612966601178783,0.08447937131630648,2.4341846758349703
MRAP2,0.4086444007858546,0.03929273084479371,2.68565815324165
MRAS,0.7053045186640472,0.003929273084479371,3.848722986247544
MRC1,0.36345776031434185,0.10609037328094302,2.5147347740667976
MRC2,0.481335952848723,0.015717092337917484,2.864440078585462
MRE11,0.33988212180746563,0.17485265225933203,2.504911591355599
MRFAP1,0.30844793713163066,0.15324165029469547,2.398821218074656
MRGBP,0.5383104125736738,0.021611001964636542,3.104125736738703
MRI1,0.4381139489194499,0.04518664047151277,2.7210216110019645
MRM1,0.4381139489194499,0.019646365422396856,2.7799607072691552
MRM2,0.5717092337917485,0.011787819253438114,3.2848722986247543
MRM3,0.3850687622789784,0.0962671905697446,2.555992141453831
MRPL1,0.3850687622789784,0.060903732809430254,2.587426326129666
MRPL10,0.46168958742632615,0.0137524557956778,2.8153241650294696
MRPL11,0.5579567779960707,0.01768172888015717,3.1886051080550097
MRPL12,0.4675834970530452,0.047151277013752456,2.821218074656189
MRPL13,0.7779960707269156,0.0019646365422396855,4.137524557956778
MRPL14,0.4675834970530452,0.03929273084479371,2.856581532416503
MRPL15,0.6817288801571709,0.009823182711198428,3.705304518664047
MRPL16,0.4656188605108055,0.029469548133595286,2.8290766208251474
MRPL17,0.37721021611001965,0.09233791748526522,2.5422396856581533
MRPL18,0.4066797642436149,0.0412573673870334,2.6483300589390963
MRPL19,0.4715127701375246,0.003929273084479371,2.9096267190569747
MRPL2,0.4636542239685658,0.03929273084479371,2.8722986247544204
MRPL20,0.4361493123772102,0.043222003929273084,2.68565815324165
MRPL21,0.5717092337917485,0.029469548133595286,4.418467583497053
MRPL22,0.29862475442043224,0.09233791748526522,2.3909626719056973
MRPL23,0.37524557956778,0.10805500982318271,2.5284872298624754
MRPL24,0.5363457760314342,0.005893909626719057,2.93713163064833
MRPL27,0.4636542239685658,0.011787819253438114,2.8271119842829076
MRPL28,0.4636542239685658,0.043222003929273084,2.7387033398821217
MRPL3,0.6758349705304518,0.005893909626719057,3.6286836935166993
MRPL30,0.46954813359528486,0.015717092337917484,2.8762278978388998
MRPL32,0.5520628683693517,0.01768172888015717,3.1905697445972496
MRPL33,0.4774066797642436,0.005893909626719057,2.880157170923379
MRPL34,0.4400785854616896,0.05108055009823183,2.675834970530452
MRPL35,0.46954813359528486,0.005893909626719057,2.9037328094302555
MRPL36,0.6365422396856582,0.011787819253438114,3.6208251473477406
MRPL37,0.4361493123772102,0.021611001964636542,2.7072691552062866
MRPL38,0.4950884086444008,0.0275049115913556,2.8880157170923377
MRPL39,0.3163064833005894,0.09037328094302555,2.4145383104125737
MRPL4,0.41846758349705304,0.060903732809430254,2.6404715127701377
MRPL40,0.4715127701375246,0.023575638506876228,2.982318271119843
MRPL41,0.5284872298624754,0.05304518664047151,2.9764243614931236
MRPL42,0.449901768172888,0.021611001964636542,2.717092337917485
MRPL43,0.38703339882121807,0.068762278978389,2.512770137524558
MRPL45,0.44793713163064836,0.01768172888015717,2.799607072691552
MRPL47,0.7858546168958742,0.0,4.673870333988212
MRPL48,0.4400785854616896,0.1100196463654224,2.9666011787819255
MRPL49,0.5088408644400786,0.019646365422396856,3.019646365422397
MRPL50,0.5304518664047151,0.03339882121807466,3.00196463654224
MRPL51,0.5225933202357563,0.021611001964636542,3.194499017681729
MRPL52,0.45972495088408644,0.05108055009823183,2.899803536345776
MRPL53,0.4715127701375246,0.0019646365422396855,2.905697445972495
MRPL54,0.3791748526522593,0.09823182711198428,2.487229862475442
MRPL55,0.5442043222003929,0.007858546168958742,3.013752455795678
MRPL57,0.27897838899803534,0.1787819253438114,2.2888015717092336
MRPL58,0.4911591355599214,0.025540275049115914,2.8762278978388998
MRPL9,0.5383104125736738,0.007858546168958742,2.9626719056974458
MRPS10,0.46168958742632615,0.03929273084479371,2.8742632612966603
MRPS11,0.4400785854616896,0.04911591355599214,2.7269155206286837
MRPS12,0.4675834970530452,0.03732809430255403,2.7956777996070725
MRPS14,0.5343811394891945,0.007858546168958742,2.9528487229862477
MRPS15,0.45579567779960706,0.019646365422396856,2.7269155206286837
MRPS16,0.3948919449901768,0.05108055009823183,2.5717092337917484
MRPS17,0.5756385068762279,0.009823182711198428,4.135559921414538
MRPS18A,0.4675834970530452,0.03929273084479371,2.856581532416503
MRPS18B,0.449901768172888,0.04911591355599214,2.8231827111984282
MRPS18C,0.37721021611001965,0.06679764243614932,2.5540275049115913
MRPS2,0.5343811394891945,0.043222003929273084,2.9921414538310414
MRPS21,0.5363457760314342,0.007858546168958742,2.9842829076620827
MRPS22,0.7072691552062869,0.005893909626719057,3.8467583497053046
MRPS23,0.4636542239685658,0.021611001964636542,2.8290766208251474
MRPS24,0.5520628683693517,0.01768172888015717,3.192534381139489
MRPS25,0.14538310412573674,0.275049115913556,1.9646365422396856
MRPS26,0.5324165029469549,0.04911591355599214,3.043222003929273
MRPS27,0.2632612966601179,0.11787819253438114,2.3084479371316307
MRPS28,0.7151277013752456,0.003929273084479371,3.8330058939096268
MRPS30,0.587426326129666,0.007858546168958742,3.520628683693517
MRPS31,0.29469548133595286,0.18467583497053044,2.31237721021611
MRPS33,0.42829076620825146,0.10216110019646366,2.6895874263261295
MRPS34,0.46168958742632615,0.03929273084479371,2.7406679764243616
MRPS35,0.5068762278978389,0.023575638506876228,3.1335952848722988
MRPS5,0.47347740667976423,0.007858546168958742,2.913555992141454
MRPS6,0.33988212180746563,0.07465618860510806,2.479371316306483
MRPS7,0.4931237721021611,0.0275049115913556,2.8860510805500983
MRPS9,0.47544204322200395,0.009823182711198428,2.882121807465619
MRRF,0.550098231827112,0.03929273084479371,3.013752455795678
MRTO4,0.4223968565815324,0.04518664047151277,2.6326129666011786
MS4A1,0.4656188605108055,0.03339882121807466,2.8133595284872297
MS4A2,0.46954813359528486,0.03339882121807466,2.831041257367387
MS4A3,0.4656188605108055,0.03339882121807466,2.825147347740668
MS4A4A,0.4675834970530452,0.03339882121807466,2.8231827111984282
MS4A6A,0.4675834970530452,0.03339882121807466,2.8271119842829076
MS4A6E,0.4675834970530452,0.03339882121807466,2.819253438113949
MSH2,0.4774066797642436,0.007858546168958742,2.9017681728880156
MSH3,0.2593320235756385,0.12770137524557956,2.282907662082515
MSH4,0.4027504911591356,0.03536345776031434,2.6208251473477406
MSH5,0.4518664047151277,0.04911591355599214,2.8015717092337917
MSH6,0.4774066797642436,0.007858546168958742,2.9096267190569747
MSI1,0.4675834970530452,0.0137524557956778,2.7858546168958744
MSL1,0.44793713163064836,0.01768172888015717,2.8585461689587426
MSL2,0.7013752455795678,0.003929273084479371,3.864440078585462
MSL3,0.12573673870333987,0.5049115913555993,1.699410609037328
MSLN,0.46168958742632615,0.0412573673870334,2.7387033398821217
MSMO1,0.3379174852652259,0.0962671905697446,2.4282907662082516
MSN,0.15520628683693516,0.4165029469548134,1.850687622789784
MSR1,0.2829076620825147,0.24165029469548133,2.2789783889980355
MSRA,0.275049115913556,0.2554027504911591,2.237721021611002
MSRB2,0.3575638506876228,0.1100196463654224,2.495088408644401
MSRB3,0.48526522593320237,0.007858546168958742,3.1021611001964637
MST1R,0.11787819253438114,0.3045186640471513,1.8781925343811394
MSTN,0.4518664047151277,0.0275049115913556,2.925343811394892
MSX1,0.30648330058939094,0.15324165029469547,2.3909626719056973
MSX2,0.29862475442043224,0.10412573673870335,2.3850687622789786
MT1M,0.4577603143418468,0.068762278978389,2.7662082514734774
MT2A,0.4577603143418468,0.068762278978389,2.7662082514734774
MTA1,0.48919449901768175,0.0550098231827112,3.0
MTA2,0.481335952848723,0.029469548133595286,2.880157170923379
MTA3,0.47544204322200395,0.009823182711198428,2.880157170923379
MTCH1,0.4518664047151277,0.047151277013752456,2.776031434184676
MTCH2,0.41846758349705304,0.06483300589390963,2.6954813359528487
MTCP1,0.21414538310412573,0.3516699410609037,2.005893909626719
MTDH,0.7426326129666012,0.003929273084479371,3.9096267190569747
MTERF1,0.518664047151277,0.021611001964636542,3.2907662082514735
MTERF2,0.45579567779960706,0.015717092337917484,2.744597249508841
MTERF3,0.7387033398821218,0.003929273084479371,3.8722986247544204
MTERF4,0.35363457760314343,0.09233791748526522,2.4833005893909625
MTF1,0.45579567779960706,0.019646365422396856,2.7367387033398822
MTF2,0.39096267190569745,0.04518664047151277,2.593320235756385
MTFMT,0.4106090373280943,0.06286836935166994,2.6483300589390963
MTG1,0.4106090373280943,0.06286836935166994,2.581532416502947
MTHFD1L,0.40471512770137524,0.03929273084479371,2.650294695481336
MTHFD2,0.4715127701375246,0.0019646365422396855,2.905697445972495
MTHFD2L,0.412573673870334,0.047151277013752456,2.7111984282907664
MTHFR,0.4243614931237721,0.04518664047151277,2.654223968565815
MTHFS,0.43418467583497056,0.060903732809430254,2.6797642436149314
MTIF2,0.47347740667976423,0.003929273084479371,2.907662082514735
MTIF3,0.29862475442043224,0.15717092337917485,2.361493123772102
MTM1,0.21021611001964635,0.35952848722986247,1.9901768172888015
MTMR1,0.21021611001964635,0.35952848722986247,1.9901768172888015
MTMR12,0.6090373280943026,0.003929273084479371,3.5402750491159134
MTMR14,0.15913555992141454,0.26522593320235754,1.994106090373281
MTMR2,0.33595284872298625,0.17288801571709234,2.4852652259332024
MTMR3,0.46168958742632615,0.023575638506876228,2.8703339882121806
MTMR4,0.4656188605108055,0.023575638506876228,2.8526522593320234
MTMR6,0.29862475442043224,0.16110019646365423,2.3516699410609037
MTMR7,0.28094302554027506,0.24361493123772102,2.2770137524557956
MTMR8,0.16306483300589392,0.4165029469548134,1.8664047151277015
MTMR9,0.275049115913556,0.2554027504911591,2.235756385068762
MTNR1A,0.32220039292730845,0.14538310412573674,2.3673870333988214
MTNR1B,0.34577603143418467,0.16895874263261296,2.5324165029469548
MTO1,0.4263261296660118,0.0412573673870334,2.681728880157171
MTOR,0.4243614931237721,0.04518664047151277,2.656188605108055
MTR,0.5461689587426326,0.007858546168958742,3.045186640471513
MTREX,0.28487229862475444,0.10412573673870335,2.4263261296660117
MTRF1,0.29469548133595286,0.18664047151277013,2.31237721021611
MTRF1L,0.4066797642436149,0.03732809430255403,2.654223968565815
MTRR,0.6267190569744597,0.009823182711198428,3.552062868369352
MTSS1,0.7819253438113949,0.003929273084479371,4.147347740667977
MTTP,0.3654223968565815,0.05893909626719057,2.5166994106090375
MTUS1,0.28094302554027506,0.24361493123772102,2.2770137524557956
MTX1,0.5383104125736738,0.005893909626719057,2.9449901768172886
MTX2,0.4774066797642436,0.0137524557956778,3.0373280943025542
MUC12,0.5225933202357563,0.01768172888015717,3.1552062868369353
MUC13,0.6542239685658153,0.005893909626719057,3.5540275049115913
MUC15,0.3988212180746562,0.09037328094302555,2.6051080550098233
MUC16,0.41453831041257366,0.07072691552062868,2.6031434184675835
MUC20,0.7819253438113949,0.0,4.367387033398821
MUC3A,0.5225933202357563,0.01768172888015717,3.1552062868369353
MUC4,0.7819253438113949,0.0,4.367387033398821
MUC5AC,0.37524557956778,0.10805500982318271,2.538310412573674
MUC5B,0.37524557956778,0.10805500982318271,2.538310412573674
MUC6,0.37524557956778,0.10609037328094302,2.5402750491159134
MUC7,0.4106090373280943,0.047151277013752456,2.68565815324165
MUCL1,0.4675834970530452,0.015717092337917484,2.7544204322200394
MUL1,0.4243614931237721,0.0412573673870334,2.6404715127701377
MUS81,0.5442043222003929,0.0137524557956778,3.1473477406679766
MUSK,0.5363457760314342,0.03143418467583497,3.011787819253438
MUTYH,0.4538310412573674,0.015717092337917484,2.7524557956777995
MVB12A,0.4400785854616896,0.05108055009823183,2.6797642436149314
MVB12B,0.5442043222003929,0.03732809430255403,3.0078585461689586
MVD,0.4381139489194499,0.07269155206286837,2.7072691552062866
MVP,0.46954813359528486,0.029469548133595286,2.7976424361493124
MX1,0.3104125736738703,0.10216110019646366,2.381139489194499
MX2,0.3104125736738703,0.10216110019646366,2.381139489194499
MXD1,0.47347740667976423,0.0019646365422396855,2.9017681728880156
MXD4,0.3143418467583497,0.14931237721021612,2.404715127701375
MYADM,0.4715127701375246,0.03143418467583497,2.7465618860510808
MYB,0.42829076620825146,0.03536345776031434,2.7033398821218073
MYBBP1A,0.3850687622789784,0.09233791748526522,2.552062868369352
MYBL1,0.7072691552062869,0.003929273084479371,3.8113948919449903
MYBL2,0.5402750491159135,0.025540275049115914,3.1159135559921416
MYBPC1,0.4577603143418468,0.0137524557956778,2.7465618860510808
MYBPC2,0.4656188605108055,0.03143418467583497,2.7229862475442044
MYBPC3,0.41846758349705304,0.06483300589390963,2.6935166994106092
MYBPH,0.5442043222003929,0.007858546168958742,2.982318271119843
MYCBP,0.4577603143418468,0.015717092337917484,2.7701375245579567
MYCBP2,0.37721021611001965,0.137524557956778,2.62671905697446
MYCBPAP,0.4636542239685658,0.011787819253438114,2.831041257367387
MYCN,0.4636542239685658,0.019646365422396856,2.8546168958742633
MYD88,0.12966601178781925,0.2888015717092338,1.9115913555992141
MYF5,0.44793713163064836,0.019646365422396856,2.713163064833006
MYF6,0.44793713163064836,0.019646365422396856,2.713163064833006
MYH1,0.3850687622789784,0.09430255402750491,2.5717092337917484
MYH10,0.3850687622789784,0.09233791748526522,2.56385068762279
MYH11,0.4656188605108055,0.03143418467583497,2.7701375245579567
MYH13,0.3850687622789784,0.09430255402750491,2.5717092337917484
MYH15,0.6247544204322201,0.009823182711198428,3.4597249508840866
MYH2,0.3850687622789784,0.09430255402750491,2.5717092337917484
MYH3,0.3850687622789784,0.0962671905697446,2.5893909626719056
MYH4,0.3850687622789784,0.09430255402750491,2.5717092337917484
MYH6,0.46168958742632615,0.05304518664047151,2.905697445972495
MYH7,0.46168958742632615,0.05304518664047151,2.905697445972495
MYH7B,0.5795677799607073,0.011787819253438114,3.3909626719056973
MYH8,0.3850687622789784,0.09430255402750491,2.5717092337917484
MYH9,0.4518664047151277,0.023575638506876228,2.8231827111984282
MYL1,0.35952848722986247,0.09037328094302555,2.4911591355599216
MYL10,0.518664047151277,0.019646365422396856,3.1394891944990175
MYL12A,0.5265225933202358,0.03339882121807466,3.4263261296660117
MYL12B,0.5265225933202358,0.03339882121807466,3.420432220039293
MYL2,0.4538310412573674,0.015717092337917484,2.74852652259332
MYL3,0.1237721021611002,0.2966601178781925,1.893909626719057
MYL4,0.4636542239685658,0.011787819253438114,2.817288801571709
MYL5,0.3104125736738703,0.14538310412573674,2.4027504911591357
MYL6,0.4656188605108055,0.015717092337917484,2.7662082514734774
MYL6B,0.4656188605108055,0.015717092337917484,2.7662082514734774
MYL7,0.5520628683693517,0.01768172888015717,3.192534381139489
MYL9,0.5677799607072691,0.019646365422396856,3.2730844793713163
MYLIP,0.4381139489194499,0.060903732809430254,2.75049115913556
MYLK,0.650294695481336,0.005893909626719057,3.5304518664047153
MYLK2,0.5893909626719057,0.007858546168958742,3.343811394891945
MYLK3,0.45972495088408644,0.07269155206286837,2.7858546168958744
MYO10,0.6286836935166994,0.007858546168958742,3.587426326129666
MYO18A,0.43222003929273084,0.019646365422396856,2.787819253438114
MYO18B,0.46168958742632615,0.021611001964636542,2.8919449901768175
MYO1A,0.4675834970530452,0.01768172888015717,2.7956777996070725
MYO5A,0.412573673870334,0.07072691552062868,2.6483300589390963
MYO5B,0.2554027504911591,0.21021611001964635,2.2102161100196462
MYO6,0.4204322200392927,0.03929273084479371,2.667976424361493
MYO7A,0.41846758349705304,0.1237721021611002,2.8428290766208253
MYO7B,0.449901768172888,0.011787819253438114,2.8015717092337917
MYO9A,0.41453831041257366,0.05893909626719057,2.7288801571709236
MYO9B,0.4400785854616896,0.05108055009823183,2.6836935166994107
MYOC,0.5343811394891945,0.007858546168958742,2.9528487229862477
MYOCD,0.3850687622789784,0.08840864440078586,2.5972495088408643
MYOD1,0.38703339882121807,0.08644400785854617,2.579567779960707
MYOF,0.3831041257367387,0.07072691552062868,2.5166994106090375
MYOG,0.5442043222003929,0.007858546168958742,2.982318271119843
MYOM1,0.5265225933202358,0.03339882121807466,3.4341846758349703
MYOM2,0.29273084479371314,0.23772102161100198,2.286836935166994
MYOT,0.29862475442043224,0.08840864440078586,2.3909626719056973
MYOZ1,0.3968565815324165,0.05108055009823183,2.5756385068762278
MYOZ2,0.37328094302554027,0.05304518664047151,2.5422396856581533
MYOZ3,0.3005893909626719,0.09233791748526522,2.388998035363458
MYPN,0.3929273084479371,0.047151277013752456,2.5717092337917484
MYRIP,0.13163064833005894,0.2868369351669941,1.9155206286836934
MYSM1,0.4361493123772102,0.0275049115913556,2.7229862475442044
MYT1,0.5402750491159135,0.019646365422396856,3.1100196463654224
MYT1L,0.45972495088408644,0.023575638506876228,2.834970530451866
MZB1,0.2966601178781925,0.08644400785854617,2.387033398821218
MZF1,0.4774066797642436,0.03929273084479371,2.7583497053045187
MZT1,0.37524557956778,0.13948919449901767,2.834970530451866
MZT2A,0.4518664047151277,0.015717092337917484,2.7779960707269153
MZT2B,0.4538310412573674,0.0137524557956778,2.7838899803536346
NAA10,0.21414538310412573,0.35363457760314343,1.9980353634577603
NAA11,0.38703339882121807,0.06483300589390963,2.5913555992141455
NAA15,0.36738703339882123,0.07072691552062868,2.5284872298624754
NAA16,0.29469548133595286,0.18664047151277013,2.31237721021611
NAA20,0.5324165029469549,0.043222003929273084,3.1335952848722988
NAA25,0.45579567779960706,0.015717092337917484,2.744597249508841
NAA30,0.4931237721021611,0.03732809430255403,3.025540275049116
NAA35,0.5029469548133595,0.05108055009823183,2.931237721021611
NAA38,0.37721021611001965,0.0962671905697446,2.5402750491159134
NAA50,0.6326129666011788,0.009823182711198428,3.4911591355599216
NAB1,0.4538310412573674,0.025540275049115914,2.9449901768172886
NAB2,0.4675834970530452,0.01768172888015717,2.7956777996070725
NABP1,0.449901768172888,0.03143418467583497,2.868369351669941
NABP2,0.4656188605108055,0.015717092337917484,2.7662082514734774
NACA,0.4656188605108055,0.01768172888015717,2.764243614931238
NACA2,0.4774066797642436,0.01768172888015717,2.856581532416503
NACAD,0.5520628683693517,0.01768172888015717,3.192534381139489
NACC1,0.4361493123772102,0.047151277013752456,2.6935166994106092
NADK,0.4361493123772102,0.043222003929273084,2.68565815324165
NADK2,0.6070726915520629,0.0019646365422396855,3.536345776031434
NADSYN1,0.5383104125736738,0.07269155206286837,4.153241650294696
NAE1,0.46954813359528486,0.060903732809430254,2.7681728880157173
NAF1,0.3418467583497053,0.0962671905697446,2.4341846758349703
NAGA,0.449901768172888,0.025540275049115914,2.8153241650294696
NAGK,0.47347740667976423,0.0019646365422396855,2.8978388998035363
NAGLU,0.44793713163064836,0.019646365422396856,2.7976424361493124
NAGPA,0.4675834970530452,0.03732809430255403,2.762278978388998
NAIF1,0.5422396856581533,0.03536345776031434,3.0078585461689586
NAIP,0.2632612966601179,0.11787819253438114,2.298624754420432
NAMPT,0.5127701375245579,0.029469548133595286,3.0530451866404715
NANOG,0.5206286836935167,0.025540275049115914,3.1552062868369353
NANOS1,0.4027504911591356,0.05893909626719057,2.569744597249509
NANOS2,0.4636542239685658,0.03732809430255403,2.701375245579568
NANOS3,0.4361493123772102,0.04518664047151277,2.7210216110019645
NANS,0.5265225933202358,0.03143418467583497,2.994106090373281
NAP1L1,0.44204322200392926,0.0275049115913556,2.6895874263261295
NAP1L4,0.3713163064833006,0.10805500982318271,2.518664047151277
NAPA,0.46168958742632615,0.03536345776031434,2.6935166994106092
NAPB,0.5383104125736738,0.03536345776031434,3.1296660117878194
NAPEPLD,0.5166994106090373,0.021611001964636542,3.131630648330059
NAPG,0.48330058939096265,0.04518664047151277,3.0235756385068764
NAPRT,0.7701375245579568,0.0019646365422396855,4.037328094302554
NAPSA,0.4656188605108055,0.03143418467583497,2.7229862475442044
NARS2,0.4106090373280943,0.12573673870333987,2.825147347740668
NASP,0.4518664047151277,0.015717092337917484,2.75049115913556
NAT10,0.4400785854616896,0.07465618860510806,2.821218074656189
NAT2,0.2770137524557957,0.24361493123772102,2.257367387033399
NAT8,0.47347740667976423,0.0019646365422396855,2.9096267190569747
NAT8L,0.3143418467583497,0.14734774066797643,2.406679764243615
NAV1,0.5422396856581533,0.007858546168958742,2.980353634577603
NAXE,0.5363457760314342,0.005893909626719057,2.9410609037328093
NBEA,0.2868369351669941,0.1807465618860511,2.2966601178781927
NBEAL2,0.1237721021611002,0.2966601178781925,1.893909626719057
NBN,0.7288801571709234,0.003929273084479371,3.848722986247544
NCALD,0.7524557956777996,0.0019646365422396855,3.9901768172888015
NCAM1,0.29273084479371314,0.1925343811394892,2.282907662082515
NCAN,0.44204322200392926,0.05304518664047151,2.6915520628683693
NCAPD2,0.5225933202357563,0.021611001964636542,3.1905697445972496
NCAPD3,0.30648330058939094,0.1807465618860511,2.324165029469548
NCAPG,0.32023575638506874,0.14341846758349705,2.406679764243615
NCAPG2,0.4243614931237721,0.1100196463654224,2.6483300589390963
NCAPH,0.47347740667976423,0.007858546168958742,2.986247544204322
NCAPH2,0.4400785854616896,0.04518664047151277,2.8015717092337917
NCBP1,0.5265225933202358,0.03143418467583497,2.994106090373281
NCBP2,0.7819253438113949,0.0,4.37524557956778
NCEH1,0.7897838899803536,0.0,4.571709233791749
NCF1,0.4774066797642436,0.0275049115913556,2.9174852652259333
NCF2,0.5383104125736738,0.009823182711198428,2.9587426326129664
NCF4,0.4518664047151277,0.025540275049115914,2.821218074656189
NCK1,0.7053045186640472,0.003929273084479371,3.8408644400785854
NCK2,0.47544204322200395,0.009823182711198428,2.8860510805500983
NCKAP1,0.4715127701375246,0.01768172888015717,2.9214145383104126
NCKAP1L,0.4656188605108055,0.015717092337917484,2.75049115913556
NCKIPSD,0.11787819253438114,0.3005893909626719,1.882121807465619
NCL,0.34577603143418467,0.09037328094302555,2.4656188605108054
NCLN,0.3654223968565815,0.10805500982318271,2.447937131630648
NCOA1,0.4715127701375246,0.011787819253438114,2.864440078585462
NCOA2,0.7053045186640472,0.003929273084479371,3.8408644400785854
NCOA3,0.5363457760314342,0.023575638506876228,3.104125736738703
NCOA4,0.4165029469548134,0.047151277013752456,2.62671905697446
NCOA5,0.5363457760314342,0.023575638506876228,3.1080550098231825
NCOA6,0.5854616895874263,0.007858546168958742,3.420432220039293
NCOA7,0.43418467583497056,0.03732809430255403,2.7229862475442044
NCOR1,0.3948919449901768,0.08840864440078586,2.62671905697446
NCOR2,0.45972495088408644,0.019646365422396856,2.760314341846758
NCR1,0.4793713163064833,0.03143418467583497,2.7721021611001966
NCR2,0.45579567779960706,0.0412573673870334,2.8408644400785854
NCR3,0.4518664047151277,0.04911591355599214,2.8035363457760316
NCR3LG1,0.3889980353634578,0.08644400785854617,2.583497053045187
NCS1,0.5442043222003929,0.03732809430255403,3.0353634577603144
NCSTN,0.5383104125736738,0.005893909626719057,2.980353634577603
NDC1,0.4361493123772102,0.019646365422396856,2.7072691552062866
NDC80,0.518664047151277,0.03536345776031434,3.2770137524557956
NDE1,0.4656188605108055,0.03143418467583497,2.7701375245579567
NDEL1,0.3850687622789784,0.09430255402750491,2.56188605108055
NDFIP1,0.2966601178781925,0.08840864440078586,2.3850687622789786
NDOR1,0.5284872298624754,0.05108055009823183,2.9783889980353635
NDRG1,0.7779960707269156,0.0019646365422396855,4.149312377210216
NDRG2,0.4675834970530452,0.05108055009823183,2.988212180746562
NDRG3,0.5658153241650294,0.019646365422396856,3.255402750491159
NDST1,0.3005893909626719,0.09233791748526522,2.388998035363458
NDST2,0.3968565815324165,0.05304518664047151,2.5736738703339883
NDUFA1,0.18664047151277013,0.3831041257367387,1.9430255402750491
NDUFA10,0.3555992141453831,0.09430255402750491,2.479371316306483
NDUFA11,0.3889980353634578,0.09430255402750491,2.5147347740667976
NDUFA12,0.449901768172888,0.019646365422396856,2.7288801571709236
NDUFA13,0.4400785854616896,0.05108055009823183,2.6935166994106092
NDUFA2,0.2966601178781925,0.08644400785854617,2.387033398821218
NDUFA3,0.47544204322200395,0.03143418467583497,2.762278978388998
NDUFA4,0.5736738703339882,0.011787819253438114,3.275049115913556
NDUFA5,0.4361493123772102,0.07858546168958742,2.7465618860510808
NDUFA6,0.449901768172888,0.025540275049115914,2.8153241650294696
NDUFA7,0.4027504911591356,0.07662082514734773,2.5658153241650297
NDUFA8,0.550098231827112,0.03929273084479371,3.013752455795678
NDUFA9,0.5265225933202358,0.019646365422396856,3.25147347740668
NDUFAB1,0.45972495088408644,0.03339882121807466,2.7662082514734774
NDUFAF1,0.3948919449901768,0.08447937131630648,2.5893909626719056
NDUFAF2,0.26719056974459726,0.12180746561886051,2.3280943025540277
NDUFAF3,0.11787819253438114,0.3045186640471513,1.8781925343811394
NDUFAF4,0.4165029469548134,0.04518664047151277,2.656188605108055
NDUFAF5,0.5284872298624754,0.047151277013752456,3.168958742632613
NDUFAF6,0.7347740667976425,0.003929273084479371,3.856581532416503
NDUFAF7,0.47347740667976423,0.009823182711198428,2.8722986247544204
NDUFB1,0.48919449901768175,0.05697445972495088,3.005893909626719
NDUFB10,0.4636542239685658,0.03929273084479371,2.742632612966601
NDUFB11,0.12770137524557956,0.5029469548133595,1.7524557956777995
NDUFB2,0.42829076620825146,0.10216110019646366,2.6895874263261295
NDUFB3,0.41453831041257366,0.04518664047151277,2.719056974459725
NDUFB4,0.6444007858546169,0.005893909626719057,3.5088408644400784
NDUFB5,0.7858546168958742,0.0,4.673870333988212
NDUFB6,0.3850687622789784,0.15913555992141454,2.756385068762279
NDUFB7,0.4361493123772102,0.04518664047151277,2.704724409448819
NDUFB8,0.3831041257367387,0.068762278978389,2.506876227897839
NDUFB9,0.7819253438113949,0.003929273084479371,4.141453831041257
NDUFC1,0.36738703339882123,0.07072691552062868,2.5284872298624754
NDUFC2,0.4223968565815324,0.1237721021611002,2.8742632612966603
NDUFS2,0.5402750491159135,0.005893909626719057,2.9764243614931236
NDUFS3,0.41846758349705304,0.06483300589390963,2.6935166994106092
NDUFS4,0.2907662082514735,0.0962671905697446,2.4223968565815324
NDUFS5,0.4577603143418468,0.015717092337917484,2.7701375245579567
NDUFS6,0.6365422396856582,0.011787819253438114,3.6208251473477406
NDUFS7,0.3575638506876228,0.11591355599214145,2.420432220039293
NDUFS8,0.5442043222003929,0.03339882121807466,3.2337917485265226
NDUFV1,0.550098231827112,0.0275049115913556,3.2416502946954813
NDUFV2,0.48722986247544203,0.04518664047151277,3.0275049115913557
NDUFV3,0.30844793713163066,0.09823182711198428,2.381139489194499
NECAP1,0.518664047151277,0.025540275049115914,3.161100196463654
NECAP2,0.4204322200392927,0.047151277013752456,2.6365422396856584
NECTIN1,0.3025540275049116,0.1905697445972495,2.3084479371316307
NECTIN2,0.4675834970530452,0.03732809430255403,2.756385068762279
NECTIN3,0.6267190569744597,0.011787819253438114,3.481335952848723
NECTIN4,0.5383104125736738,0.005893909626719057,2.974459724950884
NEDD1,0.449901768172888,0.019646365422396856,2.7210216110019645
NEDD4,0.4066797642436149,0.07072691552062868,2.642436149312377
NEDD4L,0.22789783889980353,0.2357563850687623,2.1296660117878194
NEDD8,0.45579567779960706,0.05893909626719057,2.8880157170923377
NEDD9,0.4400785854616896,0.06483300589390963,2.7465618860510808
NEFL,0.2868369351669941,0.2357563850687623,2.282907662082515
NEFM,0.2868369351669941,0.2357563850687623,2.282907662082515
NEGR1,0.4066797642436149,0.03339882121807466,2.642436149312377
NEIL1,0.41846758349705304,0.06286836935166994,2.6463654223968565
NEIL2,0.275049115913556,0.2554027504911591,2.235756385068762
NEIL3,0.3241650294695481,0.11198428290766209,2.420432220039293
NEK2,0.5461689587426326,0.007858546168958742,2.988212180746562
NEK6,0.550098231827112,0.03536345776031434,3.025540275049116
NEK7,0.5422396856581533,0.007858546168958742,2.982318271119843
NEK8,0.43418467583497056,0.019646365422396856,2.7956777996070725
NEK9,0.4911591355599214,0.03536345776031434,3.0392927308447937
NELFA,0.3143418467583497,0.14734774066797643,2.406679764243615
NELFB,0.5284872298624754,0.05304518664047151,2.9764243614931236
NELFCD,0.5402750491159135,0.021611001964636542,3.1257367387033397
NELFE,0.4518664047151277,0.05108055009823183,2.7858546168958744
NELL1,0.3929273084479371,0.08644400785854617,2.5913555992141455
NELL2,0.4577603143418468,0.021611001964636542,2.764243614931238
NEMF,0.48526522593320237,0.03732809430255403,3.0216110019646365
NEMP1,0.4675834970530452,0.01768172888015717,2.7956777996070725
NEO1,0.41453831041257366,0.060903732809430254,2.7269155206286837
NEPRO,0.6326129666011788,0.009823182711198428,3.487229862475442
NES,0.5363457760314342,0.005893909626719057,2.9410609037328093
NET1,0.36738703339882123,0.10609037328094302,2.518664047151277
NEU1,0.4518664047151277,0.04911591355599214,2.8015717092337917
NEU2,0.3477406679764244,0.08840864440078586,2.4675834970530452
NEU3,0.4223968565815324,0.12180746561886051,2.838899803536346
NEU4,0.3555992141453831,0.09233791748526522,2.4852652259332024
NEURL1,0.3850687622789784,0.06679764243614932,2.5147347740667976
NEURL2,0.5363457760314342,0.023575638506876228,3.117878192534381
NEUROD1,0.46954813359528486,0.01768172888015717,2.8742632612966603
NEUROD4,0.4675834970530452,0.015717092337917484,2.7544204322200394
NEUROG2,0.37328094302554027,0.05304518664047151,2.5422396856581533
NEUROG3,0.3929273084479371,0.04911591355599214,2.5658153241650297
NF1,0.43222003929273084,0.025540275049115914,2.7544204322200394
NF2,0.46168958742632615,0.023575638506876228,2.8703339882121806
NFAM1,0.449901768172888,0.025540275049115914,2.807465618860511
NFASC,0.5442043222003929,0.005893909626719057,2.988212180746562
NFATC1,0.2180746561886051,0.25343811394891946,2.1021611001964637
NFATC2,0.5363457760314342,0.023575638506876228,3.106090373280943
NFATC2IP,0.46954813359528486,0.025540275049115914,2.805500982318271
NFATC3,0.4675834970530452,0.060903732809430254,2.762278978388998
NFATC4,0.45579567779960706,0.05893909626719057,2.8880157170923377
NFE2,0.4636542239685658,0.015717092337917484,2.7465618860510808
NFE2L1,0.46168958742632615,0.0137524557956778,2.821218074656189
NFE2L2,0.47544204322200395,0.0137524557956778,3.0216110019646365
NFIA,0.43222003929273084,0.029469548133595286,2.6915520628683693
NFIB,0.36738703339882123,0.17485265225933203,3.1218074656188604
NFIC,0.37721021611001965,0.10412573673870335,2.4833005893909625
NFIL3,0.518664047151277,0.03929273084479371,2.968565815324165
NFIX,0.4361493123772102,0.047151277013752456,2.6935166994106092
NFKB1,0.3654223968565815,0.05893909626719057,2.518664047151277
NFKB2,0.3850687622789784,0.06679764243614932,2.5147347740667976
NFKBIA,0.481335952848723,0.0412573673870334,3.0471512770137523
NFKBIB,0.4675834970530452,0.03732809430255403,2.7956777996070725
NFKBIE,0.4675834970530452,0.03929273084479371,2.8546168958742633
NFKBIZ,0.6090373280943026,0.0137524557956778,3.398821218074656
NFRKB,0.30648330058939094,0.18271119842829076,2.31434184675835
NFS1,0.5756385068762279,0.0137524557956778,3.326129666011788
NFU1,0.47347740667976423,0.003929273084479371,2.899803536345776
NFX1,0.4027504911591356,0.14341846758349705,2.807465618860511
NFYA,0.45579567779960706,0.0412573673870334,2.8526522593320234
NFYB,0.45579567779960706,0.015717092337917484,2.732809430255403
NFYC,0.45579567779960706,0.01768172888015717,2.7662082514734774
NGB,0.4931237721021611,0.03732809430255403,3.0392927308447937
NGDN,0.46168958742632615,0.05304518664047151,2.905697445972495
NGEF,0.3477406679764244,0.08840864440078586,2.4675834970530452
NGF,0.3418467583497053,0.10019646365422397,2.444007858546169
NGFR,0.4656188605108055,0.011787819253438114,2.8290766208251474
NGLY1,0.13359528487229863,0.28487229862475444,1.9292730844793713
NGRN,0.444007858546169,0.04911591355599214,2.7367387033398822
NHEJ1,0.33988212180746563,0.09037328094302555,2.4557956777996073
NHLRC1,0.4381139489194499,0.0550098231827112,2.7583497053045187
NHLRC3,0.2907662082514735,0.18271119842829076,2.31237721021611
NHP2,0.3005893909626719,0.10019646365422397,2.387033398821218
NICN1,0.11787819253438114,0.3045186640471513,1.8781925343811394
NID1,0.5461689587426326,0.007858546168958742,3.0353634577603144
NID2,0.48919449901768175,0.03536345776031434,3.0333988212180745
NIF3L1,0.41453831041257366,0.043222003929273084,2.7210216110019645
NIFK,0.4675834970530452,0.011787819253438114,2.8919449901768175
NIN,0.48526522593320237,0.03732809430255403,3.0275049115913557
NINJ1,0.5206286836935167,0.03732809430255403,2.980353634577603
NINL,0.5343811394891945,0.03536345776031434,3.1257367387033397
NIP7,0.4656188605108055,0.060903732809430254,2.760314341846758
NIPA1,0.4204322200392927,0.060903732809430254,2.7111984282907664
NIPA2,0.41846758349705304,0.060903732809430254,2.7072691552062866
NIPAL4,0.3005893909626719,0.09233791748526522,2.392927308447937
NIPBL,0.6070726915520629,0.0019646365422396855,3.5402750491159134
NIPSNAP1,0.46168958742632615,0.023575638506876228,2.868369351669941
NIPSNAP3A,0.5363457760314342,0.03143418467583497,3.017681728880157
NKAIN4,0.5402750491159135,0.021611001964636542,3.1080550098231825
NKAP,0.18664047151277013,0.3831041257367387,1.9430255402750491
NKD1,0.4538310412573674,0.07269155206286837,2.756385068762279
NKD2,0.6385068762278978,0.009823182711198428,3.6326129666011786
NKG7,0.4656188605108055,0.03143418467583497,2.732809430255403
NKTR,0.1237721021611002,0.2888015717092338,1.9056974459724951
NKX2-1,0.481335952848723,0.043222003929273084,3.078740157480315
NKX2-2,0.5304518664047151,0.03732809430255403,3.135559921414538
NKX2-5,0.29862475442043224,0.10216110019646366,2.388998035363458
NKX3-1,0.28487229862475444,0.23968565815324164,2.2711198428290764
NKX3-2,0.32612966601178783,0.14145383104125736,2.4557956777996073
NKX6-1,0.37524557956778,0.06483300589390963,2.550098231827112
NLE1,0.4381139489194499,0.021611001964636542,2.7779960707269153
NLGN1,0.787819253438114,0.0,4.593320235756385
NLGN2,0.3791748526522593,0.09823182711198428,2.5402750491159134
NLGN3,0.16110019646365423,0.4086444007858546,1.8722986247544204
NLGN4X,0.13359528487229863,0.49901768172888017,1.7170923379174852
NLK,0.4361493123772102,0.019646365422396856,2.7779960707269153
NLN,0.27111984282907664,0.11591355599214145,2.3477406679764243
NLRC3,0.4656188605108055,0.03732809430255403,2.7524557956777995
NLRC4,0.47347740667976423,0.007858546168958742,2.8742632612966603
NLRC5,0.4577603143418468,0.068762278978389,2.764243614931238
NLRP1,0.3831041257367387,0.0962671905697446,2.5461689587426326
NLRP12,0.4715127701375246,0.03143418467583497,2.7465618860510808
NLRP3,0.555992141453831,0.015717092337917484,3.0333988212180745
NLRP6,0.3713163064833006,0.11198428290766209,2.5265225933202355
NLRP9,0.4774066797642436,0.03143418467583497,2.7858546168958744
NLRX1,0.3025540275049116,0.1905697445972495,2.3084479371316307
NMB,0.43222003929273084,0.05697445972495088,2.6954813359528487
NMD3,0.7642436149312377,0.0019646365422396855,4.379174852652259
NME1,0.46168958742632615,0.0137524557956778,2.8231827111984282
NME2,0.46168958742632615,0.0137524557956778,2.8231827111984282
NME3,0.46168958742632615,0.03929273084479371,2.7406679764243616
NME4,0.4636542239685658,0.0412573673870334,2.7406679764243616
NME6,0.11787819253438114,0.3005893909626719,1.882121807465619
NME7,0.5343811394891945,0.007858546168958742,2.9489194499017684
NME8,0.5599214145383105,0.0137524557956778,3.1984282907662083
NMI,0.44793713163064836,0.01768172888015717,2.762278978388998
NMNAT1,0.4243614931237721,0.04518664047151277,2.6601178781925343
NMNAT2,0.5383104125736738,0.007858546168958742,2.9646365422396856
NMNAT3,0.7072691552062869,0.005893909626719057,3.8664047151277012
NMRAL1,0.4675834970530452,0.03929273084479371,2.7544204322200394
NMT1,0.4577603143418468,0.01768172888015717,2.799607072691552
NMT2,0.36345776031434185,0.10805500982318271,2.5088408644400784
NMU,0.4165029469548134,0.04911591355599214,2.7092337917485265
NMUR2,0.3005893909626719,0.09430255402750491,2.3909626719056973
NNMT,0.29273084479371314,0.1944990176817289,2.280943025540275
NNT,0.593320235756385,0.005893909626719057,3.5343811394891946
NOA1,0.4086444007858546,0.04911591355599214,2.6895874263261295
NOB1,0.4656188605108055,0.05893909626719057,2.764243614931238
NOC2L,0.4361493123772102,0.043222003929273084,2.68565815324165
NOC3L,0.3850687622789784,0.07072691552062868,2.512770137524558
NOC4L,0.4518664047151277,0.021611001964636542,2.719056974459725
NOCT,0.36738703339882123,0.068762278978389,2.5304518664047153
NOD1,0.5677799607072691,0.01768172888015717,3.225933202357564
NOD2,0.4538310412573674,0.07269155206286837,2.7544204322200394
NODAL,0.39096267190569745,0.04911591355599214,2.5579567779960706
NOG,0.4675834970530452,0.01768172888015717,2.8467583497053046
NOL10,0.4538310412573674,0.021611001964636542,2.8231827111984282
NOL11,0.48919449901768175,0.019646365422396856,2.8840864440078584
NOL12,0.4518664047151277,0.025540275049115914,2.8133595284872297
NOL3,0.4675834970530452,0.060903732809430254,2.762278978388998
NOL6,0.4086444007858546,0.14145383104125736,2.8153241650294696
NOL7,0.4400785854616896,0.06483300589390963,2.7583497053045187
NOL8,0.5206286836935167,0.03732809430255403,2.980353634577603
NOL9,0.4263261296660118,0.04518664047151277,2.6777996070726915
NOLC1,0.3850687622789784,0.06679764243614932,2.5147347740667976
NOM1,0.41846758349705304,0.1100196463654224,2.642436149312377
NOMO2,0.4656188605108055,0.03339882121807466,2.762278978388998
NOMO3,0.46168958742632615,0.03339882121807466,2.760314341846758
NONO,0.16110019646365423,0.4086444007858546,1.8722986247544204
NOP10,0.3968565815324165,0.068762278978389,2.612966601178782
NOP14,0.31237721021611004,0.14931237721021612,2.4027504911591357
NOP16,0.3025540275049116,0.10019646365422397,2.388998035363458
NOP2,0.5225933202357563,0.021611001964636542,3.1886051080550097
NOP53,0.46168958742632615,0.03339882121807466,2.6935166994106092
NOP56,0.5324165029469549,0.04911591355599214,3.045186640471513
NOP58,0.3988212180746562,0.05697445972495088,2.654223968565815
NOS1,0.4636542239685658,0.015717092337917484,2.7799607072691552
NOS2,0.4381139489194499,0.019646365422396856,2.7897838899803538
NOS3,0.41453831041257366,0.1100196463654224,2.6404715127701377
NOSIP,0.4656188605108055,0.03143418467583497,2.7229862475442044
NOSTRIN,0.45972495088408644,0.01768172888015717,2.8231827111984282
NOTCH2,0.36345776031434185,0.09037328094302555,2.5893909626719056
NOTCH3,0.43418467583497056,0.047151277013752456,2.7033398821218073
NOTCH4,0.4518664047151277,0.04911591355599214,2.787819253438114
NOTUM,0.4675834970530452,0.04911591355599214,2.8153241650294696
NOX1,0.1905697445972495,0.3850687622789784,1.9351669941060903
NOX4,0.35952848722986247,0.16306483300589392,2.5854616895874263
NOX5,0.41453831041257366,0.06286836935166994,2.650294695481336
NOXA1,0.5284872298624754,0.05304518664047151,2.9764243614931236
NOXO1,0.4636542239685658,0.03929273084479371,2.742632612966601
NPAS2,0.46954813359528486,0.011787819253438114,2.8664047151277012
NPB,0.4675834970530452,0.04911591355599214,2.8153241650294696
NPBWR2,0.5402750491159135,0.019646365422396856,3.1100196463654224
NPC1,0.42829076620825146,0.09037328094302555,2.7799607072691552
NPC1L1,0.5520628683693517,0.01768172888015717,3.192534381139489
NPC2,0.4950884086444008,0.03536345776031434,3.0471512770137523
NPDC1,0.5284872298624754,0.05108055009823183,2.9783889980353635
NPEPL1,0.5402750491159135,0.021611001964636542,3.1237721021611002
NPFF,0.4636542239685658,0.01768172888015717,2.744597249508841
NPFFR1,0.39096267190569745,0.04911591355599214,2.5579567779960706
NPFFR2,0.4106090373280943,0.047151277013752456,2.717092337917485
NPHP1,0.47544204322200395,0.011787819253438114,2.893909626719057
NPHP3,0.6817288801571709,0.003929273084479371,3.675834970530452
NPHP4,0.4263261296660118,0.04518664047151277,2.6777996070726915
NPHS1,0.46954813359528486,0.03732809430255403,2.7721021611001966
NPHS2,0.5363457760314342,0.007858546168958742,2.9489194499017684
NPL,0.5363457760314342,0.007858546168958742,2.950884086444008
NPLOC4,0.4675834970530452,0.047151277013752456,2.8231827111984282
NPM1,0.29469548133595286,0.10216110019646366,2.3772102161100195
NPM2,0.28094302554027506,0.24361493123772102,2.257367387033399
NPM3,0.38703339882121807,0.068762278978389,2.5147347740667976
NPNT,0.36738703339882123,0.05893909626719057,2.522593320235756
NPPA,0.4243614931237721,0.04518664047151277,2.654223968565815
NPPB,0.4243614931237721,0.04518664047151277,2.654223968565815
NPPC,0.343811394891945,0.09233791748526522,2.4597249508840866
NPR1,0.5383104125736738,0.007858546168958742,2.9449901768172886
NPRL2,0.11787819253438114,0.30648330058939094,1.8762278978388998
NPSR1,0.5658153241650294,0.0137524557956778,3.2102161100196462
NPTN,0.41453831041257366,0.060903732809430254,2.7210216110019645
NPY,0.5736738703339882,0.015717092337917484,3.2298624754420433
NPY1R,0.3418467583497053,0.0962671905697446,2.4341846758349703
NPY2R,0.3300589390962672,0.10019646365422397,2.43614931237721
NQO1,0.4656188605108055,0.05893909626719057,2.764243614931238
NR0B1,0.12966601178781925,0.5068762278978389,1.7111984282907662
NR0B2,0.4204322200392927,0.04518664047151277,2.6286836935166993
NR1D1,0.44793713163064836,0.01768172888015717,2.8585461689587426
NR1D2,0.13555992141453832,0.28094302554027506,1.9410609037328095
NR1H2,0.4656188605108055,0.03143418467583497,2.7229862475442044
NR1H3,0.41846758349705304,0.06483300589390963,2.6935166994106092
NR1H4,0.45579567779960706,0.0137524557956778,2.7406679764243616
NR1I2,0.6444007858546169,0.005893909626719057,3.5029469548133596
NR1I3,0.5402750491159135,0.005893909626719057,2.9764243614931236
NR2C1,0.449901768172888,0.019646365422396856,2.7288801571709236
NR2C2,0.14538310412573674,0.275049115913556,1.9646365422396856
NR2C2AP,0.44204322200392926,0.05304518664047151,2.6915520628683693
NR2E1,0.4204322200392927,0.043222003929273084,2.656188605108055
NR2E3,0.41453831041257366,0.05893909626719057,2.6660117878192535
NR2F1,0.26129666011787817,0.13163064833005894,2.2907662082514735
NR2F2,0.4577603143418468,0.043222003929273084,2.817288801571709
NR2F6,0.4400785854616896,0.05108055009823183,2.681728880157171
NR3C1,0.29469548133595286,0.08840864440078586,2.381139489194499
NR3C2,0.35363457760314343,0.08055009823182711,2.5088408644400784
NR4A1,0.4577603143418468,0.019646365422396856,2.7347740667976423
NR4A2,0.44793713163064836,0.01768172888015717,2.9214145383104126
NR4A3,0.5265225933202358,0.03143418467583497,2.9960707269155207
NR5A1,0.5520628683693517,0.03536345776031434,3.0235756385068764
NR5A2,0.5422396856581533,0.007858546168958742,2.9842829076620827
NR6A1,0.5520628683693517,0.03536345776031434,3.0275049115913557
NRAS,0.3418467583497053,0.10019646365422397,2.444007858546169
NRBF2,0.40078585461689586,0.04518664047151277,2.6463654223968565
NRBP1,0.47544204322200395,0.005893909626719057,2.8762278978388998
NRCAM,0.5029469548133595,0.03143418467583497,3.0412573673870336
NRF1,0.4302554027504912,0.09037328094302555,2.7092337917485265
NRG1,0.3300589390962672,0.2043222003929273,2.5736738703339883
NRG2,0.2966601178781925,0.08644400785854617,2.387033398821218
NRG3,0.3968565815324165,0.05893909626719057,2.56385068762279
NRG4,0.41846758349705304,0.06286836935166994,2.6483300589390963
NRIP1,0.3575638506876228,0.09037328094302555,2.5599214145383105
NRL,0.4538310412573674,0.05893909626719057,2.8781925343811396
NRN1,0.4361493123772102,0.06483300589390963,2.7288801571709236
NRN1L,0.4675834970530452,0.060903732809430254,2.762278978388998
NRP1,0.3791748526522593,0.08840864440078586,2.5736738703339883
NRP2,0.3693516699410609,0.08055009823182711,2.5304518664047153
NRXN1,0.47347740667976423,0.005893909626719057,2.9155206286836934
NRXN3,0.5049115913555993,0.03732809430255403,3.056974459724951
NSA2,0.26129666011787817,0.11984282907662082,2.294695481335953
NSD2,0.31237721021611004,0.14734774066797643,2.398821218074656
NSD3,0.42829076620825146,0.14538310412573674,3.1886051080550097
NSDHL,0.21414538310412573,0.3555992141453831,2.0078585461689586
NSF,0.4636542239685658,0.0137524557956778,2.8153241650294696
NSFL1C,0.5383104125736738,0.04518664047151277,3.074656188605108
NSL1,0.5461689587426326,0.007858546168958742,2.9921414538310414
NSMAF,0.6836935166994106,0.007858546168958742,3.6954813359528487
NSMCE1,0.4636542239685658,0.029469548133595286,2.8035363457760316
NSMCE2,0.7799607072691552,0.003929273084479371,4.141453831041257
NSMCE3,0.4027504911591356,0.068762278978389,2.6522593320235757
NSMCE4A,0.4086444007858546,0.05697445972495088,2.5776031434184676
NSUN2,0.6247544204322201,0.011787819253438114,3.552062868369352
NSUN4,0.449901768172888,0.0137524557956778,2.7406679764243616
NT5C,0.4931237721021611,0.0275049115913556,2.8860510805500983
NT5C1A,0.45972495088408644,0.015717092337917484,2.774066797642436
NT5C1B,0.4656188605108055,0.01768172888015717,2.856581532416503
NT5C2,0.3850687622789784,0.06286836935166994,2.518664047151277
NT5E,0.412573673870334,0.03929273084479371,2.667976424361493
NTAN1,0.4675834970530452,0.03143418467583497,2.7701375245579567
NTF3,0.5265225933202358,0.021611001964636542,3.208251473477407
NTF4,0.4636542239685658,0.03339882121807466,2.713163064833006
NTHL1,0.4636542239685658,0.03929273084479371,2.742632612966601
NTM,0.3104125736738703,0.18860510805500982,2.3163064833005893
NTMT1,0.5422396856581533,0.03929273084479371,3.005893909626719
NTN1,0.38703339882121807,0.09233791748526522,2.581532416502947
NTN4,0.449901768172888,0.019646365422396856,2.724950884086444
NTNG1,0.3555992141453831,0.06483300589390963,2.504911591355599
NTNG2,0.5383104125736738,0.03929273084479371,3.0275049115913557
NTPCR,0.5461689587426326,0.007858546168958742,3.0275049115913557
NTRK1,0.5383104125736738,0.005893909626719057,2.9646365422396856
NTRK2,0.5009823182711198,0.05108055009823183,2.9214145383104126
NTS,0.449901768172888,0.01768172888015717,2.7288801571709236
NTSR1,0.5383104125736738,0.021611001964636542,3.104125736738703
NUAK1,0.45579567779960706,0.015717092337917484,2.7465618860510808
NUB1,0.41453831041257366,0.11198428290766209,2.6365422396856584
NUBP1,0.47347740667976423,0.029469548133595286,2.7858546168958744
NUBP2,0.46168958742632615,0.03929273084479371,2.7406679764243616
NUBPL,0.47544204322200395,0.04911591355599214,2.9783889980353635
NUCB1,0.46168958742632615,0.03339882121807466,2.699410609037328
NUCKS1,0.5442043222003929,0.005893909626719057,2.9901768172888015
NUDC,0.4204322200392927,0.04518664047151277,2.6286836935166993
NUDT1,0.5717092337917485,0.011787819253438114,3.2848722986247543
NUDT12,0.2691552062868369,0.11787819253438114,2.31434184675835
NUDT14,0.48919449901768175,0.05304518664047151,3.0275049115913557
NUDT16,0.6758349705304518,0.005893909626719057,3.6286836935166993
NUDT16L1,0.4656188605108055,0.03929273084479371,2.7524557956777995
NUDT19,0.46168958742632615,0.03732809430255403,2.75049115913556
NUDT2,0.4223968565815324,0.13555992141453832,2.9410609037328093
NUDT21,0.4577603143418468,0.068762278978389,2.764243614931238
NUDT3,0.449901768172888,0.04911591355599214,2.7721021611001966
NUDT5,0.36738703339882123,0.10609037328094302,2.5147347740667976
NUDT7,0.4577603143418468,0.068762278978389,2.7524557956777995
NUDT8,0.5481335952848723,0.029469548133595286,3.235756385068762
NUDT9,0.3831041257367387,0.060903732809430254,2.5776031434184676
NUF2,0.5402750491159135,0.005893909626719057,2.9764243614931236
NUFIP1,0.29862475442043224,0.1787819253438114,2.341846758349705
NUFIP2,0.4302554027504912,0.019646365422396856,2.7779960707269153
NUMA1,0.48330058939096265,0.0962671905697446,3.3791748526522594
NUMB,0.4950884086444008,0.03536345776031434,3.0275049115913557
NUMBL,0.45972495088408644,0.03929273084479371,2.742632612966601
NUP107,0.48919449901768175,0.009823182711198428,3.1218074656188604
NUP133,0.5442043222003929,0.007858546168958742,3.013752455795678
NUP153,0.4361493123772102,0.0550098231827112,2.7524557956777995
NUP155,0.6051080550098232,0.003929273084479371,3.5343811394891946
NUP160,0.41846758349705304,0.06286836935166994,2.6954813359528487
NUP188,0.5402750491159135,0.03929273084479371,3.00196463654224
NUP205,0.4223968565815324,0.10412573673870335,2.6719056974459723
NUP210,0.14734774066797643,0.2691552062868369,1.9842829076620825
NUP214,0.5422396856581533,0.03929273084479371,3.0235756385068764
NUP37,0.4577603143418468,0.015717092337917484,2.744597249508841
NUP43,0.4027504911591356,0.0412573673870334,2.644400785854617
NUP50,0.44597249508840864,0.03536345776031434,2.7897838899803538
NUP54,0.3988212180746562,0.05108055009823183,2.6640471512770136
NUP58,0.29862475442043224,0.16110019646365423,2.3477406679764243
NUP62,0.4656188605108055,0.03143418467583497,2.7229862475442044
NUP62CL,0.18467583497053044,0.38703339882121807,1.9292730844793713
NUP85,0.4931237721021611,0.0275049115913556,2.8860510805500983
NUP88,0.3831041257367387,0.09430255402750491,2.550098231827112
NUP93,0.4577603143418468,0.068762278978389,2.7662082514734774
NUP98,0.3713163064833006,0.10805500982318271,2.518664047151277
NUSAP1,0.3948919449901768,0.0825147347740668,2.5913555992141455
NUTF2,0.4675834970530452,0.060903732809430254,2.762278978388998
NVL,0.5442043222003929,0.007858546168958742,3.0
NXF1,0.481335952848723,0.03143418467583497,2.8722986247544204
NXF2,0.1905697445972495,0.38703339882121807,1.931237721021611
NXF3,0.1905697445972495,0.38703339882121807,1.931237721021611
NXPH3,0.4656188605108055,0.011787819253438114,2.8290766208251474
NXT1,0.5383104125736738,0.03536345776031434,3.1296660117878194
NXT2,0.18467583497053044,0.38703339882121807,1.9292730844793713
OAS1,0.4577603143418468,0.015717092337917484,2.7465618860510808
OAS2,0.4577603143418468,0.015717092337917484,2.7465618860510808
OAS3,0.4577603143418468,0.015717092337917484,2.7465618860510808
OASL,0.46168958742632615,0.0137524557956778,2.7662082514734774
OAT,0.4066797642436149,0.05893909626719057,2.5776031434184676
OAZ1,0.36345776031434185,0.11198428290766209,2.4400785854616895
OAZ2,0.4106090373280943,0.060903732809430254,2.650294695481336
OAZ3,0.5383104125736738,0.007858546168958742,2.9626719056974458
OBSCN,0.5442043222003929,0.007858546168958742,3.013752455795678
OBSL1,0.33988212180746563,0.09037328094302555,2.4557956777996073
OCA2,0.4086444007858546,0.07072691552062868,2.6640471512770136
OCLN,0.26129666011787817,0.11787819253438114,2.2966601178781927
OCRL,0.1905697445972495,0.3831041257367387,1.9430255402750491
ODF1,0.7544204322200393,0.0019646365422396855,3.9921414538310414
ODF2,0.5422396856581533,0.03732809430255403,3.005893909626719
OFD1,0.1237721021611002,0.5049115913555993,1.6974459724950883
OGA,0.38703339882121807,0.068762278978389,2.5147347740667976
OGDH,0.5520628683693517,0.01768172888015717,3.192534381139489
OGDHL,0.40078585461689586,0.04911591355599214,2.5913555992141455
OGG1,0.15913555992141454,0.26522593320235754,1.994106090373281
OGN,0.5206286836935167,0.03929273084479371,2.9783889980353635
OGT,0.15913555992141454,0.4106090373280943,1.8683693516699411
OIP5,0.3948919449901768,0.0825147347740668,2.5913555992141455
OLA1,0.47544204322200395,0.0137524557956778,3.019646365422397
OLFM4,0.3300589390962672,0.17092337917485265,2.4106090373280944
OLIG1,0.3300589390962672,0.07858546168958742,2.47244094488189
OLIG2,0.3300589390962672,0.07858546168958742,2.4656188605108054
OLR1,0.518664047151277,0.03339882121807466,3.1453831041257367
OMA1,0.4361493123772102,0.029469548133595286,2.7092337917485265
OMG,0.43418467583497056,0.025540275049115914,2.756385068762279
ONECUT1,0.4106090373280943,0.068762278978389,2.644400785854617
ONECUT2,0.2318271119842829,0.2318271119842829,2.137524557956778
ONECUT3,0.35952848722986247,0.11394891944990176,2.4243614931237722
OOEP,0.4263261296660118,0.0412573673870334,2.681728880157171
OPA1,0.7760314341846758,0.0,4.383104125736739
OPCML,0.3104125736738703,0.18271119842829076,2.3202357563850686
OPHN1,0.14931237721021612,0.4165029469548134,1.8467583497053046
OPLAH,0.7701375245579568,0.0019646365422396855,4.037328094302554
OPN1LW,0.21218074656188604,0.3555992141453831,1.994106090373281
OPN1SW,0.4263261296660118,0.09233791748526522,2.699410609037328
OPN4,0.381139489194499,0.06483300589390963,2.518664047151277
OPRD1,0.4243614931237721,0.03929273084479371,2.6404715127701377
OPRK1,0.6817288801571709,0.009823182711198428,3.705304518664047
OPRL1,0.5402750491159135,0.019646365422396856,3.1100196463654224
OPRM1,0.4086444007858546,0.03732809430255403,2.656188605108055
OPTN,0.3654223968565815,0.10609037328094302,2.5147347740667976
OR10AG1,0.4774066797642436,0.0275049115913556,2.8722986247544204
OR10J1,0.5402750491159135,0.005893909626719057,2.9666011787819255
OR2F2,0.4263261296660118,0.1100196463654224,2.6660117878192535
OR2W3,0.5599214145383105,0.019646365422396856,3.0392927308447937
OR3A1,0.3850687622789784,0.09233791748526522,2.5540275049115913
OR4N2,0.47347740667976423,0.04911591355599214,2.9292730844793713
OR4X1,0.4165029469548134,0.06286836935166994,2.6974459724950886
OR51B6,0.37328094302554027,0.10019646365422397,2.5304518664047153
OR51E1,0.37328094302554027,0.10412573673870335,2.524557956777996
OR51E2,0.37328094302554027,0.10412573673870335,2.524557956777996
OR51F2,0.3713163064833006,0.10412573673870335,2.522593320235756
OR5F1,0.4774066797642436,0.0275049115913556,2.8722986247544204
OR7D4,0.4204322200392927,0.06679764243614932,2.650294695481336
OR7G3,0.41846758349705304,0.068762278978389,2.6463654223968565
ORAI2,0.518664047151277,0.021611001964636542,3.1218074656188604
ORAI3,0.4715127701375246,0.0275049115913556,2.8035363457760316
ORC1,0.43418467583497056,0.021611001964636542,2.7092337917485265
ORC2,0.41453831041257366,0.04518664047151277,2.719056974459725
ORC3,0.4106090373280943,0.04518664047151277,2.6660117878192535
ORC4,0.44793713163064836,0.01768172888015717,2.7721021611001966
ORC5,0.5147347740667977,0.025540275049115914,3.1335952848722988
ORC6,0.45972495088408644,0.07269155206286837,2.7858546168958744
ORM1,0.5363457760314342,0.03143418467583497,3.0157170923379173
ORM2,0.5363457760314342,0.03143418467583497,3.0157170923379173
ORMDL1,0.449901768172888,0.029469548133595286,2.893909626719057
ORMDL2,0.4656188605108055,0.015717092337917484,2.7662082514734774
ORMDL3,0.449901768172888,0.015717092337917484,2.988212180746562
OS9,0.4675834970530452,0.01768172888015717,2.807465618860511
OSBP,0.4636542239685658,0.029469548133595286,2.825147347740668
OSBP2,0.46168958742632615,0.023575638506876228,2.856581532416503
OSBPL1A,0.41453831041257366,0.09430255402750491,2.7406679764243616
OSBPL5,0.3693516699410609,0.10805500982318271,2.5166994106090375
OSCAR,0.47544204322200395,0.03143418467583497,2.762278978388998
OSGEPL1,0.449901768172888,0.029469548133595286,2.8605108055009825
OSM,0.4636542239685658,0.023575638506876228,2.862475442043222
OSMR,0.6051080550098232,0.003929273084479371,3.5658153241650297
OST4,0.47347740667976423,0.007858546168958742,2.8703339882121806
OSTC,0.3693516699410609,0.05304518664047151,2.5304518664047153
OSTM1,0.4204322200392927,0.043222003929273084,2.658153241650295
OTC,0.12180746561886051,0.5206286836935167,1.6797642436149312
OTUB1,0.4911591355599214,0.0275049115913556,2.986247544204322
OTUD5,0.12573673870333987,0.5068762278978389,1.7053045186640472
OTUD7A,0.3988212180746562,0.07269155206286837,2.618860510805501
OTUD7B,0.5363457760314342,0.007858546168958742,2.980353634577603
OTX2,0.4931237721021611,0.03732809430255403,3.0275049115913557
OVCA2,0.3850687622789784,0.09430255402750491,2.5540275049115913
OVGP1,0.3418467583497053,0.08055009823182711,2.461689587426326
OXA1L,0.45972495088408644,0.05108055009823183,2.899803536345776
OXCT1,0.5972495088408645,0.005893909626719057,3.5304518664047153
OXCT2,0.45972495088408644,0.015717092337917484,2.781925343811395
OXER1,0.47544204322200395,0.009823182711198428,2.880157170923379
OXNAD1,0.14341846758349705,0.2730844793713163,1.9587426326129667
OXSM,0.13359528487229863,0.2868369351669941,1.9273084479371316
OXT,0.5324165029469549,0.04911591355599214,3.043222003929273
OXTR,0.15520628683693516,0.2632612966601179,1.9980353634577603
P2RX1,0.38703339882121807,0.09430255402750491,2.5540275049115913
P2RX2,0.449901768172888,0.023575638506876228,2.7151277013752457
P2RX3,0.481335952848723,0.01768172888015717,2.880157170923379
P2RX4,0.4636542239685658,0.0137524557956778,2.7662082514734774
P2RX5,0.3850687622789784,0.09233791748526522,2.5540275049115913
P2RX6,0.48330058939096265,0.023575638506876228,3.135559921414538
P2RX7,0.4636542239685658,0.0137524557956778,2.7681728880157173
P2RY1,0.7485265225933202,0.0019646365422396855,4.251473477406679
P2RY12,0.7465618860510805,0.003929273084479371,4.24950884086444
P2RY13,0.7465618860510805,0.003929273084479371,4.245579567779961
P2RY14,0.7465618860510805,0.003929273084479371,4.245579567779961
P2RY2,0.4577603143418468,0.10216110019646366,3.029469548133595
P2RY4,0.15913555992141454,0.4066797642436149,1.8703339882121808
P2RY6,0.4577603143418468,0.10412573673870335,3.0353634577603144
P2RY8,0.343811394891945,0.2337917485265226,2.4577603143418467
P3H2,0.7858546168958742,0.0,4.550098231827112
P3H3,0.5225933202357563,0.019646365422396856,3.182711198428291
P4HA1,0.3929273084479371,0.05108055009823183,2.569744597249509
P4HA2,0.2888015717092338,0.10216110019646366,2.3634577603143416
P4HA3,0.4381139489194499,0.1100196463654224,2.954813359528487
P4HB,0.4675834970530452,0.047151277013752456,2.8153241650294696
PA2G4,0.4656188605108055,0.015717092337917484,2.7662082514734774
PAAF1,0.4381139489194499,0.11198428290766209,2.9410609037328093
PABPC1,0.75049115913556,0.0019646365422396855,4.00392927308448
PABPC3,0.29862475442043224,0.16110019646365423,2.349705304518664
PABPC4,0.45972495088408644,0.015717092337917484,2.7662082514734774
PABPC5,0.17092337917485265,0.3850687622789784,1.899803536345776
PABPN1,0.46168958742632615,0.05304518664047151,2.9037328094302555
PACS1,0.5481335952848723,0.01768172888015717,3.1905697445972496
PACSIN1,0.449901768172888,0.04911591355599214,2.7721021611001966
PACSIN2,0.44597249508840864,0.0275049115913556,2.8094302554027504
PACSIN3,0.41846758349705304,0.06679764243614932,2.68762278978389
PADI2,0.4204322200392927,0.047151277013752456,2.6326129666011786
PAF1,0.4675834970530452,0.03732809430255403,2.834970530451866
PAFAH1B1,0.38703339882121807,0.09233791748526522,2.555992141453831
PAFAH1B2,0.29862475442043224,0.1944990176817289,2.294695481335953
PAFAH1B3,0.45972495088408644,0.03732809430255403,2.6954813359528487
PAG1,0.7170923379174853,0.003929273084479371,3.8408644400785854
PAH,0.45579567779960706,0.0137524557956778,2.7406679764243616
PAICS,0.41453831041257366,0.047151277013752456,2.7111984282907664
PAIP1,0.593320235756385,0.005893909626719057,3.5343811394891946
PAIP2,0.2966601178781925,0.08644400785854617,2.387033398821218
PAIP2B,0.47347740667976423,0.0019646365422396855,2.899803536345776
PAK1,0.41846758349705304,0.1237721021611002,2.8664047151277012
PAK1IP1,0.4400785854616896,0.06679764243614932,2.7367387033398822
PAK2,0.7799607072691552,0.0019646365422396855,4.369351669941061
PAK3,0.18467583497053044,0.38703339882121807,1.9292730844793713
PAK4,0.4675834970530452,0.03732809430255403,2.834970530451866
PAK5,0.5363457760314342,0.04911591355599214,3.1453831041257367
PAK6,0.39096267190569745,0.07858546168958742,2.5893909626719056
PALB2,0.45972495088408644,0.03339882121807466,2.7662082514734774
PAM16,0.4675834970530452,0.03732809430255403,2.756385068762279
PAN2,0.4656188605108055,0.015717092337917484,2.7662082514734774
PAN3,0.3005893909626719,0.15913555992141454,2.361493123772102
PANK1,0.3850687622789784,0.068762278978389,2.522593320235756
PANK2,0.5304518664047151,0.04911591355599214,3.0392927308447937
PANK4,0.4361493123772102,0.047151277013752456,2.68565815324165
PANX1,0.343811394891945,0.17092337917485265,2.538310412573674
PAOX,0.4106090373280943,0.06286836935166994,2.581532416502947
PAPOLA,0.4931237721021611,0.05108055009823183,3.0412573673870336
PAPOLB,0.5756385068762279,0.009823182711198428,3.3064833005893908
PAPOLG,0.47347740667976423,0.0019646365422396855,2.927308447937132
PAPPA,0.5422396856581533,0.03339882121807466,3.0235756385068764
PAPPA2,0.5343811394891945,0.007858546168958742,2.9469548133595285
PAPSS1,0.36738703339882123,0.05697445972495088,2.524557956777996
PAPSS2,0.381139489194499,0.07072691552062868,2.504911591355599
PAQR3,0.38703339882121807,0.06483300589390963,2.5913555992141455
PAQR5,0.41453831041257366,0.06286836935166994,2.650294695481336
PAQR8,0.4793713163064833,0.0412573673870334,2.9194499017681728
PARD3,0.3713163064833006,0.10805500982318271,2.5265225933202355
PARD3B,0.37721021611001965,0.08447937131630648,2.579567779960707
PARD6A,0.4675834970530452,0.060903732809430254,2.762278978388998
PARD6B,0.5343811394891945,0.023575638506876228,3.100196463654224
PARD6G,0.21611001964636542,0.2593320235756385,2.086444007858546
PARG,0.40078585461689586,0.04911591355599214,2.5913555992141455
PARK7,0.4243614931237721,0.04518664047151277,2.6719056974459723
PARL,0.7858546168958742,0.0,4.601178781925344
PARN,0.4675834970530452,0.029469548133595286,2.7721021611001966
PARP1,0.5442043222003929,0.007858546168958742,3.0078585461689586
PARP12,0.42829076620825146,0.10216110019646366,2.6895874263261295
PARP14,0.6444007858546169,0.005893909626719057,3.522593320235756
PARP2,0.47347740667976423,0.047151277013752456,2.954813359528487
PARP3,0.11787819253438114,0.30648330058939094,1.8762278978388998
PARP4,0.29273084479371314,0.16895874263261296,2.318271119842829
PARP9,0.6444007858546169,0.005893909626719057,3.522593320235756
PARPBP,0.4577603143418468,0.015717092337917484,2.744597249508841
PARS2,0.4361493123772102,0.023575638506876228,2.701375245579568
PARVA,0.3791748526522593,0.08644400785854617,2.581532416502947
PARVB,0.44597249508840864,0.03143418467583497,2.799607072691552
PARVG,0.444007858546169,0.03143418467583497,2.7956777996070725
PASD1,0.21021611001964635,0.35952848722986247,1.9901768172888015
PASK,0.3516699410609037,0.09233791748526522,2.479371316306483
PATJ,0.4302554027504912,0.029469548133595286,2.68762278978389
PATL1,0.4636542239685658,0.029469548133595286,2.8290766208251474
PAWR,0.44793713163064836,0.021611001964636542,2.7111984282907664
PAX2,0.3850687622789784,0.068762278978389,2.5088408644400784
PAX3,0.33988212180746563,0.0962671905697446,2.447937131630648
PAX4,0.42829076620825146,0.09037328094302555,2.7111984282907664
PAX5,0.3929273084479371,0.1512770137524558,2.793713163064833
PAX6,0.4165029469548134,0.08447937131630648,2.6483300589390963
PAX7,0.4223968565815324,0.04518664047151277,2.6326129666011786
PAX8,0.4774066797642436,0.009823182711198428,2.8978388998035363
PAX9,0.48330058939096265,0.043222003929273084,3.094302554027505
PAXBP1,0.32612966601178783,0.0825147347740668,2.430255402750491
PAXIP1,0.4165029469548134,0.10805500982318271,2.6404715127701377
PBRM1,0.11787819253438114,0.30648330058939094,1.8762278978388998
PBX1,0.5383104125736738,0.007858546168958742,2.9842829076620827
PBX2,0.4518664047151277,0.04911591355599214,2.787819253438114
PBX3,0.5461689587426326,0.03536345776031434,3.019646365422397
PBX4,0.4400785854616896,0.05108055009823183,2.6895874263261295
PC,0.5638506876227898,0.01768172888015717,3.257367387033399
PCBD1,0.3929273084479371,0.04911591355599214,2.5717092337917484
PCBP1,0.47347740667976423,0.0019646365422396855,2.9037328094302555
PCBP2,0.46168958742632615,0.01768172888015717,2.742632612966601
PCCA,0.39096267190569745,0.11984282907662082,2.611001964636542
PCCB,0.7013752455795678,0.003929273084479371,3.868369351669941
PCDH15,0.4027504911591356,0.043222003929273084,2.612966601178782
PCDHA10,0.2966601178781925,0.08644400785854617,2.387033398821218
PCDHA11,0.2966601178781925,0.08644400785854617,2.387033398821218
PCDHA4,0.2966601178781925,0.08644400785854617,2.387033398821218
PCDHA7,0.2966601178781925,0.08644400785854617,2.387033398821218
PCDHA9,0.2966601178781925,0.08644400785854617,2.387033398821218
PCF11,0.39096267190569745,0.14538310412573674,2.7229862475442044
PCGF1,0.4715127701375246,0.0019646365422396855,2.905697445972495
PCGF2,0.44793713163064836,0.015717092337917484,2.817288801571709
PCGF3,0.3104125736738703,0.14538310412573674,2.4027504911591357
PCGF5,0.3889980353634578,0.068762278978389,2.5343811394891946
PCGF6,0.3850687622789784,0.06483300589390963,2.5166994106090375
PCK1,0.5422396856581533,0.023575638506876228,3.1296660117878194
PCK2,0.4538310412573674,0.05893909626719057,2.8781925343811396
PCLAF,0.4086444007858546,0.060903732809430254,2.6483300589390963
PCLO,0.4931237721021611,0.023575638506876228,2.9842829076620827
PCM1,0.28094302554027506,0.24361493123772102,2.267190569744597
PCMT1,0.4027504911591356,0.0412573673870334,2.644400785854617
PCNA,0.5324165029469549,0.04911591355599214,3.0589390962671907
PCNT,0.3163064833005894,0.10216110019646366,2.4106090373280944
PCOLCE,0.5245579567779961,0.015717092337917484,3.187376725838264
PCOLCE2,0.7151277013752456,0.003929273084479371,3.9626719056974458
PCSK1,0.26719056974459726,0.12573673870333987,2.3045186640471513
PCSK2,0.5284872298624754,0.043222003929273084,3.1100196463654224
PCSK5,0.4911591355599214,0.060903732809430254,2.895874263261297
PCSK6,0.45579567779960706,0.04518664047151277,2.799607072691552
PCSK9,0.4361493123772102,0.023575638506876228,2.701375245579568
PCTP,0.46954813359528486,0.01768172888015717,2.8605108055009825
PCYOX1L,0.3005893909626719,0.09430255402750491,2.387033398821218
PCYT1A,0.7819253438113949,0.0,4.363457760314342
PCYT1B,0.12770137524557956,0.5088408644400786,1.7111984282907662
PDC,0.5383104125736738,0.005893909626719057,3.0
PDCD1,0.3555992141453831,0.09233791748526522,2.4852652259332024
PDCD10,0.7799607072691552,0.0,4.49705304518664
PDCD11,0.3850687622789784,0.06679764243614932,2.5147347740667976
PDCD1LG2,0.37328094302554027,0.17681728880157171,3.0648330058939095
PDCD2L,0.4656188605108055,0.03536345776031434,2.74852652259332
PDCD4,0.3988212180746562,0.05893909626719057,2.56188605108055
PDCD5,0.45972495088408644,0.03929273084479371,2.7406679764243616
PDCD6,0.6345776031434185,0.009823182711198428,3.6286836935166993
PDCD6IP,0.13163064833005894,0.2868369351669941,1.9214145383104126
PDCD7,0.4106090373280943,0.06286836935166994,2.6483300589390963
PDCL3,0.4715127701375246,0.011787819253438114,2.8742632612966603
PDE10A,0.41453831041257366,0.0412573673870334,2.6522593320235757
PDE1A,0.46954813359528486,0.01768172888015717,2.8762278978388998
PDE1B,0.4656188605108055,0.015717092337917484,2.75049115913556
PDE1C,0.5677799607072691,0.0137524557956778,3.2220039292730847
PDE2A,0.4675834970530452,0.10216110019646366,3.094302554027505
PDE3A,0.518664047151277,0.023575638506876228,3.2278978388998034
PDE3B,0.3929273084479371,0.0825147347740668,2.618860510805501
PDE4A,0.4204322200392927,0.060903732809430254,2.644400785854617
PDE4B,0.4204322200392927,0.0275049115913556,2.667976424361493
PDE4D,0.2691552062868369,0.1237721021611002,2.3654223968565815
PDE4DIP,0.5324165029469549,0.009823182711198428,2.9469548133595285
PDE6A,0.3005893909626719,0.09233791748526522,2.388998035363458
PDE6B,0.3104125736738703,0.14538310412573674,2.4027504911591357
PDE6G,0.4675834970530452,0.047151277013752456,2.821218074656189
PDE7A,0.7072691552062869,0.003929273084479371,3.8153241650294696
PDE7B,0.42829076620825146,0.03732809430255403,2.7151277013752457
PDF,0.4656188605108055,0.060903732809430254,2.760314341846758
PDGFA,0.5658153241650294,0.015717092337917484,3.267716535433071
PDGFB,0.45579567779960706,0.023575638506876228,2.836935166994106
PDGFC,0.3300589390962672,0.10019646365422397,2.43614931237721
PDGFD,0.3300589390962672,0.17288801571709234,2.583497053045187
PDGFRA,0.41846758349705304,0.05108055009823183,2.7151277013752457
PDGFRB,0.3005893909626719,0.09233791748526522,2.388998035363458
PDHA2,0.36345776031434185,0.06679764243614932,2.512770137524558
PDHB,0.11984282907662082,0.30648330058939094,1.880157170923379
PDHX,0.4400785854616896,0.07269155206286837,2.8585461689587426
PDIA2,0.4636542239685658,0.043222003929273084,2.7387033398821217
PDIA3,0.3988212180746562,0.08055009823182711,2.6051080550098233
PDIA4,0.4243614931237721,0.11198428290766209,2.662082514734774
PDIA5,0.6444007858546169,0.005893909626719057,3.520628683693517
PDIA6,0.4538310412573674,0.021611001964636542,2.8231827111984282
PDK1,0.4715127701375246,0.0137524557956778,2.9646365422396856
PDK2,0.4656188605108055,0.011787819253438114,2.831041257367387
PDK4,0.5245579567779961,0.01768172888015717,3.2220039292730847
PDLIM1,0.3850687622789784,0.06679764243614932,2.512770137524558
PDLIM2,0.28094302554027506,0.24361493123772102,2.257367387033399
PDLIM3,0.3163064833005894,0.13555992141453832,2.3831041257367387
PDLIM5,0.37328094302554027,0.06679764243614932,2.5324165029469548
PDLIM7,0.3005893909626719,0.10019646365422397,2.387033398821218
PDP1,0.7328094302554028,0.003929273084479371,3.8526522593320234
PDP2,0.46954813359528486,0.060903732809430254,2.7662082514734774
PDPK1,0.4636542239685658,0.03929273084479371,2.742632612966601
PDPN,0.4223968565815324,0.047151277013752456,2.650294695481336
PDPR,0.4656188605108055,0.05893909626719057,2.764243614931238
PDRG1,0.587426326129666,0.007858546168958742,3.3595284872298623
PDS5A,0.3241650294695481,0.12180746561886051,2.447937131630648
PDS5B,0.2888015717092338,0.16699410609037327,2.330058939096267
PDSS1,0.3654223968565815,0.09430255402750491,2.5402750491159134
PDSS2,0.41846758349705304,0.043222003929273084,2.6836935166994107
PDX1,0.29862475442043224,0.15717092337917485,2.361493123772102
PDXK,0.3104125736738703,0.09823182711198428,2.3850687622789786
PDXP,0.4518664047151277,0.025540275049115914,2.8133595284872297
PDYN,0.5363457760314342,0.04911591355599214,3.056974459724951
PDZD11,0.15913555992141454,0.4066797642436149,1.8703339882121808
PDZD7,0.38703339882121807,0.068762278978389,2.512770137524558
PDZK1,0.5284872298624754,0.009823182711198428,2.931237721021611
PEA15,0.5383104125736738,0.005893909626719057,2.980353634577603
PEAK1,0.4223968565815324,0.06679764243614932,2.6463654223968565
PEBP1,0.4656188605108055,0.015717092337917484,2.7858546168958744
PECAM1,0.48919449901768175,0.01768172888015717,2.880157170923379
PECR,0.3418467583497053,0.09037328094302555,2.4577603143418467
PEF1,0.43418467583497056,0.03536345776031434,2.669941060903733
PELI1,0.47544204322200395,0.0,2.9155206286836934
PELI2,0.48919449901768175,0.03732809430255403,3.0275049115913557
PELI3,0.5579567779960707,0.01768172888015717,3.1886051080550097
PELO,0.29862475442043224,0.09823182711198428,2.43811394891945
PELP1,0.3850687622789784,0.09233791748526522,2.552062868369352
PEMT,0.3948919449901768,0.08840864440078586,2.6031434184675835
PENK,0.6817288801571709,0.007858546168958742,3.675834970530452
PER1,0.381139489194499,0.09430255402750491,2.552062868369352
PER2,0.35363457760314343,0.09430255402750491,2.479371316306483
PER3,0.4243614931237721,0.04518664047151277,2.6719056974459723
PERP,0.42829076620825146,0.03732809430255403,2.7269155206286837
PES1,0.46168958742632615,0.023575638506876228,2.8546168958742633
PEX1,0.5166994106090373,0.019646365422396856,3.3025540275049114
PEX10,0.4361493123772102,0.047151277013752456,2.68565815324165
PEX11A,0.444007858546169,0.05108055009823183,2.7347740667976423
PEX11B,0.5284872298624754,0.009823182711198428,2.931237721021611
PEX11G,0.39096267190569745,0.08447937131630648,2.5166994106090375
PEX13,0.4715127701375246,0.0019646365422396855,2.923379174852652
PEX14,0.4243614931237721,0.047151277013752456,2.6483300589390963
PEX16,0.4263261296660118,0.06483300589390963,2.774066797642436
PEX19,0.5383104125736738,0.005893909626719057,2.980353634577603
PEX2,0.7092337917485265,0.003929273084479371,3.805500982318271
PEX26,0.4656188605108055,0.03536345776031434,2.9410609037328093
PEX3,0.4165029469548134,0.03929273084479371,2.6836935166994107
PEX5,0.5225933202357563,0.021611001964636542,3.1728880157170924
PEX5L,0.7858546168958742,0.0,4.675834970530452
PEX6,0.4636542239685658,0.03929273084479371,2.8722986247544204
PEX7,0.4263261296660118,0.03732809430255403,2.724950884086444
PF4,0.412573673870334,0.047151277013752456,2.7111984282907664
PF4V1,0.412573673870334,0.047151277013752456,2.7288801571709236
PFAS,0.3831041257367387,0.09430255402750491,2.5599214145383105
PFDN1,0.2966601178781925,0.08644400785854617,2.387033398821218
PFDN2,0.5383104125736738,0.005893909626719057,2.974459724950884
PFDN4,0.5363457760314342,0.025540275049115914,3.1119842829076623
PFDN5,0.46168958742632615,0.019646365422396856,2.744597249508841
PFDN6,0.44793713163064836,0.05304518664047151,2.7701375245579567
PFKFB1,0.14145383104125736,0.47544204322200395,1.7897838899803535
PFKFB2,0.5442043222003929,0.005893909626719057,2.9901768172888015
PFKFB3,0.3693516699410609,0.10412573673870335,2.522593320235756
PFKFB4,0.11787819253438114,0.3005893909626719,1.882121807465619
PFKL,0.30844793713163066,0.10019646365422397,2.3831041257367387
PFKM,0.4518664047151277,0.023575638506876228,2.7347740667976423
PFKP,0.3575638506876228,0.10609037328094302,2.4891944990176817
PFN1,0.3850687622789784,0.0962671905697446,2.56188605108055
PFN2,0.7445972495088409,0.003929273084479371,4.222003929273084
PGAM1,0.3831041257367387,0.068762278978389,2.5108055009823183
PGAM5,0.449901768172888,0.023575638506876228,2.7151277013752457
PGAP1,0.43418467583497056,0.03143418467583497,2.7681728880157173
PGAP2,0.3693516699410609,0.10805500982318271,2.5147347740667976
PGAP3,0.4538310412573674,0.015717092337917484,3.0078585461689586
PGBD1,0.4400785854616896,0.05893909626719057,2.744597249508841
PGD,0.4243614931237721,0.047151277013752456,2.6522593320235757
PGF,0.4950884086444008,0.03536345776031434,3.0471512770137523
PGGT1B,0.2868369351669941,0.1100196463654224,2.355599214145383
PGK1,0.15913555992141454,0.4086444007858546,1.8781925343811394
PGK2,0.4715127701375246,0.043222003929273084,2.882121807465619
PGLS,0.4381139489194499,0.05108055009823183,2.6797642436149314
PGLYRP1,0.4636542239685658,0.03732809430255403,2.701375245579568
PGLYRP3,0.5363457760314342,0.007858546168958742,2.9449901768172886
PGLYRP4,0.5343811394891945,0.009823182711198428,2.93909626719057
PGM1,0.4243614931237721,0.029469548133595286,2.675834970530452
PGM2,0.32612966601178783,0.12573673870333987,2.4459724950884087
PGM2L1,0.43222003929273084,0.11394891944990176,2.8781925343811396
PGM5,0.48919449901768175,0.07072691552062868,2.8703339882121806
PGR,0.37328094302554027,0.16306483300589392,3.1335952848722988
PGRMC1,0.18664047151277013,0.3831041257367387,1.9430255402750491
PGS1,0.481335952848723,0.03732809430255403,2.850687622789784
PHACTR3,0.5422396856581533,0.021611001964636542,3.1277013752455796
PHAX,0.2829076620825147,0.10412573673870335,2.357563850687623
PHB2,0.5225933202357563,0.019646365422396856,3.182711198428291
PHC1,0.518664047151277,0.025540275049115914,3.1571709233791747
PHC2,0.444007858546169,0.029469548133595286,2.7111984282907664
PHC3,0.7858546168958742,0.0,4.542239685658153
PHETA1,0.45579567779960706,0.015717092337917484,2.75049115913556
PHETA2,0.449901768172888,0.025540275049115914,2.8153241650294696
PHF1,0.44793713163064836,0.05304518664047151,2.7701375245579567
PHF10,0.412573673870334,0.0412573673870334,2.675834970530452
PHF11,0.31237721021611004,0.17681728880157171,2.3713163064833007
PHF12,0.43222003929273084,0.019646365422396856,2.7897838899803538
PHF13,0.4263261296660118,0.04518664047151277,2.6777996070726915
PHF19,0.5442043222003929,0.03732809430255403,3.0098231827111985
PHF2,0.518664047151277,0.03732809430255403,2.9783889980353635
PHF20,0.5736738703339882,0.015717092337917484,3.324165029469548
PHF21A,0.4263261296660118,0.06483300589390963,2.774066797642436
PHF5A,0.4518664047151277,0.023575638506876228,2.821218074656189
PHGDH,0.36345776031434185,0.09233791748526522,2.5579567779960706
PHKA1,0.15913555992141454,0.412573673870334,1.8664047151277015
PHKA2,0.12770137524557956,0.5029469548133595,1.7053045186640472
PHKB,0.45579567779960706,0.07072691552062868,2.7799607072691552
PHKG1,0.5756385068762279,0.009823182711198428,4.045186640471512
PHLDA1,0.44204322200392926,0.0275049115913556,2.6895874263261295
PHLDA2,0.37328094302554027,0.10805500982318271,2.522593320235756
PHLDA3,0.5442043222003929,0.007858546168958742,2.9842829076620827
PHLPP1,0.2318271119842829,0.23968565815324164,2.1296660117878194
PHLPP2,0.4675834970530452,0.05893909626719057,2.7701375245579567
PHPT1,0.5265225933202358,0.05304518664047151,2.9724950884086443
PHYH,0.36345776031434185,0.10805500982318271,2.5108055009823183
PHYKPL,0.3005893909626719,0.10019646365422397,2.3850687622789786
PI3,0.5363457760314342,0.025540275049115914,3.1119842829076623
PI4K2A,0.3831041257367387,0.068762278978389,2.5108055009823183
PI4K2B,0.32023575638506874,0.13555992141453832,2.4734774066797645
PI4KA,0.48526522593320237,0.019646365422396856,3.1669941060903732
PI4KB,0.5383104125736738,0.007858546168958742,2.9921414538310414
PIANP,0.5225933202357563,0.021611001964636542,3.180746561886051
PIAS1,0.41453831041257366,0.06286836935166994,2.650294695481336
PIAS2,0.27897838899803534,0.20039292730844793,2.332023575638507
PIAS3,0.5284872298624754,0.009823182711198428,2.931237721021611
PIAS4,0.3831041257367387,0.09823182711198428,2.4911591355599216
PICALM,0.36738703339882123,0.16110019646365423,2.5893909626719056
PICK1,0.45579567779960706,0.025540275049115914,2.825147347740668
PIDD1,0.37721021611001965,0.10412573673870335,2.5461689587426326
PIF1,0.4106090373280943,0.06286836935166994,2.6483300589390963
PIGA,0.12573673870333987,0.5009823182711198,1.7033398821218075
PIGB,0.40471512770137524,0.07072691552062868,2.6404715127701377
PIGC,0.5343811394891945,0.007858546168958742,2.954813359528487
PIGF,0.47544204322200395,0.007858546168958742,2.895874263261297
PIGG,0.3104125736738703,0.14538310412573674,2.4027504911591357
PIGH,0.4931237721021611,0.03536345776031434,3.045186640471513
PIGK,0.40078585461689586,0.03536345776031434,2.611001964636542
PIGL,0.3968565815324165,0.09037328094302555,2.6286836935166993
PIGM,0.5383104125736738,0.005893909626719057,2.980353634577603
PIGN,0.22986247544204322,0.23968565815324164,2.1277013752455796
PIGO,0.42829076620825146,0.13359528487229863,3.0216110019646365
PIGP,0.3280943025540275,0.08644400785854617,2.4282907662082516
PIGQ,0.46168958742632615,0.0412573673870334,2.7387033398821217
PIGR,0.5442043222003929,0.005893909626719057,2.9901768172888015
PIGS,0.4361493123772102,0.019646365422396856,2.799607072691552
PIGT,0.5363457760314342,0.023575638506876228,3.1159135559921416
PIGU,0.587426326129666,0.007858546168958742,3.4223968565815324
PIGV,0.41846758349705304,0.04518664047151277,2.62475442043222
PIGW,0.4381139489194499,0.019646365422396856,2.7799607072691552
PIGX,0.7819253438113949,0.0,4.365422396856582
PIGY,0.3791748526522593,0.060903732809430254,2.56188605108055
PIH1D1,0.4656188605108055,0.03143418467583497,2.7229862475442044
PIK3AP1,0.3831041257367387,0.068762278978389,2.5088408644400784
PIK3C2A,0.39096267190569745,0.0825147347740668,2.5893909626719056
PIK3C2B,0.5442043222003929,0.005893909626719057,2.986247544204322
PIK3C3,0.2829076620825147,0.19646365422396855,2.37524557956778
PIK3CA,0.7858546168958742,0.0,4.726915520628683
PIK3CB,0.7053045186640472,0.003929273084479371,3.836935166994106
PIK3CD,0.4263261296660118,0.043222003929273084,2.6640471512770136
PIK3CG,0.5147347740667977,0.029469548133595286,3.072691552062868
PIK3R1,0.26719056974459726,0.11984282907662082,2.3104125736738705
PIK3R2,0.4361493123772102,0.04911591355599214,2.6895874263261295
PIK3R3,0.4518664047151277,0.0137524557956778,2.742632612966601
PIK3R4,0.6660117878192534,0.005893909626719057,3.6090373280943027
PIK3R5,0.3850687622789784,0.09233791748526522,2.56385068762279
PIK3R6,0.3850687622789784,0.09233791748526522,2.56385068762279
PIKFYVE,0.35952848722986247,0.0825147347740668,2.5029469548133596
PILRA,0.5284872298624754,0.0137524557956778,3.194499017681729
PIM1,0.4518664047151277,0.04518664047151277,2.7779960707269153
PIMREG,0.381139489194499,0.0962671905697446,2.5442043222003927
PIN1,0.4204322200392927,0.06483300589390963,2.638506876227898
PINK1,0.4223968565815324,0.0412573673870334,2.6365422396856584
PINX1,0.2730844793713163,0.2554027504911591,2.2337917485265226
PIP,0.4263261296660118,0.10805500982318271,2.6660117878192535
PIP4K2B,0.44793713163064836,0.015717092337917484,2.817288801571709
PIP4K2C,0.4675834970530452,0.01768172888015717,2.8035363457760316
PIP4P1,0.4715127701375246,0.04911591355599214,2.93909626719057
PIP4P2,0.7288801571709234,0.003929273084479371,3.848722986247544
PIP5K1A,0.5383104125736738,0.007858546168958742,2.9921414538310414
PIP5K1B,0.48919449901768175,0.06679764243614932,2.8781925343811396
PIP5K1C,0.3791748526522593,0.09823182711198428,2.495088408644401
PIP5KL1,0.5422396856581533,0.03536345776031434,3.0098231827111985
PIPOX,0.43222003929273084,0.019646365422396856,2.7976424361493124
PIR,0.12573673870333987,0.5029469548133595,1.7013752455795679
PISD,0.45579567779960706,0.023575638506876228,2.8447937131630647
PITPNA,0.3889980353634578,0.09430255402750491,2.56188605108055
PITPNM1,0.5520628683693517,0.0275049115913556,3.225933202357564
PITPNM3,0.381139489194499,0.0962671905697446,2.5442043222003927
PITRM1,0.3575638506876228,0.10609037328094302,2.4891944990176817
PITX1,0.29469548133595286,0.09233791748526522,2.387033398821218
PITX3,0.3850687622789784,0.06679764243614932,2.5147347740667976
PIWIL1,0.45972495088408644,0.01768172888015717,2.7465618860510808
PIWIL2,0.28094302554027506,0.24361493123772102,2.257367387033399
PIWIL4,0.33988212180746563,0.17485265225933203,2.504911591355599
PJA1,0.15913555992141454,0.40471512770137524,1.8722986247544204
PJA2,0.2770137524557957,0.11394891944990176,2.3280943025540277
PKD1,0.4636542239685658,0.03929273084479371,2.742632612966601
PKD1L3,0.4675834970530452,0.060903732809430254,2.7681728880157173
PKD2,0.381139489194499,0.060903732809430254,2.5717092337917484
PKD2L1,0.381139489194499,0.07269155206286837,2.4990176817288803
PKIA,0.7131630648330058,0.003929273084479371,3.8271119842829076
PKLR,0.5363457760314342,0.005893909626719057,2.943025540275049
PKM,0.41453831041257366,0.05893909626719057,2.7288801571709236
PKMYT1,0.4656188605108055,0.0412573673870334,2.74852652259332
PKN1,0.43418467583497056,0.047151277013752456,2.6915520628683693
PKN2,0.3948919449901768,0.03732809430255403,2.612966601178782
PKN3,0.5422396856581533,0.03732809430255403,3.005893909626719
PKNOX1,0.30844793713163066,0.09823182711198428,2.3831041257367387
PKNOX2,0.30844793713163066,0.1807465618860511,2.3280943025540277
PKP1,0.5442043222003929,0.007858546168958742,2.9842829076620827
PKP2,0.5068762278978389,0.021611001964636542,3.1218074656188604
PKP3,0.37328094302554027,0.11198428290766209,2.5304518664047153
PKP4,0.44793713163064836,0.01768172888015717,2.7662082514734774
PLA2G10,0.46954813359528486,0.029469548133595286,2.774066797642436
PLA2G12A,0.37328094302554027,0.05304518664047151,2.536345776031434
PLA2G12B,0.3929273084479371,0.05108055009823183,2.569744597249509
PLA2G15,0.4675834970530452,0.060903732809430254,2.760314341846758
PLA2G1B,0.4675834970530452,0.0137524557956778,2.7858546168958744
PLA2G2A,0.4243614931237721,0.0412573673870334,2.6404715127701377
PLA2G3,0.4577603143418468,0.021611001964636542,2.850687622789784
PLA2G4A,0.5383104125736738,0.007858546168958742,2.99803536345776
PLA2G4D,0.3988212180746562,0.0825147347740668,2.599214145383104
PLA2G5,0.4223968565815324,0.0412573673870334,2.638506876227898
PLA2G6,0.45579567779960706,0.025540275049115914,2.834970530451866
PLA2G7,0.47347740667976423,0.04518664047151277,2.8899803536345776
PLA2R1,0.44793713163064836,0.019646365422396856,2.787819253438114
PLAGL1,0.41453831041257366,0.03929273084479371,2.681728880157171
PLAT,0.41453831041257366,0.14538310412573674,2.8153241650294696
PLAU,0.3968565815324165,0.05304518664047151,2.5736738703339883
PLAUR,0.4636542239685658,0.03732809430255403,2.730844793713163
PLB1,0.4774066797642436,0.005893909626719057,2.880157170923379
PLCB1,0.5343811394891945,0.05108055009823183,3.1159135559921416
PLCB2,0.39096267190569745,0.07858546168958742,2.5893909626719056
PLCB3,0.48919449901768175,0.025540275049115914,2.9666011787819255
PLCB4,0.5383104125736738,0.04911591355599214,3.1453831041257367
PLCD1,0.12966601178781925,0.2888015717092338,1.9115913555992141
PLCD3,0.4577603143418468,0.01768172888015717,2.799607072691552
PLCD4,0.343811394891945,0.09037328094302555,2.461689587426326
PLCE1,0.3850687622789784,0.07072691552062868,2.512770137524558
PLCG1,0.5402750491159135,0.023575638506876228,3.1100196463654224
PLCG2,0.4518664047151277,0.07269155206286837,2.7210216110019645
PLCH1,0.7544204322200393,0.0019646365422396855,4.271119842829076
PLCZ1,0.5127701375245579,0.023575638506876228,3.1552062868369353
PLD1,0.787819253438114,0.0,4.56385068762279
PLD2,0.3850687622789784,0.0962671905697446,2.5579567779960706
PLD3,0.46168958742632615,0.03929273084479371,2.7838899803536346
PLEC,0.7701375245579568,0.0019646365422396855,4.037328094302554
PLEK,0.4774066797642436,0.003929273084479371,2.9096267190569747
PLEKHA1,0.4106090373280943,0.05697445972495088,2.579567779960707
PLEKHA2,0.41846758349705304,0.14538310412573674,2.970530451866405
PLEKHA7,0.39096267190569745,0.0825147347740668,2.5913555992141455
PLEKHG2,0.4675834970530452,0.03732809430255403,2.834970530451866
PLEKHG5,0.4263261296660118,0.04518664047151277,2.6777996070726915
PLEKHG6,0.5206286836935167,0.021611001964636542,3.1709233791748526
PLEKHM1,0.46168958742632615,0.01768172888015717,2.8035363457760316
PLEKHM2,0.4223968565815324,0.05108055009823183,2.6365422396856584
PLG,0.40471512770137524,0.03929273084479371,2.6522593320235757
PLIN1,0.444007858546169,0.05108055009823183,2.730844793713163
PLIN2,0.3516699410609037,0.17485265225933203,2.7092337917485265
PLIN3,0.38703339882121807,0.0962671905697446,2.5029469548133596
PLIN5,0.3850687622789784,0.0962671905697446,2.4970530451866404
PLK1,0.45972495088408644,0.03339882121807466,2.7662082514734774
PLK2,0.2770137524557957,0.11591355599214145,2.387033398821218
PLK3,0.4518664047151277,0.0137524557956778,2.75049115913556
PLK4,0.3654223968565815,0.060903732809430254,2.524557956777996
PLLP,0.4577603143418468,0.06679764243614932,2.7662082514734774
PLN,0.43222003929273084,0.03732809430255403,2.6895874263261295
PLOD1,0.4243614931237721,0.04518664047151277,2.654223968565815
PLOD2,0.724950884086444,0.003929273084479371,4.076620825147348
PLOD3,0.5206286836935167,0.019646365422396856,3.1414538310412574
PLP1,0.18664047151277013,0.38703339882121807,1.9273084479371316
PLP2,0.12573673870333987,0.5068762278978389,1.7053045186640472
PLPBP,0.4106090373280943,0.15324165029469547,2.956777996070727
PLPP1,0.28487229862475444,0.10412573673870335,2.4263261296660117
PLPP2,0.3575638506876228,0.11787819253438114,2.4145383104125737
PLPP3,0.4361493123772102,0.023575638506876228,2.7151277013752457
PLPP4,0.4066797642436149,0.05697445972495088,2.5717092337917484
PLPP6,0.3713163064833006,0.17288801571709234,2.9332023575638506
PLPPR2,0.42829076620825146,0.05304518664047151,2.654223968565815
PLPPR3,0.3575638506876228,0.11787819253438114,2.418467583497053
PLRG1,0.3280943025540275,0.09823182711198428,2.432220039292731
PLS3,0.18271119842829076,0.3850687622789784,1.9332023575638506
PLSCR1,0.7269155206286837,0.003929273084479371,4.092337917485265
PLTP,0.5363457760314342,0.023575638506876228,3.117878192534381
PLXNA1,0.6542239685658153,0.005893909626719057,3.567779960707269
PLXNA2,0.5442043222003929,0.005893909626719057,2.9901768172888015
PLXNA3,0.21218074656188604,0.35363457760314343,1.9960707269155207
PLXNA4,0.43418467583497056,0.0962671905697446,2.7033398821218073
PLXNB1,0.11787819253438114,0.3005893909626719,1.882121807465619
PLXNB2,0.44204322200392926,0.043222003929273084,2.807465618860511
PLXNB3,0.21414538310412573,0.35363457760314343,1.9980353634577603
PLXNC1,0.449901768172888,0.021611001964636542,2.719056974459725
PLXND1,0.6640471512770137,0.005893909626719057,3.5893909626719056
PMAIP1,0.22396856581532418,0.2337917485265226,2.1257367387033397
PMCH,0.4577603143418468,0.015717092337917484,2.744597249508841
PMEL,0.4656188605108055,0.015717092337917484,2.7662082514734774
PMEPA1,0.5422396856581533,0.023575638506876228,3.1296660117878194
PMF1,0.5363457760314342,0.005893909626719057,2.9410609037328093
PML,0.412573673870334,0.06483300589390963,2.6365422396856584
PMM1,0.449901768172888,0.025540275049115914,2.817288801571709
PMM2,0.4774066797642436,0.029469548133595286,2.8015717092337917
PMP2,0.7170923379174853,0.003929273084479371,3.8408644400785854
PMP22,0.3929273084479371,0.08840864440078586,2.6168958742632613
PMPCA,0.5265225933202358,0.05304518664047151,2.974459724950884
PMPCB,0.518664047151277,0.021611001964636542,3.135559921414538
PMS1,0.449901768172888,0.029469548133595286,2.893909626719057
PMS2,0.5756385068762279,0.009823182711198428,3.298624754420432
PMVK,0.5402750491159135,0.005893909626719057,2.9489194499017684
PNISR,0.41453831041257366,0.0412573673870334,2.6483300589390963
PNKD,0.343811394891945,0.09037328094302555,2.4597249508840866
PNKP,0.4656188605108055,0.03143418467583497,2.7229862475442044
PNLIP,0.40078585461689586,0.05893909626719057,2.56385068762279
PNLIPRP1,0.40078585461689586,0.05893909626719057,2.56385068762279
PNMA2,0.28487229862475444,0.2318271119842829,2.280943025540275
PNMT,0.4518664047151277,0.015717092337917484,2.99803536345776
PNN,0.48526522593320237,0.043222003929273084,3.019646365422397
PNO1,0.47544204322200395,0.003929273084479371,2.9096267190569747
PNP,0.4715127701375246,0.04911591355599214,2.93909626719057
PNPLA2,0.37721021611001965,0.10412573673870335,2.5461689587426326
PNPLA3,0.44597249508840864,0.03143418467583497,2.799607072691552
PNPLA6,0.39096267190569745,0.08447937131630648,2.5166994106090375
PNPO,0.46168958742632615,0.0137524557956778,2.817288801571709
PNPT1,0.47347740667976423,0.003929273084479371,2.907662082514735
PNRC2,0.41846758349705304,0.04518664047151277,2.62475442043222
POC5,0.2632612966601179,0.12180746561886051,2.2966601178781927
PODXL2,0.656188605108055,0.005893909626719057,3.5756385068762278
POFUT1,0.5893909626719057,0.007858546168958742,3.37328094302554
POFUT2,0.3104125736738703,0.09823182711198428,2.398821218074656
POGLUT1,0.6444007858546169,0.005893909626719057,3.506876227897839
POGZ,0.5383104125736738,0.007858546168958742,2.9764243614931236
POLA1,0.12770137524557956,0.5088408644400786,1.6954813359528487
POLA2,0.5088408644400786,0.019646365422396856,3.017681728880157
POLB,0.412573673870334,0.14538310412573674,2.807465618860511
POLD1,0.4656188605108055,0.03143418467583497,2.7229862475442044
POLD2,0.5520628683693517,0.01768172888015717,3.192534381139489
POLD3,0.42829076620825146,0.11787819253438114,2.864440078585462
POLD4,0.5579567779960707,0.025540275049115914,3.2593320235756384
POLDIP3,0.44793713163064836,0.025540275049115914,2.805500982318271
POLE,0.449901768172888,0.023575638506876228,2.7151277013752457
POLE2,0.48526522593320237,0.03732809430255403,3.0216110019646365
POLE3,0.5363457760314342,0.03143418467583497,3.011787819253438
POLE4,0.4715127701375246,0.0019646365422396855,2.9037328094302555
POLG,0.44204322200392926,0.05108055009823183,2.7288801571709236
POLG2,0.48919449901768175,0.01768172888015717,2.880157170923379
POLH,0.4675834970530452,0.03929273084479371,2.856581532416503
POLI,0.24361493123772102,0.22789783889980353,2.163064833005894
POLK,0.2632612966601179,0.12180746561886051,2.2966601178781927
POLL,0.38703339882121807,0.068762278978389,2.5147347740667976
POLM,0.5520628683693517,0.01768172888015717,3.192534381139489
POLN,0.3143418467583497,0.14734774066797643,2.406679764243615
POLQ,0.6444007858546169,0.005893909626719057,3.5147347740667976
POLR1A,0.46954813359528486,0.005893909626719057,2.9155206286836934
POLR1B,0.4715127701375246,0.009823182711198428,2.8722986247544204
POLR1D,0.29862475442043224,0.15717092337917485,2.3634577603143416
POLR1E,0.39096267190569745,0.1512770137524558,2.7681728880157173
POLR2B,0.4086444007858546,0.04911591355599214,2.6895874263261295
POLR2C,0.4577603143418468,0.06679764243614932,2.7662082514734774
POLR2D,0.4518664047151277,0.011787819253438114,2.7956777996070725
POLR2E,0.3575638506876228,0.11787819253438114,2.418467583497053
POLR2F,0.45579567779960706,0.025540275049115914,2.825147347740668
POLR2G,0.4793713163064833,0.03143418467583497,2.8703339882121806
POLR2H,0.7858546168958742,0.0,4.522593320235757
POLR2I,0.46954813359528486,0.03732809430255403,2.7465618860510808
POLR2J,0.518664047151277,0.021611001964636542,3.1277013752455796
POLR2J2,0.518664047151277,0.021611001964636542,3.1277013752455796
POLR2J3,0.518664047151277,0.021611001964636542,3.1277013752455796
POLR2K,0.75049115913556,0.0019646365422396855,4.001964636542239
POLR2L,0.37721021611001965,0.10412573673870335,2.5461689587426326
POLR2M,0.40471512770137524,0.06679764243614932,2.6286836935166993
POLR3A,0.3988212180746562,0.05304518664047151,2.5736738703339883
POLR3B,0.45579567779960706,0.015717092337917484,2.744597249508841
POLR3C,0.5284872298624754,0.009823182711198428,2.931237721021611
POLR3D,0.28094302554027506,0.24361493123772102,2.257367387033399
POLR3E,0.45972495088408644,0.03339882121807466,2.7544204322200394
POLR3F,0.5324165029469549,0.0412573673870334,3.137524557956778
POLR3G,0.2593320235756385,0.13359528487229863,2.2848722986247543
POLR3GL,0.5284872298624754,0.009823182711198428,2.931237721021611
POLR3H,0.4518664047151277,0.023575638506876228,2.821218074656189
POLR3K,0.4636542239685658,0.043222003929273084,2.7387033398821217
POLRMT,0.3575638506876228,0.11787819253438114,2.418467583497053
POM121,0.48330058939096265,0.025540275049115914,2.9351669941060905
POMC,0.4715127701375246,0.009823182711198428,2.8664047151277012
POMGNT1,0.4518664047151277,0.0137524557956778,2.742632612966601
POMGNT2,0.12573673870333987,0.2888015717092338,1.9076620825147348
POMK,0.4204322200392927,0.14538310412573674,2.8447937131630647
POMP,0.2966601178781925,0.15913555992141454,2.341846758349705
POMT1,0.5383104125736738,0.03929273084479371,3.011787819253438
POMT2,0.4931237721021611,0.03732809430255403,3.0392927308447937
PON1,0.5245579567779961,0.01768172888015717,3.24950884086444
PON3,0.5245579567779961,0.01768172888015717,3.24950884086444
POP1,0.7445972495088409,0.0019646365422396855,3.925343811394892
POP4,0.46168958742632615,0.0412573673870334,2.8467583497053046
POP5,0.4675834970530452,0.0137524557956778,2.781925343811395
POP7,0.5265225933202358,0.015717092337917484,3.1846758349705304
POR,0.481335952848723,0.0275049115913556,2.927308447937132
PORCN,0.12770137524557956,0.5029469548133595,1.7210216110019647
POT1,0.43222003929273084,0.08447937131630648,2.717092337917485
POU1F1,0.17681728880157171,0.2730844793713163,2.0550098231827114
POU2AF1,0.2966601178781925,0.1944990176817289,2.2888015717092336
POU2F1,0.5343811394891945,0.009823182711198428,2.9960707269155207
POU2F2,0.45972495088408644,0.03732809430255403,2.6954813359528487
POU3F2,0.41453831041257366,0.0412573673870334,2.650294695481336
POU4F1,0.37328094302554027,0.137524557956778,2.569744597249509
POU4F2,0.3575638506876228,0.07858546168958742,2.4970530451866404
POU5F1,0.44793713163064836,0.05304518664047151,2.7858546168958744
PPA1,0.39096267190569745,0.04911591355599214,2.5579567779960706
PPA2,0.3693516699410609,0.060903732809430254,2.524557956777996
PPARA,0.449901768172888,0.03732809430255403,2.8428290766208253
PPARD,0.4518664047151277,0.047151277013752456,2.776031434184676
PPARG,0.14931237721021612,0.26719056974459726,1.9783889980353635
PPARGC1A,0.3182711198428291,0.13359528487229863,2.416502946954813
PPARGC1B,0.3005893909626719,0.09233791748526522,2.388998035363458
PPAT,0.41846758349705304,0.047151277013752456,2.7151277013752457
PPBP,0.412573673870334,0.047151277013752456,2.7111984282907664
PPCDC,0.41453831041257366,0.06286836935166994,2.638506876227898
PPCS,0.45972495088408644,0.015717092337917484,2.7799607072691552
PPFIA1,0.6090373280943026,0.03143418467583497,6.760314341846758
PPFIA2,0.44597249508840864,0.019646365422396856,2.7151277013752457
PPFIA3,0.4636542239685658,0.03339882121807466,2.7111984282907664
PPFIA4,0.5442043222003929,0.007858546168958742,2.982318271119843
PPFIBP1,0.5068762278978389,0.023575638506876228,3.1335952848722988
PPIA,0.5520628683693517,0.01768172888015717,3.192534381139489
PPIB,0.4086444007858546,0.06286836935166994,2.6463654223968565
PPID,0.3379174852652259,0.10216110019646366,2.43811394891945
PPIE,0.45972495088408644,0.015717092337917484,2.781925343811395
PPIF,0.3988212180746562,0.0550098231827112,2.5736738703339883
PPIG,0.45972495088408644,0.015717092337917484,2.8290766208251474
PPIH,0.45972495088408644,0.015717092337917484,2.7838899803536346
PPIL1,0.449901768172888,0.047151277013752456,2.7721021611001966
PPIL2,0.47347740667976423,0.021611001964636542,2.943025540275049
PPIL3,0.41453831041257366,0.043222003929273084,2.7210216110019645
PPIL4,0.4027504911591356,0.0412573673870334,2.644400785854617
PPIP5K1,0.3988212180746562,0.08055009823182711,2.6051080550098233
PPIP5K2,0.2691552062868369,0.11787819253438114,2.31434184675835
PPL,0.4656188605108055,0.03732809430255403,2.7583497053045187
PPM1A,0.4931237721021611,0.03536345776031434,3.043222003929273
PPM1B,0.47544204322200395,0.005893909626719057,2.8860510805500983
PPM1D,0.47544204322200395,0.01768172888015717,2.8546168958742633
PPM1K,0.3791748526522593,0.060903732809430254,2.56188605108055
PPM1L,0.7603143418467584,0.0019646365422396855,4.3339882121807465
PPOX,0.5383104125736738,0.005893909626719057,2.974459724950884
PPP1CA,0.5579567779960707,0.025540275049115914,3.255402750491159
PPP1CB,0.4774066797642436,0.003929273084479371,2.882121807465619
PPP1CC,0.4538310412573674,0.015717092337917484,2.74852652259332
PPP1R10,0.449901768172888,0.04911591355599214,2.8231827111984282
PPP1R12A,0.449901768172888,0.021611001964636542,2.7151277013752457
PPP1R12B,0.5442043222003929,0.007858546168958742,2.982318271119843
PPP1R12C,0.4793713163064833,0.03143418467583497,2.774066797642436
PPP1R13B,0.48722986247544203,0.0550098231827112,3.0
PPP1R13L,0.4656188605108055,0.03732809430255403,2.705304518664047
PPP1R14A,0.47347740667976423,0.03732809430255403,2.8035363457760316
PPP1R14B,0.48919449901768175,0.025540275049115914,2.9666011787819255
PPP1R14C,0.4027504911591356,0.0412573673870334,2.644400785854617
PPP1R14D,0.39096267190569745,0.08055009823182711,2.587426326129666
PPP1R15A,0.46168958742632615,0.03339882121807466,2.699410609037328
PPP1R15B,0.5442043222003929,0.005893909626719057,2.986247544204322
PPP1R16B,0.555992141453831,0.021611001964636542,3.1905697445972496
PPP1R17,0.5677799607072691,0.0137524557956778,3.225933202357564
PPP1R18,0.44793713163064836,0.04911591355599214,2.8208661417322833
PPP1R1B,0.4518664047151277,0.015717092337917484,2.99803536345776
PPP1R3A,0.47544204322200395,0.05108055009823183,2.893909626719057
PPP1R3C,0.3889980353634578,0.068762278978389,2.5343811394891946
PPP1R3D,0.5422396856581533,0.021611001964636542,3.1277013752455796
PPP1R3E,0.46168958742632615,0.05304518664047151,2.9037328094302555
PPP1R3F,0.12573673870333987,0.5068762278978389,1.7053045186640472
PPP1R7,0.3516699410609037,0.09233791748526522,2.479371316306483
PPP1R8,0.4243614931237721,0.0412573673870334,2.638506876227898
PPP1R9A,0.5245579567779961,0.01768172888015717,3.2612966601178783
PPP1R9B,0.4636542239685658,0.011787819253438114,2.8271119842829076
PPP2CA,0.2907662082514735,0.09823182711198428,2.37524557956778
PPP2CB,0.31237721021611004,0.21611001964636542,2.4145383104125737
PPP2R1A,0.4636542239685658,0.03339882121807466,2.732809430255403
PPP2R1B,0.2966601178781925,0.19646365422396855,2.2927308447937134
PPP2R2A,0.28487229862475444,0.2318271119842829,2.280943025540275
PPP2R2B,0.2966601178781925,0.09233791748526522,2.381139489194499
PPP2R2C,0.30648330058939094,0.15520628683693516,2.3948919449901767
PPP2R2D,0.4106090373280943,0.060903732809430254,2.5776031434184676
PPP2R3A,0.7013752455795678,0.003929273084479371,3.8585461689587426
PPP2R3B,0.34577603143418467,0.23772102161100198,2.432220039292731
PPP2R3C,0.4793713163064833,0.043222003929273084,3.029469548133595
PPP2R5A,0.5461689587426326,0.007858546168958742,2.988212180746562
PPP2R5B,0.5029469548133595,0.019646365422396856,2.9960707269155207
PPP2R5C,0.48919449901768175,0.05893909626719057,2.9842829076620827
PPP2R5D,0.4636542239685658,0.03929273084479371,2.8722986247544204
PPP2R5E,0.4950884086444008,0.03536345776031434,3.056974459724951
PPP3CA,0.3654223968565815,0.05893909626719057,2.518664047151277
PPP3CB,0.3968565815324165,0.05108055009823183,2.5756385068762278
PPP3CC,0.28094302554027506,0.24361493123772102,2.257367387033399
PPP3R1,0.47544204322200395,0.003929273084479371,2.9037328094302555
PPP4C,0.46954813359528486,0.029469548133595286,2.7976424361493124
PPP4R1,0.48526522593320237,0.047151277013752456,3.0275049115913557
PPP4R2,0.1237721021611002,0.31237721021611004,1.9076620825147348
PPP4R3A,0.48919449901768175,0.05697445972495088,3.005893909626719
PPP4R3B,0.47347740667976423,0.003929273084479371,2.907662082514735
PPP4R4,0.4931237721021611,0.05108055009823183,3.025540275049116
PPP5C,0.4636542239685658,0.03536345776031434,2.6974459724950886
PPP6C,0.550098231827112,0.03536345776031434,3.029469548133595
PPP6R1,0.4793713163064833,0.03143418467583497,2.776031434184676
PPP6R2,0.44204322200392926,0.043222003929273084,2.807465618860511
PPP6R3,0.550098231827112,0.029469548133595286,3.506876227897839
PPRC1,0.3850687622789784,0.06679764243614932,2.5147347740667976
PPT1,0.46168958742632615,0.015717092337917484,2.7838899803536346
PPT2,0.4518664047151277,0.04911591355599214,2.787819253438114
PPTC7,0.4538310412573674,0.015717092337917484,2.74852652259332
PPWD1,0.27111984282907664,0.11591355599214145,2.3477406679764243
PQBP1,0.12573673870333987,0.5068762278978389,1.7053045186640472
PRC1,0.444007858546169,0.04911591355599214,2.7367387033398822
PRCC,0.5363457760314342,0.005893909626719057,2.93713163064833
PRCP,0.39096267190569745,0.14341846758349705,2.724950884086444
PRDM1,0.4204322200392927,0.0412573673870334,2.681728880157171
PRDM14,0.7053045186640472,0.003929273084479371,3.8271119842829076
PRDM16,0.4302554027504912,0.04518664047151277,2.6797642436149314
PRDM4,0.45579567779960706,0.015717092337917484,2.744597249508841
PRDM6,0.27897838899803534,0.10805500982318271,2.3477406679764243
PRDM7,0.4381139489194499,0.06679764243614932,2.713163064833006
PRDM9,0.630648330058939,0.007858546168958742,3.583497053045187
PRDX1,0.45579567779960706,0.015717092337917484,2.7544204322200394
PRDX2,0.43418467583497056,0.04911591355599214,2.675834970530452
PRDX3,0.40471512770137524,0.05893909626719057,2.5717092337917484
PRDX4,0.12966601178781925,0.5088408644400786,1.719056974459725
PRDX5,0.48919449901768175,0.025540275049115914,2.968565815324165
PRDX6,0.5363457760314342,0.007858546168958742,2.956777996070727
PREB,0.47347740667976423,0.007858546168958742,2.8703339882121806
PRELID1,0.3005893909626719,0.10019646365422397,2.387033398821218
PRELID3A,0.48919449901768175,0.0412573673870334,3.049115913555992
PRELID3B,0.5402750491159135,0.021611001964636542,3.1257367387033397
PRELP,0.5442043222003929,0.005893909626719057,2.986247544204322
PREP,0.41846758349705304,0.0412573673870334,2.713163064833006
PREPL,0.4715127701375246,0.009823182711198428,2.868369351669941
PREX1,0.5363457760314342,0.023575638506876228,3.1021611001964637
PRF1,0.39096267190569745,0.04911591355599214,2.5658153241650297
PRG2,0.481335952848723,0.01768172888015717,2.880157170923379
PRH2,0.518664047151277,0.03339882121807466,3.143418467583497
PRICKLE1,0.4538310412573674,0.021611001964636542,2.7799607072691552
PRICKLE2,0.12180746561886051,0.3005893909626719,1.8958742632612966
PRIM1,0.4656188605108055,0.01768172888015717,2.762278978388998
PRIM2,0.48526522593320237,0.03143418467583497,2.923379174852652
PRKAA1,0.6011787819253438,0.003929273084479371,3.5422396856581533
PRKAA2,0.4361493123772102,0.023575638506876228,2.7151277013752457
PRKAB1,0.4675834970530452,0.0137524557956778,2.793713163064833
PRKAB2,0.5324165029469549,0.009823182711198428,2.956777996070727
PRKACA,0.43418467583497056,0.047151277013752456,2.7072691552062866
PRKACB,0.3988212180746562,0.0412573673870334,2.6090373280943027
PRKACG,0.48919449901768175,0.06679764243614932,2.8781925343811396
PRKAG1,0.444007858546169,0.025540275049115914,2.7092337917485265
PRKAG2,0.41453831041257366,0.11198428290766209,2.638506876227898
PRKAG3,0.33988212180746563,0.09037328094302555,2.4557956777996073
PRKAR1A,0.48919449901768175,0.019646365422396856,2.8762278978388998
PRKAR1B,0.5677799607072691,0.015717092337917484,3.269155206286837
PRKAR2A,0.11787819253438114,0.3005893909626719,1.882121807465619
PRKAR2B,0.5147347740667977,0.029469548133595286,3.0707269155206287
PRKCA,0.48722986247544203,0.019646365422396856,2.882121807465619
PRKCD,0.11787819253438114,0.30844793713163066,1.87426326129666
PRKCE,0.47544204322200395,0.009823182711198428,2.9017681728880156
PRKCG,0.4715127701375246,0.03143418467583497,2.7465618860510808
PRKCH,0.4931237721021611,0.03339882121807466,3.049115913555992
PRKCI,0.7858546168958742,0.0,4.5599214145383105
PRKCQ,0.3693516699410609,0.10412573673870335,2.522593320235756
PRKCSH,0.4302554027504912,0.05304518664047151,2.656188605108055
PRKCZ,0.4361493123772102,0.04518664047151277,2.68762278978389
PRKD1,0.4774066797642436,0.04911591355599214,2.9528487229862477
PRKD2,0.46168958742632615,0.03536345776031434,2.6935166994106092
PRKD3,0.47347740667976423,0.009823182711198428,2.8722986247544204
PRKDC,0.6797642436149313,0.011787819253438114,3.8408644400785854
PRKG1,0.40078585461689586,0.043222003929273084,2.618860510805501
PRKG2,0.3850687622789784,0.06483300589390963,2.5776031434184676
PRKN,0.4066797642436149,0.03929273084479371,2.6463654223968565
PRKRA,0.47347740667976423,0.0137524557956778,2.931237721021611
PRKRIP1,0.518664047151277,0.021611001964636542,3.1257367387033397
PRKX,0.13163064833005894,0.49901768172888017,1.724950884086444
PRL,0.4361493123772102,0.060903732809430254,2.7229862475442044
PRLR,0.6031434184675835,0.003929273084479371,3.5284872298624754
PRM1,0.4715127701375246,0.029469548133595286,2.781925343811395
PRM2,0.4715127701375246,0.029469548133595286,2.781925343811395
PRMT1,0.4656188605108055,0.03143418467583497,2.7229862475442044
PRMT3,0.3929273084479371,0.08644400785854617,2.587426326129666
PRMT5,0.45972495088408644,0.05304518664047151,2.8978388998035363
PRMT6,0.3555992141453831,0.06286836935166994,2.506876227897839
PRMT7,0.4675834970530452,0.060903732809430254,2.760314341846758
PRMT8,0.5265225933202358,0.019646365422396856,3.2337917485265226
PRND,0.5304518664047151,0.047151277013752456,3.0510805500982316
PRNP,0.5304518664047151,0.047151277013752456,3.0471512770137523
PROC,0.449901768172888,0.011787819253438114,2.8015717092337917
PROCR,0.5795677799607073,0.0137524557956778,3.3948919449901767
PRODH,0.46954813359528486,0.03339882121807466,2.931237721021611
PROKR2,0.5343811394891945,0.047151277013752456,3.0825147347740667
PROM1,0.3182711198428291,0.14341846758349705,2.412573673870334
PROP1,0.3005893909626719,0.10019646365422397,2.387033398821218
PROS1,0.5756385068762279,0.03732809430255403,3.381139489194499
PROX1,0.5461689587426326,0.007858546168958742,2.9921414538310414
PROZ,0.412573673870334,0.10609037328094302,2.744597249508841
PRPF18,0.36345776031434185,0.1100196463654224,2.5088408644400784
PRPF19,0.4715127701375246,0.029469548133595286,2.8605108055009825
PRPF3,0.5363457760314342,0.007858546168958742,2.9842829076620827
PRPF31,0.47544204322200395,0.03143418467583497,2.762278978388998
PRPF38A,0.43418467583497056,0.021611001964636542,2.7092337917485265
PRPF38B,0.34970530451866405,0.06679764243614932,2.487229862475442
PRPF39,0.4911591355599214,0.0412573673870334,3.0216110019646365
PRPF4,0.5363457760314342,0.03143418467583497,3.011787819253438
PRPF40A,0.449901768172888,0.01768172888015717,2.7662082514734774
PRPF40B,0.4538310412573674,0.019646365422396856,2.732809430255403
PRPF6,0.5402750491159135,0.019646365422396856,3.1100196463654224
PRPF8,0.38703339882121807,0.09233791748526522,2.5579567779960706
PRPH2,0.46168958742632615,0.03929273084479371,2.8703339882121806
PRPS1,0.18467583497053044,0.3850687622789784,1.931237721021611
PRPSAP1,0.4911591355599214,0.03536345776031434,2.8781925343811396
PRPSAP2,0.3968565815324165,0.08840864440078586,2.599214145383104
PRRC1,0.2888015717092338,0.10216110019646366,2.3654223968565815
PRRT2,0.46954813359528486,0.029469548133595286,2.7976424361493124
PRSS1,0.4302554027504912,0.1100196463654224,2.669941060903733
PRSS21,0.4656188605108055,0.03929273084479371,2.74852652259332
PRSS23,0.3654223968565815,0.16306483300589392,2.587426326129666
PRSS3,0.41453831041257366,0.14341846758349705,2.8880157170923377
PRTN3,0.3575638506876228,0.11787819253438114,2.418467583497053
PRUNE1,0.5383104125736738,0.007858546168958742,2.9921414538310414
PSAP,0.3929273084479371,0.04911591355599214,2.5717092337917484
PSAT1,0.48919449901768175,0.060903732809430254,2.895874263261297
PSCA,0.7701375245579568,0.0019646365422396855,4.0648330058939095
PSD,0.3850687622789784,0.06679764243614932,2.5147347740667976
PSEN1,0.4950884086444008,0.03536345776031434,3.0275049115913557
PSEN2,0.5442043222003929,0.007858546168958742,3.0078585461689586
PSENEN,0.4715127701375246,0.03536345776031434,2.821218074656189
PSG1,0.4636542239685658,0.03732809430255403,2.701375245579568
PSG11,0.4636542239685658,0.03732809430255403,2.730844793713163
PSG3,0.46168958742632615,0.03732809430255403,2.699410609037328
PSG4,0.45972495088408644,0.03732809430255403,2.6954813359528487
PSG5,0.45972495088408644,0.03732809430255403,2.6954813359528487
PSG6,0.4636542239685658,0.03732809430255403,2.699410609037328
PSG8,0.46168958742632615,0.03732809430255403,2.699410609037328
PSG9,0.45972495088408644,0.03732809430255403,2.6954813359528487
PSIP1,0.3575638506876228,0.17681728880157171,2.8015717092337917
PSMA1,0.3929273084479371,0.0825147347740668,2.618860510805501
PSMA2,0.5520628683693517,0.01768172888015717,3.1905697445972496
PSMA3,0.4911591355599214,0.03536345776031434,3.019646365422397
PSMA4,0.4263261296660118,0.06286836935166994,2.662082514734774
PSMA5,0.34970530451866405,0.06679764243614932,2.487229862475442
PSMA6,0.481335952848723,0.0412573673870334,3.0471512770137523
PSMA7,0.5363457760314342,0.019646365422396856,3.117878192534381
PSMB1,0.4165029469548134,0.043222003929273084,2.68565815324165
PSMB10,0.4675834970530452,0.060903732809430254,2.762278978388998
PSMB11,0.45972495088408644,0.05304518664047151,2.899803536345776
PSMB2,0.4518664047151277,0.021611001964636542,2.719056974459725
PSMB3,0.44793713163064836,0.015717092337917484,2.817288801571709
PSMB4,0.5383104125736738,0.007858546168958742,2.9764243614931236
PSMB5,0.45972495088408644,0.05304518664047151,2.899803536345776
PSMB6,0.3850687622789784,0.09430255402750491,2.5599214145383105
PSMB7,0.5520628683693517,0.03536345776031434,3.0275049115913557
PSMB8,0.449901768172888,0.05108055009823183,2.7838899803536346
PSMB9,0.449901768172888,0.05108055009823183,2.7838899803536346
PSMC1,0.48330058939096265,0.0550098231827112,3.00196463654224
PSMC2,0.518664047151277,0.021611001964636542,3.135559921414538
PSMC3,0.41846758349705304,0.06483300589390963,2.6935166994106092
PSMC4,0.4656188605108055,0.03732809430255403,2.8035363457760316
PSMC5,0.48722986247544203,0.015717092337917484,2.8762278978388998
PSMC6,0.48919449901768175,0.03536345776031434,3.0471512770137523
PSMD1,0.343811394891945,0.09037328094302555,2.4715127701375246
PSMD10,0.18467583497053044,0.3850687622789784,1.931237721021611
PSMD11,0.4361493123772102,0.021611001964636542,2.7681728880157173
PSMD12,0.48919449901768175,0.01768172888015717,2.8860510805500983
PSMD13,0.3713163064833006,0.1100196463654224,2.5284872298624754
PSMD14,0.44793713163064836,0.019646365422396856,2.7799607072691552
PSMD2,0.7858546168958742,0.0,4.522593320235757
PSMD3,0.44793713163064836,0.01768172888015717,2.9666011787819255
PSMD4,0.5383104125736738,0.007858546168958742,2.9921414538310414
PSMD5,0.5442043222003929,0.03536345776031434,3.011787819253438
PSMD6,0.1237721021611002,0.2966601178781925,1.9096267190569745
PSMD7,0.46168958742632615,0.06286836935166994,2.75049115913556
PSMD8,0.47347740667976423,0.03732809430255403,2.8035363457760316
PSMD9,0.46168958742632615,0.0137524557956778,2.764243614931238
PSME1,0.4538310412573674,0.05893909626719057,2.8781925343811396
PSME2,0.4538310412573674,0.05893909626719057,2.8781925343811396
PSME3,0.44793713163064836,0.019646365422396856,2.7858546168958744
PSME4,0.47347740667976423,0.003929273084479371,2.9037328094302555
PSMF1,0.5363457760314342,0.047151277013752456,3.0589390962671907
PSMG1,0.3163064833005894,0.09233791748526522,2.398821218074656
PSMG2,0.48722986247544203,0.0412573673870334,3.045186640471513
PSPC1,0.28487229862475444,0.16699410609037327,2.326129666011788
PSPH,0.5756385068762279,0.009823182711198428,4.100196463654224
PSPN,0.3889980353634578,0.09233791748526522,2.5147347740667976
PSRC1,0.3477406679764244,0.068762278978389,2.4833005893909625
PSTPIP1,0.4165029469548134,0.06679764243614932,2.6404715127701377
PSTPIP2,0.27897838899803534,0.20039292730844793,2.357563850687623
PTAFR,0.4263261296660118,0.03929273084479371,2.642436149312377
PTBP1,0.3575638506876228,0.11787819253438114,2.418467583497053
PTBP2,0.3831041257367387,0.04911591355599214,2.579567779960707
PTCD3,0.46954813359528486,0.005893909626719057,2.899803536345776
PTCH1,0.5284872298624754,0.03339882121807466,2.9960707269155207
PTCH2,0.4518664047151277,0.0137524557956778,2.75049115913556
PTCRA,0.4636542239685658,0.03929273084479371,2.8722986247544204
PTDSS1,0.7387033398821218,0.003929273084479371,3.8781925343811396
PTDSS2,0.37524557956778,0.11198428290766209,2.5343811394891946
PTEN,0.3791748526522593,0.07662082514734773,2.4911591355599216
PTF1A,0.3575638506876228,0.1100196463654224,2.495088408644401
PTGDR,0.4911591355599214,0.03536345776031434,3.0471512770137523
PTGDR2,0.4715127701375246,0.029469548133595286,2.8605108055009825
PTGDS,0.5284872298624754,0.05108055009823183,2.9783889980353635
PTGER1,0.43418467583497056,0.047151277013752456,2.6915520628683693
PTGER2,0.4911591355599214,0.03536345776031434,3.0510805500982316
PTGER3,0.4086444007858546,0.03339882121807466,2.6345776031434185
PTGER4,0.6031434184675835,0.003929273084479371,3.550098231827112
PTGES,0.5422396856581533,0.03929273084479371,3.005893909626719
PTGES2,0.5422396856581533,0.03536345776031434,3.0078585461689586
PTGES3,0.4656188605108055,0.015717092337917484,2.7662082514734774
PTGES3L-AARSD1,0.449901768172888,0.019646365422396856,2.787819253438114
PTGFR,0.3988212180746562,0.03732809430255403,2.612966601178782
PTGFRN,0.34970530451866405,0.09823182711198428,2.4891944990176817
PTGIR,0.46168958742632615,0.03536345776031434,2.6935166994106092
PTGIS,0.5343811394891945,0.023575638506876228,3.1021611001964637
PTGS1,0.550098231827112,0.03929273084479371,3.013752455795678
PTGS2,0.5383104125736738,0.007858546168958742,2.99803536345776
PTH,0.39096267190569745,0.0825147347740668,2.6149312377210214
PTH1R,0.1237721021611002,0.2966601178781925,1.893909626719057
PTH2R,0.35952848722986247,0.07858546168958742,2.506876227897839
PTHLH,0.5147347740667977,0.023575638506876228,3.163064833005894
PTK2,0.7721021611001965,0.0019646365422396855,4.056974459724951
PTK2B,0.2907662082514735,0.2318271119842829,2.282907662082515
PTK6,0.5402750491159135,0.021611001964636542,3.106090373280943
PTMA,0.34577603143418467,0.09037328094302555,2.463654223968566
PTN,0.4302554027504912,0.10019646365422397,2.6974459724950886
PTOV1,0.4656188605108055,0.03143418467583497,2.7229862475442044
PTP4A3,0.7721021611001965,0.0019646365422396855,4.060903732809431
PTPA,0.5402750491159135,0.03929273084479371,3.00196463654224
PTPMT1,0.41846758349705304,0.06483300589390963,2.6935166994106092
PTPN1,0.5343811394891945,0.023575638506876228,3.100196463654224
PTPN11,0.45579567779960706,0.015717092337917484,2.744597249508841
PTPN12,0.481335952848723,0.023575638506876228,2.931237721021611
PTPN13,0.37721021611001965,0.06679764243614932,2.550098231827112
PTPN14,0.5442043222003929,0.009823182711198428,2.986247544204322
PTPN18,0.4518664047151277,0.015717092337917484,2.776031434184676
PTPN2,0.48919449901768175,0.0412573673870334,3.043222003929273
PTPN21,0.48330058939096265,0.0550098231827112,3.019646365422397
PTPN22,0.33988212180746563,0.0962671905697446,2.444007858546169
PTPN23,0.1237721021611002,0.29862475442043224,1.8899803536345776
PTPN3,0.5383104125736738,0.03143418467583497,3.0216110019646365
PTPN4,0.4774066797642436,0.009823182711198428,2.9449901768172886
PTPN5,0.3929273084479371,0.08644400785854617,2.587426326129666
PTPN6,0.5225933202357563,0.019646365422396856,3.182711198428291
PTPN7,0.5422396856581533,0.007858546168958742,2.980353634577603
PTPN9,0.41846758349705304,0.06286836935166994,2.6463654223968565
PTPRB,0.48919449901768175,0.011787819253438114,3.049115913555992
PTPRC,0.5422396856581533,0.007858546168958742,2.980353634577603
PTPRCAP,0.555992141453831,0.025540275049115914,3.239685658153242
PTPRD,0.3555992141453831,0.18467583497053044,2.8271119842829076
PTPRE,0.4066797642436149,0.05697445972495088,2.5756385068762278
PTPRF,0.45579567779960706,0.015717092337917484,2.774066797642436
PTPRJ,0.41453831041257366,0.06483300589390963,2.68762278978389
PTPRK,0.4400785854616896,0.03929273084479371,2.7347740667976423
PTPRM,0.49705304518664045,0.04518664047151277,3.092337917485265
PTPRN,0.33988212180746563,0.09037328094302555,2.4557956777996073
PTPRN2,0.4223968565815324,0.10805500982318271,2.6483300589390963
PTPRO,0.5108055009823183,0.025540275049115914,3.0785854616895874
PTPRR,0.48722986247544203,0.011787819253438114,3.029469548133595
PTPRU,0.42829076620825146,0.03732809430255403,2.6483300589390963
PTPRZ1,0.444007858546169,0.08055009823182711,2.774066797642436
PTRH2,0.4656188605108055,0.019646365422396856,2.834970530451866
PTS,0.2966601178781925,0.1944990176817289,2.2927308447937134
PTTG1,0.29862475442043224,0.09233791748526522,2.388998035363458
PTX3,0.756385068762279,0.0019646365422396855,4.269155206286837
PUF60,0.7701375245579568,0.0019646365422396855,4.037328094302554
PUM1,0.4302554027504912,0.03536345776031434,2.6601178781925343
PUM2,0.4675834970530452,0.01768172888015717,2.8605108055009825
PUM3,0.3654223968565815,0.17092337917485265,2.764243614931238
PURA,0.2966601178781925,0.08644400785854617,2.387033398821218
PURB,0.5520628683693517,0.01768172888015717,3.192534381139489
PUS1,0.4518664047151277,0.021611001964636542,2.719056974459725
PVR,0.46954813359528486,0.03732809430255403,2.8035363457760316
PWP1,0.45579567779960706,0.015717092337917484,2.744597249508841
PWP2,0.3104125736738703,0.10019646365422397,2.387033398821218
PXN,0.4675834970530452,0.0137524557956778,2.7858546168958744
PYCARD,0.46954813359528486,0.0275049115913556,2.7956777996070725
PYCR1,0.4675834970530452,0.04911591355599214,2.8153241650294696
PYCR2,0.5442043222003929,0.007858546168958742,3.0
PYDC1,0.46954813359528486,0.0275049115913556,2.7956777996070725
PYGB,0.5324165029469549,0.03339882121807466,3.1257367387033397
PYGL,0.48526522593320237,0.03732809430255403,3.0275049115913557
PYGM,0.49901768172888017,0.021611001964636542,2.986247544204322
PYGO1,0.4066797642436149,0.07072691552062868,2.642436149312377
PYGO2,0.5402750491159135,0.005893909626719057,2.9489194499017684
PYM1,0.4656188605108055,0.015717092337917484,2.7662082514734774
PYY,0.4518664047151277,0.019646365422396856,2.791748526522593
QDPR,0.32023575638506874,0.14341846758349705,2.4086444007858545
QKI,0.412573673870334,0.03929273084479371,2.6601178781925343
QPCT,0.47347740667976423,0.011787819253438114,2.8703339882121806
QPRT,0.46954813359528486,0.0275049115913556,2.799607072691552
QRFPR,0.3713163064833006,0.05697445972495088,2.5461689587426326
QRSL1,0.41846758349705304,0.0412573673870334,2.6954813359528487
QSOX1,0.5363457760314342,0.007858546168958742,2.9489194499017684
QTRT1,0.4263261296660118,0.0550098231827112,2.658153241650295
QTRT2,0.6326129666011788,0.009823182711198428,3.493123772102161
RAB10,0.4715127701375246,0.009823182711198428,2.8664047151277012
RAB11A,0.412573673870334,0.06286836935166994,2.650294695481336
RAB11B,0.40471512770137524,0.07662082514734773,2.5736738703339883
RAB11FIP1,0.412573673870334,0.1512770137524558,2.9607072691552063
RAB11FIP2,0.3988212180746562,0.05893909626719057,2.5658153241650297
RAB11FIP3,0.4636542239685658,0.0412573673870334,2.7406679764243616
RAB11FIP4,0.43418467583497056,0.025540275049115914,2.756385068762279
RAB11FIP5,0.47347740667976423,0.0019646365422396855,2.9096267190569747
RAB13,0.5383104125736738,0.007858546168958742,2.9449901768172886
RAB14,0.5442043222003929,0.03536345776031434,3.011787819253438
RAB15,0.4931237721021611,0.03536345776031434,3.0471512770137523
RAB17,0.35363457760314343,0.09233791748526522,2.481335952848723
RAB18,0.37328094302554027,0.09233791748526522,2.5461689587426326
RAB1A,0.47544204322200395,0.0,2.913555992141454
RAB1B,0.550098231827112,0.01768172888015717,3.1728880157170924
RAB21,0.47347740667976423,0.0137524557956778,2.923379174852652
RAB22A,0.5402750491159135,0.023575638506876228,3.1277013752455796
RAB23,0.48526522593320237,0.03339882121807466,2.9351669941060905
RAB24,0.3005893909626719,0.10019646365422397,2.387033398821218
RAB25,0.5363457760314342,0.005893909626719057,2.9410609037328093
RAB27A,0.40471512770137524,0.07072691552062868,2.6404715127701377
RAB27B,0.24165029469548133,0.22789783889980353,2.1571709233791747
RAB29,0.5442043222003929,0.005893909626719057,2.9901768172888015
RAB2A,0.68762278978389,0.007858546168958742,3.74852652259332
RAB2B,0.46168958742632615,0.05108055009823183,2.9174852652259333
RAB30,0.39096267190569745,0.14341846758349705,2.724950884086444
RAB31,0.48526522593320237,0.04911591355599214,3.0235756385068764
RAB32,0.4086444007858546,0.03929273084479371,2.662082514734774
RAB33A,0.1925343811394892,0.3831041257367387,1.9410609037328095
RAB33B,0.36738703339882123,0.07072691552062868,2.5284872298624754
RAB34,0.43418467583497056,0.019646365422396856,2.7956777996070725
RAB35,0.4675834970530452,0.0137524557956778,2.7858546168958744
RAB36,0.46168958742632615,0.0275049115913556,2.880157170923379
RAB37,0.4911591355599214,0.025540275049115914,2.8762278978388998
RAB39B,0.2220039292730845,0.34577603143418467,2.019646365422397
RAB3A,0.4361493123772102,0.04911591355599214,2.68565815324165
RAB3B,0.43418467583497056,0.021611001964636542,2.7072691552062866
RAB3C,0.2770137524557957,0.11591355599214145,2.387033398821218
RAB3D,0.42829076620825146,0.05304518664047151,2.654223968565815
RAB3GAP1,0.449901768172888,0.019646365422396856,2.756385068762279
RAB3GAP2,0.5422396856581533,0.007858546168958742,3.0039292730844793
RAB3IP,0.4911591355599214,0.007858546168958742,3.2161100196463654
RAB40A,0.18664047151277013,0.38703339882121807,1.9273084479371316
RAB40AL,0.1905697445972495,0.38703339882121807,1.931237721021611
RAB40B,0.46168958742632615,0.05304518664047151,2.791748526522593
RAB40C,0.46168958742632615,0.0412573673870334,2.7387033398821217
RAB43,0.6640471512770137,0.005893909626719057,3.587426326129666
RAB4A,0.5442043222003929,0.007858546168958742,3.013752455795678
RAB4B,0.4577603143418468,0.03929273084479371,2.719056974459725
RAB5A,0.13948919449901767,0.2770137524557957,1.9528487229862475
RAB5B,0.4656188605108055,0.015717092337917484,2.7662082514734774
RAB5C,0.44597249508840864,0.019646365422396856,2.791748526522593
RAB6A,0.44204322200392926,0.1100196463654224,2.9783889980353635
RAB6B,0.6915520628683693,0.003929273084479371,3.6974459724950886
RAB7A,0.6601178781925344,0.005893909626719057,3.581532416502947
RAB7B,0.5442043222003929,0.005893909626719057,2.9901768172888015
RAB8A,0.44204322200392926,0.047151277013752456,2.699410609037328
RAB9A,0.1237721021611002,0.5049115913555993,1.6974459724950883
RABEP1,0.3831041257367387,0.09430255402750491,2.5540275049115913
RABEPK,0.5481335952848723,0.03536345776031434,3.0216110019646365
RABGAP1,0.550098231827112,0.0412573673870334,3.011787819253438
RAC1,0.5756385068762279,0.009823182711198428,3.294695481335953
RAC2,0.449901768172888,0.025540275049115914,2.8094302554027504
RAC3,0.4675834970530452,0.04911591355599214,2.8153241650294696
RACGAP1,0.45579567779960706,0.019646365422396856,2.732809430255403
RACK1,0.3045186640471513,0.0962671905697446,2.4027504911591357
RAD1,0.6031434184675835,0.003929273084479371,3.5284872298624754
RAD17,0.2632612966601179,0.11787819253438114,2.300589390962672
RAD18,0.15913555992141454,0.26522593320235754,2.00196463654224
RAD21,0.7779960707269156,0.0019646365422396855,4.106090373280943
RAD21L1,0.5363457760314342,0.047151277013752456,3.0589390962671907
RAD23A,0.4361493123772102,0.04911591355599214,2.6836935166994107
RAD23B,0.5402750491159135,0.029469548133595286,3.0589390962671907
RAD50,0.28487229862475444,0.10412573673870335,2.3595284872298623
RAD51,0.39096267190569745,0.08055009823182711,2.587426326129666
RAD51AP1,0.5265225933202358,0.019646365422396856,3.25147347740668
RAD51B,0.48526522593320237,0.0412573673870334,3.019646365422397
RAD51C,0.4656188605108055,0.023575638506876228,2.8290766208251474
RAD51D,0.4400785854616896,0.021611001964636542,2.7838899803536346
RAD52,0.5284872298624754,0.021611001964636542,3.3025540275049114
RAD54B,0.7328094302554028,0.003929273084479371,3.8526522593320234
RAD54L,0.4518664047151277,0.0137524557956778,2.742632612966601
RAD9A,0.5579567779960707,0.025540275049115914,3.2593320235756384
RAD9B,0.4538310412573674,0.015717092337917484,2.74852652259332
RAE1,0.5422396856581533,0.023575638506876228,3.1296660117878194
RAET1E,0.4027504911591356,0.0412573673870334,2.644400785854617
RAET1G,0.4027504911591356,0.0412573673870334,2.644400785854617
RAF1,0.14931237721021612,0.2691552062868369,1.9764243614931238
RAG1,0.43222003929273084,0.068762278978389,2.831041257367387
RAI1,0.3948919449901768,0.08840864440078586,2.6031434184675835
RAI14,0.6031434184675835,0.003929273084479371,3.5284872298624754
RALA,0.5579567779960707,0.015717092337917484,3.212180746561886
RALB,0.47544204322200395,0.009823182711198428,2.9469548133595285
RALBP1,0.48526522593320237,0.047151277013752456,3.0235756385068764
RALGAPA2,0.5304518664047151,0.043222003929273084,3.1237721021611002
RALGAPB,0.5579567779960707,0.019646365422396856,3.200392927308448
RALGDS,0.5343811394891945,0.03929273084479371,3.005893909626719
RALGPS2,0.5363457760314342,0.007858546168958742,2.943025540275049
RALY,0.5893909626719057,0.005893909626719057,3.420432220039293
RAMP1,0.35363457760314343,0.0962671905697446,2.477406679764244
RAMP2,0.44793713163064836,0.019646365422396856,2.787819253438114
RAMP3,0.5520628683693517,0.01768172888015717,3.192534381139489
RAN,0.45972495088408644,0.019646365422396856,2.744597249508841
RANBP1,0.4774066797642436,0.023575638506876228,3.0373280943025542
RANBP10,0.4675834970530452,0.060903732809430254,2.762278978388998
RANBP2,0.47347740667976423,0.009823182711198428,2.8919449901768175
RANBP3,0.38703339882121807,0.09430255402750491,2.5108055009823183
RANBP6,0.3713163064833006,0.17485265225933203,3.0392927308447937
RANBP9,0.4400785854616896,0.06483300589390963,2.7583497053045187
RANGAP1,0.45579567779960706,0.023575638506876228,2.831041257367387
RANGRF,0.3850687622789784,0.0962671905697446,2.5599214145383105
RAP1A,0.3418467583497053,0.0825147347740668,2.4597249508840866
RAP1B,0.48919449901768175,0.009823182711198428,3.1218074656188604
RAP1GAP,0.4204322200392927,0.043222003929273084,2.6326129666011786
RAP1GAP2,0.38703339882121807,0.09233791748526522,2.555992141453831
RAP2A,0.3889980353634578,0.11984282907662082,2.6149312377210214
RAP2B,0.75049115913556,0.0019646365422396855,4.261296660117878
RAP2C,0.1944990176817289,0.381139489194499,1.9449901768172888
RAPGEF1,0.5383104125736738,0.03929273084479371,3.0275049115913557
RAPGEF2,0.3379174852652259,0.10216110019646366,2.43811394891945
RAPGEF3,0.4577603143418468,0.021611001964636542,2.756385068762279
RAPGEF4,0.4715127701375246,0.0137524557956778,2.970530451866405
RAPGEF5,0.5736738703339882,0.015717092337917484,3.2475442043222005
RAPGEF6,0.2907662082514735,0.10216110019646366,2.3673870333988214
RAPH1,0.3968565815324165,0.06679764243614932,2.662082514734774
RAPSN,0.41846758349705304,0.06483300589390963,2.6935166994106092
RARA,0.44793713163064836,0.01768172888015717,2.850687622789784
RARB,0.13359528487229863,0.2829076620825147,1.931237721021611
RARG,0.46168958742632615,0.019646365422396856,2.744597249508841
RARRES2,0.41846758349705304,0.1100196463654224,2.654223968565815
RARS2,0.4106090373280943,0.04518664047151277,2.6660117878192535
RASA1,0.2593320235756385,0.13359528487229863,2.2789783889980355
RASA2,0.7111984282907662,0.005893909626719057,3.925343811394892
RASA3,0.4165029469548134,0.10609037328094302,2.74852652259332
RASA4,0.518664047151277,0.021611001964636542,3.1277013752455796
RASAL1,0.4577603143418468,0.015717092337917484,2.7465618860510808
RASAL2,0.5324165029469549,0.009823182711198428,2.9351669941060905
RASAL3,0.44204322200392926,0.04518664047151277,2.730844793713163
RASD1,0.3948919449901768,0.08840864440078586,2.6031434184675835
RASD2,0.4538310412573674,0.0275049115913556,2.825147347740668
RASGRF1,0.42829076620825146,0.06286836935166994,2.6660117878192535
RASGRF2,0.2593320235756385,0.1237721021611002,2.2888015717092336
RASGRP1,0.3850687622789784,0.07072691552062868,2.5913555992141455
RASGRP2,0.49901768172888017,0.021611001964636542,2.9783889980353635
RASGRP3,0.48526522593320237,0.007858546168958742,2.8899803536345776
RASGRP4,0.4715127701375246,0.03732809430255403,2.7976424361493124
RASIP1,0.46168958742632615,0.03339882121807466,2.699410609037328
RASL10A,0.4577603143418468,0.023575638506876228,2.8585461689587426
RASSF1,0.11787819253438114,0.30648330058939094,1.8762278978388998
RASSF2,0.5304518664047151,0.047151277013752456,3.0510805500982316
RASSF5,0.5442043222003929,0.005893909626719057,2.9901768172888015
RAX2,0.3791748526522593,0.09823182711198428,2.487229862475442
RB1,0.30844793713163066,0.1787819253438114,2.3595284872298623
RB1CC1,0.6797642436149313,0.009823182711198428,3.7111984282907664
RBBP4,0.444007858546169,0.03143418467583497,2.6935166994106092
RBBP5,0.5442043222003929,0.005893909626719057,2.988212180746562
RBBP6,0.4636542239685658,0.03339882121807466,2.7779960707269153
RBBP7,0.12966601178781925,0.49705304518664045,1.719056974459725
RBBP8,0.44793713163064836,0.07072691552062868,2.8408644400785854
RBBP9,0.5324165029469549,0.0412573673870334,3.137524557956778
RBCK1,0.5324165029469549,0.047151277013752456,3.049115913555992
RBFOX1,0.4793713163064833,0.03732809430255403,2.7956777996070725
RBFOX2,0.4538310412573674,0.025540275049115914,2.825147347740668
RBL1,0.5618860510805501,0.019646365422396856,3.2318271119842827
RBL2,0.45579567779960706,0.07269155206286837,2.756385068762279
RBM10,0.12770137524557956,0.5029469548133595,1.7485265225933202
RBM12,0.5756385068762279,0.0137524557956778,3.326129666011788
RBM14,0.5599214145383105,0.015717092337917484,3.2161100196463654
RBM15,0.34970530451866405,0.068762278978389,2.4833005893909625
RBM15B,0.11787819253438114,0.30648330058939094,1.8762278978388998
RBM17,0.3693516699410609,0.10412573673870335,2.522593320235756
RBM19,0.45972495088408644,0.0137524557956778,2.7524557956777995
RBM22,0.3005893909626719,0.09233791748526522,2.388998035363458
RBM23,0.45972495088408644,0.05304518664047151,2.8978388998035363
RBM24,0.4381139489194499,0.0550098231827112,2.756385068762279
RBM25,0.4950884086444008,0.03536345776031434,3.029469548133595
RBM28,0.4263261296660118,0.09233791748526522,2.699410609037328
RBM34,0.5461689587426326,0.007858546168958742,3.0353634577603144
RBM38,0.5422396856581533,0.023575638506876228,3.1296660117878194
RBM39,0.5756385068762279,0.0137524557956778,3.326129666011788
RBM4,0.5599214145383105,0.015717092337917484,3.2161100196463654
RBM42,0.4715127701375246,0.03536345776031434,2.821218074656189
RBM45,0.47544204322200395,0.0137524557956778,2.980353634577603
RBM4B,0.5599214145383105,0.01768172888015717,3.2141453831041256
RBM5,0.11787819253438114,0.30648330058939094,1.8762278978388998
RBM8A,0.5284872298624754,0.009823182711198428,2.931237721021611
RBMX,0.20235756385068762,0.37721021611001965,1.962671905697446
RBP2,0.7072691552062869,0.005893909626719057,3.8585461689587426
RBP4,0.3831041257367387,0.07072691552062868,2.5166994106090375
RBP5,0.5225933202357563,0.021611001964636542,3.180746561886051
RBPJ,0.32220039292730845,0.13555992141453832,2.4833005893909625
RBPJL,0.5383104125736738,0.025540275049115914,3.1159135559921416
RBPMS,0.3104125736738703,0.21611001964636542,2.400785854616896
RBSN,0.14538310412573674,0.275049115913556,1.9646365422396856
RBX1,0.45579567779960706,0.023575638506876228,2.831041257367387
RC3H1,0.5363457760314342,0.007858546168958742,2.9587426326129664
RCAN1,0.33595284872298625,0.07662082514734773,2.4656188605108054
RCC1,0.4243614931237721,0.0412573673870334,2.638506876227898
RCC2,0.4204322200392927,0.047151277013752456,2.6286836935166993
RCCD1,0.444007858546169,0.04911591355599214,2.7367387033398822
RCE1,0.5618860510805501,0.01768172888015717,3.2337917485265226
RCHY1,0.40471512770137524,0.05108055009823183,2.6797642436149314
RCL1,0.37328094302554027,0.17092337917485265,3.00196463654224
RCN1,0.4165029469548134,0.0825147347740668,2.650294695481336
RCOR1,0.48526522593320237,0.05893909626719057,2.9842829076620827
RCOR2,0.48919449901768175,0.025540275049115914,2.9842829076620827
RCOR3,0.5461689587426326,0.007858546168958742,2.9921414538310414
RCSD1,0.5363457760314342,0.009823182711198428,2.9960707269155207
RDH10,0.7072691552062869,0.003929273084479371,3.8722986247544204
RDH11,0.48919449901768175,0.03536345776031434,3.0392927308447937
RDH13,0.4793713163064833,0.03143418467583497,2.7721021611001966
RDH14,0.4656188605108055,0.01768172888015717,2.856581532416503
RDH5,0.4656188605108055,0.015717092337917484,2.7662082514734774
REC8,0.45579567779960706,0.05893909626719057,2.8880157170923377
RECK,0.4106090373280943,0.14931237721021612,2.9666011787819255
RECQL,0.518664047151277,0.023575638506876228,3.2298624754420433
RECQL4,0.7721021611001965,0.0019646365422396855,4.043222003929273
RECQL5,0.4931237721021611,0.0275049115913556,2.899803536345776
REEP1,0.46954813359528486,0.005893909626719057,2.9037328094302555
REEP2,0.2966601178781925,0.08644400785854617,2.387033398821218
REEP3,0.3988212180746562,0.04518664047151277,2.6345776031434185
REEP4,0.28094302554027506,0.24361493123772102,2.257367387033399
REEP5,0.27897838899803534,0.11198428290766209,2.332023575638507
REEP6,0.3575638506876228,0.11591355599214145,2.420432220039293
REG1A,0.46954813359528486,0.005893909626719057,2.9174852652259333
REG1B,0.46954813359528486,0.005893909626719057,2.9174852652259333
REG3A,0.4675834970530452,0.005893909626719057,2.907662082514735
REL,0.47347740667976423,0.0019646365422396855,2.927308447937132
RELA,0.5324165029469549,0.0137524557956778,3.0962671905697445
RELB,0.4675834970530452,0.03732809430255403,2.7701375245579567
RELN,0.5166994106090373,0.023575638506876228,3.163064833005894
RELT,0.4518664047151277,0.10412573673870335,3.019646365422397
REN,0.5442043222003929,0.005893909626719057,2.986247544204322
REP15,0.5068762278978389,0.023575638506876228,3.1335952848722988
REPIN1,0.41846758349705304,0.1100196463654224,2.654223968565815
REPS1,0.4243614931237721,0.03732809430255403,2.7269155206286837
REPS2,0.12770137524557956,0.49705304518664045,1.7170923379174852
RER1,0.4361493123772102,0.047151277013752456,2.68565815324165
RERE,0.4263261296660118,0.043222003929273084,2.667976424361493
REST,0.4086444007858546,0.04911591355599214,2.6895874263261295
RET,0.4361493123772102,0.0412573673870334,2.667976424361493
RETN,0.3929273084479371,0.0825147347740668,2.5265225933202355
RETREG1,0.6286836935166994,0.007858546168958742,3.587426326129666
RETSAT,0.4715127701375246,0.005893909626719057,2.9214145383104126
REV1,0.47347740667976423,0.015717092337917484,2.8978388998035363
REV3L,0.4223968565815324,0.0412573673870334,2.6601178781925343
REXO1,0.35952848722986247,0.11394891944990176,2.4243614931237722
REXO2,0.29273084479371314,0.1944990176817289,2.280943025540275
REXO4,0.5343811394891945,0.03929273084479371,3.013752455795678
REXO5,0.4636542239685658,0.03339882121807466,2.764243614931238
RFC1,0.32612966601178783,0.1237721021611002,2.449901768172888
RFC2,0.4774066797642436,0.025540275049115914,2.9194499017681728
RFC3,0.28487229862475444,0.17485265225933203,2.3163064833005893
RFC4,0.787819253438114,0.0,4.461689587426326
RFC5,0.4656188605108055,0.015717092337917484,2.7858546168958744
RFFL,0.4400785854616896,0.021611001964636542,2.799607072691552
RFK,0.48722986247544203,0.06286836935166994,2.8899803536345776
RFT1,0.11787819253438114,0.30648330058939094,1.8762278978388998
RFWD3,0.46168958742632615,0.060903732809430254,2.7524557956777995
RFX2,0.38703339882121807,0.09233791748526522,2.512770137524558
RFX3,0.3654223968565815,0.17485265225933203,2.7976424361493124
RFX5,0.5383104125736738,0.007858546168958742,2.9921414538310414
RFX6,0.4243614931237721,0.0412573673870334,2.6719056974459723
RFX7,0.4066797642436149,0.07072691552062868,2.6404715127701377
RFXANK,0.44204322200392926,0.05304518664047151,2.6915520628683693
RFXAP,0.2868369351669941,0.18467583497053044,2.3104125736738705
RGCC,0.2966601178781925,0.18664047151277013,2.3163064833005893
RGMA,0.44204322200392926,0.05108055009823183,2.7662082514734774
RGMB,0.2730844793713163,0.12573673870333987,2.31237721021611
RGPD8,0.4715127701375246,0.009823182711198428,2.8722986247544204
RGR,0.39096267190569745,0.06483300589390963,2.5422396856581533
RGS1,0.5363457760314342,0.009823182711198428,2.9607072691552063
RGS10,0.40471512770137524,0.05893909626719057,2.567779960707269
RGS11,0.4636542239685658,0.043222003929273084,2.7387033398821217
RGS12,0.31237721021611004,0.1512770137524558,2.400785854616896
RGS13,0.5363457760314342,0.009823182711198428,2.968565815324165
RGS14,0.3005893909626719,0.10019646365422397,2.387033398821218
RGS16,0.5363457760314342,0.007858546168958742,2.950884086444008
RGS17,0.40471512770137524,0.03732809430255403,2.6522593320235757
RGS18,0.5383104125736738,0.007858546168958742,2.970530451866405
RGS19,0.5402750491159135,0.019646365422396856,3.1100196463654224
RGS2,0.5383104125736738,0.007858546168958742,2.9724950884086443
RGS20,0.6836935166994106,0.009823182711198428,3.742632612966601
RGS22,0.75049115913556,0.0019646365422396855,4.0
RGS3,0.5363457760314342,0.03143418467583497,3.011787819253438
RGS4,0.5402750491159135,0.005893909626719057,2.9764243614931236
RGS5,0.5402750491159135,0.005893909626719057,2.9764243614931236
RGS6,0.4931237721021611,0.03536345776031434,3.017681728880157
RGS7,0.5461689587426326,0.009823182711198428,3.0333988212180745
RGS7BP,0.26719056974459726,0.11394891944990176,2.341846758349705
RGS8,0.5363457760314342,0.007858546168958742,2.950884086444008
RGS9,0.48722986247544203,0.01768172888015717,2.8762278978388998
RGS9BP,0.45972495088408644,0.03929273084479371,2.7406679764243616
RGSL1,0.5363457760314342,0.007858546168958742,2.950884086444008
RHAG,0.4715127701375246,0.043222003929273084,2.8722986247544204
RHBDD1,0.3418467583497053,0.08644400785854617,2.463654223968566
RHBDF1,0.4636542239685658,0.043222003929273084,2.7387033398821217
RHBDF2,0.48722986247544203,0.03732809430255403,2.8703339882121806
RHEB,0.41453831041257366,0.11198428290766209,2.638506876227898
RHNO1,0.5265225933202358,0.019646365422396856,3.235756385068762
RHO,0.6640471512770137,0.005893909626719057,3.5893909626719056
RHOA,0.11787819253438114,0.3045186640471513,1.8781925343811394
RHOB,0.4675834970530452,0.01768172888015717,2.8605108055009825
RHOBTB1,0.3968565815324165,0.043222003929273084,2.62671905697446
RHOBTB2,0.27897838899803534,0.2455795677799607,2.2475442043222005
RHOBTB3,0.26522593320235754,0.12573673870333987,2.3025540275049114
RHOC,0.3418467583497053,0.08644400785854617,2.4538310412573674
RHOD,0.5658153241650294,0.019646365422396856,3.267190569744597
RHOF,0.46168958742632615,0.0137524557956778,2.764243614931238
RHOG,0.3693516699410609,0.10805500982318271,2.5147347740667976
RHOH,0.32612966601178783,0.1237721021611002,2.447937131630648
RHOQ,0.47544204322200395,0.007858546168958742,2.895874263261297
RHOT1,0.43418467583497056,0.021611001964636542,2.7662082514734774
RHOT2,0.46168958742632615,0.0412573673870334,2.7387033398821217
RHOU,0.5442043222003929,0.007858546168958742,3.013752455795678
RHOV,0.39096267190569745,0.08055009823182711,2.587426326129666
RHPN2,0.46168958742632615,0.03732809430255403,2.75049115913556
RIC8A,0.3713163064833006,0.1100196463654224,2.5284872298624754
RIC8B,0.45579567779960706,0.015717092337917484,2.744597249508841
RICTOR,0.6051080550098232,0.003929273084479371,3.5658153241650297
RIF1,0.44793713163064836,0.01768172888015717,2.762278978388998
RILP,0.38703339882121807,0.09233791748526522,2.5579567779960706
RIMKLA,0.45972495088408644,0.015717092337917484,2.7799607072691552
RIMKLB,0.518664047151277,0.025540275049115914,3.1473477406679766
RIMS1,0.4243614931237721,0.0412573673870334,2.6836935166994107
RIMS2,0.756385068762279,0.0019646365422396855,4.009823182711198
RIN1,0.5540275049115914,0.01768172888015717,3.182711198428291
RING1,0.44793713163064836,0.05304518664047151,2.7701375245579567
RINT1,0.5166994106090373,0.0275049115913556,3.0825147347740667
RIOK1,0.4381139489194499,0.06679764243614932,2.774066797642436
RIOX1,0.4950884086444008,0.03536345776031434,3.0275049115913557
RIPK1,0.43222003929273084,0.060903732809430254,2.7288801571709236
RIPK2,0.7288801571709234,0.003929273084479371,3.848722986247544
RIPK3,0.45579567779960706,0.05893909626719057,2.8880157170923377
RIT1,0.5363457760314342,0.005893909626719057,2.9410609037328093
RIT2,0.28094302554027506,0.1925343811394892,2.3654223968565815
RLBP1,0.44204322200392926,0.05108055009823183,2.7288801571709236
RLIM,0.15717092337917485,0.4066797642436149,1.8703339882121808
RMDN2,0.47544204322200395,0.011787819253438114,2.8880157170923377
RMDN3,0.39096267190569745,0.08055009823182711,2.587426326129666
RMI1,0.49705304518664045,0.05304518664047151,2.9096267190569747
RMI2,0.4715127701375246,0.029469548133595286,2.781925343811395
RNASE2,0.4675834970530452,0.05108055009823183,2.988212180746562
RNASE3,0.4675834970530452,0.05108055009823183,2.970530451866405
RNASEH1,0.4577603143418468,0.023575638506876228,2.8290766208251474
RNASEH2A,0.43418467583497056,0.04911591355599214,2.675834970530452
RNASEH2B,0.32023575638506874,0.17288801571709234,2.388998035363458
RNASEH2C,0.5324165029469549,0.0137524557956778,3.0962671905697445
RND1,0.44793713163064836,0.021611001964636542,2.730844793713163
RND2,0.449901768172888,0.019646365422396856,2.787819253438114
RND3,0.44793713163064836,0.01768172888015717,2.7681728880157173
RNF103,0.46954813359528486,0.005893909626719057,2.9037328094302555
RNF11,0.4381139489194499,0.019646365422396856,2.717092337917485
RNF111,0.4027504911591356,0.06679764243614932,2.62671905697446
RNF115,0.5284872298624754,0.009823182711198428,2.931237721021611
RNF123,0.11787819253438114,0.3045186640471513,1.8781925343811394
RNF125,0.3182711198428291,0.1650294695481336,2.430255402750491
RNF128,0.18467583497053044,0.38703339882121807,1.9292730844793713
RNF13,0.7445972495088409,0.003929273084479371,4.222003929273084
RNF130,0.3025540275049116,0.09430255402750491,2.404715127701375
RNF135,0.43222003929273084,0.023575638506876228,2.7583497053045187
RNF138,0.3182711198428291,0.1650294695481336,2.4282907662082516
RNF139,0.7819253438113949,0.003929273084479371,4.141453831041257
RNF14,0.2966601178781925,0.08644400785854617,2.387033398821218
RNF144A,0.4538310412573674,0.019646365422396856,2.831041257367387
RNF144B,0.4381139489194499,0.0550098231827112,2.760314341846758
RNF146,0.4381139489194499,0.03929273084479371,2.719056974459725
RNF152,0.22986247544204322,0.23772102161100198,2.1296660117878194
RNF168,0.7819253438113949,0.0,4.363457760314342
RNF17,0.29469548133595286,0.16699410609037327,2.337917485265226
RNF182,0.4400785854616896,0.06483300589390963,2.756385068762279
RNF185,0.4577603143418468,0.021611001964636542,2.850687622789784
RNF187,0.5442043222003929,0.007858546168958742,3.013752455795678
RNF19A,0.75049115913556,0.0019646365422396855,4.001964636542239
RNF19B,0.444007858546169,0.029469548133595286,2.6954813359528487
RNF2,0.5383104125736738,0.007858546168958742,2.968565815324165
RNF20,0.5304518664047151,0.03339882121807466,3.00196463654224
RNF213,0.4715127701375246,0.04518664047151277,2.8231827111984282
RNF216,0.5756385068762279,0.009823182711198428,3.31237721021611
RNF220,0.4518664047151277,0.0137524557956778,2.75049115913556
RNF24,0.5324165029469549,0.047151277013752456,3.043222003929273
RNF25,0.3418467583497053,0.09037328094302555,2.4597249508840866
RNF31,0.45579567779960706,0.05893909626719057,2.8880157170923377
RNF32,0.41846758349705304,0.1100196463654224,2.644400785854617
RNF34,0.46168958742632615,0.0137524557956778,2.762278978388998
RNF4,0.3143418467583497,0.14931237721021612,2.404715127701375
RNF40,0.46954813359528486,0.0275049115913556,2.8015717092337917
RNF41,0.4656188605108055,0.015717092337917484,2.7662082514734774
RNF43,0.4656188605108055,0.023575638506876228,2.8526522593320234
RNF5,0.4518664047151277,0.04911591355599214,2.787819253438114
RNF6,0.3025540275049116,0.16110019646365423,2.3536345776031435
RNF7,0.7131630648330058,0.005893909626719057,3.9292730844793713
RNF8,0.4518664047151277,0.04518664047151277,2.7779960707269153
RNGTT,0.41453831041257366,0.043222003929273084,2.675834970530452
RNH1,0.37524557956778,0.1100196463654224,2.536345776031434
RNMT,0.48526522593320237,0.03929273084479371,3.056974459724951
RNPEP,0.5422396856581533,0.007858546168958742,2.980353634577603
RNPS1,0.4636542239685658,0.03929273084479371,2.742632612966601
RO60,0.5383104125736738,0.007858546168958742,2.9724950884086443
ROBO1,0.1237721021611002,0.30844793713163066,1.8899803536345776
ROBO2,0.1237721021611002,0.30648330058939094,1.899803536345776
ROBO3,0.30844793713163066,0.1807465618860511,2.3280943025540277
ROBO4,0.30844793713163066,0.1807465618860511,2.3280943025540277
ROCK1,0.449901768172888,0.05697445972495088,2.776031434184676
ROCK2,0.4538310412573674,0.021611001964636542,2.8231827111984282
ROM1,0.481335952848723,0.03143418467583497,2.8781925343811396
ROMO1,0.5756385068762279,0.0137524557956778,3.326129666011788
ROPN1L,0.6267190569744597,0.009823182711198428,3.56188605108055
ROR1,0.4263261296660118,0.0275049115913556,2.68565815324165
ROR2,0.518664047151277,0.03732809430255403,2.9783889980353635
RORA,0.4066797642436149,0.06483300589390963,2.6365422396856584
RORB,0.4911591355599214,0.060903732809430254,2.895874263261297
RORC,0.5402750491159135,0.005893909626719057,2.9646365422396856
RP1L1,0.2730844793713163,0.2554027504911591,2.2337917485265226
RP2,0.12966601178781925,0.5029469548133595,1.7740667976424362
RP9,0.5677799607072691,0.0137524557956778,3.223968565815324
RPA1,0.3850687622789784,0.09430255402750491,2.5540275049115913
RPA2,0.4243614931237721,0.0412573673870334,2.638506876227898
RPA3,0.5756385068762279,0.011787819253438114,3.282907662082515
RPA4,0.1787819253438114,0.3968565815324165,1.8978388998035363
RPAIN,0.3831041257367387,0.09430255402750491,2.550098231827112
RPAP1,0.3948919449901768,0.08447937131630648,2.5893909626719056
RPAP2,0.39096267190569745,0.04518664047151277,2.593320235756385
RPE,0.3614931237721022,0.08840864440078586,2.4990176817288803
RPE65,0.41846758349705304,0.03143418467583497,2.6522593320235757
RPF1,0.3988212180746562,0.0412573673870334,2.6090373280943027
RPF2,0.4204322200392927,0.0412573673870334,2.658153241650295
RPGRIP1,0.46168958742632615,0.05108055009823183,2.923379174852652
RPH3A,0.45579567779960706,0.015717092337917484,2.744597249508841
RPH3AL,0.3831041257367387,0.09823182711198428,2.552062868369352
RPIA,0.4715127701375246,0.007858546168958742,2.882121807465619
RPL10A,0.4518664047151277,0.047151277013752456,2.776031434184676
RPL10L,0.4911591355599214,0.0412573673870334,3.019646365422397
RPL11,0.4223968565815324,0.04518664047151277,2.6286836935166993
RPL12,0.5402750491159135,0.03536345776031434,3.0039292730844793
RPL13,0.4381139489194499,0.06679764243614932,2.713163064833006
RPL13A,0.4656188605108055,0.03143418467583497,2.7229862475442044
RPL14,0.13163064833005894,0.2868369351669941,1.9155206286836934
RPL15,0.13555992141453832,0.28094302554027506,1.9410609037328095
RPL18,0.46168958742632615,0.03339882121807466,2.699410609037328
RPL18A,0.4361493123772102,0.05108055009823183,2.6895874263261295
RPL19,0.449901768172888,0.015717092337917484,2.819253438113949
RPL21,0.29862475442043224,0.15717092337917485,2.3634577603143416
RPL22,0.4263261296660118,0.047151277013752456,2.675834970530452
RPL22L1,0.7858546168958742,0.0,4.555992141453831
RPL23,0.44793713163064836,0.015717092337917484,2.817288801571709
RPL23A,0.43418467583497056,0.019646365422396856,2.7956777996070725
RPL24,0.6090373280943026,0.0137524557956778,3.398821218074656
RPL26,0.3850687622789784,0.09430255402750491,2.56188605108055
RPL26L1,0.29862475442043224,0.10216110019646366,2.381139489194499
RPL27,0.449901768172888,0.019646365422396856,2.787819253438114
RPL27A,0.37524557956778,0.09430255402750491,2.538310412573674
RPL28,0.4793713163064833,0.03143418467583497,2.7897838899803538
RPL29,0.11787819253438114,0.30648330058939094,1.8762278978388998
RPL3,0.45579567779960706,0.023575638506876228,2.836935166994106
RPL30,0.7445972495088409,0.0019646365422396855,3.923379174852652
RPL31,0.46954813359528486,0.011787819253438114,2.8664047151277012
RPL32,0.14931237721021612,0.2691552062868369,1.9764243614931238
RPL34,0.3693516699410609,0.05304518664047151,2.5304518664047153
RPL35,0.550098231827112,0.03536345776031434,3.029469548133595
RPL36,0.39096267190569745,0.0962671905697446,2.5265225933202355
RPL36A,0.1925343811394892,0.38703339882121807,1.9351669941060903
RPL36AL,0.48722986247544203,0.03536345776031434,3.025540275049116
RPL37,0.6011787819253438,0.003929273084479371,3.5402750491159134
RPL37A,0.3418467583497053,0.09233791748526522,2.4557956777996073
RPL38,0.4950884086444008,0.023575638506876228,2.8978388998035363
RPL39,0.18664047151277013,0.3850687622789784,1.9410609037328095
RPL39L,0.787819253438114,0.0,4.479371316306484
RPL3L,0.4636542239685658,0.03929273084479371,2.742632612966601
RPL4,0.412573673870334,0.06286836935166994,2.650294695481336
RPL41,0.4656188605108055,0.015717092337917484,2.7662082514734774
RPL5,0.39096267190569745,0.04518664047151277,2.593320235756385
RPL6,0.45579567779960706,0.015717092337917484,2.744597249508841
RPL7,0.7072691552062869,0.003929273084479371,3.8722986247544204
RPL7A,0.5343811394891945,0.03929273084479371,3.013752455795678
RPL7L1,0.4636542239685658,0.03929273084479371,2.8722986247544204
RPL8,0.7721021611001965,0.0019646365422396855,4.041257367387034
RPL9,0.32612966601178783,0.12180746561886051,2.4518664047151275
RPLP0,0.4675834970530452,0.0137524557956778,2.7858546168958744
RPLP1,0.41453831041257366,0.06286836935166994,2.6463654223968565
RPLP2,0.37721021611001965,0.10412573673870335,2.5461689587426326
RPN1,0.6581532416502947,0.005893909626719057,3.5776031434184676
RPN2,0.5618860510805501,0.019646365422396856,3.243614931237721
RPP14,0.11787819253438114,0.30648330058939094,1.8762278978388998
RPP21,0.44597249508840864,0.05108055009823183,2.7858546168958744
RPP25,0.4165029469548134,0.06286836935166994,2.642436149312377
RPP30,0.3889980353634578,0.07072691552062868,2.5324165029469548
RPP38,0.36345776031434185,0.10805500982318271,2.504911591355599
RPP40,0.4361493123772102,0.06483300589390963,2.7347740667976423
RPRD1A,0.2966601178781925,0.18664047151277013,2.3654223968565815
RPRD1B,0.5579567779960707,0.019646365422396856,3.2043222003929275
RPRD2,0.5383104125736738,0.007858546168958742,2.986247544204322
RPS10,0.449901768172888,0.04911591355599214,2.7721021611001966
RPS11,0.4656188605108055,0.03143418467583497,2.7229862475442044
RPS12,0.43418467583497056,0.03536345776031434,2.7072691552062866
RPS13,0.39096267190569745,0.0825147347740668,2.5893909626719056
RPS14,0.3005893909626719,0.09233791748526522,2.388998035363458
RPS15,0.3575638506876228,0.11591355599214145,2.420432220039293
RPS15A,0.4656188605108055,0.03339882121807466,2.762278978388998
RPS16,0.4675834970530452,0.03732809430255403,2.834970530451866
RPS18,0.44793713163064836,0.05304518664047151,2.7701375245579567
RPS19,0.4577603143418468,0.03732809430255403,2.6895874263261295
RPS19BP1,0.45579567779960706,0.023575638506876228,2.834970530451866
RPS2,0.4636542239685658,0.03929273084479371,2.742632612966601
RPS20,0.6817288801571709,0.007858546168958742,3.673870333988212
RPS21,0.5383104125736738,0.021611001964636542,3.117878192534381
RPS23,0.26129666011787817,0.12180746561886051,2.3025540275049114
RPS24,0.3988212180746562,0.05304518664047151,2.5736738703339883
RPS25,0.3025540275049116,0.1905697445972495,2.3084479371316307
RPS26,0.4656188605108055,0.015717092337917484,2.7662082514734774
RPS27A,0.47347740667976423,0.003929273084479371,2.907662082514735
RPS27L,0.4086444007858546,0.06286836935166994,2.650294695481336
RPS28,0.4027504911591356,0.07662082514734773,2.5658153241650297
RPS29,0.48919449901768175,0.03339882121807466,3.0412573673870336
RPS3,0.4223968565815324,0.12180746561886051,2.8271119842829076
RPS3A,0.3379174852652259,0.09233791748526522,2.4518664047151275
RPS4X,0.16110019646365423,0.412573673870334,1.8683693516699411
RPS5,0.4774066797642436,0.03929273084479371,2.7524557956777995
RPS6,0.34970530451866405,0.17485265225933203,2.701375245579568
RPS6KA1,0.41846758349705304,0.04518664047151277,2.62475442043222
RPS6KA2,0.41453831041257366,0.0412573673870334,2.6660117878192535
RPS6KA3,0.12770137524557956,0.5029469548133595,1.7033398821218075
RPS6KA4,0.48919449901768175,0.025540275049115914,2.970530451866405
RPS6KA5,0.48526522593320237,0.05697445972495088,2.99803536345776
RPS6KA6,0.17092337917485265,0.3948919449901768,1.9332023575638506
RPS6KB1,0.4715127701375246,0.015717092337917484,2.850687622789784
RPS6KB2,0.555992141453831,0.025540275049115914,3.239685658153242
RPS8,0.4518664047151277,0.0137524557956778,2.75049115913556
RPS9,0.47544204322200395,0.03143418467583497,2.7662082514734774
RPSA,0.13163064833005894,0.2868369351669941,1.9155206286836934
RPTOR,0.46954813359528486,0.047151277013752456,2.821218074656189
RPUSD4,0.3104125736738703,0.1787819253438114,2.341846758349705
RRAGA,0.3516699410609037,0.17485265225933203,2.7210216110019645
RRAGB,0.14538310412573674,0.46954813359528486,1.793713163064833
RRAGC,0.4577603143418468,0.015717092337917484,2.7701375245579567
RRAGD,0.41453831041257366,0.043222003929273084,2.6719056974459723
RRAS,0.4656188605108055,0.03143418467583497,2.7229862475442044
RRAS2,0.39096267190569745,0.0825147347740668,2.6168958742632613
RRBP1,0.5284872298624754,0.043222003929273084,3.100196463654224
RRH,0.37328094302554027,0.05304518664047151,2.536345776031434
RRM1,0.3713163064833006,0.10412573673870335,2.522593320235756
RRM2,0.4538310412573674,0.021611001964636542,2.8231827111984282
RRM2B,0.7524557956777996,0.0019646365422396855,3.986247544204322
RRN3,0.4675834970530452,0.03143418467583497,2.7701375245579567
RRP1,0.3104125736738703,0.09823182711198428,2.3850687622789786
RRP12,0.3831041257367387,0.068762278978389,2.5108055009823183
RRP15,0.5422396856581533,0.007858546168958742,2.9901768172888015
RRP1B,0.3104125736738703,0.09823182711198428,2.3850687622789786
RRP36,0.4636542239685658,0.03929273084479371,2.8722986247544204
RRP8,0.37721021611001965,0.09233791748526522,2.5422396856581533
RRP9,0.11787819253438114,0.30648330058939094,1.8762278978388998
RRS1,0.7072691552062869,0.003929273084479371,3.8113948919449903
RSAD2,0.4538310412573674,0.019646365422396856,2.8290766208251474
RSF1,0.4204322200392927,0.1237721021611002,2.862475442043222
RSL1D1,0.4715127701375246,0.029469548133595286,2.781925343811395
RSL24D1,0.4066797642436149,0.07072691552062868,2.638506876227898
RSPH9,0.4675834970530452,0.03929273084479371,2.856581532416503
RSPO1,0.45579567779960706,0.019646365422396856,2.7367387033398822
RSRC1,0.7524557956777996,0.0019646365422396855,4.277013752455796
RSU1,0.3555992141453831,0.10805500982318271,2.4970530451866404
RTCA,0.3791748526522593,0.05304518664047151,2.5658153241650297
RTCB,0.4577603143418468,0.023575638506876228,2.8447937131630647
RTEL1,0.5402750491159135,0.021611001964636542,3.1100196463654224
RTF1,0.3948919449901768,0.08447937131630648,2.5893909626719056
RTKN,0.4715127701375246,0.0019646365422396855,2.905697445972495
RTN1,0.4931237721021611,0.03536345776031434,3.0373280943025542
RTN3,0.48722986247544203,0.025540275049115914,2.9607072691552063
RTN4,0.47347740667976423,0.003929273084479371,2.907662082514735
RTN4IP1,0.41846758349705304,0.0412573673870334,2.6954813359528487
RTN4R,0.4793713163064833,0.023575638506876228,3.0412573673870336
RTN4RL1,0.3850687622789784,0.09430255402750491,2.5540275049115913
RTP2,0.793713163064833,0.0,4.528487229862476
RTP4,0.7897838899803536,0.0,4.491159135559921
RTRAF,0.48919449901768175,0.03536345776031434,3.0333988212180745
RUBCN,0.7838899803536346,0.0,4.369351669941061
RUFY1,0.3025540275049116,0.09430255402750491,2.3968565815324165
RUFY3,0.4106090373280943,0.047151277013752456,2.6836935166994107
RUNX1,0.3320235756385069,0.07662082514734773,2.4420432220039294
RUNX1T1,0.7288801571709234,0.003929273084479371,3.850687622789784
RUNX2,0.46954813359528486,0.043222003929273084,2.862475442043222
RUNX3,0.41846758349705304,0.04518664047151277,2.62475442043222
RUSC1,0.5363457760314342,0.005893909626719057,2.943025540275049
RUSC2,0.4302554027504912,0.13555992141453832,3.1080550098231825
RUVBL1,0.656188605108055,0.005893909626719057,3.5756385068762278
RUVBL2,0.4636542239685658,0.03339882121807466,2.713163064833006
RWDD3,0.3831041257367387,0.04911591355599214,2.5854616895874263
RXFP1,0.3379174852652259,0.10216110019646366,2.43811394891945
RXFP3,0.6070726915520629,0.003929273084479371,3.5284872298624754
RXFP4,0.5363457760314342,0.005893909626719057,2.9410609037328093
RXRA,0.5343811394891945,0.0412573673870334,2.994106090373281
RXRB,0.44793713163064836,0.05304518664047151,2.7701375245579567
RXRG,0.5383104125736738,0.007858546168958742,2.988212180746562
RYBP,0.12180746561886051,0.3104125736738703,1.917485265225933
RYK,0.6915520628683693,0.003929273084479371,3.7033398821218073
RYR1,0.4715127701375246,0.03732809430255403,2.7976424361493124
RYR2,0.5461689587426326,0.007858546168958742,3.0510805500982316
RYR3,0.40078585461689586,0.068762278978389,2.6227897838899805
S100A1,0.5363457760314342,0.007858546168958742,2.943025540275049
S100A10,0.5402750491159135,0.005893909626719057,2.9646365422396856
S100A11,0.5402750491159135,0.005893909626719057,2.9646365422396856
S100A12,0.5343811394891945,0.009823182711198428,2.93909626719057
S100A14,0.5363457760314342,0.007858546168958742,2.943025540275049
S100A16,0.5363457760314342,0.007858546168958742,2.943025540275049
S100A4,0.5363457760314342,0.007858546168958742,2.943025540275049
S100A6,0.5363457760314342,0.007858546168958742,2.943025540275049
S100A7,0.5363457760314342,0.009823182711198428,2.9410609037328093
S100A8,0.5343811394891945,0.009823182711198428,2.93909626719057
S100A9,0.5343811394891945,0.009823182711198428,2.93909626719057
S100B,0.32023575638506874,0.09823182711198428,2.4282907662082516
S100G,0.12966601178781925,0.49705304518664045,1.719056974459725
S100P,0.30844793713163066,0.15324165029469547,2.398821218074656
S100PBP,0.444007858546169,0.03143418467583497,2.6935166994106092
S1PR1,0.37524557956778,0.05304518664047151,2.555992141453831
S1PR3,0.5147347740667977,0.0412573673870334,2.9626719056974458
S1PR4,0.3654223968565815,0.10805500982318271,2.447937131630648
S1PR5,0.4204322200392927,0.05893909626719057,2.6463654223968565
SAA1,0.39096267190569745,0.08840864440078586,2.583497053045187
SACM1L,0.1237721021611002,0.29469548133595286,1.8978388998035363
SAE1,0.46168958742632615,0.03536345776031434,2.6935166994106092
SAFB,0.3889980353634578,0.0962671905697446,2.522593320235756
SAFB2,0.3889980353634578,0.0962671905697446,2.522593320235756
SALL1,0.4538310412573674,0.07465618860510806,2.7544204322200394
SALL3,0.21611001964636542,0.25147347740667975,2.1021611001964637
SALL4,0.5363457760314342,0.023575638506876228,3.1080550098231825
SAMD8,0.40078585461689586,0.05108055009823183,2.5854616895874263
SAMHD1,0.5618860510805501,0.019646365422396856,3.2318271119842827
SAMM50,0.44597249508840864,0.03143418467583497,2.799607072691552
SAP130,0.4518664047151277,0.011787819253438114,2.7956777996070725
SAP18,0.28094302554027506,0.17681728880157171,2.2927308447937134
SAP25,0.5284872298624754,0.0137524557956778,3.1968503937007875
SAP30,0.32612966601178783,0.1100196463654224,2.398821218074656
SAP30BP,0.4931237721021611,0.0275049115913556,2.899803536345776
SAP30L,0.3005893909626719,0.09233791748526522,2.392927308447937
SAR1A,0.39096267190569745,0.04911591355599214,2.5579567779960706
SAR1B,0.2907662082514735,0.09823182711198428,2.3772102161100195
SARAF,0.3045186640471513,0.2180746561886051,2.3713163064833007
SARM1,0.4381139489194499,0.019646365422396856,2.7976424361493124
SARNP,0.4656188605108055,0.015717092337917484,2.7662082514734774
SARS2,0.4675834970530452,0.03732809430255403,2.7956777996070725
SART1,0.5422396856581533,0.015717092337917484,3.165029469548134
SART3,0.45579567779960706,0.015717092337917484,2.74852652259332
SASS6,0.3791748526522593,0.05304518664047151,2.5658153241650297
SAT1,0.12966601178781925,0.5088408644400786,1.719056974459725
SAT2,0.3791748526522593,0.09823182711198428,2.5402750491159134
SATB1,0.13948919449901767,0.2770137524557957,1.9528487229862475
SATB2,0.41846758349705304,0.03536345776031434,2.787819253438114
SAV1,0.48722986247544203,0.03732809430255403,3.031434184675835
SBDS,0.5049115913555993,0.019646365422396856,2.982318271119843
SBF1,0.44204322200392926,0.043222003929273084,2.807465618860511
SBF2,0.381139489194499,0.09430255402750491,2.5422396856581533
SC5D,0.3025540275049116,0.18664047151277013,2.318271119842829
SCAF1,0.4656188605108055,0.03143418467583497,2.7229862475442044
SCAF11,0.46168958742632615,0.023575638506876228,2.774066797642436
SCAF8,0.4086444007858546,0.03929273084479371,2.654223968565815
SCAI,0.550098231827112,0.03536345776031434,3.029469548133595
SCAMP1,0.25736738703339884,0.12573673870333987,2.286836935166994
SCAMP2,0.4165029469548134,0.06286836935166994,2.642436149312377
SCAND1,0.5736738703339882,0.01768172888015717,3.31434184675835
SCAP,0.1237721021611002,0.29862475442043224,1.8899803536345776
SCARA3,0.2907662082514735,0.22789783889980353,2.2888015717092336
SCARA5,0.29469548133595286,0.22789783889980353,2.3104125736738705
SCARB1,0.45972495088408644,0.019646365422396856,2.760314341846758
SCARB2,0.3988212180746562,0.05108055009823183,2.6640471512770136
SCARF2,0.481335952848723,0.023575638506876228,3.1296660117878194
SCCPDH,0.555992141453831,0.015717092337917484,3.0373280943025542
SCD,0.381139489194499,0.07072691552062868,2.5029469548133596
SCD5,0.37721021611001965,0.06679764243614932,2.552062868369352
SCFD1,0.4774066797642436,0.04911591355599214,2.954813359528487
SCG2,0.33988212180746563,0.0962671905697446,2.4459724950884087
SCG3,0.412573673870334,0.07072691552062868,2.6483300589390963
SCG5,0.4027504911591356,0.068762278978389,2.6345776031434185
SCGB1A1,0.4793713163064833,0.029469548133595286,2.8840864440078584
SCGB3A2,0.29469548133595286,0.09233791748526522,2.3791748526522594
SCLT1,0.36738703339882123,0.060903732809430254,2.5343811394891946
SCLY,0.35363457760314343,0.09430255402750491,2.479371316306483
SCML2,0.12770137524557956,0.49705304518664045,1.7111984282907662
SCN10A,0.12966601178781925,0.2888015717092338,1.9115913555992141
SCN1A,0.45972495088408644,0.019646365422396856,2.821218074656189
SCN1B,0.46954813359528486,0.03536345776031434,2.793713163064833
SCN2A,0.45972495088408644,0.019646365422396856,2.8133595284872297
SCN2B,0.3025540275049116,0.1925343811394892,2.337917485265226
SCN3A,0.45972495088408644,0.019646365422396856,2.8133595284872297
SCN3B,0.30648330058939094,0.1807465618860511,2.332023575638507
SCN4A,0.48722986247544203,0.015717092337917484,2.8762278978388998
SCN4B,0.3025540275049116,0.1925343811394892,2.337917485265226
SCN5A,0.12966601178781925,0.2888015717092338,1.9115913555992141
SCN8A,0.4577603143418468,0.019646365422396856,2.7347740667976423
SCNN1A,0.5206286836935167,0.021611001964636542,3.194499017681729
SCNN1B,0.4577603143418468,0.03339882121807466,2.7583497053045187
SCNN1D,0.4361493123772102,0.043222003929273084,2.68565815324165
SCNN1G,0.4577603143418468,0.03339882121807466,2.7524557956777995
SCO1,0.3850687622789784,0.0962671905697446,2.5893909626719056
SCO2,0.4400785854616896,0.04518664047151277,2.8015717092337917
SCOC,0.36738703339882123,0.07072691552062868,2.5284872298624754
SCP2,0.43418467583497056,0.021611001964636542,2.7033398821218073
SCPEP1,0.46954813359528486,0.021611001964636542,2.8408644400785854
SCRIB,0.7701375245579568,0.0019646365422396855,4.037328094302554
SCTR,0.4774066797642436,0.009823182711198428,2.9332023575638506
SCUBE2,0.3791748526522593,0.09430255402750491,2.5422396856581533
SCUBE3,0.4518664047151277,0.047151277013752456,2.776031434184676
SCYL1,0.5245579567779961,0.015717092337917484,3.0530451866404715
SCYL2,0.45579567779960706,0.0137524557956778,2.7406679764243616
SDAD1,0.3988212180746562,0.05108055009823183,2.6640471512770136
SDC1,0.4675834970530452,0.01768172888015717,2.8585461689587426
SDC2,0.7387033398821218,0.003929273084479371,3.8880157170923377
SDC3,0.4263261296660118,0.03929273084479371,2.650294695481336
SDC4,0.5383104125736738,0.025540275049115914,3.1159135559921416
SDCBP,0.6836935166994106,0.007858546168958742,3.6954813359528487
SDCCAG8,0.550098231827112,0.007858546168958742,3.0392927308447937
SDF2,0.43418467583497056,0.019646365422396856,2.7956777996070725
SDF2L1,0.47347740667976423,0.021611001964636542,2.943025540275049
SDHA,0.6345776031434185,0.009823182711198428,3.6286836935166993
SDHAF1,0.4675834970530452,0.03732809430255403,2.7681728880157173
SDHAF2,0.4715127701375246,0.029469548133595286,2.8605108055009825
SDHAF3,0.5245579567779961,0.01768172888015717,3.2455795677799606
SDHAF4,0.4243614931237721,0.03732809430255403,2.6954813359528487
SDHB,0.4204322200392927,0.047151277013752456,2.6326129666011786
SDHC,0.5402750491159135,0.005893909626719057,2.968565815324165
SDHD,0.2966601178781925,0.1944990176817289,2.2927308447937134
SDR16C5,0.6817288801571709,0.007858546168958742,3.675834970530452
SDR9C7,0.4675834970530452,0.01768172888015717,2.7956777996070725
SEC11A,0.43222003929273084,0.05697445972495088,2.6954813359528487
SEC11C,0.22593320235756384,0.2357563850687623,2.1257367387033397
SEC13,0.15520628683693516,0.2691552062868369,1.9764243614931238
SEC14L1,0.48526522593320237,0.03732809430255403,2.8585461689587426
SEC16A,0.5245579567779961,0.0550098231827112,2.9666011787819255
SEC22A,0.6444007858546169,0.005893909626719057,3.520628683693517
SEC22B,0.3654223968565815,0.08840864440078586,2.5736738703339883
SEC22C,0.1237721021611002,0.2888015717092338,1.9056974459724951
SEC23A,0.48526522593320237,0.043222003929273084,3.019646365422397
SEC23B,0.5324165029469549,0.0412573673870334,3.135559921414538
SEC23IP,0.40471512770137524,0.05893909626719057,2.567779960707269
SEC24A,0.2907662082514735,0.09823182711198428,2.3772102161100195
SEC24B,0.37328094302554027,0.05304518664047151,2.536345776031434
SEC24C,0.3968565815324165,0.05304518664047151,2.5736738703339883
SEC24D,0.37328094302554027,0.0550098231827112,2.5402750491159134
SEC31A,0.37721021611001965,0.06679764243614932,2.552062868369352
SEC31B,0.3831041257367387,0.068762278978389,2.506876227897839
SEC61A1,0.656188605108055,0.005893909626719057,3.5756385068762278
SEC61A2,0.36738703339882123,0.10609037328094302,2.5147347740667976
SEC61B,0.5265225933202358,0.03143418467583497,2.9921414538310414
SEC62,0.7858546168958742,0.0,4.567779960707269
SEC63,0.4204322200392927,0.043222003929273084,2.658153241650295
SECISBP2,0.518664047151277,0.0412573673870334,2.968565815324165
SECTM1,0.4656188605108055,0.04911591355599214,2.8035363457760316
SEH1L,0.48722986247544203,0.0412573673870334,3.0412573673870336
SEL1L,0.5088408644400786,0.04518664047151277,3.0785854616895874
SELE,0.5343811394891945,0.007858546168958742,2.9489194499017684
SELENOI,0.47347740667976423,0.007858546168958742,2.8703339882121806
SELENOK,0.11787819253438114,0.30844793713163066,1.87426326129666
SELENON,0.41846758349705304,0.04518664047151277,2.62475442043222
SELENOP,0.5952848722986247,0.003929273084479371,3.5324165029469548
SELENOS,0.4538310412573674,0.04518664047151277,2.7956777996070725
SELL,0.5343811394891945,0.007858546168958742,2.9489194499017684
SELP,0.5343811394891945,0.007858546168958742,2.9489194499017684
SELPLG,0.45579567779960706,0.015717092337917484,2.74852652259332
SEM1,0.5265225933202358,0.01768172888015717,3.2455795677799606
SEMA3A,0.5029469548133595,0.019646365422396856,3.019646365422397
SEMA3B,0.11787819253438114,0.30648330058939094,1.8762278978388998
SEMA3C,0.48919449901768175,0.023575638506876228,2.986247544204322
SEMA3F,0.11787819253438114,0.30648330058939094,1.8762278978388998
SEMA4A,0.5363457760314342,0.005893909626719057,2.9410609037328093
SEMA4B,0.444007858546169,0.05108055009823183,2.7387033398821217
SEMA4D,0.518664047151277,0.03929273084479371,2.970530451866405
SEMA4F,0.4715127701375246,0.0019646365422396855,2.905697445972495
SEMA4G,0.38703339882121807,0.068762278978389,2.512770137524558
SEMA6A,0.28487229862475444,0.11198428290766209,2.3516699410609037
SEMA6D,0.4086444007858546,0.07269155206286837,2.6227897838899805
SEMA7A,0.4165029469548134,0.06286836935166994,2.642436149312377
SEMG1,0.5363457760314342,0.025540275049115914,3.1119842829076623
SENP1,0.45579567779960706,0.021611001964636542,2.744597249508841
SENP2,0.7838899803536346,0.0,4.471512770137524
SENP3,0.3791748526522593,0.09823182711198428,2.5402750491159134
SENP5,0.7819253438113949,0.0,4.37524557956778
SENP6,0.4204322200392927,0.03929273084479371,2.667976424361493
SENP7,0.6090373280943026,0.0137524557956778,3.392927308447937
SEPSECS,0.32023575638506874,0.13555992141453832,2.4734774066797645
SERBP1,0.4165029469548134,0.029469548133595286,2.656188605108055
SERGEF,0.38703339882121807,0.08840864440078586,2.5776031434184676
SERINC3,0.5402750491159135,0.025540275049115914,3.1218074656188604
SERINC5,0.25736738703339884,0.1237721021611002,2.286836935166994
SERP1,0.7445972495088409,0.003929273084479371,4.222003929273084
SERPINA1,0.4931237721021611,0.05304518664047151,3.0235756385068764
SERPINA10,0.4931237721021611,0.05108055009823183,3.025540275049116
SERPINA3,0.4931237721021611,0.05304518664047151,3.013752455795678
SERPINA4,0.4931237721021611,0.05304518664047151,3.0216110019646365
SERPINA5,0.4931237721021611,0.05304518664047151,3.0216110019646365
SERPINA7,0.18467583497053044,0.3850687622789784,1.931237721021611
SERPINB1,0.43418467583497056,0.060903732809430254,2.732809430255403
SERPINB13,0.2318271119842829,0.23772102161100198,2.131630648330059
SERPINB2,0.2357563850687623,0.2357563850687623,2.1394891944990175
SERPINB3,0.2318271119842829,0.23772102161100198,2.1414538310412574
SERPINB4,0.2318271119842829,0.23772102161100198,2.131630648330059
SERPINB5,0.2318271119842829,0.23772102161100198,2.131630648330059
SERPINB6,0.43222003929273084,0.060903732809430254,2.7288801571709236
SERPINB8,0.2337917485265226,0.23772102161100198,2.135559921414538
SERPINC1,0.5363457760314342,0.007858546168958742,2.9587426326129664
SERPIND1,0.48526522593320237,0.019646365422396856,3.1669941060903732
SERPINE1,0.5206286836935167,0.019646365422396856,3.1414538310412574
SERPINE2,0.33595284872298625,0.10019646365422397,2.43811394891945
SERPINF1,0.3850687622789784,0.09233791748526522,2.555992141453831
SERPINF2,0.38703339882121807,0.09233791748526522,2.5579567779960706
SERPING1,0.4774066797642436,0.01768172888015717,2.8742632612966603
SERPINH1,0.4243614931237721,0.12180746561886051,2.834970530451866
SERTAD3,0.46168958742632615,0.03929273084479371,2.7838899803536346
SESN2,0.4263261296660118,0.03929273084479371,2.642436149312377
SESN3,0.33595284872298625,0.17485265225933203,2.4656188605108054
SET,0.5422396856581533,0.03732809430255403,3.005893909626719
SETD1A,0.4715127701375246,0.0275049115913556,2.8035363457760316
SETD1B,0.46168958742632615,0.0137524557956778,2.764243614931238
SETD2,0.1237721021611002,0.2966601178781925,1.8919449901768173
SETD6,0.4577603143418468,0.06483300589390963,2.7681728880157173
SETD7,0.36738703339882123,0.07072691552062868,2.5324165029469548
SETDB1,0.5383104125736738,0.007858546168958742,2.9921414538310414
SETDB2,0.31237721021611004,0.17681728880157171,2.3713163064833007
SETMAR,0.16306483300589392,0.26522593320235754,2.0098231827111985
SETX,0.5363457760314342,0.03929273084479371,3.025540275049116
SEZ6L,0.45972495088408644,0.021611001964636542,2.8880157170923377
SEZ6L2,0.46954813359528486,0.029469548133595286,2.7976424361493124
SF1,0.49901768172888017,0.021611001964636542,2.986247544204322
SF3A1,0.4636542239685658,0.023575638506876228,2.864440078585462
SF3A2,0.36345776031434185,0.11198428290766209,2.4400785854616895
SF3A3,0.45579567779960706,0.019646365422396856,2.7367387033398822
SF3B1,0.4361493123772102,0.03143418467583497,2.793713163064833
SF3B2,0.5461689587426326,0.01768172888015717,3.182711198428291
SF3B3,0.4656188605108055,0.05893909626719057,2.7681728880157173
SF3B4,0.5363457760314342,0.007858546168958742,2.9783889980353635
SF3B5,0.41453831041257366,0.03929273084479371,2.673870333988212
SF3B6,0.4715127701375246,0.011787819253438114,2.864440078585462
SFI1,0.4577603143418468,0.021611001964636542,2.8526522593320234
SFN,0.4204322200392927,0.04518664047151277,2.6286836935166993
SFPQ,0.4518664047151277,0.021611001964636542,2.7151277013752457
SFR1,0.3850687622789784,0.06286836935166994,2.522593320235756
SFRP1,0.41846758349705304,0.14538310412573674,2.8408644400785854
SFRP2,0.3280943025540275,0.09823182711198428,2.43614931237721
SFRP4,0.5599214145383105,0.0137524557956778,3.1984282907662083
SFRP5,0.3831041257367387,0.068762278978389,2.5108055009823183
SFSWAP,0.4538310412573674,0.021611001964636542,2.724950884086444
SFTPA1,0.3988212180746562,0.05697445972495088,2.5717092337917484
SFTPA2,0.3988212180746562,0.05697445972495088,2.5717092337917484
SFTPB,0.4715127701375246,0.005893909626719057,2.9194499017681728
SFTPC,0.28094302554027506,0.24361493123772102,2.257367387033399
SFTPD,0.40078585461689586,0.05697445972495088,2.5736738703339883
SFXN1,0.3005893909626719,0.10019646365422397,2.3948919449901767
SFXN2,0.3850687622789784,0.06286836935166994,2.518664047151277
SGCA,0.4636542239685658,0.011787819253438114,2.8271119842829076
SGCB,0.41846758349705304,0.05304518664047151,2.7269155206286837
SGCD,0.29862475442043224,0.09233791748526522,2.3909626719056973
SGCE,0.5225933202357563,0.019646365422396856,3.2711198428290764
SGCG,0.28487229862475444,0.1650294695481336,2.31237721021611
SGCZ,0.275049115913556,0.2455795677799607,2.25147347740668
SGF29,0.46954813359528486,0.0275049115913556,2.805500982318271
SGIP1,0.4223968565815324,0.029469548133595286,2.656188605108055
SGK1,0.43222003929273084,0.03536345776031434,2.7072691552062866
SGMS1,0.3968565815324165,0.04518664047151277,2.599214145383104
SGMS2,0.36738703339882123,0.0550098231827112,2.5284872298624754
SGO1,0.13948919449901767,0.2770137524557957,1.9528487229862475
SGO2,0.412573673870334,0.043222003929273084,2.7347740667976423
SGPL1,0.3929273084479371,0.04911591355599214,2.5717092337917484
SGPP1,0.4950884086444008,0.03536345776031434,3.056974459724951
SGSH,0.4715127701375246,0.043222003929273084,2.825147347740668
SGSM1,0.46168958742632615,0.021611001964636542,2.8840864440078584
SGSM3,0.45579567779960706,0.023575638506876228,2.8330058939096268
SGTA,0.36345776031434185,0.10805500982318271,2.4420432220039294
SH2B1,0.46954813359528486,0.025540275049115914,2.805500982318271
SH2B2,0.518664047151277,0.021611001964636542,3.1257367387033397
SH2B3,0.45579567779960706,0.015717092337917484,2.75049115913556
SH2D1A,0.1925343811394892,0.381139489194499,1.9587426326129667
SH2D2A,0.5383104125736738,0.005893909626719057,2.9646365422396856
SH2D3C,0.5402750491159135,0.03536345776031434,3.0078585461689586
SH2D4A,0.28094302554027506,0.23772102161100198,2.2907662082514735
SH3BGRL3,0.41846758349705304,0.043222003929273084,2.62671905697446
SH3BP5,0.14538310412573674,0.275049115913556,1.9646365422396856
SH3GL1,0.38703339882121807,0.0962671905697446,2.4990176817288803
SH3GL2,0.3477406679764244,0.1807465618860511,2.68565815324165
SH3GL3,0.4361493123772102,0.0550098231827112,2.705304518664047
SH3GLB1,0.3988212180746562,0.03929273084479371,2.6090373280943027
SH3GLB2,0.5402750491159135,0.03929273084479371,3.00196463654224
SH3KBP1,0.12770137524557956,0.5029469548133595,1.7033398821218075
SH3PXD2A,0.3850687622789784,0.06286836935166994,2.518664047151277
SH3PXD2B,0.2966601178781925,0.10216110019646366,2.3791748526522594
SH3RF1,0.33988212180746563,0.0962671905697446,2.4282907662082516
SHANK1,0.4656188605108055,0.03143418467583497,2.7229862475442044
SHARPIN,0.7701375245579568,0.0019646365422396855,4.037328094302554
SHB,0.3791748526522593,0.16306483300589392,2.7229862475442044
SHBG,0.3791748526522593,0.09823182711198428,2.5402750491159134
SHC1,0.5402750491159135,0.005893909626719057,2.9489194499017684
SHC4,0.4027504911591356,0.07269155206286837,2.6149312377210214
SHH,0.4204322200392927,0.10805500982318271,2.644400785854617
SHISA5,0.11787819253438114,0.3005893909626719,1.882121807465619
SHMT1,0.3968565815324165,0.08644400785854617,2.607072691552063
SHMT2,0.4675834970530452,0.01768172888015717,2.8015717092337917
SHOC2,0.3988212180746562,0.05893909626719057,2.56188605108055
SHPRH,0.4106090373280943,0.0412573673870334,2.662082514734774
SHQ1,0.1237721021611002,0.30844793713163066,1.9115913555992141
SHROOM3,0.39096267190569745,0.05304518664047151,2.638506876227898
SHTN1,0.3988212180746562,0.05893909626719057,2.56188605108055
SI,0.7779960707269156,0.0,4.428290766208251
SIAH1,0.4518664047151277,0.07269155206286837,2.7701375245579567
SIAH2,0.7445972495088409,0.003929273084479371,4.222003929273084
SIGIRR,0.37328094302554027,0.11198428290766209,2.5304518664047153
SIGLEC1,0.5343811394891945,0.04911591355599214,3.043222003929273
SIGLEC14,0.4656188605108055,0.03143418467583497,2.7229862475442044
SIGMAR1,0.4263261296660118,0.137524557956778,2.9351669941060905
SIK1,0.3104125736738703,0.09823182711198428,2.3850687622789786
SIK2,0.2966601178781925,0.19646365422396855,2.2927308447937134
SIK3,0.2966601178781925,0.19646365422396855,2.2907662082514735
SIKE1,0.33988212180746563,0.10019646365422397,2.4420432220039294
SIL1,0.2966601178781925,0.08644400785854617,2.387033398821218
SIM1,0.4165029469548134,0.043222003929273084,2.6522593320235757
SIM2,0.3241650294695481,0.0825147347740668,2.4263261296660117
SIN3A,0.41846758349705304,0.06286836935166994,2.6463654223968565
SIN3B,0.44204322200392926,0.04911591355599214,2.6935166994106092
SIPA1,0.5324165029469549,0.0137524557956778,3.0962671905697445
SIPA1L1,0.48919449901768175,0.03536345776031434,3.0098231827111985
SIRPA,0.5363457760314342,0.04911591355599214,3.056974459724951
SIRPB1,0.5363457760314342,0.04911591355599214,3.0550098231827114
SIRPG,0.5363457760314342,0.04911591355599214,3.0550098231827114
SIRT1,0.3948919449901768,0.047151277013752456,2.5756385068762278
SIRT2,0.4675834970530452,0.03732809430255403,2.7956777996070725
SIRT3,0.3713163064833006,0.1100196463654224,2.5284872298624754
SIRT4,0.4675834970530452,0.0137524557956778,2.7858546168958744
SIRT5,0.4400785854616896,0.06483300589390963,2.7583497053045187
SIRT6,0.38703339882121807,0.0962671905697446,2.4990176817288803
SIRT7,0.4675834970530452,0.04911591355599214,2.8153241650294696
SIVA1,0.48919449901768175,0.05108055009823183,3.029469548133595
SIX2,0.4774066797642436,0.005893909626719057,2.913555992141454
SIX3,0.4774066797642436,0.005893909626719057,2.913555992141454
SIX4,0.4931237721021611,0.03339882121807466,3.0412573673870336
SIX5,0.4656188605108055,0.03732809430255403,2.705304518664047
SIX6,0.4931237721021611,0.03536345776031434,3.0412573673870336
SKA1,0.25147347740667975,0.21021611001964635,2.2023575638506876
SKA2,0.4656188605108055,0.021611001964636542,2.8330058939096268
SKA3,0.28094302554027506,0.17681728880157171,2.2927308447937134
SKAP1,0.4636542239685658,0.0137524557956778,2.8231827111984282
SKAP2,0.5658153241650294,0.01768172888015717,3.223968565815324
SKI,0.4361493123772102,0.04518664047151277,2.68762278978389
SKIL,0.7858546168958742,0.0,4.5599214145383105
SKP1,0.2907662082514735,0.09823182711198428,2.37524557956778
SKP2,0.6070726915520629,0.0019646365422396855,3.536345776031434
SLA,0.7779960707269156,0.0019646365422396855,4.157170923379175
SLA2,0.5677799607072691,0.019646365422396856,3.2730844793713163
SLAIN2,0.36738703339882123,0.08840864440078586,2.6149312377210214
SLAMF1,0.5383104125736738,0.005893909626719057,2.980353634577603
SLAMF6,0.5383104125736738,0.005893909626719057,2.980353634577603
SLBP,0.3143418467583497,0.14341846758349705,2.4106090373280944
SLC10A1,0.48919449901768175,0.03339882121807466,3.0157170923379173
SLC11A2,0.45579567779960706,0.019646365422396856,2.732809430255403
SLC12A1,0.4066797642436149,0.07465618860510806,2.6208251473477406
SLC12A2,0.2868369351669941,0.10216110019646366,2.3634577603143416
SLC12A3,0.4577603143418468,0.068762278978389,2.7662082514734774
SLC12A5,0.5363457760314342,0.023575638506876228,3.1080550098231825
SLC12A6,0.3968565815324165,0.068762278978389,2.6168958742632613
SLC13A5,0.381139489194499,0.0962671905697446,2.5442043222003927
SLC15A4,0.4636542239685658,0.01768172888015717,2.7681728880157173
SLC15A5,0.5147347740667977,0.025540275049115914,3.0903732809430253
SLC16A1,0.3418467583497053,0.09037328094302555,2.449901768172888
SLC16A13,0.381139489194499,0.0962671905697446,2.5461689587426326
SLC16A2,0.15717092337917485,0.4066797642436149,1.8703339882121808
SLC16A3,0.4656188605108055,0.04911591355599214,2.8035363457760316
SLC16A4,0.34970530451866405,0.068762278978389,2.4833005893909625
SLC16A7,0.4774066797642436,0.015717092337917484,2.8722986247544204
SLC17A1,0.4381139489194499,0.05893909626719057,2.7288801571709236
SLC17A7,0.4656188605108055,0.03143418467583497,2.7229862475442044
SLC17A8,0.45579567779960706,0.0137524557956778,2.7406679764243616
SLC18A1,0.2829076620825147,0.23968565815324164,2.286836935166994
SLC18A3,0.4027504911591356,0.04911591355599214,2.601178781925344
SLC19A1,0.30844793713163066,0.10019646365422397,2.3948919449901767
SLC1A1,0.3693516699410609,0.17485265225933203,2.9292730844793713
SLC1A2,0.4381139489194499,0.07072691552062868,2.8703339882121806
SLC20A2,0.412573673870334,0.14538310412573674,2.807465618860511
SLC22A1,0.4066797642436149,0.0412573673870334,2.644400785854617
SLC22A12,0.49901768172888017,0.021611001964636542,2.994106090373281
SLC22A17,0.46168958742632615,0.05304518664047151,2.905697445972495
SLC22A2,0.4066797642436149,0.0412573673870334,2.644400785854617
SLC22A7,0.4636542239685658,0.03929273084479371,2.862475442043222
SLC22A8,0.48330058939096265,0.0275049115913556,2.893909626719057
SLC24A5,0.4086444007858546,0.07269155206286837,2.6227897838899805
SLC25A12,0.4675834970530452,0.0137524557956778,2.8860510805500983
SLC25A13,0.5245579567779961,0.01768172888015717,3.2318271119842827
SLC25A14,0.1925343811394892,0.381139489194499,1.9430255402750491
SLC25A16,0.39096267190569745,0.04911591355599214,2.567779960707269
SLC25A17,0.45579567779960706,0.025540275049115914,2.8290766208251474
SLC25A20,0.11787819253438114,0.3005893909626719,1.882121807465619
SLC25A21,0.48526522593320237,0.043222003929273084,3.092337917485265
SLC25A24,0.35363457760314343,0.06483300589390963,2.5009823182711197
SLC25A25,0.5422396856581533,0.03536345776031434,3.0078585461689586
SLC25A26,0.11984282907662082,0.3045186640471513,1.882121807465619
SLC25A27,0.47347740667976423,0.04518664047151277,2.8899803536345776
SLC25A28,0.3831041257367387,0.07072691552062868,2.504911591355599
SLC25A3,0.45579567779960706,0.015717092337917484,2.730844793713163
SLC25A31,0.3654223968565815,0.060903732809430254,2.524557956777996
SLC25A4,0.32023575638506874,0.13359528487229863,2.388998035363458
SLC25A5,0.18664047151277013,0.3850687622789784,1.9410609037328095
SLC25A6,0.343811394891945,0.2357563850687623,2.449901768172888
SLC26A6,0.11787819253438114,0.3005893909626719,1.882121807465619
SLC27A1,0.4381139489194499,0.05108055009823183,2.6777996070726915
SLC27A2,0.412573673870334,0.068762278978389,2.6522593320235757
SLC27A5,0.4774066797642436,0.03929273084479371,2.7583497053045187
SLC29A1,0.4675834970530452,0.03929273084479371,2.856581532416503
SLC2A1,0.45972495088408644,0.015717092337917484,2.776031434184676
SLC2A14,0.5206286836935167,0.025540275049115914,3.165029469548134
SLC2A2,0.7858546168958742,0.0,4.555992141453831
SLC2A3,0.5206286836935167,0.025540275049115914,3.165029469548134
SLC2A5,0.4263261296660118,0.043222003929273084,2.667976424361493
SLC2A8,0.5402750491159135,0.03536345776031434,3.0039292730844793
SLC2A9,0.3280943025540275,0.14341846758349705,2.4341846758349703
SLC30A1,0.5461689587426326,0.007858546168958742,2.988212180746562
SLC30A10,0.5422396856581533,0.007858546168958742,3.0039292730844793
SLC30A4,0.4027504911591356,0.07662082514734773,2.612966601178782
SLC30A5,0.2632612966601179,0.11787819253438114,2.300589390962672
SLC30A6,0.47347740667976423,0.007858546168958742,2.8742632612966603
SLC30A7,0.3791748526522593,0.05304518664047151,2.56188605108055
SLC30A8,0.7779960707269156,0.0019646365422396855,4.102161100196463
SLC30A9,0.32612966601178783,0.11984282907662082,2.4675834970530452
SLC31A1,0.5363457760314342,0.03143418467583497,3.011787819253438
SLC32A1,0.5579567779960707,0.021611001964636542,3.194499017681729
SLC35A1,0.4106090373280943,0.04518664047151277,2.6660117878192535
SLC35A2,0.12573673870333987,0.5068762278978389,1.7053045186640472
SLC35A3,0.3791748526522593,0.05304518664047151,2.5658153241650297
SLC35B1,0.4656188605108055,0.011787819253438114,2.8290766208251474
SLC35B2,0.4675834970530452,0.03929273084479371,2.8546168958742633
SLC35B4,0.4223968565815324,0.10216110019646366,2.675834970530452
SLC35C1,0.42829076620825146,0.06483300589390963,2.7721021611001966
SLC35C2,0.5363457760314342,0.023575638506876228,3.1080550098231825
SLC35E3,0.48722986247544203,0.009823182711198428,3.119842829076621
SLC35G5,0.275049115913556,0.2554027504911591,2.235756385068762
SLC38A9,0.2829076620825147,0.10609037328094302,2.4223968565815324
SLC39A1,0.5383104125736738,0.007858546168958742,2.9449901768172886
SLC39A10,0.4381139489194499,0.029469548133595286,2.7897838899803538
SLC39A11,0.4911591355599214,0.025540275049115914,2.880157170923379
SLC39A13,0.4165029469548134,0.06483300589390963,2.6895874263261295
SLC39A14,0.28094302554027506,0.24361493123772102,2.257367387033399
SLC39A2,0.4675834970530452,0.05108055009823183,2.988212180746562
SLC39A4,0.7701375245579568,0.0019646365422396855,4.041257367387034
SLC39A5,0.4656188605108055,0.015717092337917484,2.7662082514734774
SLC39A6,0.29862475442043224,0.18664047151277013,2.381139489194499
SLC39A7,0.44793713163064836,0.05304518664047151,2.7701375245579567
SLC39A8,0.3654223968565815,0.05893909626719057,2.518664047151277
SLC39A9,0.48919449901768175,0.03339882121807466,3.025540275049116
SLC3A1,0.47544204322200395,0.005893909626719057,2.8860510805500983
SLC3A2,0.48330058939096265,0.03143418467583497,2.8840864440078584
SLC40A1,0.449901768172888,0.029469548133595286,2.862475442043222
SLC44A2,0.4263261296660118,0.0550098231827112,2.658153241650295
SLC45A2,0.6051080550098232,0.005893909626719057,3.524557956777996
SLC47A1,0.4027504911591356,0.0825147347740668,2.6168958742632613
SLC4A1,0.4518664047151277,0.01768172888015717,2.793713163064833
SLC4A4,0.4106090373280943,0.047151277013752456,2.6915520628683693
SLC4A7,0.13359528487229863,0.29273084479371314,1.917485265225933
SLC51A,0.7819253438113949,0.0,4.363457760314342
SLC51B,0.4106090373280943,0.06286836935166994,2.6483300589390963
SLC5A1,0.4577603143418468,0.023575638506876228,2.8546168958742633
SLC5A2,0.46954813359528486,0.0275049115913556,2.7956777996070725
SLC5A4,0.4577603143418468,0.023575638506876228,2.8546168958742633
SLC5A6,0.47544204322200395,0.007858546168958742,2.8742632612966603
SLC5A7,0.47347740667976423,0.009823182711198428,2.8919449901768175
SLC5A8,0.4577603143418468,0.0137524557956778,2.744597249508841
SLC6A1,0.15520628683693516,0.2691552062868369,1.9783889980353635
SLC6A17,0.34970530451866405,0.068762278978389,2.4833005893909625
SLC6A3,0.6365422396856582,0.011787819253438114,3.62475442043222
SLC6A4,0.42829076620825146,0.023575638506876228,2.742632612966601
SLC6A9,0.4538310412573674,0.0137524557956778,2.7701375245579567
SLC7A10,0.4675834970530452,0.03536345776031434,2.756385068762279
SLC7A11,0.36345776031434185,0.06483300589390963,2.5265225933202355
SLC7A5,0.4381139489194499,0.07072691552062868,2.7072691552062866
SLC7A6,0.4675834970530452,0.060903732809430254,2.760314341846758
SLC7A7,0.45972495088408644,0.05108055009823183,2.899803536345776
SLC7A8,0.46168958742632615,0.05304518664047151,2.9037328094302555
SLC7A9,0.46168958742632615,0.03732809430255403,2.75049115913556
SLC8A1,0.4774066797642436,0.009823182711198428,2.8899803536345776
SLC8A2,0.46168958742632615,0.03536345776031434,2.6935166994106092
SLC8A3,0.48919449901768175,0.03339882121807466,3.011787819253438
SLC9A1,0.4204322200392927,0.043222003929273084,2.630648330058939
SLC9A2,0.47544204322200395,0.009823182711198428,2.8919449901768175
SLC9A3,0.6365422396856582,0.009823182711198428,3.6149312377210214
SLC9A5,0.4675834970530452,0.060903732809430254,2.762278978388998
SLCO1A2,0.518664047151277,0.023575638506876228,3.225933202357564
SLCO1B1,0.5166994106090373,0.0275049115913556,3.2161100196463654
SLCO1C1,0.518664047151277,0.025540275049115914,3.2220039292730847
SLCO4C1,0.2691552062868369,0.11787819253438114,2.31434184675835
SLF1,0.26522593320235754,0.12573673870333987,2.3025540275049114
SLIRP,0.4931237721021611,0.03732809430255403,3.0373280943025542
SLIT1,0.3831041257367387,0.068762278978389,2.5088408644400784
SLIT2,0.31237721021611004,0.14341846758349705,2.406679764243615
SLIT3,0.2966601178781925,0.10019646365422397,2.3772102161100195
SLITRK1,0.3693516699410609,0.13163064833005894,2.550098231827112
SLITRK5,0.37328094302554027,0.13555992141453832,2.538310412573674
SLK,0.3850687622789784,0.06286836935166994,2.518664047151277
SLMAP,0.11787819253438114,0.30648330058939094,1.87426326129666
SLN,0.31237721021611004,0.18467583497053044,2.345776031434185
SLPI,0.5383104125736738,0.025540275049115914,3.1159135559921416
SLTM,0.4027504911591356,0.06679764243614932,2.62671905697446
SLU7,0.29862475442043224,0.09233791748526522,2.388998035363458
SLURP1,0.7701375245579568,0.0019646365422396855,4.066797642436149
SLX4,0.4656188605108055,0.03732809430255403,2.7524557956777995
SMAD1,0.35952848722986247,0.07662082514734773,2.5088408644400784
SMAD2,0.2730844793713163,0.20235756385068762,2.3084479371316307
SMAD3,0.412573673870334,0.06679764243614932,2.642436149312377
SMAD4,0.24950884086444008,0.22789783889980353,2.1709233791748526
SMAD5,0.29273084479371314,0.09430255402750491,2.3772102161100195
SMAD6,0.412573673870334,0.06286836935166994,2.6483300589390963
SMAD7,0.275049115913556,0.20039292730844793,2.31434184675835
SMAD9,0.2868369351669941,0.18467583497053044,2.3104125736738705
SMAP1,0.4243614931237721,0.03929273084479371,2.6915520628683693
SMAP2,0.45972495088408644,0.015717092337917484,2.781925343811395
SMARCA1,0.1905697445972495,0.3831041257367387,1.9430255402750491
SMARCA2,0.3693516699410609,0.16895874263261296,2.776031434184676
SMARCA4,0.4263261296660118,0.0550098231827112,2.644400785854617
SMARCA5,0.3693516699410609,0.07072691552062868,2.5304518664047153
SMARCAD1,0.37524557956778,0.06679764243614932,2.5579567779960706
SMARCAL1,0.3418467583497053,0.09037328094302555,2.4577603143418467
SMARCB1,0.4656188605108055,0.021611001964636542,2.8919449901768175
SMARCC1,0.1237721021611002,0.3005893909626719,1.888015717092338
SMARCC2,0.4656188605108055,0.015717092337917484,2.7662082514734774
SMARCD1,0.45579567779960706,0.019646365422396856,2.732809430255403
SMARCD2,0.48722986247544203,0.015717092337917484,2.8762278978388998
SMARCD3,0.4165029469548134,0.1100196463654224,2.642436149312377
SMARCE1,0.44793713163064836,0.01768172888015717,2.821218074656189
SMC1A,0.13555992141453832,0.49705304518664045,1.730844793713163
SMC1B,0.44597249508840864,0.03536345776031434,2.831041257367387
SMC2,0.5383104125736738,0.03143418467583497,3.017681728880157
SMC3,0.3988212180746562,0.05893909626719057,2.56385068762279
SMC4,0.7583497053045186,0.0019646365422396855,4.2907662082514735
SMC5,0.4911591355599214,0.06483300589390963,2.8840864440078584
SMC6,0.4656188605108055,0.019646365422396856,2.8546168958742633
SMCHD1,0.5206286836935167,0.03732809430255403,3.286836935166994
SMDT1,0.449901768172888,0.025540275049115914,2.8153241650294696
SMG1,0.4656188605108055,0.03339882121807466,2.762278978388998
SMG5,0.5363457760314342,0.005893909626719057,2.9410609037328093
SMG6,0.3850687622789784,0.0962671905697446,2.552062868369352
SMG7,0.5383104125736738,0.007858546168958742,2.9646365422396856
SMG9,0.4636542239685658,0.03732809430255403,2.730844793713163
SMN1,0.2632612966601179,0.11591355599214145,2.300589390962672
SMN2,0.2632612966601179,0.11591355599214145,2.300589390962672
SMNDC1,0.3988212180746562,0.05893909626719057,2.56385068762279
SMO,0.4302554027504912,0.09037328094302555,2.7092337917485265
SMOX,0.5324165029469549,0.047151277013752456,3.049115913555992
SMPD1,0.37721021611001965,0.09430255402750491,2.5402750491159134
SMPD2,0.41846758349705304,0.0412573673870334,2.654223968565815
SMPD3,0.4675834970530452,0.060903732809430254,2.760314341846758
SMPD4,0.4538310412573674,0.0137524557956778,2.7838899803536346
SMPDL3A,0.43222003929273084,0.03732809430255403,2.68762278978389
SMS,0.12966601178781925,0.5029469548133595,1.7131630648330058
SMTN,0.4577603143418468,0.021611001964636542,2.8526522593320234
SMTNL1,0.4793713163064833,0.01768172888015717,2.8762278978388998
SMU1,0.3929273084479371,0.14734774066797643,2.7701375245579567
SMUG1,0.4636542239685658,0.015717092337917484,2.7465618860510808
SMURF1,0.5324165029469549,0.0137524557956778,3.2298624754420433
SMURF2,0.48919449901768175,0.01768172888015717,2.880157170923379
SMYD1,0.4715127701375246,0.007858546168958742,2.8860510805500983
SMYD2,0.5442043222003929,0.009823182711198428,2.9842829076620827
SMYD3,0.5540275049115914,0.015717092337917484,3.0373280943025542
SNAI1,0.5363457760314342,0.023575638506876228,3.104125736738703
SNAI2,0.6836935166994106,0.011787819253438114,4.168958742632613
SNAI3,0.4381139489194499,0.07269155206286837,2.7072691552062866
SNAP23,0.3988212180746562,0.08055009823182711,2.6031434184675835
SNAP25,0.5383104125736738,0.04911591355599214,3.194499017681729
SNAP29,0.48526522593320237,0.019646365422396856,3.1669941060903732
SNAP47,0.5442043222003929,0.007858546168958742,3.019646365422397
SNAP91,0.4086444007858546,0.03929273084479371,2.6797642436149314
SNAPC1,0.49705304518664045,0.03143418467583497,3.06090373280943
SNAPC2,0.3948919449901768,0.08055009823182711,2.5402750491159134
SNAPC3,0.3575638506876228,0.17681728880157171,2.8015717092337917
SNAPC4,0.5284872298624754,0.05108055009823183,2.974459724950884
SNAPC5,0.412573673870334,0.06286836935166994,2.650294695481336
SNAPIN,0.5383104125736738,0.007858546168958742,2.9449901768172886
SNCA,0.3791748526522593,0.06286836935166994,2.56385068762279
SNCAIP,0.27897838899803534,0.10805500982318271,2.3477406679764243
SNCB,0.3025540275049116,0.10019646365422397,2.388998035363458
SND1,0.42829076620825146,0.09233791748526522,2.705304518664047
SNF8,0.4656188605108055,0.011787819253438114,2.8271119842829076
SNIP1,0.45579567779960706,0.019646365422396856,2.7367387033398822
SNRNP200,0.47347740667976423,0.007858546168958742,2.982318271119843
SNRNP35,0.4636542239685658,0.01768172888015717,2.7779960707269153
SNRNP40,0.42829076620825146,0.03732809430255403,2.650294695481336
SNRNP48,0.4381139489194499,0.06679764243614932,2.774066797642436
SNRNP70,0.4636542239685658,0.03339882121807466,2.713163064833006
SNRPA,0.4577603143418468,0.03929273084479371,2.719056974459725
SNRPA1,0.4538310412573674,0.04518664047151277,2.7956777996070725
SNRPB,0.5343811394891945,0.04911591355599214,3.0510805500982316
SNRPB2,0.5304518664047151,0.043222003929273084,3.117878192534381
SNRPC,0.449901768172888,0.04911591355599214,2.7721021611001966
SNRPD1,0.45972495088408644,0.04911591355599214,2.807465618860511
SNRPD2,0.4656188605108055,0.03732809430255403,2.705304518664047
SNRPD3,0.46168958742632615,0.021611001964636542,2.8840864440078584
SNRPE,0.5442043222003929,0.005893909626719057,2.986247544204322
SNRPF,0.449901768172888,0.019646365422396856,2.75049115913556
SNRPG,0.47347740667976423,0.0019646365422396855,2.905697445972495
SNRPN,0.41453831041257366,0.06286836935166994,2.6915520628683693
SNTA1,0.5893909626719057,0.005893909626719057,3.4086444007858545
SNTB1,0.7779960707269156,0.0019646365422396855,4.143418467583497
SNTB2,0.4656188605108055,0.060903732809430254,2.760314341846758
SNTG2,0.45972495088408644,0.023575638506876228,2.836935166994106
SNU13,0.449901768172888,0.025540275049115914,2.817288801571709
SNUPN,0.41846758349705304,0.06286836935166994,2.6463654223968565
SNURF,0.41453831041257366,0.06483300589390963,2.6895874263261295
SNW1,0.4931237721021611,0.03732809430255403,3.0373280943025542
SNX1,0.4086444007858546,0.06286836935166994,2.6463654223968565
SNX11,0.46168958742632615,0.0137524557956778,2.821218074656189
SNX12,0.15913555992141454,0.4086444007858546,1.8703339882121808
SNX17,0.47544204322200395,0.005893909626719057,2.8762278978388998
SNX18,0.2907662082514735,0.10216110019646366,2.4341846758349703
SNX2,0.27897838899803534,0.10805500982318271,2.3477406679764243
SNX20,0.4538310412573674,0.07269155206286837,2.756385068762279
SNX24,0.27897838899803534,0.10805500982318271,2.3477406679764243
SNX27,0.5383104125736738,0.007858546168958742,2.9626719056974458
SNX3,0.4204322200392927,0.043222003929273084,2.656188605108055
SNX4,0.6542239685658153,0.005893909626719057,3.56188605108055
SNX5,0.5304518664047151,0.0412573673870334,3.119842829076621
SNX6,0.4793713163064833,0.043222003929273084,3.011787819253438
SNX7,0.381139489194499,0.05304518664047151,2.5658153241650297
SNX8,0.5717092337917485,0.011787819253438114,3.2848722986247543
SNX9,0.4086444007858546,0.03732809430255403,2.654223968565815
SOAT1,0.5363457760314342,0.007858546168958742,2.9489194499017684
SOAT2,0.45972495088408644,0.021611001964636542,2.7367387033398822
SOCS1,0.4715127701375246,0.029469548133595286,2.781925343811395
SOCS2,0.449901768172888,0.019646365422396856,2.719056974459725
SOCS3,0.481335952848723,0.03732809430255403,2.850687622789784
SOCS6,0.22986247544204322,0.23968565815324164,2.1414538310412574
SOD1,0.32023575638506874,0.08644400785854617,2.418467583497053
SOD2,0.4086444007858546,0.0412573673870334,2.650294695481336
SOD3,0.32023575638506874,0.137524557956778,2.4695481335952847
SOHLH1,0.5343811394891945,0.043222003929273084,2.9921414538310414
SOHLH2,0.2868369351669941,0.18467583497053044,2.3104125736738705
SON,0.34577603143418467,0.07269155206286837,2.5088408644400784
SORBS1,0.3831041257367387,0.068762278978389,2.5088408644400784
SORBS3,0.28094302554027506,0.24361493123772102,2.257367387033399
SORD,0.4027504911591356,0.07662082514734773,2.612966601178782
SORL1,0.3045186640471513,0.18467583497053044,2.3222003929273085
SORT1,0.3477406679764244,0.068762278978389,2.4833005893909625
SOS2,0.48722986247544203,0.03732809430255403,3.0275049115913557
SOST,0.4518664047151277,0.019646365422396856,2.791748526522593
SOSTDC1,0.5756385068762279,0.0137524557956778,3.282907662082515
SOX1,0.4086444007858546,0.10609037328094302,2.7544204322200394
SOX10,0.45579567779960706,0.025540275049115914,2.825147347740668
SOX13,0.5442043222003929,0.005893909626719057,2.986247544204322
SOX17,0.6797642436149313,0.009823182711198428,3.6948818897637796
SOX2,0.787819253438114,0.0,4.791748526522594
SOX3,0.206286836935167,0.37328094302554027,1.9646365422396856
SOX4,0.4381139489194499,0.060903732809430254,2.732809430255403
SOX5,0.5088408644400786,0.025540275049115914,3.208251473477407
SOX6,0.3929273084479371,0.0825147347740668,2.593320235756385
SOX9,0.4931237721021611,0.021611001964636542,2.8880157170923377
SP1,0.46168958742632615,0.01768172888015717,2.7465618860510808
SP100,0.343811394891945,0.09037328094302555,2.463654223968566
SP110,0.343811394891945,0.09037328094302555,2.463654223968566
SP3,0.47347740667976423,0.0137524557956778,3.0275049115913557
SP7,0.46168958742632615,0.019646365422396856,2.744597249508841
SPA17,0.30844793713163066,0.1807465618860511,2.3280943025540277
SPACA4,0.46168958742632615,0.03339882121807466,2.699410609037328
SPAG1,0.75049115913556,0.0019646365422396855,4.001964636542239
SPAG16,0.3477406679764244,0.09037328094302555,2.4695481335952847
SPAG17,0.35363457760314343,0.09037328094302555,2.5442043222003927
SPAG4,0.5756385068762279,0.0137524557956778,3.326129666011788
SPAG5,0.43418467583497056,0.019646365422396856,2.7956777996070725
SPAG6,0.3575638506876228,0.1100196463654224,2.4970530451866404
SPAG7,0.3850687622789784,0.0962671905697446,2.56188605108055
SPAG9,0.4636542239685658,0.015717092337917484,2.8271119842829076
SPARC,0.29469548133595286,0.0962671905697446,2.37524557956778
SPARCL1,0.3831041257367387,0.060903732809430254,2.5776031434184676
SPART,0.2868369351669941,0.18467583497053044,2.3104125736738705
SPATA13,0.2907662082514735,0.16699410609037327,2.3163064833005893
SPATA2,0.5363457760314342,0.023575638506876228,3.104125736738703
SPATC1,0.7701375245579568,0.0019646365422396855,4.037328094302554
SPC24,0.42829076620825146,0.05304518664047151,2.654223968565815
SPC25,0.45972495088408644,0.01768172888015717,2.8231827111984282
SPCS1,0.11787819253438114,0.30648330058939094,1.8762278978388998
SPCS2,0.4223968565815324,0.12180746561886051,2.838899803536346
SPCS3,0.32220039292730845,0.10805500982318271,2.400785854616896
SPDL1,0.2966601178781925,0.10019646365422397,2.3772102161100195
SPDYA,0.4774066797642436,0.005893909626719057,2.8781925343811396
SPECC1,0.40078585461689586,0.0825147347740668,2.6090373280943027
SPEN,0.4204322200392927,0.04911591355599214,2.6345776031434185
SPG11,0.40078585461689586,0.07858546168958742,2.607072691552063
SPG7,0.4381139489194499,0.06679764243614932,2.7111984282907664
SPHK1,0.4911591355599214,0.03732809430255403,2.8762278978388998
SPHK2,0.46168958742632615,0.03339882121807466,2.699410609037328
SPHKAP,0.3418467583497053,0.08644400785854617,2.4656188605108054
SPI1,0.41846758349705304,0.06483300589390963,2.6935166994106092
SPIB,0.4656188605108055,0.03143418467583497,2.7229862475442044
SPIC,0.4577603143418468,0.0137524557956778,2.7406679764243616
SPICE1,0.6326129666011788,0.009823182711198428,3.4911591355599216
SPIN1,0.5127701375245579,0.043222003929273084,2.9489194499017684
SPINK1,0.29469548133595286,0.09233791748526522,2.3791748526522594
SPINK2,0.4106090373280943,0.047151277013752456,2.6954813359528487
SPINK5,0.29469548133595286,0.09233791748526522,2.3791748526522594
SPINK6,0.29469548133595286,0.09233791748526522,2.3791748526522594
SPINK9,0.29469548133595286,0.09233791748526522,2.3791748526522594
SPINT1,0.39096267190569745,0.08055009823182711,2.587426326129666
SPINT2,0.47347740667976423,0.03732809430255403,2.8035363457760316
SPIRE1,0.48919449901768175,0.0412573673870334,3.0530451866404715
SPIRE2,0.4381139489194499,0.06679764243614932,2.713163064833006
SPN,0.46954813359528486,0.0275049115913556,2.799607072691552
SPNS1,0.46954813359528486,0.025540275049115914,2.805500982318271
SPNS3,0.3850687622789784,0.09233791748526522,2.552062868369352
SPO11,0.5422396856581533,0.023575638506876228,3.1296660117878194
SPOCK3,0.33988212180746563,0.09430255402750491,2.430255402750491
SPON1,0.39096267190569745,0.0825147347740668,2.618860510805501
SPOP,0.4656188605108055,0.011787819253438114,2.8290766208251474
SPOPL,0.449901768172888,0.023575638506876228,2.7465618860510808
SPP1,0.381139489194499,0.060903732809430254,2.5717092337917484
SPP2,0.34970530451866405,0.09233791748526522,2.4734774066797645
SPPL2A,0.412573673870334,0.068762278978389,2.656188605108055
SPPL2B,0.36345776031434185,0.11198428290766209,2.4400785854616895
SPPL3,0.4656188605108055,0.0137524557956778,2.7779960707269153
SPR,0.47347740667976423,0.0019646365422396855,2.907662082514735
SPRED1,0.3850687622789784,0.07072691552062868,2.5893909626719056
SPRED2,0.47347740667976423,0.0019646365422396855,2.907662082514735
SPRED3,0.4715127701375246,0.03732809430255403,2.8015717092337917
SPRR1A,0.5363457760314342,0.007858546168958742,2.950884086444008
SPRR1B,0.5363457760314342,0.007858546168958742,2.950884086444008
SPRR2A,0.5363457760314342,0.007858546168958742,2.950884086444008
SPRR2E,0.5363457760314342,0.007858546168958742,2.9489194499017684
SPRR2G,0.5363457760314342,0.007858546168958742,2.9449901768172886
SPRR3,0.5363457760314342,0.007858546168958742,2.950884086444008
SPRTN,0.5442043222003929,0.009823182711198428,3.025540275049116
SPRY1,0.36738703339882123,0.060903732809430254,2.5265225933202355
SPRY2,0.36738703339882123,0.14145383104125736,2.5481335952848725
SPRY3,0.21414538310412573,0.3889980353634578,1.9115913555992141
SPRY4,0.2966601178781925,0.08840864440078586,2.3850687622789786
SPSB1,0.4263261296660118,0.043222003929273084,2.6660117878192535
SPSB4,0.7092337917485265,0.005893909626719057,3.8899803536345776
SPTAN1,0.5422396856581533,0.03732809430255403,3.005893909626719
SPTBN1,0.47347740667976423,0.003929273084479371,2.9037328094302555
SPTBN2,0.5599214145383105,0.01768172888015717,3.2200392927308448
SPTBN4,0.45972495088408644,0.03929273084479371,2.7799607072691552
SPTBN5,0.3968565815324165,0.0825147347740668,2.593320235756385
SPTLC1,0.5206286836935167,0.03732809430255403,2.980353634577603
SPTLC2,0.4931237721021611,0.03732809430255403,3.031434184675835
SPTLC3,0.5284872298624754,0.05108055009823183,3.174852652259332
SPTSSA,0.4793713163064833,0.043222003929273084,3.013752455795678
SPTSSB,0.7662082514734774,0.0019646365422396855,4.383104125736739
SQLE,0.7819253438113949,0.003929273084479371,4.149312377210216
SQOR,0.40471512770137524,0.07662082514734773,2.618860510805501
SQSTM1,0.3025540275049116,0.09430255402750491,2.4027504911591357
SRA1,0.2966601178781925,0.08644400785854617,2.387033398821218
SRC,0.5579567779960707,0.019646365422396856,3.2161100196463654
SRCAP,0.46954813359528486,0.0275049115913556,2.8015717092337917
SRCIN1,0.44793713163064836,0.015717092337917484,2.8113948919449903
SRD5A2,0.47347740667976423,0.007858546168958742,2.8742632612966603
SRD5A3,0.4165029469548134,0.047151277013752456,2.7151277013752457
SREBF1,0.3968565815324165,0.08840864440078586,2.6051080550098233
SREBF2,0.449901768172888,0.025540275049115914,2.8153241650294696
SREK1,0.27111984282907664,0.11591355599214145,2.3477406679764243
SRF,0.4636542239685658,0.03929273084479371,2.8722986247544204
SRGAP1,0.4793713163064833,0.009823182711198428,3.0098231827111985
SRGAP2,0.5442043222003929,0.005893909626719057,2.9901768172888015
SRGAP3,0.16306483300589392,0.26719056974459726,2.011787819253438
SRGN,0.3929273084479371,0.04911591355599214,2.567779960707269
SRI,0.5108055009823183,0.023575638506876228,3.1571709233791747
SRL,0.4675834970530452,0.03732809430255403,2.756385068762279
SRM,0.4243614931237721,0.047151277013752456,2.654223968565815
SRP14,0.3889980353634578,0.07858546168958742,2.587426326129666
SRP19,0.27897838899803534,0.11198428290766209,2.332023575638507
SRP54,0.4793713163064833,0.043222003929273084,3.025540275049116
SRP68,0.4950884086444008,0.029469548133595286,2.8860510805500983
SRP9,0.5461689587426326,0.007858546168958742,3.005893909626719
SRPK1,0.4518664047151277,0.047151277013752456,2.776031434184676
SRPK2,0.5166994106090373,0.025540275049115914,3.0844793713163066
SRPRA,0.3104125736738703,0.1787819253438114,2.341846758349705
SRPRB,0.6915520628683693,0.003929273084479371,3.6974459724950886
SRPX2,0.1905697445972495,0.3850687622789784,1.9351669941060903
SRR,0.3850687622789784,0.0962671905697446,2.552062868369352
SRRM1,0.41846758349705304,0.04518664047151277,2.62475442043222
SRRM2,0.4656188605108055,0.03929273084479371,2.74852652259332
SRRM4,0.4675834970530452,0.0137524557956778,2.7897838899803538
SRRT,0.5245579567779961,0.015717092337917484,3.1591355599214146
SRSF1,0.4636542239685658,0.021611001964636542,2.8290766208251474
SRSF10,0.41846758349705304,0.04518664047151277,2.62475442043222
SRSF11,0.412573673870334,0.03339882121807466,2.6483300589390963
SRSF12,0.41453831041257366,0.043222003929273084,2.673870333988212
SRSF2,0.48526522593320237,0.03732809430255403,2.8605108055009825
SRSF3,0.449901768172888,0.047151277013752456,2.7721021611001966
SRSF4,0.42829076620825146,0.03732809430255403,2.6483300589390963
SRSF5,0.48919449901768175,0.03339882121807466,3.031434184675835
SRSF6,0.5402750491159135,0.0275049115913556,3.1119842829076623
SRSF7,0.47544204322200395,0.0137524557956778,2.8860510805500983
SRSF8,0.33398821218074654,0.17485265225933203,2.461689587426326
SRSF9,0.4675834970530452,0.0137524557956778,2.7858546168958744
SRXN1,0.5324165029469549,0.047151277013752456,3.049115913555992
SS18,0.37328094302554027,0.13555992141453832,2.75049115913556
SS18L1,0.5363457760314342,0.019646365422396856,3.1159135559921416
SSB,0.46168958742632615,0.0137524557956778,2.8271119842829076
SSBP1,0.4263261296660118,0.10805500982318271,2.6777996070726915
SSBP2,0.2593320235756385,0.1237721021611002,2.2966601178781927
SSBP4,0.4381139489194499,0.04911591355599214,2.6935166994106092
SSH1,0.45579567779960706,0.015717092337917484,2.75049115913556
SSH2,0.42829076620825146,0.021611001964636542,2.74852652259332
SSH3,0.5599214145383105,0.023575638506876228,3.2711198428290764
SSNA1,0.5284872298624754,0.05108055009823183,2.9783889980353635
SSPN,0.5029469548133595,0.023575638506876228,3.119842829076621
SSR1,0.4381139489194499,0.06679764243614932,2.774066797642436
SSR2,0.5363457760314342,0.005893909626719057,2.9410609037328093
SSR3,0.756385068762279,0.0019646365422396855,4.261296660117878
SSR4,0.21414538310412573,0.35363457760314343,1.9980353634577603
SSRP1,0.4793713163064833,0.01768172888015717,2.8762278978388998
SSTR1,0.48526522593320237,0.043222003929273084,3.031434184675835
SSTR2,0.4911591355599214,0.025540275049115914,2.880157170923379
SSTR3,0.449901768172888,0.025540275049115914,2.8094302554027504
SSTR5,0.46168958742632615,0.0412573673870334,2.7387033398821217
SSU72,0.4361493123772102,0.043222003929273084,2.68565815324165
SSX1,0.12770137524557956,0.5009823182711198,1.7229862475442044
SSX2,0.12966601178781925,0.5009823182711198,1.719056974459725
SSX2B,0.12966601178781925,0.5009823182711198,1.719056974459725
SSX2IP,0.40078585461689586,0.043222003929273084,2.607072691552063
SSX3,0.12770137524557956,0.5029469548133595,1.7210216110019647
SSX7,0.12966601178781925,0.5009823182711198,1.719056974459725
ST13,0.45579567779960706,0.025540275049115914,2.8290766208251474
ST14,0.30648330058939094,0.18271119842829076,2.31434184675835
ST3GAL1,0.7779960707269156,0.0019646365422396855,4.149312377210216
ST3GAL2,0.4656188605108055,0.05893909626719057,2.764243614931238
ST3GAL3,0.45579567779960706,0.015717092337917484,2.7701375245579567
ST3GAL4,0.3104125736738703,0.1787819253438114,2.341846758349705
ST3GAL5,0.4715127701375246,0.005893909626719057,2.9194499017681728
ST3GAL6,0.6110019646365422,0.0137524557956778,3.418467583497053
ST6GAL1,0.787819253438114,0.0,4.471512770137524
ST6GAL2,0.47347740667976423,0.009823182711198428,2.8978388998035363
ST6GALNAC1,0.48526522593320237,0.03732809430255403,2.8605108055009825
ST6GALNAC2,0.48526522593320237,0.03732809430255403,2.8605108055009825
ST6GALNAC3,0.3988212180746562,0.03732809430255403,2.607072691552063
ST6GALNAC4,0.5422396856581533,0.03536345776031434,3.0098231827111985
ST6GALNAC5,0.40078585461689586,0.03536345776031434,2.611001964636542
ST8SIA1,0.5127701375245579,0.023575638506876228,3.2200392927308448
ST8SIA2,0.44204322200392926,0.04911591355599214,2.7406679764243616
ST8SIA4,0.275049115913556,0.11787819253438114,2.3202357563850686
ST8SIA5,0.27897838899803534,0.20039292730844793,2.332023575638507
STAB1,0.11787819253438114,0.30648330058939094,1.8762278978388998
STAB2,0.45579567779960706,0.0137524557956778,2.7347740667976423
STAC,0.13163064833005894,0.2888015717092338,1.919449901768173
STAG1,0.7053045186640472,0.003929273084479371,3.8742632612966603
STAG2,0.1925343811394892,0.3791748526522593,1.9607072691552063
STAG3,0.5284872298624754,0.0137524557956778,3.194499017681729
STAM,0.36345776031434185,0.10805500982318271,2.512770137524558
STAM2,0.44793713163064836,0.01768172888015717,2.762278978388998
STAMBP,0.4715127701375246,0.0019646365422396855,2.905697445972495
STAP1,0.41453831041257366,0.04911591355599214,2.719056974459725
STAP2,0.38703339882121807,0.0962671905697446,2.4990176817288803
STAR,0.4204322200392927,0.14734774066797643,3.0412573673870336
STARD13,0.28487229862475444,0.17288801571709234,2.3084479371316307
STARD3,0.4518664047151277,0.015717092337917484,2.99803536345776
STARD3NL,0.5599214145383105,0.0137524557956778,3.200392927308448
STARD8,0.15520628683693516,0.4106090373280943,1.862475442043222
STAT1,0.4538310412573674,0.025540275049115914,2.9214145383104126
STAT2,0.4656188605108055,0.015717092337917484,2.7662082514734774
STAT3,0.44793713163064836,0.019646365422396856,2.793713163064833
STAT4,0.4518664047151277,0.0275049115913556,2.9155206286836934
STAT5A,0.44793713163064836,0.019646365422396856,2.793713163064833
STAT5B,0.44597249508840864,0.019646365422396856,2.791748526522593
STAT6,0.4675834970530452,0.01768172888015717,2.7956777996070725
STATH,0.412573673870334,0.047151277013752456,2.68762278978389
STAU1,0.5343811394891945,0.023575638506876228,3.1021611001964637
STBD1,0.3988212180746562,0.05108055009823183,2.6640471512770136
STC2,0.29862475442043224,0.10412573673870335,2.387033398821218
STEAP3,0.4774066797642436,0.009823182711198428,2.9332023575638506
STH,0.46168958742632615,0.015717092337917484,2.807465618860511
STIL,0.449901768172888,0.0137524557956778,2.7387033398821217
STIM1,0.3693516699410609,0.10609037328094302,2.5166994106090375
STIM2,0.3182711198428291,0.13359528487229863,2.444007858546169
STIP1,0.48919449901768175,0.025540275049115914,2.980353634577603
STK10,0.2966601178781925,0.10216110019646366,2.3791748526522594
STK11,0.3575638506876228,0.11984282907662082,2.416502946954813
STK24,0.3889980353634578,0.12180746561886051,2.5972495088408643
STK25,0.3555992141453831,0.09430255402750491,2.4833005893909625
STK26,0.1944990176817289,0.381139489194499,1.9449901768172888
STK3,0.7465618860510805,0.003929273084479371,3.9351669941060905
STK35,0.5363457760314342,0.04911591355599214,3.056974459724951
STK36,0.3418467583497053,0.09037328094302555,2.4597249508840866
STK38,0.449901768172888,0.047151277013752456,2.7721021611001966
STK38L,0.5049115913555993,0.023575638506876228,3.1257367387033397
STK39,0.4577603143418468,0.01768172888015717,2.817288801571709
STK4,0.5402750491159135,0.025540275049115914,3.1257367387033397
STK40,0.4538310412573674,0.019646365422396856,2.7210216110019645
STMN1,0.41846758349705304,0.04518664047151277,2.62475442043222
STMN4,0.2907662082514735,0.22986247544204322,2.286836935166994
STN1,0.3850687622789784,0.06286836935166994,2.518664047151277
STOM,0.5442043222003929,0.03536345776031434,3.011787819253438
STOML2,0.42829076620825146,0.13359528487229863,3.0216110019646365
STOML3,0.2907662082514735,0.18271119842829076,2.31237721021611
STON1,0.4774066797642436,0.005893909626719057,2.9096267190569747
STON2,0.5088408644400786,0.04518664047151277,3.076620825147348
STRA6,0.41453831041257366,0.06286836935166994,2.6404715127701377
STRA8,0.4223968565815324,0.10412573673870335,2.6719056974459723
STRADA,0.48722986247544203,0.015717092337917484,2.8762278978388998
STRADB,0.4086444007858546,0.05697445972495088,2.68565815324165
STRAP,0.5108055009823183,0.025540275049115914,3.076620825147348
STRBP,0.550098231827112,0.03732809430255403,3.019646365422397
STRIP1,0.34970530451866405,0.068762278978389,2.4833005893909625
STRIP2,0.4302554027504912,0.09037328094302555,2.7210216110019645
STRN,0.47544204322200395,0.009823182711198428,2.8742632612966603
STRN3,0.4774066797642436,0.04911591355599214,2.974459724950884
STRN4,0.46168958742632615,0.03536345776031434,2.6935166994106092
STS,0.12573673870333987,0.49901768172888017,1.7072691552062869
STT3A,0.30844793713163066,0.1807465618860511,2.3280943025540277
STT3B,0.13163064833005894,0.2907662082514735,1.917485265225933
STUB1,0.46168958742632615,0.0412573673870334,2.7387033398821217
STX10,0.4361493123772102,0.047151277013752456,2.6935166994106092
STX11,0.41453831041257366,0.03929273084479371,2.673870333988212
STX12,0.4243614931237721,0.0412573673870334,2.638506876227898
STX16,0.5402750491159135,0.021611001964636542,3.1237721021611002
STX17,0.5265225933202358,0.03143418467583497,3.0078585461689586
STX18,0.30648330058939094,0.15324165029469547,2.3909626719056973
STX19,0.5776031434184676,0.03536345776031434,3.387033398821218
STX1A,0.4793713163064833,0.025540275049115914,2.925343811394892
STX1B,0.4715127701375246,0.0275049115913556,2.8035363457760316
STX2,0.45972495088408644,0.019646365422396856,2.744597249508841
STX3,0.4636542239685658,0.029469548133595286,2.8231827111984282
STX4,0.4715127701375246,0.0275049115913556,2.8035363457760316
STX5,0.481335952848723,0.03143418467583497,2.8742632612966603
STX6,0.5383104125736738,0.007858546168958742,2.9489194499017684
STX7,0.4361493123772102,0.03536345776031434,2.7111984282907664
STX8,0.38703339882121807,0.09233791748526522,2.579567779960707
STXBP1,0.5402750491159135,0.03536345776031434,3.0039292730844793
STXBP2,0.3929273084479371,0.0825147347740668,2.5265225933202355
STXBP3,0.3516699410609037,0.06679764243614932,2.4891944990176817
STXBP4,0.46954813359528486,0.01768172888015717,2.8546168958742633
STXBP5,0.4066797642436149,0.03732809430255403,2.654223968565815
STXBP5L,0.6444007858546169,0.005893909626719057,3.5088408644400784
STXBP6,0.46168958742632615,0.05697445972495088,2.893909626719057
SUB1,0.6070726915520629,0.003929273084479371,3.5422396856581533
SUCLG1,0.46954813359528486,0.005893909626719057,2.9017681728880156
SUCLG2,0.12180746561886051,0.3005893909626719,1.8958742632612966
SUCNR1,0.75049115913556,0.003929273084479371,4.239685658153242
SUDS3,0.4656188605108055,0.015717092337917484,2.7858546168958744
SUFU,0.3850687622789784,0.06679764243614932,2.5147347740667976
SUGP1,0.4400785854616896,0.05304518664047151,2.68762278978389
SUGT1,0.3300589390962672,0.17092337917485265,2.4086444007858545
SULT1A2,0.46954813359528486,0.0275049115913556,2.805500982318271
SULT1E1,0.412573673870334,0.047151277013752456,2.6935166994106092
SULT2A1,0.46168958742632615,0.03339882121807466,2.6974459724950886
SULT2B1,0.46168958742632615,0.03339882121807466,2.699410609037328
SULT4A1,0.44597249508840864,0.03143418467583497,2.799607072691552
SUMF1,0.1650294695481336,0.26522593320235754,2.011787819253438
SUMF2,0.5756385068762279,0.009823182711198428,4.047151277013753
SUMO1,0.3988212180746562,0.05893909626719057,2.6522593320235757
SUMO2,0.4931237721021611,0.0275049115913556,2.8860510805500983
SUMO3,0.30844793713163066,0.10019646365422397,2.392927308447937
SUN1,0.5658153241650294,0.015717092337917484,3.269155206286837
SUN2,0.4538310412573674,0.025540275049115914,2.8271119842829076
SUOX,0.4656188605108055,0.015717092337917484,2.7662082514734774
SUPT16H,0.46168958742632615,0.05108055009823183,2.9174852652259333
SUPT20H,0.2868369351669941,0.18467583497053044,2.3104125736738705
SUPT3H,0.4636542239685658,0.043222003929273084,2.8526522593320234
SUPT4H1,0.4636542239685658,0.023575638506876228,2.850687622789784
SUPT5H,0.4675834970530452,0.03732809430255403,2.834970530451866
SUPT6H,0.43418467583497056,0.019646365422396856,2.7956777996070725
SUPT7L,0.4774066797642436,0.005893909626719057,2.880157170923379
SUPV3L1,0.3929273084479371,0.04911591355599214,2.567779960707269
SURF1,0.5343811394891945,0.03929273084479371,3.013752455795678
SURF4,0.5343811394891945,0.03929273084479371,3.013752455795678
SURF6,0.5343811394891945,0.03929273084479371,3.013752455795678
SUV39H1,0.12573673870333987,0.5049115913555993,1.7072691552062869
SUV39H2,0.3654223968565815,0.10805500982318271,2.512770137524558
SUZ12,0.43222003929273084,0.021611001964636542,2.764243614931238
SV2A,0.5363457760314342,0.007858546168958742,2.9783889980353635
SV2B,0.44204322200392926,0.04911591355599214,2.7347740667976423
SVIL,0.3614931237721022,0.0962671905697446,2.5029469548133596
SVIP,0.3968565815324165,0.08840864440078586,2.601178781925344
SWSAP1,0.42829076620825146,0.05304518664047151,2.654223968565815
SYBU,0.7642436149312377,0.0019646365422396855,4.05893909626719
SYCE1,0.4066797642436149,0.068762278978389,2.5756385068762278
SYCE2,0.43418467583497056,0.04911591355599214,2.675834970530452
SYCE3,0.4400785854616896,0.04518664047151277,2.8015717092337917
SYCN,0.4675834970530452,0.03732809430255403,2.834970530451866
SYCP1,0.33988212180746563,0.10019646365422397,2.4420432220039294
SYCP2,0.5422396856581533,0.021611001964636542,3.1277013752455796
SYCP3,0.4577603143418468,0.0137524557956778,2.7465618860510808
SYDE1,0.4381139489194499,0.04518664047151277,2.7111984282907664
SYDE2,0.3968565815324165,0.043222003929273084,2.601178781925344
SYF2,0.41846758349705304,0.04518664047151277,2.62475442043222
SYK,0.518664047151277,0.03929273084479371,2.968565815324165
SYMPK,0.4656188605108055,0.03732809430255403,2.705304518664047
SYN1,0.12966601178781925,0.5009823182711198,1.7524557956777995
SYN2,0.14931237721021612,0.26719056974459726,1.9803536345776032
SYN3,0.45579567779960706,0.023575638506876228,2.8330058939096268
SYNC,0.444007858546169,0.03143418467583497,2.6935166994106092
SYNCRIP,0.412573673870334,0.03929273084479371,2.667976424361493
SYNE1,0.4066797642436149,0.03732809430255403,2.656188605108055
SYNE2,0.4950884086444008,0.03536345776031434,3.0471512770137523
SYNE4,0.4675834970530452,0.03732809430255403,2.7681728880157173
SYNGAP1,0.44793713163064836,0.05304518664047151,2.7701375245579567
SYNGR1,0.45579567779960706,0.023575638506876228,2.836935166994106
SYNGR2,0.481335952848723,0.03732809430255403,2.850687622789784
SYNJ1,0.32612966601178783,0.0825147347740668,2.430255402750491
SYNJ2,0.4086444007858546,0.03929273084479371,2.6522593320235757
SYNJ2BP,0.48919449901768175,0.03339882121807466,3.013752455795678
SYNM,0.45579567779960706,0.04518664047151277,2.821218074656189
SYNPO,0.3005893909626719,0.09233791748526522,2.388998035363458
SYNPR,0.11787819253438114,0.3005893909626719,1.888015717092338
SYNRG,0.444007858546169,0.019646365422396856,2.8035363457760316
SYP,0.12573673870333987,0.5068762278978389,1.7053045186640472
SYS1,0.5383104125736738,0.025540275049115914,3.1159135559921416
SYT1,0.44793713163064836,0.021611001964636542,2.7111984282907664
SYT10,0.5068762278978389,0.0137524557956778,3.131630648330059
SYT11,0.5363457760314342,0.005893909626719057,2.9410609037328093
SYT12,0.5658153241650294,0.021611001964636542,3.257367387033399
SYT2,0.5442043222003929,0.007858546168958742,2.982318271119843
SYT3,0.4656188605108055,0.03143418467583497,2.7229862475442044
SYT4,0.28094302554027506,0.1944990176817289,2.3634577603143416
SYT5,0.4793713163064833,0.03143418467583497,2.774066797642436
SYT6,0.33988212180746563,0.09823182711198428,2.4420432220039294
SYT7,0.4675834970530452,0.029469548133595286,2.8290766208251474
SYT9,0.37721021611001965,0.09430255402750491,2.5402750491159134
SYTL1,0.4223968565815324,0.043222003929273084,2.6326129666011786
SYTL2,0.3693516699410609,0.15913555992141454,2.579567779960707
SYTL4,0.1905697445972495,0.3850687622789784,1.9351669941060903
SYVN1,0.5088408644400786,0.019646365422396856,3.019646365422397
SZT2,0.4577603143418468,0.0137524557956778,2.7779960707269153
TAAR1,0.43418467583497056,0.03536345776031434,2.7072691552062866
TAAR9,0.4361493123772102,0.03536345776031434,2.7092337917485265
TAB1,0.45579567779960706,0.023575638506876228,2.836935166994106
TAB2,0.4066797642436149,0.03929273084479371,2.6522593320235757
TAB3,0.12770137524557956,0.5088408644400786,1.7013752455795679
TAC1,0.5245579567779961,0.01768172888015717,3.239685658153242
TACC1,0.4204322200392927,0.14538310412573674,3.0039292730844793
TACC2,0.4106090373280943,0.05697445972495088,2.579567779960707
TACC3,0.3143418467583497,0.14341846758349705,2.404715127701375
TACO1,0.48722986247544203,0.015717092337917484,2.8762278978388998
TACR1,0.4715127701375246,0.0019646365422396855,2.907662082514735
TACR2,0.39096267190569745,0.04911591355599214,2.56188605108055
TACR3,0.3654223968565815,0.05893909626719057,2.518664047151277
TADA1,0.5363457760314342,0.007858546168958742,3.0
TADA2A,0.4400785854616896,0.019646365422396856,2.787819253438114
TADA2B,0.3104125736738703,0.15324165029469547,2.400785854616896
TADA3,0.15913555992141454,0.26522593320235754,1.994106090373281
TAF1,0.16110019646365423,0.4086444007858546,1.8722986247544204
TAF10,0.37721021611001965,0.09233791748526522,2.5422396856581533
TAF11,0.449901768172888,0.04911591355599214,2.7721021611001966
TAF12,0.4243614931237721,0.0412573673870334,2.638506876227898
TAF13,0.34970530451866405,0.068762278978389,2.4852652259332024
TAF15,0.43418467583497056,0.021611001964636542,2.756385068762279
TAF1A,0.5442043222003929,0.007858546168958742,3.005893909626719
TAF1B,0.4538310412573674,0.021611001964636542,2.8231827111984282
TAF1C,0.444007858546169,0.07072691552062868,2.713163064833006
TAF1D,0.343811394891945,0.17092337917485265,2.5481335952848725
TAF2,0.7760314341846758,0.0019646365422396855,4.106090373280943
TAF3,0.3693516699410609,0.10412573673870335,2.518664047151277
TAF4,0.5363457760314342,0.019646365422396856,3.119842829076621
TAF4B,0.36738703339882123,0.14145383104125736,2.7387033398821217
TAF5,0.3850687622789784,0.06679764243614932,2.5147347740667976
TAF5L,0.5442043222003929,0.007858546168958742,3.013752455795678
TAF6,0.5284872298624754,0.0137524557956778,3.194499017681729
TAF6L,0.4793713163064833,0.03143418467583497,2.8703339882121806
TAF7,0.29469548133595286,0.08644400785854617,2.3850687622789786
TAF7L,0.1925343811394892,0.38703339882121807,1.9351669941060903
TAF8,0.45972495088408644,0.03929273084479371,2.8703339882121806
TAF9,0.2632612966601179,0.11787819253438114,2.300589390962672
TAF9B,0.15913555992141454,0.4086444007858546,1.8781925343811394
TAGAP,0.40471512770137524,0.03929273084479371,2.644400785854617
TAGLN,0.29862475442043224,0.1944990176817289,2.294695481335953
TAL1,0.449901768172888,0.0137524557956778,2.7387033398821217
TALDO1,0.37721021611001965,0.10412573673870335,2.5461689587426326
TAMM41,0.14931237721021612,0.26719056974459726,1.9803536345776032
TANC1,0.44597249508840864,0.021611001964636542,2.7681728880157173
TANK,0.44793713163064836,0.019646365422396856,2.7799607072691552
TAOK1,0.42829076620825146,0.019646365422396856,2.7524557956777995
TAOK2,0.46954813359528486,0.029469548133595286,2.7976424361493124
TAOK3,0.4656188605108055,0.015717092337917484,2.7858546168958744
TAP1,0.449901768172888,0.05108055009823183,2.7838899803536346
TAPBP,0.44793713163064836,0.05304518664047151,2.7701375245579567
TARBP2,0.4636542239685658,0.01768172888015717,2.744597249508841
TARDBP,0.4243614931237721,0.047151277013752456,2.654223968565815
TARS2,0.5402750491159135,0.007858546168958742,2.988212180746562
TAS1R1,0.4263261296660118,0.04518664047151277,2.6777996070726915
TAS1R2,0.4223968565815324,0.04518664047151277,2.6326129666011786
TAS1R3,0.4361493123772102,0.043222003929273084,2.68565815324165
TAS2R10,0.518664047151277,0.03339882121807466,3.143418467583497
TAS2R19,0.518664047151277,0.03339882121807466,3.1394891944990175
TAS2R5,0.4263261296660118,0.10609037328094302,2.681728880157171
TAS2R7,0.518664047151277,0.03339882121807466,3.143418467583497
TATDN1,0.7819253438113949,0.003929273084479371,4.141453831041257
TAX1BP1,0.5677799607072691,0.01768172888015717,3.2278978388998034
TAX1BP3,0.3850687622789784,0.09233791748526522,2.5540275049115913
TBC1D1,0.3280943025540275,0.12573673870333987,2.4557956777996073
TBC1D10A,0.4636542239685658,0.023575638506876228,2.862475442043222
TBC1D15,0.4715127701375246,0.0137524557956778,2.9155206286836934
TBC1D2,0.5265225933202358,0.03143418467583497,2.994106090373281
TBC1D20,0.5324165029469549,0.047151277013752456,3.049115913555992
TBC1D25,0.12770137524557956,0.5049115913555993,1.7210216110019647
TBC1D31,0.7779960707269156,0.003929273084479371,4.1237721021611
TBC1D4,0.37524557956778,0.13555992141453832,2.6149312377210214
TBC1D7,0.4400785854616896,0.06286836935166994,2.756385068762279
TBCA,0.2593320235756385,0.1237721021611002,2.2907662082514735
TBCB,0.46954813359528486,0.03732809430255403,2.7465618860510808
TBCC,0.46168958742632615,0.03929273084479371,2.8703339882121806
TBCD,0.4577603143418468,0.05304518664047151,2.776031434184676
TBCE,0.5461689587426326,0.007858546168958742,3.0353634577603144
TBCEL,0.3025540275049116,0.18860510805500982,2.3163064833005893
TBK1,0.48330058939096265,0.007858546168958742,3.0275049115913557
TBL1XR1,0.7838899803536346,0.0,4.664047151277014
TBL3,0.4636542239685658,0.03929273084479371,2.742632612966601
TBP,0.4165029469548134,0.043222003929273084,2.68565815324165
TBPL1,0.4302554027504912,0.03536345776031434,2.7111984282907664
TBPL2,0.48722986247544203,0.03732809430255403,3.025540275049116
TBR1,0.44793713163064836,0.019646365422396856,2.7799607072691552
TBX18,0.412573673870334,0.03929273084479371,2.6660117878192535
TBX19,0.5343811394891945,0.007858546168958742,3.0412573673870336
TBX2,0.4793713163064833,0.01768172888015717,2.862475442043222
TBX20,0.5658153241650294,0.0137524557956778,3.2102161100196462
TBX21,0.4636542239685658,0.011787819253438114,2.819253438113949
TBX22,0.16110019646365423,0.40471512770137524,1.8860510805500983
TBX3,0.46168958742632615,0.0137524557956778,2.760314341846758
TBX4,0.4793713163064833,0.01768172888015717,2.862475442043222
TBX5,0.46168958742632615,0.0137524557956778,2.760314341846758
TBXA2R,0.3791748526522593,0.09823182711198428,2.495088408644401
TCAP,0.4518664047151277,0.015717092337917484,2.99803536345776
TCEA1,0.6817288801571709,0.009823182711198428,3.705304518664047
TCEA2,0.5402750491159135,0.019646365422396856,3.1100196463654224
TCEA3,0.4204322200392927,0.04518664047151277,2.6227897838899805
TCEAL1,0.18664047151277013,0.38703339882121807,1.9273084479371316
TCEAL4,0.18664047151277013,0.38703339882121807,1.9273084479371316
TCEAL6,0.1905697445972495,0.38703339882121807,1.931237721021611
TCEAL7,0.18664047151277013,0.38703339882121807,1.9273084479371316
TCERG1,0.2966601178781925,0.09233791748526522,2.381139489194499
TCF12,0.40471512770137524,0.07465618860510806,2.6227897838899805
TCF19,0.44793713163064836,0.05304518664047151,2.7858546168958744
TCF20,0.44793713163064836,0.025540275049115914,2.805500982318271
TCF21,0.4302554027504912,0.03536345776031434,2.7111984282907664
TCF25,0.4381139489194499,0.06679764243614932,2.713163064833006
TCF3,0.3575638506876228,0.11394891944990176,2.4223968565815324
TCF4,0.23968565815324164,0.22789783889980353,2.1532416502946954
TCF7,0.2907662082514735,0.09823182711198428,2.37524557956778
TCF7L1,0.4715127701375246,0.005893909626719057,2.9214145383104126
TCF7L2,0.3968565815324165,0.05893909626719057,2.5540275049115913
TCHH,0.5402750491159135,0.005893909626719057,2.9646365422396856
TCIRG1,0.5442043222003929,0.03339882121807466,3.2337917485265226
TCL1A,0.4931237721021611,0.05304518664047151,3.0412573673870336
TCP1,0.4066797642436149,0.0412573673870334,2.6483300589390963
TCP11,0.449901768172888,0.047151277013752456,2.774066797642436
TCTN1,0.4538310412573674,0.015717092337917484,2.74852652259332
TCTN2,0.4636542239685658,0.01768172888015717,2.7779960707269153
TCTN3,0.3831041257367387,0.068762278978389,2.5088408644400784
TDG,0.45579567779960706,0.015717092337917484,2.732809430255403
TDO2,0.3320235756385069,0.10019646365422397,2.447937131630648
TDP1,0.48330058939096265,0.0550098231827112,3.00196463654224
TDP2,0.43418467583497056,0.060903732809430254,2.7288801571709236
TDRD1,0.3988212180746562,0.05893909626719057,2.5599214145383105
TDRD5,0.5363457760314342,0.007858546168958742,2.9489194499017684
TDRD6,0.47347740667976423,0.04518664047151277,2.8899803536345776
TDRD7,0.5265225933202358,0.03143418467583497,2.9960707269155207
TDRD9,0.48722986247544203,0.05304518664047151,3.0216110019646365
TDRKH,0.5402750491159135,0.007858546168958742,2.9646365422396856
TEAD1,0.3850687622789784,0.08644400785854617,2.601178781925344
TEAD2,0.4656188605108055,0.03339882121807466,2.7210216110019645
TEAD3,0.4518664047151277,0.047151277013752456,2.776031434184676
TEAD4,0.5265225933202358,0.019646365422396856,3.24950884086444
TEC,0.35952848722986247,0.09037328094302555,2.583497053045187
TECPR1,0.5225933202357563,0.01768172888015717,3.2141453831041256
TECR,0.4361493123772102,0.047151277013752456,2.701375245579568
TEFM,0.43222003929273084,0.023575638506876228,2.7544204322200394
TEK,0.33595284872298625,0.2043222003929273,2.5166994106090375
TELO2,0.46168958742632615,0.0412573673870334,2.7387033398821217
TEN1,0.4950884086444008,0.0275049115913556,2.8880157170923377
TENT2,0.2593320235756385,0.1237721021611002,2.2888015717092336
TENT4A,0.6247544204322201,0.011787819253438114,3.552062868369352
TEP1,0.47347740667976423,0.047151277013752456,2.9587426326129664
TERF1,0.7053045186640472,0.003929273084479371,3.862475442043222
TERF2,0.4656188605108055,0.060903732809430254,2.760314341846758
TERF2IP,0.4636542239685658,0.06286836935166994,2.756385068762279
TERT,0.6385068762278978,0.009823182711198428,3.650294695481336
TES,0.46168958742632615,0.05893909626719057,2.8271119842829076
TESC,0.4636542239685658,0.015717092337917484,2.7799607072691552
TET1,0.39096267190569745,0.04911591355599214,2.567779960707269
TEX10,0.5265225933202358,0.03143418467583497,2.9960707269155207
TEX101,0.45972495088408644,0.03732809430255403,2.6954813359528487
TEX14,0.4656188605108055,0.023575638506876228,2.8290766208251474
TEX264,0.11591355599214145,0.30648330058939094,1.87426326129666
TEX35,0.5343811394891945,0.007858546168958742,2.9410609037328093
TF,0.6895874263261297,0.003929273084479371,3.6954813359528487
TFAM,0.3988212180746562,0.043222003929273084,2.6051080550098233
TFAP2B,0.4675834970530452,0.043222003929273084,2.8742632612966603
TFAP2C,0.5422396856581533,0.021611001964636542,3.131630648330059
TFAP2D,0.4675834970530452,0.043222003929273084,2.8742632612966603
TFAP4,0.4675834970530452,0.03732809430255403,2.756385068762279
TFB1M,0.4086444007858546,0.03732809430255403,2.656188605108055
TFB2M,0.555992141453831,0.015717092337917484,3.0392927308447937
TFDP1,0.4165029469548134,0.10609037328094302,2.74852652259332
TFDP2,0.7151277013752456,0.003929273084479371,3.9469548133595285
TFDP3,0.1944990176817289,0.3791748526522593,1.9469548133595285
TFE3,0.12573673870333987,0.5068762278978389,1.7053045186640472
TFEB,0.45972495088408644,0.0412573673870334,2.8408644400785854
TFF1,0.30844793713163066,0.10216110019646366,2.3791748526522594
TFG,0.6090373280943026,0.0137524557956778,3.418467583497053
TFIP11,0.45972495088408644,0.023575638506876228,2.880157170923379
TFPI,0.4538310412573674,0.023575638506876228,2.8408644400785854
TFPT,0.47544204322200395,0.03143418467583497,2.762278978388998
TFR2,0.5265225933202358,0.015717092337917484,3.1886051080550097
TFRC,0.7819253438113949,0.0,4.367387033398821
TG,0.7779960707269156,0.0019646365422396855,4.159135559921414
TGFA,0.47347740667976423,0.0019646365422396855,2.905697445972495
TGFB1,0.4577603143418468,0.03929273084479371,2.6974459724950886
TGFB1I1,0.46954813359528486,0.0275049115913556,2.7956777996070725
TGFB2,0.5422396856581533,0.007858546168958742,2.9901768172888015
TGFB3,0.4950884086444008,0.03732809430255403,3.0353634577603144
TGFBI,0.29273084479371314,0.09233791748526522,2.3791748526522594
TGFBR1,0.5265225933202358,0.03143418467583497,2.9921414538310414
TGFBR2,0.12770137524557956,0.2966601178781925,1.8958742632612966
TGFBR3,0.38703339882121807,0.04518664047151277,2.583497053045187
TGFBRAP1,0.47544204322200395,0.009823182711198428,2.880157170923379
TGIF1,0.5245579567779961,0.03339882121807466,3.4027504911591357
TGIF2,0.5677799607072691,0.019646365422396856,3.2730844793713163
TGIF2LX,0.16895874263261296,0.3889980353634578,1.893909626719057
TGM1,0.45579567779960706,0.05893909626719057,2.8880157170923377
TGM2,0.5579567779960707,0.019646365422396856,3.2043222003929275
TGM5,0.3988212180746562,0.08055009823182711,2.6051080550098233
TGOLN2,0.4715127701375246,0.005893909626719057,2.9214145383104126
TGS1,0.6817288801571709,0.007858546168958742,3.6719056974459723
TH,0.37328094302554027,0.10805500982318271,2.524557956777996
THAP1,0.412573673870334,0.14538310412573674,2.8366141732283463
THAP11,0.4675834970530452,0.060903732809430254,2.762278978388998
THAP7,0.48330058939096265,0.021611001964636542,3.137524557956778
THBD,0.5402750491159135,0.03536345776031434,3.143418467583497
THBS1,0.3889980353634578,0.07269155206286837,2.593320235756385
THBS2,0.412573673870334,0.043222003929273084,2.6719056974459723
THBS3,0.5383104125736738,0.005893909626719057,2.9449901768172886
THBS4,0.25736738703339884,0.1237721021611002,2.286836935166994
THEM4,0.5402750491159135,0.005893909626719057,2.9646365422396856
THEMIS,0.43418467583497056,0.03929273084479371,2.7269155206286837
THOC1,0.518664047151277,0.047151277013752456,3.1866404715127703
THOC2,0.1925343811394892,0.3791748526522593,1.9705304518664046
THOC3,0.3005893909626719,0.10019646365422397,2.387033398821218
THOC5,0.46168958742632615,0.023575638506876228,2.868369351669941
THOC6,0.4656188605108055,0.0412573673870334,2.74852652259332
THOC7,0.12180746561886051,0.2966601178781925,1.9037328094302555
THRA,0.44793713163064836,0.01768172888015717,2.8585461689587426
THRAP3,0.4538310412573674,0.019646365422396856,2.7210216110019645
THRB,0.13555992141453832,0.2829076620825147,1.9390962671905698
THRSP,0.4223968565815324,0.1237721021611002,2.8742632612966603
THSD7A,0.5756385068762279,0.0137524557956778,3.2711198428290764
THTPA,0.46168958742632615,0.05304518664047151,2.9017681728880156
THY1,0.3025540275049116,0.1905697445972495,2.3084479371316307
TIA1,0.47347740667976423,0.0019646365422396855,2.905697445972495
TIAL1,0.40471512770137524,0.05893909626719057,2.567779960707269
TIAM1,0.3241650294695481,0.08644400785854617,2.4223968565815324
TIAM2,0.4086444007858546,0.03929273084479371,2.654223968565815
TICAM1,0.38703339882121807,0.0962671905697446,2.5029469548133596
TICAM2,0.2868369351669941,0.1100196463654224,2.355599214145383
TICRR,0.444007858546169,0.05108055009823183,2.730844793713163
TIGD3,0.5108055009823183,0.019646365422396856,3.0216110019646365
TIGIT,0.6326129666011788,0.009823182711198428,3.493123772102161
TIMELESS,0.4656188605108055,0.015717092337917484,2.7662082514734774
TIMM10,0.4793713163064833,0.01768172888015717,2.8762278978388998
TIMM10B,0.37721021611001965,0.09233791748526522,2.5422396856581533
TIMM13,0.36345776031434185,0.11198428290766209,2.4400785854616895
TIMM17A,0.5422396856581533,0.007858546168958742,2.980353634577603
TIMM17B,0.12573673870333987,0.5068762278978389,1.7053045186640472
TIMM21,0.2337917485265226,0.23968565815324164,2.1532416502946954
TIMM22,0.38703339882121807,0.09430255402750491,2.5599214145383105
TIMM23,0.412573673870334,0.047151277013752456,2.6149312377210214
TIMM44,0.3948919449901768,0.08055009823182711,2.5402750491159134
TIMM50,0.4675834970530452,0.03732809430255403,2.834970530451866
TIMM8A,0.1925343811394892,0.38703339882121807,1.9351669941060903
TIMM8B,0.2966601178781925,0.1944990176817289,2.2927308447937134
TIMM9,0.4911591355599214,0.03536345776031434,3.019646365422397
TIMMDC1,0.6444007858546169,0.005893909626719057,3.506876227897839
TIMP1,0.12966601178781925,0.5009823182711198,1.7524557956777995
TIMP2,0.481335952848723,0.03732809430255403,2.856581532416503
TIMP3,0.45579567779960706,0.023575638506876228,2.8330058939096268
TINF2,0.45579567779960706,0.05893909626719057,2.8880157170923377
TIPIN,0.412573673870334,0.06286836935166994,2.650294695481336
TIPRL,0.5363457760314342,0.007858546168958742,3.043222003929273
TIRAP,0.3104125736738703,0.1787819253438114,2.341846758349705
TJAP1,0.4656188605108055,0.03929273084479371,2.864440078585462
TJP1,0.4027504911591356,0.07072691552062868,2.650294695481336
TJP2,0.48919449901768175,0.06679764243614932,2.8781925343811396
TJP3,0.3791748526522593,0.09823182711198428,2.495088408644401
TK1,0.481335952848723,0.03732809430255403,2.850687622789784
TK2,0.46954813359528486,0.060903732809430254,2.7681728880157173
TKFC,0.4715127701375246,0.029469548133595286,2.8605108055009825
TKT,0.11787819253438114,0.30844793713163066,1.87426326129666
TKTL1,0.21218074656188604,0.3555992141453831,1.994106090373281
TKTL2,0.3418467583497053,0.0962671905697446,2.4341846758349703
TLE1,0.4950884086444008,0.05304518664047151,2.9214145383104126
TLE2,0.3654223968565815,0.10609037328094302,2.449901768172888
TLE3,0.41453831041257366,0.06286836935166994,2.6463654223968565
TLE4,0.4911591355599214,0.05697445972495088,2.907662082514735
TLE6,0.36738703339882123,0.10609037328094302,2.4538310412573674
TLK1,0.4636542239685658,0.0137524557956778,2.838899803536346
TLK2,0.481335952848723,0.015717092337917484,2.864440078585462
TLL1,0.33988212180746563,0.0962671905697446,2.4400785854616895
TLL2,0.3831041257367387,0.068762278978389,2.5088408644400784
TLN1,0.42829076620825146,0.137524557956778,3.1139489194499017
TLN2,0.4086444007858546,0.06483300589390963,2.6483300589390963
TLR1,0.3280943025540275,0.1237721021611002,2.4597249508840866
TLR10,0.3280943025540275,0.1237721021611002,2.4597249508840866
TLR2,0.3280943025540275,0.09823182711198428,2.43614931237721
TLR3,0.3143418467583497,0.14145383104125736,2.357563850687623
TLR4,0.5422396856581533,0.03536345776031434,3.029469548133595
TLR7,0.12770137524557956,0.5029469548133595,1.7033398821218075
TLR8,0.12770137524557956,0.5029469548133595,1.7033398821218075
TLR9,0.11787819253438114,0.30648330058939094,1.8762278978388998
TM6SF2,0.44204322200392926,0.05304518664047151,2.6915520628683693
TM7SF2,0.5088408644400786,0.019646365422396856,3.019646365422397
TM9SF4,0.5893909626719057,0.007858546168958742,3.369351669941061
TMBIM1,0.343811394891945,0.09037328094302555,2.4597249508840866
TMC6,0.481335952848723,0.03732809430255403,2.850687622789784
TMC8,0.481335952848723,0.03732809430255403,2.850687622789784
TMCO1,0.5363457760314342,0.007858546168958742,2.986247544204322
TMED1,0.4263261296660118,0.0550098231827112,2.658153241650295
TMED10,0.4911591355599214,0.03536345776031434,3.0353634577603144
TMED2,0.4636542239685658,0.01768172888015717,2.7779960707269153
TMED3,0.43222003929273084,0.060903732809430254,2.6719056974459723
TMED4,0.5520628683693517,0.01768172888015717,3.192534381139489
TMED5,0.39096267190569745,0.04518664047151277,2.593320235756385
TMED7,0.2868369351669941,0.1100196463654224,2.355599214145383
TMED9,0.3005893909626719,0.10019646365422397,2.387033398821218
TMEM11,0.3988212180746562,0.08644400785854617,2.611001964636542
TMEM115,0.11787819253438114,0.30648330058939094,1.8762278978388998
TMEM138,0.4715127701375246,0.029469548133595286,2.8605108055009825
TMEM147,0.4715127701375246,0.03536345776031434,2.807465618860511
TMEM17,0.47544204322200395,0.0,2.9842829076620827
TMEM176A,0.4165029469548134,0.1100196463654224,2.650294695481336
TMEM176B,0.4165029469548134,0.1100196463654224,2.650294695481336
TMEM179B,0.4793713163064833,0.03143418467583497,2.8703339882121806
TMEM18,0.45972495088408644,0.023575638506876228,2.838899803536346
TMEM199,0.4381139489194499,0.019646365422396856,2.7976424361493124
TMEM216,0.4715127701375246,0.029469548133595286,2.8605108055009825
TMEM219,0.46954813359528486,0.029469548133595286,2.7976424361493124
TMEM231,0.4656188605108055,0.060903732809430254,2.7583497053045187
TMEM258,0.46954813359528486,0.029469548133595286,2.8408644400785854
TMEM30A,0.4204322200392927,0.03929273084479371,2.669941060903733
TMEM43,0.14734774066797643,0.2691552062868369,1.9862475442043221
TMEM50A,0.41846758349705304,0.04518664047151277,2.62475442043222
TMEM63A,0.5461689587426326,0.007858546168958742,3.005893909626719
TMEM67,0.7328094302554028,0.003929273084479371,3.8526522593320234
TMEM86B,0.4793713163064833,0.03143418467583497,2.776031434184676
TMEM97,0.4381139489194499,0.019646365422396856,2.7976424361493124
TMF1,0.12573673870333987,0.3025540275049116,1.917485265225933
TMLHE,0.21414538310412573,0.3850687622789784,1.917485265225933
TMOD1,0.5245579567779961,0.03143418467583497,2.9921414538310414
TMOD2,0.412573673870334,0.07072691552062868,2.6483300589390963
TMOD3,0.412573673870334,0.07072691552062868,2.644400785854617
TMOD4,0.5383104125736738,0.007858546168958742,2.9921414538310414
TMPO,0.4538310412573674,0.015717092337917484,2.7288801571709236
TMPRSS2,0.3104125736738703,0.10019646365422397,2.3831041257367387
TMPRSS6,0.449901768172888,0.025540275049115914,2.8094302554027504
TMSB4X,0.12770137524557956,0.5029469548133595,1.7033398821218075
TMX1,0.48722986247544203,0.03732809430255403,3.031434184675835
TNC,0.5383104125736738,0.03339882121807466,3.019646365422397
TNF,0.4518664047151277,0.04911591355599214,2.8035363457760316
TNFAIP1,0.4381139489194499,0.019646365422396856,2.7976424361493124
TNFAIP3,0.42829076620825146,0.03732809430255403,2.7269155206286837
TNFAIP8,0.28487229862475444,0.1100196463654224,2.3477406679764243
TNFRSF10A,0.28094302554027506,0.24361493123772102,2.255402750491159
TNFRSF10B,0.27897838899803534,0.2455795677799607,2.2475442043222005
TNFRSF10C,0.28094302554027506,0.24361493123772102,2.255402750491159
TNFRSF10D,0.28094302554027506,0.24361493123772102,2.255402750491159
TNFRSF11A,0.22986247544204322,0.24165029469548133,2.1257367387033397
TNFRSF11B,0.7779960707269156,0.0019646365422396855,4.1080550098231825
TNFRSF12A,0.4656188605108055,0.0412573673870334,2.74852652259332
TNFRSF13B,0.3988212180746562,0.09037328094302555,2.6326129666011786
TNFRSF13C,0.449901768172888,0.025540275049115914,2.8153241650294696
TNFRSF14,0.4361493123772102,0.047151277013752456,2.68565815324165
TNFRSF17,0.4715127701375246,0.029469548133595286,2.7858546168958744
TNFRSF18,0.4361493123772102,0.043222003929273084,2.68565815324165
TNFRSF1A,0.5206286836935167,0.021611001964636542,3.194499017681729
TNFRSF1B,0.4243614931237721,0.04518664047151277,2.654223968565815
TNFRSF21,0.47347740667976423,0.04518664047151277,2.8722986247544204
TNFRSF25,0.4263261296660118,0.04518664047151277,2.6777996070726915
TNFRSF4,0.4361493123772102,0.043222003929273084,2.68565815324165
TNFRSF6B,0.5402750491159135,0.021611001964636542,3.1100196463654224
TNFRSF8,0.4243614931237721,0.04518664047151277,2.654223968565815
TNFSF10,0.7897838899803536,0.0,4.585461689587427
TNFSF11,0.2966601178781925,0.18467583497053044,2.324165029469548
TNFSF12,0.3791748526522593,0.09823182711198428,2.5402750491159134
TNFSF13,0.3791748526522593,0.09823182711198428,2.5402750491159134
TNFSF13B,0.40471512770137524,0.1100196463654224,2.673870333988212
TNFSF14,0.39096267190569745,0.08840864440078586,2.5166994106090375
TNFSF15,0.5363457760314342,0.03143418467583497,3.019646365422397
TNFSF18,0.5363457760314342,0.007858546168958742,2.956777996070727
TNFSF4,0.5383104125736738,0.007858546168958742,2.9724950884086443
TNFSF8,0.5363457760314342,0.03143418467583497,3.019646365422397
TNFSF9,0.3889980353634578,0.09037328094302555,2.512770137524558
TNIK,0.7858546168958742,0.0,4.548133595284872
TNIP1,0.3005893909626719,0.09233791748526522,2.388998035363458
TNIP2,0.3143418467583497,0.14931237721021612,2.404715127701375
TNK2,0.7819253438113949,0.0,4.367387033398821
TNKS,0.275049115913556,0.25343811394891946,2.239685658153242
TNKS1BP1,0.4793713163064833,0.01768172888015717,2.8762278978388998
TNKS2,0.3889980353634578,0.068762278978389,2.5343811394891946
TNNC1,0.11787819253438114,0.30648330058939094,1.8762278978388998
TNNC2,0.5363457760314342,0.023575638506876228,3.117878192534381
TNNI1,0.5442043222003929,0.007858546168958742,2.9842829076620827
TNNI2,0.37524557956778,0.10805500982318271,2.5284872298624754
TNNI3,0.4793713163064833,0.03143418467583497,2.774066797642436
TNNI3K,0.4027504911591356,0.03339882121807466,2.6208251473477406
TNNT1,0.4793713163064833,0.03143418467583497,2.774066797642436
TNNT3,0.37524557956778,0.10805500982318271,2.5284872298624754
TNP1,0.3418467583497053,0.09233791748526522,2.4557956777996073
TNP2,0.4715127701375246,0.029469548133595286,2.781925343811395
TNPO1,0.2632612966601179,0.11787819253438114,2.3084479371316307
TNPO2,0.43222003929273084,0.04911591355599214,2.6719056974459723
TNPO3,0.42829076620825146,0.09037328094302555,2.7033398821218073
TNR,0.5343811394891945,0.007858546168958742,2.950884086444008
TNRC6A,0.4636542239685658,0.03339882121807466,2.781925343811395
TNRC6B,0.45579567779960706,0.023575638506876228,2.831041257367387
TNS1,0.343811394891945,0.09233791748526522,2.4577603143418467
TNS2,0.46168958742632615,0.021611001964636542,2.7406679764243616
TNS3,0.5540275049115914,0.015717092337917484,3.3222003929273085
TNS4,0.44597249508840864,0.01768172888015717,2.821218074656189
TNXB,0.4518664047151277,0.05108055009823183,2.7858546168958744
TOB2,0.4538310412573674,0.023575638506876228,2.8290766208251474
TOE1,0.4538310412573674,0.015717092337917484,2.7524557956777995
TOLLIP,0.37524557956778,0.10805500982318271,2.538310412573674
TOM1,0.4538310412573674,0.0275049115913556,2.8290766208251474
TOMM20,0.5461689587426326,0.007858546168958742,3.0353634577603144
TOMM20L,0.4911591355599214,0.03536345776031434,3.019646365422397
TOMM22,0.4538310412573674,0.025540275049115914,2.8271119842829076
TOMM34,0.5402750491159135,0.025540275049115914,3.1237721021611002
TOMM40,0.4675834970530452,0.03732809430255403,2.756385068762279
TOMM40L,0.5402750491159135,0.005893909626719057,2.9764243614931236
TOMM5,0.3929273084479371,0.1512770137524558,2.7701375245579567
TOMM6,0.45972495088408644,0.03929273084479371,2.8742632612966603
TOMM7,0.5736738703339882,0.015717092337917484,3.2455795677799606
TOMM70,0.6090373280943026,0.0137524557956778,3.432220039292731
TONSL,0.7701375245579568,0.0019646365422396855,4.041257367387034
TOP1,0.5402750491159135,0.025540275049115914,3.1080550098231825
TOP1MT,0.7701375245579568,0.0019646365422396855,4.051080550098232
TOP2A,0.44793713163064836,0.01768172888015717,2.850687622789784
TOP2B,0.13359528487229863,0.28487229862475444,1.9292730844793713
TOP3B,0.46954813359528486,0.023575638506876228,2.956777996070727
TOPBP1,0.6895874263261297,0.003929273084479371,3.6915520628683693
TOPORS,0.3850687622789784,0.15913555992141454,2.756385068762279
TOR1A,0.5422396856581533,0.03929273084479371,3.0078585461689586
TOR1AIP1,0.5363457760314342,0.007858546168958742,2.9489194499017684
TOR1AIP2,0.5363457760314342,0.007858546168958742,2.9489194499017684
TOR1B,0.5422396856581533,0.03929273084479371,3.0078585461689586
TOR4A,0.5284872298624754,0.05304518664047151,2.9764243614931236
TOX2,0.5402750491159135,0.025540275049115914,3.1277013752455796
TOX4,0.46168958742632615,0.05108055009823183,2.9174852652259333
TP53,0.37721021611001965,0.09823182711198428,2.538310412573674
TP53AIP1,0.30648330058939094,0.1807465618860511,2.330058939096267
TP53BP1,0.3988212180746562,0.08055009823182711,2.6051080550098233
TP53BP2,0.5442043222003929,0.007858546168958742,2.9960707269155207
TP53INP1,0.7347740667976425,0.003929273084479371,3.856581532416503
TP53INP2,0.587426326129666,0.007858546168958742,3.4223968565815324
TP53RK,0.5363457760314342,0.023575638506876228,3.1080550098231825
TP63,0.787819253438114,0.0,4.5697445972495085
TP73,0.4302554027504912,0.04518664047151277,2.681728880157171
TPD52,0.7151277013752456,0.003929273084479371,3.8330058939096268
TPD52L1,0.4381139489194499,0.03732809430255403,2.7367387033398822
TPD52L2,0.5383104125736738,0.021611001964636542,3.104125736738703
TPGS1,0.3575638506876228,0.11787819253438114,2.418467583497053
TPGS2,0.2907662082514735,0.1944990176817289,2.3595284872298623
TPH1,0.3889980353634578,0.08840864440078586,2.581532416502947
TPH2,0.46954813359528486,0.0137524557956778,2.880157170923379
TPI1,0.5225933202357563,0.019646365422396856,3.182711198428291
TPK1,0.4243614931237721,0.11591355599214145,2.656188605108055
TPM1,0.4086444007858546,0.06286836935166994,2.650294695481336
TPM2,0.42829076620825146,0.137524557956778,3.1139489194499017
TPM3,0.5402750491159135,0.005893909626719057,2.9489194499017684
TPM4,0.44204322200392926,0.047151277013752456,2.699410609037328
TPO,0.46168958742632615,0.023575638506876228,2.834970530451866
TPP2,0.3929273084479371,0.11394891944990176,2.642436149312377
TPPP,0.6365422396856582,0.009823182711198428,3.6149312377210214
TPR,0.5383104125736738,0.005893909626719057,2.970530451866405
TPRKB,0.4715127701375246,0.0019646365422396855,2.9194499017681728
TPRN,0.5284872298624754,0.05108055009823183,2.9783889980353635
TPSAB1,0.46168958742632615,0.0412573673870334,2.7387033398821217
TPST1,0.5029469548133595,0.019646365422396856,2.9607072691552063
TPST2,0.45972495088408644,0.023575638506876228,2.880157170923379
TPT1,0.29862475442043224,0.17092337917485265,2.3536345776031435
TPX2,0.5893909626719057,0.007858546168958742,3.381139489194499
TRA2A,0.5736738703339882,0.015717092337917484,3.2337917485265226
TRA2B,0.7838899803536346,0.0,4.461689587426326
TRADD,0.4675834970530452,0.060903732809430254,2.762278978388998
TRAF1,0.5442043222003929,0.03732809430255403,3.0098231827111985
TRAF2,0.5245579567779961,0.05304518664047151,2.970530451866405
TRAF3,0.48526522593320237,0.060903732809430254,2.9783889980353635
TRAF3IP1,0.35363457760314343,0.09430255402750491,2.479371316306483
TRAF3IP3,0.5422396856581533,0.007858546168958742,2.9901768172888015
TRAF5,0.5461689587426326,0.007858546168958742,2.988212180746562
TRAF6,0.43222003929273084,0.07072691552062868,2.862475442043222
TRAF7,0.4636542239685658,0.03929273084479371,2.742632612966601
TRAIP,0.11787819253438114,0.3045186640471513,1.8781925343811394
TRAK1,0.12573673870333987,0.2868369351669941,1.9096267190569745
TRAK2,0.4106090373280943,0.0550098231827112,2.6895874263261295
TRAM1,0.7053045186640472,0.003929273084479371,3.834970530451866
TRAPPC1,0.37721021611001965,0.0962671905697446,2.5402750491159134
TRAPPC10,0.31237721021611004,0.09823182711198428,2.3909626719056973
TRAPPC11,0.3241650294695481,0.12573673870333987,2.406679764243615
TRAPPC12,0.45579567779960706,0.023575638506876228,2.8271119842829076
TRAPPC2,0.1237721021611002,0.5049115913555993,1.6974459724950883
TRAPPC2B,0.4793713163064833,0.03732809430255403,2.75049115913556
TRAPPC2L,0.4381139489194499,0.07072691552062868,2.7092337917485265
TRAPPC3,0.4538310412573674,0.019646365422396856,2.7210216110019645
TRAPPC3L,0.4243614931237721,0.0412573673870334,2.6719056974459723
TRAPPC4,0.3025540275049116,0.1905697445972495,2.3084479371316307
TRAPPC5,0.3929273084479371,0.0825147347740668,2.5265225933202355
TRAPPC6A,0.4656188605108055,0.03732809430255403,2.705304518664047
TRAPPC6B,0.48526522593320237,0.043222003929273084,3.019646365422397
TRAPPC8,0.3182711198428291,0.1650294695481336,2.4341846758349703
TRAT1,0.6247544204322201,0.009823182711198428,3.4518664047151275
TRDMT1,0.3614931237721022,0.10805500982318271,2.5088408644400784
TRDN,0.43418467583497056,0.03732809430255403,2.7269155206286837
TREH,0.3045186640471513,0.1905697445972495,2.343811394891945
TREM1,0.45579567779960706,0.0412573673870334,2.8408644400785854
TREM2,0.45579567779960706,0.0412573673870334,2.8526522593320234
TREML1,0.45579567779960706,0.0412573673870334,2.8526522593320234
TREML2,0.45579567779960706,0.0412573673870334,2.848722986247544
TRERF1,0.46168958742632615,0.03929273084479371,2.8703339882121806
TRH,0.6640471512770137,0.005893909626719057,3.5972495088408643
TRHR,0.7642436149312377,0.0019646365422396855,4.049115913555992
TRIAP1,0.4675834970530452,0.0137524557956778,2.7858546168958744
TRIB1,0.7799607072691552,0.003929273084479371,4.196463654223969
TRIB2,0.4538310412573674,0.021611001964636542,2.8271119842829076
TRIB3,0.5324165029469549,0.047151277013752456,3.049115913555992
TRIL,0.5677799607072691,0.01768172888015717,3.243614931237721
TRIM10,0.44204322200392926,0.05304518664047151,2.764243614931238
TRIM11,0.5442043222003929,0.007858546168958742,3.013752455795678
TRIM13,0.3143418467583497,0.17485265225933203,2.3772102161100195
TRIM14,0.5265225933202358,0.03143418467583497,2.994106090373281
TRIM17,0.5442043222003929,0.007858546168958742,3.013752455795678
TRIM2,0.3300589390962672,0.09823182711198428,2.432220039292731
TRIM21,0.3713163064833006,0.10412573673870335,2.522593320235756
TRIM22,0.37328094302554027,0.0962671905697446,2.5324165029469548
TRIM23,0.27111984282907664,0.11591355599214145,2.3477406679764243
TRIM24,0.42829076620825146,0.10216110019646366,2.6954813359528487
TRIM25,0.4675834970530452,0.019646365422396856,2.8408644400785854
TRIM27,0.44204322200392926,0.0550098231827112,2.7544204322200394
TRIM28,0.4774066797642436,0.03929273084479371,2.7583497053045187
TRIM29,0.3005893909626719,0.1905697445972495,2.3084479371316307
TRIM3,0.37721021611001965,0.09233791748526522,2.5422396856581533
TRIM31,0.44204322200392926,0.05304518664047151,2.74852652259332
TRIM32,0.5402750491159135,0.03536345776031434,3.019646365422397
TRIM33,0.33988212180746563,0.09823182711198428,2.4420432220039294
TRIM35,0.2907662082514735,0.22986247544204322,2.286836935166994
TRIM36,0.2868369351669941,0.1100196463654224,2.355599214145383
TRIM37,0.4636542239685658,0.023575638506876228,2.8271119842829076
TRIM4,0.5304518664047151,0.0137524557956778,3.208251473477407
TRIM41,0.3045186640471513,0.0962671905697446,2.4027504911591357
TRIM45,0.35363457760314343,0.09430255402750491,2.5402750491159134
TRIM5,0.37328094302554027,0.09430255402750491,2.5343811394891946
TRIM50,0.4793713163064833,0.025540275049115914,2.925343811394892
TRIM56,0.5206286836935167,0.019646365422396856,3.1414538310412574
TRIM59,0.7583497053045186,0.0019646365422396855,4.2907662082514735
TRIM6,0.3713163064833006,0.09823182711198428,2.5284872298624754
TRIM63,0.4165029469548134,0.04518664047151277,2.6227897838899805
TRIM68,0.37328094302554027,0.10412573673870335,2.524557956777996
TRIM69,0.3988212180746562,0.08055009823182711,2.6031434184675835
TRIM7,0.3045186640471513,0.0962671905697446,2.4106090373280944
TRIM71,0.13163064833005894,0.2868369351669941,1.9233791748526523
TRIM72,0.46954813359528486,0.0275049115913556,2.7956777996070725
TRIM8,0.3850687622789784,0.06483300589390963,2.5166994106090375
TRIM9,0.48526522593320237,0.03732809430255403,3.0275049115913557
TRIO,0.6286836935166994,0.005893909626719057,3.587426326129666
TRIP10,0.39096267190569745,0.08840864440078586,2.5166994106090375
TRIP11,0.48919449901768175,0.05697445972495088,3.005893909626719
TRIP13,0.6385068762278978,0.009823182711198428,3.6326129666011786
TRIP4,0.4086444007858546,0.060903732809430254,2.6483300589390963
TRIP6,0.5245579567779961,0.015717092337917484,3.1591355599214146
TRMT10C,0.6090373280943026,0.0137524557956778,3.398821218074656
TRMT112,0.48919449901768175,0.025540275049115914,2.968565815324165
TRMT6,0.5343811394891945,0.04911591355599214,3.0805500982318272
TRMT61A,0.48722986247544203,0.0550098231827112,2.9960707269155207
TRNAU1AP,0.4243614931237721,0.0412573673870334,2.638506876227898
TRNT1,0.16699410609037327,0.26522593320235754,2.005893909626719
TRO,0.14145383104125736,0.47544204322200395,1.7897838899803535
TROAP,0.4518664047151277,0.021611001964636542,2.7288801571709236
TRPA1,0.7053045186640472,0.003929273084479371,3.850687622789784
TRPC1,0.7151277013752456,0.003929273084479371,3.9626719056974458
TRPC3,0.3713163064833006,0.05697445972495088,2.5422396856581533
TRPC4,0.2868369351669941,0.18467583497053044,2.3104125736738705
TRPC4AP,0.5795677799607073,0.011787819253438114,3.3909626719056973
TRPC5,0.18467583497053044,0.38703339882121807,1.9292730844793713
TRPC6,0.37524557956778,0.1650294695481336,3.3831041257367387
TRPC7,0.29469548133595286,0.09233791748526522,2.381139489194499
TRPM2,0.30844793713163066,0.10019646365422397,2.387033398821218
TRPM4,0.4636542239685658,0.03339882121807466,2.7111984282907664
TRPM8,0.34970530451866405,0.09037328094302555,2.475442043222004
TRPS1,0.7760314341846758,0.0019646365422396855,4.104125736738704
TRPV1,0.3850687622789784,0.09233791748526522,2.5540275049115913
TRPV2,0.3968565815324165,0.09037328094302555,2.62671905697446
TRPV4,0.4538310412573674,0.0137524557956778,2.75049115913556
TRPV5,0.4263261296660118,0.10805500982318271,2.6640471512770136
TRPV6,0.4263261296660118,0.10805500982318271,2.6640471512770136
TRRAP,0.5324165029469549,0.0137524557956778,3.2298624754420433
TSC1,0.5343811394891945,0.03929273084479371,3.005893909626719
TSC2,0.4636542239685658,0.03929273084479371,2.742632612966601
TSEN15,0.5383104125736738,0.007858546168958742,2.9607072691552063
TSEN2,0.14931237721021612,0.26719056974459726,1.9783889980353635
TSEN34,0.47544204322200395,0.03143418467583497,2.7662082514734774
TSEN54,0.4950884086444008,0.025540275049115914,2.9037328094302555
TSFM,0.4675834970530452,0.01768172888015717,2.807465618860511
TSG101,0.39096267190569745,0.08840864440078586,2.583497053045187
TSHB,0.3418467583497053,0.09823182711198428,2.4459724950884087
TSHR,0.5088408644400786,0.043222003929273084,3.072691552062868
TSHZ1,0.22789783889980353,0.24361493123772102,2.1453831041257367
TSLP,0.2770137524557957,0.11394891944990176,2.3280943025540277
TSN,0.4675834970530452,0.011787819253438114,2.8919449901768175
TSNARE1,0.7721021611001965,0.0019646365422396855,4.076620825147348
TSNAX,0.5442043222003929,0.007858546168958742,3.0275049115913557
TSNAXIP1,0.4675834970530452,0.060903732809430254,2.762278978388998
TSPAN12,0.444007858546169,0.07269155206286837,2.7799607072691552
TSPAN14,0.40078585461689586,0.060903732809430254,2.5736738703339883
TSPAN3,0.4165029469548134,0.06679764243614932,2.6404715127701377
TSPAN7,0.1237721021611002,0.518664047151277,1.68762278978389
TSPO,0.44597249508840864,0.029469548133595286,2.799607072691552
TSPOAP1,0.46168958742632615,0.025540275049115914,2.8447937131630647
TSPYL2,0.13359528487229863,0.49705304518664045,1.7269155206286837
TSR1,0.3850687622789784,0.0962671905697446,2.552062868369352
TST,0.44793713163064836,0.025540275049115914,2.805500982318271
TTBK2,0.3988212180746562,0.08055009823182711,2.6051080550098233
TTC19,0.3948919449901768,0.08840864440078586,2.638506876227898
TTC21B,0.4577603143418468,0.019646365422396856,2.819253438113949
TTC5,0.47347740667976423,0.047151277013752456,2.954813359528487
TTF1,0.5363457760314342,0.03732809430255403,3.0235756385068764
TTK,0.412573673870334,0.0412573673870334,2.6522593320235757
TTLL1,0.444007858546169,0.029469548133595286,2.7976424361493124
TTLL5,0.4931237721021611,0.03732809430255403,3.031434184675835
TTN,0.47544204322200395,0.0137524557956778,2.9351669941060905
TTR,0.32023575638506874,0.1650294695481336,2.4459724950884087
TUB,0.37524557956778,0.09430255402750491,2.538310412573674
TUBA1A,0.449901768172888,0.021611001964636542,2.724950884086444
TUBA1B,0.449901768172888,0.021611001964636542,2.724950884086444
TUBA1C,0.4518664047151277,0.021611001964636542,2.7288801571709236
TUBA3E,0.4538310412573674,0.0137524557956778,2.781925343811395
TUBA4A,0.33988212180746563,0.09037328094302555,2.4557956777996073
TUBA8,0.4675834970530452,0.03536345776031434,2.9449901768172886
TUBAL3,0.36738703339882123,0.10609037328094302,2.520628683693517
TUBB,0.449901768172888,0.04911591355599214,2.7976424361493124
TUBB1,0.5402750491159135,0.021611001964636542,3.1257367387033397
TUBB2A,0.43222003929273084,0.060903732809430254,2.7288801571709236
TUBB2B,0.43222003929273084,0.060903732809430254,2.7288801571709236
TUBB3,0.4381139489194499,0.06679764243614932,2.713163064833006
TUBB4A,0.3889980353634578,0.09037328094302555,2.512770137524558
TUBB4B,0.5284872298624754,0.05108055009823183,2.9783889980353635
TUBB6,0.48919449901768175,0.0412573673870334,3.049115913555992
TUBB8,0.3614931237721022,0.11787819253438114,2.4715127701375246
TUBD1,0.47347740667976423,0.0137524557956778,2.856581532416503
TUBE1,0.4223968565815324,0.0412573673870334,2.6601178781925343
TUBG1,0.44793713163064836,0.019646365422396856,2.7976424361493124
TUBG2,0.44793713163064836,0.019646365422396856,2.793713163064833
TUBGCP2,0.4106090373280943,0.06286836935166994,2.581532416502947
TUBGCP3,0.412573673870334,0.10609037328094302,2.760314341846758
TUBGCP4,0.3988212180746562,0.08055009823182711,2.6051080550098233
TUBGCP5,0.41846758349705304,0.060903732809430254,2.7072691552062866
TUBGCP6,0.44204322200392926,0.043222003929273084,2.807465618860511
TUFM,0.46954813359528486,0.025540275049115914,2.805500982318271
TUFT1,0.5383104125736738,0.007858546168958742,2.9666011787819255
TULP3,0.5265225933202358,0.019646365422396856,3.235756385068762
TULP4,0.4086444007858546,0.03929273084479371,2.6522593320235757
TUSC3,0.27897838899803534,0.24361493123772102,2.2652259332023577
TUT1,0.481335952848723,0.029469548133595286,2.880157170923379
TUT4,0.43418467583497056,0.021611001964636542,2.7092337917485265
TVP23B,0.3968565815324165,0.08447937131630648,2.6031434184675835
TWF1,0.4538310412573674,0.021611001964636542,2.75049115913556
TWF2,0.11787819253438114,0.30648330058939094,1.8762278978388998
TWIST1,0.5756385068762279,0.015717092337917484,3.2612966601178783
TWIST2,0.35363457760314343,0.09233791748526522,2.481335952848723
TWNK,0.38703339882121807,0.068762278978389,2.512770137524558
TWSG1,0.48722986247544203,0.04518664047151277,3.0275049115913557
TXK,0.3555992141453831,0.09037328094302555,2.569744597249509
TXLNA,0.4361493123772102,0.03536345776031434,2.669941060903733
TXLNB,0.4223968565815324,0.03732809430255403,2.7111984282907664
TXLNG,0.12966601178781925,0.49705304518664045,1.719056974459725
TXN,0.5363457760314342,0.03143418467583497,3.017681728880157
TXN2,0.4518664047151277,0.023575638506876228,2.8231827111984282
TXNDC12,0.43418467583497056,0.021611001964636542,2.7092337917485265
TXNDC16,0.48919449901768175,0.03536345776031434,3.043222003929273
TXNDC17,0.381139489194499,0.0962671905697446,2.5442043222003927
TXNDC5,0.4381139489194499,0.06679764243614932,2.7721021611001966
TXNIP,0.5284872298624754,0.009823182711198428,2.931237721021611
TXNL1,0.2357563850687623,0.22986247544204322,2.1473477406679766
TXNL4A,0.22396856581532418,0.25147347740667975,2.135559921414538
TXNL4B,0.4675834970530452,0.060903732809430254,2.7701375245579567
TXNRD1,0.45579567779960706,0.015717092337917484,2.732809430255403
TXNRD2,0.47544204322200395,0.021611001964636542,3.025540275049116
TYK2,0.4204322200392927,0.060903732809430254,2.644400785854617
TYMP,0.4400785854616896,0.04518664047151277,2.8015717092337917
TYMS,0.5225933202357563,0.047151277013752456,3.225933202357564
TYR,0.3614931237721022,0.16306483300589392,2.5893909626719056
TYRO3,0.3948919449901768,0.08447937131630648,2.5893909626719056
TYROBP,0.46954813359528486,0.03732809430255403,2.7721021611001966
TYRP1,0.3575638506876228,0.18271119842829076,2.8133595284872297
TYSND1,0.39096267190569745,0.04911591355599214,2.5599214145383105
U2AF1,0.30844793713163066,0.09823182711198428,2.3831041257367387
U2AF1L4,0.4715127701375246,0.03536345776031434,2.821218074656189
U2AF2,0.4793713163064833,0.03143418467583497,2.7897838899803538
U2SURP,0.7151277013752456,0.003929273084479371,3.968565815324165
UAP1,0.5402750491159135,0.005893909626719057,2.9724950884086443
UBA2,0.4656188605108055,0.03536345776031434,2.7387033398821217
UBA3,0.12573673870333987,0.3025540275049116,1.917485265225933
UBA5,0.6817288801571709,0.003929273084479371,3.675834970530452
UBA52,0.4400785854616896,0.05304518664047151,2.6915520628683693
UBA6,0.41453831041257366,0.04911591355599214,2.6915520628683693
UBA7,0.11787819253438114,0.3045186640471513,1.8781925343811394
UBAC1,0.5324165029469549,0.04518664047151277,2.9901768172888015
UBAC2,0.39096267190569745,0.12180746561886051,2.601178781925344
UBAP1,0.4223968565815324,0.13555992141453832,2.93909626719057
UBAP2L,0.5402750491159135,0.005893909626719057,2.9489194499017684
UBASH3A,0.30844793713163066,0.10216110019646366,2.3791748526522594
UBB,0.3968565815324165,0.09037328094302555,2.62671905697446
UBC,0.45972495088408644,0.019646365422396856,2.760314341846758
UBD,0.4400785854616896,0.05697445972495088,2.744597249508841
UBE2A,0.18664047151277013,0.3850687622789784,1.9410609037328095
UBE2B,0.2907662082514735,0.09823182711198428,2.37524557956778
UBE2C,0.5363457760314342,0.023575638506876228,3.117878192534381
UBE2D1,0.3988212180746562,0.043222003929273084,2.6051080550098233
UBE2D2,0.2966601178781925,0.08644400785854617,2.387033398821218
UBE2D3,0.3654223968565815,0.05893909626719057,2.518664047151277
UBE2E1,0.13555992141453832,0.28094302554027506,1.9410609037328095
UBE2E2,0.13555992141453832,0.2829076620825147,1.9390962671905698
UBE2E3,0.46954813359528486,0.01768172888015717,2.882121807465619
UBE2F,0.35363457760314343,0.09430255402750491,2.479371316306483
UBE2G2,0.30844793713163066,0.10019646365422397,2.387033398821218
UBE2I,0.46168958742632615,0.0412573673870334,2.7387033398821217
UBE2J1,0.41453831041257366,0.043222003929273084,2.6719056974459723
UBE2J2,0.4361493123772102,0.043222003929273084,2.68565815324165
UBE2K,0.32612966601178783,0.12180746561886051,2.4518664047151275
UBE2L3,0.4715127701375246,0.021611001964636542,2.93909626719057
UBE2L6,0.4774066797642436,0.01768172888015717,2.8742632612966603
UBE2M,0.4774066797642436,0.03929273084479371,2.7583497053045187
UBE2N,0.449901768172888,0.021611001964636542,2.717092337917485
UBE2Q2,0.41846758349705304,0.06286836935166994,2.6483300589390963
UBE2S,0.4793713163064833,0.03143418467583497,2.7897838899803538
UBE2V1,0.5343811394891945,0.023575638506876228,3.100196463654224
UBE2V2,0.6797642436149313,0.0137524557956778,3.927308447937132
UBE2W,0.7072691552062869,0.003929273084479371,3.868369351669941
UBE2Z,0.4656188605108055,0.011787819253438114,2.8271119842829076
UBE3C,0.4204322200392927,0.10805500982318271,2.6463654223968565
UBE3D,0.4106090373280943,0.03929273084479371,2.681728880157171
UBE4A,0.3025540275049116,0.1925343811394892,2.337917485265226
UBE4B,0.4263261296660118,0.043222003929273084,2.658153241650295
UBIAD1,0.4243614931237721,0.04518664047151277,2.656188605108055
UBL3,0.2907662082514735,0.16306483300589392,2.3202357563850686
UBL4A,0.21218074656188604,0.35363457760314343,1.9960707269155207
UBL4B,0.34970530451866405,0.068762278978389,2.4833005893909625
UBL5,0.4204322200392927,0.06483300589390963,2.638506876227898
UBLCP1,0.29862475442043224,0.09233791748526522,2.388998035363458
UBN1,0.4656188605108055,0.03732809430255403,2.7583497053045187
UBOX5,0.5324165029469549,0.04911591355599214,3.043222003929273
UBQLN1,0.4950884086444008,0.05304518664047151,2.905697445972495
UBQLN2,0.15324165029469547,0.46168958742632615,1.81335952848723
UBQLN4,0.5363457760314342,0.005893909626719057,2.9410609037328093
UBR1,0.3988212180746562,0.08055009823182711,2.6051080550098233
UBR2,0.46168958742632615,0.03929273084479371,2.8703339882121806
UBR4,0.4223968565815324,0.04518664047151277,2.6326129666011786
UBR5,0.7544204322200393,0.0019646365422396855,3.9842829076620827
UBTF,0.4518664047151277,0.01768172888015717,2.793713163064833
UBXN1,0.4793713163064833,0.03143418467583497,2.8762278978388998
UBXN2A,0.4715127701375246,0.011787819253438114,2.868369351669941
UBXN2B,0.6817288801571709,0.007858546168958742,3.6915520628683693
UBXN4,0.449901768172888,0.019646365422396856,2.7524557956777995
UBXN7,0.7819253438113949,0.0,4.363457760314342
UCHL1,0.3280943025540275,0.11787819253438114,2.4577603143418467
UCHL3,0.37524557956778,0.13555992141453832,2.6090373280943027
UCHL5,0.5383104125736738,0.007858546168958742,2.9724950884086443
UCK1,0.5383104125736738,0.03929273084479371,3.011787819253438
UCKL1,0.5383104125736738,0.021611001964636542,3.104125736738703
UCN,0.47544204322200395,0.007858546168958742,2.8742632612966603
UCN3,0.36738703339882123,0.10609037328094302,2.520628683693517
UCP1,0.36345776031434185,0.07072691552062868,2.522593320235756
UCP2,0.4381139489194499,0.11198428290766209,2.9410609037328093
UCP3,0.4381139489194499,0.11198428290766209,2.9410609037328093
UFD1,0.47347740667976423,0.023575638506876228,2.9842829076620827
UFL1,0.41453831041257366,0.04518664047151277,2.650294695481336
UFM1,0.2868369351669941,0.18467583497053044,2.3064833005893908
UFSP2,0.3163064833005894,0.13359528487229863,2.387033398821218
UGCG,0.5363457760314342,0.03143418467583497,3.0098231827111985
UGDH,0.32612966601178783,0.12180746561886051,2.4518664047151275
UGGT1,0.449901768172888,0.011787819253438114,2.791748526522593
UGP2,0.47544204322200395,0.0,2.9332023575638506
UGT1A1,0.34970530451866405,0.09037328094302555,2.4695481335952847
UGT1A10,0.34970530451866405,0.09037328094302555,2.4695481335952847
UGT1A3,0.34970530451866405,0.09037328094302555,2.4695481335952847
UGT1A4,0.34970530451866405,0.09037328094302555,2.4695481335952847
UGT1A6,0.34970530451866405,0.09037328094302555,2.4695481335952847
UGT1A7,0.34970530451866405,0.09037328094302555,2.4695481335952847
UGT1A8,0.34970530451866405,0.09037328094302555,2.4695481335952847
UGT1A9,0.34970530451866405,0.09037328094302555,2.4695481335952847
UGT2A3,0.4106090373280943,0.04911591355599214,2.681728880157171
UGT2B11,0.412573673870334,0.04911591355599214,2.68762278978389
UGT2B15,0.4106090373280943,0.04911591355599214,2.681728880157171
UGT2B7,0.4106090373280943,0.04911591355599214,2.68565815324165
UGT8,0.3693516699410609,0.0550098231827112,2.5284872298624754
UHRF1,0.3850687622789784,0.0962671905697446,2.493123772102161
UHRF2,0.37328094302554027,0.17288801571709234,2.927308447937132
UIMC1,0.3025540275049116,0.10019646365422397,2.388998035363458
ULBP1,0.4027504911591356,0.0412573673870334,2.644400785854617
ULBP2,0.4027504911591356,0.0412573673870334,2.644400785854617
ULBP3,0.4027504911591356,0.0412573673870334,2.644400785854617
ULK1,0.4538310412573674,0.021611001964636542,2.724950884086444
ULK2,0.40078585461689586,0.0825147347740668,2.6090373280943027
ULK3,0.4165029469548134,0.06286836935166994,2.642436149312377
UMOD,0.46168958742632615,0.03536345776031434,2.7524557956777995
UMPS,0.6522593320235757,0.005893909626719057,3.5481335952848725
UNC119,0.4361493123772102,0.019646365422396856,2.799607072691552
UNC119B,0.4675834970530452,0.0137524557956778,2.781925343811395
UNC13A,0.4381139489194499,0.05108055009823183,2.6935166994106092
UNC13B,0.42829076620825146,0.13555992141453832,3.072691552062868
UNC13D,0.4950884086444008,0.0275049115913556,2.9017681728880156
UNC45A,0.444007858546169,0.04911591355599214,2.7367387033398822
UNC45B,0.4361493123772102,0.023575638506876228,2.760314341846758
UNC5A,0.3025540275049116,0.10019646365422397,2.388998035363458
UNC5B,0.3929273084479371,0.04911591355599214,2.5717092337917484
UNC5C,0.3693516699410609,0.06483300589390963,2.524557956777996
UNC93B1,0.5442043222003929,0.03339882121807466,3.2337917485265226
UNG,0.45579567779960706,0.015717092337917484,2.75049115913556
UNKL,0.46168958742632615,0.0412573673870334,2.7387033398821217
UPF1,0.44204322200392926,0.05304518664047151,2.6895874263261295
UPF2,0.3654223968565815,0.10609037328094302,2.5088408644400784
UPF3A,0.412573673870334,0.1100196463654224,2.732809430255403
UPF3B,0.18664047151277013,0.3850687622789784,1.9410609037328095
UPK1B,0.6444007858546169,0.005893909626719057,3.506876227897839
UPK2,0.3025540275049116,0.1905697445972495,2.3084479371316307
UPK3A,0.44597249508840864,0.03536345776031434,2.831041257367387
UPP1,0.5540275049115914,0.015717092337917484,3.3202357563850686
UPP2,0.44793713163064836,0.01768172888015717,2.776031434184676
UPRT,0.15520628683693516,0.4106090373280943,1.8644400785854618
UQCC1,0.5756385068762279,0.0137524557956778,3.3654223968565815
UQCC2,0.44793713163064836,0.05108055009823183,2.7721021611001966
UQCR10,0.46168958742632615,0.023575638506876228,2.8703339882121806
UQCR11,0.3575638506876228,0.11394891944990176,2.4223968565815324
UQCRB,0.7387033398821218,0.003929273084479371,3.8722986247544204
UQCRC1,0.11787819253438114,0.3005893909626719,1.882121807465619
UQCRC2,0.46168958742632615,0.03339882121807466,2.7583497053045187
UQCRFS1,0.4656188605108055,0.0412573673870334,2.8094302554027504
UQCRH,0.4518664047151277,0.0137524557956778,2.742632612966601
UQCRQ,0.2868369351669941,0.10216110019646366,2.361493123772102
URB1,0.32612966601178783,0.08447937131630648,2.4341846758349703
URB2,0.5442043222003929,0.007858546168958742,3.013752455795678
URI1,0.4656188605108055,0.0412573673870334,2.7721021611001966
UROD,0.4518664047151277,0.0137524557956778,2.75049115913556
UROS,0.40471512770137524,0.05893909626719057,2.5717092337917484
USE1,0.4400785854616896,0.05108055009823183,2.681728880157171
USF1,0.5383104125736738,0.005893909626719057,2.974459724950884
USF2,0.46954813359528486,0.03536345776031434,2.805500982318271
USH1C,0.38703339882121807,0.08644400785854617,2.581532416502947
USH1G,0.4911591355599214,0.025540275049115914,2.8762278978388998
USH2A,0.5461689587426326,0.009823182711198428,2.988212180746562
USO1,0.40471512770137524,0.05108055009823183,2.6915520628683693
USP1,0.4302554027504912,0.0275049115913556,2.6895874263261295
USP10,0.4400785854616896,0.07072691552062868,2.705304518664047
USP11,0.12770137524557956,0.5029469548133595,1.7485265225933202
USP14,0.518664047151277,0.047151277013752456,3.1866404715127703
USP16,0.3241650294695481,0.09037328094302555,2.418467583497053
USP17L1,0.275049115913556,0.25343811394891946,2.2337917485265226
USP17L2,0.275049115913556,0.25736738703339884,2.2298624754420433
USP17L5,0.31237721021611004,0.14538310412573674,2.4122287968441816
USP18,0.4656188605108055,0.03536345776031434,2.9410609037328093
USP19,0.11787819253438114,0.3045186640471513,1.8781925343811394
USP2,0.3025540275049116,0.1905697445972495,2.3084479371316307
USP21,0.5383104125736738,0.005893909626719057,2.974459724950884
USP22,0.3988212180746562,0.08644400785854617,2.612966601178782
USP25,0.3555992141453831,0.09430255402750491,2.5324165029469548
USP26,0.1944990176817289,0.3791748526522593,1.9469548133595285
USP28,0.29273084479371314,0.19646365422396855,2.2789783889980355
USP3,0.4086444007858546,0.06286836935166994,2.6463654223968565
USP30,0.45579567779960706,0.015717092337917484,2.75049115913556
USP33,0.40078585461689586,0.03732809430255403,2.6149312377210214
USP37,0.343811394891945,0.09037328094302555,2.461689587426326
USP39,0.4715127701375246,0.005893909626719057,2.9194499017681728
USP4,0.11787819253438114,0.3045186640471513,1.8781925343811394
USP44,0.449901768172888,0.019646365422396856,2.724950884086444
USP47,0.37721021611001965,0.09037328094302555,2.5540275049115913
USP48,0.4204322200392927,0.043222003929273084,2.6326129666011786
USP49,0.45972495088408644,0.03929273084479371,2.8742632612966603
USP5,0.5225933202357563,0.019646365422396856,3.182711198428291
USP6,0.3831041257367387,0.09430255402750491,2.56188605108055
USP7,0.4774066797642436,0.029469548133595286,2.8015717092337917
USP8,0.41453831041257366,0.06679764243614932,2.6601178781925343
USP9X,0.11984282907662082,0.5245579567779961,1.6738703339882122
UST,0.4066797642436149,0.03929273084479371,2.6522593320235757
UTF1,0.4106090373280943,0.060903732809430254,2.583497053045187
UTP11,0.45579567779960706,0.019646365422396856,2.7367387033398822
UTP14A,0.1925343811394892,0.3831041257367387,1.9449901768172888
UTP14C,0.3241650294695481,0.17092337917485265,2.392927308447937
UTP15,0.2632612966601179,0.11984282907662082,2.300589390962672
UTP18,0.46168958742632615,0.0137524557956778,2.8330058939096268
UTP20,0.4577603143418468,0.0137524557956778,2.7406679764243616
UTP23,0.7779960707269156,0.0019646365422396855,4.106090373280943
UTP25,0.5422396856581533,0.007858546168958742,2.9901768172888015
UTP3,0.4106090373280943,0.047151277013752456,2.6836935166994107
UTP4,0.4656188605108055,0.060903732809430254,2.760314341846758
UTP6,0.43222003929273084,0.021611001964636542,2.762278978388998
UTRN,0.41453831041257366,0.03929273084479371,2.6719056974459723
UVRAG,0.4223968565815324,0.12180746561886051,2.807465618860511
UXS1,0.47544204322200395,0.009823182711198428,2.8860510805500983
UXT,0.12966601178781925,0.5009823182711198,1.7524557956777995
VAC14,0.4656188605108055,0.05893909626719057,2.7681728880157173
VAMP1,0.5225933202357563,0.021611001964636542,3.1905697445972496
VAMP2,0.381139489194499,0.09430255402750491,2.555992141453831
VAMP3,0.4263261296660118,0.047151277013752456,2.675834970530452
VAMP4,0.5343811394891945,0.007858546168958742,2.950884086444008
VAMP5,0.4715127701375246,0.005893909626719057,2.9194499017681728
VAMP7,0.3045186640471513,0.3143418467583497,2.202755905511811
VAMP8,0.4715127701375246,0.005893909626719057,2.9194499017681728
VANGL1,0.343811394891945,0.10019646365422397,2.4459724950884087
VANGL2,0.5383104125736738,0.005893909626719057,2.980353634577603
VAPA,0.48526522593320237,0.047151277013752456,3.0235756385068764
VAPB,0.5402750491159135,0.023575638506876228,3.1257367387033397
VARS2,0.449901768172888,0.04911591355599214,2.7956777996070725
VASN,0.4675834970530452,0.03732809430255403,2.7578740157480315
VASP,0.4656188605108055,0.03732809430255403,2.705304518664047
VAT1,0.449901768172888,0.019646365422396856,2.787819253438114
VAV1,0.3889980353634578,0.08644400785854617,2.5166994106090375
VAV2,0.5343811394891945,0.03929273084479371,3.0
VAV3,0.3555992141453831,0.06483300589390963,2.504911591355599
VAX1,0.3988212180746562,0.05893909626719057,2.56188605108055
VBP1,0.21414538310412573,0.34970530451866405,2.005893909626719
VCAM1,0.3791748526522593,0.05304518664047151,2.56385068762279
VCAN,0.25736738703339884,0.1237721021611002,2.294695481335953
VCL,0.3968565815324165,0.0550098231827112,2.5776031434184676
VCP,0.42829076620825146,0.13359528487229863,3.019646365422397
VCPIP1,0.7072691552062869,0.003929273084479371,3.8113948919449903
VDAC1,0.2907662082514735,0.09823182711198428,2.37524557956778
VDAC2,0.40078585461689586,0.05108055009823183,2.5854616895874263
VDAC3,0.412573673870334,0.14538310412573674,2.807465618860511
VDR,0.45579567779960706,0.021611001964636542,2.74852652259332
VEGFB,0.48919449901768175,0.025540275049115914,2.980353634577603
VEGFC,0.32220039292730845,0.10805500982318271,2.400785854616896
VEGFD,0.12573673870333987,0.5009823182711198,1.7033398821218075
VENTX,0.4106090373280943,0.060903732809430254,2.583497053045187
VEZT,0.449901768172888,0.019646365422396856,2.7288801571709236
VGF,0.5206286836935167,0.019646365422396856,3.1414538310412574
VGLL1,0.20039292730844793,0.37721021611001965,1.9607072691552063
VGLL2,0.4263261296660118,0.03732809430255403,2.681728880157171
VGLL3,0.17485265225933203,0.2770137524557957,2.0550098231827114
VGLL4,0.15324165029469547,0.27111984282907664,1.968565815324165
VHL,0.15717092337917485,0.26522593320235754,1.9842829076620825
VHLL,0.5363457760314342,0.005893909626719057,2.9410609037328093
VIM,0.3614931237721022,0.10805500982318271,2.506876227897839
VIP,0.40471512770137524,0.03732809430255403,2.6522593320235757
VIPAS39,0.4931237721021611,0.03732809430255403,3.0392927308447937
VIPR1,0.12573673870333987,0.2868369351669941,1.9096267190569745
VIPR2,0.42829076620825146,0.10805500982318271,2.662082514734774
VIRMA,0.7328094302554028,0.003929273084479371,3.848722986247544
VKORC1,0.4715127701375246,0.0275049115913556,2.8035363457760316
VKORC1L1,0.5009823182711198,0.021611001964636542,2.954813359528487
VLDLR,0.36738703339882123,0.16895874263261296,2.7681728880157173
VMA21,0.21021611001964635,0.35952848722986247,1.9901768172888015
VMP1,0.4656188605108055,0.019646365422396856,2.834970530451866
VN1R1,0.4793713163064833,0.03732809430255403,2.7524557956777995
VNN2,0.43418467583497056,0.03536345776031434,2.7072691552062866
VPREB1,0.4656188605108055,0.021611001964636542,2.9292730844793713
VPS11,0.3025540275049116,0.1905697445972495,2.3084479371316307
VPS16,0.5324165029469549,0.04911591355599214,3.045186640471513
VPS18,0.39096267190569745,0.08055009823182711,2.587426326129666
VPS25,0.44793713163064836,0.019646365422396856,2.787819253438114
VPS26A,0.3929273084479371,0.04911591355599214,2.567779960707269
VPS26B,0.30648330058939094,0.18271119842829076,2.3222003929273085
VPS26C,0.32612966601178783,0.08644400785854617,2.4243614931237722
VPS28,0.7701375245579568,0.0019646365422396855,4.041257367387034
VPS29,0.4538310412573674,0.015717092337917484,2.74852652259332
VPS33A,0.46168958742632615,0.0137524557956778,2.764243614931238
VPS33B,0.444007858546169,0.04911591355599214,2.7367387033398822
VPS35,0.45972495088408644,0.07269155206286837,2.7858546168958744
VPS35L,0.46168958742632615,0.03339882121807466,2.762278978388998
VPS36,0.3300589390962672,0.17092337917485265,2.4027504911591357
VPS37A,0.28094302554027506,0.24361493123772102,2.2770137524557956
VPS37B,0.4636542239685658,0.0137524557956778,2.774066797642436
VPS37C,0.47347740667976423,0.029469548133595286,2.8664047151277012
VPS37D,0.4793713163064833,0.025540275049115914,2.925343811394892
VPS39,0.3988212180746562,0.0825147347740668,2.599214145383104
VPS41,0.5618860510805501,0.0137524557956778,3.2200392927308448
VPS4A,0.4656188605108055,0.060903732809430254,2.760314341846758
VPS4B,0.2318271119842829,0.23772102161100198,2.131630648330059
VPS51,0.5088408644400786,0.019646365422396856,3.019646365422397
VPS52,0.44793713163064836,0.05304518664047151,2.7701375245579567
VPS53,0.3850687622789784,0.0962671905697446,2.56188605108055
VPS72,0.5383104125736738,0.007858546168958742,2.9921414538310414
VRK1,0.4931237721021611,0.05108055009823183,3.0373280943025542
VRK3,0.4656188605108055,0.03143418467583497,2.7229862475442044
VSIG4,0.15520628683693516,0.41453831041257366,1.8526522593320236
VTA1,0.4165029469548134,0.03732809430255403,2.681728880157171
VTCN1,0.35363457760314343,0.09430255402750491,2.5422396856581533
VTI1A,0.3948919449901768,0.060903732809430254,2.5481335952848725
VTI1B,0.4911591355599214,0.03536345776031434,3.043222003929273
VTN,0.4381139489194499,0.019646365422396856,2.7976424361493124
VWA1,0.4361493123772102,0.043222003929273084,2.68565815324165
VWA8,0.2966601178781925,0.18664047151277013,2.3163064833005893
VWF,0.5245579567779961,0.021611001964636542,3.174852652259332
WAC,0.36738703339882123,0.09037328094302555,2.5304518664047153
WAPL,0.3791748526522593,0.06286836935166994,2.520628683693517
WARS2,0.35952848722986247,0.09430255402750491,2.552062868369352
WAS,0.12573673870333987,0.5049115913555993,1.7072691552062869
WASF1,0.41846758349705304,0.0412573673870334,2.654223968565815
WASF2,0.4223968565815324,0.0412573673870334,2.6365422396856584
WASF3,0.3025540275049116,0.15913555992141454,2.3516699410609037
WASHC1,0.37328094302554027,0.17485265225933203,2.7524557956777995
WASHC2A,0.3988212180746562,0.047151277013752456,2.6031434184675835
WASHC2C,0.412573673870334,0.047151277013752456,2.6149312377210214
WASHC3,0.4577603143418468,0.015717092337917484,2.744597249508841
WASHC4,0.45579567779960706,0.015717092337917484,2.7347740667976423
WASHC5,0.7819253438113949,0.003929273084479371,4.149312377210216
WASL,0.4361493123772102,0.07858546168958742,2.7465618860510808
WBP11,0.5088408644400786,0.029469548133595286,3.074656188605108
WBP4,0.29273084479371314,0.18664047151277013,2.3084479371316307
WDFY3,0.37524557956778,0.06483300589390963,2.550098231827112
WDHD1,0.48722986247544203,0.03732809430255403,3.0157170923379173
WDR1,0.3280943025540275,0.14341846758349705,2.4282907662082516
WDR11,0.4086444007858546,0.05893909626719057,2.5717092337917484
WDR12,0.4027504911591356,0.060903732809430254,2.6895874263261295
WDR19,0.32612966601178783,0.1237721021611002,2.449901768172888
WDR26,0.5442043222003929,0.007858546168958742,3.0
WDR3,0.3575638506876228,0.08644400785854617,2.555992141453831
WDR33,0.4518664047151277,0.011787819253438114,2.805500982318271
WDR35,0.4675834970530452,0.01768172888015717,2.8585461689587426
WDR4,0.30844793713163066,0.09823182711198428,2.381139489194499
WDR43,0.4774066797642436,0.005893909626719057,2.8781925343811396
WDR48,0.12966601178781925,0.2888015717092338,1.9115913555992141
WDR5,0.5363457760314342,0.0412573673870334,3.0
WDR62,0.4675834970530452,0.03732809430255403,2.774066797642436
WDR74,0.481335952848723,0.03143418467583497,2.882121807465619
WDR75,0.449901768172888,0.029469548133595286,2.8526522593320234
WDR77,0.3418467583497053,0.08055009823182711,2.461689587426326
WDR82,0.11787819253438114,0.30648330058939094,1.8762278978388998
WDR83,0.4302554027504912,0.04911591355599214,2.6483300589390963
WDR83OS,0.4302554027504912,0.04911591355599214,2.6483300589390963
WDTC1,0.4204322200392927,0.043222003929273084,2.630648330058939
WEE1,0.3791748526522593,0.09430255402750491,2.5402750491159134
WFIKKN2,0.46168958742632615,0.0137524557956778,2.821218074656189
WFS1,0.30648330058939094,0.15520628683693516,2.392927308447937
WHAMM,0.4361493123772102,0.0550098231827112,2.705304518664047
WHRN,0.5363457760314342,0.03143418467583497,3.0157170923379173
WIF1,0.48526522593320237,0.007858546168958742,3.076620825147348
WIPF1,0.47544204322200395,0.0137524557956778,3.031434184675835
WIPF2,0.44793713163064836,0.01768172888015717,2.8585461689587426
WIPF3,0.5677799607072691,0.01768172888015717,3.2416502946954813
WIPI1,0.48919449901768175,0.019646365422396856,2.8762278978388998
WIPI2,0.5756385068762279,0.009823182711198428,3.3104125736738705
WIZ,0.44204322200392926,0.04518664047151277,2.730844793713163
WLS,0.41846758349705304,0.03143418467583497,2.650294695481336
WNK1,0.5284872298624754,0.021611001964636542,3.31237721021611
WNK2,0.5206286836935167,0.03732809430255403,2.980353634577603
WNK3,0.13948919449901767,0.48526522593320237,1.776031434184676
WNK4,0.44793713163064836,0.019646365422396856,2.787819253438114
WNT1,0.444007858546169,0.023575638506876228,2.7145669291338583
WNT10B,0.44597249508840864,0.023575638506876228,2.724950884086444
WNT11,0.4204322200392927,0.1237721021611002,2.799607072691552
WNT16,0.444007858546169,0.07269155206286837,2.7799607072691552
WNT2,0.45972495088408644,0.060903732809430254,2.8231827111984282
WNT2B,0.3418467583497053,0.08644400785854617,2.4538310412573674
WNT3,0.4636542239685658,0.0137524557956778,2.8133595284872297
WNT3A,0.5442043222003929,0.007858546168958742,3.013752455795678
WNT4,0.4204322200392927,0.0412573673870334,2.6326129666011786
WNT5A,0.11787819253438114,0.3104125736738703,1.8722986247544204
WNT5B,0.5265225933202358,0.021611001964636542,3.2593320235756384
WNT6,0.33988212180746563,0.09037328094302555,2.4557956777996073
WNT7A,0.14734774066797643,0.2691552062868369,1.9764243614931238
WNT7B,0.449901768172888,0.03536345776031434,2.838899803536346
WRAP73,0.4302554027504912,0.04518664047151277,2.681728880157171
WRN,0.3182711198428291,0.21414538310412573,2.432220039292731
WRNIP1,0.43418467583497056,0.060903732809430254,2.732809430255403
WT1,0.4204322200392927,0.07858546168958742,2.6777996070726915
WTAP,0.4086444007858546,0.03929273084479371,2.6522593320235757
WTIP,0.4675834970530452,0.03339882121807466,2.742632612966601
WWC1,0.2966601178781925,0.10019646365422397,2.3791748526522594
WWOX,0.45579567779960706,0.07072691552062868,2.732809430255403
WWP1,0.7269155206286837,0.005893909626719057,3.831041257367387
WWP2,0.4656188605108055,0.05893909626719057,2.764243614931238
WWTR1,0.7445972495088409,0.003929273084479371,4.218074656188605
XAB2,0.3929273084479371,0.08447937131630648,2.524557956777996
XAF1,0.381139489194499,0.0962671905697446,2.5461689587426326
XBP1,0.45972495088408644,0.025540275049115914,2.880157170923379
XCL1,0.5343811394891945,0.009823182711198428,2.9469548133595285
XCL2,0.5324165029469549,0.009823182711198428,2.93909626719057
XDH,0.47347740667976423,0.007858546168958742,2.8742632612966603
XIAP,0.1925343811394892,0.3791748526522593,1.9666011787819253
XIRP1,0.13163064833005894,0.2868369351669941,1.9155206286836934
XK,0.12180746561886051,0.5206286836935167,1.6797642436149312
XPA,0.5265225933202358,0.03143418467583497,2.994106090373281
XPC,0.14734774066797643,0.2691552062868369,1.9862475442043221
XPO1,0.47544204322200395,0.0,2.9469548133595285
XPO4,0.28094302554027506,0.1787819253438114,2.2888015717092336
XPO5,0.4675834970530452,0.03929273084479371,2.8664047151277012
XPO6,0.4656188605108055,0.0275049115913556,2.8035363457760316
XPO7,0.28094302554027506,0.24361493123772102,2.2612966601178783
XPOT,0.48330058939096265,0.007858546168958742,3.0275049115913557
XPR1,0.5363457760314342,0.007858546168958742,2.9528487229862477
XRCC1,0.45972495088408644,0.03732809430255403,2.6954813359528487
XRCC2,0.41453831041257366,0.11198428290766209,2.638506876227898
XRCC3,0.48722986247544203,0.0550098231827112,2.9960707269155207
XRCC4,0.25736738703339884,0.1237721021611002,2.294695481335953
XRCC5,0.3418467583497053,0.09037328094302555,2.4577603143418467
XRCC6,0.449901768172888,0.025540275049115914,2.817288801571709
XRN1,0.7131630648330058,0.003929273084479371,3.943025540275049
XRN2,0.5304518664047151,0.03929273084479371,3.131630648330059
XYLT1,0.4656188605108055,0.03339882121807466,2.762278978388998
YAF2,0.4577603143418468,0.023575638506876228,2.7799607072691552
YAP1,0.37524557956778,0.16699410609037327,3.7858546168958744
YARS2,0.5068762278978389,0.021611001964636542,3.1218074656188604
YBX1,0.45972495088408644,0.015717092337917484,2.7838899803536346
YBX3,0.518664047151277,0.03339882121807466,3.143418467583497
YEATS2,0.7858546168958742,0.0,4.6227897838899805
YEATS4,0.4911591355599214,0.007858546168958742,3.420432220039293
YES1,0.5225933202357563,0.047151277013752456,3.2416502946954813
YIF1A,0.550098231827112,0.01768172888015717,3.1728880157170924
YIF1B,0.47347740667976423,0.03732809430255403,2.8035363457760316
YIPF1,0.4361493123772102,0.019646365422396856,2.7072691552062866
YIPF2,0.4263261296660118,0.0550098231827112,2.644400785854617
YIPF3,0.4656188605108055,0.03929273084479371,2.864440078585462
YIPF4,0.47544204322200395,0.007858546168958742,2.8762278978388998
YIPF5,0.29469548133595286,0.08840864440078586,2.3831041257367387
YIPF6,0.15324165029469547,0.412573673870334,1.856581532416503
YKT6,0.5520628683693517,0.01768172888015717,3.192534381139489
YLPM1,0.4950884086444008,0.03536345776031434,3.0471512770137523
YME1L1,0.3713163064833006,0.09233791748526522,2.5461689587426326
YOD1,0.5442043222003929,0.005893909626719057,2.9901768172888015
YPEL1,0.4715127701375246,0.021611001964636542,2.9626719056974458
YRDC,0.45579567779960706,0.019646365422396856,2.7367387033398822
YTHDC1,0.41453831041257366,0.04911591355599214,2.6954813359528487
YWHAB,0.5402750491159135,0.025540275049115914,3.1237721021611002
YWHAE,0.3889980353634578,0.09430255402750491,2.56188605108055
YWHAG,0.481335952848723,0.0275049115913556,2.9351669941060905
YWHAH,0.45579567779960706,0.023575638506876228,2.850687622789784
YWHAQ,0.4538310412573674,0.021611001964636542,2.8231827111984282
YWHAZ,0.75049115913556,0.0019646365422396855,4.005893909626719
YY1,0.4931237721021611,0.05697445972495088,3.00196463654224
YY1AP1,0.5363457760314342,0.005893909626719057,2.9410609037328093
YY2,0.12966601178781925,0.5009823182711198,1.7151277013752455
ZAP70,0.47347740667976423,0.007858546168958742,2.9901768172888015
ZBED1,0.34577603143418467,0.22986247544204322,2.538310412573674
ZBP1,0.5422396856581533,0.023575638506876228,3.1296660117878194
ZBTB14,0.518664047151277,0.03732809430255403,3.25147347740668
ZBTB16,0.29273084479371314,0.19646365422396855,2.2789783889980355
ZBTB17,0.41846758349705304,0.04911591355599214,2.630648330058939
ZBTB18,0.5540275049115914,0.007858546168958742,3.043222003929273
ZBTB22,0.44793713163064836,0.05304518664047151,2.7701375245579567
ZBTB32,0.4715127701375246,0.03536345776031434,2.821218074656189
ZBTB33,0.18664047151277013,0.381139489194499,1.9449901768172888
ZBTB38,0.7111984282907662,0.005893909626719057,3.925343811394892
ZBTB7B,0.5402750491159135,0.005893909626719057,2.9489194499017684
ZC3H15,0.44597249508840864,0.03536345776031434,2.8231827111984282
ZC3H18,0.4381139489194499,0.07269155206286837,2.7072691552062866
ZC3H3,0.7701375245579568,0.0019646365422396855,4.041257367387034
ZC3H8,0.47347740667976423,0.009823182711198428,2.880157170923379
ZC3HAV1,0.42829076620825146,0.10216110019646366,2.6895874263261295
ZCCHC7,0.39096267190569745,0.14931237721021612,2.7858546168958744
ZCCHC8,0.46168958742632615,0.0137524557956778,2.764243614931238
ZCRB1,0.4577603143418468,0.023575638506876228,2.7779960707269153
ZDHHC17,0.4400785854616896,0.0275049115913556,2.68762278978389
ZDHHC21,0.35952848722986247,0.17485265225933203,2.899803536345776
ZDHHC8,0.4774066797642436,0.025540275049115914,3.0353634577603144
ZDHHC9,0.1925343811394892,0.3831041257367387,1.9449901768172888
ZEB2,0.44597249508840864,0.01768172888015717,2.7524557956777995
ZER1,0.5422396856581533,0.03732809430255403,3.005893909626719
ZFAND2B,0.33988212180746563,0.09037328094302555,2.4557956777996073
ZFHX3,0.4636542239685658,0.060903732809430254,2.7583497053045187
ZFP1,0.4656188605108055,0.060903732809430254,2.7583497053045187
ZFP14,0.46954813359528486,0.03732809430255403,2.7799607072691552
ZFP2,0.3045186640471513,0.10019646365422397,2.392927308447937
ZFP28,0.48526522593320237,0.03339882121807466,2.7976424361493124
ZFP36,0.4675834970530452,0.03732809430255403,2.834970530451866
ZFP36L1,0.48919449901768175,0.03339882121807466,3.025540275049116
ZFP36L2,0.47544204322200395,0.007858546168958742,2.8840864440078584
ZFP37,0.5363457760314342,0.03143418467583497,3.0098231827111985
ZFP69B,0.45972495088408644,0.015717092337917484,2.781925343811395
ZFP90,0.4675834970530452,0.060903732809430254,2.760314341846758
ZFPM1,0.4381139489194499,0.07269155206286837,2.7072691552062866
ZFPM2,0.7583497053045186,0.0019646365422396855,4.013752455795678
ZFR,0.6090373280943026,0.003929273084479371,3.5422396856581533
ZFYVE16,0.25736738703339884,0.1237721021611002,2.286836935166994
ZFYVE26,0.48919449901768175,0.03536345776031434,3.0353634577603144
ZFYVE27,0.3831041257367387,0.068762278978389,2.5108055009823183
ZFYVE28,0.3143418467583497,0.14931237721021612,2.404715127701375
ZFYVE9,0.4361493123772102,0.021611001964636542,2.7111984282907664
ZG16,0.46954813359528486,0.029469548133595286,2.7976424361493124
ZGPAT,0.5402750491159135,0.021611001964636542,3.1100196463654224
ZHX1,0.7779960707269156,0.003929273084479371,4.1237721021611
ZIC3,0.2043222003929273,0.37524557956778,1.9607072691552063
ZIK1,0.4793713163064833,0.03732809430255403,2.7583497053045187
ZIM3,0.481335952848723,0.03339882121807466,2.762278978388998
ZKSCAN1,0.5284872298624754,0.0137524557956778,3.2023575638506876
ZKSCAN3,0.4400785854616896,0.05893909626719057,2.744597249508841
ZKSCAN4,0.4400785854616896,0.05893909626719057,2.744597249508841
ZKSCAN5,0.5324165029469549,0.0137524557956778,3.239685658153242
ZKSCAN7,0.12573673870333987,0.2907662082514735,1.9056974459724951
ZKSCAN8,0.44204322200392926,0.05893909626719057,2.7465618860510808
ZMAT2,0.2966601178781925,0.08644400785854617,2.387033398821218
ZMAT5,0.46168958742632615,0.023575638506876228,2.8703339882121806
ZMIZ1,0.40078585461689586,0.0550098231827112,2.5913555992141455
ZMIZ2,0.5520628683693517,0.01768172888015717,3.192534381139489
ZMPSTE24,0.45972495088408644,0.015717092337917484,2.781925343811395
ZMYM2,0.275049115913556,0.17092337917485265,2.2927308447937134
ZMYM3,0.16110019646365423,0.4086444007858546,1.8722986247544204
ZMYND11,0.3614931237721022,0.11787819253438114,2.4715127701375246
ZMYND8,0.5363457760314342,0.023575638506876228,3.104125736738703
ZNF10,0.4518664047151277,0.023575638506876228,2.719056974459725
ZNF100,0.4381139489194499,0.05304518664047151,2.6895874263261295
ZNF101,0.4400785854616896,0.05108055009823183,2.6895874263261295
ZNF112,0.4675834970530452,0.03732809430255403,2.7858546168958744
ZNF114,0.4636542239685658,0.03339882121807466,2.713163064833006
ZNF12,0.5756385068762279,0.009823182711198428,3.282907662082515
ZNF124,0.555992141453831,0.015717092337917484,3.0373280943025542
ZNF131,0.5972495088408645,0.003929273084479371,3.599214145383104
ZNF133,0.5304518664047151,0.0412573673870334,3.1218074656188604
ZNF135,0.4774066797642436,0.03732809430255403,2.760314341846758
ZNF136,0.4263261296660118,0.05304518664047151,2.644400785854617
ZNF138,0.49705304518664045,0.021611001964636542,2.9587426326129664
ZNF140,0.4518664047151277,0.023575638506876228,2.719056974459725
ZNF143,0.3791748526522593,0.09430255402750491,2.5402750491159134
ZNF155,0.4656188605108055,0.03732809430255403,2.732809430255403
ZNF157,0.12770137524557956,0.5029469548133595,1.7485265225933202
ZNF160,0.4656188605108055,0.03339882121807466,2.7288801571709236
ZNF169,0.5225933202357563,0.03732809430255403,2.982318271119843
ZNF17,0.4793713163064833,0.03732809430255403,2.75049115913556
ZNF174,0.4656188605108055,0.03732809430255403,2.7524557956777995
ZNF175,0.4656188605108055,0.03143418467583497,2.7229862475442044
ZNF18,0.3850687622789784,0.09233791748526522,2.5913555992141455
ZNF184,0.44793713163064836,0.05697445972495088,2.7583497053045187
ZNF185,0.21414538310412573,0.35363457760314343,2.0098231827111985
ZNF189,0.5304518664047151,0.03339882121807466,3.00196463654224
ZNF19,0.4675834970530452,0.05893909626719057,2.7701375245579567
ZNF195,0.3693516699410609,0.10609037328094302,2.518664047151277
ZNF2,0.4715127701375246,0.007858546168958742,2.9096267190569747
ZNF20,0.4263261296660118,0.05304518664047151,2.6483300589390963
ZNF200,0.4656188605108055,0.03732809430255403,2.7524557956777995
ZNF202,0.30648330058939094,0.1807465618860511,2.332023575638507
ZNF205,0.4656188605108055,0.03929273084479371,2.75049115913556
ZNF207,0.4361493123772102,0.021611001964636542,2.7681728880157173
ZNF208,0.4381139489194499,0.047151277013752456,2.6974459724950886
ZNF211,0.4793713163064833,0.03732809430255403,2.7583497053045187
ZNF212,0.4243614931237721,0.1100196463654224,2.6640471512770136
ZNF213,0.4656188605108055,0.03732809430255403,2.7524557956777995
ZNF214,0.37524557956778,0.0962671905697446,2.536345776031434
ZNF215,0.37524557956778,0.0962671905697446,2.536345776031434
ZNF217,0.5363457760314342,0.023575638506876228,3.119842829076621
ZNF219,0.4675834970530452,0.05108055009823183,2.988212180746562
ZNF221,0.4656188605108055,0.03732809430255403,2.732809430255403
ZNF223,0.4675834970530452,0.03732809430255403,2.7347740667976423
ZNF224,0.4675834970530452,0.03732809430255403,2.7347740667976423
ZNF225,0.4675834970530452,0.03732809430255403,2.7347740667976423
ZNF226,0.4675834970530452,0.03732809430255403,2.7347740667976423
ZNF227,0.4675834970530452,0.03732809430255403,2.7406679764243616
ZNF230,0.4675834970530452,0.03732809430255403,2.7347740667976423
ZNF234,0.4675834970530452,0.03732809430255403,2.7347740667976423
ZNF235,0.4675834970530452,0.03732809430255403,2.742632612966601
ZNF24,0.29469548133595286,0.18467583497053044,2.3516699410609037
ZNF25,0.40471512770137524,0.068762278978389,2.642436149312377
ZNF250,0.7701375245579568,0.0019646365422396855,4.037328094302554
ZNF253,0.4400785854616896,0.05108055009823183,2.6895874263261295
ZNF254,0.44793713163064836,0.043222003929273084,2.7269155206286837
ZNF256,0.48330058939096265,0.03536345776031434,2.7681728880157173
ZNF257,0.4381139489194499,0.047151277013752456,2.7033398821218073
ZNF26,0.4518664047151277,0.023575638506876228,2.719056974459725
ZNF263,0.4656188605108055,0.03732809430255403,2.7524557956777995
ZNF264,0.481335952848723,0.03536345776031434,2.7544204322200394
ZNF266,0.4243614931237721,0.06483300589390963,2.662082514734774
ZNF267,0.4675834970530452,0.0275049115913556,2.787819253438114
ZNF268,0.4518664047151277,0.023575638506876228,2.719056974459725
ZNF274,0.47544204322200395,0.03929273084479371,2.756385068762279
ZNF28,0.4656188605108055,0.03339882121807466,2.7288801571709236
ZNF280A,0.45972495088408644,0.021611001964636542,2.9096267190569747
ZNF280B,0.45972495088408644,0.021611001964636542,2.9096267190569747
ZNF282,0.4243614931237721,0.1100196463654224,2.6640471512770136
ZNF286A,0.3929273084479371,0.09037328094302555,2.6168958742632613
ZNF30,0.46954813359528486,0.03536345776031434,2.8015717092337917
ZNF300,0.3005893909626719,0.09233791748526522,2.388998035363458
ZNF302,0.46954813359528486,0.03536345776031434,2.781925343811395
ZNF304,0.4793713163064833,0.03732809430255403,2.75049115913556
ZNF311,0.44204322200392926,0.0550098231827112,2.7544204322200394
ZNF317,0.4204322200392927,0.06679764243614932,2.650294695481336
ZNF32,0.42829076620825146,0.043222003929273084,2.6777996070726915
ZNF320,0.4656188605108055,0.03339882121807466,2.7288801571709236
ZNF324,0.4774066797642436,0.03929273084479371,2.7583497053045187
ZNF324B,0.4774066797642436,0.03929273084479371,2.7583497053045187
ZNF326,0.39096267190569745,0.04518664047151277,2.595284872298625
ZNF331,0.46954813359528486,0.03143418467583497,2.7367387033398822
ZNF333,0.4381139489194499,0.04518664047151277,2.7072691552062866
ZNF334,0.5363457760314342,0.023575638506876228,3.1080550098231825
ZNF335,0.5363457760314342,0.023575638506876228,3.117878192534381
ZNF337,0.5324165029469549,0.03536345776031434,3.1277013752455796
ZNF33A,0.40471512770137524,0.068762278978389,2.630648330058939
ZNF33B,0.4361493123772102,0.043222003929273084,2.673870333988212
ZNF34,0.7721021611001965,0.0019646365422396855,4.041257367387034
ZNF343,0.5343811394891945,0.04911591355599214,3.049115913555992
ZNF350,0.4636542239685658,0.03339882121807466,2.7269155206286837
ZNF354A,0.3045186640471513,0.10019646365422397,2.392927308447937
ZNF354C,0.30648330058939094,0.10019646365422397,2.3968565815324165
ZNF362,0.44597249508840864,0.029469548133595286,2.7151277013752457
ZNF37A,0.4066797642436149,0.068762278978389,2.6365422396856584
ZNF382,0.46954813359528486,0.03929273084479371,2.8133595284872297
ZNF383,0.46954813359528486,0.03929273084479371,2.817288801571709
ZNF384,0.5225933202357563,0.021611001964636542,3.180746561886051
ZNF385A,0.4656188605108055,0.015717092337917484,2.75049115913556
ZNF394,0.5324165029469549,0.0137524557956778,3.239685658153242
ZNF396,0.29469548133595286,0.18467583497053044,2.361493123772102
ZNF398,0.4243614931237721,0.11198428290766209,2.662082514734774
ZNF41,0.12770137524557956,0.5029469548133595,1.7485265225933202
ZNF415,0.4656188605108055,0.03339882121807466,2.7288801571709236
ZNF416,0.4793713163064833,0.03732809430255403,2.7583497053045187
ZNF417,0.48330058939096265,0.03536345776031434,2.7681728880157173
ZNF419,0.4793713163064833,0.03732809430255403,2.75049115913556
ZNF420,0.46954813359528486,0.03929273084479371,2.821218074656189
ZNF423,0.45579567779960706,0.07072691552062868,2.760314341846758
ZNF426,0.4243614931237721,0.06483300589390963,2.654223968565815
ZNF430,0.4400785854616896,0.05108055009823183,2.68565815324165
ZNF431,0.4400785854616896,0.05108055009823183,2.68565815324165
ZNF432,0.4636542239685658,0.03339882121807466,2.7269155206286837
ZNF433,0.42829076620825146,0.05304518664047151,2.658153241650295
ZNF436,0.4204322200392927,0.04518664047151277,2.6227897838899805
ZNF439,0.4302554027504912,0.05304518664047151,2.6601178781925343
ZNF440,0.4302554027504912,0.05304518664047151,2.6601178781925343
ZNF441,0.4302554027504912,0.05304518664047151,2.6601178781925343
ZNF442,0.42829076620825146,0.05108055009823183,2.6483300589390963
ZNF443,0.4302554027504912,0.04911591355599214,2.6522593320235757
ZNF445,0.12573673870333987,0.2907662082514735,1.9056974459724951
ZNF446,0.4774066797642436,0.03929273084479371,2.7583497053045187
ZNF45,0.4656188605108055,0.03732809430255403,2.732809430255403
ZNF451,0.48526522593320237,0.03339882121807466,2.9351669941060905
ZNF454,0.3045186640471513,0.10019646365422397,2.392927308447937
ZNF460,0.4793713163064833,0.03732809430255403,2.75049115913556
ZNF461,0.46954813359528486,0.03929273084479371,2.8133595284872297
ZNF462,0.5402750491159135,0.029469548133595286,3.0589390962671907
ZNF467,0.4223968565815324,0.10805500982318271,2.662082514734774
ZNF468,0.4656188605108055,0.03339882121807466,2.7288801571709236
ZNF471,0.48526522593320237,0.03339882121807466,2.7976424361493124
ZNF473,0.4656188605108055,0.03143418467583497,2.7229862475442044
ZNF479,0.5677799607072691,0.007858546168958742,3.475442043222004
ZNF480,0.4636542239685658,0.03339882121807466,2.7269155206286837
ZNF483,0.5363457760314342,0.03143418467583497,3.0098231827111985
ZNF484,0.5206286836935167,0.03732809430255403,2.980353634577603
ZNF485,0.4302554027504912,0.043222003929273084,2.6797642436149314
ZNF490,0.4302554027504912,0.04911591355599214,2.6483300589390963
ZNF493,0.4400785854616896,0.05304518664047151,2.6836935166994107
ZNF496,0.555992141453831,0.015717092337917484,3.0333988212180745
ZNF500,0.4656188605108055,0.03732809430255403,2.756385068762279
ZNF510,0.5265225933202358,0.03143418467583497,2.99803536345776
ZNF514,0.4715127701375246,0.007858546168958742,2.9096267190569747
ZNF516,0.22396856581532418,0.2475442043222004,2.1159135559921416
ZNF517,0.7721021611001965,0.0019646365422396855,4.041257367387034
ZNF519,0.48526522593320237,0.03732809430255403,3.0471512770137523
ZNF521,0.3948919449901768,0.10216110019646366,2.7033398821218073
ZNF526,0.45972495088408644,0.03732809430255403,2.6954813359528487
ZNF529,0.46954813359528486,0.03929273084479371,2.791748526522593
ZNF544,0.47544204322200395,0.03929273084479371,2.756385068762279
ZNF547,0.4793713163064833,0.03732809430255403,2.75049115913556
ZNF549,0.4793713163064833,0.03732809430255403,2.7583497053045187
ZNF551,0.481335952848723,0.03536345776031434,2.762278978388998
ZNF552,0.481335952848723,0.03536345776031434,2.7662082514734774
ZNF554,0.3654223968565815,0.10805500982318271,2.444007858546169
ZNF555,0.3654223968565815,0.10805500982318271,2.444007858546169
ZNF556,0.3654223968565815,0.10805500982318271,2.444007858546169
ZNF557,0.38703339882121807,0.08644400785854617,2.5088408644400784
ZNF559,0.4223968565815324,0.06483300589390963,2.6404715127701377
ZNF561,0.4243614931237721,0.06483300589390963,2.644400785854617
ZNF562,0.4243614931237721,0.06483300589390963,2.644400785854617
ZNF564,0.42829076620825146,0.04911591355599214,2.6483300589390963
ZNF566,0.46954813359528486,0.03929273084479371,2.7779960707269153
ZNF567,0.46954813359528486,0.03929273084479371,2.8133595284872297
ZNF569,0.4675834970530452,0.03929273084479371,2.762278978388998
ZNF582,0.4793713163064833,0.03339882121807466,2.787819253438114
ZNF585A,0.46954813359528486,0.03929273084479371,2.821218074656189
ZNF585B,0.46954813359528486,0.03929273084479371,2.821218074656189
ZNF587,0.48330058939096265,0.03536345776031434,2.7681728880157173
ZNF589,0.11787819253438114,0.3005893909626719,1.882121807465619
ZNF592,0.43222003929273084,0.05697445972495088,2.6954813359528487
ZNF593,0.41846758349705304,0.043222003929273084,2.62671905697446
ZNF596,0.29273084479371314,0.23772102161100198,2.2770137524557956
ZNF597,0.4636542239685658,0.03929273084479371,2.7465618860510808
ZNF599,0.46954813359528486,0.03536345776031434,2.787819253438114
ZNF600,0.4656188605108055,0.03339882121807466,2.7288801571709236
ZNF605,0.4518664047151277,0.023575638506876228,2.719056974459725
ZNF606,0.4793713163064833,0.03732809430255403,2.760314341846758
ZNF607,0.4715127701375246,0.03929273084479371,2.821218074656189
ZNF611,0.4656188605108055,0.03339882121807466,2.7288801571709236
ZNF613,0.4636542239685658,0.03339882121807466,2.7269155206286837
ZNF614,0.4636542239685658,0.03339882121807466,2.7269155206286837
ZNF615,0.4636542239685658,0.03339882121807466,2.7269155206286837
ZNF616,0.4636542239685658,0.03339882121807466,2.732809430255403
ZNF620,0.13163064833005894,0.2868369351669941,1.9155206286836934
ZNF621,0.13163064833005894,0.2868369351669941,1.9155206286836934
ZNF622,0.6286836935166994,0.007858546168958742,3.587426326129666
ZNF624,0.3948919449901768,0.09037328094302555,2.62475442043222
ZNF625,0.4263261296660118,0.05304518664047151,2.644400785854617
ZNF626,0.4400785854616896,0.05108055009823183,2.68565815324165
ZNF627,0.4302554027504912,0.05304518664047151,2.654223968565815
ZNF638,0.47347740667976423,0.0019646365422396855,2.899803536345776
ZNF641,0.4518664047151277,0.021611001964636542,2.7367387033398822
ZNF649,0.4636542239685658,0.03339882121807466,2.7269155206286837
ZNF653,0.4302554027504912,0.05304518664047151,2.656188605108055
ZNF655,0.5324165029469549,0.0137524557956778,3.239685658153242
ZNF658,0.48919449901768175,0.07072691552062868,2.862475442043222
ZNF660,0.12573673870333987,0.2907662082514735,1.9056974459724951
ZNF662,0.1237721021611002,0.2888015717092338,1.9037328094302555
ZNF664,0.45972495088408644,0.019646365422396856,2.760314341846758
ZNF665,0.4656188605108055,0.03339882121807466,2.7288801571709236
ZNF668,0.4715127701375246,0.0275049115913556,2.8035363457760316
ZNF669,0.555992141453831,0.015717092337917484,3.0373280943025542
ZNF670,0.555992141453831,0.015717092337917484,3.0373280943025542
ZNF671,0.481335952848723,0.03536345776031434,2.762278978388998
ZNF675,0.44204322200392926,0.0412573673870334,2.717092337917485
ZNF676,0.44204322200392926,0.047151277013752456,2.705304518664047
ZNF678,0.5442043222003929,0.007858546168958742,3.017681728880157
ZNF679,0.49705304518664045,0.021611001964636542,2.954813359528487
ZNF684,0.45579567779960706,0.015717092337917484,2.762278978388998
ZNF687,0.5383104125736738,0.007858546168958742,2.9921414538310414
ZNF689,0.4675834970530452,0.0275049115913556,2.7956777996070725
ZNF69,0.42829076620825146,0.05304518664047151,2.658153241650295
ZNF691,0.45972495088408644,0.015717092337917484,2.774066797642436
ZNF692,0.5599214145383105,0.021611001964636542,3.029469548133595
ZNF696,0.7701375245579568,0.0019646365422396855,4.060903732809431
ZNF699,0.4223968565815324,0.06483300589390963,2.6463654223968565
ZNF7,0.7721021611001965,0.0019646365422396855,4.041257367387034
ZNF70,0.4656188605108055,0.023575638506876228,2.8899803536345776
ZNF701,0.4656188605108055,0.03339882121807466,2.7288801571709236
ZNF703,0.4086444007858546,0.15520628683693516,2.9410609037328093
ZNF705G,0.275049115913556,0.25343811394891946,2.2337917485265226
ZNF707,0.7701375245579568,0.0019646365422396855,4.037328094302554
ZNF708,0.44204322200392926,0.05108055009823183,2.6915520628683693
ZNF71,0.48526522593320237,0.03339882121807466,2.791748526522593
ZNF710,0.444007858546169,0.05108055009823183,2.7347740667976423
ZNF711,0.16699410609037327,0.3948919449901768,1.888015717092338
ZNF714,0.4400785854616896,0.05108055009823183,2.68565815324165
ZNF716,0.5658153241650294,0.007858546168958742,3.43811394891945
ZNF721,0.3104125736738703,0.14538310412573674,2.4027504911591357
ZNF724,0.4400785854616896,0.043222003929273084,2.6954813359528487
ZNF726,0.444007858546169,0.043222003929273084,2.7269155206286837
ZNF732,0.3104125736738703,0.14538310412573674,2.4027504911591357
ZNF738,0.44204322200392926,0.05108055009823183,2.6915520628683693
ZNF74,0.4793713163064833,0.023575638506876228,3.119842829076621
ZNF740,0.45972495088408644,0.019646365422396856,2.742632612966601
ZNF746,0.4243614931237721,0.1100196463654224,2.6640471512770136
ZNF747,0.4656188605108055,0.0275049115913556,2.791748526522593
ZNF75A,0.4656188605108055,0.03732809430255403,2.7524557956777995
ZNF76,0.4518664047151277,0.047151277013752456,2.776031434184676
ZNF764,0.4656188605108055,0.0275049115913556,2.793307086614173
ZNF77,0.3654223968565815,0.10805500982318271,2.444007858546169
ZNF770,0.3929273084479371,0.068762278978389,2.6090373280943027
ZNF771,0.4675834970530452,0.0275049115913556,2.7956777996070725
ZNF773,0.4793713163064833,0.03732809430255403,2.7583497053045187
ZNF774,0.444007858546169,0.04911591355599214,2.7367387033398822
ZNF775,0.41846758349705304,0.1100196463654224,2.654223968565815
ZNF785,0.4675834970530452,0.0275049115913556,2.7956777996070725
ZNF786,0.4243614931237721,0.11198428290766209,2.662082514734774
ZNF79,0.5402750491159135,0.03536345776031434,3.0039292730844793
ZNF790,0.46954813359528486,0.03929273084479371,2.821218074656189
ZNF791,0.4302554027504912,0.04911591355599214,2.6483300589390963
ZNF792,0.46954813359528486,0.03536345776031434,2.793713163064833
ZNF804B,0.5127701375245579,0.023575638506876228,3.137524557956778
ZNF830,0.4400785854616896,0.023575638506876228,2.817288801571709
ZNF860,0.12966601178781925,0.2868369351669941,1.917485265225933
ZNF875,0.4675834970530452,0.03929273084479371,2.7799607072691552
ZNF92,0.49705304518664045,0.021611001964636542,2.950884086444008
ZNF99,0.44204322200392926,0.043222003929273084,2.699410609037328
ZNHIT6,0.3988212180746562,0.03929273084479371,2.6090373280943027
ZNRF1,0.4656188605108055,0.060903732809430254,2.7583497053045187
ZNRF2,0.5677799607072691,0.01768172888015717,3.2416502946954813
ZNRF3,0.45972495088408644,0.025540275049115914,2.895874263261297
ZP2,0.4636542239685658,0.03339882121807466,2.762278978388998
ZP3,0.481335952848723,0.0275049115913556,2.9351669941060905
ZP4,0.5540275049115914,0.007858546168958742,3.068762278978389
ZPR1,0.2966601178781925,0.19646365422396855,2.2907662082514735
ZRANB1,0.4066797642436149,0.060903732809430254,2.5756385068762278
ZRANB2,0.4086444007858546,0.03339882121807466,2.6345776031434185
ZRSR2,0.12573673870333987,0.5029469548133595,1.7013752455795679
ZSCAN22,0.4774066797642436,0.03929273084479371,2.7524557956777995
ZSCAN25,0.5304518664047151,0.0137524557956778,3.2102161100196462
ZSWIM7,0.3948919449901768,0.09037328094302555,2.6365422396856584
ZW10,0.29273084479371314,0.19646365422396855,2.2789783889980355
ZWILCH,0.412573673870334,0.06286836935166994,2.650294695481336
ZWINT,0.40471512770137524,0.0412573673870334,2.62475442043222
ZYX,0.4263261296660118,0.1100196463654224,2.6640471512770136
