gene,amp_freq,del_freq,mean_cnv
A1BG,0.44532803180914515,0.09940357852882704,2.695825049701789
A1CF,0.4870775347912525,0.06560636182902585,2.8210735586481115
A2M,0.48906560636182905,0.09940357852882704,2.944333996023857
A4GALT,0.40755467196819084,0.12326043737574553,2.5805168986083498
A4GNT,0.5347912524850894,0.055666003976143144,2.99403578528827
AAAS,0.5566600397614314,0.041749502982107355,3.0596421471172963
AACS,0.5288270377733598,0.07554671968190854,2.9284294234592445
AADAT,0.4115308151093439,0.073558648111332,2.610337972166998
AAK1,0.5904572564612326,0.015904572564612324,3.165009940357853
AAMP,0.5685884691848907,0.019880715705765408,3.0457256461232602
AANAT,0.6540755467196819,0.009940357852882704,3.4612326043737576
AAR2,0.6043737574552683,0.027833001988071572,3.332007952286282
AARS2,0.5924453280318092,0.02982107355864811,3.3220675944333995
AARSD1,0.610337972166998,0.02186878727634195,3.2584493041749503
AASDHPPT,0.5407554671968191,0.05168986083499006,2.988071570576541
AASS,0.6381709741550696,0.039761431411530816,3.359840954274354
AATF,0.6202783300198808,0.015904572564612324,3.2823061630218686
ABAT,0.5864811133200796,0.039761431411530816,3.1530815109343937
ABCA1,0.3658051689860835,0.10536779324055666,2.4711729622266403
ABCA2,0.40556660039761433,0.09741550695825049,2.5785288270377733
ABCA7,0.3061630218687873,0.16699801192842942,2.320079522862823
ABCB1,0.6441351888667992,0.02982107355864811,3.3359840954274356
ABCB10,0.7415506958250497,0.0019880715705765406,3.9125248508946324
ABCB4,0.6441351888667992,0.02982107355864811,3.337972166998012
ABCB6,0.5685884691848907,0.019880715705765408,3.0457256461232602
ABCB7,0.27236580516898606,0.2922465208747515,2.2664015904572565
ABCC1,0.5864811133200796,0.039761431411530816,3.1411530815109345
ABCC11,0.536779324055666,0.06560636182902585,2.9900596421471173
ABCC3,0.6361829025844931,0.007952286282306162,3.415506958250497
ABCC8,0.49105367793240556,0.05765407554671968,2.8369781312127236
ABCC9,0.5288270377733598,0.0874751491053678,3.355864811133201
ABCD1,0.33399602385685884,0.21868787276341947,2.5049701789264414
ABCD2,0.5447316103379721,0.061630218687872766,3.10934393638171
ABCD3,0.4552683896620278,0.0874751491053678,2.7117296222664016
ABCD4,0.4870775347912525,0.07554671968190854,2.852882703777336
ABCE1,0.4393638170974155,0.05168986083499006,2.7057654075546718
ABCF1,0.6003976143141153,0.033797216699801194,3.320079522862823
ABCG1,0.4433399602385686,0.07554671968190854,2.7693836978131214
ABCG2,0.44532803180914515,0.04970178926441352,2.679920477137177
ABCG4,0.5347912524850894,0.05765407554671968,2.9741550695825048
ABCG8,0.5944333996023857,0.013916500994035786,3.2186878727634194
ABHD12,0.558648111332008,0.06560636182902585,3.1292246520874754
ABHD5,0.3379721669980119,0.1312127236580517,2.399602385685885
ABHD6,0.33399602385685884,0.1312127236580517,2.389662027833002
ABI1,0.5467196819085487,0.041749502982107355,3.0497017892644136
ABI2,0.5785288270377733,0.015904572564612324,3.1113320079522864
ABI3,0.6341948310139165,0.011928429423459244,3.3956262425447314
ABL1,0.39363817097415504,0.09741550695825049,2.5268389662027833
ABL2,0.7713717693836978,0.003976143141153081,4.035785288270378
ABLIM2,0.4850894632206759,0.06560636182902585,2.8389662027833
ABLIM3,0.4234592445328032,0.09343936381709742,2.73558648111332
ABR,0.28628230616302186,0.20278330019880716,2.2584493041749503
ABRA,0.705765407554672,0.015904572564612324,4.063618290258449
ABRAXAS1,0.44930417495029823,0.04771371769383698,2.6858846918489068
ABRAXAS2,0.48111332007952284,0.073558648111332,2.765407554671968
ABT1,0.5984095427435387,0.033797216699801194,3.2664015904572565
ABTB1,0.5268389662027833,0.05964214711729622,2.9284294234592445
ACAA1,0.3399602385685885,0.12922465208747516,2.4035785288270377
ACAA2,0.341948310139165,0.1988071570576541,2.411530815109344
ACACA,0.6182902584493042,0.017892644135188866,3.2922465208747513
ACACB,0.5208747514910537,0.073558648111332,2.8986083499005963
ACAD10,0.5208747514910537,0.073558648111332,2.904572564612326
ACAD8,0.5208747514910537,0.06560636182902585,2.944333996023857
ACAD9,0.5268389662027833,0.05765407554671968,2.9363817097415508
ACADL,0.5745526838966203,0.019880715705765408,3.0656063618290257
ACADM,0.4970178926441352,0.0636182902584493,2.84493041749503
ACADS,0.5228628230616302,0.07554671968190854,2.9105367793240555
ACADSB,0.47713717693836977,0.07554671968190854,2.7335984095427435
ACADVL,0.2962226640159046,0.20079522862823063,2.2664015904572565
ACAN,0.3976143141153082,0.11332007952286283,2.5566600397614314
ACAT1,0.5228628230616302,0.07157057654075547,2.9065606361829026
ACAT2,0.31809145129224653,0.1550695825049702,2.405566600397614
ACBD3,0.7495029821073559,0.0019880715705765406,3.9284294234592445
ACBD6,0.7673956262425448,0.003976143141153081,4.023856858846918
ACE,0.6441351888667992,0.007952286282306162,3.457256461232604
ACE2,0.2345924453280318,0.341948310139165,2.1013916500994037
ACER1,0.3081510934393638,0.16302186878727634,2.2882703777335984
ACER2,0.341948310139165,0.2047713717693837,2.3976143141153083
ACER3,0.6063618290258449,0.017892644135188866,3.2186878727634194
ACHE,0.6441351888667992,0.03180914512922465,3.4433399602385686
ACIN1,0.5546719681908548,0.06560636182902585,3.1153081510934393
ACKR1,0.7813121272365805,0.0019880715705765406,4.21868787276342
ACKR2,0.34592445328031807,0.12922465208747516,2.411530815109344
ACKR3,0.5666003976143141,0.027833001988071572,3.0079522862823063
ACLY,0.6083499005964215,0.02385685884691849,3.246520874751491
ACMSD,0.5805168986083499,0.007952286282306162,3.125248508946322
ACO1,0.3956262425447316,0.14512922465208747,2.622266401590457
ACO2,0.40556660039761433,0.12326043737574553,2.5805168986083498
ACOT1,0.4870775347912525,0.07157057654075547,2.8548707753479126
ACOT11,0.5188866799204771,0.04572564612326044,2.900596421471173
ACOT12,0.39363817097415504,0.11332007952286283,2.618290258449304
ACOT13,0.5984095427435387,0.03578528827037773,3.2485089463220675
ACOT2,0.4870775347912525,0.07157057654075547,2.8548707753479126
ACOT4,0.4870775347912525,0.07157057654075547,2.8548707753479126
ACOT7,0.510934393638171,0.0636182902584493,2.8886679920477136
ACOT8,0.5745526838966203,0.04771371769383698,3.2007952286282304
ACOX1,0.6540755467196819,0.007952286282306162,3.4612326043737576
ACOX2,0.33399602385685884,0.1312127236580517,2.389662027833002
ACOX3,0.4850894632206759,0.06560636182902585,2.8389662027833
ACP1,0.5705765407554672,0.017892644135188866,3.143141153081511
ACP2,0.532803180914513,0.041749502982107355,2.9502982107355864
ACP5,0.3101391650099404,0.1550695825049702,2.31610337972167
ACR,0.36779324055666,0.15308151093439365,2.4870775347912524
ACSBG1,0.3836978131212724,0.11332007952286283,2.5089463220675943
ACSF3,0.43538767395626243,0.11530815109343936,2.6719681908548707
ACSL1,0.40556660039761433,0.09741550695825049,2.5825049701789267
ACSL3,0.5685884691848907,0.02186878727634195,3.039761431411531
ACSL4,0.2962226640159046,0.27037773359840955,2.308151093439364
ACSL5,0.4711729622266402,0.07952286282306163,2.7693836978131214
ACSM1,0.5864811133200796,0.0437375745526839,3.1192842942345926
ACSM2B,0.5864811133200796,0.0437375745526839,3.1192842942345926
ACSM5,0.5864811133200796,0.04572564612326044,3.1172962226640157
ACSS1,0.5606361829025845,0.06759443339960239,3.125248508946322
ACSS2,0.610337972166998,0.02584493041749503,3.3180914512922466
ACSS3,0.5168986083499006,0.061630218687872766,2.9343936381709743
ACTA1,0.7395626242544732,0.0019880715705765406,3.908548707753479
ACTBL2,0.4433399602385686,0.09940357852882704,2.801192842942346
ACTC1,0.3320079522862823,0.1610337972166998,2.3459244532803183
ACTG1,0.6500994035785288,0.005964214711729622,3.457256461232604
ACTG2,0.588469184890656,0.019880715705765408,3.1530815109343937
ACTL6A,0.5387673956262425,0.05765407554671968,3.069582504970179
ACTL6B,0.6441351888667992,0.03180914512922465,3.4771371769383697
ACTL7A,0.3836978131212724,0.10536779324055666,2.5387673956262424
ACTN1,0.4831013916500994,0.06958250497017893,2.856858846918489
ACTN2,0.7395626242544732,0.0019880715705765406,3.9105367793240555
ACTN3,0.614314115308151,0.011928429423459244,3.2186878727634194
ACTN4,0.536779324055666,0.073558648111332,3.131212723658052
ACTR10,0.5268389662027833,0.0536779324055666,3.003976143141153
ACTR1A,0.46123260437375746,0.07554671968190854,2.713717693836978
ACTR1B,0.5964214711729622,0.005964214711729622,3.2485089463220675
ACTR2,0.5924453280318092,0.015904572564612324,3.172962226640159
ACTR3,0.588469184890656,0.007952286282306162,3.20675944333996
ACTR3B,0.6322067594433399,0.033797216699801194,3.3876739562624256
ACTR3C,0.6361829025844931,0.02982107355864811,3.389662027833002
ACTR5,0.5765407554671969,0.04771371769383698,3.1888667992047712
ACTR6,0.510934393638171,0.06560636182902585,2.892644135188867
ACTR8,0.3320079522862823,0.13320079522862824,2.3876739562624256
ACVR1,0.584493041749503,0.007952286282306162,3.172962226640159
ACVR1B,0.5487077534791253,0.04771371769383698,3.029821073558648
ACVR1C,0.584493041749503,0.007952286282306162,3.172962226640159
ACVR2A,0.5745526838966203,0.015904572564612324,3.0934393638170974
ACVR2B,0.3399602385685885,0.12922465208747516,2.4035785288270377
ACVRL1,0.5506958250497018,0.04970178926441352,3.0357852882703775
ACY1,0.32803180914512925,0.13717693836978131,2.381709741550696
ACYP2,0.5904572564612326,0.011928429423459244,3.2485089463220675
ADA,0.5725646123260437,0.04970178926441352,3.172962226640159
ADAM10,0.36182902584493043,0.1312127236580517,2.4353876739562623
ADAM11,0.614314115308151,0.017892644135188866,3.3001988071570576
ADAM12,0.47514910536779326,0.07952286282306163,2.7634194831013916
ADAM15,0.7952286282306164,0.0019880715705765406,4.387673956262425
ADAM17,0.5785288270377733,0.017892644135188866,3.15506958250497
ADAM19,0.43141153081510936,0.09343936381709742,2.743538767395626
ADAM2,0.4671968190854871,0.15308151093439365,3.1610337972167
ADAM21,0.48111332007952284,0.06958250497017893,2.8469184890656063
ADAM22,0.6461232604373758,0.02982107355864811,3.3339960238568587
ADAM28,0.3061630218687873,0.2624254473161034,2.2823061630218686
ADAM30,0.47713717693836977,0.07952286282306163,2.8210735586481115
ADAM8,0.4711729622266402,0.08151093439363817,2.7475149105367795
ADAM9,0.4671968190854871,0.15109343936381708,3.1172962226640157
ADAMTS1,0.44731610337972166,0.08548707753479125,2.8250497017892644
ADAMTS12,0.7395626242544732,0.011928429423459244,4.353876739562624
ADAMTS13,0.3976143141153082,0.09741550695825049,2.5467196819085487
ADAMTS18,0.46520874751491054,0.0874751491053678,2.78727634194831
ADAMTS2,0.4552683896620278,0.08349900596421471,2.8648111332007953
ADAMTS4,0.7852882703777336,0.0019880715705765406,4.246520874751491
ADAMTS5,0.44731610337972166,0.0874751491053678,2.8250497017892644
ADAMTS7,0.3836978131212724,0.1172962226640159,2.5049701789264414
ADAMTSL1,0.34592445328031807,0.21073558648111332,2.3976143141153083
ADAMTSL2,0.3976143141153082,0.09741550695825049,2.548707753479125
ADAMTSL3,0.3856858846918489,0.11332007952286283,2.524850894632207
ADAMTSL5,0.30417495029821073,0.16500994035785288,2.290258449304175
ADAP1,0.6858846918489065,0.02186878727634195,3.874751491053678
ADAP2,0.5924453280318092,0.03578528827037773,3.15506958250497
ADAR,0.7952286282306164,0.0019880715705765406,4.391650099403578
ADCY1,0.6858846918489065,0.02385685884691849,3.840954274353877
ADCY10,0.7753479125248509,0.005964214711729622,4.081510934393638
ADCY2,0.7554671968190855,0.009940357852882704,4.550695825049702
ADCY3,0.5944333996023857,0.013916500994035786,3.1709741550695827
ADCY5,0.5228628230616302,0.061630218687872766,2.9165009940357853
ADCY6,0.5487077534791253,0.05168986083499006,3.0377733598409544
ADCY7,0.5188866799204771,0.073558648111332,2.94831013916501
ADCY8,0.7176938369781312,0.017892644135188866,4.357852882703777
ADCY9,0.5725646123260437,0.039761431411530816,3.1232604373757455
ADCYAP1,0.4970178926441352,0.0874751491053678,2.94831013916501
ADD1,0.4870775347912525,0.06560636182902585,2.834990059642147
ADD2,0.5904572564612326,0.015904572564612324,3.168986083499006
ADD3,0.4711729622266402,0.08151093439363817,2.743538767395626
ADGRA2,0.44731610337972166,0.15904572564612326,3.0238568588469183
ADGRB1,0.7017892644135189,0.02186878727634195,4.049701789264414
ADGRE5,0.31411530815109345,0.15308151093439365,2.3280318091451293
ADGRF5,0.5964214711729622,0.03180914512922465,3.341948310139165
ADGRG3,0.4970178926441352,0.073558648111332,2.8827037773359843
ADGRL1,0.3121272365805169,0.1550695825049702,2.31610337972167
ADGRL2,0.49502982107355864,0.07157057654075547,2.805168986083499
ADGRL3,0.47912524850894633,0.04572564612326044,2.827037773359841
ADH1A,0.4234592445328032,0.05168986083499006,2.63220675944334
ADH1B,0.4234592445328032,0.05168986083499006,2.63220675944334
ADH1C,0.4234592445328032,0.05168986083499006,2.63220675944334
ADH4,0.4234592445328032,0.05168986083499006,2.63220675944334
ADH5,0.4234592445328032,0.05168986083499006,2.63220675944334
ADH7,0.4234592445328032,0.05168986083499006,2.63220675944334
ADHFE1,0.6600397614314115,0.02584493041749503,3.868787276341948
ADI1,0.5765407554671969,0.017892644135188866,3.1491053677932404
ADIPOQ,0.5228628230616302,0.07554671968190854,3.003976143141153
ADIPOR1,0.7693836978131213,0.0019880715705765406,4.0178926441351885
ADIPOR2,0.5009940357852882,0.0874751491053678,3.0497017892644136
ADK,0.47514910536779326,0.06759443339960239,2.7773359840954273
ADM,0.47514910536779326,0.0636182902584493,2.831013916500994
ADNP,0.5924453280318092,0.041749502982107355,3.337972166998012
ADO,0.4831013916500994,0.06560636182902585,2.809145129224652
ADORA1,0.7693836978131213,0.0019880715705765406,4.019880715705765
ADORA2A,0.43538767395626243,0.10337972166998012,2.6600397614314115
ADORA2B,0.32007952286282304,0.18886679920477137,2.3459244532803183
ADPGK,0.3836978131212724,0.11928429423459244,2.502982107355865
ADRA1A,0.31610337972166996,0.25646123260437376,2.3121272365805168
ADRA1B,0.44930417495029823,0.09145129224652088,2.801192842942346
ADRA1D,0.5149105367793241,0.09940357852882704,2.94831013916501
ADRA2A,0.4711729622266402,0.0775347912524851,2.7634194831013916
ADRA2B,0.5964214711729622,0.007952286282306162,3.2306163021868786
ADRA2C,0.4831013916500994,0.0636182902584493,2.8250497017892644
ADRB1,0.47713717693836977,0.07554671968190854,2.779324055666004
ADRB2,0.4234592445328032,0.09343936381709742,2.731610337972167
ADRB3,0.44930417495029823,0.1550695825049702,3.0258449304174952
ADRM1,0.6341948310139165,0.015904572564612324,3.6163021868787277
ADSL,0.4095427435387674,0.11928429423459244,2.600397614314115
AEBP2,0.49502982107355864,0.09741550695825049,3.172962226640159
AFAP1,0.4831013916500994,0.06560636182902585,2.8330019880715707
AFDN,0.3260437375745527,0.15109343936381708,2.4194831013916502
AFF1,0.45129224652087474,0.04970178926441352,2.691848906560636
AFF4,0.3836978131212724,0.11133200795228629,2.5685884691848906
AFG3L2,0.4691848906560636,0.08349900596421471,2.904572564612326
AFMID,0.658051689860835,0.007952286282306162,3.5009940357852884
AGA,0.40755467196819084,0.09343936381709742,2.5745526838966204
AGAP2,0.584493041749503,0.03578528827037773,3.572564612326044
AGER,0.6023856858846919,0.03180914512922465,3.2783300198807157
AGFG1,0.5666003976143141,0.02385685884691849,3.029821073558648
AGGF1,0.3956262425447316,0.11133200795228629,2.594433399602386
AGL,0.4552683896620278,0.09343936381709742,2.7236580516898607
AGMAT,0.5049701789264414,0.06759443339960239,2.892644135188867
AGMO,0.6898608349900597,0.02186878727634195,3.9244532803180916
AGO1,0.5268389662027833,0.03777335984095427,2.944333996023857
AGO2,0.705765407554672,0.017892644135188866,4.10337972166998
AGO3,0.5268389662027833,0.03777335984095427,2.944333996023857
AGO4,0.5268389662027833,0.03777335984095427,2.944333996023857
AGPAT1,0.6023856858846919,0.03180914512922465,3.272365805168986
AGPAT2,0.3996023856858847,0.09940357852882704,2.5626242544731612
AGPAT3,0.44532803180914515,0.07952286282306163,2.7673956262425445
AGPAT4,0.32007952286282304,0.15705765407554673,2.405566600397614
AGPAT5,0.3320079522862823,0.2544731610337972,2.381709741550696
AGPS,0.5944333996023857,0.009940357852882704,3.1968190854870775
AGR2,0.6958250497017893,0.02186878727634195,3.944333996023857
AGR3,0.6958250497017893,0.02186878727634195,3.9363817097415508
AGRN,0.5268389662027833,0.05168986083499006,2.94831013916501
AGRP,0.4831013916500994,0.07157057654075547,2.8508946322067596
AGT,0.7395626242544732,0.003976143141153081,3.9105367793240555
AGTR1,0.536779324055666,0.0536779324055666,3.0238568588469183
AGTR2,0.30019880715705766,0.2584493041749503,2.337972166998012
AGTRAP,0.5089463220675944,0.061630218687872766,2.89065606361829
AGXT,0.562624254473161,0.02982107355864811,3.0019880715705765
AGXT2,0.7395626242544732,0.011928429423459244,4.343936381709741
AHCTF1,0.7495029821073559,0.0019880715705765406,3.960238568588469
AHCY,0.6003976143141153,0.027833001988071572,3.2763419483101393
AHCYL1,0.43538767395626243,0.09145129224652088,2.6640159045725644
AHCYL2,0.6401590457256461,0.03180914512922465,3.3836978131212723
AHI1,0.34393638170974156,0.15308151093439365,2.4831013916500995
AHNAK,0.5705765407554672,0.02385685884691849,3.0318091451292246
AHR,0.6958250497017893,0.02186878727634195,3.956262425447316
AHRR,0.7673956262425448,0.009940357852882704,4.719681908548708
AHSA1,0.49105367793240556,0.07952286282306163,2.8548707753479126
AHSG,0.5248508946322068,0.073558648111332,3.0099403578528827
AHSP,0.6063618290258449,0.027833001988071572,3.21272365805169
AICDA,0.48906560636182905,0.09542743538767395,2.956262425447316
AIF1,0.5964214711729622,0.033797216699801194,3.262425447316103
AIFM1,0.3121272365805169,0.2524850894632207,2.353876739562624
AIFM2,0.48111332007952284,0.06560636182902585,2.7852882703777335
AIM2,0.7813121272365805,0.0019880715705765406,4.224652087475149
AIMP1,0.4294234592445328,0.05168986083499006,2.667992047713718
AIMP2,0.6858846918489065,0.02186878727634195,3.89065606361829
AIP,0.6202783300198808,0.013916500994035786,3.2485089463220675
AIPL1,0.28628230616302186,0.2047713717693837,2.246520874751491
AJAP1,0.5168986083499006,0.061630218687872766,2.9105367793240555
AJUBA,0.5546719681908548,0.06560636182902585,3.107355864811133
AK2,0.5149105367793241,0.04572564612326044,2.908548707753479
AK3,0.34393638170974156,0.21073558648111332,2.4473161033797215
AK4,0.5029821073558648,0.055666003976143144,2.84493041749503
AK5,0.49304174950298213,0.0636182902584493,2.852882703777336
AK8,0.39363817097415504,0.09940357852882704,2.532803180914513
AKAP1,0.6341948310139165,0.011928429423459244,3.3836978131212723
AKAP10,0.38767395626242546,0.1550695825049702,2.628230616302187
AKAP12,0.3240556660039761,0.1550695825049702,2.407554671968191
AKAP13,0.38767395626242546,0.11332007952286283,2.530815109343936
AKAP14,0.30019880715705766,0.2524850894632207,2.3359840954274356
AKAP3,0.49105367793240556,0.09741550695825049,2.988071570576541
AKAP4,0.24652087475149106,0.3081510934393638,2.176938369781312
AKAP5,0.5069582504970179,0.0636182902584493,2.900596421471173
AKAP7,0.3499005964214712,0.15705765407554673,2.4532803180914513
AKAP8,0.3320079522862823,0.14512922465208747,2.377733598409543
AKAP8L,0.33399602385685884,0.14314115308151093,2.381709741550696
AKAP9,0.6461232604373758,0.02584493041749503,3.4314115308151094
AKIRIN1,0.5506958250497018,0.033797216699801194,3.021868787276342
AKIRIN2,0.32007952286282304,0.15904572564612326,2.3737574552683895
AKR1A1,0.5427435387673957,0.03180914512922465,2.996023856858847
AKR1B1,0.6302186878727635,0.03180914512922465,3.359840954274354
AKR1C1,0.5188866799204771,0.061630218687872766,3.0099403578528827
AKR1C2,0.5208747514910537,0.05964214711729622,3.0417495029821073
AKR1C3,0.5228628230616302,0.05964214711729622,3.0497017892644136
AKR1C4,0.5248508946322068,0.055666003976143144,3.00596421471173
AKR1D1,0.6381709741550696,0.02982107355864811,3.393638170974155
AKR7A2,0.5009940357852882,0.06759443339960239,2.852882703777336
AKR7A3,0.5009940357852882,0.06759443339960239,2.852882703777336
AKT1,0.48906560636182905,0.09145129224652088,2.8489065606361827
AKT1S1,0.4254473161033797,0.10934393638170974,2.640159045725646
AKT2,0.5308151093439364,0.07157057654075547,3.0974155069582503
AKT3,0.7475149105367793,0.0019880715705765406,3.960238568588469
AKTIP,0.4970178926441352,0.07952286282306163,2.8946322067594434
ALAD,0.3817097415506958,0.09741550695825049,2.532803180914513
ALAS1,0.32803180914512925,0.13717693836978131,2.381709741550696
ALB,0.47514910536779326,0.0437375745526839,2.823061630218688
ALCAM,0.5129224652087475,0.05765407554671968,2.9065606361829026
ALDH18A1,0.46520874751491054,0.07952286282306163,2.7176938369781314
ALDH1A1,0.3379721669980119,0.1272365805168986,2.393638170974155
ALDH1A2,0.36182902584493043,0.13518886679920478,2.427435387673956
ALDH1A3,0.40755467196819084,0.10536779324055666,2.594433399602386
ALDH1B1,0.3817097415506958,0.14314115308151093,2.532803180914513
ALDH1L1,0.5288270377733598,0.05964214711729622,2.9463220675944335
ALDH1L2,0.5149105367793241,0.07554671968190854,2.8807157057654074
ALDH2,0.5208747514910537,0.073558648111332,2.904572564612326
ALDH3A1,0.3817097415506958,0.15308151093439365,2.6202783300198806
ALDH3A2,0.3817097415506958,0.15308151093439365,2.6202783300198806
ALDH3B1,0.6222664015904572,0.013916500994035786,3.246520874751491
ALDH4A1,0.5009940357852882,0.06759443339960239,2.852882703777336
ALDH5A1,0.5984095427435387,0.03578528827037773,3.246520874751491
ALDH6A1,0.4850894632206759,0.07554671968190854,2.8469184890656063
ALDH9A1,0.7793240556660039,0.005964214711729622,4.111332007952286
ALDOC,0.5984095427435387,0.02584493041749503,3.1749502982107356
ALG1,0.5765407554671969,0.039761431411530816,3.1232604373757455
ALG10,0.562624254473161,0.0536779324055666,3.286282306163022
ALG10B,0.5407554671968191,0.05765407554671968,3.085487077534791
ALG11,0.3379721669980119,0.14512922465208747,2.441351888667992
ALG12,0.36779324055666,0.14910536779324055,2.4731610337972167
ALG13,0.30019880715705766,0.268389662027833,2.3180914512922466
ALG14,0.4572564612326044,0.0874751491053678,2.7176938369781314
ALG2,0.3558648111332008,0.11928429423459244,2.4314115308151094
ALG3,0.5288270377733598,0.06759443339960239,3.0457256461232602
ALG5,0.30218687872763417,0.16302186878727634,2.3459244532803183
ALG8,0.6063618290258449,0.019880715705765408,3.3399602385685885
ALG9,0.5168986083499006,0.073558648111332,2.9165009940357853
ALK,0.588469184890656,0.013916500994035786,3.168986083499006
ALKBH1,0.49304174950298213,0.0775347912524851,2.8469184890656063
ALKBH2,0.5208747514910537,0.073558648111332,2.8986083499005963
ALKBH3,0.5248508946322068,0.04771371769383698,2.9343936381709743
ALKBH4,0.6381709741550696,0.03777335984095427,3.4433399602385686
ALKBH5,0.34592445328031807,0.17693836978131214,2.4214711729622267
ALKBH7,0.3081510934393638,0.16302186878727634,2.2882703777335984
ALKBH8,0.5288270377733598,0.0636182902584493,2.94831013916501
ALMS1,0.588469184890656,0.017892644135188866,3.1451292246520874
ALOX12,0.2962226640159046,0.20079522862823063,2.2664015904572565
ALOX15,0.294234592445328,0.20278330019880716,2.2703777335984094
ALOX15B,0.294234592445328,0.2047713717693837,2.2604373757455267
ALOX5,0.510934393638171,0.05765407554671968,2.8648111332007953
ALOX5AP,0.3121272365805169,0.1610337972166998,2.341948310139165
ALPG,0.5705765407554672,0.02385685884691849,3.0238568588469183
ALPI,0.5685884691848907,0.02584493041749503,3.017892644135189
ALPL,0.4970178926441352,0.06560636182902585,2.8588469184890655
ALPP,0.5705765407554672,0.02385685884691849,3.029821073558648
ALS2,0.5765407554671969,0.015904572564612324,3.095427435387674
ALS2CL,0.33399602385685884,0.13916500994035785,2.377733598409543
ALYREF,0.6520874751491054,0.005964214711729622,3.4612326043737576
AMACR,0.7395626242544732,0.011928429423459244,4.359840954274354
AMBN,0.46520874751491054,0.04970178926441352,2.805168986083499
AMBP,0.3856858846918489,0.09741550695825049,2.5447316103379722
AMBRA1,0.5347912524850894,0.04572564612326044,2.9463220675944335
AMD1,0.3121272365805169,0.15705765407554673,2.377733598409543
AMDHD1,0.5129224652087475,0.0636182902584493,2.9125248508946324
AMELX,0.23856858846918488,0.3399602385685885,2.095427435387674
AMFR,0.49304174950298213,0.0775347912524851,2.8508946322067596
AMH,0.30417495029821073,0.16699801192842942,2.2842942345924455
AMHR2,0.5546719681908548,0.041749502982107355,3.0656063618290257
AMN,0.49105367793240556,0.08946322067594434,2.8548707753479126
AMOT,0.2982107355864811,0.2664015904572565,2.320079522862823
AMOTL1,0.5685884691848907,0.041749502982107355,3.0755467196819084
AMPD1,0.43538767395626243,0.09343936381709742,2.68389662027833
AMPD3,0.47514910536779326,0.0636182902584493,2.831013916500994
AMPH,0.6898608349900597,0.02584493041749503,3.8131212723658052
AMT,0.3220675944333996,0.1411530815109344,2.36779324055666
AMTN,0.46520874751491054,0.04970178926441352,2.805168986083499
AMY1A,0.44532803180914515,0.09145129224652088,2.6819085487077534
AMY1B,0.44532803180914515,0.09145129224652088,2.6819085487077534
AMY1C,0.4433399602385686,0.09145129224652088,2.681274900398406
ANAPC1,0.5864811133200796,0.007952286282306162,3.168986083499006
ANAPC10,0.4393638170974155,0.05168986083499006,2.7057654075546718
ANAPC11,0.6520874751491054,0.005964214711729622,3.4612326043737576
ANAPC13,0.5288270377733598,0.05765407554671968,2.960238568588469
ANAPC15,0.6043737574552683,0.017892644135188866,3.172962226640159
ANAPC16,0.47912524850894633,0.06958250497017893,2.783300198807157
ANAPC2,0.40556660039761433,0.09741550695825049,2.5785288270377733
ANAPC4,0.4970178926441352,0.05168986083499006,2.9244532803180916
ANAPC5,0.5248508946322068,0.07554671968190854,2.918489065606362
ANAPC7,0.5188866799204771,0.073558648111332,2.89662027833002
ANG,0.5467196819085487,0.07157057654075547,3.085487077534791
ANGPT1,0.7077534791252486,0.015904572564612324,4.063618290258449
ANGPT2,0.3359840954274354,0.2544731610337972,2.3856858846918487
ANGPT4,0.5029821073558648,0.09542743538767395,2.9403578528827037
ANGPTL3,0.5049701789264414,0.05765407554671968,2.868787276341948
ANGPTL4,0.3081510934393638,0.1550695825049702,2.2962226640159047
ANK1,0.5129224652087475,0.10934393638170974,3.3220675944333995
ANK2,0.4254473161033797,0.0536779324055666,2.6520874751491053
ANK3,0.47912524850894633,0.06560636182902585,2.8588469184890655
ANKFY1,0.2922465208747515,0.20675944333996024,2.268389662027833
ANKLE2,0.5208747514910537,0.07554671968190854,2.914512922465209
ANKMY2,0.6958250497017893,0.02186878727634195,3.9343936381709743
ANKRA2,0.40159045725646125,0.10536779324055666,2.6262425447316105
ANKRD1,0.4671968190854871,0.07952286282306163,2.7236580516898607
ANKRD2,0.46322067594433397,0.0775347912524851,2.719681908548708
ANKRD27,0.5526838966202783,0.05765407554671968,3.2365805168986084
ANKRD28,0.3538767395626243,0.1272365805168986,2.4433399602385686
ANKRD49,0.5666003976143141,0.041749502982107355,3.069582504970179
ANKS4B,0.5864811133200796,0.04572564612326044,3.125248508946322
ANKS6,0.3538767395626243,0.12127236580516898,2.4194831013916502
ANLN,0.6918489065606361,0.02584493041749503,3.827037773359841
ANO1,0.6262425447316103,0.015904572564612324,3.286282306163022
ANO10,0.3379721669980119,0.1312127236580517,2.399602385685885
ANO6,0.5288270377733598,0.05765407554671968,2.9681908548707754
ANO8,0.34592445328031807,0.13916500994035785,2.4194831013916502
ANOS1,0.22664015904572565,0.3399602385685885,2.069582504970179
ANP32A,0.3817097415506958,0.12127236580516898,2.4831013916500995
ANP32B,0.3538767395626243,0.12127236580516898,2.429423459244533
ANP32E,0.7952286282306164,0.0019880715705765406,4.41351888667992
ANPEP,0.40556660039761433,0.10934393638170974,2.572564612326044
ANTXR1,0.588469184890656,0.015904572564612324,3.1491053677932404
ANTXR2,0.45129224652087474,0.05168986083499006,2.73558648111332
ANXA1,0.3399602385685885,0.12922465208747516,2.3976143141153083
ANXA11,0.4731610337972167,0.07157057654075547,2.7733598409542743
ANXA2,0.36779324055666,0.13717693836978131,2.4473161033797215
ANXA5,0.4254473161033797,0.055666003976143144,2.6640159045725644
ANXA6,0.4234592445328032,0.09741550695825049,2.7335984095427435
ANXA7,0.4731610337972167,0.06958250497017893,2.7733598409542743
AOC1,0.6401590457256461,0.03180914512922465,3.4015904572564613
AOC2,0.610337972166998,0.02186878727634195,3.262425447316103
AOC3,0.610337972166998,0.02186878727634195,3.262425447316103
AOPEP,0.3518886679920477,0.1172962226640159,2.4254473161033796
AOX1,0.5765407554671969,0.015904572564612324,3.113320079522863
AP1AR,0.42147117296222664,0.0536779324055666,2.6520874751491053
AP1B1,0.3996023856858847,0.12127236580516898,2.5506958250497016
AP1G1,0.4711729622266402,0.0775347912524851,2.8031809145129225
AP1G2,0.5546719681908548,0.06759443339960239,3.1749502982107356
AP1M1,0.341948310139165,0.14314115308151093,2.3976143141153083
AP1M2,0.3121272365805169,0.15308151093439365,2.324055666003976
AP1S1,0.6421471172962226,0.033797216699801194,3.429423459244533
AP1S2,0.23856858846918488,0.3379721669980119,2.1232604373757455
AP1S3,0.5646123260437376,0.02385685884691849,3.029821073558648
AP2A1,0.4254473161033797,0.11133200795228629,2.6381709741550696
AP2A2,0.4711729622266402,0.06560636182902585,2.79324055666004
AP2B1,0.614314115308151,0.02385685884691849,3.2186878727634194
AP2M1,0.5288270377733598,0.06560636182902585,3.043737574552684
AP2S1,0.43737574552683894,0.11530815109343936,2.6540755467196817
AP3B1,0.38767395626242546,0.11530815109343936,2.5805168986083498
AP3B2,0.3836978131212724,0.11332007952286283,2.5168986083499005
AP3M1,0.47514910536779326,0.06759443339960239,2.779324055666004
AP3M2,0.5228628230616302,0.10337972166998012,3.3518886679920477
AP3S1,0.38966202783300197,0.11332007952286283,2.5984095427435387
AP3S2,0.40556660039761433,0.1073558648111332,2.5745526838966204
AP4B1,0.4254473161033797,0.09542743538767395,2.6520874751491053
AP4E1,0.3658051689860835,0.13717693836978131,2.4174950298210733
AP4M1,0.6481113320079522,0.02982107355864811,3.4990059642147116
AP4S1,0.5924453280318092,0.04572564612326044,3.5864811133200796
AP5M1,0.5308151093439364,0.0536779324055666,3.0139165009940356
APAF1,0.5089463220675944,0.06759443339960239,2.892644135188867
APBA1,0.3260437375745527,0.12922465208747516,2.377733598409543
APBB1,0.4671968190854871,0.061630218687872766,2.765407554671968
APBB1IP,0.5467196819085487,0.041749502982107355,3.0497017892644136
APBB2,0.5089463220675944,0.04771371769383698,2.9502982107355864
APC,0.39165009940357853,0.11332007952286283,2.600397614314115
APC2,0.30417495029821073,0.16500994035785288,2.290258449304175
APCS,0.7813121272365805,0.0019880715705765406,4.252485089463221
APEH,0.3220675944333996,0.1411530815109344,2.36779324055666
APEX1,0.5447316103379721,0.06958250497017893,3.099403578528827
APEX2,0.25646123260437376,0.2982107355864811,2.1968190854870775
APH1A,0.7952286282306164,0.0019880715705765406,4.417495029821073
APH1B,0.3658051689860835,0.1272365805168986,2.489065606361829
API5,0.5188866799204771,0.05168986083499006,2.914512922465209
APIP,0.5129224652087475,0.05168986083499006,2.926441351888668
APLF,0.5864811133200796,0.015904572564612324,3.1510934393638173
APLNR,0.5705765407554672,0.027833001988071572,3.0139165009940356
APLP1,0.5566600397614314,0.055666003976143144,3.2524850894632205
APLP2,0.5248508946322068,0.06958250497017893,2.9502982107355864
APOA1,0.5248508946322068,0.0636182902584493,2.9363817097415508
APOA2,0.7852882703777336,0.0019880715705765406,4.230616302186879
APOA4,0.5248508946322068,0.0636182902584493,2.9363817097415508
APOA5,0.5248508946322068,0.06560636182902585,2.9343936381709743
APOB,0.584493041749503,0.015904572564612324,3.1709741550695827
APOBEC1,0.49304174950298213,0.09542743538767395,2.9900596421471173
APOBEC3A,0.415506958250497,0.12127236580516898,2.6123260437375744
APOBEC3F,0.415506958250497,0.12127236580516898,2.6123260437375744
APOBEC3G,0.415506958250497,0.12127236580516898,2.6123260437375744
APOC1,0.4970178926441352,0.0775347912524851,2.9204771371769382
APOC2,0.4970178926441352,0.07952286282306163,2.918489065606362
APOC3,0.5248508946322068,0.0636182902584493,2.9363817097415508
APOC4,0.4970178926441352,0.07952286282306163,2.918489065606362
APOE,0.4970178926441352,0.0775347912524851,2.9204771371769382
APOF,0.5606361829025845,0.03777335984095427,3.125248508946322
APOH,0.6481113320079522,0.007952286282306162,3.469184890656064
APOL1,0.39363817097415504,0.12922465208747516,2.592445328031809
APOM,0.5984095427435387,0.033797216699801194,3.2664015904572565
APOO,0.2286282306163022,0.341948310139165,2.1013916500994037
APOOL,0.2823061630218688,0.27634194831013914,2.2664015904572565
APP,0.44930417495029823,0.0874751491053678,2.8151093439363817
APPBP2,0.6421471172962226,0.009940357852882704,3.445328031809145
APPL1,0.33399602385685884,0.13320079522862824,2.3856858846918487
APRT,0.43339960238568587,0.11332007952286283,2.6640159045725644
APTX,0.3996023856858847,0.12524850894632206,2.600397614314115
AQP1,0.6958250497017893,0.02584493041749503,3.840954274353877
AQP10,0.7952286282306164,0.0019880715705765406,4.397614314115308
AQP11,0.610337972166998,0.015904572564612324,3.320079522862823
AQP2,0.5506958250497018,0.0536779324055666,3.055666003976143
AQP3,0.40159045725646125,0.12127236580516898,2.63220675944334
AQP4,0.43737574552683894,0.11928429423459244,2.840954274353877
AQP5,0.5506958250497018,0.0536779324055666,3.055666003976143
AQP8,0.5944333996023857,0.03777335984095427,3.1630218687872764
AQR,0.33001988071570576,0.16302186878727634,2.341948310139165
AR,0.27236580516898606,0.28429423459244535,2.2524850894632205
ARAP1,0.6023856858846919,0.017892644135188866,3.2007952286282304
ARAP2,0.5029821073558648,0.055666003976143144,2.8946322067594434
ARAP3,0.415506958250497,0.09741550695825049,2.673956262425447
ARCN1,0.532803180914513,0.05765407554671968,2.9721669980119283
AREL1,0.4870775347912525,0.0775347912524851,2.8608349900596424
ARF3,0.5526838966202783,0.04970178926441352,3.043737574552684
ARF4,0.33399602385685884,0.13320079522862824,2.3856858846918487
ARF5,0.6322067594433399,0.03777335984095427,3.324055666003976
ARF6,0.5467196819085487,0.04970178926441352,3.1351888667992047
ARFGAP1,0.6341948310139165,0.017892644135188866,3.6381709741550696
ARFGAP2,0.532803180914513,0.041749502982107355,2.9502982107355864
ARFGAP3,0.40755467196819084,0.12326043737574553,2.5785288270377733
ARFGEF1,0.658051689860835,0.02982107355864811,3.8846918489065607
ARFGEF2,0.5904572564612326,0.04572564612326044,3.302186878727634
ARFIP1,0.43538767395626243,0.055666003976143144,2.713717693836978
ARFIP2,0.4671968190854871,0.061630218687872766,2.765407554671968
ARFRP1,0.6441351888667992,0.015904572564612324,3.6719681908548707
ARG1,0.3499005964214712,0.1550695825049702,2.4552683896620278
ARG2,0.4870775347912525,0.06958250497017893,2.852882703777336
ARGLU1,0.3817097415506958,0.1073558648111332,2.6123260437375744
ARHGAP1,0.5347912524850894,0.04572564612326044,2.94831013916501
ARHGAP10,0.43737574552683894,0.0536779324055666,2.7057654075546718
ARHGAP11A,0.3320079522862823,0.16500994035785288,2.349900596421471
ARHGAP12,0.5566600397614314,0.03777335984095427,3.095427435387674
ARHGAP15,0.5705765407554672,0.011928429423459244,3.091451292246521
ARHGAP17,0.5944333996023857,0.03777335984095427,3.1610337972167
ARHGAP19,0.46520874751491054,0.0775347912524851,2.7216699801192843
ARHGAP21,0.5308151093439364,0.041749502982107355,3.0099403578528827
ARHGAP22,0.48906560636182905,0.06759443339960239,2.8389662027833
ARHGAP24,0.44930417495029823,0.04771371769383698,2.6779324055666005
ARHGAP25,0.588469184890656,0.015904572564612324,3.1530815109343937
ARHGAP28,0.4711729622266402,0.09343936381709742,2.89065606361829
ARHGAP29,0.4552683896620278,0.0874751491053678,2.709741550695825
ARHGAP30,0.7852882703777336,0.0019880715705765406,4.246520874751491
ARHGAP31,0.5168986083499006,0.06560636182902585,2.89065606361829
ARHGAP32,0.5168986083499006,0.07157057654075547,2.94831013916501
ARHGAP36,0.31411530815109345,0.2524850894632207,2.359840954274354
ARHGAP39,0.6918489065606361,0.02385685884691849,4.0178926441351885
ARHGAP4,0.33399602385685884,0.21868787276341947,2.5049701789264414
ARHGAP44,0.31411530815109345,0.20278330019880716,2.31610337972167
ARHGAP45,0.3061630218687873,0.16699801192842942,2.320079522862823
ARHGAP5,0.5964214711729622,0.0437375745526839,3.588469184890656
ARHGAP6,0.23856858846918488,0.3399602385685885,2.1113320079522864
ARHGAP8,0.39363817097415504,0.13916500994035785,2.5228628230616303
ARHGAP9,0.5725646123260437,0.039761431411530816,3.2942345924453282
ARHGDIA,0.6500994035785288,0.005964214711729622,3.459244532803181
ARHGDIB,0.47713717693836977,0.11133200795228629,2.94234592445328
ARHGDIG,0.5546719681908548,0.04771371769383698,3.1053677932405566
ARHGEF1,0.4990059642147117,0.073558648111332,2.900596421471173
ARHGEF10,0.3558648111332008,0.2345924453280318,2.4473161033797215
ARHGEF10L,0.5049701789264414,0.06958250497017893,2.8767395626242545
ARHGEF11,0.7852882703777336,0.0019880715705765406,4.244532803180914
ARHGEF12,0.5268389662027833,0.06759443339960239,2.94234592445328
ARHGEF15,0.294234592445328,0.20675944333996024,2.26441351888668
ARHGEF16,0.5168986083499006,0.05765407554671968,2.9224652087475147
ARHGEF17,0.6023856858846919,0.017892644135188866,3.224652087475149
ARHGEF18,0.3081510934393638,0.1610337972166998,2.2882703777335984
ARHGEF2,0.7932405566600398,0.0019880715705765406,4.326043737574553
ARHGEF25,0.5765407554671969,0.03777335984095427,3.4194831013916502
ARHGEF28,0.40159045725646125,0.1073558648111332,2.624254473161034
ARHGEF3,0.33399602385685884,0.13320079522862824,2.3856858846918487
ARHGEF4,0.5805168986083499,0.007952286282306162,3.099403578528827
ARHGEF40,0.5467196819085487,0.06560636182902585,3.0834990059642147
ARHGEF5,0.6401590457256461,0.027833001988071572,3.4015904572564613
ARHGEF6,0.3240556660039761,0.23658051689860835,2.393638170974155
ARHGEF7,0.37375745526838966,0.1172962226640159,2.5805168986083498
ARHGEF9,0.27236580516898606,0.28429423459244535,2.2326043737574555
ARID1A,0.4831013916500994,0.06759443339960239,2.805168986083499
ARID1B,0.31411530815109345,0.15705765407554673,2.381709741550696
ARID2,0.5268389662027833,0.061630218687872766,2.9542743538767398
ARID3A,0.3061630218687873,0.16699801192842942,2.320079522862823
ARID4A,0.5268389662027833,0.0536779324055666,3.0139165009940356
ARID5B,0.4850894632206759,0.06759443339960239,2.8131212723658052
ARIH1,0.38767395626242546,0.11928429423459244,2.510934393638171
ARIH2,0.3220675944333996,0.1411530815109344,2.3658051689860833
ARL1,0.5168986083499006,0.06560636182902585,2.89662027833002
ARL13B,0.5009940357852882,0.06958250497017893,2.8707753479125246
ARL2,0.5785288270377733,0.02186878727634195,3.0596421471172963
ARL2BP,0.49502982107355864,0.07554671968190854,2.8707753479125246
ARL3,0.46322067594433397,0.0775347912524851,2.7157057654075545
ARL4D,0.610337972166998,0.017892644135188866,3.2882703777335984
ARL6,0.5069582504970179,0.05964214711729622,2.886679920477137
ARL6IP5,0.37375745526838966,0.12524850894632206,2.5168986083499005
ARL8A,0.7673956262425448,0.003976143141153081,4.01192842942346
ARL8B,0.35984095427435386,0.12127236580516898,2.467196819085487
ARNT,0.7952286282306164,0.005964214711729622,4.455268389662028
ARNT2,0.3836978131212724,0.1172962226640159,2.510934393638171
ARPC1A,0.6441351888667992,0.03180914512922465,3.489065606361829
ARPC1B,0.6441351888667992,0.03180914512922465,3.489065606361829
ARPC2,0.5685884691848907,0.019880715705765408,3.0457256461232602
ARPC3,0.5188866799204771,0.073558648111332,2.89662027833002
ARPC4,0.3658051689860835,0.12326043737574553,2.4910536779324057
ARPC5,0.7673956262425448,0.005964214711729622,4.023856858846918
ARPC5L,0.3856858846918489,0.09940357852882704,2.524850894632207
ARPP19,0.35984095427435386,0.13518886679920478,2.4095427435387675
ARR3,0.27037773359840955,0.2882703777335984,2.238568588469185
ARRB1,0.5944333996023857,0.02186878727634195,3.1749502982107356
ARRB2,0.294234592445328,0.20278330019880716,2.2703777335984094
ARRDC3,0.3956262425447316,0.11133200795228629,2.6143141153081513
ARSA,0.36779324055666,0.15308151093439365,2.4870775347912524
ARSB,0.38966202783300197,0.1172962226640159,2.5864811133200796
ARSG,0.6560636182902585,0.005964214711729622,3.4950298210735586
ARSI,0.42147117296222664,0.09741550695825049,2.727634194831014
ARSK,0.3996023856858847,0.11332007952286283,2.6123260437375744
ART3,0.46520874751491054,0.04970178926441352,2.779324055666004
ASAH1,0.3220675944333996,0.26043737574552683,2.3359840954274356
ASAP1,0.7236580516898609,0.015904572564612324,4.359840954274354
ASAP2,0.5785288270377733,0.017892644135188866,3.159045725646123
ASAP3,0.48906560636182905,0.06958250497017893,2.840954274353877
ASB6,0.39363817097415504,0.09940357852882704,2.5228628230616303
ASB8,0.5487077534791253,0.0536779324055666,3.0318091451292246
ASCC1,0.47912524850894633,0.06958250497017893,2.783300198807157
ASCC3,0.3101391650099404,0.1610337972166998,2.349900596421471
ASCL1,0.5149105367793241,0.06759443339960239,2.89662027833002
ASCL2,0.4731610337972167,0.06759443339960239,2.783300198807157
ASCL3,0.4691848906560636,0.0636182902584493,2.7773359840954273
ASF1A,0.31610337972166996,0.1610337972166998,2.381709741550696
ASF1B,0.3101391650099404,0.1550695825049702,2.3141153081510932
ASGR1,0.2962226640159046,0.20079522862823063,2.2664015904572565
ASGR2,0.2962226640159046,0.20079522862823063,2.2664015904572565
ASH1L,0.7972166998011928,0.0019880715705765406,4.363817097415507
ASH2L,0.44930417495029823,0.1550695825049702,3.0278330019880717
ASIC1,0.5526838966202783,0.0536779324055666,3.05765407554672
ASIC2,0.6083499005964215,0.02385685884691849,3.2027833001988073
ASIC3,0.6401590457256461,0.03180914512922465,3.3956262425447314
ASL,0.6520874751491054,0.03180914512922465,3.4254473161033796
ASNS,0.6401590457256461,0.033797216699801194,3.4731610337972167
ASPA,0.28628230616302186,0.20675944333996024,2.2584493041749503
ASPH,0.658051689860835,0.02385685884691849,3.8707753479125246
ASPHD1,0.6083499005964215,0.03180914512922465,3.210735586481113
ASPM,0.7673956262425448,0.003976143141153081,4.019880715705765
ASRGL1,0.5705765407554672,0.02385685884691849,3.0258449304174952
ASS1,0.39363817097415504,0.09741550695825049,2.5268389662027833
ASXL1,0.6063618290258449,0.02584493041749503,3.3001988071570576
ASXL2,0.5944333996023857,0.013916500994035786,3.182902584493042
ASZ1,0.6401590457256461,0.039761431411530816,3.5745526838966204
ATAD2,0.7256461232604374,0.013916500994035786,4.246520874751491
ATAD3A,0.5268389662027833,0.0536779324055666,2.9463220675944335
ATAD5,0.5924453280318092,0.03578528827037773,3.182902584493042
ATF1,0.5506958250497018,0.0536779324055666,3.0139165009940356
ATF2,0.5944333996023857,0.009940357852882704,3.190854870775348
ATF3,0.7495029821073559,0.005964214711729622,3.9284294234592445
ATF4,0.4135188866799205,0.12127236580516898,2.610337972166998
ATF6,0.7833001988071571,0.0019880715705765406,4.198807157057654
ATF6B,0.6023856858846919,0.03180914512922465,3.272365805168986
ATF7,0.5526838966202783,0.041749502982107355,3.0675944333996026
ATF7IP,0.4691848906560636,0.11332007952286283,2.904572564612326
ATF7IP2,0.5924453280318092,0.033797216699801194,3.1709741550695827
ATG10,0.39363817097415504,0.10934393638170974,2.6341948310139167
ATG101,0.5487077534791253,0.04572564612326044,3.029821073558648
ATG12,0.38966202783300197,0.11332007952286283,2.594433399602386
ATG13,0.5347912524850894,0.04572564612326044,2.94831013916501
ATG14,0.5347912524850894,0.04970178926441352,3.0497017892644136
ATG16L1,0.5705765407554672,0.02584493041749503,3.021868787276342
ATG16L2,0.6023856858846919,0.017892644135188866,3.2007952286282304
ATG3,0.5208747514910537,0.061630218687872766,2.9065606361829026
ATG4A,0.29025844930417494,0.27435387673956263,2.2942345924453282
ATG4B,0.562624254473161,0.02982107355864811,3.0019880715705765
ATG4C,0.5029821073558648,0.05765407554671968,2.8588469184890655
ATG4D,0.3121272365805169,0.15308151093439365,2.324055666003976
ATG5,0.3081510934393638,0.15904572564612326,2.363817097415507
ATG7,0.35785288270377735,0.12524850894632206,2.4652087475149105
ATG9A,0.5685884691848907,0.019880715705765408,3.0457256461232602
ATIC,0.5685884691848907,0.019880715705765408,3.0457256461232602
ATL1,0.5487077534791253,0.05168986083499006,3.131212723658052
ATL3,0.5725646123260437,0.02385685884691849,3.047713717693837
ATM,0.5228628230616302,0.07157057654075547,2.9065606361829026
ATMIN,0.4532803180914513,0.10337972166998012,2.7335984095427435
ATN1,0.49304174950298213,0.09542743538767395,2.996023856858847
ATOH1,0.43538767395626243,0.05168986083499006,2.650099403578529
ATOH7,0.48111332007952284,0.0636182902584493,2.801192842942346
ATOX1,0.4234592445328032,0.09741550695825049,2.727634194831014
ATP11A,0.37375745526838966,0.12326043737574553,2.6083499005964215
ATP11B,0.5308151093439364,0.0636182902584493,3.0656063618290257
ATP12A,0.294234592445328,0.1709741550695825,2.2882703777335984
ATP13A2,0.5009940357852882,0.06759443339960239,2.8827037773359843
ATP1A1,0.4433399602385686,0.09145129224652088,2.691848906560636
ATP1A2,0.7813121272365805,0.0019880715705765406,4.260437375745527
ATP1A3,0.4990059642147117,0.073558648111332,2.886679920477137
ATP1A4,0.7813121272365805,0.0019880715705765406,4.260437375745527
ATP1B1,0.7793240556660039,0.005964214711729622,4.0894632206759445
ATP1B2,0.2962226640159046,0.20278330019880716,2.26441351888668
ATP1B3,0.5288270377733598,0.055666003976143144,3.003976143141153
ATP1B4,0.3081510934393638,0.2504970178926441,2.355864811133201
ATP23,0.588469184890656,0.03777335984095427,3.592445328031809
ATP2A1,0.6083499005964215,0.03180914512922465,3.2007952286282304
ATP2A2,0.5188866799204771,0.073558648111332,2.8946322067594434
ATP2A3,0.2922465208747515,0.20675944333996024,2.2664015904572565
ATP2B1,0.5069582504970179,0.06958250497017893,2.9105367793240555
ATP2B4,0.7713717693836978,0.0019880715705765406,4.043737574552684
ATP4A,0.5606361829025845,0.055666003976143144,3.290258449304175
ATP4B,0.36779324055666,0.12922465208747516,2.628230616302187
ATP5F1A,0.35984095427435386,0.18886679920477137,2.4990059642147116
ATP5F1B,0.5606361829025845,0.03777335984095427,3.1232604373757455
ATP5F1C,0.510934393638171,0.05964214711729622,2.9343936381709743
ATP5F1D,0.30417495029821073,0.16699801192842942,2.2962226640159047
ATP5F1E,0.6282306163021869,0.02385685884691849,3.6262425447316105
ATP5IF1,0.49304174950298213,0.0636182902584493,2.834990059642147
ATP5MC1,0.6322067594433399,0.011928429423459244,3.3797216699801194
ATP5MC2,0.5506958250497018,0.0437375745526839,3.0596421471172963
ATP5MC3,0.5944333996023857,0.009940357852882704,3.190854870775348
ATP5ME,0.4870775347912525,0.07157057654075547,2.8508946322067596
ATP5MF,0.6441351888667992,0.03180914512922465,3.489065606361829
ATP5MG,0.532803180914513,0.05765407554671968,2.970178926441352
ATP5PB,0.4294234592445328,0.09145129224652088,2.6520874751491053
ATP5PD,0.6540755467196819,0.009940357852882704,3.4771371769383697
ATP5PF,0.45129224652087474,0.0874751491053678,2.834990059642147
ATP5PO,0.4552683896620278,0.06560636182902585,2.7972166998011927
ATP6AP1,0.33399602385685884,0.21868787276341947,2.5129224652087476
ATP6AP2,0.24254473161033796,0.33001988071570576,2.1232604373757455
ATP6V0A1,0.6123260437375746,0.02186878727634195,3.2664015904572565
ATP6V0A2,0.5288270377733598,0.07554671968190854,2.9403578528827037
ATP6V0A4,0.6361829025844931,0.02982107355864811,3.4035785288270377
ATP6V0B,0.5506958250497018,0.027833001988071572,3.0139165009940356
ATP6V0C,0.5705765407554672,0.039761431411530816,3.1232604373757455
ATP6V0D1,0.4831013916500994,0.07157057654075547,2.8508946322067596
ATP6V0D2,0.6898608349900597,0.02385685884691849,4.0178926441351885
ATP6V0E1,0.46123260437375746,0.0874751491053678,2.8727634194831015
ATP6V0E2,0.6381709741550696,0.02982107355864811,3.399602385685885
ATP6V1A,0.5149105367793241,0.061630218687872766,2.900596421471173
ATP6V1B1,0.5904572564612326,0.015904572564612324,3.168986083499006
ATP6V1B2,0.31411530815109345,0.2664015904572565,2.31610337972167
ATP6V1C1,0.7077534791252486,0.013916500994035786,4.035785288270378
ATP6V1C2,0.5765407554671969,0.017892644135188866,3.143141153081511
ATP6V1D,0.4850894632206759,0.06759443339960239,2.8389662027833
ATP6V1E1,0.4234592445328032,0.10139165009940358,2.6262425447316105
ATP6V1E2,0.588469184890656,0.013916500994035786,3.228628230616302
ATP6V1F,0.6361829025844931,0.033797216699801194,3.3737574552683895
ATP6V1G1,0.3856858846918489,0.09542743538767395,2.540755467196819
ATP6V1G2,0.5964214711729622,0.033797216699801194,3.262425447316103
ATP6V1G3,0.7693836978131213,0.003976143141153081,4.00596421471173
ATP6V1H,0.6341948310139165,0.03777335984095427,3.6600397614314115
ATP7A,0.2664015904572565,0.29025844930417494,2.2226640159045727
ATP7B,0.341948310139165,0.14512922465208747,2.445328031809145
ATP8A1,0.5049701789264414,0.04771371769383698,2.94831013916501
ATP8B2,0.7952286282306164,0.0019880715705765406,4.397614314115308
ATP8B4,0.3658051689860835,0.13916500994035785,2.411530815109344
ATPAF1,0.5407554671968191,0.03777335984095427,2.9761431411530817
ATPAF2,0.34393638170974156,0.1749502982107356,2.4214711729622267
ATR,0.5248508946322068,0.055666003976143144,2.9980119284294235
ATRIP,0.3220675944333996,0.1411530815109344,2.36779324055666
ATRN,0.510934393638171,0.09741550695825049,2.9403578528827037
ATRX,0.2664015904572565,0.29025844930417494,2.220675944333996
ATXN1,0.5984095427435387,0.03777335984095427,3.2306163021868786
ATXN10,0.38767395626242546,0.14512922465208747,2.506958250497018
ATXN1L,0.4711729622266402,0.0775347912524851,2.809145129224652
ATXN2L,0.6083499005964215,0.03180914512922465,3.2007952286282304
ATXN3L,0.24055666003976142,0.3399602385685885,2.095427435387674
ATXN7L3,0.610337972166998,0.017892644135188866,3.2882703777335984
AUH,0.3558648111332008,0.12326043737574553,2.451292246520875
AUP1,0.588469184890656,0.019880715705765408,3.1570576540755466
AURKA,0.614314115308151,0.02385685884691849,3.445328031809145
AURKAIP1,0.5268389662027833,0.0536779324055666,2.9463220675944335
AURKB,0.294234592445328,0.2047713717693837,2.268389662027833
AURKC,0.44532803180914515,0.09741550695825049,2.6998011928429424
AVIL,0.588469184890656,0.03777335984095427,3.6381709741550696
AVP,0.510934393638171,0.09741550695825049,2.9363817097415508
AVPR1A,0.558648111332008,0.041749502982107355,3.234592445328032
AVPR1B,0.7634194831013916,0.005964214711729622,3.9980119284294235
AXIN1,0.5546719681908548,0.04771371769383698,3.1053677932405566
AXIN2,0.6481113320079522,0.005964214711729622,3.467196819085487
AXL,0.510934393638171,0.073558648111332,2.9165009940357853
AZGP1,0.6441351888667992,0.02982107355864811,3.4910536779324057
AZI2,0.34393638170974156,0.1272365805168986,2.415506958250497
AZIN1,0.7077534791252486,0.013916500994035786,4.035785288270378
AZIN2,0.5149105367793241,0.04572564612326044,2.908548707753479
AZU1,0.3061630218687873,0.16699801192842942,2.3141153081510932
B3GALNT1,0.5467196819085487,0.055666003976143144,3.0795228628230618
B3GALNT2,0.731610337972167,0.007952286282306162,3.89662027833002
B3GALT1,0.5924453280318092,0.013916500994035786,3.1928429423459246
B3GALT2,0.7733598409542743,0.0019880715705765406,4.025844930417495
B3GALT4,0.6043737574552683,0.03180914512922465,3.2524850894632205
B3GALT5,0.45129224652087474,0.06958250497017893,2.8429423459244534
B3GALT6,0.5268389662027833,0.05168986083499006,2.94831013916501
B3GAT1,0.5208747514910537,0.06560636182902585,2.944333996023857
B3GAT2,0.36381709741550694,0.1272365805168986,2.5168986083499005
B3GAT3,0.5685884691848907,0.02584493041749503,3.0278330019880717
B3GLCT,0.3121272365805169,0.16302186878727634,2.349900596421471
B3GNT2,0.5924453280318092,0.013916500994035786,3.1709741550695827
B3GNT3,0.3538767395626243,0.13717693836978131,2.4532803180914513
B3GNT4,0.5228628230616302,0.0775347912524851,2.9163346613545817
B3GNT5,0.5308151093439364,0.06560636182902585,3.0616302186878728
B3GNT7,0.5666003976143141,0.02186878727634195,3.0159045725646125
B3GNT8,0.5069582504970179,0.073558648111332,2.9105367793240555
B3GNT9,0.48111332007952284,0.07157057654075547,2.8489065606361827
B4GALNT1,0.5765407554671969,0.03777335984095427,3.4194831013916502
B4GALNT2,0.6341948310139165,0.011928429423459244,3.3956262425447314
B4GALT1,0.40159045725646125,0.12326043737574553,2.6043737574552686
B4GALT2,0.5506958250497018,0.027833001988071572,3.0139165009940356
B4GALT3,0.7852882703777336,0.0019880715705765406,4.246520874751491
B4GALT4,0.5188866799204771,0.0636182902584493,2.8946322067594434
B4GALT5,0.5924453280318092,0.041749502982107355,3.31610337972167
B4GALT6,0.4135188866799205,0.1411530815109344,2.749502982107356
B4GALT7,0.4572564612326044,0.08151093439363817,2.8508946322067596
B4GAT1,0.614314115308151,0.013916500994035786,3.194831013916501
B9D1,0.37773359840954274,0.15705765407554673,2.6163021868787277
B9D2,0.5089463220675944,0.073558648111332,2.9125248508946324
BAAT,0.35785288270377735,0.11133200795228629,2.457256461232604
BABAM1,0.34592445328031807,0.13916500994035785,2.415506958250497
BABAM2,0.5924453280318092,0.013916500994035786,3.1809145129224654
BACE1,0.5228628230616302,0.0636182902584493,2.9403578528827037
BACH1,0.44731610337972166,0.0874751491053678,2.7813121272365806
BACH2,0.3260437375745527,0.1550695825049702,2.3836978131212723
BAD,0.5765407554671969,0.02584493041749503,3.047713717693837
BAG3,0.4711729622266402,0.0775347912524851,2.7296222664015906
BAG4,0.4532803180914513,0.1550695825049702,3.0377733598409544
BAG5,0.4870775347912525,0.09145129224652088,2.8548707753479126
BAG6,0.5984095427435387,0.033797216699801194,3.2664015904572565
BAHD1,0.32803180914512925,0.16898608349900596,2.320079522862823
BAIAP2,0.6540755467196819,0.005964214711729622,3.4771371769383697
BAIAP2L1,0.6401590457256461,0.033797216699801194,3.489065606361829
BAK1,0.6043737574552683,0.03180914512922465,3.2405566600397613
BAMBI,0.5467196819085487,0.041749502982107355,3.0318091451292246
BANF1,0.6003976143141153,0.019880715705765408,3.147117296222664
BANF2,0.5387673956262425,0.09542743538767395,3.0159045725646125
BANP,0.43538767395626243,0.11332007952286283,2.6719681908548707
BAP1,0.32803180914512925,0.13717693836978131,2.3876739562624256
BARD1,0.5685884691848907,0.019880715705765408,3.043737574552684
BARX1,0.34791252485089463,0.12326043737574553,2.415506958250497
BATF,0.48906560636182905,0.07554671968190854,2.852882703777336
BATF2,0.5785288270377733,0.02186878727634195,3.0596421471172963
BATF3,0.7495029821073559,0.005964214711729622,3.9284294234592445
BAX,0.4254473161033797,0.11332007952286283,2.6421471172962225
BAZ1A,0.6202783300198808,0.04572564612326044,4.0
BAZ1B,0.6461232604373758,0.039761431411530816,3.341948310139165
BAZ2A,0.5606361829025845,0.03777335984095427,3.1232604373757455
BBC3,0.43339960238568587,0.1172962226640159,2.646123260437376
BBIP1,0.4711729622266402,0.0775347912524851,2.7634194831013916
BBOX1,0.5129224652087475,0.05168986083499006,2.9343936381709743
BBS1,0.6163021868787276,0.011928429423459244,3.2186878727634194
BBS12,0.4234592445328032,0.055666003976143144,2.658051689860835
BBS2,0.49502982107355864,0.07554671968190854,2.8508946322067596
BBS4,0.3836978131212724,0.11928429423459244,2.502982107355865
BBS5,0.5904572564612326,0.013916500994035786,3.1669980119284293
BBS7,0.4254473161033797,0.055666003976143144,2.6640159045725644
BBS9,0.6958250497017893,0.02584493041749503,3.834990059642147
BCAN,0.7892644135188867,0.0019880715705765406,4.284294234592445
BCAP31,0.33399602385685884,0.21868787276341947,2.4990059642147116
BCAR1,0.4691848906560636,0.07952286282306163,2.8389662027833
BCAS2,0.43538767395626243,0.09343936381709742,2.6858846918489068
BCAS3,0.6381709741550696,0.011928429423459244,3.4373757455268388
BCAS4,0.5924453280318092,0.039761431411530816,3.353876739562624
BCAT1,0.562624254473161,0.0636182902584493,3.6143141153081513
BCAT2,0.4234592445328032,0.11332007952286283,2.6381709741550696
BCCIP,0.47912524850894633,0.07554671968190854,2.753479125248509
BCHE,0.5606361829025845,0.04970178926441352,3.1272365805168985
BCKDHA,0.5069582504970179,0.073558648111332,2.9105367793240555
BCKDHB,0.3260437375745527,0.14512922465208747,2.377733598409543
BCKDK,0.6083499005964215,0.027833001988071572,3.250497017892644
BCL11A,0.5904572564612326,0.013916500994035786,3.1669980119284293
BCL11B,0.49105367793240556,0.08151093439363817,2.8330019880715707
BCL2,0.3538767395626243,0.2047713717693837,2.433399602385686
BCL2A1,0.3856858846918489,0.1172962226640159,2.5129224652087476
BCL2L1,0.6282306163021869,0.019880715705765408,3.4015904572564613
BCL2L10,0.3658051689860835,0.13717693836978131,2.4174950298210733
BCL2L11,0.584493041749503,0.007952286282306162,3.1570576540755466
BCL2L13,0.42147117296222664,0.10139165009940358,2.622266401590457
BCL2L14,0.4691848906560636,0.11133200795228629,2.9025844930417497
BCL3,0.4970178926441352,0.07554671968190854,2.9284294234592445
BCL6,0.5288270377733598,0.0775347912524851,3.0099403578528827
BCL9,0.7833001988071571,0.0019880715705765406,4.306163021868787
BCL9L,0.5347912524850894,0.05765407554671968,2.9741550695825048
BCLAF1,0.34592445328031807,0.15308151093439365,2.4831013916500995
BCO1,0.4532803180914513,0.10337972166998012,2.73558648111332
BCOR,0.24055666003976142,0.32803180914512925,2.1172962226640157
BCORL1,0.31411530815109345,0.2504970178926441,2.359840954274354
BCR,0.43339960238568587,0.10337972166998012,2.675944333996024
BCS1L,0.5685884691848907,0.019880715705765408,3.0457256461232602
BDH1,0.5168986083499006,0.08548707753479125,2.996023856858847
BDH2,0.43538767395626243,0.04970178926441352,2.662027833001988
BDKRB1,0.49105367793240556,0.08349900596421471,2.823061630218688
BDKRB2,0.49105367793240556,0.08349900596421471,2.823061630218688
BDNF,0.5129224652087475,0.05168986083499006,2.9244532803180916
BDP1,0.40159045725646125,0.10536779324055666,2.6262425447316105
BECN1,0.6123260437375746,0.02186878727634195,3.26441351888668
BEST2,0.30417495029821073,0.1550695825049702,2.304174950298211
BET1,0.6441351888667992,0.02982107355864811,3.415506958250497
BET1L,0.4671968190854871,0.06958250497017893,2.783300198807157
BEX1,0.29025844930417494,0.28429423459244535,2.2882703777335984
BEX2,0.29025844930417494,0.2823061630218688,2.286282306163022
BEX3,0.29025844930417494,0.2823061630218688,2.286282306163022
BFSP1,0.5347912524850894,0.10337972166998012,3.003976143141153
BFSP2,0.532803180914513,0.05765407554671968,2.966202783300199
BGLAP,0.7952286282306164,0.0019880715705765406,4.3041749502982105
BGN,0.33399602385685884,0.21868787276341947,2.5009940357852884
BHLHE40,0.35984095427435386,0.12127236580516898,2.467196819085487
BHLHE41,0.558648111332008,0.06759443339960239,3.5864811133200796
BHMT,0.38767395626242546,0.1172962226640159,2.5825049701789267
BHMT2,0.38767395626242546,0.1172962226640159,2.5825049701789267
BICD2,0.3499005964214712,0.12524850894632206,2.427435387673956
BID,0.42147117296222664,0.09940357852882704,2.622266401590457
BIK,0.40357852882703776,0.1272365805168986,2.566600397614314
BIN1,0.5805168986083499,0.007952286282306162,3.10934393638171
BIN3,0.30417495029821073,0.2624254473161034,2.280318091451292
BIRC2,0.5606361829025845,0.041749502982107355,3.0775347912524853
BIRC3,0.5606361829025845,0.041749502982107355,3.0775347912524853
BIRC5,0.658051689860835,0.007952286282306162,3.5009940357852884
BIRC7,0.6322067594433399,0.017892644135188866,3.6341948310139167
BLK,0.32803180914512925,0.2624254473161034,2.3578528827037775
BLM,0.40357852882703776,0.10337972166998012,2.5785288270377733
BLMH,0.5964214711729622,0.02982107355864811,3.176938369781312
BLNK,0.46520874751491054,0.07952286282306163,2.7157057654075545
BLOC1S1,0.5526838966202783,0.041749502982107355,3.1053677932405566
BLOC1S2,0.46322067594433397,0.07554671968190854,2.725646123260437
BLOC1S3,0.4850894632206759,0.08349900596421471,2.862823061630219
BLOC1S4,0.4850894632206759,0.06560636182902585,2.8469184890656063
BLOC1S5,0.610337972166998,0.03180914512922465,3.3101391650099403
BLOC1S6,0.34592445328031807,0.16500994035785288,2.3479125248508947
BLVRA,0.68389662027833,0.02385685884691849,3.7952286282306162
BLVRB,0.5228628230616302,0.07554671968190854,3.0755467196819084
BLZF1,0.7793240556660039,0.005964214711729622,4.0894632206759445
BMF,0.32803180914512925,0.1709741550695825,2.3180914512922466
BMI1,0.5308151093439364,0.04572564612326044,2.99403578528827
BMP1,0.3081510934393638,0.26043737574552683,2.2922465208747513
BMP10,0.588469184890656,0.015904572564612324,3.1530815109343937
BMP15,0.24652087475149106,0.30218687872763417,2.172962226640159
BMP2,0.5089463220675944,0.09940357852882704,2.9582504970178927
BMP4,0.5447316103379721,0.04970178926441352,3.073558648111332
BMP6,0.610337972166998,0.03180914512922465,3.3141153081510932
BMP7,0.6182902584493042,0.02385685884691849,3.5009940357852884
BMPER,0.6958250497017893,0.02584493041749503,3.8250497017892644
BMPR1A,0.46322067594433397,0.07952286282306163,2.719681908548708
BMPR1B,0.43737574552683894,0.0536779324055666,2.6520874751491053
BMPR2,0.5765407554671969,0.015904572564612324,3.099403578528827
BMS1,0.536779324055666,0.05168986083499006,2.952286282306163
BMX,0.2345924453280318,0.341948310139165,2.1013916500994037
BNIP1,0.46123260437375746,0.0874751491053678,2.8727634194831015
BNIP3,0.4671968190854871,0.08151093439363817,2.7335984095427435
BNIP3L,0.31411530815109345,0.25646123260437376,2.3101391650099403
BOC,0.5168986083499006,0.061630218687872766,2.9025844930417497
BOD1,0.46322067594433397,0.0874751491053678,2.8508946322067596
BOK,0.562624254473161,0.02982107355864811,3.0019880715705765
BOLA1,0.7912524850894632,0.0019880715705765406,4.363817097415507
BOLL,0.5765407554671969,0.013916500994035786,3.0934393638170974
BOP1,0.6938369781312127,0.02385685884691849,4.027833001988071
BPI,0.5825049701789264,0.039761431411530816,3.2306163021868786
BPIFA1,0.6043737574552683,0.027833001988071572,3.2842942345924455
BPIFB3,0.6023856858846919,0.027833001988071572,3.280318091451292
BPNT1,0.7475149105367793,0.0019880715705765406,3.918489065606362
BPTF,0.6520874751491054,0.005964214711729622,3.489065606361829
BRAF,0.6322067594433399,0.027833001988071572,3.393638170974155
BRAP,0.5208747514910537,0.073558648111332,2.904572564612326
BRAT1,0.68389662027833,0.02186878727634195,3.874751491053678
BRCA1,0.6083499005964215,0.019880715705765408,3.2584493041749503
BRCA2,0.3101391650099404,0.1610337972166998,2.359840954274354
BRCC3,0.3359840954274354,0.21868787276341947,2.524850894632207
BRD1,0.3697813121272366,0.147117296222664,2.479125248508946
BRD3,0.3996023856858847,0.09741550695825049,2.548707753479125
BRD4,0.32803180914512925,0.14314115308151093,2.371769383697813
BRD7,0.5188866799204771,0.073558648111332,2.9542743538767398
BRD8,0.4135188866799205,0.09940357852882704,2.6560636182902586
BRF2,0.44731610337972166,0.15705765407554673,3.0079522862823063
BRI3,0.6401590457256461,0.033797216699801194,3.489065606361829
BRINP1,0.38767395626242546,0.09940357852882704,2.5685884691848906
BRIP1,0.6381709741550696,0.007952286282306162,3.4393638170974157
BRIX1,0.7375745526838966,0.011928429423459244,4.3399602385685885
BRK1,0.36381709741550694,0.12524850894632206,2.4870775347912524
BRMS1,0.614314115308151,0.013916500994035786,3.194831013916501
BRMS1L,0.6361829025844931,0.041749502982107355,4.437375745526839
BROX,0.7514910536779325,0.003976143141153081,3.9224652087475147
BRPF1,0.3658051689860835,0.12326043737574553,2.4910536779324057
BRPF3,0.5964214711729622,0.02982107355864811,3.256461232604374
BRSK1,0.4532803180914513,0.09542743538767395,2.743538767395626
BRWD1,0.44731610337972166,0.06958250497017893,2.827037773359841
BSCL2,0.5705765407554672,0.02584493041749503,3.033797216699801
BSG,0.3061630218687873,0.16699801192842942,2.3101391650099403
BSN,0.3220675944333996,0.1411530815109344,2.36779324055666
BST1,0.5029821073558648,0.0536779324055666,2.89065606361829
BST2,0.34592445328031807,0.13916500994035785,2.4194831013916502
BTAF1,0.4691848906560636,0.0775347912524851,2.731610337972167
BTBD1,0.3836978131212724,0.11332007952286283,2.518886679920477
BTBD2,0.30218687872763417,0.16699801192842942,2.280318091451292
BTBD6,0.4850894632206759,0.09542743538767395,2.8389662027833
BTC,0.4671968190854871,0.04970178926441352,2.789264413518887
BTD,0.3538767395626243,0.1272365805168986,2.4433399602385686
BTF3,0.40159045725646125,0.10337972166998012,2.628230616302187
BTG1,0.5089463220675944,0.06759443339960239,2.900596421471173
BTG3,0.44532803180914515,0.09542743538767395,2.8330019880715707
BTK,0.29025844930417494,0.28429423459244535,2.2962226640159047
BTLA,0.5208747514910537,0.061630218687872766,2.908548707753479
BTN1A1,0.5984095427435387,0.033797216699801194,3.2664015904572565
BTN2A1,0.5984095427435387,0.033797216699801194,3.2664015904572565
BTN3A1,0.5984095427435387,0.033797216699801194,3.2664015904572565
BTN3A2,0.5984095427435387,0.033797216699801194,3.2664015904572565
BTRC,0.46322067594433397,0.07554671968190854,2.7157057654075545
BUB1,0.5805168986083499,0.007952286282306162,3.1510934393638173
BUB1B,0.32803180914512925,0.16898608349900596,2.320079522862823
BUB3,0.47713717693836977,0.07554671968190854,2.7335984095427435
BUD13,0.5248508946322068,0.06560636182902585,2.9343936381709743
BUD31,0.6441351888667992,0.03180914512922465,3.489065606361829
BYSL,0.6043737574552683,0.02982107355864811,3.4015904572564613
BZW1,0.5765407554671969,0.015904572564612324,3.1113320079522864
C11ORF54,0.5705765407554672,0.041749502982107355,3.085487077534791
C15ORF48,0.34393638170974156,0.16500994035785288,2.3518886679920477
C1D,0.584493041749503,0.013916500994035786,3.1491053677932404
C1GALT1,0.6858846918489065,0.02186878727634195,3.89662027833002
C1GALT1C1,0.3081510934393638,0.2485089463220676,2.3578528827037775
C1QA,0.49502982107355864,0.06759443339960239,2.8508946322067596
C1QBP,0.29025844930417494,0.2047713717693837,2.2604373757455267
C1QC,0.49502982107355864,0.06759443339960239,2.8508946322067596
C1S,0.49304174950298213,0.09542743538767395,2.996023856858847
C2,0.6023856858846919,0.033797216699801194,3.272365805168986
C2CD2,0.44532803180914515,0.07554671968190854,2.7693836978131214
C2CD3,0.5964214711729622,0.019880715705765408,3.220675944333996
C2ORF49,0.5825049701789264,0.005964214711729622,3.1630218687872764
C3,0.3101391650099404,0.16302186878727634,2.2922465208747513
C3AR1,0.48906560636182905,0.09741550695825049,2.9681908548707754
C4A,0.6023856858846919,0.033797216699801194,3.2703777335984094
C4B,0.6023856858846919,0.033797216699801194,3.2703777335984094
C4BPA,0.7654075546719682,0.003976143141153081,3.996023856858847
C4BPB,0.7654075546719682,0.003976143141153081,4.001988071570577
C5,0.3856858846918489,0.09741550695825049,2.548707753479125
C5AR1,0.43141153081510936,0.1172962226640159,2.644135188866799
C6,0.731610337972167,0.015904572564612324,4.290258449304175
C6ORF120,0.3220675944333996,0.15109343936381708,2.4095427435387675
C7,0.73558648111332,0.015904572564612324,4.314115308151093
C8A,0.5089463220675944,0.04970178926441352,2.886679920477137
C8B,0.5089463220675944,0.04970178926441352,2.886679920477137
C9,0.7375745526838966,0.013916500994035786,4.3717693836978135
C9ORF72,0.35984095427435386,0.19681908548707752,2.451292246520875
CA1,0.6918489065606361,0.019880715705765408,4.00596421471173
CA2,0.6918489065606361,0.02186878727634195,4.0
CA9,0.40755467196819084,0.1172962226640159,2.6202783300198806
CAB39,0.5666003976143141,0.02186878727634195,3.0139165009940356
CAB39L,0.32803180914512925,0.15109343936381708,2.4135188866799204
CABIN1,0.43538767395626243,0.10337972166998012,2.6600397614314115
CABLES1,0.47713717693836977,0.09940357852882704,2.99403578528827
CABS1,0.46322067594433397,0.04970178926441352,2.800796812749004
CABYR,0.4671968190854871,0.10536779324055666,2.9025844930417497
CACNA1A,0.3081510934393638,0.1550695825049702,2.31610337972167
CACNA1B,0.40755467196819084,0.09741550695825049,2.5825049701789267
CACNA1C,0.4990059642147117,0.09145129224652088,3.039761431411531
CACNA1D,0.3320079522862823,0.13518886679920478,2.3856858846918487
CACNA1E,0.7673956262425448,0.003976143141153081,4.025844930417495
CACNA1F,0.2504970178926441,0.30019880715705766,2.21272365805169
CACNA1G,0.6361829025844931,0.007952286282306162,3.415506958250497
CACNA1H,0.5606361829025845,0.041749502982107355,3.1192842942345926
CACNA1I,0.4095427435387674,0.12326043737574553,2.5904572564612325
CACNA1S,0.7733598409542743,0.0019880715705765406,4.009940357852883
CACNA2D1,0.6500994035785288,0.02982107355864811,3.363817097415507
CACNA2D2,0.3220675944333996,0.13916500994035785,2.371769383697813
CACNB1,0.6262425447316103,0.017892644135188866,3.3658051689860833
CACNB2,0.5188866799204771,0.0536779324055666,2.966202783300199
CACNB3,0.5526838966202783,0.04970178926441352,3.043737574552684
CACNB4,0.5785288270377733,0.011928429423459244,3.121272365805169
CACNG1,0.6500994035785288,0.005964214711729622,3.4870775347912524
CACNG2,0.40159045725646125,0.12922465208747516,2.6023856858846917
CACNG3,0.5964214711729622,0.03777335984095427,3.1570576540755466
CACNG4,0.6500994035785288,0.005964214711729622,3.4870775347912524
CACNG5,0.6481113320079522,0.007952286282306162,3.479125248508946
CACNG6,0.44930417495029823,0.09741550695825049,2.7037773359840953
CACNG7,0.44930417495029823,0.09741550695825049,2.7037773359840953
CACTIN,0.2962226640159046,0.16699801192842942,2.272365805168986
CACYBP,0.7733598409542743,0.003976143141153081,4.071570576540755
CAD,0.5944333996023857,0.013916500994035786,3.1809145129224654
CADM1,0.5208747514910537,0.06759443339960239,2.9125248508946324
CADM3,0.7813121272365805,0.0019880715705765406,4.220675944333996
CADPS,0.3518886679920477,0.13320079522862824,2.441351888667992
CALCA,0.49304174950298213,0.055666003976143144,2.8389662027833
CALCOCO1,0.5506958250497018,0.0437375745526839,3.0596421471172963
CALCOCO2,0.6322067594433399,0.011928429423459244,3.377733598409543
CALCRL,0.5864811133200796,0.009940357852882704,3.1630218687872764
CALD1,0.6302186878727635,0.03180914512922465,3.355864811133201
CALM1,0.4970178926441352,0.0775347912524851,2.952286282306163
CALM2,0.5944333996023857,0.013916500994035786,3.268389662027833
CALM3,0.4393638170974155,0.11133200795228629,2.7077534791252487
CALML5,0.5228628230616302,0.05765407554671968,2.9920477137176937
CALML6,0.5268389662027833,0.0536779324055666,2.9403578528827037
CALR,0.3061630218687873,0.15308151093439365,2.3061630218687874
CALR3,0.341948310139165,0.1411530815109344,2.407554671968191
CALU,0.6361829025844931,0.033797216699801194,3.377733598409543
CALY,0.4711729622266402,0.08151093439363817,2.7475149105367795
CAMK1,0.3658051689860835,0.12326043737574553,2.4910536779324057
CAMK1D,0.5129224652087475,0.055666003976143144,2.9542743538767398
CAMK1G,0.757455268389662,0.003976143141153081,3.9642147117296225
CAMK2A,0.42147117296222664,0.09741550695825049,2.727634194831014
CAMK2B,0.68389662027833,0.02385685884691849,3.809145129224652
CAMK2D,0.4274353876739563,0.0536779324055666,2.662027833001988
CAMK2G,0.4731610337972167,0.06958250497017893,2.775347912524851
CAMK2N2,0.5288270377733598,0.06759443339960239,3.0457256461232602
CAMK4,0.39165009940357853,0.11928429423459244,2.5964214711729623
CAMKK1,0.294234592445328,0.20675944333996024,2.26441351888668
CAMKK2,0.5268389662027833,0.07554671968190854,2.918489065606362
CAMKMT,0.5924453280318092,0.013916500994035786,3.224652087475149
CAMLG,0.3836978131212724,0.11133200795228629,2.5745526838966204
CAMP,0.3260437375745527,0.13916500994035785,2.3737574552683895
CAMSAP1,0.40159045725646125,0.09741550695825049,2.566600397614314
CAMSAP3,0.3081510934393638,0.1610337972166998,2.2882703777335984
CAND1,0.5685884691848907,0.03578528827037773,3.4990059642147116
CAND2,0.36381709741550694,0.12326043737574553,2.4711729622266403
CANT1,0.658051689860835,0.005964214711729622,3.4870775347912524
CANX,0.4592445328031809,0.08548707753479125,2.868787276341948
CAP1,0.5546719681908548,0.03180914512922465,3.0715705765407555
CAP2,0.5964214711729622,0.033797216699801194,3.220675944333996
CAPG,0.5924453280318092,0.017892644135188866,3.147117296222664
CAPN1,0.5805168986083499,0.02186878727634195,3.0715705765407555
CAPN10,0.5606361829025845,0.02982107355864811,2.9900596421471173
CAPN11,0.5984095427435387,0.027833001988071572,3.3339960238568587
CAPN2,0.7514910536779325,0.003976143141153081,3.952286282306163
CAPN3,0.33399602385685884,0.16699801192842942,2.320079522862823
CAPN6,0.30019880715705766,0.268389662027833,2.320079522862823
CAPN7,0.35785288270377735,0.12326043737574553,2.459244532803181
CAPN8,0.7534791252485089,0.003976143141153081,3.9542743538767398
CAPNS1,0.5566600397614314,0.05964214711729622,3.238568588469185
CAPNS2,0.49502982107355864,0.0775347912524851,2.8608349900596424
CAPRIN1,0.5089463220675944,0.0536779324055666,2.9065606361829026
CAPZA1,0.4254473161033797,0.09145129224652088,2.6520874751491053
CAPZA2,0.6441351888667992,0.03777335984095427,3.8489065606361827
CAPZA3,0.4870775347912525,0.10337972166998012,3.0159045725646125
CAPZB,0.5009940357852882,0.06759443339960239,2.852882703777336
CARD10,0.40755467196819084,0.1272365805168986,2.6123260437375744
CARD11,0.6878727634194831,0.02186878727634195,3.8827037773359843
CARD14,0.6540755467196819,0.005964214711729622,3.4910536779324057
CARD6,0.7375745526838966,0.013916500994035786,4.353876739562624
CARD8,0.4274353876739563,0.11332007952286283,2.646123260437376
CARD9,0.3976143141153082,0.09542743538767395,2.5626242544731612
CARF,0.5785288270377733,0.015904572564612324,3.113320079522863
CARM1,0.3101391650099404,0.1550695825049702,2.320079522862823
CARMIL1,0.5964214711729622,0.03578528827037773,3.242544731610338
CARS2,0.3817097415506958,0.11332007952286283,2.606361829025845
CARTPT,0.3996023856858847,0.10934393638170974,2.6202783300198806
CASC3,0.6163021868787276,0.019880715705765408,3.3220675944333995
CASK,0.24055666003976142,0.33001988071570576,2.1630218687872764
CASP1,0.5387673956262425,0.04970178926441352,2.9741550695825048
CASP10,0.5765407554671969,0.015904572564612324,3.10934393638171
CASP14,0.3220675944333996,0.147117296222664,2.3518886679920477
CASP2,0.6341948310139165,0.027833001988071572,3.399602385685885
CASP3,0.40357852882703776,0.09741550695825049,2.5785288270377733
CASP4,0.5387673956262425,0.04970178926441352,2.9741550695825048
CASP6,0.4254473161033797,0.0536779324055666,2.6640159045725644
CASP7,0.47713717693836977,0.07554671968190854,2.783300198807157
CASP8,0.5765407554671969,0.015904572564612324,3.1013916500994037
CASP9,0.5049701789264414,0.06759443339960239,2.892644135188867
CASQ2,0.43538767395626243,0.09343936381709742,2.6898608349900597
CASR,0.5188866799204771,0.061630218687872766,2.914512922465209
CASZ1,0.510934393638171,0.0636182902584493,2.892644135188867
CAT,0.5129224652087475,0.05168986083499006,2.9324055666003974
CATSPER1,0.6023856858846919,0.019880715705765408,3.1610337972167
CATSPER2,0.3399602385685885,0.16302186878727634,2.337972166998012
CATSPER4,0.48906560636182905,0.06759443339960239,2.817097415506958
CAV1,0.6421471172962226,0.03777335984095427,3.646123260437376
CAV2,0.6421471172962226,0.03777335984095427,3.558648111332008
CAV3,0.36182902584493043,0.12127236580516898,2.475149105367793
CAVIN1,0.6123260437375746,0.02186878727634195,3.2664015904572565
CAVIN2,0.5825049701789264,0.011928429423459244,3.1192842942345926
CBFA2T2,0.5984095427435387,0.02982107355864811,3.2584493041749503
CBFA2T3,0.43538767395626243,0.11332007952286283,2.673956262425447
CBL,0.5308151093439364,0.05964214711729622,2.952286282306163
CBLIF,0.5705765407554672,0.02385685884691849,3.00596421471173
CBLL1,0.6401590457256461,0.039761431411530816,3.429423459244533
CBLN1,0.5288270377733598,0.06958250497017893,2.9801192842942346
CBR1,0.45129224652087474,0.073558648111332,2.7733598409542743
CBR3,0.4532803180914513,0.073558648111332,2.7773359840954273
CBR4,0.4135188866799205,0.06560636182902585,2.6163021868787277
CBS,0.4433399602385686,0.07952286282306163,2.7634194831013916
CBX1,0.6361829025844931,0.011928429423459244,3.3658051689860833
CBX2,0.6600397614314115,0.005964214711729622,3.5009940357852884
CBX3,0.6898608349900597,0.02385685884691849,3.8648111332007953
CBX4,0.6600397614314115,0.005964214711729622,3.5049701789264414
CBX5,0.5526838966202783,0.0437375745526839,3.0636182902584492
CBX6,0.415506958250497,0.12127236580516898,2.628230616302187
CBX7,0.41749502982107356,0.12127236580516898,2.6163021868787277
CBX8,0.6600397614314115,0.005964214711729622,3.5009940357852884
CC2D1A,0.3061630218687873,0.15705765407554673,2.304174950298211
CC2D2A,0.5009940357852882,0.0536779324055666,2.8846918489065607
CCAR1,0.4850894632206759,0.06560636182902585,2.8071570576540754
CCAR2,0.30417495029821073,0.2624254473161034,2.280318091451292
CCDC106,0.44930417495029823,0.09542743538767395,2.7176938369781314
CCDC115,0.5805168986083499,0.007952286282306162,3.10337972166998
CCDC136,0.6361829025844931,0.033797216699801194,3.3737574552683895
CCDC181,0.7793240556660039,0.005964214711729622,4.0894632206759445
CCDC40,0.6540755467196819,0.005964214711729622,3.4910536779324057
CCDC59,0.5149105367793241,0.0636182902584493,2.9363817097415508
CCDC6,0.47912524850894633,0.07157057654075547,2.7972166998011927
CCDC62,0.5248508946322068,0.07554671968190854,2.9244532803180916
CCDC8,0.4433399602385686,0.1073558648111332,2.7176938369781314
CCDC86,0.5745526838966203,0.02385685884691849,3.033797216699801
CCDC88A,0.588469184890656,0.011928429423459244,3.2306163021868786
CCDC88C,0.5009940357852882,0.0775347912524851,2.8807157057654074
CCDC91,0.5487077534791253,0.0636182902584493,3.337972166998012
CCIN,0.38767395626242546,0.12524850894632206,2.5657370517928286
CCK,0.34393638170974156,0.12922465208747516,2.415506958250497
CCKAR,0.5069582504970179,0.04970178926441352,3.017892644135189
CCKBR,0.4671968190854871,0.061630218687872766,2.765407554671968
CCL1,0.614314115308151,0.02385685884691849,3.2147117296222665
CCL11,0.614314115308151,0.02385685884691849,3.2147117296222665
CCL13,0.614314115308151,0.02385685884691849,3.2147117296222665
CCL15,0.6182902584493042,0.02186878727634195,3.2306163021868786
CCL16,0.6182902584493042,0.02186878727634195,3.2266401590457257
CCL17,0.49502982107355864,0.07554671968190854,2.8727634194831015
CCL18,0.6202783300198808,0.02186878727634195,3.234592445328032
CCL19,0.3976143141153082,0.11332007952286283,2.610337972166998
CCL2,0.6123260437375746,0.02385685884691849,3.21272365805169
CCL20,0.5685884691848907,0.02385685884691849,3.029821073558648
CCL21,0.3976143141153082,0.11332007952286283,2.610337972166998
CCL22,0.49502982107355864,0.07554671968190854,2.8727634194831015
CCL24,0.6421471172962226,0.039761431411530816,3.337972166998012
CCL25,0.3081510934393638,0.15904572564612326,2.2922465208747513
CCL26,0.6421471172962226,0.039761431411530816,3.337972166998012
CCL27,0.3976143141153082,0.11332007952286283,2.610337972166998
CCL28,0.7157057654075547,0.015904572564612324,4.256461232604374
CCL3,0.6202783300198808,0.02186878727634195,3.234592445328032
CCL4,0.6163021868787276,0.019880715705765408,3.2335329341317367
CCL4L2,0.6222664015904572,0.019880715705765408,3.2405566600397613
CCL7,0.6123260437375746,0.02385685884691849,3.21272365805169
CCL8,0.614314115308151,0.02385685884691849,3.2147117296222665
CCM2,0.6858846918489065,0.02385685884691849,3.8190854870775346
CCN1,0.4870775347912525,0.07952286282306163,2.7773359840954273
CCN2,0.34791252485089463,0.1550695825049702,2.4532803180914513
CCNA1,0.30417495029821073,0.16500994035785288,2.3399602385685885
CCNA2,0.4254473161033797,0.055666003976143144,2.6640159045725644
CCNB1,0.3996023856858847,0.10536779324055666,2.622266401590457
CCNB2,0.35984095427435386,0.1312127236580517,2.4314115308151094
CCNB3,0.24652087475149106,0.3081510934393638,2.176938369781312
CCNC,0.3121272365805169,0.15904572564612326,2.353876739562624
CCND1,0.6341948310139165,0.013916500994035786,3.377733598409543
CCND2,0.49304174950298213,0.09741550695825049,2.9920477137176937
CCND3,0.6043737574552683,0.02982107355864811,3.4214711729622267
CCNDBP1,0.3359840954274354,0.16500994035785288,2.3300198807157058
CCNE1,0.5487077534791253,0.04771371769383698,3.3280318091451293
CCNE2,0.6958250497017893,0.015904572564612324,3.9860834990059644
CCNF,0.5705765407554672,0.039761431411530816,3.125248508946322
CCNG1,0.441351888667992,0.08946322067594434,2.789264413518887
CCNH,0.3836978131212724,0.11133200795228629,2.588469184890656
CCNL1,0.5387673956262425,0.055666003976143144,3.085487077534791
CCNL2,0.5268389662027833,0.0536779324055666,2.9463220675944335
CCNO,0.4592445328031809,0.09343936381709742,2.9244532803180916
CCNT1,0.5467196819085487,0.055666003976143144,3.029821073558648
CCNT2,0.5805168986083499,0.007952286282306162,3.121272365805169
CCNY,0.5526838966202783,0.03777335984095427,3.095427435387674
CCP110,0.588469184890656,0.0437375745526839,3.1192842942345926
CCR1,0.3379721669980119,0.13717693836978131,2.3836978131212723
CCR10,0.6123260437375746,0.02186878727634195,3.26441351888668
CCR3,0.3379721669980119,0.13717693836978131,2.3836978131212723
CCR4,0.3518886679920477,0.12922465208747516,2.4194831013916502
CCR5,0.3379721669980119,0.13717693836978131,2.3836978131212723
CCR6,0.3260437375745527,0.14910536779324055,2.415506958250497
CCR7,0.6083499005964215,0.02186878727634195,3.308151093439364
CCR8,0.341948310139165,0.1272365805168986,2.411530815109344
CCR9,0.3399602385685885,0.13717693836978131,2.3856858846918487
CCRL2,0.33399602385685884,0.13717693836978131,2.3797216699801194
CCS,0.6163021868787276,0.011928429423459244,3.2405566600397613
CCT2,0.5745526838966203,0.03578528827037773,3.878727634194831
CCT3,0.7952286282306164,0.0019880715705765406,4.3021868787276345
CCT4,0.5904572564612326,0.013916500994035786,3.1630218687872764
CCT5,0.7534791252485089,0.009940357852882704,4.556660039761431
CCT6A,0.6898608349900597,0.027833001988071572,4.143141153081511
CCT6B,0.614314115308151,0.02385685884691849,3.21272365805169
CCT7,0.588469184890656,0.015904572564612324,3.147117296222664
CCT8,0.44532803180914515,0.0874751491053678,2.7972166998011927
CCZ1,0.6858846918489065,0.02186878727634195,3.89065606361829
CD101,0.44731610337972166,0.09145129224652088,2.6998011928429424
CD109,0.3658051689860835,0.13320079522862824,2.5089463220675943
CD14,0.4135188866799205,0.10139165009940358,2.662027833001988
CD151,0.4711729622266402,0.06560636182902585,2.7972166998011927
CD160,0.7773359840954275,0.0019880715705765406,4.240556660039761
CD163,0.48906560636182905,0.09741550695825049,2.9761431411530817
CD177,0.4970178926441352,0.073558648111332,2.8946322067594434
CD180,0.3956262425447316,0.10536779324055666,2.628230616302187
CD19,0.6083499005964215,0.03180914512922465,3.2007952286282304
CD1A,0.7813121272365805,0.0019880715705765406,4.2286282306163026
CD1B,0.7813121272365805,0.0019880715705765406,4.2286282306163026
CD1C,0.7813121272365805,0.0019880715705765406,4.2286282306163026
CD1D,0.7833001988071571,0.003976143141153081,4.2286282306163026
CD1E,0.7813121272365805,0.0019880715705765406,4.224652087475149
CD2,0.4433399602385686,0.09145129224652088,2.6878727634194832
CD200,0.5208747514910537,0.061630218687872766,2.908548707753479
CD200R1,0.5188866799204771,0.061630218687872766,2.9025844930417497
CD207,0.5904572564612326,0.015904572564612324,3.168986083499006
CD209,0.3081510934393638,0.1610337972166998,2.2882703777335984
CD22,0.562624254473161,0.05765407554671968,3.262425447316103
CD226,0.3558648111332008,0.20675944333996024,2.463220675944334
CD24,0.3081510934393638,0.15904572564612326,2.3976143141153083
CD244,0.7833001988071571,0.0019880715705765406,4.244532803180914
CD247,0.7773359840954275,0.007952286282306162,4.085487077534792
CD248,0.614314115308151,0.013916500994035786,3.194831013916501
CD27,0.4970178926441352,0.09542743538767395,2.99403578528827
CD274,0.34592445328031807,0.21073558648111332,2.4473161033797215
CD28,0.5785288270377733,0.015904572564612324,3.10934393638171
CD2AP,0.5924453280318092,0.03180914512922465,3.2842942345924455
CD2BP2,0.614314115308151,0.02584493041749503,3.2326043737574555
CD300A,0.6520874751491054,0.009940357852882704,3.4731610337972167
CD300E,0.6520874751491054,0.009940357852882704,3.4731610337972167
CD300LB,0.6520874751491054,0.009940357852882704,3.4731610337972167
CD300LF,0.6520874751491054,0.009940357852882704,3.4731610337972167
CD33,0.4393638170974155,0.11133200795228629,2.6699801192842942
CD34,0.7634194831013916,0.003976143141153081,3.982107355864811
CD36,0.6441351888667992,0.03777335984095427,3.3399602385685885
CD38,0.5029821073558648,0.0536779324055666,2.908548707753479
CD3D,0.5308151093439364,0.05765407554671968,2.9622266401590456
CD3E,0.5308151093439364,0.05765407554671968,2.9622266401590456
CD3G,0.5308151093439364,0.05964214711729622,2.960238568588469
CD4,0.49502982107355864,0.09343936381709742,3.0019880715705765
CD40,0.5765407554671969,0.04572564612326044,3.210735586481113
CD40LG,0.3240556660039761,0.23658051689860835,2.393638170974155
CD44,0.5129224652087475,0.05168986083499006,2.9324055666003974
CD46,0.7654075546719682,0.003976143141153081,3.99403578528827
CD47,0.5188866799204771,0.05765407554671968,2.9204771371769382
CD48,0.7833001988071571,0.0019880715705765406,4.252485089463221
CD5,0.5765407554671969,0.019880715705765408,3.0417495029821073
CD53,0.43538767395626243,0.08946322067594434,2.662027833001988
CD55,0.7654075546719682,0.003976143141153081,3.996023856858847
CD58,0.4433399602385686,0.09145129224652088,2.6898608349900597
CD59,0.5089463220675944,0.0536779324055666,2.9065606361829026
CD6,0.5765407554671969,0.019880715705765408,3.0417495029821073
CD63,0.5526838966202783,0.041749502982107355,3.1053677932405566
CD68,0.2962226640159046,0.20278330019880716,2.264940239043825
CD69,0.4831013916500994,0.10536779324055666,2.9224652087475147
CD7,0.6461232604373758,0.005964214711729622,3.4473161033797215
CD70,0.3101391650099404,0.16302186878727634,2.2922465208747513
CD72,0.40755467196819084,0.1172962226640159,2.6202783300198806
CD74,0.42147117296222664,0.09741550695825049,2.727634194831014
CD79A,0.4990059642147117,0.073558648111332,2.900596421471173
CD79B,0.6441351888667992,0.005964214711729622,3.4552683896620278
CD80,0.5228628230616302,0.061630218687872766,2.900596421471173
CD81,0.4711729622266402,0.06759443339960239,2.7693836978131214
CD83,0.6043737574552683,0.033797216699801194,3.2584493041749503
CD86,0.5188866799204771,0.061630218687872766,2.9165009940357853
CD8A,0.5904572564612326,0.017892644135188866,3.159045725646123
CD8B,0.5904572564612326,0.017892644135188866,3.1570576540755466
CD9,0.49105367793240556,0.09940357852882704,2.9840954274353875
CD93,0.5606361829025845,0.0775347912524851,3.1630218687872764
CD96,0.5168986083499006,0.05964214711729622,2.8986083499005963
CD99,0.40556660039761433,0.18886679920477137,2.6341948310139167
CDA,0.49304174950298213,0.06560636182902585,2.8508946322067596
CDC14A,0.4552683896620278,0.09343936381709742,2.725646123260437
CDC14B,0.34791252485089463,0.12127236580516898,2.411530815109344
CDC16,0.3697813121272366,0.1272365805168986,2.566600397614314
CDC20,0.5487077534791253,0.027833001988071572,3.039761431411531
CDC23,0.41749502982107356,0.09940357852882704,2.6640159045725644
CDC25A,0.3260437375745527,0.13916500994035785,2.3737574552683895
CDC25B,0.5129224652087475,0.09741550695825049,2.94831013916501
CDC25C,0.41749502982107356,0.09940357852882704,2.6640159045725644
CDC26,0.3836978131212724,0.09741550695825049,2.5347912524850895
CDC27,0.6242544731610338,0.013916500994035786,3.304174950298211
CDC34,0.3061630218687873,0.16699801192842942,2.3101391650099403
CDC37,0.31411530815109345,0.1550695825049702,2.326043737574553
CDC37L1,0.34393638170974156,0.21073558648111332,2.4393638170974157
CDC40,0.3101391650099404,0.15705765407554673,2.3797216699801194
CDC42,0.49502982107355864,0.06560636182902585,2.8508946322067596
CDC42BPA,0.7455268389662028,0.0019880715705765406,3.926441351888668
CDC42BPB,0.49304174950298213,0.08946322067594434,2.856858846918489
CDC42EP2,0.5805168986083499,0.02186878727634195,3.0755467196819084
CDC42EP3,0.5924453280318092,0.013916500994035786,3.2266401590457257
CDC42EP5,0.4532803180914513,0.09542743538767395,2.7157057654075545
CDC45,0.44532803180914515,0.09542743538767395,2.709741550695825
CDC5L,0.5924453280318092,0.02982107355864811,3.320079522862823
CDC6,0.6163021868787276,0.019880715705765408,3.324055666003976
CDC7,0.48111332007952284,0.07952286282306163,2.783300198807157
CDC73,0.7733598409542743,0.0019880715705765406,4.025844930417495
CDCA2,0.3101391650099404,0.25646123260437376,2.2842942345924455
CDCA5,0.5785288270377733,0.02186878727634195,3.0656063618290257
CDCA7,0.5944333996023857,0.009940357852882704,3.1749502982107356
CDCA8,0.5427435387673957,0.03578528827037773,2.970178926441352
CDCP1,0.3379721669980119,0.13320079522862824,2.389662027833002
CDH1,0.4850894632206759,0.06958250497017893,2.874751491053678
CDH10,0.7534791252485089,0.013916500994035786,4.449304174950298
CDH11,0.48906560636182905,0.073558648111332,2.8588469184890655
CDH12,0.757455268389662,0.013916500994035786,4.497017892644135
CDH13,0.4433399602385686,0.10337972166998012,2.679920477137177
CDH15,0.43538767395626243,0.11530815109343936,2.6660039761431413
CDH17,0.6898608349900597,0.015904572564612324,4.001988071570577
CDH18,0.7614314115308151,0.013916500994035786,4.530815109343936
CDH2,0.43339960238568587,0.1272365805168986,2.8190854870775346
CDH23,0.48111332007952284,0.06759443339960239,2.7852882703777335
CDH24,0.5546719681908548,0.06560636182902585,3.1153081510934393
CDH3,0.4831013916500994,0.06958250497017893,2.8707753479125246
CDH4,0.6222664015904572,0.019880715705765408,3.548707753479125
CDH5,0.4870775347912525,0.06958250497017893,2.8667992047713717
CDH6,0.7455268389662028,0.009940357852882704,4.381709741550696
CDH7,0.3499005964214712,0.2047713717693837,2.4214711729622267
CDH8,0.48906560636182905,0.0775347912524851,2.862823061630219
CDH9,0.757455268389662,0.011928429423459244,4.469184890656064
CDHR1,0.46520874751491054,0.07554671968190854,2.7395626242544733
CDHR2,0.4572564612326044,0.08151093439363817,2.862823061630219
CDHR5,0.46322067594433397,0.06958250497017893,2.7693836978131214
CDIPT,0.610337972166998,0.03180914512922465,3.21272365805169
CDK1,0.48111332007952284,0.06560636182902585,2.9125248508946324
CDK11A,0.5268389662027833,0.0536779324055666,2.9463220675944335
CDK11B,0.5268389662027833,0.0536779324055666,2.9463220675944335
CDK12,0.6222664015904572,0.017892644135188866,3.4254473161033796
CDK13,0.6858846918489065,0.027833001988071572,3.801192842942346
CDK14,0.6500994035785288,0.02584493041749503,3.427435387673956
CDK2,0.5546719681908548,0.041749502982107355,3.113320079522863
CDK20,0.3558648111332008,0.12326043737574553,2.4433399602385686
CDK2AP1,0.5268389662027833,0.07554671968190854,2.9324055666003974
CDK4,0.588469184890656,0.03578528827037773,3.650099403578529
CDK5,0.6401590457256461,0.03180914512922465,3.3956262425447314
CDK5R1,0.6083499005964215,0.02385685884691849,3.20675944333996
CDK5R2,0.5685884691848907,0.019880715705765408,3.0457256461232602
CDK5RAP2,0.3856858846918489,0.10139165009940358,2.554671968190855
CDK6,0.6421471172962226,0.027833001988071572,3.5805168986083498
CDK7,0.40159045725646125,0.10536779324055666,2.624254473161034
CDK8,0.30218687872763417,0.16302186878727634,2.324055666003976
CDK9,0.3856858846918489,0.09542743538767395,2.520874751491054
CDKL5,0.2345924453280318,0.3359840954274354,2.10337972166998
CDKN1A,0.5964214711729622,0.02982107355864811,3.256461232604374
CDKN1B,0.4711729622266402,0.10934393638170974,2.8986083499005963
CDKN1C,0.4691848906560636,0.06759443339960239,2.7673956262425445
CDKN2A,0.30417495029821073,0.3061630218687873,2.113320079522863
CDKN2AIP,0.3996023856858847,0.09741550695825049,2.566600397614314
CDKN2B,0.30417495029821073,0.3061630218687873,2.113320079522863
CDKN2C,0.5228628230616302,0.039761431411530816,2.908548707753479
CDKN2D,0.3121272365805169,0.15308151093439365,2.324055666003976
CDKN3,0.5387673956262425,0.04970178926441352,3.0715705765407555
CDO1,0.38966202783300197,0.11332007952286283,2.594433399602386
CDON,0.5228628230616302,0.07157057654075547,2.9284294234592445
CDS1,0.441351888667992,0.04970178926441352,2.6640159045725644
CDS2,0.5069582504970179,0.09741550695825049,2.94831013916501
CDSN,0.6003976143141153,0.033797216699801194,3.2703777335984094
CDT1,0.43339960238568587,0.11332007952286283,2.6640159045725644
CDX1,0.42147117296222664,0.09741550695825049,2.727634194831014
CDX2,0.3081510934393638,0.16302186878727634,2.341948310139165
CDX4,0.2803180914512923,0.28628230616302186,2.2604373757455267
CDYL,0.610337972166998,0.033797216699801194,3.2703777335984094
CEACAM1,0.5009940357852882,0.07554671968190854,2.89662027833002
CEACAM3,0.4990059642147117,0.073558648111332,2.89662027833002
CEACAM5,0.5029821073558648,0.073558648111332,2.904572564612326
CEACAM6,0.5009940357852882,0.073558648111332,2.9025844930417497
CEACAM7,0.5029821073558648,0.073558648111332,2.9105367793240555
CEACAM8,0.5009940357852882,0.0775347912524851,2.8946322067594434
CEBPA,0.5487077534791253,0.05964214711729622,3.2306163021868786
CEBPB,0.5944333996023857,0.041749502982107355,3.36779324055666
CEBPD,0.6322067594433399,0.033797216699801194,3.673956262425447
CEBPG,0.5487077534791253,0.05964214711729622,3.2306163021868786
CEBPZ,0.5924453280318092,0.013916500994035786,3.2047713717693838
CECR2,0.4234592445328032,0.10139165009940358,2.6302186878727634
CELF1,0.5308151093439364,0.039761431411530816,2.9502982107355864
CELF2,0.510934393638171,0.055666003976143144,2.9463220675944335
CELSR1,0.3817097415506958,0.147117296222664,2.5009940357852884
CELSR2,0.43141153081510936,0.09343936381709742,2.6540755467196817
CENPA,0.5944333996023857,0.013916500994035786,3.1809145129224654
CENPB,0.5129224652087475,0.09741550695825049,2.94831013916501
CENPC,0.4691848906560636,0.04771371769383698,2.771371769383698
CENPE,0.43538767395626243,0.04970178926441352,2.662027833001988
CENPF,0.7514910536779325,0.007952286282306162,3.9284294234592445
CENPH,0.40159045725646125,0.10536779324055666,2.624254473161034
CENPI,0.29025844930417494,0.28429423459244535,2.2962226640159047
CENPK,0.40556660039761433,0.10337972166998012,2.6481113320079523
CENPL,0.7773359840954275,0.003976143141153081,4.083499005964215
CENPM,0.4115308151093439,0.11928429423459244,2.5904572564612325
CENPN,0.4532803180914513,0.10337972166998012,2.7335984095427435
CENPO,0.5944333996023857,0.013916500994035786,3.1709741550695827
CENPP,0.3518886679920477,0.12524850894632206,2.4314115308151094
CENPQ,0.5924453280318092,0.02982107355864811,3.2524850894632205
CENPS,0.510934393638171,0.06560636182902585,2.8886679920477136
CENPT,0.4850894632206759,0.07157057654075547,2.8548707753479126
CENPU,0.40556660039761433,0.09741550695825049,2.5825049701789267
CENPW,0.33001988071570576,0.15904572564612326,2.4194831013916502
CENPX,0.6500994035785288,0.005964214711729622,3.457256461232604
CEP120,0.39363817097415504,0.1073558648111332,2.606361829025845
CEP131,0.6500994035785288,0.005964214711729622,3.467196819085487
CEP135,0.5009940357852882,0.04970178926441352,2.900596421471173
CEP152,0.3538767395626243,0.14314115308151093,2.3836978131212723
CEP162,0.32007952286282304,0.15705765407554673,2.377733598409543
CEP164,0.5248508946322068,0.061630218687872766,2.94831013916501
CEP170,0.7475149105367793,0.0019880715705765406,3.9542743538767398
CEP192,0.4691848906560636,0.08349900596421471,2.9025844930417497
CEP250,0.614314115308151,0.02385685884691849,3.3479125248508947
CEP290,0.510934393638171,0.06958250497017893,2.914512922465209
CEP295,0.5705765407554672,0.041749502982107355,3.0874751491053676
CEP350,0.7673956262425448,0.003976143141153081,4.023856858846918
CEP41,0.6421471172962226,0.02982107355864811,3.4174950298210733
CEP55,0.4691848906560636,0.07952286282306163,2.7236580516898607
CEP57,0.5685884691848907,0.041749502982107355,3.0834990059642147
CEP70,0.5347912524850894,0.055666003976143144,2.99403578528827
CEP72,0.7693836978131213,0.009940357852882704,4.713717693836978
CEP76,0.4691848906560636,0.08151093439363817,2.9025844930417497
CEP78,0.3379721669980119,0.1312127236580517,2.393638170974155
CEP89,0.5506958250497018,0.05765407554671968,3.2306163021868786
CEP97,0.510934393638171,0.05765407554671968,2.89662027833002
CEPT1,0.43141153081510936,0.09343936381709742,2.6540755467196817
CER1,0.34592445328031807,0.20278330019880716,2.411530815109344
CERK,0.3797216699801193,0.14910536779324055,2.4950298210735586
CERS2,0.7952286282306164,0.005964214711729622,4.453280318091451
CERS3,0.40755467196819084,0.10536779324055666,2.584493041749503
CERS4,0.3081510934393638,0.1550695825049702,2.298210735586481
CERS5,0.5546719681908548,0.0536779324055666,3.0616302186878728
CERS6,0.5924453280318092,0.011928429423459244,3.1669980119284293
CES1,0.49502982107355864,0.0775347912524851,2.8608349900596424
CES4A,0.4831013916500994,0.07157057654075547,2.8429423459244534
CETN1,0.4990059642147117,0.08946322067594434,2.9582504970178927
CETN2,0.33399602385685884,0.220675944333996,2.4990059642147116
CETN3,0.3976143141153082,0.11133200795228629,2.6143141153081513
CETP,0.4970178926441352,0.07554671968190854,2.8767395626242545
CFAP45,0.7813121272365805,0.0019880715705765406,4.258449304174951
CFAP52,0.2982107355864811,0.21073558648111332,2.256461232604374
CFB,0.6023856858846919,0.033797216699801194,3.272365805168986
CFD,0.3061630218687873,0.16699801192842942,2.3141153081510932
CFH,0.7673956262425448,0.003976143141153081,4.021868787276342
CFHR1,0.7673956262425448,0.003976143141153081,4.021868787276342
CFHR2,0.7673956262425448,0.003976143141153081,4.021868787276342
CFHR3,0.7673956262425448,0.003976143141153081,4.021868787276342
CFHR4,0.7673956262425448,0.005964214711729622,4.0178926441351885
CFHR5,0.7673956262425448,0.003976143141153081,4.019880715705765
CFI,0.4254473161033797,0.0536779324055666,2.6640159045725644
CFL1,0.5984095427435387,0.019880715705765408,3.1292246520874754
CFL2,0.614314115308151,0.04572564612326044,3.9582504970178927
CFLAR,0.5765407554671969,0.015904572564612324,3.1113320079522864
CFP,0.2524850894632207,0.3101391650099404,2.1749502982107356
CFTR,0.6421471172962226,0.039761431411530816,3.5387673956262424
CGA,0.32007952286282304,0.15904572564612326,2.3697813121272366
CGGBP1,0.415506958250497,0.10337972166998012,2.6858846918489068
CGN,0.7952286282306164,0.0019880715705765406,4.4115308151093435
CGNL1,0.36381709741550694,0.13717693836978131,2.427435387673956
CH25H,0.46520874751491054,0.08349900596421471,2.7157057654075545
CHAF1A,0.30218687872763417,0.16302186878727634,2.286282306163022
CHAF1B,0.4532803180914513,0.07157057654075547,2.783300198807157
CHAMP1,0.3697813121272366,0.1272365805168986,2.566600397614314
CHAT,0.49105367793240556,0.06759443339960239,2.834990059642147
CHCHD1,0.4731610337972167,0.06958250497017893,2.775347912524851
CHCHD10,0.4393638170974155,0.10337972166998012,2.6600397614314115
CHCHD2,0.6898608349900597,0.027833001988071572,4.143141153081511
CHCHD3,0.6361829025844931,0.02982107355864811,3.377733598409543
CHCHD4,0.3558648111332008,0.12524850894632206,2.4532803180914513
CHCHD7,0.6361829025844931,0.03180914512922465,3.765407554671968
CHD1,0.40357852882703776,0.11928429423459244,2.622266401590457
CHD1L,0.7872763419483101,0.0019880715705765406,4.328031809145129
CHD3,0.294234592445328,0.2047713717693837,2.2604373757455267
CHD4,0.49502982107355864,0.09542743538767395,3.0019880715705765
CHD5,0.5089463220675944,0.06560636182902585,2.8827037773359843
CHD7,0.6540755467196819,0.02584493041749503,3.8548707753479126
CHD9,0.4990059642147117,0.07952286282306163,2.9105367793240555
CHDH,0.3320079522862823,0.13320079522862824,2.389662027833002
CHEK1,0.5248508946322068,0.06958250497017893,2.9343936381709743
CHEK2,0.40755467196819084,0.11530815109343936,2.5646123260437377
CHERP,0.341948310139165,0.13916500994035785,2.4095427435387675
CHFR,0.5208747514910537,0.0775347912524851,2.9125248508946324
CHGA,0.49502982107355864,0.07554671968190854,2.8588469184890655
CHGB,0.5089463220675944,0.09940357852882704,2.9502982107355864
CHI3L1,0.7693836978131213,0.0019880715705765406,4.019880715705765
CHIA,0.43141153081510936,0.09145129224652088,2.6560636182902586
CHID1,0.4711729622266402,0.06560636182902585,2.7972166998011927
CHIT1,0.7693836978131213,0.0019880715705765406,4.0178926441351885
CHKA,0.6222664015904572,0.013916500994035786,3.238568588469185
CHKB,0.36779324055666,0.15308151093439365,2.4870775347912524
CHL1,0.35984095427435386,0.12524850894632206,2.463220675944334
CHM,0.28628230616302186,0.27634194831013914,2.280318091451292
CHML,0.7495029821073559,0.0019880715705765406,3.9463220675944335
CHMP1A,0.4393638170974155,0.11332007952286283,2.673956262425447
CHMP1B,0.4731610337972167,0.08349900596421471,2.9105367793240555
CHMP2A,0.44532803180914515,0.09940357852882704,2.695825049701789
CHMP2B,0.4115308151093439,0.10337972166998012,2.640159045725646
CHMP4A,0.5546719681908548,0.06759443339960239,3.113320079522863
CHMP4B,0.5964214711729622,0.02982107355864811,3.2703777335984094
CHMP4C,0.6958250497017893,0.02385685884691849,4.186878727634195
CHMP5,0.40159045725646125,0.12326043737574553,2.6163021868787277
CHMP6,0.6540755467196819,0.005964214711729622,3.4771371769383697
CHMP7,0.3061630218687873,0.2644135188866799,2.2823061630218686
CHN1,0.5944333996023857,0.009940357852882704,3.1868787276341948
CHN2,0.6958250497017893,0.02385685884691849,3.834990059642147
CHP1,0.3260437375745527,0.16699801192842942,2.3141153081510932
CHP2,0.5924453280318092,0.03777335984095427,3.1451292246520874
CHPF,0.5685884691848907,0.019880715705765408,3.0457256461232602
CHPF2,0.6381709741550696,0.02982107355864811,3.4095427435387675
CHPT1,0.5168986083499006,0.06560636182902585,2.8986083499005963
CHRAC1,0.7037773359840954,0.017892644135188866,4.083499005964215
CHRD,0.5248508946322068,0.07157057654075547,3.0318091451292246
CHRDL1,0.2982107355864811,0.268389662027833,2.3180914512922466
CHRDL2,0.5984095427435387,0.019880715705765408,3.210735586481113
CHRM1,0.5705765407554672,0.02584493041749503,3.033797216699801
CHRM2,0.6341948310139165,0.02982107355864811,3.3578528827037775
CHRM3,0.7455268389662028,0.0019880715705765406,3.9642147117296225
CHRM4,0.5347912524850894,0.04572564612326044,2.94234592445328
CHRM5,0.33399602385685884,0.16699801192842942,2.3518886679920477
CHRNA1,0.5944333996023857,0.009940357852882704,3.1868787276341948
CHRNA2,0.3121272365805169,0.26043737574552683,2.304174950298211
CHRNA3,0.3817097415506958,0.11530815109343936,2.5049701789264414
CHRNA4,0.6361829025844931,0.017892644135188866,3.640159045725646
CHRNA5,0.3836978131212724,0.11332007952286283,2.5089463220675943
CHRNA7,0.32803180914512925,0.16699801192842942,2.3439363817097414
CHRNA9,0.5069582504970179,0.04970178926441352,2.944333996023857
CHRNB1,0.2982107355864811,0.20079522862823063,2.268389662027833
CHRNB2,0.7952286282306164,0.0019880715705765406,4.393638170974155
CHRNB3,0.5288270377733598,0.09542743538767395,3.3479125248508947
CHRNB4,0.3836978131212724,0.1172962226640159,2.5049701789264414
CHRND,0.5685884691848907,0.02584493041749503,3.017892644135189
CHST1,0.5268389662027833,0.04572564612326044,2.94831013916501
CHST10,0.584493041749503,0.005964214711729622,3.172962226640159
CHST11,0.5168986083499006,0.07554671968190854,2.89065606361829
CHST12,0.6819085487077535,0.02186878727634195,3.8707753479125246
CHST13,0.5288270377733598,0.05964214711729622,2.9403578528827037
CHST14,0.32803180914512925,0.16898608349900596,2.320079522862823
CHST15,0.47912524850894633,0.073558648111332,2.7554671968190854
CHST3,0.47912524850894633,0.06958250497017893,2.7813121272365806
CHST4,0.4711729622266402,0.0775347912524851,2.801192842942346
CHST6,0.4671968190854871,0.08151093439363817,2.831013916500994
CHST7,0.2524850894632207,0.3121272365805169,2.2326043737574555
CHST8,0.5526838966202783,0.05765407554671968,3.228628230616302
CHSY1,0.40556660039761433,0.10536779324055666,2.5825049701789267
CHSY3,0.38966202783300197,0.11133200795228629,2.6023856858846917
CHTF18,0.558648111332008,0.041749502982107355,3.1192842942345926
CHTF8,0.4831013916500994,0.07157057654075547,2.862823061630219
CHTOP,0.7972166998011928,0.0019880715705765406,4.385685884691849
CHUK,0.46520874751491054,0.07554671968190854,2.727634194831014
CIAO1,0.5964214711729622,0.005964214711729622,3.2405566600397613
CIAPIN1,0.49502982107355864,0.07554671968190854,2.8727634194831015
CIB1,0.40556660039761433,0.10536779324055666,2.5984095427435387
CIC,0.4990059642147117,0.073558648111332,2.8946322067594434
CIDEA,0.4711729622266402,0.08349900596421471,2.908548707753479
CIDEB,0.5546719681908548,0.06560636182902585,3.107355864811133
CIDEC,0.36381709741550694,0.12326043737574553,2.489065606361829
CIITA,0.5964214711729622,0.033797216699801194,3.190854870775348
CILP,0.37375745526838966,0.12127236580516898,2.4831013916500995
CINP,0.49304174950298213,0.0874751491053678,2.8429423459244534
CIR1,0.5944333996023857,0.009940357852882704,3.1868787276341948
CIRBP,0.30417495029821073,0.16699801192842942,2.2962226640159047
CISD1,0.48111332007952284,0.06958250497017893,2.8190854870775346
CISD2,0.43538767395626243,0.04970178926441352,2.662027833001988
CISD3,0.6262425447316103,0.015904572564612324,3.3658051689860833
CIT,0.5228628230616302,0.07157057654075547,2.9204771371769382
CITED1,0.27435387673956263,0.28628230616302186,2.2485089463220675
CITED2,0.3399602385685885,0.15308151093439365,2.610337972166998
CITED4,0.5526838966202783,0.02982107355864811,3.055666003976143
CKAP2,0.3379721669980119,0.14512922465208747,2.451292246520875
CKAP2L,0.5904572564612326,0.007952286282306162,3.182902584493042
CKAP4,0.5129224652087475,0.07554671968190854,2.8767395626242545
CKAP5,0.5347912524850894,0.04572564612326044,2.952286282306163
CKB,0.4870775347912525,0.09145129224652088,2.8548707753479126
CKLF,0.4850894632206759,0.06958250497017893,2.856858846918489
CKM,0.4731610337972167,0.09145129224652088,2.8369781312127236
CKMT1A,0.3399602385685885,0.16302186878727634,2.337972166998012
CKMT1B,0.3399602385685885,0.16302186878727634,2.337972166998012
CKMT2,0.3976143141153082,0.11332007952286283,2.624254473161034
CKS1B,0.7952286282306164,0.0019880715705765406,4.393638170974155
CLASP1,0.584493041749503,0.007952286282306162,3.1809145129224654
CLASP2,0.3499005964214712,0.12922465208747516,2.4174950298210733
CLCA1,0.4831013916500994,0.07952286282306163,2.779324055666004
CLCA2,0.4850894632206759,0.07952286282306163,2.7813121272365806
CLCA4,0.4831013916500994,0.07952286282306163,2.779324055666004
CLCF1,0.6202783300198808,0.013916500994035786,3.2485089463220675
CLCN6,0.510934393638171,0.061630218687872766,2.89065606361829
CLCN7,0.5646123260437376,0.041749502982107355,3.1232604373757455
CLDN1,0.532803180914513,0.073558648111332,3.0238568588469183
CLDN10,0.37375745526838966,0.11133200795228629,2.5984095427435387
CLDN11,0.5725646123260437,0.041749502982107355,3.250497017892644
CLDN14,0.4532803180914513,0.07157057654075547,2.79324055666004
CLDN15,0.6421471172962226,0.033797216699801194,3.423459244532803
CLDN16,0.532803180914513,0.073558648111332,3.0238568588469183
CLDN17,0.44532803180914515,0.08151093439363817,2.7852882703777335
CLDN18,0.532803180914513,0.055666003976143144,2.9920477137176937
CLDN19,0.5506958250497018,0.027833001988071572,3.0417495029821073
CLDN2,0.29025844930417494,0.27634194831013914,2.2922465208747513
CLDN22,0.3996023856858847,0.09741550695825049,2.566600397614314
CLDN23,0.3399602385685885,0.2544731610337972,2.381709741550696
CLDN3,0.6461232604373758,0.039761431411530816,3.3359840954274356
CLDN4,0.6461232604373758,0.039761431411530816,3.3359840954274356
CLDN5,0.44532803180914515,0.09542743538767395,2.709741550695825
CLDN6,0.5705765407554672,0.03777335984095427,3.121272365805169
CLDN7,0.2962226640159046,0.20079522862823063,2.2664015904572565
CLDN8,0.44532803180914515,0.08151093439363817,2.7852882703777335
CLDN9,0.5705765407554672,0.03777335984095427,3.121272365805169
CLEC10A,0.2962226640159046,0.20079522862823063,2.2664015904572565
CLEC12A,0.47912524850894633,0.1073558648111332,2.9165009940357853
CLEC14A,0.614314115308151,0.041749502982107355,4.077534791252485
CLEC1B,0.47912524850894633,0.1073558648111332,2.9165009940357853
CLEC2A,0.47912524850894633,0.1073558648111332,2.9165009940357853
CLEC2D,0.4831013916500994,0.10536779324055666,2.9224652087475147
CLEC3B,0.3379721669980119,0.13320079522862824,2.389662027833002
CLEC4C,0.49304174950298213,0.09741550695825049,2.9920477137176937
CLEC4D,0.48906560636182905,0.09542743538767395,2.9582504970178927
CLEC4E,0.48906560636182905,0.09542743538767395,2.9582504970178927
CLEC4G,0.3081510934393638,0.1610337972166998,2.2882703777335984
CLEC4M,0.3081510934393638,0.1610337972166998,2.2882703777335984
CLEC5A,0.6341948310139165,0.02584493041749503,3.3876739562624256
CLEC6A,0.48906560636182905,0.09741550695825049,2.956262425447316
CLEC7A,0.47912524850894633,0.1073558648111332,2.9165009940357853
CLGN,0.4294234592445328,0.0536779324055666,2.6819085487077534
CLIC1,0.6003976143141153,0.033797216699801194,3.268389662027833
CLIC2,0.3499005964214712,0.21272365805168986,2.554671968190855
CLIC3,0.40357852882703776,0.09741550695825049,2.5745526838966204
CLIC4,0.49502982107355864,0.06560636182902585,2.8489065606361827
CLIC5,0.6003976143141153,0.03180914512922465,3.2882703777335984
CLIC6,0.4532803180914513,0.07157057654075547,2.78727634194831
CLINT1,0.43538767395626243,0.09343936381709742,2.7514910536779325
CLIP1,0.5248508946322068,0.0775347912524851,2.9224652087475147
CLIP2,0.6461232604373758,0.03777335984095427,3.337972166998012
CLIP3,0.5526838966202783,0.05964214711729622,3.2266401590457257
CLK1,0.5765407554671969,0.015904572564612324,3.1113320079522864
CLK2,0.7972166998011928,0.0019880715705765406,4.369781312127237
CLK3,0.3856858846918489,0.11530815109343936,2.532803180914513
CLK4,0.4532803180914513,0.08349900596421471,2.8429423459244534
CLN3,0.6043737574552683,0.03180914512922465,3.198807157057654
CLN5,0.35984095427435386,0.11928429423459244,2.524850894632207
CLN6,0.3797216699801193,0.11928429423459244,2.481113320079523
CLN8,0.3558648111332008,0.2345924453280318,2.4473161033797215
CLNS1A,0.610337972166998,0.015904572564612324,3.320079522862823
CLOCK,0.5009940357852882,0.04970178926441352,2.9105367793240555
CLP1,0.5685884691848907,0.02982107355864811,3.0099403578528827
CLPP,0.3081510934393638,0.16302186878727634,2.2882703777335984
CLPS,0.5944333996023857,0.02982107355864811,3.246520874751491
CLPX,0.37375745526838966,0.12127236580516898,2.4831013916500995
CLRN1,0.5387673956262425,0.0536779324055666,3.043737574552684
CLSPN,0.5268389662027833,0.03777335984095427,2.944333996023857
CLSTN1,0.5168986083499006,0.06560636182902585,2.89662027833002
CLTA,0.38767395626242546,0.12922465208747516,2.5606361829025843
CLTB,0.4572564612326044,0.08349900596421471,2.8648111332007953
CLTCL1,0.441351888667992,0.09343936381709742,2.701789264413519
CLU,0.31411530815109345,0.2584493041749503,2.3101391650099403
CLUAP1,0.5685884691848907,0.03777335984095427,3.121272365805169
CLVS1,0.6540755467196819,0.02385685884691849,3.8648111332007953
CLVS2,0.3260437375745527,0.15904572564612326,2.405566600397614
CMA1,0.5506958250497018,0.0636182902584493,3.1192842942345926
CMAS,0.5268389662027833,0.0874751491053678,3.3359840954274356
CMC2,0.4532803180914513,0.10337972166998012,2.7335984095427435
CMC4,0.3359840954274354,0.21868787276341947,2.5168986083499005
CMIP,0.4552683896620278,0.10139165009940358,2.737574552683897
CMKLR1,0.5188866799204771,0.073558648111332,2.8986083499005963
CMPK1,0.5347912524850894,0.041749502982107355,2.94831013916501
CMTM2,0.4850894632206759,0.06958250497017893,2.856858846918489
CMTM3,0.4850894632206759,0.06958250497017893,2.856858846918489
CMTM4,0.4850894632206759,0.06958250497017893,2.856858846918489
CMTM5,0.5546719681908548,0.06759443339960239,3.1709741550695827
CMTM6,0.3499005964214712,0.1312127236580517,2.415506958250497
CMTM7,0.3499005964214712,0.1312127236580517,2.415506958250497
CMTM8,0.3499005964214712,0.12922465208747516,2.4174950298210733
CMTR1,0.6003976143141153,0.02982107355864811,3.2703777335984094
CMYA5,0.38767395626242546,0.1172962226640159,2.5825049701789267
CNBP,0.5308151093439364,0.05765407554671968,2.944333996023857
CNDP1,0.35984095427435386,0.1988071570576541,2.4652087475149105
CNDP2,0.36182902584493043,0.1988071570576541,2.4711729622266403
CNEP1R1,0.5188866799204771,0.073558648111332,2.94831013916501
CNGA1,0.5188866799204771,0.041749502982107355,3.0
CNGB1,0.49502982107355864,0.073558648111332,2.8767395626242545
CNGB3,0.6819085487077535,0.02982107355864811,4.00596421471173
CNIH1,0.5387673956262425,0.04970178926441352,3.0715705765407555
CNIH2,0.610337972166998,0.013916500994035786,3.191235059760956
CNIH3,0.7534791252485089,0.0019880715705765406,3.9363817097415508
CNKSR1,0.48906560636182905,0.06759443339960239,2.817097415506958
CNKSR2,0.2345924453280318,0.3379721669980119,2.1013916500994037
CNN1,0.3101391650099404,0.1550695825049702,2.31610337972167
CNN2,0.3061630218687873,0.16699801192842942,2.320079522862823
CNNM1,0.46123260437375746,0.07554671968190854,2.727634194831014
CNNM3,0.5964214711729622,0.005964214711729622,3.2524850894632205
CNNM4,0.5964214711729622,0.005964214711729622,3.2524850894632205
CNOT1,0.49502982107355864,0.073558648111332,2.874751491053678
CNOT10,0.3499005964214712,0.1312127236580517,2.415506958250497
CNOT11,0.584493041749503,0.003976143141153081,3.176938369781312
CNOT2,0.5705765407554672,0.03578528827037773,3.5049701789264414
CNOT3,0.44930417495029823,0.09542743538767395,2.7057654075546718
CNOT4,0.6322067594433399,0.02982107355864811,3.3658051689860833
CNOT6,0.46322067594433397,0.07952286282306163,2.886679920477137
CNOT6L,0.4671968190854871,0.04970178926441352,2.775347912524851
CNOT7,0.33399602385685884,0.2584493041749503,2.355864811133201
CNOT8,0.43141153081510936,0.09542743538767395,2.7475149105367795
CNOT9,0.5685884691848907,0.019880715705765408,3.0457256461232602
CNPY3,0.5984095427435387,0.02982107355864811,3.3220675944333995
CNR1,0.32007952286282304,0.15705765407554673,2.3797216699801194
CNR2,0.49105367793240556,0.06560636182902585,2.84493041749503
CNTF,0.562624254473161,0.02982107355864811,3.0019880715705765
CNTFR,0.3976143141153082,0.11332007952286283,2.6163021868787277
CNTLN,0.34393638170974156,0.2147117296222664,2.3956262425447314
CNTN1,0.5467196819085487,0.05964214711729622,3.073558648111332
CNTN2,0.7693836978131213,0.0019880715705765406,4.031809145129225
CNTN3,0.3797216699801193,0.12326043737574553,2.5089463220675943
CNTN4,0.35984095427435386,0.12326043737574553,2.469184890656064
CNTN5,0.5606361829025845,0.039761431411530816,3.0497017892644136
CNTNAP1,0.6123260437375746,0.02186878727634195,3.26441351888668
CNTNAP2,0.6341948310139165,0.03180914512922465,3.411530815109344
CNTRL,0.38767395626242546,0.09940357852882704,2.5467196819085487
COA5,0.588469184890656,0.005964214711729622,3.216699801192843
COA6,0.7335984095427436,0.007952286282306162,3.9025844930417497
COG1,0.658051689860835,0.007952286282306162,3.493041749502982
COG2,0.7395626242544732,0.003976143141153081,3.9105367793240555
COG3,0.31809145129224653,0.15904572564612326,2.3836978131212723
COG4,0.48111332007952284,0.07554671968190854,2.8330019880715707
COG5,0.6401590457256461,0.039761431411530816,3.4314115308151094
COG6,0.30417495029821073,0.16500994035785288,2.3518886679920477
COG7,0.5924453280318092,0.039761431411530816,3.1451292246520874
COG8,0.4850894632206759,0.06958250497017893,2.8648111332007953
COIL,0.6341948310139165,0.011928429423459244,3.3976143141153083
COL10A1,0.3121272365805169,0.1550695825049702,2.36779324055666
COL11A1,0.45129224652087474,0.09145129224652088,2.691848906560636
COL12A1,0.35785288270377735,0.13518886679920478,2.489065606361829
COL13A1,0.48111332007952284,0.06759443339960239,2.789264413518887
COL14A1,0.7256461232604374,0.013916500994035786,4.141153081510934
COL16A1,0.5129224652087475,0.05168986083499006,2.8946322067594434
COL18A1,0.4532803180914513,0.07554671968190854,2.7972166998011927
COL1A1,0.6361829025844931,0.009940357852882704,3.4015904572564613
COL1A2,0.6481113320079522,0.027833001988071572,3.415506958250497
COL20A1,0.6361829025844931,0.017892644135188866,3.640159045725646
COL23A1,0.4532803180914513,0.08349900596421471,2.852882703777336
COL25A1,0.4254473161033797,0.0536779324055666,2.6640159045725644
COL26A1,0.6401590457256461,0.033797216699801194,3.4174950298210733
COL2A1,0.5447316103379721,0.055666003976143144,3.017892644135189
COL3A1,0.584493041749503,0.011928429423459244,3.1510934393638173
COL4A1,0.3817097415506958,0.11332007952286283,2.6023856858846917
COL4A2,0.3817097415506958,0.11332007952286283,2.6023856858846917
COL4A3,0.5666003976143141,0.02385685884691849,3.033797216699801
COL4A4,0.5666003976143141,0.02385685884691849,3.0278330019880717
COL4A5,0.294234592445328,0.27435387673956263,2.3001988071570576
COL4A6,0.2922465208747515,0.27435387673956263,2.2962226640159047
COL5A1,0.3996023856858847,0.09741550695825049,2.5506958250497016
COL5A2,0.5825049701789264,0.011928429423459244,3.1451292246520874
COL5A3,0.3121272365805169,0.15308151093439365,2.320079522862823
COL6A1,0.4572564612326044,0.0775347912524851,2.805168986083499
COL6A2,0.4592445328031809,0.07554671968190854,2.8111332007952288
COL6A3,0.5666003976143141,0.027833001988071572,3.00596421471173
COL7A1,0.3220675944333996,0.1411530815109344,2.36779324055666
COL8A1,0.5069582504970179,0.061630218687872766,2.868787276341948
COL8A2,0.5308151093439364,0.03777335984095427,2.9502982107355864
COL9A1,0.3658051689860835,0.1272365805168986,2.520874751491054
COL9A2,0.5546719681908548,0.02982107355864811,3.055666003976143
COLEC10,0.7236580516898609,0.015904572564612324,4.168986083499006
COLEC11,0.5765407554671969,0.017892644135188866,3.1491053677932404
COLEC12,0.4990059642147117,0.09145129224652088,2.966202783300199
COLGALT1,0.34791252485089463,0.13717693836978131,2.4393638170974157
COLGALT2,0.7673956262425448,0.005964214711729622,4.009940357852883
COLQ,0.35785288270377735,0.12326043737574553,2.457256461232604
COMMD1,0.5924453280318092,0.013916500994035786,3.1669980119284293
COMMD4,0.3797216699801193,0.1172962226640159,2.502982107355865
COMMD5,0.6918489065606361,0.02385685884691849,4.013916500994036
COMMD6,0.35785288270377735,0.1172962226640159,2.5526838966202785
COMP,0.35785288270377735,0.1272365805168986,2.4870775347912524
COMT,0.44930417495029823,0.09145129224652088,2.7594433399602387
COPA,0.7813121272365805,0.0019880715705765406,4.250497017892644
COPB1,0.49304174950298213,0.055666003976143144,2.8886679920477136
COPB2,0.532803180914513,0.055666003976143144,3.0019880715705765
COPE,0.35984095427435386,0.12524850894632206,2.4950298210735586
COPG1,0.5308151093439364,0.05765407554671968,2.944333996023857
COPG2,0.6421471172962226,0.02982107355864811,3.4174950298210733
COPRS,0.6043737574552683,0.02982107355864811,3.190854870775348
COPS2,0.35984095427435386,0.14314115308151093,2.3956262425447314
COPS3,0.33399602385685884,0.18091451292246521,2.3737574552683895
COPS4,0.44930417495029823,0.04771371769383698,2.6858846918489068
COPS5,0.658051689860835,0.027833001988071572,3.868787276341948
COPS6,0.6481113320079522,0.02982107355864811,3.4990059642147116
COPS7A,0.49502982107355864,0.09343936381709742,3.0019880715705765
COPS7B,0.5705765407554672,0.02186878727634195,3.0318091451292246
COPS8,0.5666003976143141,0.027833001988071572,3.003976143141153
COPZ1,0.5526838966202783,0.0437375745526839,3.0715705765407555
COPZ2,0.6361829025844931,0.011928429423459244,3.3658051689860833
COQ2,0.44930417495029823,0.04771371769383698,2.6858846918489068
COQ3,0.31411530815109345,0.15904572564612326,2.3578528827037775
COQ4,0.3856858846918489,0.09741550695825049,2.518886679920477
COQ5,0.5228628230616302,0.07157057654075547,2.918489065606362
COQ6,0.4831013916500994,0.07554671968190854,2.8429423459244534
COQ7,0.588469184890656,0.0437375745526839,3.1192842942345926
COQ8B,0.5168986083499006,0.073558648111332,3.039761431411531
COQ9,0.49502982107355864,0.07554671968190854,2.8727634194831015
CORIN,0.5188866799204771,0.041749502982107355,3.0019880715705765
CORO1A,0.610337972166998,0.02584493041749503,3.2191235059760954
CORO1B,0.6202783300198808,0.013916500994035786,3.2485089463220675
CORO1C,0.5188866799204771,0.073558648111332,2.89662027833002
CORT,0.510934393638171,0.06560636182902585,2.8886679920477136
COX10,0.3101391650099404,0.20079522862823063,2.3061630218687874
COX11,0.6322067594433399,0.009940357852882704,3.389662027833002
COX14,0.5526838966202783,0.0536779324055666,3.05765407554672
COX15,0.46123260437375746,0.07554671968190854,2.727634194831014
COX16,0.48111332007952284,0.06958250497017893,2.8469184890656063
COX17,0.5188866799204771,0.061630218687872766,2.8886679920477136
COX18,0.47514910536779326,0.0437375745526839,2.8210735586481115
COX19,0.6858846918489065,0.02186878727634195,3.874751491053678
COX20,0.7514910536779325,0.0019880715705765406,3.9721669980119283
COX4I1,0.43737574552683894,0.10934393638170974,2.68389662027833
COX4I2,0.6262425447316103,0.019880715705765408,3.4015904572564613
COX5A,0.3817097415506958,0.1172962226640159,2.502982107355865
COX5B,0.5964214711729622,0.005964214711729622,3.2485089463220675
COX6A1,0.5228628230616302,0.07157057654075547,2.918489065606362
COX6A2,0.6083499005964215,0.027833001988071572,3.216699801192843
COX6B2,0.4532803180914513,0.09542743538767395,2.743538767395626
COX6C,0.7037773359840954,0.015904572564612324,4.1272365805168985
COX7A2,0.3538767395626243,0.13518886679920478,2.4831013916500995
COX7A2L,0.5864811133200796,0.015904572564612324,3.1749502982107356
COX7C,0.38966202783300197,0.11133200795228629,2.6123260437375744
COX8A,0.5765407554671969,0.02584493041749503,3.0596421471172963
CP,0.5387673956262425,0.0536779324055666,3.0278330019880717
CPA1,0.6421471172962226,0.02982107355864811,3.4174950298210733
CPA2,0.6421471172962226,0.02982107355864811,3.4174950298210733
CPB2,0.31610337972166996,0.1610337972166998,2.3737574552683895
CPD,0.5964214711729622,0.02982107355864811,3.1968190854870775
CPE,0.415506958250497,0.06560636182902585,2.6123260437375744
CPEB1,0.3836978131212724,0.11332007952286283,2.5168986083499005
CPLX1,0.4870775347912525,0.06759443339960239,2.8548707753479126
CPLX2,0.4592445328031809,0.08349900596421471,2.852882703777336
CPLX3,0.3817097415506958,0.1172962226640159,2.502982107355865
CPLX4,0.34592445328031807,0.21073558648111332,2.399602385685885
CPM,0.5785288270377733,0.033797216699801194,3.9463220675944335
CPN1,0.46520874751491054,0.07554671968190854,2.727634194831014
CPN2,0.5188866799204771,0.08349900596421471,2.9920477137176937
CPNE3,0.6858846918489065,0.027833001988071572,4.0
CPS1,0.5745526838966203,0.019880715705765408,3.0675944333996026
CPSF1,0.6938369781312127,0.02385685884691849,4.027833001988071
CPSF2,0.4970178926441352,0.07554671968190854,2.8667992047713717
CPSF3,0.5785288270377733,0.017892644135188866,3.15506958250497
CPSF4,0.6441351888667992,0.03180914512922465,3.489065606361829
CPSF6,0.5785288270377733,0.033797216699801194,3.8886679920477136
CPSF7,0.5805168986083499,0.019880715705765408,3.033797216699801
CPT1A,0.6262425447316103,0.015904572564612324,3.2962226640159047
CPT2,0.5208747514910537,0.04572564612326044,2.9224652087475147
CR1,0.7654075546719682,0.003976143141153081,4.0
CR2,0.7654075546719682,0.003976143141153081,3.996023856858847
CRABP1,0.3836978131212724,0.11332007952286283,2.5089463220675943
CRABP2,0.7872763419483101,0.0019880715705765406,4.282306163021869
CRACR2A,0.49304174950298213,0.09741550695825049,2.996023856858847
CRADD,0.5089463220675944,0.06560636182902585,2.900596421471173
CRAMP1,0.5646123260437376,0.0437375745526839,3.1172962226640157
CRAT,0.39165009940357853,0.09940357852882704,2.518886679920477
CRB1,0.7673956262425448,0.003976143141153081,4.013916500994036
CRB3,0.3101391650099404,0.16302186878727634,2.2922465208747513
CRBN,0.35984095427435386,0.12127236580516898,2.479125248508946
CRCP,0.6520874751491054,0.03180914512922465,3.4254473161033796
CREB1,0.5765407554671969,0.019880715705765408,3.10934393638171
CREB3,0.4095427435387674,0.1172962226640159,2.622266401590457
CREB3L1,0.5308151093439364,0.04572564612326044,2.9363817097415508
CREB3L2,0.6381709741550696,0.02982107355864811,3.381709741550696
CREB3L3,0.30019880715705766,0.16500994035785288,2.2763419483101393
CREB3L4,0.7952286282306164,0.0019880715705765406,4.391650099403578
CREB5,0.6938369781312127,0.02385685884691849,3.8369781312127236
CREBBP,0.5725646123260437,0.039761431411530816,3.1232604373757455
CREBZF,0.5964214711729622,0.02385685884691849,3.194831013916501
CREG1,0.7773359840954275,0.007952286282306162,4.0914512922465205
CRELD2,0.3658051689860835,0.15109343936381708,2.467196819085487
CREM,0.5566600397614314,0.03777335984095427,3.1113320079522864
CRH,0.6600397614314115,0.02584493041749503,3.878727634194831
CRHBP,0.3956262425447316,0.11133200795228629,2.594433399602386
CRHR1,0.6163021868787276,0.019880715705765408,3.337972166998012
CRHR2,0.6958250497017893,0.02584493041749503,3.840954274353877
CRIP1,0.4850894632206759,0.09542743538767395,2.8469184890656063
CRISP2,0.5864811133200796,0.03180914512922465,3.2365805168986084
CRISP3,0.5864811133200796,0.03180914512922465,3.2365805168986084
CRK,0.2823061630218688,0.20675944333996024,2.2445328031809146
CRKL,0.4592445328031809,0.08946322067594434,2.8290258449304173
CRLF1,0.35785288270377735,0.12922465208747516,2.485089463220676
CRLF2,0.3976143141153082,0.19284294234592445,2.6553784860557768
CRLS1,0.5089463220675944,0.09940357852882704,2.9542743538767398
CRMP1,0.48111332007952284,0.06560636182902585,2.8290258449304173
CRNKL1,0.5467196819085487,0.09343936381709742,3.0656063618290257
CRNN,0.7932405566600398,0.0019880715705765406,4.429423459244533
CROT,0.6441351888667992,0.02982107355864811,3.337972166998012
CRP,0.7813121272365805,0.0019880715705765406,4.254473161033797
CRTAM,0.5248508946322068,0.07157057654075547,2.918489065606362
CRTAP,0.3518886679920477,0.12922465208747516,2.4194831013916502
CRTC1,0.35984095427435386,0.12922465208747516,2.489065606361829
CRTC2,0.7952286282306164,0.0019880715705765406,4.391650099403578
CRTC3,0.40357852882703776,0.10337972166998012,2.5745526838966204
CRX,0.4274353876739563,0.1172962226640159,2.6381709741550696
CRY1,0.5188866799204771,0.07554671968190854,2.8846918489065607
CRY2,0.5288270377733598,0.04572564612326044,2.9502982107355864
CRYAA,0.4433399602385686,0.07952286282306163,2.7634194831013916
CRYAB,0.5168986083499006,0.073558648111332,2.9165009940357853
CRYBA1,0.6003976143141153,0.027833001988071572,3.1888667992047712
CRYGC,0.5765407554671969,0.019880715705765408,3.1113320079522864
CRYL1,0.30218687872763417,0.1749502982107356,2.2942345924453282
CRYM,0.5864811133200796,0.0437375745526839,3.1332007952286283
CRYZ,0.5009940357852882,0.0636182902584493,2.840954274353877
CS,0.5606361829025845,0.03777335984095427,3.125248508946322
CSAD,0.5566600397614314,0.041749502982107355,3.0596421471172963
CSDE1,0.43538767395626243,0.09343936381709742,2.68389662027833
CSE1L,0.5924453280318092,0.04572564612326044,3.308151093439364
CSF1,0.43339960238568587,0.09145129224652088,2.662027833001988
CSF1R,0.42147117296222664,0.09741550695825049,2.727634194831014
CSF2,0.38767395626242546,0.11133200795228629,2.5805168986083498
CSF2RB,0.40159045725646125,0.1272365805168986,2.592445328031809
CSF3,0.6182902584493042,0.019880715705765408,3.326043737574553
CSF3R,0.5387673956262425,0.039761431411530816,2.9582504970178927
CSGALNACT1,0.32007952286282304,0.2624254473161034,2.3300198807157058
CSGALNACT2,0.5308151093439364,0.055666003976143144,2.926441351888668
CSH1,0.6441351888667992,0.005964214711729622,3.4612326043737576
CSK,0.3817097415506958,0.11530815109343936,2.5049701789264414
CSN1S1,0.46520874751491054,0.04970178926441352,2.7972166998011927
CSN2,0.46520874751491054,0.04970178926441352,2.7972166998011927
CSN3,0.46520874751491054,0.04970178926441352,2.8111332007952288
CSNK1A1,0.4234592445328032,0.09542743538767395,2.719681908548708
CSNK1A1L,0.30218687872763417,0.16302186878727634,2.3459244532803183
CSNK1D,0.6461232604373758,0.005964214711729622,3.4493041749502984
CSNK1E,0.4115308151093439,0.12326043737574553,2.6262425447316105
CSNK1G1,0.3658051689860835,0.1272365805168986,2.4771371769383697
CSNK1G2,0.30218687872763417,0.16699801192842942,2.280318091451292
CSNK1G3,0.39363817097415504,0.1073558648111332,2.606361829025845
CSNK2A1,0.5069582504970179,0.09542743538767395,2.94234592445328
CSNK2A2,0.4970178926441352,0.07554671968190854,2.874751491053678
CSNK2B,0.5984095427435387,0.033797216699801194,3.2664015904572565
CSPG4,0.3797216699801193,0.11530815109343936,2.5049701789264414
CSPG5,0.32803180914512925,0.13916500994035785,2.371769383697813
CSPP1,0.658051689860835,0.027833001988071572,3.868787276341948
CSRP1,0.7713717693836978,0.0019880715705765406,4.0178926441351885
CSRP3,0.48906560636182905,0.05765407554671968,2.834990059642147
CST1,0.562624254473161,0.07157057654075547,3.1510934393638173
CST3,0.5646123260437376,0.07157057654075547,3.159045725646123
CST4,0.562624254473161,0.07157057654075547,3.1570576540755466
CST6,0.6023856858846919,0.019880715705765408,3.1610337972167
CSTA,0.5188866799204771,0.061630218687872766,2.926441351888668
CSTB,0.44532803180914515,0.07952286282306163,2.765407554671968
CSTF1,0.6123260437375746,0.02584493041749503,3.441351888667992
CSTF2,0.294234592445328,0.28429423459244535,2.3001988071570576
CSTF2T,0.4870775347912525,0.06560636182902585,2.8131212723658052
CSTF3,0.5129224652087475,0.04572564612326044,2.9125248508946324
CTAG1A,0.33399602385685884,0.21868787276341947,2.506958250497018
CTAG1B,0.33399602385685884,0.21868787276341947,2.506958250497018
CTBP1,0.48906560636182905,0.06560636182902585,2.8588469184890655
CTBP2,0.48111332007952284,0.073558648111332,2.757455268389662
CTBS,0.48906560636182905,0.0775347912524851,2.8210735586481115
CTCF,0.4850894632206759,0.07157057654075547,2.8548707753479126
CTDNEP1,0.2962226640159046,0.20079522862823063,2.2664015904572565
CTDP1,0.3518886679920477,0.2047713717693837,2.4214711729622267
CTDSP1,0.5685884691848907,0.019880715705765408,3.0457256461232602
CTDSP2,0.588469184890656,0.03777335984095427,3.6163021868787277
CTF1,0.6123260437375746,0.02584493041749503,3.2664015904572565
CTH,0.5049701789264414,0.0536779324055666,2.8588469184890655
CTIF,0.3538767395626243,0.19681908548707752,2.618290258449304
CTNNA1,0.41749502982107356,0.10139165009940358,2.667992047713718
CTNNA2,0.5864811133200796,0.017892644135188866,3.1491053677932404
CTNNA3,0.4831013916500994,0.0636182902584493,2.7972166998011927
CTNNB1,0.34592445328031807,0.12524850894632206,2.4174950298210733
CTNNBIP1,0.5168986083499006,0.06560636182902585,2.89662027833002
CTNNBL1,0.5864811133200796,0.03777335984095427,3.234592445328032
CTNND1,0.5646123260437376,0.02982107355864811,3.00596421471173
CTNND2,0.7534791252485089,0.013916500994035786,4.558648111332008
CTPS2,0.23856858846918488,0.3379721669980119,2.1153081510934393
CTR9,0.48111332007952284,0.0636182902584493,2.8389662027833
CTRB1,0.4671968190854871,0.07952286282306163,2.831013916500994
CTRB2,0.4671968190854871,0.07952286282306163,2.831013916500994
CTRL,0.4850894632206759,0.07157057654075547,2.8548707753479126
CTSA,0.5745526838966203,0.04771371769383698,3.1968190854870775
CTSB,0.3320079522862823,0.2624254473161034,2.3658051689860833
CTSC,0.5964214711729622,0.02385685884691849,3.1709741550695827
CTSD,0.4711729622266402,0.06560636182902585,2.7813121272365806
CTSE,0.7634194831013916,0.005964214711729622,3.9980119284294235
CTSF,0.6163021868787276,0.011928429423459244,3.2405566600397613
CTSG,0.5546719681908548,0.061630218687872766,3.1292246520874754
CTSH,0.3836978131212724,0.1172962226640159,2.5049701789264414
CTSK,0.7952286282306164,0.005964214711729622,4.449304174950298
CTSL,0.3538767395626243,0.12326043737574553,2.4174950298210733
CTSO,0.4294234592445328,0.061630218687872766,2.709741550695825
CTSS,0.7952286282306164,0.005964214711729622,4.449304174950298
CTSV,0.3499005964214712,0.12127236580516898,2.415506958250497
CTSZ,0.6282306163021869,0.02385685884691849,3.6262425447316105
CTTN,0.6202783300198808,0.017892644135188866,3.234592445328032
CTTNBP2,0.6421471172962226,0.03777335984095427,3.506958250497018
CTTNBP2NL,0.4254473161033797,0.09145129224652088,2.6481113320079523
CTU1,0.4393638170974155,0.11133200795228629,2.6699801192842942
CTU2,0.43538767395626243,0.11332007952286283,2.675944333996024
CUBN,0.5188866799204771,0.0536779324055666,2.9622266401590456
CUEDC2,0.46123260437375746,0.07554671968190854,2.713717693836978
CUL1,0.6381709741550696,0.03180914512922465,3.4035785288270377
CUL2,0.5566600397614314,0.03777335984095427,3.1113320079522864
CUL3,0.5646123260437376,0.02385685884691849,3.0258449304174952
CUL4A,0.3717693836978131,0.12524850894632206,2.650099403578529
CUL4B,0.3081510934393638,0.2485089463220676,2.3578528827037775
CUL5,0.5228628230616302,0.07157057654075547,2.9165009940357853
CUL9,0.5984095427435387,0.02982107355864811,3.3141153081510932
CUX1,0.6401590457256461,0.033797216699801194,3.4473161033797215
CWC15,0.5685884691848907,0.039761431411530816,3.091451292246521
CWC22,0.5924453280318092,0.009940357852882704,3.1868787276341948
CWC27,0.4135188866799205,0.10139165009940358,2.6719681908548707
CX3CL1,0.49502982107355864,0.07554671968190854,2.8727634194831015
CX3CR1,0.34393638170974156,0.1272365805168986,2.4135188866799204
CXADR,0.4433399602385686,0.09741550695825049,2.8290258449304173
CXCL1,0.4731610337972167,0.04572564612326044,2.8031809145129225
CXCL10,0.4671968190854871,0.04970178926441352,2.783300198807157
CXCL11,0.4671968190854871,0.04970178926441352,2.783300198807157
CXCL12,0.5208747514910537,0.055666003976143144,2.8767395626242545
CXCL13,0.4671968190854871,0.04970178926441352,2.775347912524851
CXCL14,0.39363817097415504,0.10536779324055666,2.5984095427435387
CXCL16,0.294234592445328,0.20278330019880716,2.2703777335984094
CXCL2,0.4731610337972167,0.04572564612326044,2.801192842942346
CXCL3,0.4731610337972167,0.04572564612326044,2.801192842942346
CXCL5,0.4731610337972167,0.04572564612326044,2.801192842942346
CXCL6,0.4731610337972167,0.04572564612326044,2.8071570576540754
CXCL8,0.4731610337972167,0.04572564612326044,2.8071570576540754
CXCL9,0.4671968190854871,0.04970178926441352,2.783300198807157
CXCR1,0.5685884691848907,0.019880715705765408,3.0457256461232602
CXCR2,0.5685884691848907,0.019880715705765408,3.0457256461232602
CXCR3,0.27037773359840955,0.29025844930417494,2.2405566600397613
CXCR4,0.5765407554671969,0.007952286282306162,3.0934393638170974
CXCR5,0.5347912524850894,0.05765407554671968,2.9741550695825048
CXCR6,0.3399602385685885,0.13717693836978131,2.3856858846918487
CXXC1,0.3359840954274354,0.2047713717693837,2.3856858846918487
CXXC5,0.415506958250497,0.10337972166998012,2.6600397614314115
CYB5A,0.35984095427435386,0.1988071570576541,2.4652087475149105
CYB5B,0.4850894632206759,0.06958250497017893,2.8648111332007953
CYB5R1,0.7693836978131213,0.0019880715705765406,4.0178926441351885
CYB5R2,0.4691848906560636,0.0636182902584493,2.7673956262425445
CYB5R3,0.40556660039761433,0.12524850894632206,2.572564612326044
CYBA,0.43538767395626243,0.11332007952286283,2.675944333996024
CYBB,0.24055666003976142,0.3320079522862823,2.1113320079522864
CYBRD1,0.5924453280318092,0.011928429423459244,3.1709741550695827
CYC1,0.6938369781312127,0.02385685884691849,4.0159045725646125
CYCS,0.6918489065606361,0.02385685884691849,3.868787276341948
CYFIP1,0.3717693836978131,0.147117296222664,2.514910536779324
CYGB,0.6540755467196819,0.009940357852882704,3.4612326043737576
CYLC1,0.27435387673956263,0.2803180914512923,2.250497017892644
CYLC2,0.36182902584493043,0.10139165009940358,2.4731610337972167
CYLD,0.5129224652087475,0.073558648111332,2.9642147117296225
CYP11A1,0.3856858846918489,0.1172962226640159,2.530815109343936
CYP11B1,0.7017892644135189,0.019880715705765408,4.063618290258449
CYP11B2,0.7017892644135189,0.019880715705765408,4.065606361829026
CYP17A1,0.46322067594433397,0.0775347912524851,2.713717693836978
CYP19A1,0.3658051689860835,0.13916500994035785,2.4174950298210733
CYP1A1,0.3836978131212724,0.11530815109343936,2.5288270377733597
CYP1A2,0.3836978131212724,0.11530815109343936,2.5288270377733597
CYP1B1,0.5944333996023857,0.013916500994035786,3.2047713717693838
CYP24A1,0.6182902584493042,0.02584493041749503,3.5506958250497016
CYP26A1,0.4691848906560636,0.0775347912524851,2.725646123260437
CYP27A1,0.5685884691848907,0.019880715705765408,3.0457256461232602
CYP2A13,0.510934393638171,0.073558648111332,2.9165009940357853
CYP2A6,0.5168986083499006,0.073558648111332,2.9582504970178927
CYP2A7,0.5168986083499006,0.073558648111332,2.9582504970178927
CYP2B6,0.5168986083499006,0.073558648111332,2.9324055666003974
CYP2C18,0.46520874751491054,0.07952286282306163,2.7176938369781314
CYP2C19,0.46520874751491054,0.07952286282306163,2.7176938369781314
CYP2C8,0.46520874751491054,0.08151093439363817,2.7157057654075545
CYP2C9,0.46520874751491054,0.08151093439363817,2.7157057654075545
CYP2E1,0.4711729622266402,0.08548707753479125,2.7335984095427435
CYP2J2,0.5089463220675944,0.05168986083499006,2.8767395626242545
CYP2S1,0.510934393638171,0.073558648111332,2.9165009940357853
CYP3A4,0.6441351888667992,0.03180914512922465,3.493041749502982
CYP3A5,0.6441351888667992,0.03180914512922465,3.489065606361829
CYP4A11,0.5347912524850894,0.039761431411530816,2.956262425447316
CYP4A22,0.5347912524850894,0.041749502982107355,2.9502982107355864
CYP4F2,0.3379721669980119,0.14512922465208747,2.3876739562624256
CYP4F22,0.3320079522862823,0.14512922465208747,2.375745526838966
CYP4F8,0.3320079522862823,0.14512922465208747,2.375745526838966
CYP51A1,0.6441351888667992,0.02584493041749503,3.4314115308151094
CYP7B1,0.6540755467196819,0.027833001988071572,3.817097415506958
CYP8B1,0.34592445328031807,0.12922465208747516,2.411530815109344
CYREN,0.6302186878727635,0.03180914512922465,3.363817097415507
CYTH2,0.4254473161033797,0.11332007952286283,2.640159045725646
CYTH3,0.6858846918489065,0.02186878727634195,3.89065606361829
CYTH4,0.40556660039761433,0.1272365805168986,2.6023856858846917
D2HGDH,0.562624254473161,0.02982107355864811,3.0019880715705765
DAAM1,0.5248508946322068,0.05765407554671968,2.9980119284294235
DAB2,0.7375745526838966,0.013916500994035786,4.369781312127237
DAB2IP,0.3856858846918489,0.09940357852882704,2.532803180914513
DACH1,0.3538767395626243,0.12127236580516898,2.5506958250497016
DACT1,0.5248508946322068,0.05964214711729622,3.017892644135189
DAD1,0.5526838966202783,0.06759443339960239,3.095427435387674
DAO,0.5188866799204771,0.073558648111332,2.89662027833002
DAOA,0.3797216699801193,0.11133200795228629,2.5984095427435387
DAP3,0.7952286282306164,0.0019880715705765406,4.353876739562624
DAPK1,0.3518886679920477,0.1272365805168986,2.4135188866799204
DAPK2,0.3658051689860835,0.1272365805168986,2.485089463220676
DAPK3,0.2962226640159046,0.16500994035785288,2.272365805168986
DAPP1,0.4254473161033797,0.05168986083499006,2.646123260437376
DAXX,0.6043737574552683,0.03180914512922465,3.2524850894632205
DAZAP1,0.30417495029821073,0.16500994035785288,2.290258449304175
DAZL,0.3499005964214712,0.12922465208747516,2.4433399602385686
DBF4,0.6441351888667992,0.02982107355864811,3.332007952286282
DBF4B,0.610337972166998,0.017892644135188866,3.2942345924453282
DBH,0.3976143141153082,0.09741550695825049,2.548707753479125
DBN1,0.4572564612326044,0.08151093439363817,2.8508946322067596
DBNL,0.6858846918489065,0.02385685884691849,3.8031809145129225
DBP,0.4254473161033797,0.11332007952286283,2.640159045725646
DBR1,0.5347912524850894,0.055666003976143144,2.99403578528827
DBT,0.4572564612326044,0.09343936381709742,2.725646123260437
DCAF1,0.32803180914512925,0.13916500994035785,2.3797216699801194
DCAF10,0.3836978131212724,0.13916500994035785,2.536779324055666
DCAF11,0.5546719681908548,0.06759443339960239,3.1113320079522864
DCAF12,0.3956262425447316,0.11530815109343936,2.6163021868787277
DCAF13,0.7077534791252486,0.013916500994035786,4.033797216699801
DCAF16,0.5009940357852882,0.0536779324055666,2.89065606361829
DCAF17,0.5944333996023857,0.011928429423459244,3.1709741550695827
DCAF4,0.4870775347912525,0.07157057654075547,2.8469184890656063
DCAF5,0.47912524850894633,0.06958250497017893,2.8429423459244534
DCAF6,0.7753479125248509,0.005964214711729622,4.081510934393638
DCAF7,0.6461232604373758,0.007952286282306162,3.4552683896620278
DCAF8,0.7793240556660039,0.0019880715705765406,4.26441351888668
DCC,0.341948310139165,0.2047713717693837,2.4035785288270377
DCK,0.4671968190854871,0.04970178926441352,2.8250497017892644
DCLRE1A,0.47713717693836977,0.07554671968190854,2.78727634194831
DCLRE1C,0.5188866799204771,0.0536779324055666,2.9761431411530817
DCN,0.5069582504970179,0.06759443339960239,2.908548707753479
DCP1A,0.3320079522862823,0.13518886679920478,2.3876739562624256
DCP1B,0.5009940357852882,0.08946322067594434,3.055666003976143
DCP2,0.39165009940357853,0.11332007952286283,2.5984095427435387
DCPS,0.5248508946322068,0.07157057654075547,2.930417495029821
DCT,0.37773359840954274,0.11530815109343936,2.6023856858846917
DCTD,0.3996023856858847,0.09741550695825049,2.570576540755467
DCTN1,0.588469184890656,0.019880715705765408,3.1570576540755466
DCTN2,0.5765407554671969,0.03777335984095427,3.3976143141153083
DCTN3,0.3976143141153082,0.11332007952286283,2.610337972166998
DCTN4,0.4254473161033797,0.09741550695825049,2.73558648111332
DCTN5,0.5924453280318092,0.03777335984095427,3.147117296222664
DCTN6,0.3260437375745527,0.2504970178926441,2.3220675944333995
DCTPP1,0.614314115308151,0.02584493041749503,3.224652087475149
DCUN1D1,0.5308151093439364,0.0636182902584493,3.0675944333996026
DCUN1D3,0.5864811133200796,0.0437375745526839,3.1292246520874754
DCXR,0.6481113320079522,0.005964214711729622,3.451292246520875
DDAH2,0.6003976143141153,0.033797216699801194,3.268389662027833
DDB1,0.5805168986083499,0.019880715705765408,3.033797216699801
DDB2,0.532803180914513,0.041749502982107355,2.9502982107355864
DDC,0.68389662027833,0.02584493041749503,3.8667992047713717
DDHD1,0.5506958250497018,0.04970178926441352,3.1053677932405566
DDHD2,0.45129224652087474,0.15705765407554673,3.0775347912524853
DDIT3,0.5745526838966203,0.03777335984095427,3.3446215139442232
DDIT4,0.47912524850894633,0.06958250497017893,2.783300198807157
DDIT4L,0.4274353876739563,0.05168986083499006,2.6520874751491053
DDN,0.5526838966202783,0.04771371769383698,3.047713717693837
DDO,0.3101391650099404,0.15705765407554673,2.3697813121272366
DDOST,0.49304174950298213,0.06560636182902585,2.8508946322067596
DDRGK1,0.5089463220675944,0.09741550695825049,2.9343936381709743
DDX1,0.5725646123260437,0.015904572564612324,3.1709741550695827
DDX11,0.558648111332008,0.055666003976143144,3.3180914512922466
DDX17,0.41749502982107356,0.12127236580516898,2.6421471172962225
DDX18,0.5825049701789264,0.007952286282306162,3.1530815109343937
DDX19A,0.48111332007952284,0.07554671968190854,2.8389662027833
DDX19B,0.48111332007952284,0.07554671968190854,2.8389662027833
DDX20,0.43141153081510936,0.09145129224652088,2.6600397614314115
DDX21,0.4850894632206759,0.06560636182902585,2.801192842942346
DDX23,0.5526838966202783,0.04970178926441352,3.043737574552684
DDX24,0.48906560636182905,0.07952286282306163,2.831013916500994
DDX25,0.5248508946322068,0.07157057654075547,2.930417495029821
DDX28,0.4850894632206759,0.06958250497017893,2.862823061630219
DDX31,0.39363817097415504,0.09940357852882704,2.532803180914513
DDX39A,0.31411530815109345,0.15308151093439365,2.3280318091451293
DDX39B,0.5964214711729622,0.033797216699801194,3.262425447316103
DDX3X,0.24254473161033796,0.33001988071570576,2.1510934393638173
DDX4,0.4671968190854871,0.09145129224652088,2.89065606361829
DDX41,0.4572564612326044,0.08151093439363817,2.8508946322067596
DDX42,0.6441351888667992,0.007952286282306162,3.459244532803181
DDX46,0.38767395626242546,0.10934393638170974,2.5805168986083498
DDX47,0.4671968190854871,0.10934393638170974,2.8886679920477136
DDX5,0.6481113320079522,0.005964214711729622,3.4552683896620278
DDX50,0.4850894632206759,0.06560636182902585,2.8071570576540754
DDX51,0.5248508946322068,0.07554671968190854,2.926441351888668
DDX52,0.6242544731610338,0.017892644135188866,3.353876739562624
DDX54,0.5188866799204771,0.073558648111332,2.900596421471173
DDX56,0.6858846918489065,0.02385685884691849,3.8250497017892644
DDX6,0.5347912524850894,0.05765407554671968,2.9741550695825048
DECR1,0.679920477137177,0.017892644135188866,3.988071570576541
DECR2,0.5546719681908548,0.0437375745526839,3.10934393638171
DEF6,0.6003976143141153,0.02982107355864811,3.2524850894632205
DEFA1,0.3359840954274354,0.2544731610337972,2.389662027833002
DEFA1B,0.3359840954274354,0.2544731610337972,2.389662027833002
DEFA3,0.3359840954274354,0.2544731610337972,2.389662027833002
DEFA5,0.3359840954274354,0.2544731610337972,2.381709741550696
DEFA6,0.33399602385685884,0.2544731610337972,2.3856858846918487
DEFB1,0.33399602385685884,0.2544731610337972,2.3856858846918487
DEFB104A,0.3359840954274354,0.2504970178926441,2.381709741550696
DEFB104B,0.3359840954274354,0.2504970178926441,2.381709741550696
DEFB121,0.6282306163021869,0.02385685884691849,3.389662027833002
DEFB4A,0.3359840954274354,0.2504970178926441,2.381709741550696
DEFB4B,0.3359840954274354,0.2504970178926441,2.381709741550696
DEGS1,0.7534791252485089,0.0019880715705765406,3.9383697813121272
DENND1A,0.3856858846918489,0.09940357852882704,2.5288270377733597
DENND1B,0.7673956262425448,0.003976143141153081,4.013916500994036
DENND1C,0.3101391650099404,0.16302186878727634,2.2922465208747513
DENND4A,0.3797216699801193,0.12127236580516898,2.4870775347912524
DENND4C,0.3399602385685885,0.2047713717693837,2.3956262425447314
DENND5A,0.4711729622266402,0.0636182902584493,2.7972166998011927
DEPDC1,0.510934393638171,0.04771371769383698,2.8767395626242545
DEPDC1B,0.4274353876739563,0.09741550695825049,2.713717693836978
DEPP1,0.5129224652087475,0.055666003976143144,2.868787276341948
DEPTOR,0.7236580516898609,0.013916500994035786,4.117296222664016
DERL1,0.7216699801192843,0.013916500994035786,4.170974155069582
DERL2,0.29025844930417494,0.2047713717693837,2.2604373757455267
DERL3,0.43737574552683894,0.10337972166998012,2.658051689860835
DES,0.5685884691848907,0.019880715705765408,3.0457256461232602
DET1,0.3976143141153082,0.11332007952286283,2.5526838966202785
DFFA,0.510934393638171,0.06560636182902585,2.8886679920477136
DFFB,0.5168986083499006,0.061630218687872766,2.908548707753479
DGAT1,0.6938369781312127,0.02385685884691849,4.027833001988071
DGAT2,0.6003976143141153,0.02385685884691849,3.2027833001988073
DGCR8,0.44930417495029823,0.09145129224652088,2.7594433399602387
DGKB,0.6898608349900597,0.02186878727634195,3.914512922465209
DGKQ,0.4870775347912525,0.06560636182902585,2.856858846918489
DGLUCY,0.4990059642147117,0.0775347912524851,2.9642147117296225
DGUOK,0.588469184890656,0.019880715705765408,3.1510934393638173
DHCR24,0.5168986083499006,0.04771371769383698,2.9105367793240555
DHCR7,0.614314115308151,0.015904572564612324,3.20675944333996
DHFR2,0.5009940357852882,0.06958250497017893,2.8707753479125246
DHODH,0.4711729622266402,0.07952286282306163,2.8071570576540754
DHPS,0.30417495029821073,0.1550695825049702,2.304174950298211
DHRS1,0.5546719681908548,0.06759443339960239,3.1053677932405566
DHRS3,0.5069582504970179,0.06560636182902585,2.8807157057654074
DHRS4,0.5546719681908548,0.06759443339960239,3.1113320079522864
DHRS7B,0.4095427435387674,0.147117296222664,2.6481113320079523
DHRS9,0.5904572564612326,0.013916500994035786,3.1709741550695827
DHTKD1,0.5129224652087475,0.055666003976143144,2.9542743538767398
DHX15,0.4970178926441352,0.05168986083499006,2.9224652087475147
DHX16,0.6003976143141153,0.033797216699801194,3.320079522862823
DHX32,0.47912524850894633,0.07554671968190854,2.7554671968190854
DHX33,0.29025844930417494,0.2047713717693837,2.2604373757455267
DHX35,0.5805168986083499,0.04572564612326044,3.20675944333996
DHX36,0.5427435387673957,0.055666003976143144,3.0636182902584492
DHX38,0.4711729622266402,0.07952286282306163,2.8071570576540754
DHX58,0.610337972166998,0.019880715705765408,3.2485089463220675
DHX8,0.6083499005964215,0.017892644135188866,3.2842942345924455
DHX9,0.7673956262425448,0.005964214711729622,4.023856858846918
DIAPH2,0.2922465208747515,0.2803180914512923,2.2942345924453282
DICER1,0.4870775347912525,0.08151093439363817,2.817097415506958
DIDO1,0.6302186878727635,0.017892644135188866,3.6302186878727634
DIMT1,0.42147117296222664,0.09940357852882704,2.7176938369781314
DIO2,0.49502982107355864,0.07952286282306163,2.856858846918489
DIO3,0.49502982107355864,0.08548707753479125,2.84493041749503
DIS3,0.3538767395626243,0.1172962226640159,2.5506958250497016
DIS3L,0.3797216699801193,0.12127236580516898,2.4950298210735586
DISC1,0.7395626242544732,0.003976143141153081,3.8986083499005963
DISP1,0.7514910536779325,0.003976143141153081,3.9204771371769382
DISP3,0.5089463220675944,0.0636182902584493,2.8886679920477136
DKC1,0.3359840954274354,0.21868787276341947,2.514910536779324
DKK1,0.4831013916500994,0.06958250497017893,2.805168986083499
DLAT,0.5168986083499006,0.07554671968190854,2.914512922465209
DLC1,0.3359840954274354,0.26043737574552683,2.3618290258449304
DLD,0.6401590457256461,0.039761431411530816,3.429423459244533
DLG1,0.5188866799204771,0.08548707753479125,2.9980119284294235
DLG2,0.6043737574552683,0.02584493041749503,3.190854870775348
DLG3,0.27037773359840955,0.2882703777335984,2.238568588469185
DLG4,0.2962226640159046,0.20079522862823063,2.2664015904572565
DLGAP2,0.3538767395626243,0.23061630218687873,2.4473161033797215
DLGAP3,0.5248508946322068,0.03777335984095427,2.9383697813121272
DLGAP4,0.5984095427435387,0.03180914512922465,3.2922465208747513
DLGAP5,0.5347912524850894,0.04970178926441352,3.0536779324055665
DLK1,0.49304174950298213,0.08349900596421471,2.827037773359841
DLL1,0.3240556660039761,0.14910536779324055,2.4135188866799204
DLL4,0.33001988071570576,0.16699801192842942,2.326043737574553
DLST,0.4850894632206759,0.07554671968190854,2.8588469184890655
DLX1,0.5924453280318092,0.011928429423459244,3.165009940357853
DLX3,0.6361829025844931,0.009940357852882704,3.407554671968191
DLX6,0.6401590457256461,0.03180914512922465,3.4373757455268388
DMAC2L,0.5467196819085487,0.05168986083499006,3.1292246520874754
DMAP1,0.5506958250497018,0.02982107355864811,3.011928429423459
DMBT1,0.47514910536779326,0.0775347912524851,2.7296222664015906
DMC1,0.41749502982107356,0.12127236580516898,2.6421471172962225
DMD,0.23856858846918488,0.34393638170974156,2.099403578528827
DMGDH,0.38767395626242546,0.1172962226640159,2.5825049701789267
DMP1,0.45129224652087474,0.04970178926441352,2.691848906560636
DMPK,0.46322067594433397,0.09940357852882704,2.8031809145129225
DMTN,0.3101391650099404,0.26043737574552683,2.2942345924453282
DMXL2,0.3658051689860835,0.13717693836978131,2.4194831013916502
DNA2,0.4850894632206759,0.0636182902584493,2.8131212723658052
DNAAF1,0.4433399602385686,0.10139165009940358,2.6858846918489068
DNAAF2,0.5467196819085487,0.04771371769383698,3.1351888667992047
DNAAF4,0.36381709741550694,0.13717693836978131,2.4433399602385686
DNAH1,0.32803180914512925,0.13717693836978131,2.3876739562624256
DNAH10,0.5288270377733598,0.07554671968190854,2.9383697813121272
DNAH11,0.6958250497017893,0.02385685884691849,3.926441351888668
DNAH12,0.33399602385685884,0.13320079522862824,2.3856858846918487
DNAH14,0.7534791252485089,0.0019880715705765406,3.94234592445328
DNAH17,0.6560636182902585,0.005964214711729622,3.4870775347912524
DNAH2,0.294234592445328,0.20278330019880716,2.262425447316103
DNAH3,0.5864811133200796,0.0437375745526839,3.1272365805168985
DNAH6,0.5864811133200796,0.019880715705765408,3.15506958250497
DNAH7,0.5805168986083499,0.011928429423459244,3.1013916500994037
DNAH8,0.6003976143141153,0.02982107355864811,3.304174950298211
DNAH9,0.30019880715705766,0.20874751491053678,2.280318091451292
DNAI1,0.3976143141153082,0.11332007952286283,2.6163021868787277
DNAI2,0.6520874751491054,0.009940357852882704,3.475149105367793
DNAJA1,0.40159045725646125,0.12326043737574553,2.6043737574552686
DNAJA2,0.5347912524850894,0.06958250497017893,2.9860834990059644
DNAJA3,0.5765407554671969,0.03777335984095427,3.131212723658052
DNAJA4,0.3836978131212724,0.11332007952286283,2.5089463220675943
DNAJB1,0.31610337972166996,0.15308151093439365,2.332007952286282
DNAJB11,0.5248508946322068,0.073558648111332,3.0099403578528827
DNAJB12,0.47912524850894633,0.06958250497017893,2.783300198807157
DNAJB2,0.5685884691848907,0.019880715705765408,3.0457256461232602
DNAJB4,0.48906560636182905,0.06560636182902585,2.8469184890656063
DNAJB5,0.3996023856858847,0.11332007952286283,2.6143141153081513
DNAJB6,0.6401590457256461,0.033797216699801194,3.4035785288270377
DNAJB9,0.6341948310139165,0.041749502982107355,3.4035785288270377
DNAJC1,0.5308151093439364,0.04572564612326044,2.9860834990059644
DNAJC10,0.5864811133200796,0.009940357852882704,3.176938369781312
DNAJC11,0.5129224652087475,0.0636182902584493,2.8986083499005963
DNAJC15,0.3121272365805169,0.15904572564612326,2.371769383697813
DNAJC19,0.532803180914513,0.061630218687872766,3.0656063618290257
DNAJC2,0.6381709741550696,0.039761431411530816,3.4314115308151094
DNAJC3,0.37375745526838966,0.10934393638170974,2.600397614314115
DNAJC4,0.5745526838966203,0.02584493041749503,3.047713717693837
DNAJC5,0.6401590457256461,0.019880715705765408,3.6819085487077534
DNAJC6,0.5029821073558648,0.055666003976143144,2.856858846918489
DNAJC7,0.6083499005964215,0.02385685884691849,3.242544731610338
DNAJC8,0.49304174950298213,0.0636182902584493,2.834990059642147
DNAL4,0.415506958250497,0.12127236580516898,2.636182902584493
DNALI1,0.5427435387673957,0.03578528827037773,2.9721669980119283
DNASE1L1,0.33399602385685884,0.21868787276341947,2.506958250497018
DNASE2,0.3061630218687873,0.1550695825049702,2.304174950298211
DND1,0.415506958250497,0.09940357852882704,2.6660039761431413
DNER,0.5685884691848907,0.02385685884691849,3.0159045725646125
DNLZ,0.3976143141153082,0.09542743538767395,2.5626242544731612
DNM1,0.3856858846918489,0.09741550695825049,2.518886679920477
DNM1L,0.562624254473161,0.05765407554671968,3.337972166998012
DNM2,0.3101391650099404,0.1550695825049702,2.3180914512922466
DNM3,0.7773359840954275,0.003976143141153081,4.067594433399602
DNMBP,0.46123260437375746,0.07554671968190854,2.7236580516898607
DNMT1,0.31610337972166996,0.15109343936381708,2.3359840954274356
DNMT3A,0.5944333996023857,0.013916500994035786,3.176938369781312
DNMT3B,0.6063618290258449,0.027833001988071572,3.2783300198807157
DNMT3L,0.4433399602385686,0.07952286282306163,2.7693836978131214
DNTT,0.4671968190854871,0.07952286282306163,2.7176938369781314
DNTTIP1,0.5745526838966203,0.04771371769383698,3.2007952286282304
DNTTIP2,0.4592445328031809,0.08151093439363817,2.7216699801192843
DOC2A,0.610337972166998,0.027833001988071572,3.216699801192843
DOC2B,0.2882703777335984,0.21073558648111332,2.2485089463220675
DOCK1,0.4731610337972167,0.07952286282306163,2.7594433399602387
DOCK11,0.30019880715705766,0.25646123260437376,2.3439363817097414
DOCK3,0.3260437375745527,0.13916500994035785,2.375745526838966
DOCK4,0.6381709741550696,0.039761431411530816,3.433399602385686
DOCK5,0.3101391650099404,0.25646123260437376,2.2842942345924455
DOCK6,0.3121272365805169,0.1550695825049702,2.3180914512922466
DOCK7,0.5049701789264414,0.055666003976143144,2.8707753479125246
DOCK8,0.3558648111332008,0.2147117296222664,2.4493041749502984
DOK1,0.588469184890656,0.019880715705765408,3.1570576540755466
DOK2,0.31411530815109345,0.26043737574552683,2.304174950298211
DOK7,0.4831013916500994,0.06560636182902585,2.827037773359841
DOLK,0.39165009940357853,0.09940357852882704,2.520874751491054
DOLPP1,0.39165009940357853,0.09940357852882704,2.518886679920477
DOP1A,0.3220675944333996,0.15109343936381708,2.3916500994035785
DOP1B,0.4532803180914513,0.07157057654075547,2.779324055666004
DOT1L,0.30417495029821073,0.16699801192842942,2.2842942345924455
DPAGT1,0.532803180914513,0.05765407554671968,2.970178926441352
DPEP1,0.4393638170974155,0.11332007952286283,2.673956262425447
DPEP2,0.4850894632206759,0.07157057654075547,2.8608349900596424
DPF1,0.5387673956262425,0.07157057654075547,3.147117296222664
DPF2,0.5805168986083499,0.019880715705765408,3.0795228628230618
DPH1,0.28628230616302186,0.20874751491053678,2.250497017892644
DPH2,0.5506958250497018,0.027833001988071572,3.0139165009940356
DPH3,0.3518886679920477,0.12922465208747516,2.4393638170974157
DPM1,0.5924453280318092,0.039761431411530816,3.341948310139165
DPM2,0.3856858846918489,0.09542743538767395,2.520874751491054
DPM3,0.7952286282306164,0.0019880715705765406,4.3757455268389664
DPP4,0.584493041749503,0.009940357852882704,3.1848906560636183
DPP6,0.6381709741550696,0.03180914512922465,3.407554671968191
DPP7,0.40556660039761433,0.09741550695825049,2.5785288270377733
DPP8,0.3757455268389662,0.12127236580516898,2.485089463220676
DPP9,0.30218687872763417,0.16302186878727634,2.280318091451292
DPPA4,0.5168986083499006,0.05964214711729622,2.918489065606362
DPT,0.7793240556660039,0.005964214711729622,4.0894632206759445
DPY30,0.584493041749503,0.015904572564612324,3.165009940357853
DPYD,0.4572564612326044,0.09145129224652088,2.709741550695825
DPYS,0.705765407554672,0.015904572564612324,4.029821073558648
DPYSL2,0.31610337972166996,0.25646123260437376,2.3121272365805168
DPYSL3,0.4234592445328032,0.09542743538767395,2.7216699801192843
DPYSL4,0.4691848906560636,0.08151093439363817,2.73558648111332
DPYSL5,0.5944333996023857,0.013916500994035786,3.1809145129224654
DR1,0.46322067594433397,0.07952286282306163,2.749502982107356
DRAP1,0.6003976143141153,0.019880715705765408,3.1391650099403576
DRAXIN,0.5089463220675944,0.061630218687872766,2.89065606361829
DRD1,0.46520874751491054,0.08349900596421471,2.874751491053678
DRD2,0.5248508946322068,0.07157057654075547,2.9025844930417497
DRD3,0.5149105367793241,0.061630218687872766,2.9025844930417497
DRD4,0.46322067594433397,0.06958250497017893,2.7693836978131214
DRD5,0.49105367793240556,0.0636182902584493,2.8369781312127236
DRG1,0.4095427435387674,0.1172962226640159,2.5964214711729623
DRG2,0.34393638170974156,0.1749502982107356,2.4194831013916502
DROSHA,0.7455268389662028,0.009940357852882704,4.357852882703777
DSC1,0.4135188866799205,0.1411530815109344,2.7395626242544733
DSC2,0.4135188866799205,0.1411530815109344,2.737574552683897
DSC3,0.4135188866799205,0.1411530815109344,2.749502982107356
DSCAM,0.45129224652087474,0.06958250497017893,2.7912524850894633
DSCC1,0.7216699801192843,0.013916500994035786,4.107355864811133
DSE,0.3121272365805169,0.1550695825049702,2.36779324055666
DSG1,0.415506958250497,0.1411530815109344,2.7455268389662026
DSG2,0.415506958250497,0.1411530815109344,2.753479125248509
DSG3,0.415506958250497,0.1411530815109344,2.7455268389662026
DSG4,0.415506958250497,0.1411530815109344,2.743538767395626
DSN1,0.5944333996023857,0.03180914512922465,3.2783300198807157
DSP,0.6123260437375746,0.03180914512922465,3.320079522862823
DST,0.5785288270377733,0.03777335984095427,3.20675944333996
DSTN,0.536779324055666,0.10337972166998012,3.0079522862823063
DTL,0.7514910536779325,0.005964214711729622,3.9383697813121272
DTNA,0.4135188866799205,0.14512922465208747,2.8210735586481115
DTNB,0.5944333996023857,0.013916500994035786,3.1789264413518885
DTNBP1,0.6003976143141153,0.033797216699801194,3.242544731610338
DTX1,0.5188866799204771,0.073558648111332,2.900596421471173
DTX2,0.6341948310139165,0.039761431411530816,3.302186878727634
DTX3L,0.5208747514910537,0.061630218687872766,2.9244532803180916
DTX4,0.5685884691848907,0.02982107355864811,3.0
DTYMK,0.562624254473161,0.02982107355864811,3.0019880715705765
DUOX1,0.34393638170974156,0.16500994035785288,2.3518886679920477
DUOX2,0.34393638170974156,0.16500994035785288,2.353876739562624
DUOXA1,0.34393638170974156,0.16500994035785288,2.353876739562624
DUSP1,0.46520874751491054,0.0874751491053678,2.8986083499005963
DUSP10,0.7495029821073559,0.0019880715705765406,3.918489065606362
DUSP12,0.7852882703777336,0.0019880715705765406,4.240556660039761
DUSP16,0.4711729622266402,0.1073558648111332,2.9025844930417497
DUSP19,0.5864811133200796,0.009940357852882704,3.1570576540755466
DUSP2,0.5964214711729622,0.005964214711729622,3.2326043737574555
DUSP3,0.6083499005964215,0.017892644135188866,3.286282306163022
DUSP4,0.3260437375745527,0.2544731610337972,2.324055666003976
DUSP5,0.4731610337972167,0.07952286282306163,2.7475149105367795
DUSP6,0.5089463220675944,0.06958250497017893,2.9165009940357853
DUSP7,0.32803180914512925,0.13717693836978131,2.381709741550696
DUSP8,0.4711729622266402,0.06560636182902585,2.7852882703777335
DUSP9,0.33399602385685884,0.21868787276341947,2.5009940357852884
DUT,0.3538767395626243,0.14512922465208747,2.3797216699801194
DVL1,0.5268389662027833,0.0536779324055666,2.9463220675944335
DVL2,0.2962226640159046,0.20079522862823063,2.2664015904572565
DVL3,0.5288270377733598,0.06560636182902585,3.043737574552684
DYM,0.34791252485089463,0.19681908548707752,2.6381709741550696
DYNC1H1,0.49502982107355864,0.0874751491053678,2.8429423459244534
DYNC1I1,0.6401590457256461,0.03180914512922465,3.4214711729622267
DYNC1I2,0.5924453280318092,0.011928429423459244,3.1669980119284293
DYNC1LI1,0.3499005964214712,0.1312127236580517,2.415506958250497
DYNC1LI2,0.4831013916500994,0.06958250497017893,2.852882703777336
DYNC2LI1,0.5944333996023857,0.013916500994035786,3.224652087475149
DYNLL1,0.5228628230616302,0.07157057654075547,2.918489065606362
DYNLL2,0.6302186878727635,0.013916500994035786,3.3856858846918487
DYNLRB1,0.6023856858846919,0.02982107355864811,3.304174950298211
DYNLRB2,0.4552683896620278,0.10139165009940358,2.7395626242544733
DYNLT1,0.31809145129224653,0.1550695825049702,2.3956262425447314
DYNLT3,0.24055666003976142,0.33001988071570576,2.113320079522863
DYRK1A,0.45129224652087474,0.073558648111332,2.805168986083499
DYRK1B,0.5308151093439364,0.06958250497017893,3.099403578528827
DYRK2,0.5725646123260437,0.03578528827037773,3.624254473161034
DYRK4,0.49105367793240556,0.09741550695825049,2.988071570576541
DYSF,0.588469184890656,0.015904572564612324,3.15506958250497
DZIP1,0.37375745526838966,0.10934393638170974,2.600397614314115
DZIP3,0.5188866799204771,0.05765407554671968,2.918489065606362
E2F1,0.5984095427435387,0.02982107355864811,3.2584493041749503
E2F2,0.48906560636182905,0.06958250497017893,2.840954274353877
E2F3,0.6003976143141153,0.033797216699801194,3.2783300198807157
E2F4,0.48111332007952284,0.07157057654075547,2.8489065606361827
E2F5,0.6898608349900597,0.02186878727634195,4.013916500994036
E2F6,0.5745526838966203,0.017892644135188866,3.147117296222664
E2F7,0.5268389662027833,0.061630218687872766,2.982107355864811
E2F8,0.48906560636182905,0.05765407554671968,2.834990059642147
E4F1,0.5666003976143141,0.039761431411530816,3.121272365805169
EAF1,0.35785288270377735,0.12326043737574553,2.457256461232604
EAF2,0.5149105367793241,0.061630218687872766,2.908548707753479
EAPP,0.6123260437375746,0.04572564612326044,3.8608349900596424
EARS2,0.5904572564612326,0.039761431411530816,3.143141153081511
EBAG9,0.705765407554672,0.015904572564612324,4.007952286282306
EBF1,0.44532803180914515,0.08946322067594434,2.7912524850894633
EBI3,0.30019880715705766,0.16500994035785288,2.2763419483101393
EBNA1BP2,0.5487077534791253,0.027833001988071572,3.0417495029821073
EBP,0.2544731610337972,0.3101391650099404,2.172962226640159
ECD,0.47713717693836977,0.06759443339960239,2.78727634194831
ECE1,0.49502982107355864,0.06560636182902585,2.8588469184890655
ECH1,0.536779324055666,0.073558648111332,3.1332007952286283
ECHDC1,0.3320079522862823,0.1550695825049702,2.4373757455268388
ECHDC2,0.5228628230616302,0.04572564612326044,2.9165009940357853
ECHS1,0.4711729622266402,0.08151093439363817,2.7415506958250497
ECI1,0.5666003976143141,0.039761431411530816,3.121272365805169
ECI2,0.6123260437375746,0.03180914512922465,3.2664015904572565
ECM1,0.7952286282306164,0.0019880715705765406,4.443339960238569
ECPAS,0.3836978131212724,0.10139165009940358,2.5347912524850895
ECSIT,0.3101391650099404,0.1550695825049702,2.31610337972167
ECT2,0.5546719681908548,0.04771371769383698,3.1510934393638173
EDA,0.27037773359840955,0.28628230616302186,2.2365805168986084
EDA2R,0.27435387673956263,0.2803180914512923,2.3061630218687874
EDAR,0.5825049701789264,0.007952286282306162,3.159045725646123
EDARADD,0.7395626242544732,0.0019880715705765406,3.9105367793240555
EDC3,0.3836978131212724,0.11530815109343936,2.5288270377733597
EDC4,0.4850894632206759,0.07157057654075547,2.8548707753479126
EDEM1,0.35984095427435386,0.12127236580516898,2.467196819085487
EDEM3,0.7693836978131213,0.005964214711729622,4.0159045725646125
EDF1,0.40159045725646125,0.09741550695825049,2.570576540755467
EDIL3,0.39363817097415504,0.11133200795228629,2.618290258449304
EDN1,0.610337972166998,0.03180914512922465,3.280318091451292
EDN2,0.5526838966202783,0.02982107355864811,3.0596421471172963
EDN3,0.6262425447316103,0.02385685884691849,3.6043737574552686
EDNRA,0.43737574552683894,0.0536779324055666,2.7077534791252487
EDNRB,0.36182902584493043,0.11530815109343936,2.536779324055666
EEA1,0.5089463220675944,0.06759443339960239,2.900596421471173
EED,0.5964214711729622,0.02385685884691849,3.1749502982107356
EEF1A1,0.3658051689860835,0.13320079522862824,2.5009940357852884
EEF1A2,0.6381709741550696,0.017892644135188866,3.6640159045725644
EEF1B2,0.5745526838966203,0.017892644135188866,3.091451292246521
EEF1D,0.7017892644135189,0.02186878727634195,4.039761431411531
EEF1E1,0.6123260437375746,0.03180914512922465,3.3121272365805168
EEF1G,0.5705765407554672,0.02584493041749503,3.029821073558648
EEF2,0.2962226640159046,0.16500994035785288,2.272365805168986
EEF2K,0.5924453280318092,0.039761431411530816,3.1510934393638173
EEFSEC,0.5288270377733598,0.061630218687872766,2.9284294234592445
EFEMP1,0.588469184890656,0.011928429423459244,3.234592445328032
EFEMP2,0.6003976143141153,0.019880715705765408,3.1391650099403576
EFHC1,0.5825049701789264,0.03578528827037773,3.2226640159045727
EFHD2,0.5049701789264414,0.06759443339960239,2.892644135188867
EFNA1,0.7952286282306164,0.0019880715705765406,4.3757455268389664
EFNA2,0.30417495029821073,0.16500994035785288,2.298210735586481
EFNA3,0.7952286282306164,0.0019880715705765406,4.3757455268389664
EFNA4,0.7952286282306164,0.0019880715705765406,4.387673956262425
EFNA5,0.3976143141153082,0.11530815109343936,2.628230616302187
EFNB1,0.27037773359840955,0.28429423459244535,2.2405566600397613
EFNB3,0.294234592445328,0.20278330019880716,2.262425447316103
EFTUD2,0.614314115308151,0.017892644135188866,3.302186878727634
EGF,0.42147117296222664,0.05168986083499006,2.6640159045725644
EGFR,0.6898608349900597,0.02584493041749503,4.256461232604374
EGLN1,0.7395626242544732,0.003976143141153081,3.8986083499005963
EGLN2,0.5168986083499006,0.073558648111332,2.9642147117296225
EGLN3,0.6083499005964215,0.04572564612326044,3.771371769383698
EGR1,0.41749502982107356,0.09940357852882704,2.6640159045725644
EGR2,0.4831013916500994,0.06560636182902585,2.809145129224652
EGR4,0.588469184890656,0.015904572564612324,3.147117296222664
EHBP1,0.5924453280318092,0.013916500994035786,3.1630218687872764
EHD1,0.5785288270377733,0.02385685884691849,3.047713717693837
EHD2,0.4254473161033797,0.1172962226640159,2.63220675944334
EHD3,0.584493041749503,0.015904572564612324,3.1669980119284293
EHD4,0.33001988071570576,0.16699801192842942,2.3141153081510932
EHHADH,0.5248508946322068,0.07157057654075547,3.029821073558648
EHMT1,0.40755467196819084,0.09741550695825049,2.5825049701789267
EHMT2,0.6023856858846919,0.033797216699801194,3.272365805168986
EID3,0.5129224652087475,0.07554671968190854,2.8807157057654074
EIF1,0.6083499005964215,0.02584493041749503,3.262425447316103
EIF1AX,0.24055666003976142,0.3359840954274354,2.107355864811133
EIF2A,0.5387673956262425,0.0536779324055666,3.043737574552684
EIF2AK1,0.6858846918489065,0.02186878727634195,3.89065606361829
EIF2AK2,0.5924453280318092,0.013916500994035786,3.2027833001988073
EIF2AK3,0.5864811133200796,0.015904572564612324,3.15506958250497
EIF2AK4,0.32803180914512925,0.1709741550695825,2.3180914512922466
EIF2B1,0.5288270377733598,0.07554671968190854,2.9403578528827037
EIF2B2,0.4850894632206759,0.07554671968190854,2.856858846918489
EIF2B3,0.5467196819085487,0.02982107355864811,3.0099403578528827
EIF2B4,0.5944333996023857,0.013916500994035786,3.1809145129224654
EIF2D,0.7654075546719682,0.003976143141153081,4.001988071570577
EIF2S1,0.4850894632206759,0.06759443339960239,2.8389662027833
EIF2S2,0.5964214711729622,0.02982107355864811,3.262425447316103
EIF2S3,0.2286282306163022,0.341948310139165,2.1113320079522864
EIF3A,0.4731610337972167,0.0775347912524851,2.731610337972167
EIF3B,0.6819085487077535,0.02186878727634195,3.8707753479125246
EIF3C,0.6063618290258449,0.03180914512922465,3.2027833001988073
EIF3D,0.3976143141153082,0.12922465208747516,2.6043737574552686
EIF3E,0.705765407554672,0.017892644135188866,4.023856858846918
EIF3F,0.4711729622266402,0.05964214711729622,2.7733598409542743
EIF3G,0.31610337972166996,0.15308151093439365,2.3339960238568587
EIF3H,0.7176938369781312,0.017892644135188866,4.093439363817097
EIF3I,0.5149105367793241,0.04771371769383698,2.904572564612326
EIF3J,0.341948310139165,0.16699801192842942,2.341948310139165
EIF3K,0.5387673956262425,0.073558648111332,3.147117296222664
EIF3L,0.4135188866799205,0.12524850894632206,2.624254473161034
EIF3M,0.510934393638171,0.04572564612326044,2.908548707753479
EIF4A1,0.2982107355864811,0.20278330019880716,2.2664015904572565
EIF4A2,0.5228628230616302,0.073558648111332,3.00596421471173
EIF4B,0.5566600397614314,0.041749502982107355,3.069582504970179
EIF4E,0.4234592445328032,0.05168986083499006,2.6341948310139167
EIF4E1B,0.4572564612326044,0.08151093439363817,2.862823061630219
EIF4E2,0.5685884691848907,0.02584493041749503,3.017892644135189
EIF4E3,0.37773359840954274,0.12524850894632206,2.5228628230616303
EIF4EBP1,0.45129224652087474,0.1550695825049702,3.0278330019880717
EIF4EBP3,0.415506958250497,0.10139165009940358,2.6660039761431413
EIF4ENIF1,0.4095427435387674,0.1172962226640159,2.5964214711729623
EIF4G1,0.5248508946322068,0.06759443339960239,3.0377733598409544
EIF4G2,0.48111332007952284,0.0636182902584493,2.8389662027833
EIF4G3,0.49502982107355864,0.0636182902584493,2.856858846918489
EIF4H,0.6461232604373758,0.03777335984095427,3.337972166998012
EIF5,0.48906560636182905,0.08946322067594434,2.8508946322067596
EIF5A,0.2962226640159046,0.20079522862823063,2.2664015904572565
EIF5A2,0.5685884691848907,0.041749502982107355,3.2365805168986084
EIF5AL1,0.4731610337972167,0.06958250497017893,2.79324055666004
EIF5B,0.5864811133200796,0.005964214711729622,3.2047713717693838
EIF6,0.6163021868787276,0.02584493041749503,3.3518886679920477
ELAC2,0.31411530815109345,0.20278330019880716,2.3061630218687874
ELANE,0.3061630218687873,0.16699801192842942,2.3141153081510932
ELAVL1,0.3081510934393638,0.15904572564612326,2.2922465208747513
ELF1,0.3081510934393638,0.16302186878727634,2.3578528827037775
ELF2,0.43141153081510936,0.0536779324055666,2.691848906560636
ELF3,0.7673956262425448,0.005964214711729622,4.009940357852883
ELK4,0.7673956262425448,0.003976143141153081,4.023856858846918
ELL,0.3538767395626243,0.12922465208747516,2.475149105367793
ELL2,0.3996023856858847,0.11332007952286283,2.6123260437375744
ELL3,0.3399602385685885,0.16302186878727634,2.337972166998012
ELMO1,0.6918489065606361,0.02385685884691849,3.8250497017892644
ELMO2,0.5805168986083499,0.0437375745526839,3.2823061630218686
ELMO3,0.48111332007952284,0.07157057654075547,2.8489065606361827
ELOA,0.48906560636182905,0.06759443339960239,2.8429423459244534
ELOA2,0.35984095427435386,0.19483101391650098,2.49800796812749
ELOB,0.5705765407554672,0.039761431411530816,3.1192842942345926
ELOC,0.6759443339960238,0.019880715705765408,4.021868787276342
ELOVL1,0.5487077534791253,0.027833001988071572,3.039761431411531
ELOVL2,0.610337972166998,0.03180914512922465,3.256461232604374
ELOVL3,0.4592445328031809,0.0775347912524851,2.709741550695825
ELOVL4,0.3240556660039761,0.14512922465208747,2.375745526838966
ELOVL5,0.5825049701789264,0.03578528827037773,3.2027833001988073
ELOVL6,0.42147117296222664,0.05168986083499006,2.667992047713718
ELOVL7,0.4294234592445328,0.09741550695825049,2.7236580516898607
ELP1,0.3836978131212724,0.10536779324055666,2.532803180914513
ELP2,0.4095427435387674,0.14512922465208747,2.8071570576540754
ELP3,0.32007952286282304,0.25646123260437376,2.3220675944333995
ELP4,0.5009940357852882,0.04970178926441352,2.886679920477137
ELP5,0.2962226640159046,0.20079522862823063,2.2664015904572565
EMB,0.5268389662027833,0.08151093439363817,3.1332007952286283
EMC1,0.5009940357852882,0.06759443339960239,2.852882703777336
EMC10,0.43141153081510936,0.10934393638170974,2.6540755467196817
EMC2,0.709741550695825,0.017892644135188866,4.033797216699801
EMC4,0.3320079522862823,0.1610337972166998,2.3518886679920477
EMC6,0.2922465208747515,0.20675944333996024,2.262425447316103
EMC7,0.3320079522862823,0.16302186878727634,2.349900596421471
EMC8,0.43737574552683894,0.1073558648111332,2.6858846918489068
EMD,0.33399602385685884,0.21868787276341947,2.506958250497018
EME1,0.6322067594433399,0.009940357852882704,3.4015904572564613
EME2,0.5646123260437376,0.0437375745526839,3.1172962226640157
EMG1,0.49304174950298213,0.09542743538767395,2.996023856858847
EML1,0.49502982107355864,0.08349900596421471,2.8330019880715707
EML4,0.588469184890656,0.013916500994035786,3.198807157057654
EMSY,0.6063618290258449,0.017892644135188866,3.198807157057654
ENAH,0.7495029821073559,0.0019880715705765406,3.930417495029821
ENAM,0.46520874751491054,0.04970178926441352,2.805168986083499
ENC1,0.3976143141153082,0.10934393638170974,2.6163021868787277
ENDOG,0.38966202783300197,0.09741550695825049,2.518886679920477
ENG,0.3856858846918489,0.09542743538767395,2.520874751491054
ENGASE,0.658051689860835,0.005964214711729622,3.4870775347912524
ENKUR,0.532803180914513,0.041749502982107355,3.0099403578528827
ENO1,0.510934393638171,0.06759443339960239,2.8886679920477136
ENO2,0.49304174950298213,0.09542743538767395,2.996023856858847
ENO3,0.294234592445328,0.20079522862823063,2.272365805168986
ENPEP,0.4194831013916501,0.05168986083499006,2.658051689860835
ENPP2,0.7256461232604374,0.013916500994035786,4.170974155069582
ENPP3,0.34791252485089463,0.1550695825049702,2.4532803180914513
ENPP6,0.40357852882703776,0.09741550695825049,2.572564612326044
ENPP7,0.658051689860835,0.005964214711729622,3.4990059642147116
ENSA,0.7952286282306164,0.0019880715705765406,4.441351888667992
ENTPD2,0.40556660039761433,0.09741550695825049,2.5785288270377733
ENTPD3,0.34393638170974156,0.12524850894632206,2.4214711729622267
ENTPD4,0.3061630218687873,0.2644135188866799,2.2922465208747513
ENTPD5,0.4831013916500994,0.07554671968190854,2.8429423459244534
ENTPD6,0.558648111332008,0.06560636182902585,3.131212723658052
ENTPD8,0.40556660039761433,0.09741550695825049,2.5785288270377733
ENY2,0.705765407554672,0.015904572564612324,4.009940357852883
EOGT,0.3697813121272366,0.12524850894632206,2.502982107355865
EOMES,0.341948310139165,0.12922465208747516,2.407554671968191
EP300,0.40755467196819084,0.12326043737574553,2.5745526838966204
EPAS1,0.5904572564612326,0.013916500994035786,3.2306163021868786
EPB41,0.5029821073558648,0.05964214711729622,2.8548707753479126
EPB41L1,0.6043737574552683,0.027833001988071572,3.326043737574553
EPB41L2,0.34791252485089463,0.15705765407554673,2.451292246520875
EPB41L3,0.47514910536779326,0.0874751491053678,2.874751491053678
EPB41L5,0.5825049701789264,0.007952286282306162,3.1809145129224654
EPC1,0.558648111332008,0.03777335984095427,3.107355864811133
EPC2,0.5765407554671969,0.011928429423459244,3.10934393638171
EPCAM,0.5944333996023857,0.013916500994035786,3.250497017892644
EPGN,0.4731610337972167,0.04572564612326044,2.801192842942346
EPHA1,0.6341948310139165,0.027833001988071572,3.399602385685885
EPHA10,0.5427435387673957,0.03578528827037773,2.9741550695825048
EPHA2,0.5029821073558648,0.06759443339960239,2.89065606361829
EPHA3,0.43737574552683894,0.10337972166998012,2.713717693836978
EPHA4,0.5705765407554672,0.02385685884691849,3.0417495029821073
EPHA5,0.4671968190854871,0.04771371769383698,2.78727634194831
EPHA7,0.31610337972166996,0.15904572564612326,2.3618290258449304
EPHA8,0.49502982107355864,0.06759443339960239,2.8508946322067596
EPHB1,0.5288270377733598,0.05765407554671968,2.9582504970178927
EPHB2,0.49502982107355864,0.06759443339960239,2.8508946322067596
EPHB3,0.5248508946322068,0.07157057654075547,3.0318091451292246
EPHB4,0.6441351888667992,0.03180914512922465,3.4433399602385686
EPHB6,0.6341948310139165,0.027833001988071572,3.393638170974155
EPHX1,0.7495029821073559,0.0019880715705765406,3.9363817097415508
EPHX2,0.3121272365805169,0.26043737574552683,2.304174950298211
EPM2A,0.32803180914512925,0.15308151093439365,2.4314115308151094
EPM2AIP1,0.341948310139165,0.12922465208747516,2.407554671968191
EPN1,0.44930417495029823,0.09542743538767395,2.7157057654075545
EPN2,0.37375745526838966,0.15904572564612326,2.5964214711729623
EPN3,0.6341948310139165,0.007952286282306162,3.415506958250497
EPO,0.6441351888667992,0.03180914512922465,3.4771371769383697
EPOR,0.3101391650099404,0.15308151093439365,2.3180914512922466
EPPK1,0.6978131212723658,0.02186878727634195,4.023856858846918
EPS15,0.5208747514910537,0.039761431411530816,2.9105367793240555
EPS15L1,0.341948310139165,0.1411530815109344,2.407554671968191
EPS8L2,0.46520874751491054,0.06958250497017893,2.7733598409542743
ERAL1,0.6003976143141153,0.02584493041749503,3.2087475149105367
ERBB2,0.6262425447316103,0.015904572564612324,3.6381709741550696
ERBB3,0.558648111332008,0.03777335984095427,3.121272365805169
ERBB4,0.5705765407554672,0.019880715705765408,3.0616302186878728
ERBIN,0.40159045725646125,0.10337972166998012,2.6302186878727634
ERC1,0.5009940357852882,0.0874751491053678,3.05168986083499
ERCC1,0.4711729622266402,0.09343936381709742,2.84493041749503
ERCC2,0.4731610337972167,0.09145129224652088,2.834990059642147
ERCC3,0.5785288270377733,0.007952286282306162,3.107355864811133
ERCC4,0.588469184890656,0.039761431411530816,3.143141153081511
ERCC6,0.49105367793240556,0.06958250497017893,2.8330019880715707
ERCC6L,0.27435387673956263,0.28628230616302186,2.2485089463220675
ERCC8,0.4294234592445328,0.09741550695825049,2.7236580516898607
EREG,0.4731610337972167,0.04572564612326044,2.801192842942346
ERF,0.4990059642147117,0.073558648111332,2.8946322067594434
ERG28,0.48906560636182905,0.07554671968190854,2.8548707753479126
ERGIC1,0.46520874751491054,0.0874751491053678,2.892644135188867
ERGIC2,0.5506958250497018,0.05964214711729622,3.3001988071570576
ERGIC3,0.614314115308151,0.02385685884691849,3.3479125248508947
ERH,0.47912524850894633,0.06958250497017893,2.8429423459244534
ERLEC1,0.5904572564612326,0.011928429423459244,3.2524850894632205
ERLIN1,0.46520874751491054,0.07554671968190854,2.727634194831014
ERMAP,0.5506958250497018,0.027833001988071572,3.0417495029821073
ERN1,0.6461232604373758,0.005964214711729622,3.457256461232604
ERO1A,0.5526838966202783,0.04771371769383698,3.1053677932405566
ERO1B,0.73558648111332,0.005964214711729622,3.900596421471173
ERP27,0.47713717693836977,0.11133200795228629,2.94234592445328
ERP44,0.35785288270377735,0.11530815109343936,2.4493041749502984
ERRFI1,0.5149105367793241,0.0636182902584493,2.9025844930417497
ERVW-1,0.6441351888667992,0.02584493041749503,3.4731610337972167
ESAM,0.5268389662027833,0.07157057654075547,2.926441351888668
ESCO1,0.47713717693836977,0.09343936381709742,2.827037773359841
ESCO2,0.31809145129224653,0.2584493041749503,2.3141153081510932
ESD,0.3121272365805169,0.16500994035785288,2.363817097415507
ESF1,0.5288270377733598,0.09542743538767395,3.0318091451292246
ESPL1,0.5566600397614314,0.041749502982107355,3.0596421471172963
ESR1,0.32803180914512925,0.1550695825049702,2.411530815109344
ESR2,0.5069582504970179,0.0636182902584493,2.900596421471173
ESRP1,0.6938369781312127,0.015904572564612324,4.0
ESRP2,0.4850894632206759,0.06958250497017893,2.862823061630219
ESRRA,0.5765407554671969,0.02584493041749503,3.047713717693837
ESRRB,0.48906560636182905,0.0775347912524851,2.8429423459244534
ESRRG,0.7514910536779325,0.003976143141153081,3.926441351888668
ESS2,0.43538767395626243,0.09343936381709742,2.6938369781312126
ESYT1,0.558648111332008,0.03777335984095427,3.121272365805169
ESYT2,0.6401590457256461,0.033797216699801194,3.4015904572564613
ESYT3,0.5347912524850894,0.055666003976143144,2.99403578528827
ETF1,0.4194831013916501,0.09940357852882704,2.6699801192842942
ETFA,0.3797216699801193,0.1172962226640159,2.502982107355865
ETFB,0.441351888667992,0.1073558648111332,2.673956262425447
ETFBKMT,0.558648111332008,0.055666003976143144,3.326043737574553
ETFDH,0.4234592445328032,0.0636182902584493,2.650099403578529
ETFRF1,0.5646123260437376,0.061630218687872766,3.7176938369781314
ETHE1,0.4970178926441352,0.073558648111332,2.892644135188867
ETNK1,0.5288270377733598,0.08349900596421471,3.3141153081510932
ETS1,0.5208747514910537,0.06759443339960239,2.956262425447316
ETS2,0.4552683896620278,0.06958250497017893,2.831013916500994
ETV1,0.6898608349900597,0.02186878727634195,3.908548707753479
ETV3,0.7833001988071571,0.0019880715705765406,4.250497017892644
ETV4,0.6083499005964215,0.017892644135188866,3.2842942345924455
ETV5,0.5248508946322068,0.07554671968190854,3.0079522862823063
ETV6,0.47514910536779326,0.10934393638170974,2.9204771371769382
ETV7,0.5964214711729622,0.02982107355864811,3.256461232604374
EVA1A,0.584493041749503,0.02385685884691849,3.1351888667992047
EVA1C,0.45129224652087474,0.073558648111332,2.7773359840954273
EVC,0.48111332007952284,0.06560636182902585,2.8290258449304173
EVC2,0.47912524850894633,0.06560636182902585,2.827037773359841
EVI2A,0.5904572564612326,0.03578528827037773,3.15506958250497
EVI2B,0.5904572564612326,0.03578528827037773,3.15506958250497
EVI5,0.4711729622266402,0.07952286282306163,2.7594433399602387
EVL,0.49502982107355864,0.08349900596421471,2.8330019880715707
EVPL,0.6520874751491054,0.009940357852882704,3.4552683896620278
EWSR1,0.40159045725646125,0.11928429423459244,2.5526838966202785
EXO1,0.7495029821073559,0.003976143141153081,3.94831013916501
EXOC1,0.5029821073558648,0.04970178926441352,2.9065606361829026
EXOC2,0.610337972166998,0.03578528827037773,3.262425447316103
EXOC3,0.7693836978131213,0.009940357852882704,4.723658051689861
EXOC3L1,0.48111332007952284,0.07157057654075547,2.8489065606361827
EXOC4,0.6322067594433399,0.03180914512922465,3.377733598409543
EXOC5,0.5308151093439364,0.0536779324055666,3.0159045725646125
EXOC6,0.4691848906560636,0.0775347912524851,2.725646123260437
EXOC6B,0.5864811133200796,0.015904572564612324,3.137176938369781
EXOC7,0.6540755467196819,0.009940357852882704,3.4552683896620278
EXOC8,0.7395626242544732,0.003976143141153081,3.8986083499005963
EXOSC1,0.46322067594433397,0.0775347912524851,2.719681908548708
EXOSC10,0.5089463220675944,0.0636182902584493,2.89065606361829
EXOSC2,0.39363817097415504,0.09741550695825049,2.5268389662027833
EXOSC3,0.3836978131212724,0.13916500994035785,2.536779324055666
EXOSC4,0.6938369781312127,0.02186878727634195,4.0178926441351885
EXOSC5,0.5069582504970179,0.073558648111332,2.9105367793240555
EXOSC6,0.48111332007952284,0.07554671968190854,2.8389662027833
EXOSC7,0.3379721669980119,0.13320079522862824,2.389662027833002
EXOSC8,0.30218687872763417,0.16302186878727634,2.3459244532803183
EXOSC9,0.4254473161033797,0.055666003976143144,2.6640159045725644
EXPH5,0.5248508946322068,0.07157057654075547,2.908548707753479
EXT1,0.7216699801192843,0.013916500994035786,4.135188866799205
EXT2,0.5268389662027833,0.04572564612326044,2.9383697813121272
EXTL1,0.49105367793240556,0.06759443339960239,2.8250497017892644
EXTL2,0.4552683896620278,0.09343936381709742,2.719681908548708
EXTL3,0.3220675944333996,0.25646123260437376,2.3121272365805168
EYA1,0.6679920477137177,0.02385685884691849,3.904572564612326
EYA2,0.584493041749503,0.0437375745526839,3.31610337972167
EYA3,0.49105367793240556,0.0636182902584493,2.831013916500994
EYA4,0.3359840954274354,0.1550695825049702,2.4433399602385686
EZH1,0.6123260437375746,0.02186878727634195,3.26441351888668
EZH2,0.6401590457256461,0.02982107355864811,3.399602385685885
EZR,0.32007952286282304,0.15308151093439365,2.4015904572564613
F10,0.3717693836978131,0.12524850894632206,2.6043737574552686
F11,0.40556660039761433,0.09343936381709742,2.5825049701789267
F11R,0.7852882703777336,0.0019880715705765406,4.246520874751491
F12,0.4572564612326044,0.08151093439363817,2.8508946322067596
F13A1,0.6083499005964215,0.03180914512922465,3.290258449304175
F13B,0.7673956262425448,0.003976143141153081,4.019880715705765
F2,0.5347912524850894,0.04572564612326044,2.952286282306163
F2R,0.3976143141153082,0.11133200795228629,2.5964214711729623
F2RL1,0.3976143141153082,0.10934393638170974,2.6202783300198806
F2RL2,0.3956262425447316,0.11332007952286283,2.592445328031809
F2RL3,0.341948310139165,0.13916500994035785,2.407554671968191
F3,0.4552683896620278,0.08946322067594434,2.7117296222664016
F5,0.7793240556660039,0.005964214711729622,4.085487077534792
F7,0.37375745526838966,0.12524850894632206,2.6083499005964215
F8,0.3359840954274354,0.21868787276341947,2.518886679920477
F9,0.3260437375745527,0.23658051689860835,2.405566600397614
FA2H,0.4671968190854871,0.07952286282306163,2.834990059642147
FAAH,0.5407554671968191,0.033797216699801194,2.9801192842942346
FAAP100,0.6500994035785288,0.005964214711729622,3.459244532803181
FAAP24,0.5506958250497018,0.05765407554671968,3.234592445328032
FABP1,0.5904572564612326,0.017892644135188866,3.15506958250497
FABP2,0.4234592445328032,0.055666003976143144,2.650099403578529
FABP3,0.5069582504970179,0.0536779324055666,2.8827037773359843
FABP4,0.6918489065606361,0.02385685884691849,4.2326043737574555
FABP5,0.6938369781312127,0.02186878727634195,4.220675944333996
FABP7,0.3260437375745527,0.15904572564612326,2.4135188866799204
FADD,0.6242544731610338,0.017892644135188866,3.272365805168986
FADS1,0.5805168986083499,0.019880715705765408,3.0377733598409544
FADS2,0.5805168986083499,0.019880715705765408,3.0377733598409544
FADS6,0.6540755467196819,0.009940357852882704,3.4771371769383697
FAF1,0.5228628230616302,0.039761431411530816,2.9025844930417497
FAF2,0.4572564612326044,0.08349900596421471,2.8648111332007953
FAH,0.3856858846918489,0.1172962226640159,2.5129224652087476
FAHD1,0.5646123260437376,0.0437375745526839,3.1192842942345926
FAIM,0.5347912524850894,0.055666003976143144,2.99403578528827
FAM110A,0.5049701789264414,0.09542743538767395,2.944333996023857
FAM110B,0.6461232604373758,0.02982107355864811,3.7335984095427435
FAM110C,0.5685884691848907,0.017892644135188866,3.1391650099403576
FAM120B,0.3240556660039761,0.14910536779324055,2.4135188866799204
FAM13A,0.44532803180914515,0.04970178926441352,2.673956262425447
FAM13B,0.4135188866799205,0.10139165009940358,2.6540755467196817
FAM161A,0.5904572564612326,0.013916500994035786,3.1491053677932404
FAM20A,0.6560636182902585,0.005964214711729622,3.4950298210735586
FAM20B,0.7713717693836978,0.003976143141153081,4.035785288270378
FAM20C,0.6858846918489065,0.02186878727634195,3.8648111332007953
FAM220A,0.6858846918489065,0.02186878727634195,3.8946322067594434
FAM3C,0.6381709741550696,0.03777335984095427,3.3518886679920477
FAM83D,0.5805168986083499,0.04572564612326044,3.20675944333996
FAM8A1,0.5964214711729622,0.033797216699801194,3.220675944333996
FAM98B,0.32803180914512925,0.16898608349900596,2.31610337972167
FAM9A,0.22664015904572565,0.341948310139165,2.0675944333996026
FAN1,0.3240556660039761,0.16898608349900596,2.332007952286282
FANCA,0.4393638170974155,0.11530815109343936,2.6699801192842942
FANCC,0.3518886679920477,0.11928429423459244,2.423459244532803
FANCD2,0.36381709741550694,0.12524850894632206,2.4870775347912524
FANCE,0.6003976143141153,0.02982107355864811,3.2524850894632205
FANCF,0.4990059642147117,0.0536779324055666,2.84493041749503
FANCG,0.40159045725646125,0.11332007952286283,2.6163021868787277
FANCI,0.40159045725646125,0.11332007952286283,2.5606361829025843
FANCL,0.5924453280318092,0.013916500994035786,3.1888667992047712
FANCM,0.5506958250497018,0.055666003976143144,3.143141153081511
FAR1,0.48906560636182905,0.055666003976143144,2.9542743538767398
FAR2,0.5526838966202783,0.061630218687872766,3.298210735586481
FARP1,0.3757455268389662,0.10934393638170974,2.6123260437375744
FARP2,0.562624254473161,0.02982107355864811,3.0019880715705765
FARS2,0.6063618290258449,0.03180914512922465,3.2842942345924455
FARSA,0.3061630218687873,0.1550695825049702,2.304174950298211
FARSB,0.5705765407554672,0.02186878727634195,3.043737574552684
FAS,0.46520874751491054,0.08349900596421471,2.713717693836978
FASLG,0.7773359840954275,0.003976143141153081,4.087475149105368
FASN,0.6481113320079522,0.005964214711729622,3.451292246520875
FASTK,0.6401590457256461,0.03180914512922465,3.3956262425447314
FASTKD2,0.5745526838966203,0.019880715705765408,3.0934393638170974
FAT1,0.4095427435387674,0.08946322067594434,2.5984095427435387
FAT4,0.4234592445328032,0.0536779324055666,2.6540755467196817
FBF1,0.6540755467196819,0.007952286282306162,3.4612326043737576
FBH1,0.5208747514910537,0.05765407554671968,2.9721669980119283
FBL,0.532803180914513,0.06958250497017893,3.1053677932405566
FBLIM1,0.5049701789264414,0.06759443339960239,2.892644135188867
FBLL1,0.4532803180914513,0.09145129224652088,2.840954274353877
FBLN1,0.38966202783300197,0.13916500994035785,2.514910536779324
FBLN2,0.3558648111332008,0.12524850894632206,2.4552683896620278
FBLN5,0.4990059642147117,0.0775347912524851,2.8648111332007953
FBN1,0.3538767395626243,0.14314115308151093,2.381709741550696
FBN2,0.39165009940357853,0.10934393638170974,2.6143141153081513
FBN3,0.3081510934393638,0.15904572564612326,2.2942345924453282
FBP1,0.3499005964214712,0.1172962226640159,2.4254473161033796
FBP2,0.3499005964214712,0.11928429423459244,2.423459244532803
FBXL12,0.3101391650099404,0.15308151093439365,2.3141153081510932
FBXL14,0.5029821073558648,0.08548707753479125,3.05168986083499
FBXL2,0.3499005964214712,0.12922465208747516,2.4174950298210733
FBXL20,0.6262425447316103,0.017892644135188866,3.3658051689860833
FBXL3,0.35984095427435386,0.11928429423459244,2.524850894632207
FBXL4,0.31809145129224653,0.1610337972166998,2.3618290258449304
FBXL5,0.5009940357852882,0.0536779324055666,2.8846918489065607
FBXL7,0.7554671968190855,0.011928429423459244,4.538767395626243
FBXO10,0.3856858846918489,0.14512922465208747,2.540755467196819
FBXO11,0.5944333996023857,0.013916500994035786,3.250497017892644
FBXO15,0.35984095427435386,0.1988071570576541,2.467196819085487
FBXO17,0.536779324055666,0.073558648111332,3.1292246520874754
FBXO2,0.5089463220675944,0.061630218687872766,2.89065606361829
FBXO21,0.5248508946322068,0.07157057654075547,2.9363817097415508
FBXO22,0.3797216699801193,0.11530815109343936,2.5049701789264414
FBXO25,0.3558648111332008,0.23658051689860835,2.467196819085487
FBXO27,0.536779324055666,0.073558648111332,3.1292246520874754
FBXO3,0.5089463220675944,0.0536779324055666,2.9065606361829026
FBXO31,0.43538767395626243,0.11133200795228629,2.6660039761431413
FBXO38,0.4234592445328032,0.09542743538767395,2.727634194831014
FBXO4,0.7296222664015904,0.015904572564612324,4.270377733598409
FBXO40,0.5168986083499006,0.061630218687872766,2.9105367793240555
FBXO44,0.5089463220675944,0.061630218687872766,2.89065606361829
FBXO45,0.5208747514910537,0.08349900596421471,2.996023856858847
FBXO5,0.32803180914512925,0.1550695825049702,2.4194831013916502
FBXO6,0.5089463220675944,0.061630218687872766,2.89065606361829
FBXO7,0.40556660039761433,0.12524850894632206,2.5825049701789267
FBXO8,0.40556660039761433,0.08946322067594434,2.570576540755467
FBXO9,0.5825049701789264,0.03578528827037773,3.20675944333996
FBXW11,0.46123260437375746,0.0874751491053678,2.8886679920477136
FBXW2,0.3856858846918489,0.09940357852882704,2.5467196819085487
FBXW4,0.4592445328031809,0.0775347912524851,2.709741550695825
FBXW5,0.40357852882703776,0.09741550695825049,2.5745526838966204
FBXW7,0.43538767395626243,0.055666003976143144,2.713717693836978
FBXW8,0.5248508946322068,0.07157057654075547,2.9383697813121272
FCAR,0.4532803180914513,0.09542743538767395,2.743538767395626
FCER1A,0.7813121272365805,0.0019880715705765406,4.214711729622266
FCER1G,0.7852882703777336,0.0019880715705765406,4.2326043737574555
FCER2,0.3081510934393638,0.1610337972166998,2.2882703777335984
FCF1,0.48906560636182905,0.07554671968190854,2.8648111332007953
FCGR1A,0.7892644135188867,0.0019880715705765406,4.349900596421471
FCGR2A,0.7852882703777336,0.0019880715705765406,4.238568588469185
FCGR2B,0.7852882703777336,0.0019880715705765406,4.238568588469185
FCGRT,0.4254473161033797,0.11332007952286283,2.6481113320079523
FCN1,0.3996023856858847,0.09741550695825049,2.5506958250497016
FCN2,0.3996023856858847,0.09741550695825049,2.5506958250497016
FCN3,0.4850894632206759,0.06560636182902585,2.809145129224652
FDPS,0.7972166998011928,0.0019880715705765406,4.369781312127237
FDX1,0.5149105367793241,0.07554671968190854,2.892644135188867
FDX2,0.31411530815109345,0.15109343936381708,2.3300198807157058
FDXR,0.6540755467196819,0.009940357852882704,3.4831013916500995
FECH,0.3399602385685885,0.21272365805168986,2.3836978131212723
FEM1A,0.30218687872763417,0.1610337972166998,2.2823061630218686
FEM1B,0.3797216699801193,0.11928429423459244,2.4831013916500995
FEM1C,0.38966202783300197,0.11332007952286283,2.600397614314115
FEN1,0.5805168986083499,0.019880715705765408,3.0377733598409544
FER,0.3956262425447316,0.11928429423459244,2.610337972166998
FERD3L,0.6958250497017893,0.02385685884691849,3.94831013916501
FERMT1,0.5069582504970179,0.09940357852882704,2.9463220675944335
FERMT2,0.5526838966202783,0.04970178926441352,3.10337972166998
FERMT3,0.5745526838966203,0.02584493041749503,3.0497017892644136
FES,0.40357852882703776,0.10337972166998012,2.5785288270377733
FEZ1,0.5268389662027833,0.06759443339960239,2.9383697813121272
FEZF2,0.3499005964214712,0.13320079522862824,2.4612326043737576
FFAR1,0.562624254473161,0.05765407554671968,3.262425447316103
FFAR2,0.5606361829025845,0.05765407554671968,3.2763419483101393
FFAR3,0.562624254473161,0.05765407554671968,3.262425447316103
FGB,0.4294234592445328,0.061630218687872766,2.7514910536779325
FGD1,0.25646123260437376,0.30019880715705766,2.194831013916501
FGD2,0.6003976143141153,0.02982107355864811,3.268389662027833
FGD3,0.3499005964214712,0.12524850894632206,2.427435387673956
FGD4,0.5606361829025845,0.05765407554671968,3.381709741550696
FGF1,0.4194831013916501,0.09741550695825049,2.6898608349900597
FGF10,0.709741550695825,0.013916500994035786,4.226640159045726
FGF12,0.5248508946322068,0.073558648111332,3.021868787276342
FGF13,0.3260437375745527,0.23658051689860835,2.405566600397614
FGF14,0.3797216699801193,0.10934393638170974,2.5984095427435387
FGF17,0.3101391650099404,0.26043737574552683,2.2942345924453282
FGF18,0.46123260437375746,0.0874751491053678,2.89662027833002
FGF19,0.6322067594433399,0.013916500994035786,3.375745526838966
FGF2,0.42147117296222664,0.055666003976143144,2.6540755467196817
FGF20,0.32803180914512925,0.26043737574552683,2.349900596421471
FGF22,0.3061630218687873,0.16699801192842942,2.3101391650099403
FGF23,0.49304174950298213,0.09741550695825049,2.9920477137176937
FGF3,0.6322067594433399,0.013916500994035786,3.3518886679920477
FGF4,0.6322067594433399,0.013916500994035786,3.349900596421471
FGF5,0.44930417495029823,0.04970178926441352,2.73558648111332
FGF6,0.49105367793240556,0.09741550695825049,2.9900596421471173
FGF7,0.36381709741550694,0.1411530815109344,2.4035785288270377
FGF8,0.4592445328031809,0.0775347912524851,2.709741550695825
FGF9,0.30218687872763417,0.16699801192842942,2.304174950298211
FGFBP1,0.5009940357852882,0.0536779324055666,2.904572564612326
FGFR1,0.4592445328031809,0.1550695825049702,3.095427435387674
FGFR1OP2,0.5546719681908548,0.06759443339960239,3.4214711729622267
FGFR2,0.47912524850894633,0.0775347912524851,2.775347912524851
FGFR3,0.49105367793240556,0.0636182902584493,2.8648111332007953
FGFR4,0.4592445328031809,0.08151093439363817,2.8648111332007953
FGFRL1,0.4870775347912525,0.06560636182902585,2.856858846918489
FGG,0.4294234592445328,0.061630218687872766,2.7514910536779325
FGL1,0.33001988071570576,0.2584493041749503,2.3459244532803183
FGR,0.4850894632206759,0.06560636182902585,2.8131212723658052
FH,0.7495029821073559,0.0019880715705765406,3.9542743538767398
FHL1,0.3220675944333996,0.23658051689860835,2.393638170974155
FHL2,0.5825049701789264,0.005964214711729622,3.1610337972167
FHL5,0.3101391650099404,0.15904572564612326,2.3439363817097414
FHOD1,0.48111332007952284,0.07157057654075547,2.8489065606361827
FIBP,0.6003976143141153,0.019880715705765408,3.1391650099403576
FIG4,0.3081510934393638,0.15705765407554673,2.3876739562624256
FIGLA,0.5904572564612326,0.015904572564612324,3.168986083499006
FIP1L1,0.49502982107355864,0.04572564612326044,2.908548707753479
FIS1,0.6421471172962226,0.033797216699801194,3.423459244532803
FIZ1,0.45129224652087474,0.09542743538767395,2.7415506958250497
FJX1,0.5089463220675944,0.04970178926441352,2.9244532803180916
FKBP10,0.6083499005964215,0.02385685884691849,3.272365805168986
FKBP15,0.3836978131212724,0.09741550695825049,2.5347912524850895
FKBP1A,0.5049701789264414,0.09741550695825049,2.9363817097415508
FKBP1B,0.5924453280318092,0.015904572564612324,3.1669980119284293
FKBP3,0.5506958250497018,0.055666003976143144,3.143141153081511
FKBP4,0.4990059642147117,0.09343936381709742,3.0159045725646125
FKBP5,0.5984095427435387,0.02982107355864811,3.250497017892644
FKBP6,0.6481113320079522,0.039761431411530816,3.3459244532803183
FKBP7,0.5924453280318092,0.009940357852882704,3.1709741550695827
FKBP8,0.3558648111332008,0.12922465208747516,2.4771371769383697
FKBP9,0.6978131212723658,0.02385685884691849,3.8369781312127236
FKBPL,0.6023856858846919,0.03180914512922465,3.272365805168986
FKRP,0.43737574552683894,0.11332007952286283,2.662027833001988
FKTN,0.3697813121272366,0.10536779324055666,2.479125248508946
FLAD1,0.7952286282306164,0.0019880715705765406,4.393638170974155
FLCN,0.33399602385685884,0.18091451292246521,2.3737574552683895
FLG,0.7952286282306164,0.0019880715705765406,4.443339960238569
FLI1,0.5188866799204771,0.06759443339960239,2.960238568588469
FLII,0.34592445328031807,0.17693836978131214,2.4214711729622267
FLNA,0.33399602385685884,0.21868787276341947,2.506958250497018
FLNB,0.33399602385685884,0.1312127236580517,2.389662027833002
FLNC,0.6361829025844931,0.033797216699801194,3.3737574552683895
FLOT1,0.6003976143141153,0.033797216699801194,3.320079522862823
FLOT2,0.6003976143141153,0.02584493041749503,3.2087475149105367
FLRT1,0.5745526838966203,0.02584493041749503,3.05168986083499
FLRT2,0.4970178926441352,0.0775347912524851,2.8588469184890655
FLRT3,0.532803180914513,0.10139165009940358,3.033797216699801
FLT1,0.3081510934393638,0.15904572564612326,2.355864811133201
FLT3,0.3081510934393638,0.16302186878727634,2.341948310139165
FLT3LG,0.4254473161033797,0.11332007952286283,2.6481113320079523
FLT4,0.46322067594433397,0.08151093439363817,2.886679920477137
FMC1,0.6361829025844931,0.027833001988071572,3.393638170974155
FMN1,0.33399602385685884,0.16699801192842942,2.349900596421471
FMNL1,0.614314115308151,0.017892644135188866,3.2922465208747513
FMNL2,0.5785288270377733,0.013916500994035786,3.1172962226640157
FMNL3,0.5506958250497018,0.04771371769383698,3.0616302186878728
FMO1,0.7773359840954275,0.003976143141153081,4.071570576540755
FMO2,0.7773359840954275,0.003976143141153081,4.057654075546719
FMO3,0.7773359840954275,0.003976143141153081,4.057654075546719
FMO4,0.7773359840954275,0.003976143141153081,4.071570576540755
FMO5,0.7872763419483101,0.0019880715705765406,4.3220675944334
FMOD,0.7693836978131213,0.0019880715705765406,4.025844930417495
FMR1,0.32803180914512925,0.23061630218687873,2.423459244532803
FN1,0.5685884691848907,0.019880715705765408,3.0457256461232602
FNBP1,0.39363817097415504,0.09741550695825049,2.5268389662027833
FNBP1L,0.46123260437375746,0.07952286282306163,2.7455268389662026
FNDC5,0.5149105367793241,0.04572564612326044,2.908548707753479
FNIP1,0.39165009940357853,0.11133200795228629,2.5864811133200796
FNIP2,0.4234592445328032,0.061630218687872766,2.6520874751491053
FNTA,0.5288270377733598,0.09343936381709742,3.3359840954274356
FNTB,0.5009940357852882,0.06560636182902585,2.8827037773359843
FOLH1,0.5526838966202783,0.03578528827037773,3.0019880715705765
FOLR1,0.6023856858846919,0.017892644135188866,3.1630218687872764
FOS,0.48906560636182905,0.07554671968190854,2.8608349900596424
FOSB,0.4691848906560636,0.09343936381709742,2.8369781312127236
FOSL1,0.6003976143141153,0.019880715705765408,3.1391650099403576
FOSL2,0.5924453280318092,0.013916500994035786,3.1749502982107356
FOXA1,0.6182902584493042,0.039761431411530816,4.341948310139165
FOXA2,0.5606361829025845,0.0775347912524851,3.1809145129224654
FOXA3,0.4592445328031809,0.10139165009940358,2.7912524850894633
FOXD3,0.5029821073558648,0.05765407554671968,2.8667992047713717
FOXE1,0.3538767395626243,0.12127236580516898,2.4393638170974157
FOXG1,0.584493041749503,0.04771371769383698,3.433399602385686
FOXH1,0.6918489065606361,0.02385685884691849,4.0178926441351885
FOXJ1,0.6540755467196819,0.009940357852882704,3.4552683896620278
FOXK1,0.68389662027833,0.02385685884691849,3.8707753479125246
FOXK2,0.6461232604373758,0.005964214711729622,3.4532803180914513
FOXM1,0.4990059642147117,0.09343936381709742,3.0159045725646125
FOXN1,0.5984095427435387,0.02584493041749503,3.1749502982107356
FOXN3,0.4970178926441352,0.0775347912524851,3.0596421471172963
FOXN4,0.5208747514910537,0.073558648111332,2.8986083499005963
FOXO1,0.3081510934393638,0.16302186878727634,2.3578528827037775
FOXO3,0.3081510934393638,0.15705765407554673,2.381709741550696
FOXO4,0.27236580516898606,0.2882703777335984,2.2485089463220675
FOXP2,0.6421471172962226,0.03777335984095427,3.4015904572564613
FOXP3,0.2485089463220676,0.30218687872763417,2.176938369781312
FOXR1,0.5347912524850894,0.05765407554671968,2.9741550695825048
FOXRED1,0.5248508946322068,0.07157057654075547,2.930417495029821
FOXRED2,0.3976143141153082,0.12922465208747516,2.6043737574552686
FPGS,0.3856858846918489,0.09542743538767395,2.520874751491054
FPR1,0.441351888667992,0.1073558648111332,2.667992047713718
FPR2,0.441351888667992,0.1073558648111332,2.667992047713718
FRA10AC1,0.4691848906560636,0.07952286282306163,2.7216699801192843
FRAS1,0.46322067594433397,0.05168986083499006,2.757455268389662
FRAT1,0.46520874751491054,0.0775347912524851,2.7216699801192843
FREM2,0.3061630218687873,0.15904572564612326,2.353876739562624
FRG1,0.4135188866799205,0.08946322067594434,2.622266401590457
FRG2,0.4135188866799205,0.08946322067594434,2.622266401590457
FRK,0.3121272365805169,0.1550695825049702,2.371769383697813
FRMD1,0.3260437375745527,0.15109343936381708,2.4194831013916502
FRMD6,0.5506958250497018,0.04970178926441352,3.121272365805169
FRS2,0.5765407554671969,0.033797216699801194,3.886679920477137
FRS3,0.6023856858846919,0.02982107355864811,3.399602385685885
FSCN1,0.68389662027833,0.02186878727634195,3.868787276341948
FSHB,0.5029821073558648,0.0536779324055666,2.89662027833002
FSHR,0.5944333996023857,0.013916500994035786,3.242544731610338
FST,0.4731610337972167,0.08946322067594434,2.9302788844621515
FSTL1,0.5188866799204771,0.061630218687872766,2.9105367793240555
FSTL3,0.3061630218687873,0.16699801192842942,2.3101391650099403
FTCD,0.46123260437375746,0.07554671968190854,2.8131212723658052
FTH1,0.5805168986083499,0.019880715705765408,3.0457256461232602
FTL,0.4254473161033797,0.11332007952286283,2.6421471172962225
FTO,0.49502982107355864,0.08151093439363817,2.878727634194831
FTSJ3,0.6441351888667992,0.007952286282306162,3.459244532803181
FUBP1,0.48906560636182905,0.0636182902584493,2.8489065606361827
FUBP3,0.39363817097415504,0.09741550695825049,2.5268389662027833
FUCA1,0.49105367793240556,0.06560636182902585,2.84493041749503
FUCA2,0.33001988071570576,0.14910536779324055,2.4373757455268388
FURIN,0.40357852882703776,0.10337972166998012,2.5785288270377733
FUS,0.6083499005964215,0.027833001988071572,3.2365805168986084
FUT2,0.4254473161033797,0.11332007952286283,2.6381709741550696
FUT3,0.3061630218687873,0.16500994035785288,2.2842942345924455
FUT4,0.5666003976143141,0.041749502982107355,3.0675944333996026
FUT7,0.40556660039761433,0.09741550695825049,2.5785288270377733
FUT8,0.49502982107355864,0.0636182902584493,2.874751491053678
FUT9,0.3101391650099404,0.16302186878727634,2.341948310139165
FUZ,0.4254473161033797,0.11133200795228629,2.6381709741550696
FXN,0.3240556660039761,0.1312127236580517,2.3697813121272366
FXR1,0.5347912524850894,0.061630218687872766,3.0616302186878728
FXR2,0.2962226640159046,0.20278330019880716,2.26441351888668
FXYD1,0.558648111332008,0.05765407554671968,3.2604373757455267
FXYD2,0.5268389662027833,0.05964214711729622,2.9502982107355864
FXYD3,0.558648111332008,0.05765407554671968,3.2604373757455267
FXYD7,0.558648111332008,0.05765407554671968,3.2604373757455267
FYCO1,0.3399602385685885,0.13717693836978131,2.3856858846918487
FYN,0.3101391650099404,0.15705765407554673,2.3737574552683895
FYTTD1,0.5149105367793241,0.08349900596421471,2.996023856858847
FZD1,0.6481113320079522,0.02584493041749503,3.4254473161033796
FZD10,0.5268389662027833,0.0775347912524851,2.9244532803180916
FZD2,0.610337972166998,0.017892644135188866,3.290258449304175
FZD3,0.3220675944333996,0.25646123260437376,2.3121272365805168
FZD4,0.5924453280318092,0.02584493041749503,3.1709741550695827
FZD5,0.5785288270377733,0.019880715705765408,3.1153081510934393
FZD6,0.709741550695825,0.013916500994035786,4.033797216699801
FZD7,0.5765407554671969,0.015904572564612324,3.1053677932405566
FZD8,0.5566600397614314,0.03777335984095427,3.0974155069582503
FZD9,0.6461232604373758,0.039761431411530816,3.341948310139165
FZR1,0.2962226640159046,0.16699801192842942,2.2882703777335984
G3BP1,0.4234592445328032,0.09741550695825049,2.727634194831014
G3BP2,0.46520874751491054,0.04970178926441352,2.7813121272365806
G6PC3,0.610337972166998,0.017892644135188866,3.290258449304175
G6PD,0.33399602385685884,0.21868787276341947,2.506958250497018
GAA,0.6540755467196819,0.005964214711729622,3.4910536779324057
GAB1,0.4393638170974155,0.04970178926441352,2.7077534791252487
GAB2,0.6083499005964215,0.019880715705765408,3.3578528827037775
GABARAP,0.2962226640159046,0.20079522862823063,2.2664015904572565
GABARAPL1,0.47912524850894633,0.10934393638170974,2.914512922465209
GABARAPL2,0.4671968190854871,0.08349900596421471,2.823061630218688
GABBR1,0.6003976143141153,0.033797216699801194,3.2544731610337974
GABBR2,0.3558648111332008,0.12127236580516898,2.433399602385686
GABPA,0.45129224652087474,0.0874751491053678,2.834990059642147
GABPB1,0.36779324055666,0.13916500994035785,2.415506958250497
GABPB2,0.7952286282306164,0.003976143141153081,4.421471172962226
GABRA1,0.44731610337972166,0.08946322067594434,2.7952286282306162
GABRA2,0.5129224652087475,0.041749502982107355,2.978131212723658
GABRA3,0.33001988071570576,0.220675944333996,2.4870775347912524
GABRA4,0.5129224652087475,0.0437375745526839,2.9860834990059644
GABRA5,0.34592445328031807,0.1550695825049702,2.3876739562624256
GABRA6,0.44532803180914515,0.08946322067594434,2.79324055666004
GABRB1,0.5129224652087475,0.0437375745526839,2.988071570576541
GABRB2,0.44532803180914515,0.08946322067594434,2.79324055666004
GABRB3,0.34791252485089463,0.15705765407554673,2.389662027833002
GABRD,0.5268389662027833,0.055666003976143144,2.9383697813121272
GABRE,0.32803180914512925,0.22266401590457258,2.4831013916500995
GABRG2,0.44731610337972166,0.08946322067594434,2.79324055666004
GABRG3,0.341948310139165,0.15705765407554673,2.363817097415507
GABRR1,0.3240556660039761,0.15705765407554673,2.377733598409543
GABRR2,0.3240556660039761,0.15705765407554673,2.377733598409543
GAD1,0.5904572564612326,0.011928429423459244,3.1709741550695827
GAD2,0.5387673956262425,0.041749502982107355,3.0318091451292246
GADD45A,0.5089463220675944,0.04970178926441352,2.868787276341948
GADD45B,0.30218687872763417,0.16699801192842942,2.2783300198807157
GADD45G,0.35785288270377735,0.1272365805168986,2.433399602385686
GADD45GIP1,0.3061630218687873,0.15308151093439365,2.3061630218687874
GAK,0.4870775347912525,0.06560636182902585,2.856858846918489
GAL3ST1,0.4115308151093439,0.11332007952286283,2.5904572564612325
GAL3ST2,0.562624254473161,0.02982107355864811,3.0019880715705765
GALC,0.4850894632206759,0.08349900596421471,2.9125248508946324
GALE,0.48906560636182905,0.06560636182902585,2.8429423459244534
GALK1,0.6540755467196819,0.009940357852882704,3.457256461232604
GALK2,0.36182902584493043,0.14314115308151093,2.399602385685885
GALM,0.5904572564612326,0.013916500994035786,3.1968190854870775
GALNS,0.43339960238568587,0.11332007952286283,2.6640159045725644
GALNT1,0.41749502982107356,0.1411530815109344,2.8210735586481115
GALNT10,0.4294234592445328,0.09542743538767395,2.749502982107356
GALNT11,0.6341948310139165,0.03578528827037773,3.3836978131212723
GALNT12,0.3538767395626243,0.12127236580516898,2.4194831013916502
GALNT13,0.5765407554671969,0.013916500994035786,3.1153081510934393
GALNT14,0.584493041749503,0.015904572564612324,3.165009940357853
GALNT15,0.3538767395626243,0.12922465208747516,2.441351888667992
GALNT16,0.47912524850894633,0.06958250497017893,2.8429423459244534
GALNT18,0.4831013916500994,0.0636182902584493,2.840954274353877
GALNT2,0.7415506958250497,0.0019880715705765406,3.9165009940357853
GALNT3,0.588469184890656,0.013916500994035786,3.20675944333996
GALNT4,0.5069582504970179,0.06958250497017893,2.9105367793240555
GALNT6,0.5506958250497018,0.05168986083499006,3.0318091451292246
GALNT7,0.4095427435387674,0.08548707753479125,2.5825049701789267
GALNT8,0.49105367793240556,0.09741550695825049,2.982107355864811
GALR2,0.6540755467196819,0.009940357852882704,3.457256461232604
GALT,0.3976143141153082,0.11332007952286283,2.610337972166998
GAMT,0.30417495029821073,0.16500994035785288,2.290258449304175
GANAB,0.5685884691848907,0.02584493041749503,3.0278330019880717
GAP43,0.5208747514910537,0.05964214711729622,2.904572564612326
GAPDH,0.49502982107355864,0.09542743538767395,2.9900596421471173
GAPDHS,0.5606361829025845,0.055666003976143144,3.2842942345924455
GAPVD1,0.3856858846918489,0.09741550695825049,2.5168986083499005
GAR1,0.4254473161033797,0.0536779324055666,2.6660039761431413
GART,0.46322067594433397,0.0636182902584493,2.8151093439363817
GAS1,0.3499005964214712,0.12922465208747516,2.407554671968191
GAS2,0.5009940357852882,0.0536779324055666,2.8508946322067596
GAS2L1,0.40159045725646125,0.12127236580516898,2.5506958250497016
GAS6,0.36779324055666,0.12922465208747516,2.6341948310139167
GAST,0.6083499005964215,0.02584493041749503,3.262425447316103
GATA1,0.25646123260437376,0.30417495029821073,2.2147117296222665
GATA2,0.5288270377733598,0.05964214711729622,2.9324055666003974
GATA3,0.510934393638171,0.05964214711729622,2.9363817097415508
GATA4,0.33001988071570576,0.2624254473161034,2.3658051689860833
GATA5,0.6322067594433399,0.015904572564612324,3.6043737574552686
GATA6,0.47514910536779326,0.09741550695825049,2.874751491053678
GATAD2A,0.35785288270377735,0.12127236580516898,2.5129224652087476
GATAD2B,0.7952286282306164,0.0019880715705765406,4.383697813121272
GATB,0.43339960238568587,0.0536779324055666,2.7296222664015906
GATC,0.5228628230616302,0.07157057654075547,2.918489065606362
GATM,0.34393638170974156,0.16500994035785288,2.3518886679920477
GBA2,0.4095427435387674,0.1172962226640159,2.6163021868787277
GBE1,0.39363817097415504,0.11332007952286283,2.5506958250497016
GBF1,0.4592445328031809,0.07554671968190854,2.7117296222664016
GBP1,0.4831013916500994,0.07952286282306163,2.783300198807157
GBP2,0.4831013916500994,0.07952286282306163,2.783300198807157
GBP3,0.4831013916500994,0.07952286282306163,2.783300198807157
GBP4,0.4831013916500994,0.07952286282306163,2.783300198807157
GBP5,0.4831013916500994,0.07952286282306163,2.783300198807157
GBP7,0.4831013916500994,0.07952286282306163,2.783300198807157
GC,0.4671968190854871,0.04771371769383698,2.823061630218688
GCA,0.584493041749503,0.009940357852882704,3.1928429423459246
GCAT,0.4135188866799205,0.12524850894632206,2.618290258449304
GCC1,0.6322067594433399,0.03777335984095427,3.324055666003976
GCC2,0.5825049701789264,0.007952286282306162,3.168986083499006
GCDH,0.3061630218687873,0.1550695825049702,2.304174950298211
GCFC2,0.584493041749503,0.02385685884691849,3.131212723658052
GCG,0.584493041749503,0.009940357852882704,3.182902584493042
GCGR,0.6481113320079522,0.005964214711729622,3.457256461232604
GCH1,0.5347912524850894,0.04970178926441352,3.0596421471172963
GCHFR,0.33001988071570576,0.16898608349900596,2.324055666003976
GCK,0.6858846918489065,0.02385685884691849,3.8151093439363817
GCKR,0.5944333996023857,0.013916500994035786,3.1868787276341948
GCLM,0.4592445328031809,0.08151093439363817,2.7216699801192843
GCN1,0.5228628230616302,0.07157057654075547,2.9204771371769382
GCNT1,0.34393638170974156,0.12922465208747516,2.4035785288270377
GCNT2,0.610337972166998,0.03180914512922465,3.256461232604374
GCNT3,0.3658051689860835,0.13320079522862824,2.4473161033797215
GCSH,0.4532803180914513,0.10337972166998012,2.7335984095427435
GDA,0.32803180914512925,0.1312127236580517,2.377733598409543
GDAP1,0.6759443339960238,0.02186878727634195,4.025844930417495
GDE1,0.588469184890656,0.0437375745526839,3.1192842942345926
GDF2,0.49304174950298213,0.06759443339960239,2.8330019880715707
GDF5,0.614314115308151,0.02385685884691849,3.3479125248508947
GDF7,0.584493041749503,0.015904572564612324,3.1749502982107356
GDF9,0.3836978131212724,0.11133200795228629,2.5685884691848906
GDI1,0.33399602385685884,0.21868787276341947,2.5129224652087476
GDI2,0.5188866799204771,0.05765407554671968,2.9801192842942346
GDNF,0.7375745526838966,0.011928429423459244,4.4115308151093435
GDPD1,0.6421471172962226,0.009940357852882704,3.4314115308151094
GDPD5,0.5984095427435387,0.02385685884691849,3.182902584493042
GEMIN2,0.5924453280318092,0.0437375745526839,3.719681908548708
GEMIN4,0.2882703777335984,0.2047713717693837,2.262425447316103
GEMIN5,0.43141153081510936,0.09542743538767395,2.7475149105367795
GEMIN6,0.5904572564612326,0.013916500994035786,3.1968190854870775
GEMIN7,0.48906560636182905,0.07952286282306163,2.908548707753479
GEMIN8,0.23658051689860835,0.341948310139165,2.085487077534791
GEN1,0.5805168986083499,0.015904572564612324,3.159045725646123
GET4,0.6858846918489065,0.02186878727634195,3.874751491053678
GFAP,0.614314115308151,0.015904572564612324,3.304174950298211
GFI1,0.4731610337972167,0.07952286282306163,2.761431411530815
GFI1B,0.3956262425447316,0.09940357852882704,2.536779324055666
GFM1,0.536779324055666,0.055666003976143144,3.0497017892644136
GFM2,0.3996023856858847,0.10934393638170974,2.6202783300198806
GFPT1,0.5904572564612326,0.015904572564612324,3.1530815109343937
GFPT2,0.46322067594433397,0.07952286282306163,2.8846918489065607
GFRA1,0.4691848906560636,0.07952286282306163,2.725646123260437
GFRA2,0.31411530815109345,0.2624254473161034,2.304174950298211
GFRA4,0.5129224652087475,0.09741550695825049,2.944333996023857
GGA1,0.4115308151093439,0.1272365805168986,2.6143141153081513
GGA2,0.5924453280318092,0.039761431411530816,3.1451292246520874
GGA3,0.6560636182902585,0.009940357852882704,3.481113320079523
GGCT,0.6958250497017893,0.02584493041749503,3.840954274353877
GGCX,0.5944333996023857,0.017892644135188866,3.15506958250497
GGH,0.6520874751491054,0.02584493041749503,3.771371769383698
GGPS1,0.731610337972167,0.007952286282306162,3.8946322067594434
GGT1,0.43538767395626243,0.10139165009940358,2.6560636182902586
GGT5,0.43538767395626243,0.10337972166998012,2.6600397614314115
GGT6,0.294234592445328,0.2047713717693837,2.268389662027833
GGT7,0.610337972166998,0.02584493041749503,3.3141153081510932
GH1,0.6441351888667992,0.005964214711729622,3.4552683896620278
GH2,0.6441351888667992,0.005964214711729622,3.4612326043737576
GHR,0.7256461232604374,0.015904572564612324,4.268389662027833
GHRH,0.588469184890656,0.03777335984095427,3.2524850894632205
GHRHR,0.6958250497017893,0.02584493041749503,3.84493041749503
GHRL,0.35984095427435386,0.12524850894632206,2.4731610337972167
GHSR,0.558648111332008,0.04572564612326044,3.168986083499006
GID8,0.6302186878727635,0.017892644135188866,3.6302186878727634
GIGYF1,0.6441351888667992,0.03180914512922465,3.4771371769383697
GIMAP4,0.6381709741550696,0.02982107355864811,3.3976143141153083
GIMAP8,0.6361829025844931,0.02982107355864811,3.393638170974155
GINS1,0.5606361829025845,0.06560636182902585,3.131212723658052
GINS2,0.43538767395626243,0.1073558648111332,2.68389662027833
GINS3,0.49502982107355864,0.07554671968190854,2.8727634194831015
GINS4,0.5049701789264414,0.11133200795228629,3.2942345924453282
GIP,0.6322067594433399,0.011928429423459244,3.3797216699801194
GIPC1,0.31610337972166996,0.15308151093439365,2.332007952286282
GIPC2,0.49105367793240556,0.06560636182902585,2.8489065606361827
GIPR,0.46520874751491054,0.09940357852882704,2.8250497017892644
GIT1,0.6003976143141153,0.02982107355864811,3.1749502982107356
GIT2,0.5228628230616302,0.073558648111332,2.908548707753479
GJA1,0.3220675944333996,0.1610337972166998,2.415506958250497
GJA3,0.30417495029821073,0.1709741550695825,2.304174950298211
GJD3,0.6163021868787276,0.019880715705765408,3.324055666003976
GK,0.2345924453280318,0.34393638170974156,2.0974155069582503
GK2,0.45129224652087474,0.05168986083499006,2.7395626242544733
GKAP1,0.34592445328031807,0.12922465208747516,2.405566600397614
GKN2,0.588469184890656,0.015904572564612324,3.1491053677932404
GLA,0.29025844930417494,0.28429423459244535,2.2962226640159047
GLB1,0.3518886679920477,0.12922465208747516,2.4194831013916502
GLCE,0.3817097415506958,0.12326043737574553,2.497017892644135
GLDC,0.34592445328031807,0.20874751491053678,2.4314115308151094
GLE1,0.38767395626242546,0.09741550695825049,2.518886679920477
GLG1,0.46322067594433397,0.07952286282306163,2.8250497017892644
GLI1,0.5725646123260437,0.039761431411530816,3.2942345924453282
GLI2,0.584493041749503,0.007952286282306162,3.1789264413518885
GLI3,0.6878727634194831,0.02385685884691849,3.801192842942346
GLIPR1,0.5308151093439364,0.05964214711729622,3.10337972166998
GLMN,0.47713717693836977,0.07952286282306163,2.765407554671968
GLO1,0.6003976143141153,0.02982107355864811,3.2942345924453282
GLOD4,0.29025844930417494,0.2047713717693837,2.268389662027833
GLP1R,0.5984095427435387,0.02982107355864811,3.3001988071570576
GLP2R,0.30218687872763417,0.21073558648111332,2.274353876739563
GLRA1,0.4234592445328032,0.09741550695825049,2.727634194831014
GLRA2,0.23658051689860835,0.34393638170974156,2.1053677932405566
GLRA3,0.40556660039761433,0.08946322067594434,2.572564612326044
GLRB,0.4294234592445328,0.061630218687872766,2.6938369781312126
GLRX,0.3996023856858847,0.11332007952286283,2.6123260437375744
GLRX2,0.7733598409542743,0.0019880715705765406,4.025844930417495
GLRX3,0.4671968190854871,0.08151093439363817,2.7236580516898607
GLRX5,0.48906560636182905,0.08349900596421471,2.817097415506958
GLS,0.584493041749503,0.011928429423459244,3.1272365805168985
GLS2,0.5606361829025845,0.03777335984095427,3.1351888667992047
GLUD1,0.46322067594433397,0.07952286282306163,2.7157057654075545
GLUD2,0.3061630218687873,0.24652087475149106,2.355864811133201
GLUL,0.7673956262425448,0.005964214711729622,4.023856858846918
GLYAT,0.562624254473161,0.02982107355864811,3.003976143141153
GLYCTK,0.32803180914512925,0.13717693836978131,2.3876739562624256
GM2A,0.4234592445328032,0.09741550695825049,2.7335984095427435
GMDS,0.6063618290258449,0.03578528827037773,3.2524850894632205
GMEB1,0.49304174950298213,0.061630218687872766,2.8369781312127236
GMEB2,0.6441351888667992,0.015904572564612324,3.6719681908548707
GMIP,0.36381709741550694,0.12127236580516898,2.5168986083499005
GML,0.7017892644135189,0.019880715705765408,4.063618290258449
GMNN,0.5984095427435387,0.03578528827037773,3.2485089463220675
GMPPA,0.5685884691848907,0.019880715705765408,3.0457256461232602
GMPR,0.6003976143141153,0.03578528827037773,3.2405566600397613
GMPR2,0.5546719681908548,0.06759443339960239,3.113320079522863
GMPS,0.5427435387673957,0.055666003976143144,3.095427435387674
GNA11,0.30218687872763417,0.16699801192842942,2.2942345924453282
GNA12,0.6878727634194831,0.02186878727634195,3.8846918489065607
GNA13,0.6500994035785288,0.005964214711729622,3.467196819085487
GNA14,0.3399602385685885,0.1312127236580517,2.399602385685885
GNA15,0.30218687872763417,0.16699801192842942,2.2942345924453282
GNAI1,0.6441351888667992,0.03777335984095427,3.353876739562624
GNAI2,0.3220675944333996,0.13916500994035785,2.3697813121272366
GNAI3,0.43141153081510936,0.09343936381709742,2.6540755467196817
GNAL,0.4731610337972167,0.08349900596421471,2.9105367793240555
GNAO1,0.49502982107355864,0.0775347912524851,2.8548707753479126
GNAQ,0.3379721669980119,0.1312127236580517,2.393638170974155
GNAS,0.6302186878727635,0.02385685884691849,3.6341948310139167
GNAT1,0.3220675944333996,0.13916500994035785,2.3697813121272366
GNAT2,0.43141153081510936,0.09343936381709742,2.6540755467196817
GNAT3,0.6441351888667992,0.03777335984095427,3.3399602385685885
GNAZ,0.43339960238568587,0.10337972166998012,2.6779324055666005
GNB1,0.5268389662027833,0.0536779324055666,2.9403578528827037
GNB2,0.6441351888667992,0.03180914512922465,3.4771371769383697
GNB3,0.49304174950298213,0.09542743538767395,2.9980119284294235
GNB4,0.5407554671968191,0.0536779324055666,3.0755467196819084
GNB5,0.3658051689860835,0.13518886679920478,2.4194831013916502
GNE,0.38767395626242546,0.12922465208747516,2.5606361829025843
GNG10,0.3836978131212724,0.10139165009940358,2.536779324055666
GNG11,0.6441351888667992,0.02982107355864811,3.415506958250497
GNG12,0.5089463220675944,0.04970178926441352,2.8648111332007953
GNG13,0.558648111332008,0.041749502982107355,3.1192842942345926
GNG2,0.5506958250497018,0.04970178926441352,3.1172962226640157
GNG3,0.5705765407554672,0.02584493041749503,3.033797216699801
GNG4,0.7335984095427436,0.007952286282306162,3.8946322067594434
GNG5,0.48906560636182905,0.0775347912524851,2.8210735586481115
GNG7,0.30218687872763417,0.16699801192842942,2.2783300198807157
GNG8,0.4393638170974155,0.11133200795228629,2.7077534791252487
GNGT1,0.6441351888667992,0.02982107355864811,3.411530815109344
GNGT2,0.6341948310139165,0.011928429423459244,3.3956262425447314
GNL1,0.6003976143141153,0.033797216699801194,3.320079522862823
GNL2,0.5427435387673957,0.03578528827037773,2.9721669980119283
GNL3,0.33001988071570576,0.13717693836978131,2.3916500994035785
GNL3L,0.25646123260437376,0.2982107355864811,2.1968190854870775
GNMT,0.5984095427435387,0.02982107355864811,3.3180914512922466
GNPAT,0.7395626242544732,0.003976143141153081,3.8986083499005963
GNPDA1,0.4115308151093439,0.09741550695825049,2.675944333996024
GNPDA2,0.5089463220675944,0.0437375745526839,2.9542743538767398
GNPNAT1,0.5526838966202783,0.04970178926441352,3.10337972166998
GNPTAB,0.5149105367793241,0.06560636182902585,2.89662027833002
GNPTG,0.562624254473161,0.041749502982107355,3.1232604373757455
GNRH1,0.3101391650099404,0.25646123260437376,2.2842942345924455
GNRHR,0.4671968190854871,0.04970178926441352,2.7594433399602387
GNS,0.5725646123260437,0.033797216699801194,3.320079522862823
GOLGA1,0.3856858846918489,0.09940357852882704,2.524850894632207
GOLGA2,0.3856858846918489,0.09741550695825049,2.518886679920477
GOLGA3,0.5208747514910537,0.07554671968190854,2.914512922465209
GOLGA4,0.341948310139165,0.12922465208747516,2.405566600397614
GOLGA5,0.49304174950298213,0.07554671968190854,2.856858846918489
GOLGA7,0.5049701789264414,0.11332007952286283,3.2882703777335984
GOLGB1,0.5168986083499006,0.061630218687872766,2.9105367793240555
GOLIM4,0.5685884691848907,0.04771371769383698,3.1968190854870775
GOLM1,0.3499005964214712,0.12922465208747516,2.415506958250497
GOLPH3,0.7395626242544732,0.011928429423459244,4.345924453280318
GOLPH3L,0.7952286282306164,0.0019880715705765406,4.453280318091451
GON4L,0.7952286282306164,0.0019880715705765406,4.353876739562624
GOPC,0.3101391650099404,0.1610337972166998,2.359840954274354
GORAB,0.7793240556660039,0.005964214711729622,4.087475149105368
GORASP1,0.34393638170974156,0.1272365805168986,2.4135188866799204
GORASP2,0.5924453280318092,0.011928429423459244,3.172962226640159
GOSR1,0.5964214711729622,0.02982107355864811,3.1968190854870775
GOSR2,0.6242544731610338,0.013916500994035786,3.3658051689860833
GOT1,0.46123260437375746,0.07554671968190854,2.727634194831014
GOT2,0.4970178926441352,0.073558648111332,2.8767395626242545
GP1BA,0.294234592445328,0.20079522862823063,2.272365805168986
GP1BB,0.44731610337972166,0.09542743538767395,2.7176938369781314
GP2,0.5864811133200796,0.04572564612326044,3.1172962226640157
GP5,0.5188866799204771,0.08349900596421471,2.9920477137176937
GP6,0.4532803180914513,0.09542743538767395,2.743538767395626
GP9,0.5308151093439364,0.05765407554671968,2.944333996023857
GPA33,0.7773359840954275,0.007952286282306162,4.075546719681909
GPAA1,0.6938369781312127,0.02186878727634195,4.0178926441351885
GPAM,0.4691848906560636,0.08151093439363817,2.7455268389662026
GPAT3,0.44731610337972166,0.04771371769383698,2.6819085487077534
GPAT4,0.5069582504970179,0.11133200795228629,3.3061630218687874
GPATCH1,0.5526838966202783,0.05765407554671968,3.2306163021868786
GPC1,0.562624254473161,0.027833001988071572,2.996023856858847
GPC2,0.6481113320079522,0.02982107355864811,3.4990059642147116
GPC3,0.32007952286282304,0.24652087475149106,2.3876739562624256
GPC4,0.32007952286282304,0.24652087475149106,2.3876739562624256
GPC5,0.3757455268389662,0.11332007952286283,2.588469184890656
GPC6,0.37773359840954274,0.11332007952286283,2.600397614314115
GPCPD1,0.5089463220675944,0.09741550695825049,2.9542743538767398
GPD1,0.5526838966202783,0.0536779324055666,3.05765407554672
GPD1L,0.34791252485089463,0.12922465208747516,2.415506958250497
GPD2,0.588469184890656,0.009940357852882704,3.1491053677932404
GPHA2,0.5785288270377733,0.02186878727634195,3.0497017892644136
GPHB5,0.5069582504970179,0.0636182902584493,2.900596421471173
GPHN,0.4870775347912525,0.06759443339960239,2.8429423459244534
GPI,0.5566600397614314,0.05765407554671968,3.224652087475149
GPIHBP1,0.7017892644135189,0.02186878727634195,4.049701789264414
GPKOW,0.2544731610337972,0.30019880715705766,2.216699801192843
GPLD1,0.5984095427435387,0.03578528827037773,3.250497017892644
GPN1,0.5924453280318092,0.013916500994035786,3.1848906560636183
GPN3,0.5188866799204771,0.073558648111332,2.89662027833002
GPNMB,0.6898608349900597,0.02385685884691849,3.89065606361829
GPR119,0.3121272365805169,0.2524850894632207,2.353876739562624
GPR143,0.2286282306163022,0.3399602385685885,2.069582504970179
GPR15,0.5089463220675944,0.05765407554671968,2.8846918489065607
GPR153,0.510934393638171,0.0636182902584493,2.8886679920477136
GPR156,0.5188866799204771,0.061630218687872766,2.9105367793240555
GPR161,0.7753479125248509,0.005964214711729622,4.0894632206759445
GPR17,0.5805168986083499,0.007952286282306162,3.1113320079522864
GPR180,0.37773359840954274,0.11530815109343936,2.6043737574552686
GPR183,0.3797216699801193,0.11332007952286283,2.6083499005964215
GPR20,0.7037773359840954,0.017892644135188866,4.105367793240557
GPR25,0.7713717693836978,0.0019880715705765406,4.01394422310757
GPR35,0.5606361829025845,0.02982107355864811,2.9900596421471173
GPR37,0.6322067594433399,0.041749502982107355,3.349900596421471
GPR39,0.5785288270377733,0.007952286282306162,3.099403578528827
GPR45,0.5825049701789264,0.005964214711729622,3.1630218687872764
GPR50,0.32803180914512925,0.22266401590457258,2.4711729622266403
GPR55,0.5666003976143141,0.02186878727634195,3.0139165009940356
GPR83,0.5666003976143141,0.041749502982107355,3.0755467196819084
GPR84,0.5526838966202783,0.0437375745526839,3.0715705765407555
GPS1,0.6481113320079522,0.005964214711729622,3.451292246520875
GPS2,0.2962226640159046,0.20079522862823063,2.2664015904572565
GPSM1,0.3976143141153082,0.09542743538767395,2.5626242544731612
GPSM2,0.4294234592445328,0.09542743538767395,2.6520874751491053
GPT,0.6918489065606361,0.02385685884691849,4.0178926441351885
GPT2,0.5347912524850894,0.06958250497017893,2.9860834990059644
GPX1,0.3220675944333996,0.1411530815109344,2.36779324055666
GPX2,0.5009940357852882,0.06560636182902585,2.8827037773359843
GPX4,0.3061630218687873,0.16699801192842942,2.320079522862823
GPX7,0.5228628230616302,0.04572564612326044,2.9165009940357853
GPX8,0.4572564612326044,0.09343936381709742,2.9204771371769382
GRAP,0.35785288270377735,0.16500994035785288,2.502982107355865
GRAP2,0.40556660039761433,0.12127236580516898,2.5825049701789267
GRB10,0.6858846918489065,0.027833001988071572,3.8508946322067596
GRB14,0.5864811133200796,0.011928429423459244,3.2027833001988073
GRB2,0.658051689860835,0.009940357852882704,3.489065606361829
GRB7,0.6262425447316103,0.015904572564612324,3.6381709741550696
GREM2,0.7435387673956262,0.003976143141153081,3.9502982107355864
GRHL1,0.5765407554671969,0.017892644135188866,3.1491053677932404
GRHPR,0.3856858846918489,0.14512922465208747,2.540755467196819
GRIA1,0.4294234592445328,0.09741550695825049,2.743538767395626
GRIA2,0.4274353876739563,0.0636182902584493,2.679920477137177
GRIA3,0.3061630218687873,0.2524850894632207,2.3359840954274356
GRIA4,0.5387673956262425,0.04970178926441352,2.9860834990059644
GRID2,0.43538767395626243,0.05168986083499006,2.650099403578529
GRID2IP,0.6878727634194831,0.02186878727634195,3.8946322067594434
GRIK1,0.44930417495029823,0.08548707753479125,2.771371769383698
GRIK2,0.3081510934393638,0.1610337972166998,2.3439363817097414
GRIK3,0.5427435387673957,0.039761431411530816,2.9681908548707754
GRIK4,0.5288270377733598,0.06958250497017893,2.9383697813121272
GRIK5,0.4990059642147117,0.073558648111332,2.886679920477137
GRIN1,0.40556660039761433,0.09741550695825049,2.5785288270377733
GRIN2A,0.5904572564612326,0.03578528827037773,3.1630218687872764
GRIN2B,0.4711729622266402,0.10934393638170974,2.914512922465209
GRIN2C,0.6540755467196819,0.009940357852882704,3.485089463220676
GRIN2D,0.4254473161033797,0.11332007952286283,2.644135188866799
GRIN3A,0.36182902584493043,0.10934393638170974,2.4731610337972167
GRIN3B,0.3061630218687873,0.16699801192842942,2.320079522862823
GRIP1,0.5646123260437376,0.03578528827037773,3.3121272365805168
GRIP2,0.3538767395626243,0.12524850894632206,2.451292246520875
GRK1,0.36779324055666,0.12922465208747516,2.628230616302187
GRK2,0.6182902584493042,0.013916500994035786,3.246520874751491
GRK4,0.4870775347912525,0.0636182902584493,2.8369781312127236
GRK5,0.4731610337972167,0.0775347912524851,2.731610337972167
GRK6,0.4572564612326044,0.08151093439363817,2.8508946322067596
GRK7,0.5288270377733598,0.055666003976143144,3.003976143141153
GRM1,0.3260437375745527,0.1550695825049702,2.4254473161033796
GRM2,0.33001988071570576,0.13916500994035785,2.3836978131212723
GRM3,0.6461232604373758,0.027833001988071572,3.3618290258449304
GRM4,0.6003976143141153,0.02982107355864811,3.2783300198807157
GRM5,0.5924453280318092,0.027833001988071572,3.1332007952286283
GRM6,0.4532803180914513,0.08349900596421471,2.8429423459244534
GRM7,0.35984095427435386,0.12524850894632206,2.4711729622266403
GRM8,0.6302186878727635,0.039761431411530816,3.3578528827037775
GRN,0.610337972166998,0.017892644135188866,3.290258449304175
GRP,0.34592445328031807,0.21073558648111332,2.399602385685885
GRPEL1,0.4850894632206759,0.06560636182902585,2.840954274353877
GRPEL2,0.4254473161033797,0.09542743538767395,2.7335984095427435
GRPR,0.23658051689860835,0.3379721669980119,2.107355864811133
GRSF1,0.4671968190854871,0.04970178926441352,2.8250497017892644
GRWD1,0.4254473161033797,0.11332007952286283,2.640159045725646
GRXCR1,0.5049701789264414,0.04572564612326044,2.9463220675944335
GSC,0.4870775347912525,0.08151093439363817,2.817097415506958
GSDMB,0.6222664015904572,0.019880715705765408,3.375745526838966
GSK3A,0.4990059642147117,0.073558648111332,2.8846918489065607
GSK3B,0.5188866799204771,0.061630218687872766,2.9125248508946324
GSN,0.3856858846918489,0.09940357852882704,2.5347912524850895
GSPT1,0.6023856858846919,0.03777335984095427,3.194831013916501
GSPT2,0.2485089463220676,0.30218687872763417,2.172962226640159
GSR,0.3240556660039761,0.2485089463220676,2.3399602385685885
GSTA1,0.5825049701789264,0.03578528827037773,3.220675944333996
GSTA2,0.5825049701789264,0.03578528827037773,3.224652087475149
GSTA3,0.584493041749503,0.03578528827037773,3.216699801192843
GSTA4,0.5825049701789264,0.03578528827037773,3.20675944333996
GSTA5,0.584493041749503,0.03578528827037773,3.228628230616302
GSTK1,0.6341948310139165,0.027833001988071572,3.399602385685885
GSTM1,0.43141153081510936,0.09145129224652088,2.6560636182902586
GSTM2,0.43141153081510936,0.09145129224652088,2.6560636182902586
GSTM3,0.43141153081510936,0.09145129224652088,2.6560636182902586
GSTM4,0.43141153081510936,0.09145129224652088,2.6560636182902586
GSTM5,0.43141153081510936,0.09145129224652088,2.6560636182902586
GSTO1,0.46520874751491054,0.08151093439363817,2.7117296222664016
GSTO2,0.46520874751491054,0.08151093439363817,2.7117296222664016
GSTP1,0.6202783300198808,0.013916500994035786,3.2584493041749503
GSTT2B,0.43538767395626243,0.10337972166998012,2.662027833001988
GSTZ1,0.49105367793240556,0.07952286282306163,2.8489065606361827
GTF2A1,0.48906560636182905,0.08548707753479125,2.8369781312127236
GTF2A1L,0.5944333996023857,0.013916500994035786,3.2524850894632205
GTF2A2,0.3658051689860835,0.13320079522862824,2.4473161033797215
GTF2B,0.4870775347912525,0.07952286282306163,2.7952286282306162
GTF2E1,0.5188866799204771,0.061630218687872766,2.904572564612326
GTF2E2,0.3240556660039761,0.2485089463220676,2.326043737574553
GTF2F1,0.3081510934393638,0.16302186878727634,2.2882703777335984
GTF2F2,0.32007952286282304,0.15904572564612326,2.3876739562624256
GTF2H1,0.49105367793240556,0.05765407554671968,2.8389662027833
GTF2H2,0.40159045725646125,0.1073558648111332,2.622266401590457
GTF2H2C,0.3976143141153082,0.1073558648111332,2.6163021868787277
GTF2H3,0.5288270377733598,0.07554671968190854,2.9403578528827037
GTF2H4,0.6003976143141153,0.033797216699801194,3.2783300198807157
GTF2H5,0.31610337972166996,0.15308151093439365,2.389662027833002
GTF2I,0.6421471172962226,0.03777335984095427,3.3300198807157058
GTF2IRD2,0.6421471172962226,0.039761431411530816,3.3300198807157058
GTF2IRD2B,0.6421471172962226,0.039761431411530816,3.3300198807157058
GTF3A,0.3081510934393638,0.16302186878727634,2.3439363817097414
GTF3C1,0.6003976143141153,0.03180914512922465,3.1789264413518885
GTF3C2,0.5944333996023857,0.013916500994035786,3.1809145129224654
GTF3C3,0.5785288270377733,0.013916500994035786,3.0974155069582503
GTF3C4,0.39363817097415504,0.09940357852882704,2.532803180914513
GTF3C5,0.3996023856858847,0.09741550695825049,2.5447316103379722
GTF3C6,0.3121272365805169,0.15705765407554673,2.377733598409543
GTPBP1,0.41749502982107356,0.12127236580516898,2.6381709741550696
GTPBP10,0.6500994035785288,0.027833001988071572,3.4194831013916502
GTPBP3,0.34592445328031807,0.13916500994035785,2.4194831013916502
GTPBP4,0.5129224652087475,0.06759443339960239,2.9383697813121272
GTSE1,0.3797216699801193,0.147117296222664,2.4910536779324057
GUCA1B,0.6023856858846919,0.02982107355864811,3.3658051689860833
GUCY1A1,0.4294234592445328,0.05964214711729622,2.695825049701789
GUCY1A2,0.532803180914513,0.055666003976143144,2.9642147117296225
GUCY1B1,0.4294234592445328,0.05964214711729622,2.695825049701789
GUCY2C,0.4711729622266402,0.11133200795228629,2.908548707753479
GUCY2D,0.294234592445328,0.2047713717693837,2.2604373757455267
GUCY2F,0.2962226640159046,0.27037773359840955,2.308151093439364
GUF1,0.5089463220675944,0.0437375745526839,2.9542743538767398
GUK1,0.7455268389662028,0.0019880715705765406,3.9165009940357853
GULP1,0.584493041749503,0.011928429423459244,3.1510934393638173
GUSB,0.6520874751491054,0.03180914512922465,3.4254473161033796
GXYLT1,0.5407554671968191,0.05765407554671968,3.05168986083499
GXYLT2,0.3797216699801193,0.12326043737574553,2.5089463220675943
GYG1,0.5387673956262425,0.0536779324055666,3.0258449304174952
GYG2,0.24055666003976142,0.33001988071570576,2.0934393638170974
GYPB,0.4433399602385686,0.04970178926441352,2.7176938369781314
GYPC,0.584493041749503,0.007952286282306162,3.113320079522863
GYS1,0.4254473161033797,0.11332007952286283,2.6421471172962225
GYS2,0.5228628230616302,0.09145129224652088,3.2485089463220675
GZMA,0.4572564612326044,0.09343936381709742,2.918489065606362
GZMB,0.5546719681908548,0.061630218687872766,3.143141153081511
GZMH,0.5546719681908548,0.061630218687872766,3.1351888667992047
GZMK,0.4572564612326044,0.09343936381709742,2.918489065606362
GZMM,0.3061630218687873,0.16699801192842942,2.3101391650099403
HAAO,0.5944333996023857,0.013916500994035786,3.2147117296222665
HABP2,0.47514910536779326,0.07554671968190854,2.7733598409542743
HACD1,0.5188866799204771,0.0536779324055666,2.9622266401590456
HACD2,0.5248508946322068,0.061630218687872766,2.930417495029821
HACD4,0.33001988071570576,0.24055666003976142,2.308151093439364
HACE1,0.31610337972166996,0.15705765407554673,2.3618290258449304
HACL1,0.3538767395626243,0.1272365805168986,2.4433399602385686
HADH,0.4254473161033797,0.05168986083499006,2.6660039761431413
HADHA,0.5944333996023857,0.013916500994035786,3.182902584493042
HADHB,0.5944333996023857,0.013916500994035786,3.1968190854870775
HAGH,0.5646123260437376,0.0437375745526839,3.1192842942345926
HAL,0.5129224652087475,0.0636182902584493,2.9125248508946324
HAMP,0.562624254473161,0.05765407554671968,3.2823061630218686
HAND1,0.4294234592445328,0.09542743538767395,2.743538767395626
HAND2,0.4095427435387674,0.08548707753479125,2.5825049701789267
HAO1,0.5149105367793241,0.09940357852882704,2.9860834990059644
HAO2,0.47514910536779326,0.08349900596421471,2.805168986083499
HAP1,0.6083499005964215,0.02385685884691849,3.26441351888668
HAPLN1,0.39363817097415504,0.11332007952286283,2.6143141153081513
HARBI1,0.5347912524850894,0.04572564612326044,2.94831013916501
HARS2,0.415506958250497,0.09940357852882704,2.6660039761431413
HASPIN,0.294234592445328,0.20675944333996024,2.26441351888668
HAT1,0.5924453280318092,0.011928429423459244,3.1669980119284293
HAUS1,0.35984095427435386,0.18886679920477137,2.4990059642147116
HAUS2,0.33399602385685884,0.16699801192842942,2.320079522862823
HAUS3,0.48906560636182905,0.0636182902584493,2.8508946322067596
HAUS4,0.5546719681908548,0.06560636182902585,3.107355864811133
HAUS5,0.558648111332008,0.055666003976143144,3.286282306163022
HAUS6,0.341948310139165,0.20675944333996024,2.3976143141153083
HAUS7,0.33399602385685884,0.21868787276341947,2.5009940357852884
HAUS8,0.341948310139165,0.13916500994035785,2.407554671968191
HAVCR1,0.4294234592445328,0.09343936381709742,2.7395626242544733
HAVCR2,0.43141153081510936,0.09343936381709742,2.743538767395626
HAX1,0.7952286282306164,0.0019880715705765406,4.397614314115308
HBA1,0.5566600397614314,0.04771371769383698,3.10934393638171
HBA2,0.5566600397614314,0.04771371769383698,3.10934393638171
HBB,0.4731610337972167,0.0636182902584493,2.775347912524851
HBE1,0.4731610337972167,0.0636182902584493,2.775347912524851
HBEGF,0.415506958250497,0.10139165009940358,2.6660039761431413
HBG1,0.4731610337972167,0.0636182902584493,2.775347912524851
HBP1,0.6381709741550696,0.039761431411530816,3.429423459244533
HBQ1,0.5566600397614314,0.04771371769383698,3.10934393638171
HBZ,0.5566600397614314,0.04771371769383698,3.10934393638171
HCAR1,0.5248508946322068,0.07554671968190854,2.9244532803180916
HCCS,0.23856858846918488,0.3379721669980119,2.0974155069582503
HCFC1,0.33399602385685884,0.21868787276341947,2.5049701789264414
HCFC2,0.5129224652087475,0.07554671968190854,2.886679920477137
HCLS1,0.5168986083499006,0.061630218687872766,2.9105367793240555
HCN1,0.7117296222664016,0.015904572564612324,4.20079522862823
HCN2,0.3061630218687873,0.16699801192842942,2.3101391650099403
HCN4,0.3856858846918489,0.11928429423459244,2.518886679920477
HCRT,0.610337972166998,0.019880715705765408,3.2604373757455267
HCRTR1,0.5129224652087475,0.05168986083499006,2.8946322067594434
HCRTR2,0.584493041749503,0.03777335984095427,3.2027833001988073
HCST,0.5546719681908548,0.05765407554671968,3.2544731610337974
HDAC1,0.5149105367793241,0.04771371769383698,2.904572564612326
HDAC10,0.3658051689860835,0.15308151093439365,2.467196819085487
HDAC11,0.3558648111332008,0.12524850894632206,2.4552683896620278
HDAC2,0.3081510934393638,0.1550695825049702,2.36779324055666
HDAC3,0.415506958250497,0.09741550695825049,2.673956262425447
HDAC4,0.5666003976143141,0.02584493041749503,3.0934393638170974
HDAC5,0.610337972166998,0.017892644135188866,3.2882703777335984
HDAC6,0.25646123260437376,0.30417495029821073,2.2147117296222665
HDAC7,0.5427435387673957,0.055666003976143144,3.017892644135189
HDAC8,0.27634194831013914,0.28628230616302186,2.250497017892644
HDAC9,0.6978131212723658,0.02186878727634195,3.9582504970178927
HDC,0.36779324055666,0.13916500994035785,2.415506958250497
HDGF,0.7852882703777336,0.0019880715705765406,4.246520874751491
HDLBP,0.562624254473161,0.02982107355864811,3.0019880715705765
HEATR1,0.7395626242544732,0.0019880715705765406,3.9105367793240555
HEBP1,0.4671968190854871,0.10934393638170974,2.9025844930417497
HEBP2,0.3379721669980119,0.15308151093439365,2.4731610337972167
HECTD3,0.5467196819085487,0.02982107355864811,3.0099403578528827
HECW1,0.68389662027833,0.02385685884691849,3.78727634194831
HECW2,0.5805168986083499,0.013916500994035786,3.099403578528827
HEG1,0.5248508946322068,0.05964214711729622,2.926441351888668
HELB,0.5646123260437376,0.03777335984095427,3.262425447316103
HELLS,0.46520874751491054,0.07952286282306163,2.7176938369781314
HELQ,0.44930417495029823,0.04771371769383698,2.6858846918489068
HELZ,0.6520874751491054,0.005964214711729622,3.489065606361829
HELZ2,0.6401590457256461,0.015904572564612324,3.667992047713718
HENMT1,0.4294234592445328,0.09542743538767395,2.6520874751491053
HERC1,0.36779324055666,0.12524850894632206,2.493041749502982
HERC2,0.341948310139165,0.16302186878727634,2.363817097415507
HERC3,0.44532803180914515,0.04970178926441352,2.673956262425447
HERC4,0.48111332007952284,0.0636182902584493,2.7992047713717696
HERC5,0.44532803180914515,0.04970178926441352,2.6719681908548707
HERC6,0.44532803180914515,0.04970178926441352,2.6719681908548707
HERPUD1,0.4970178926441352,0.07554671968190854,2.868787276341948
HES1,0.5168986083499006,0.08349900596421471,2.9900596421471173
HES6,0.5646123260437376,0.027833001988071572,3.011928429423459
HES7,0.294234592445328,0.2047713717693837,2.2584493041749503
HESX1,0.33399602385685884,0.13320079522862824,2.3856858846918487
HEXA,0.38767395626242546,0.11928429423459244,2.514910536779324
HEXB,0.3996023856858847,0.10934393638170974,2.618290258449304
HEXIM1,0.6123260437375746,0.017892644135188866,3.2882703777335984
HEXIM2,0.614314115308151,0.017892644135188866,3.2922465208747513
HEY1,0.6938369781312127,0.02385685884691849,4.20675944333996
HEY2,0.3260437375745527,0.16302186878727634,2.4095427435387675
HEYL,0.5546719681908548,0.033797216699801194,3.0715705765407555
HFE,0.5984095427435387,0.03578528827037773,3.2485089463220675
HGD,0.5188866799204771,0.061630218687872766,2.904572564612326
HGF,0.6500994035785288,0.03180914512922465,3.353876739562624
HGFAC,0.4831013916500994,0.06560636182902585,2.827037773359841
HGS,0.6481113320079522,0.005964214711729622,3.457256461232604
HHAT,0.7594433399602386,0.003976143141153081,3.970178926441352
HHIP,0.441351888667992,0.05168986083499006,2.7077534791252487
HIBADH,0.6938369781312127,0.02385685884691849,3.8608349900596424
HIBCH,0.5825049701789264,0.011928429423459244,3.1153081510934393
HIC1,0.28628230616302186,0.20874751491053678,2.250497017892644
HID1,0.6540755467196819,0.009940357852882704,3.4771371769383697
HIF1A,0.5149105367793241,0.061630218687872766,2.9343936381709743
HIF1AN,0.46123260437375746,0.07554671968190854,2.7236580516898607
HIF3A,0.4433399602385686,0.1073558648111332,2.7176938369781314
HIGD1A,0.34592445328031807,0.12922465208747516,2.411530815109344
HIKESHI,0.5944333996023857,0.02385685884691849,3.1709741550695827
HINT1,0.38966202783300197,0.11133200795228629,2.588469184890656
HIP1,0.6421471172962226,0.039761431411530816,3.337972166998012
HIP1R,0.5248508946322068,0.07554671968190854,2.926441351888668
HIPK1,0.4254473161033797,0.09542743538767395,2.6520874751491053
HIPK2,0.6361829025844931,0.027833001988071572,3.3876739562624256
HIPK3,0.5129224652087475,0.04572564612326044,2.9105367793240555
HIPK4,0.5248508946322068,0.073558648111332,3.0834990059642147
HIRA,0.44532803180914515,0.09343936381709742,2.7216699801192843
HIVEP2,0.3320079522862823,0.14910536779324055,2.441351888667992
HIVEP3,0.5506958250497018,0.02982107355864811,3.047713717693837
HJURP,0.5666003976143141,0.027833001988071572,3.0099403578528827
HJV,0.7773359840954275,0.0019880715705765406,4.244532803180914
HK2,0.5864811133200796,0.019880715705765408,3.15506958250497
HK3,0.4572564612326044,0.08151093439363817,2.8588469184890655
HKDC1,0.4850894632206759,0.06560636182902585,2.8031809145129225
HLA-A,0.5984095427435387,0.033797216699801194,3.2544731610337974
HLA-B,0.5984095427435387,0.033797216699801194,3.2584493041749503
HLA-C,0.5984095427435387,0.033797216699801194,3.262425447316103
HLA-DMA,0.6063618290258449,0.03180914512922465,3.26441351888668
HLA-DMB,0.6063618290258449,0.03180914512922465,3.26441351888668
HLA-DOA,0.6063618290258449,0.03180914512922465,3.26441351888668
HLA-DOB,0.6043737574552683,0.03180914512922465,3.262425447316103
HLA-DPA1,0.6063618290258449,0.03180914512922465,3.2584493041749503
HLA-DPB1,0.6063618290258449,0.03180914512922465,3.2584493041749503
HLA-DQA1,0.6043737574552683,0.03180914512922465,3.268389662027833
HLA-DQA2,0.6043737574552683,0.03180914512922465,3.2604373757455267
HLA-DQB1,0.6043737574552683,0.03180914512922465,3.268389662027833
HLA-DQB2,0.6043737574552683,0.03180914512922465,3.2604373757455267
HLA-DRA,0.6043737574552683,0.03180914512922465,3.2664015904572565
HLA-DRB1,0.6023856858846919,0.03180914512922465,3.258964143426295
HLA-DRB5,0.6043737574552683,0.03180914512922465,3.262425447316103
HLA-E,0.6003976143141153,0.033797216699801194,3.274353876739563
HLA-F,0.5964214711729622,0.033797216699801194,3.246520874751491
HLCS,0.4552683896620278,0.07157057654075547,2.8111332007952288
HLTF,0.5387673956262425,0.0536779324055666,3.0258449304174952
HLX,0.7514910536779325,0.0019880715705765406,3.9343936381709743
HM13,0.6242544731610338,0.02186878727634195,3.377733598409543
HMG20A,0.3817097415506958,0.11332007952286283,2.5089463220675943
HMG20B,0.2962226640159046,0.16699801192842942,2.272365805168986
HMGA1,0.6043737574552683,0.02982107355864811,3.308151093439364
HMGA2,0.5685884691848907,0.03578528827037773,3.2823061630218686
HMGB1,0.3101391650099404,0.16302186878727634,2.3280318091451293
HMGB2,0.40755467196819084,0.08548707753479125,2.5816733067729083
HMGB3,0.32803180914512925,0.22266401590457258,2.4652087475149105
HMGCL,0.48906560636182905,0.06560636182902585,2.8429423459244534
HMGCR,0.40357852882703776,0.1073558648111332,2.618290258449304
HMGCS1,0.7176938369781312,0.015904572564612324,4.254473161033797
HMGCS2,0.47514910536779326,0.07952286282306163,2.8190854870775346
HMGN1,0.44930417495029823,0.06759443339960239,2.8429423459244534
HMGN2,0.4870775347912525,0.06759443339960239,2.8111332007952288
HMGN3,0.3359840954274354,0.13916500994035785,2.427435387673956
HMGN5,0.27236580516898606,0.28429423459244535,2.2306163021868786
HMGXB4,0.39363817097415504,0.12326043737574553,2.5646123260437377
HMMR,0.441351888667992,0.08946322067594434,2.789264413518887
HMOX1,0.3976143141153082,0.12524850894632206,2.592445328031809
HMOX2,0.5765407554671969,0.03777335984095427,3.131212723658052
HNF1A,0.5268389662027833,0.07554671968190854,2.918489065606362
HNF1B,0.6282306163021869,0.017892644135188866,3.359840954274354
HNF4A,0.5725646123260437,0.04970178926441352,3.168986083499006
HNF4G,0.6719681908548708,0.02385685884691849,4.069582504970179
HNMT,0.5765407554671969,0.007952286282306162,3.0974155069582503
HNRNPA0,0.4115308151093439,0.10139165009940358,2.6520874751491053
HNRNPA1,0.5546719681908548,0.0437375745526839,3.0755467196819084
HNRNPA1L2,0.3399602385685885,0.147117296222664,2.451292246520875
HNRNPA2B1,0.6898608349900597,0.02385685884691849,3.8648111332007953
HNRNPA3,0.5944333996023857,0.009940357852882704,3.2266401590457257
HNRNPAB,0.4552683896620278,0.08349900596421471,2.856858846918489
HNRNPC,0.5467196819085487,0.0636182902584493,3.081510934393638
HNRNPD,0.4433399602385686,0.04970178926441352,2.675944333996024
HNRNPDL,0.4433399602385686,0.04970178926441352,2.675944333996024
HNRNPF,0.532803180914513,0.055666003976143144,2.9204771371769382
HNRNPH1,0.4592445328031809,0.08349900596421471,2.8707753479125246
HNRNPH2,0.29025844930417494,0.28429423459244535,2.2962226640159047
HNRNPH3,0.4850894632206759,0.0636182902584493,2.8131212723658052
HNRNPK,0.34791252485089463,0.12922465208747516,2.4035785288270377
HNRNPL,0.536779324055666,0.073558648111332,3.1332007952286283
HNRNPLL,0.5924453280318092,0.013916500994035786,3.198807157057654
HNRNPM,0.3081510934393638,0.1550695825049702,2.2962226640159047
HNRNPR,0.48906560636182905,0.06958250497017893,2.840954274353877
HNRNPU,0.7514910536779325,0.0019880715705765406,3.9721669980119283
HNRNPUL1,0.5089463220675944,0.073558648111332,2.9125248508946324
HNRNPUL2,0.5705765407554672,0.02584493041749503,3.033797216699801
HOGA1,0.46322067594433397,0.0775347912524851,2.719681908548708
HOMER1,0.38767395626242546,0.1172962226640159,2.5825049701789267
HOMER2,0.3836978131212724,0.11332007952286283,2.518886679920477
HOMER3,0.35984095427435386,0.12524850894632206,2.497017892644135
HOOK1,0.5089463220675944,0.05168986083499006,2.892644135188867
HOOK2,0.3061630218687873,0.1550695825049702,2.308151093439364
HOOK3,0.5288270377733598,0.09741550695825049,3.3518886679920477
HOPX,0.4970178926441352,0.04970178926441352,2.8827037773359843
HORMAD1,0.7952286282306164,0.0019880715705765406,4.453280318091451
HOXA10,0.6898608349900597,0.02385685884691849,3.856858846918489
HOXA2,0.6898608349900597,0.02385685884691849,3.856858846918489
HOXA3,0.6898608349900597,0.02385685884691849,3.856858846918489
HOXA5,0.6898608349900597,0.02385685884691849,3.856858846918489
HOXA7,0.6898608349900597,0.02385685884691849,3.856858846918489
HOXA9,0.6898608349900597,0.02385685884691849,3.856858846918489
HOXB1,0.6341948310139165,0.011928429423459244,3.363817097415507
HOXB13,0.6322067594433399,0.011928429423459244,3.3697813121272366
HOXB2,0.6341948310139165,0.011928429423459244,3.363817097415507
HOXB3,0.6341948310139165,0.011928429423459244,3.371769383697813
HOXB4,0.6341948310139165,0.011928429423459244,3.371769383697813
HOXB5,0.6341948310139165,0.011928429423459244,3.371769383697813
HOXB6,0.6341948310139165,0.011928429423459244,3.371769383697813
HOXB7,0.6341948310139165,0.011928429423459244,3.371769383697813
HOXB8,0.6341948310139165,0.011928429423459244,3.371769383697813
HOXC13,0.5526838966202783,0.0437375745526839,3.069582504970179
HOXC4,0.5526838966202783,0.0437375745526839,3.0656063618290257
HOXC5,0.5526838966202783,0.0437375745526839,3.0656063618290257
HOXC6,0.5526838966202783,0.0437375745526839,3.069582504970179
HOXC8,0.5526838966202783,0.0437375745526839,3.069582504970179
HOXC9,0.5526838966202783,0.0437375745526839,3.069582504970179
HOXD1,0.5944333996023857,0.009940357852882704,3.2087475149105367
HOXD3,0.5944333996023857,0.009940357852882704,3.2087475149105367
HOXD4,0.5944333996023857,0.009940357852882704,3.2087475149105367
HOXD9,0.5944333996023857,0.009940357852882704,3.2087475149105367
HP,0.4711729622266402,0.07952286282306163,2.8071570576540754
HPD,0.5268389662027833,0.07554671968190854,2.9204771371769382
HPGDS,0.43737574552683894,0.05168986083499006,2.6540755467196817
HPN,0.5606361829025845,0.05765407554671968,3.2584493041749503
HPR,0.4711729622266402,0.07952286282306163,2.8071570576540754
HPRT1,0.32007952286282304,0.24254473161033796,2.3956262425447314
HPS1,0.46322067594433397,0.0775347912524851,2.725646123260437
HPS3,0.5387673956262425,0.0536779324055666,3.0278330019880717
HPS4,0.4135188866799205,0.11133200795228629,2.600397614314115
HPS5,0.49105367793240556,0.05765407554671968,2.8389662027833
HPS6,0.4592445328031809,0.0775347912524851,2.709741550695825
HPSE,0.44930417495029823,0.04771371769383698,2.6858846918489068
HPX,0.4671968190854871,0.061630218687872766,2.765407554671968
HRAS,0.46123260437375746,0.06958250497017893,2.765407554671968
HRC,0.4254473161033797,0.11332007952286283,2.6481113320079523
HRG,0.5248508946322068,0.073558648111332,3.0099403578528827
HRH1,0.35785288270377735,0.12524850894632206,2.4711729622266403
HRH3,0.6322067594433399,0.015904572564612324,3.6083499005964215
HRH4,0.46123260437375746,0.1073558648111332,2.89065606361829
HRK,0.5268389662027833,0.07157057654075547,2.944333996023857
HRNR,0.7952286282306164,0.0019880715705765406,4.443339960238569
HS2ST1,0.4831013916500994,0.07952286282306163,2.779324055666004
HS3ST1,0.4970178926441352,0.055666003976143144,2.8588469184890655
HS3ST2,0.5864811133200796,0.039761431411530816,3.1332007952286283
HS3ST3A1,0.31610337972166996,0.2047713717693837,2.3061630218687874
HS3ST3B1,0.3081510934393638,0.20278330019880716,2.302186878727634
HS6ST1,0.5805168986083499,0.007952286282306162,3.1153081510934393
HS6ST2,0.31610337972166996,0.2504970178926441,2.377733598409543
HSBP1,0.44532803180914515,0.10139165009940358,2.6878727634194832
HSCB,0.40556660039761433,0.11530815109343936,2.558648111332008
HSD11B1,0.757455268389662,0.003976143141153081,3.9642147117296225
HSD11B2,0.4831013916500994,0.07157057654075547,2.8508946322067596
HSD17B1,0.6123260437375746,0.02186878727634195,3.2664015904572565
HSD17B10,0.2524850894632207,0.30218687872763417,2.1868787276341948
HSD17B12,0.5228628230616302,0.04771371769383698,2.9324055666003974
HSD17B2,0.4532803180914513,0.10337972166998012,2.725646123260437
HSD17B3,0.34791252485089463,0.12127236580516898,2.411530815109344
HSD17B6,0.562624254473161,0.03777335984095427,3.1610337972167
HSD17B7,0.7813121272365805,0.003976143141153081,4.184890656063618
HSD17B8,0.6063618290258449,0.03180914512922465,3.256461232604374
HSD3B1,0.47713717693836977,0.08349900596421471,2.8151093439363817
HSD3B2,0.47713717693836977,0.08349900596421471,2.8151093439363817
HSF1,0.6938369781312127,0.02385685884691849,4.027833001988071
HSF2,0.3260437375745527,0.15904572564612326,2.4214711729622267
HSP90AA1,0.49304174950298213,0.0874751491053678,2.840954274353877
HSP90AB1,0.5964214711729622,0.02982107355864811,3.341948310139165
HSP90B1,0.5129224652087475,0.07554671968190854,2.886679920477137
HSPA13,0.43339960238568587,0.10536779324055666,2.7972166998011927
HSPA14,0.5188866799204771,0.0536779324055666,2.9761431411530817
HSPA1A,0.6023856858846919,0.033797216699801194,3.2664015904572565
HSPA1B,0.6023856858846919,0.033797216699801194,3.2664015904572565
HSPA1L,0.6023856858846919,0.033797216699801194,3.2664015904572565
HSPA2,0.5089463220675944,0.0636182902584493,2.9025844930417497
HSPA4,0.3817097415506958,0.11133200795228629,2.566600397614314
HSPA4L,0.4294234592445328,0.0536779324055666,2.662027833001988
HSPA5,0.3856858846918489,0.09741550695825049,2.5168986083499005
HSPA6,0.7852882703777336,0.0019880715705765406,4.238568588469185
HSPA8,0.5268389662027833,0.07157057654075547,2.9165009940357853
HSPA9,0.4194831013916501,0.09940357852882704,2.6699801192842942
HSPB1,0.6341948310139165,0.039761431411530816,3.302186878727634
HSPB2,0.5168986083499006,0.073558648111332,2.9165009940357853
HSPB3,0.46322067594433397,0.09145129224652088,2.9065606361829026
HSPB7,0.5049701789264414,0.06759443339960239,2.892644135188867
HSPB8,0.5268389662027833,0.07157057654075547,2.930417495029821
HSPD1,0.5745526838966203,0.013916500994035786,3.0874751491053676
HSPE1,0.5725646123260437,0.013916500994035786,3.085657370517928
HSPG2,0.4970178926441352,0.06560636182902585,2.852882703777336
HSPH1,0.3121272365805169,0.16302186878727634,2.349900596421471
HTATSF1,0.3240556660039761,0.23658051689860835,2.393638170974155
HTN1,0.46520874751491054,0.04970178926441352,2.8111332007952288
HTN3,0.46520874751491054,0.04970178926441352,2.7972166998011927
HTR1A,0.415506958250497,0.10139165009940358,2.673956262425447
HTR1B,0.341948310139165,0.13518886679920478,2.4552683896620278
HTR1D,0.49105367793240556,0.06958250497017893,2.8429423459244534
HTR1E,0.32007952286282304,0.15705765407554673,2.371769383697813
HTR1F,0.41749502982107356,0.10139165009940358,2.679920477137177
HTR2A,0.3121272365805169,0.16500994035785288,2.363817097415507
HTR2B,0.5685884691848907,0.02186878727634195,3.017892644135189
HTR2C,0.30019880715705766,0.26043737574552683,2.3399602385685885
HTR3A,0.5208747514910537,0.07157057654075547,2.89662027833002
HTR3B,0.5208747514910537,0.07157057654075547,2.89662027833002
HTR3C,0.5288270377733598,0.06560636182902585,3.043737574552684
HTR3D,0.5288270377733598,0.06560636182902585,3.043737574552684
HTR3E,0.5288270377733598,0.06560636182902585,3.043737574552684
HTR4,0.4234592445328032,0.09542743538767395,2.727634194831014
HTR5A,0.6401590457256461,0.02982107355864811,3.4174950298210733
HTR6,0.4970178926441352,0.06958250497017893,2.8489065606361827
HTRA1,0.47514910536779326,0.0775347912524851,2.7335984095427435
HTRA2,0.588469184890656,0.019880715705765408,3.1570576540755466
HTT,0.4870775347912525,0.0636182902584493,2.8369781312127236
HUS1,0.6858846918489065,0.02584493041749503,3.8648111332007953
HUWE1,0.2504970178926441,0.30218687872763417,2.1848906560636183
HVCN1,0.5188866799204771,0.073558648111332,2.900596421471173
HYAL1,0.3220675944333996,0.13916500994035785,2.3697813121272366
HYAL2,0.3220675944333996,0.13916500994035785,2.3697813121272366
HYAL3,0.3220675944333996,0.13916500994035785,2.3697813121272366
HYKK,0.3836978131212724,0.11332007952286283,2.5089463220675943
HYLS1,0.5248508946322068,0.07157057654075547,2.9324055666003974
HYOU1,0.5347912524850894,0.05765407554671968,2.9741550695825048
IAPP,0.5228628230616302,0.08946322067594434,3.2544731610337974
IARS2,0.7475149105367793,0.0019880715705765406,3.9204771371769382
IBA57,0.7455268389662028,0.0019880715705765406,3.9165009940357853
IBTK,0.3220675944333996,0.14910536779324055,2.3876739562624256
ICA1,0.6858846918489065,0.02186878727634195,3.8807157057654074
ICAM1,0.31411530815109345,0.15109343936381708,2.3300198807157058
ICAM2,0.6441351888667992,0.005964214711729622,3.457256461232604
ICAM3,0.31411530815109345,0.15109343936381708,2.3300198807157058
ICAM4,0.31411530815109345,0.15109343936381708,2.3300198807157058
ICAM5,0.31411530815109345,0.15109343936381708,2.3300198807157058
ICE2,0.36779324055666,0.13916500994035785,2.445328031809145
ICMT,0.510934393638171,0.0636182902584493,2.8886679920477136
ICOS,0.5785288270377733,0.015904572564612324,3.10934393638171
ICOSLG,0.441351888667992,0.07952286282306163,2.765407554671968
ID1,0.6262425447316103,0.02186878727634195,3.399602385685885
ID2,0.5785288270377733,0.017892644135188866,3.1530815109343937
ID4,0.5984095427435387,0.033797216699801194,3.2445328031809146
IDE,0.4711729622266402,0.0775347912524851,2.731610337972167
IDH1,0.5765407554671969,0.019880715705765408,3.1113320079522864
IDH2,0.40556660039761433,0.1073558648111332,2.5984095427435387
IDH3A,0.3836978131212724,0.11332007952286283,2.5089463220675943
IDH3B,0.510934393638171,0.09741550695825049,2.944333996023857
IDH3G,0.33399602385685884,0.21868787276341947,2.5049701789264414
IDI1,0.5129224652087475,0.06759443339960239,2.9383697813121272
IDI2,0.5129224652087475,0.06759443339960239,2.9383697813121272
IDO1,0.4691848906560636,0.15308151093439365,3.1630218687872764
IDS,0.3260437375745527,0.2286282306163022,2.4493041749502984
IER3,0.5984095427435387,0.033797216699801194,3.318725099601594
IFI16,0.7793240556660039,0.0019880715705765406,4.214711729622266
IFI27,0.48906560636182905,0.07952286282306163,2.831013916500994
IFI30,0.3538767395626243,0.13518886679920478,2.463220675944334
IFI35,0.6083499005964215,0.02186878727634195,3.256461232604374
IFI44,0.49304174950298213,0.06560636182902585,2.8508946322067596
IFI6,0.4850894632206759,0.06560636182902585,2.8131212723658052
IFIT1,0.4671968190854871,0.08151093439363817,2.7216699801192843
IFIT2,0.46520874751491054,0.08151093439363817,2.719681908548708
IFITM1,0.4671968190854871,0.06958250497017893,2.771371769383698
IFITM3,0.4671968190854871,0.06958250497017893,2.771371769383698
IFNA1,0.31610337972166996,0.268389662027833,2.228628230616302
IFNA10,0.32007952286282304,0.2584493041749503,2.2544731610337974
IFNA13,0.32007952286282304,0.2644135188866799,2.238568588469185
IFNA14,0.32007952286282304,0.2584493041749503,2.2524850894632205
IFNA17,0.32007952286282304,0.2584493041749503,2.2544731610337974
IFNA2,0.32007952286282304,0.2644135188866799,2.238568588469185
IFNA21,0.3220675944333996,0.2584493041749503,2.2584493041749503
IFNA4,0.32007952286282304,0.2584493041749503,2.2544731610337974
IFNA5,0.32007952286282304,0.2624254473161034,2.242544731610338
IFNA7,0.32007952286282304,0.2584493041749503,2.2544731610337974
IFNA8,0.32007952286282304,0.2644135188866799,2.238568588469185
IFNAR1,0.46123260437375746,0.06759443339960239,2.8031809145129225
IFNAR2,0.4592445328031809,0.06759443339960239,2.801192842942346
IFNB1,0.3260437375745527,0.2485089463220676,2.280318091451292
IFNE,0.3121272365805169,0.27236580516898606,2.21272365805169
IFNG,0.5785288270377733,0.03578528827037773,3.600397614314115
IFNGR1,0.3399602385685885,0.15308151093439365,2.481113320079523
IFNGR2,0.46322067594433397,0.06560636182902585,2.809145129224652
IFNL1,0.532803180914513,0.07157057654075547,3.10934393638171
IFNL2,0.5308151093439364,0.07157057654075547,3.10337972166998
IFNL3,0.5308151093439364,0.07157057654075547,3.1013916500994037
IFNLR1,0.48906560636182905,0.06560636182902585,2.84493041749503
IFNW1,0.3240556660039761,0.2544731610337972,2.268389662027833
IFT122,0.5308151093439364,0.05765407554671968,2.944333996023857
IFT172,0.5944333996023857,0.013916500994035786,3.1868787276341948
IFT20,0.6003976143141153,0.02982107355864811,3.168986083499006
IFT27,0.40159045725646125,0.12922465208747516,2.5864811133200796
IFT46,0.532803180914513,0.05765407554671968,2.9721669980119283
IFT52,0.5666003976143141,0.0536779324055666,3.1669980119284293
IFT57,0.5188866799204771,0.05765407554671968,2.9224652087475147
IFT74,0.3658051689860835,0.1908548707753479,2.4473161033797215
IFT80,0.5387673956262425,0.055666003976143144,3.0675944333996026
IFT81,0.5228628230616302,0.073558648111332,2.908548707753479
IFT88,0.30218687872763417,0.1749502982107356,2.2942345924453282
IGBP1,0.27037773359840955,0.2882703777335984,2.234592445328032
IGF1,0.5149105367793241,0.06560636182902585,2.89662027833002
IGF2,0.4731610337972167,0.06759443339960239,2.783300198807157
IGF2BP1,0.6322067594433399,0.011928429423459244,3.375745526838966
IGF2BP2,0.5268389662027833,0.07157057654075547,3.017892644135189
IGF2BP3,0.6918489065606361,0.02385685884691849,3.886679920477137
IGF2R,0.31809145129224653,0.1550695825049702,2.405566600397614
IGFALS,0.5646123260437376,0.0437375745526839,3.1215139442231075
IGFBP1,0.6858846918489065,0.02385685884691849,3.8369781312127236
IGFBP2,0.5666003976143141,0.019880715705765408,3.039761431411531
IGFBP3,0.6858846918489065,0.02385685884691849,3.8369781312127236
IGFBP4,0.6123260437375746,0.019880715705765408,3.320079522862823
IGFBP5,0.5666003976143141,0.019880715705765408,3.039761431411531
IGFBP6,0.5566600397614314,0.041749502982107355,3.0616302186878728
IGFBP7,0.4990059642147117,0.04771371769383698,2.8827037773359843
IGLL1,0.43737574552683894,0.10337972166998012,2.6699801192842942
IGLL5,0.43538767395626243,0.10337972166998012,2.6819085487077534
IGSF1,0.3121272365805169,0.2524850894632207,2.353876739562624
IGSF5,0.44930417495029823,0.06958250497017893,2.801192842942346
IGSF8,0.7813121272365805,0.0019880715705765406,4.260437375745527
IHH,0.5685884691848907,0.019880715705765408,3.0457256461232602
IK,0.415506958250497,0.09940357852882704,2.6660039761431413
IKBKB,0.5248508946322068,0.10337972166998012,3.3518886679920477
IKBKE,0.7654075546719682,0.003976143141153081,4.00596421471173
IKBKG,0.33399602385685884,0.21868787276341947,2.506958250497018
IKZF1,0.6858846918489065,0.02584493041749503,3.886679920477137
IKZF3,0.6242544731610338,0.017892644135188866,3.592445328031809
IKZF4,0.5546719681908548,0.041749502982107355,3.113320079522863
IL10,0.7654075546719682,0.003976143141153081,4.0
IL10RA,0.5308151093439364,0.05964214711729622,2.9582504970178927
IL10RB,0.4592445328031809,0.06759443339960239,2.801192842942346
IL11,0.4532803180914513,0.09542743538767395,2.743538767395626
IL12A,0.5387673956262425,0.055666003976143144,3.0755467196819084
IL12B,0.44532803180914515,0.09145129224652088,2.79324055666004
IL12RB1,0.3538767395626243,0.13518886679920478,2.459244532803181
IL12RB2,0.5089463220675944,0.04970178926441352,2.868787276341948
IL13,0.38767395626242546,0.11133200795228629,2.5745526838966204
IL13RA1,0.30019880715705766,0.25646123260437376,2.3439363817097414
IL13RA2,0.2982107355864811,0.26043737574552683,2.3300198807157058
IL15,0.43339960238568587,0.0536779324055666,2.6858846918489068
IL15RA,0.5208747514910537,0.05765407554671968,2.966202783300199
IL16,0.3856858846918489,0.11530815109343936,2.510934393638171
IL17B,0.4254473161033797,0.09542743538767395,2.7335984095427435
IL17F,0.5825049701789264,0.03578528827037773,3.2226640159045727
IL17RA,0.4194831013916501,0.10536779324055666,2.622266401590457
IL17RB,0.3320079522862823,0.13320079522862824,2.389662027833002
IL17RC,0.36381709741550694,0.12326043737574553,2.489065606361829
IL17RD,0.33399602385685884,0.13320079522862824,2.3856858846918487
IL17RE,0.36381709741550694,0.12326043737574553,2.489065606361829
IL18,0.5168986083499006,0.0775347912524851,2.8986083499005963
IL18BP,0.6063618290258449,0.017892644135188866,3.182902584493042
IL18R1,0.584493041749503,0.005964214711729622,3.1510934393638173
IL18RAP,0.584493041749503,0.005964214711729622,3.1510934393638173
IL1A,0.5904572564612326,0.007952286282306162,3.1749502982107356
IL1B,0.5904572564612326,0.007952286282306162,3.1749502982107356
IL1F10,0.588469184890656,0.007952286282306162,3.1749502982107356
IL1R1,0.584493041749503,0.005964214711729622,3.1709741550695827
IL1R2,0.584493041749503,0.005964214711729622,3.168986083499006
IL1RAP,0.5268389662027833,0.073558648111332,3.0139165009940356
IL1RAPL1,0.23061630218687873,0.341948310139165,2.085487077534791
IL1RAPL2,0.29025844930417494,0.2803180914512923,2.290258449304175
IL1RL1,0.584493041749503,0.005964214711729622,3.1510934393638173
IL1RL2,0.584493041749503,0.005964214711729622,3.168986083499006
IL1RN,0.588469184890656,0.007952286282306162,3.168986083499006
IL2,0.4274353876739563,0.0536779324055666,2.667992047713718
IL20RA,0.341948310139165,0.15308151093439365,2.4831013916500995
IL20RB,0.5347912524850894,0.055666003976143144,2.99403578528827
IL22,0.5785288270377733,0.03578528827037773,3.5964214711729623
IL22RA1,0.49105367793240556,0.06560636182902585,2.8469184890656063
IL22RA2,0.3399602385685885,0.15308151093439365,2.481113320079523
IL23A,0.5606361829025845,0.03777335984095427,3.125248508946322
IL23R,0.5089463220675944,0.05168986083499006,2.8608349900596424
IL24,0.7654075546719682,0.003976143141153081,4.0
IL25,0.5546719681908548,0.06759443339960239,3.1709741550695827
IL26,0.5785288270377733,0.03578528827037773,3.5964214711729623
IL27,0.6043737574552683,0.03180914512922465,3.198807157057654
IL27RA,0.3101391650099404,0.1550695825049702,2.3121272365805168
IL2RA,0.5208747514910537,0.05765407554671968,2.966202783300199
IL2RB,0.40556660039761433,0.1272365805168986,2.5984095427435387
IL2RG,0.27236580516898606,0.2882703777335984,2.2485089463220675
IL32,0.5705765407554672,0.03777335984095427,3.121272365805169
IL33,0.34393638170974156,0.21073558648111332,2.4254473161033796
IL36RN,0.588469184890656,0.007952286282306162,3.1749502982107356
IL37,0.5904572564612326,0.007952286282306162,3.176938369781312
IL3RA,0.3976143141153082,0.19284294234592445,2.6540755467196817
IL4,0.38767395626242546,0.11133200795228629,2.5745526838966204
IL4I1,0.4254473161033797,0.10934393638170974,2.640159045725646
IL4R,0.5984095427435387,0.03180914512922465,3.1709741550695827
IL5,0.38767395626242546,0.11133200795228629,2.5745526838966204
IL5RA,0.35984095427435386,0.12127236580516898,2.479125248508946
IL6,0.6978131212723658,0.02385685884691849,3.9642147117296225
IL6R,0.7952286282306164,0.0019880715705765406,4.393638170974155
IL6ST,0.46322067594433397,0.09343936381709742,2.8846918489065607
IL7,0.679920477137177,0.02584493041749503,4.071570576540755
IL7R,0.7375745526838966,0.009940357852882704,4.441351888667992
IL9,0.39363817097415504,0.1073558648111332,2.5964214711729623
IL9R,0.39363817097415504,0.20079522862823063,2.6540755467196817
ILF2,0.7972166998011928,0.0019880715705765406,4.385685884691849
ILK,0.4671968190854871,0.061630218687872766,2.765407554671968
ILKAP,0.5646123260437376,0.027833001988071572,3.011928429423459
IMMT,0.5904572564612326,0.017892644135188866,3.1491053677932404
IMP3,0.3817097415506958,0.11530815109343936,2.5089463220675943
IMP4,0.5805168986083499,0.007952286282306162,3.10337972166998
IMPA1,0.6958250497017893,0.02385685884691849,4.216699801192843
IMPA2,0.4731610337972167,0.08349900596421471,2.908548707753479
IMPDH1,0.6361829025844931,0.033797216699801194,3.3658051689860833
IMPDH2,0.32007952286282304,0.1411530815109344,2.3618290258449304
INA,0.46322067594433397,0.07952286282306163,2.713717693836978
INCENP,0.5765407554671969,0.019880715705765408,3.0377733598409544
ING1,0.3817097415506958,0.11332007952286283,2.606361829025845
ING2,0.3996023856858847,0.09741550695825049,2.566600397614314
ING3,0.6401590457256461,0.03777335984095427,3.359840954274354
ING4,0.49502982107355864,0.09542743538767395,3.0
ING5,0.562624254473161,0.02982107355864811,3.0019880715705765
INHA,0.5685884691848907,0.019880715705765408,3.0457256461232602
INHBA,0.6878727634194831,0.02584493041749503,3.7912524850894633
INHBB,0.5825049701789264,0.007952286282306162,3.1749502982107356
INHBC,0.5725646123260437,0.039761431411530816,3.2942345924453282
INHBE,0.5725646123260437,0.039761431411530816,3.2942345924453282
INIP,0.3836978131212724,0.09940357852882704,2.5347912524850895
INO80B,0.588469184890656,0.019880715705765408,3.1570576540755466
INO80C,0.415506958250497,0.14512922465208747,2.809145129224652
INO80D,0.5745526838966203,0.017892644135188866,3.091451292246521
INO80E,0.610337972166998,0.027833001988071572,3.216699801192843
INPP5A,0.4711729622266402,0.08349900596421471,2.73558648111332
INPP5B,0.5407554671968191,0.03777335984095427,2.9761431411530817
INPP5D,0.5705765407554672,0.02584493041749503,3.021868787276342
INPP5E,0.3976143141153082,0.09940357852882704,2.558648111332008
INPP5J,0.4115308151093439,0.1172962226640159,2.5984095427435387
INPP5K,0.2823061630218688,0.20675944333996024,2.2445328031809146
INPPL1,0.6023856858846919,0.017892644135188866,3.1630218687872764
INS,0.4731610337972167,0.06759443339960239,2.783300198807157
INSC,0.49502982107355864,0.055666003976143144,2.8469184890656063
INSIG1,0.6401590457256461,0.02982107355864811,3.4174950298210733
INSIG2,0.5805168986083499,0.007952286282306162,3.1491053677932404
INSL3,0.3538767395626243,0.13717693836978131,2.457256461232604
INSM1,0.5467196819085487,0.09343936381709742,3.047713717693837
INSR,0.3081510934393638,0.1610337972166998,2.2882703777335984
INSRR,0.7852882703777336,0.0019880715705765406,4.246520874751491
INTS1,0.6858846918489065,0.02186878727634195,3.8727634194831015
INTS10,0.31411530815109345,0.2664015904572565,2.3180914512922466
INTS11,0.5268389662027833,0.0536779324055666,2.9463220675944335
INTS12,0.4254473161033797,0.0536779324055666,2.662027833001988
INTS13,0.5546719681908548,0.06759443339960239,3.4214711729622267
INTS2,0.6381709741550696,0.007952286282306162,3.4393638170974157
INTS3,0.7952286282306164,0.0019880715705765406,4.3757455268389664
INTS4,0.6083499005964215,0.015904572564612324,3.3439363817097414
INTS5,0.5685884691848907,0.02584493041749503,3.0278330019880717
INTS6,0.3399602385685885,0.14512922465208747,2.4473161033797215
INTS7,0.7514910536779325,0.005964214711729622,3.9383697813121272
INTS8,0.6958250497017893,0.015904572564612324,3.9900596421471173
INTS9,0.3220675944333996,0.25646123260437376,2.3121272365805168
INTU,0.4254473161033797,0.0536779324055666,2.6560636182902586
INVS,0.35785288270377735,0.11530815109343936,2.4493041749502984
IP6K1,0.3220675944333996,0.1411530815109344,2.36779324055666
IP6K2,0.3220675944333996,0.1411530815109344,2.3658051689860833
IP6K3,0.6043737574552683,0.02982107355864811,3.242544731610338
IPCEF1,0.3240556660039761,0.15308151093439365,2.405566600397614
IPMK,0.48111332007952284,0.06958250497017893,2.8190854870775346
IPO11,0.4194831013916501,0.09940357852882704,2.7176938369781314
IPO13,0.5506958250497018,0.027833001988071572,3.0139165009940356
IPO4,0.5546719681908548,0.06759443339960239,3.113320079522863
IPO5,0.3757455268389662,0.10934393638170974,2.6083499005964215
IPO7,0.47514910536779326,0.06560636182902585,2.8031809145129225
IPO8,0.5526838966202783,0.05765407554671968,3.2763419483101393
IPO9,0.7713717693836978,0.0019880715705765406,4.0178926441351885
IPP,0.5407554671968191,0.03180914512922465,2.9920477137176937
IPPK,0.3518886679920477,0.12524850894632206,2.4314115308151094
IQCB1,0.5168986083499006,0.061630218687872766,2.9105367793240555
IQCE,0.6858846918489065,0.02186878727634195,3.8767395626242545
IQGAP1,0.40357852882703776,0.1073558648111332,2.570576540755467
IQGAP2,0.3956262425447316,0.11332007952286283,2.592445328031809
IQGAP3,0.7932405566600398,0.0019880715705765406,4.294234592445328
IQSEC1,0.35785288270377735,0.12326043737574553,2.463220675944334
IRAK1,0.33399602385685884,0.21868787276341947,2.5049701789264414
IRAK2,0.36182902584493043,0.12524850894632206,2.4831013916500995
IRAK3,0.5646123260437376,0.03777335984095427,3.2604373757455267
IREB2,0.3836978131212724,0.11332007952286283,2.5089463220675943
IRF1,0.38767395626242546,0.11133200795228629,2.5745526838966204
IRF2,0.40357852882703776,0.09741550695825049,2.5785288270377733
IRF2BP1,0.4572564612326044,0.10139165009940358,2.7828685258964145
IRF2BP2,0.7335984095427436,0.007952286282306162,3.904572564612326
IRF2BPL,0.48906560636182905,0.0775347912524851,2.8489065606361827
IRF3,0.4254473161033797,0.11332007952286283,2.636182902584493
IRF4,0.6123260437375746,0.03578528827037773,3.26441351888668
IRF5,0.6381709741550696,0.03180914512922465,3.3797216699801194
IRF6,0.757455268389662,0.003976143141153081,3.9642147117296225
IRF7,0.46322067594433397,0.06958250497017893,2.7693836978131214
IRF8,0.43339960238568587,0.11332007952286283,2.667992047713718
IRF9,0.5546719681908548,0.06759443339960239,3.1113320079522864
IRGM,0.4234592445328032,0.09741550695825049,2.7335984095427435
IRS1,0.5666003976143141,0.02385685884691849,3.029821073558648
IRS2,0.3817097415506958,0.10934393638170974,2.6043737574552686
IRS4,0.2962226640159046,0.27435387673956263,2.304174950298211
IRX1,0.7773359840954275,0.013916500994035786,4.638170974155069
IRX5,0.49304174950298213,0.07554671968190854,2.862549800796813
ISCA1,0.3499005964214712,0.12922465208747516,2.407554671968191
ISCA2,0.4870775347912525,0.0775347912524851,2.856858846918489
ISCU,0.5168986083499006,0.073558648111332,2.89065606361829
ISG20,0.3976143141153082,0.11332007952286283,2.5566600397614314
ISG20L2,0.7852882703777336,0.0019880715705765406,4.268389662027833
ISL1,0.4970178926441352,0.08151093439363817,2.99403578528827
ISL2,0.3797216699801193,0.1172962226640159,2.502982107355865
ISLR,0.3856858846918489,0.11928429423459244,2.5288270377733597
IST1,0.4711729622266402,0.0775347912524851,2.809145129224652
ISX,0.39363817097415504,0.12326043737574553,2.5626242544731612
ISY1,0.5308151093439364,0.05765407554671968,2.944333996023857
ISYNA1,0.3558648111332008,0.1272365805168986,2.4771371769383697
ITGA1,0.4870775347912525,0.0874751491053678,2.9542743538767398
ITGA10,0.7773359840954275,0.0019880715705765406,4.240556660039761
ITGA11,0.3797216699801193,0.11928429423459244,2.4831013916500995
ITGA2,0.47912524850894633,0.08946322067594434,2.9284294234592445
ITGA2B,0.610337972166998,0.017892644135188866,3.290258449304175
ITGA3,0.6361829025844931,0.009940357852882704,3.4015904572564613
ITGA4,0.588469184890656,0.009940357852882704,3.1669980119284293
ITGA5,0.5526838966202783,0.0437375745526839,3.0715705765407555
ITGA6,0.5924453280318092,0.011928429423459244,3.165009940357853
ITGA7,0.5526838966202783,0.041749502982107355,3.1053677932405566
ITGA8,0.5188866799204771,0.0536779324055666,2.9681908548707754
ITGA9,0.341948310139165,0.12922465208747516,2.405566600397614
ITGAD,0.6083499005964215,0.027833001988071572,3.216699801192843
ITGAE,0.294234592445328,0.20675944333996024,2.26441351888668
ITGAL,0.614314115308151,0.02584493041749503,3.224652087475149
ITGAM,0.6083499005964215,0.027833001988071572,3.2405566600397613
ITGAV,0.584493041749503,0.009940357852882704,3.1510934393638173
ITGAX,0.6083499005964215,0.027833001988071572,3.2445328031809146
ITGB1,0.558648111332008,0.03777335984095427,3.091451292246521
ITGB1BP1,0.5785288270377733,0.017892644135188866,3.15506958250497
ITGB1BP2,0.27037773359840955,0.2882703777335984,2.246520874751491
ITGB2,0.44930417495029823,0.07554671968190854,2.775347912524851
ITGB3,0.6282306163021869,0.013916500994035786,3.3300198807157058
ITGB3BP,0.5029821073558648,0.05765407554671968,2.8667992047713717
ITGB4,0.6560636182902585,0.009940357852882704,3.4731610337972167
ITGB5,0.5248508946322068,0.05964214711729622,2.926441351888668
ITGB6,0.5864811133200796,0.009940357852882704,3.172962226640159
ITGB7,0.5566600397614314,0.041749502982107355,3.0596421471172963
ITGB8,0.6978131212723658,0.02385685884691849,3.9463220675944335
ITIH2,0.510934393638171,0.05765407554671968,2.9363817097415508
ITIH3,0.33001988071570576,0.13717693836978131,2.3876739562624256
ITIH4,0.33001988071570576,0.13717693836978131,2.3876739562624256
ITK,0.43141153081510936,0.09343936381709742,2.743538767395626
ITLN1,0.7833001988071571,0.0019880715705765406,4.248508946322068
ITLN2,0.7833001988071571,0.0019880715705765406,4.244532803180914
ITPA,0.5089463220675944,0.09741550695825049,2.9343936381709743
ITPK1,0.49502982107355864,0.07554671968190854,2.8508946322067596
ITPKC,0.5168986083499006,0.073558648111332,3.011928429423459
ITPR1,0.35984095427435386,0.12127236580516898,2.4652087475149105
ITPR2,0.5566600397614314,0.06759443339960239,3.5168986083499005
ITPR3,0.6043737574552683,0.03180914512922465,3.2405566600397613
ITSN1,0.4572564612326044,0.0636182902584493,2.8071570576540754
ITSN2,0.5924453280318092,0.015904572564612324,3.1789264413518885
IVD,0.32803180914512925,0.16898608349900596,2.320079522862823
IVL,0.7932405566600398,0.0019880715705765406,4.391650099403578
IVNS1ABP,0.7693836978131213,0.005964214711729622,4.023856858846918
IWS1,0.5805168986083499,0.007952286282306162,3.113320079522863
IZUMO1,0.4254473161033797,0.11332007952286283,2.6421471172962225
JADE1,0.4294234592445328,0.05765407554671968,2.673956262425447
JADE2,0.3836978131212724,0.11133200795228629,2.5745526838966204
JADE3,0.2504970178926441,0.31610337972166996,2.2266401590457257
JAG1,0.5149105367793241,0.09542743538767395,2.9900596421471173
JAG2,0.4870775347912525,0.09343936381709742,2.84493041749503
JAK1,0.5029821073558648,0.055666003976143144,2.852882703777336
JAK2,0.34592445328031807,0.21073558648111332,2.457256461232604
JAK3,0.3538767395626243,0.13717693836978131,2.457256461232604
JAM2,0.45129224652087474,0.0874751491053678,2.834990059642147
JAM3,0.5208747514910537,0.06560636182902585,2.944333996023857
JAML,0.5308151093439364,0.05765407554671968,2.9622266401590456
JARID2,0.5984095427435387,0.033797216699801194,3.256461232604374
JAZF1,0.6938369781312127,0.02385685884691849,3.862823061630219
JCHAIN,0.46520874751491054,0.04970178926441352,2.79324055666004
JDP2,0.48906560636182905,0.07554671968190854,2.852882703777336
JMJD1C,0.4850894632206759,0.06560636182902585,2.8111332007952288
JMY,0.38767395626242546,0.1172962226640159,2.5825049701789267
JPH2,0.5725646123260437,0.04970178926441352,3.1809145129224654
JPT1,0.6540755467196819,0.009940357852882704,3.4771371769383697
JPT2,0.5646123260437376,0.0437375745526839,3.1172962226640157
JSRP1,0.30417495029821073,0.16699801192842942,2.2842942345924455
JUN,0.5069582504970179,0.04970178926441352,2.8886679920477136
JUNB,0.3061630218687873,0.1550695825049702,2.308151093439364
JUND,0.3558648111332008,0.12922465208747516,2.469184890656064
JUP,0.6083499005964215,0.02385685884691849,3.272365805168986
KALRN,0.5268389662027833,0.061630218687872766,2.9403578528827037
KANK1,0.3538767395626243,0.21272365805168986,2.4393638170974157
KANSL1,0.6163021868787276,0.017892644135188866,3.3439363817097414
KANSL2,0.5467196819085487,0.055666003976143144,3.029821073558648
KANSL3,0.5964214711729622,0.005964214711729622,3.2445328031809146
KAT14,0.536779324055666,0.09145129224652088,3.011928429423459
KAT2A,0.610337972166998,0.019880715705765408,3.2604373757455267
KAT2B,0.34791252485089463,0.13320079522862824,2.4254473161033796
KAT5,0.5984095427435387,0.019880715705765408,3.131212723658052
KAT6A,0.5208747514910537,0.10536779324055666,3.359840954274354
KAT6B,0.47713717693836977,0.06759443339960239,2.783300198807157
KAT7,0.6341948310139165,0.009940357852882704,3.4035785288270377
KAT8,0.6083499005964215,0.027833001988071572,3.250497017892644
KATNA1,0.32007952286282304,0.15308151093439365,2.405566600397614
KATNAL1,0.3081510934393638,0.16302186878727634,2.332007952286282
KATNAL2,0.35984095427435386,0.19681908548707752,2.4950298210735586
KATNB1,0.4970178926441352,0.07157057654075547,2.8846918489065607
KATNBL1,0.3320079522862823,0.1610337972166998,2.3518886679920477
KAZN,0.5049701789264414,0.061630218687872766,2.8807157057654074
KBTBD13,0.37375745526838966,0.12127236580516898,2.4831013916500995
KCNA1,0.48906560636182905,0.09940357852882704,2.978131212723658
KCNA10,0.43141153081510936,0.08946322067594434,2.658051689860835
KCNA2,0.43538767395626243,0.08548707753479125,2.6660039761431413
KCNA3,0.43538767395626243,0.08548707753479125,2.6660039761431413
KCNA4,0.5029821073558648,0.0536779324055666,2.900596421471173
KCNA5,0.48906560636182905,0.09940357852882704,2.982107355864811
KCNAB1,0.5407554671968191,0.055666003976143144,3.0974155069582503
KCNAB2,0.5089463220675944,0.06560636182902585,2.878727634194831
KCNAB3,0.294234592445328,0.2047713717693837,2.2604373757455267
KCNB1,0.5944333996023857,0.041749502982107355,3.320079522862823
KCNB2,0.6699801192842942,0.02186878727634195,3.9582504970178927
KCNC1,0.49304174950298213,0.05765407554671968,2.8389662027833
KCNC2,0.5308151093439364,0.05964214711729622,3.085487077534791
KCNC3,0.4294234592445328,0.10934393638170974,2.650099403578529
KCNC4,0.43538767395626243,0.08946322067594434,2.6660039761431413
KCND2,0.6381709741550696,0.039761431411530816,3.4174950298210733
KCND3,0.4274353876739563,0.09343936381709742,2.6481113320079523
KCNE1,0.45129224652087474,0.06958250497017893,2.789264413518887
KCNE2,0.44930417495029823,0.06958250497017893,2.78727634194831
KCNE3,0.6003976143141153,0.02186878727634195,3.234592445328032
KCNE4,0.5646123260437376,0.02186878727634195,3.029821073558648
KCNE5,0.2962226640159046,0.27037773359840955,2.308151093439364
KCNF1,0.5765407554671969,0.017892644135188866,3.143141153081511
KCNG1,0.5944333996023857,0.039761431411530816,3.3479125248508947
KCNG2,0.3518886679920477,0.2047713717693837,2.4214711729622267
KCNG3,0.588469184890656,0.015904572564612324,3.1789264413518885
KCNG4,0.4433399602385686,0.10139165009940358,2.6858846918489068
KCNH1,0.7594433399602386,0.003976143141153081,3.9681908548707754
KCNH2,0.6401590457256461,0.03180914512922465,3.3956262425447314
KCNH3,0.5506958250497018,0.04771371769383698,3.029821073558648
KCNH5,0.5069582504970179,0.06560636182902585,2.89662027833002
KCNIP1,0.46123260437375746,0.0874751491053678,2.878727634194831
KCNIP2,0.4592445328031809,0.0775347912524851,2.709741550695825
KCNIP3,0.5944333996023857,0.007952286282306162,3.2226640159045727
KCNIP4,0.49502982107355864,0.0536779324055666,2.9284294234592445
KCNJ1,0.5168986083499006,0.06958250497017893,2.956262425447316
KCNJ11,0.49105367793240556,0.05765407554671968,2.8369781312127236
KCNJ12,0.4115308151093439,0.14314115308151093,2.673956262425447
KCNJ15,0.45129224652087474,0.07554671968190854,2.805168986083499
KCNJ2,0.6560636182902585,0.005964214711729622,3.520874751491054
KCNJ3,0.5825049701789264,0.013916500994035786,3.125248508946322
KCNJ4,0.41749502982107356,0.12127236580516898,2.6421471172962225
KCNJ5,0.5168986083499006,0.06958250497017893,2.956262425447316
KCNJ6,0.45129224652087474,0.0775347912524851,2.805168986083499
KCNJ8,0.5268389662027833,0.08946322067594434,3.326043737574553
KCNJ9,0.7813121272365805,0.0019880715705765406,4.260437375745527
KCNK3,0.5944333996023857,0.013916500994035786,3.1868787276341948
KCNK5,0.6043737574552683,0.03180914512922465,3.320079522862823
KCNK9,0.705765407554672,0.019880715705765408,4.085487077534792
KCNMA1,0.47514910536779326,0.06759443339960239,2.7972166998011927
KCNMB1,0.46123260437375746,0.0874751491053678,2.874751491053678
KCNMB2,0.5407554671968191,0.0536779324055666,3.0874751491053676
KCNMB4,0.5685884691848907,0.03578528827037773,3.4950298210735586
KCNN1,0.3538767395626243,0.13518886679920478,2.459244532803181
KCNN2,0.38966202783300197,0.11332007952286283,2.5904572564612325
KCNN3,0.7952286282306164,0.0019880715705765406,4.397614314115308
KCNQ1,0.4691848906560636,0.06759443339960239,2.7673956262425445
KCNQ2,0.6361829025844931,0.017892644135188866,3.650099403578529
KCNQ3,0.7137176938369781,0.019880715705765408,4.2664015904572565
KCNQ4,0.5526838966202783,0.02982107355864811,3.055666003976143
KCNQ5,0.36182902584493043,0.13717693836978131,2.489065606361829
KCNRG,0.33001988071570576,0.14910536779324055,2.4254473161033796
KCNS2,0.6998011928429424,0.013916500994035786,4.085487077534792
KCNS3,0.5805168986083499,0.015904572564612324,3.1530815109343937
KCNV1,0.705765407554672,0.015904572564612324,4.0178926441351885
KCNV2,0.34592445328031807,0.20874751491053678,2.407554671968191
KCTD1,0.4433399602385686,0.1172962226640159,2.874751491053678
KCTD10,0.5208747514910537,0.073558648111332,2.900596421471173
KCTD13,0.6083499005964215,0.03180914512922465,3.210735586481113
KCTD15,0.5506958250497018,0.05765407554671968,3.228628230616302
KCTD3,0.7514910536779325,0.005964214711729622,3.9284294234592445
KCTD5,0.5705765407554672,0.039761431411530816,3.1232604373757455
KCTD6,0.33399602385685884,0.1312127236580517,2.389662027833002
KCTD7,0.6520874751491054,0.03180914512922465,3.423459244532803
KDELR1,0.4254473161033797,0.11332007952286283,2.644135188866799
KDELR2,0.6878727634194831,0.02186878727634195,3.8986083499005963
KDELR3,0.41749502982107356,0.12127236580516898,2.6421471172962225
KDM1A,0.49304174950298213,0.06759443339960239,2.8489065606361827
KDM1B,0.5964214711729622,0.033797216699801194,3.2266401590457257
KDM2A,0.6182902584493042,0.011928429423459244,3.246520874751491
KDM2B,0.5268389662027833,0.07554671968190854,2.9204771371769382
KDM3A,0.5904572564612326,0.017892644135188866,3.1630218687872764
KDM4A,0.5487077534791253,0.027833001988071572,3.00596421471173
KDM4B,0.30417495029821073,0.15904572564612326,2.286282306163022
KDM4C,0.34592445328031807,0.21272365805168986,2.4353876739562623
KDM5A,0.5029821073558648,0.0874751491053678,3.0417495029821073
KDM5B,0.7693836978131213,0.0019880715705765406,4.003976143141153
KDM6A,0.24453280318091453,0.3061630218687873,2.216699801192843
KDM6B,0.294234592445328,0.20278330019880716,2.262425447316103
KDM8,0.5964214711729622,0.03180914512922465,3.1630218687872764
KDR,0.5029821073558648,0.05168986083499006,2.9125248508946324
KEAP1,0.3121272365805169,0.1550695825049702,2.3220675944333995
KEL,0.6341948310139165,0.027833001988071572,3.399602385685885
KERA,0.5069582504970179,0.06759443339960239,2.9105367793240555
KHDRBS1,0.5129224652087475,0.04970178926441352,2.8946322067594434
KHDRBS2,0.5009940357852882,0.0775347912524851,2.9065606361829026
KHDRBS3,0.7157057654075547,0.02385685884691849,4.31013916500994
KHK,0.5944333996023857,0.013916500994035786,3.1809145129224654
KHSRP,0.3101391650099404,0.16302186878727634,2.2922465208747513
KIAA0319,0.5984095427435387,0.03578528827037773,3.246520874751491
KIAA0319L,0.5268389662027833,0.03578528827037773,2.9383697813121272
KIAA0513,0.4393638170974155,0.10536779324055666,2.6858846918489068
KIAA1549,0.6381709741550696,0.02982107355864811,3.3976143141153083
KIAA1549L,0.5089463220675944,0.04970178926441352,2.900596421471173
KIAA2013,0.510934393638171,0.061630218687872766,2.89065606361829
KIDINS220,0.5785288270377733,0.017892644135188866,3.1530815109343937
KIF11,0.4711729622266402,0.0775347912524851,2.731610337972167
KIF13A,0.5964214711729622,0.033797216699801194,3.216699801192843
KIF13B,0.3220675944333996,0.2544731610337972,2.3141153081510932
KIF14,0.7733598409542743,0.0019880715705765406,4.025844930417495
KIF15,0.3379721669980119,0.1312127236580517,2.393638170974155
KIF16B,0.5347912524850894,0.10536779324055666,3.0099403578528827
KIF17,0.49304174950298213,0.06560636182902585,2.8508946322067596
KIF18A,0.5149105367793241,0.05168986083499006,2.886679920477137
KIF18B,0.6123260437375746,0.015904572564612324,3.286282306163022
KIF19,0.6520874751491054,0.009940357852882704,3.475149105367793
KIF1A,0.562624254473161,0.02982107355864811,3.0019880715705765
KIF1B,0.5149105367793241,0.06560636182902585,2.892644135188867
KIF1C,0.2922465208747515,0.20278330019880716,2.2664015904572565
KIF20A,0.4135188866799205,0.09940357852882704,2.6560636182902586
KIF20B,0.4691848906560636,0.07952286282306163,2.725646123260437
KIF21A,0.5467196819085487,0.061630218687872766,3.1113320079522864
KIF21B,0.7733598409542743,0.0019880715705765406,4.009940357852883
KIF22,0.610337972166998,0.033797216699801194,3.1928429423459246
KIF23,0.3797216699801193,0.12326043737574553,2.4950298210735586
KIF26A,0.48906560636182905,0.09145129224652088,2.8548707753479126
KIF26B,0.7455268389662028,0.0019880715705765406,3.9582504970178927
KIF27,0.34592445328031807,0.12922465208747516,2.405566600397614
KIF2A,0.42147117296222664,0.09940357852882704,2.7176938369781314
KIF2B,0.6322067594433399,0.009940357852882704,3.411530815109344
KIF2C,0.5467196819085487,0.02982107355864811,3.011928429423459
KIF3A,0.3856858846918489,0.11133200795228629,2.570576540755467
KIF3B,0.614314115308151,0.02385685884691849,3.3459244532803183
KIF3C,0.5944333996023857,0.013916500994035786,3.1868787276341948
KIF4A,0.27037773359840955,0.2882703777335984,2.238568588469185
KIF4B,0.43141153081510936,0.09343936381709742,2.749502982107356
KIF5A,0.5765407554671969,0.03777335984095427,3.3976143141153083
KIF5B,0.5566600397614314,0.03777335984095427,3.1053677932405566
KIF5C,0.5805168986083499,0.011928429423459244,3.113320079522863
KIF6,0.6023856858846919,0.033797216699801194,3.3220675944333995
KIF7,0.40556660039761433,0.11133200795228629,2.5646123260437377
KIFAP3,0.7793240556660039,0.005964214711729622,4.079522862823062
KIFC1,0.6043737574552683,0.03180914512922465,3.2445328031809146
KIFC2,0.6918489065606361,0.02385685884691849,4.0178926441351885
KIFC3,0.49502982107355864,0.073558648111332,2.878727634194831
KIN,0.510934393638171,0.05964214711729622,2.9343936381709743
KIR2DL1,0.4532803180914513,0.09542743538767395,2.743538767395626
KIR2DL3,0.4532803180914513,0.09542743538767395,2.743538767395626
KIR2DL4,0.4532803180914513,0.09542743538767395,2.743538767395626
KIR3DL1,0.4532803180914513,0.09542743538767395,2.743538767395626
KIR3DL2,0.4532803180914513,0.09542743538767395,2.743538767395626
KIR3DL3,0.4532803180914513,0.09542743538767395,2.7415506958250497
KIRREL1,0.7813121272365805,0.003976143141153081,4.226640159045726
KIRREL2,0.5566600397614314,0.055666003976143144,3.2524850894632205
KIRREL3,0.5228628230616302,0.06958250497017893,2.930417495029821
KISS1,0.7713717693836978,0.0019880715705765406,4.047713717693837
KISS1R,0.3061630218687873,0.16699801192842942,2.320079522862823
KIT,0.5089463220675944,0.04771371769383698,2.9582504970178927
KIZ,0.5487077534791253,0.09343936381709742,3.0656063618290257
KL,0.3121272365805169,0.15904572564612326,2.3618290258449304
KLB,0.5049701789264414,0.04771371769383698,2.9622266401590456
KLC1,0.4870775347912525,0.09145129224652088,2.8429423459244534
KLC2,0.610337972166998,0.015904572564612324,3.1868787276341948
KLC3,0.4731610337972167,0.09145129224652088,2.8369781312127236
KLC4,0.5984095427435387,0.02982107355864811,3.3141153081510932
KLF1,0.3061630218687873,0.1550695825049702,2.304174950298211
KLF15,0.5288270377733598,0.05964214711729622,2.944333996023857
KLF2,0.3399602385685885,0.14314115308151093,2.399602385685885
KLF4,0.3817097415506958,0.10536779324055666,2.510934393638171
KLF5,0.35785288270377735,0.1172962226640159,2.558648111332008
KLF6,0.510934393638171,0.0636182902584493,2.9383697813121272
KLF7,0.5765407554671969,0.019880715705765408,3.099403578528827
KLHDC2,0.5467196819085487,0.04771371769383698,3.1391650099403576
KLHDC3,0.5984095427435387,0.02982107355864811,3.3141153081510932
KLHL10,0.6083499005964215,0.02385685884691849,3.272365805168986
KLHL11,0.6083499005964215,0.02385685884691849,3.268389662027833
KLHL2,0.415506958250497,0.06560636182902585,2.6123260437375744
KLHL20,0.7773359840954275,0.003976143141153081,4.083499005964215
KLHL21,0.5129224652087475,0.0636182902584493,2.8986083499005963
KLHL22,0.4532803180914513,0.09343936381709742,2.7813121272365806
KLHL24,0.5288270377733598,0.06560636182902585,3.0596421471172963
KLHL25,0.38966202783300197,0.11133200795228629,2.5347912524850895
KLHL3,0.4115308151093439,0.10139165009940358,2.6520874751491053
KLHL41,0.5904572564612326,0.013916500994035786,3.1669980119284293
KLHL5,0.5069582504970179,0.04771371769383698,2.970178926441352
KLHL9,0.32007952286282304,0.2644135188866799,2.238568588469185
KLK1,0.4393638170974155,0.10934393638170974,2.6719681908548707
KLK12,0.4393638170974155,0.11133200795228629,2.6699801192842942
KLK13,0.4393638170974155,0.11133200795228629,2.6699801192842942
KLK14,0.4393638170974155,0.11133200795228629,2.6699801192842942
KLK3,0.4393638170974155,0.10934393638170974,2.6719681908548707
KLK4,0.43737574552683894,0.10934393638170974,2.6660039761431413
KLK5,0.43737574552683894,0.11133200795228629,2.6640159045725644
KLK6,0.43737574552683894,0.11133200795228629,2.6640159045725644
KLK7,0.4393638170974155,0.11133200795228629,2.667992047713718
KLK8,0.4393638170974155,0.11133200795228629,2.6699801192842942
KLKB1,0.40556660039761433,0.09343936381709742,2.5825049701789267
KLRB1,0.4831013916500994,0.10536779324055666,2.926441351888668
KLRC1,0.47912524850894633,0.10536779324055666,2.918489065606362
KLRC2,0.47912524850894633,0.10536779324055666,2.918489065606362
KLRC4,0.47912524850894633,0.10536779324055666,2.918489065606362
KLRD1,0.47912524850894633,0.1073558648111332,2.9165009940357853
KLRF2,0.47912524850894633,0.1073558648111332,2.9165009940357853
KLRG1,0.48906560636182905,0.09940357852882704,2.952286282306163
KMO,0.7495029821073559,0.0019880715705765406,3.9502982107355864
KMT2A,0.532803180914513,0.05765407554671968,2.970178926441352
KMT2B,0.558648111332008,0.055666003976143144,3.286282306163022
KMT2C,0.6322067594433399,0.03777335984095427,3.3797216699801194
KMT2D,0.5526838966202783,0.04771371769383698,3.047713717693837
KMT2E,0.6421471172962226,0.039761431411530816,3.3956262425447314
KMT5A,0.5268389662027833,0.07554671968190854,2.9324055666003974
KMT5B,0.6202783300198808,0.015904572564612324,3.234592445328032
KNL1,0.32803180914512925,0.16898608349900596,2.320079522862823
KNTC1,0.5248508946322068,0.07554671968190854,2.9244532803180916
KPNA1,0.5208747514910537,0.061630218687872766,2.9244532803180916
KPNA2,0.6520874751491054,0.005964214711729622,3.489065606361829
KPNA3,0.33001988071570576,0.15308151093439365,2.4214711729622267
KPNA4,0.536779324055666,0.055666003976143144,3.0616302186878728
KPNA5,0.3121272365805169,0.1550695825049702,2.3697813121272366
KPNA6,0.5149105367793241,0.04970178926441352,2.9025844930417497
KPNA7,0.6421471172962226,0.033797216699801194,3.485089463220676
KPNB1,0.6341948310139165,0.011928429423459244,3.3459244532803183
KPRP,0.7932405566600398,0.0019880715705765406,4.405566600397615
KPTN,0.4294234592445328,0.1172962226640159,2.640159045725646
KRAS,0.5646123260437376,0.061630218687872766,3.7157057654075545
KRIT1,0.6441351888667992,0.02584493041749503,3.463220675944334
KRR1,0.5308151093439364,0.05964214711729622,3.10337972166998
KRT1,0.5566600397614314,0.0437375745526839,3.05765407554672
KRT10,0.6043737574552683,0.02584493041749503,3.302186878727634
KRT12,0.6043737574552683,0.02584493041749503,3.302186878727634
KRT13,0.6043737574552683,0.02584493041749503,3.256461232604374
KRT14,0.6043737574552683,0.02584493041749503,3.256461232604374
KRT15,0.6043737574552683,0.02584493041749503,3.256461232604374
KRT16,0.6043737574552683,0.02584493041749503,3.256461232604374
KRT17,0.6043737574552683,0.02584493041749503,3.2584493041749503
KRT18,0.5566600397614314,0.041749502982107355,3.069582504970179
KRT19,0.6043737574552683,0.02584493041749503,3.256461232604374
KRT2,0.5546719681908548,0.04572564612326044,3.0536779324055665
KRT20,0.6043737574552683,0.02584493041749503,3.302186878727634
KRT23,0.6063618290258449,0.02385685884691849,3.3061630218687874
KRT24,0.6043737574552683,0.02584493041749503,3.3001988071570576
KRT25,0.6043737574552683,0.02584493041749503,3.298210735586481
KRT26,0.6043737574552683,0.02584493041749503,3.302186878727634
KRT27,0.6043737574552683,0.02584493041749503,3.302186878727634
KRT28,0.6043737574552683,0.02584493041749503,3.302186878727634
KRT3,0.5566600397614314,0.0437375745526839,3.0675944333996026
KRT31,0.6043737574552683,0.02584493041749503,3.256461232604374
KRT32,0.6043737574552683,0.02584493041749503,3.256461232604374
KRT33A,0.6043737574552683,0.02584493041749503,3.280318091451292
KRT33B,0.6043737574552683,0.02584493041749503,3.256461232604374
KRT34,0.6043737574552683,0.02584493041749503,3.256461232604374
KRT37,0.6043737574552683,0.02584493041749503,3.256461232604374
KRT38,0.6043737574552683,0.02584493041749503,3.256461232604374
KRT39,0.6063618290258449,0.02385685884691849,3.2922465208747513
KRT4,0.5566600397614314,0.0437375745526839,3.0675944333996026
KRT40,0.6063618290258449,0.02385685884691849,3.2922465208747513
KRT5,0.5526838966202783,0.04572564612326044,3.05168986083499
KRT6A,0.5526838966202783,0.04572564612326044,3.05168986083499
KRT6B,0.5506958250497018,0.04572564612326044,3.047713717693837
KRT6C,0.5506958250497018,0.04572564612326044,3.047713717693837
KRT7,0.5487077534791253,0.04572564612326044,3.0377733598409544
KRT71,0.5526838966202783,0.04572564612326044,3.05168986083499
KRT72,0.5546719681908548,0.04572564612326044,3.0536779324055665
KRT73,0.5546719681908548,0.04572564612326044,3.0536779324055665
KRT74,0.5526838966202783,0.04572564612326044,3.05168986083499
KRT75,0.5506958250497018,0.04572564612326044,3.047713717693837
KRT76,0.5566600397614314,0.0437375745526839,3.0675944333996026
KRT78,0.5566600397614314,0.041749502982107355,3.069582504970179
KRT79,0.5566600397614314,0.041749502982107355,3.069582504970179
KRT8,0.5566600397614314,0.041749502982107355,3.069582504970179
KRT80,0.5506958250497018,0.04572564612326044,3.0417495029821073
KRT81,0.5487077534791253,0.04572564612326044,3.0377733598409544
KRT83,0.5487077534791253,0.04572564612326044,3.0377733598409544
KRT85,0.5487077534791253,0.04572564612326044,3.0417495029821073
KRT86,0.5487077534791253,0.04572564612326044,3.0377733598409544
KRT9,0.6043737574552683,0.02584493041749503,3.256461232604374
KSR1,0.5944333996023857,0.033797216699801194,3.198807157057654
KTN1,0.532803180914513,0.05168986083499006,3.029821073558648
KYAT1,0.39165009940357853,0.09741550695825049,2.5228628230616303
KYNU,0.5725646123260437,0.009940357852882704,3.091451292246521
L1CAM,0.33399602385685884,0.21669980119284293,2.506958250497018
L2HGDH,0.5467196819085487,0.05168986083499006,3.1292246520874754
L3MBTL1,0.5685884691848907,0.04970178926441352,3.1789264413518885
L3MBTL2,0.40755467196819084,0.12326043737574553,2.5745526838966204
LACRT,0.5546719681908548,0.0437375745526839,3.0755467196819084
LAIR1,0.44930417495029823,0.09542743538767395,2.7057654075546718
LALBA,0.5467196819085487,0.055666003976143144,3.033797216699801
LAMA1,0.4731610337972167,0.09343936381709742,2.8886679920477136
LAMA2,0.34393638170974156,0.15705765407554673,2.4612326043737576
LAMA3,0.4691848906560636,0.10139165009940358,2.9463220675944335
LAMA4,0.3121272365805169,0.15705765407554673,2.375745526838966
LAMA5,0.6341948310139165,0.015904572564612324,3.6163021868787277
LAMB1,0.6381709741550696,0.039761431411530816,3.427435387673956
LAMB2,0.32007952286282304,0.1411530815109344,2.3618290258449304
LAMB3,0.757455268389662,0.003976143141153081,3.9642147117296225
LAMC1,0.7673956262425448,0.005964214711729622,4.023856858846918
LAMC2,0.7673956262425448,0.005964214711729622,4.023856858846918
LAMC3,0.39165009940357853,0.09940357852882704,2.5268389662027833
LAMP1,0.3717693836978131,0.12524850894632206,2.650099403578529
LAMP2,0.3081510934393638,0.2485089463220676,2.3578528827037775
LAMTOR1,0.6043737574552683,0.017892644135188866,3.172962226640159
LAMTOR2,0.7932405566600398,0.0019880715705765406,4.31013916500994
LAMTOR3,0.4254473161033797,0.05168986083499006,2.646123260437376
LAMTOR5,0.43141153081510936,0.08946322067594434,2.6600397614314115
LAP3,0.5009940357852882,0.0536779324055666,2.9105367793240555
LAPTM5,0.5069582504970179,0.0536779324055666,2.8807157057654074
LARGE1,0.40556660039761433,0.11928429423459244,2.5805168986083498
LARGE2,0.5288270377733598,0.04572564612326044,2.9502982107355864
LARP6,0.3836978131212724,0.11928429423459244,2.5009940357852884
LARP7,0.42147117296222664,0.0536779324055666,2.6481113320079523
LAS1L,0.27236580516898606,0.28429423459244535,2.2306163021868786
LASP1,0.6242544731610338,0.015904572564612324,3.359840954274354
LAT,0.6083499005964215,0.03180914512922465,3.2007952286282304
LAT2,0.6461232604373758,0.03777335984095427,3.337972166998012
LATS1,0.32007952286282304,0.15308151093439365,2.405566600397614
LATS2,0.30218687872763417,0.17296222664015903,2.2942345924453282
LAYN,0.5208747514910537,0.073558648111332,2.9224652087475147
LBP,0.5805168986083499,0.041749502982107355,3.228628230616302
LBR,0.7534791252485089,0.0019880715705765406,3.9403578528827037
LCA5,0.33001988071570576,0.13916500994035785,2.3916500994035785
LCAT,0.4850894632206759,0.07157057654075547,2.8608349900596424
LCE1A,0.7912524850894632,0.0019880715705765406,4.394422310756972
LCE1B,0.7932405566600398,0.0019880715705765406,4.405566600397615
LCE1C,0.7932405566600398,0.0019880715705765406,4.405566600397615
LCE1D,0.7932405566600398,0.0019880715705765406,4.399602385685885
LCE1E,0.7932405566600398,0.0019880715705765406,4.399602385685885
LCE1F,0.7932405566600398,0.0019880715705765406,4.405566600397615
LCE2A,0.7932405566600398,0.0019880715705765406,4.423459244532803
LCE2B,0.7932405566600398,0.0019880715705765406,4.423459244532803
LCE2C,0.7932405566600398,0.0019880715705765406,4.423459244532803
LCE2D,0.7932405566600398,0.0019880715705765406,4.423459244532803
LCE3A,0.7932405566600398,0.0019880715705765406,4.423459244532803
LCE3B,0.7932405566600398,0.0019880715705765406,4.423459244532803
LCE3C,0.7932405566600398,0.0019880715705765406,4.423459244532803
LCE3D,0.7932405566600398,0.0019880715705765406,4.423459244532803
LCE4A,0.7932405566600398,0.0019880715705765406,4.423459244532803
LCE5A,0.7932405566600398,0.0019880715705765406,4.429423459244533
LCK,0.5149105367793241,0.04771371769383698,2.904572564612326
LCLAT1,0.5864811133200796,0.015904572564612324,3.1610337972167
LCN1,0.40357852882703776,0.09542743538767395,2.5626242544731612
LCN2,0.3856858846918489,0.09741550695825049,2.518886679920477
LCORL,0.5009940357852882,0.0536779324055666,2.89065606361829
LCP1,0.31610337972166996,0.1610337972166998,2.3737574552683895
LCP2,0.46123260437375746,0.0874751491053678,2.8707753479125246
LCT,0.5785288270377733,0.007952286282306162,3.099403578528827
LDB1,0.4592445328031809,0.0775347912524851,2.709741550695825
LDB2,0.5009940357852882,0.05168986083499006,2.8946322067594434
LDB3,0.46322067594433397,0.07952286282306163,2.719681908548708
LDHAL6A,0.49105367793240556,0.05765407554671968,2.8369781312127236
LDHAL6B,0.36182902584493043,0.13320079522862824,2.4393638170974157
LDHB,0.5248508946322068,0.08946322067594434,3.3180914512922466
LDHC,0.49105367793240556,0.05765407554671968,2.8369781312127236
LDHD,0.4691848906560636,0.07952286282306163,2.8369781312127236
LDLR,0.3101391650099404,0.1550695825049702,2.320079522862823
LDLRAP1,0.49502982107355864,0.06560636182902585,2.840954274353877
LEF1,0.4254473161033797,0.05168986083499006,2.6660039761431413
LEFTY1,0.7514910536779325,0.0019880715705765406,3.944333996023857
LEFTY2,0.7514910536779325,0.0019880715705765406,3.9463220675944335
LEMD2,0.6043737574552683,0.02982107355864811,3.242544731610338
LEMD3,0.5725646123260437,0.033797216699801194,3.341948310139165
LEO1,0.36779324055666,0.13717693836978131,2.4214711729622267
LEP,0.6361829025844931,0.033797216699801194,3.3578528827037775
LEPR,0.5049701789264414,0.055666003976143144,2.8548707753479126
LEPROT,0.5029821073558648,0.055666003976143144,2.856858846918489
LETM1,0.49105367793240556,0.0636182902584493,2.8648111332007953
LFNG,0.68389662027833,0.02186878727634195,3.874751491053678
LGALS1,0.4115308151093439,0.1272365805168986,2.6143141153081513
LGALS3,0.532803180914513,0.04970178926441352,3.05168986083499
LGALS3BP,0.658051689860835,0.005964214711729622,3.4831013916500995
LGALS4,0.536779324055666,0.073558648111332,3.143141153081511
LGALS7,0.536779324055666,0.073558648111332,3.143141153081511
LGALS7B,0.536779324055666,0.073558648111332,3.143141153081511
LGALS8,0.7395626242544732,0.0019880715705765406,3.9105367793240555
LGALS9,0.5964214711729622,0.03578528827037773,3.2027833001988073
LGI1,0.4691848906560636,0.07952286282306163,2.7236580516898607
LGI3,0.3081510934393638,0.26043737574552683,2.2922465208747513
LGMN,0.49304174950298213,0.07554671968190854,2.856858846918489
LGR4,0.5129224652087475,0.05168986083499006,2.9284294234592445
LGR5,0.5546719681908548,0.041749502982107355,3.2703777335984094
LHCGR,0.5944333996023857,0.013916500994035786,3.2524850894632205
LHFPL5,0.5944333996023857,0.02982107355864811,3.2524850894632205
LHPP,0.47912524850894633,0.073558648111332,2.761431411530815
LHX1,0.6202783300198808,0.017892644135188866,3.280318091451292
LHX2,0.3856858846918489,0.09940357852882704,2.5268389662027833
LHX3,0.3996023856858847,0.09542743538767395,2.566600397614314
LHX4,0.7673956262425448,0.003976143141153081,4.023856858846918
LHX6,0.3836978131212724,0.09741550695825049,2.5288270377733597
LHX8,0.5009940357852882,0.06759443339960239,2.8548707753479126
LHX9,0.7673956262425448,0.003976143141153081,4.009940357852883
LIF,0.4095427435387674,0.11133200795228629,2.6202783300198806
LIFR,0.7375745526838966,0.011928429423459244,4.403578528827038
LIG1,0.4274353876739563,0.11332007952286283,2.646123260437376
LIG3,0.614314115308151,0.02385685884691849,3.21272365805169
LIG4,0.3836978131212724,0.1073558648111332,2.640159045725646
LILRA1,0.4532803180914513,0.09542743538767395,2.727634194831014
LILRA4,0.44930417495029823,0.09542743538767395,2.7057654075546718
LILRB1,0.4532803180914513,0.09542743538767395,2.7415506958250497
LILRB2,0.44930417495029823,0.09542743538767395,2.7057654075546718
LILRB3,0.44731610337972166,0.09542743538767395,2.701789264413519
LILRB4,0.4532803180914513,0.09542743538767395,2.7415506958250497
LIMA1,0.5526838966202783,0.0536779324055666,3.05765407554672
LIMD1,0.3379721669980119,0.13518886679920478,2.3856858846918487
LIMK1,0.6461232604373758,0.03777335984095427,3.337972166998012
LIMK2,0.4095427435387674,0.1172962226640159,2.594433399602386
LIMS1,0.5825049701789264,0.007952286282306162,3.168986083499006
LIMS2,0.5805168986083499,0.007952286282306162,3.1113320079522864
LIMS3,0.5825049701789264,0.007952286282306162,3.15506958250497
LIN28A,0.4870775347912525,0.06759443339960239,2.8131212723658052
LIN28B,0.31610337972166996,0.15705765407554673,2.3618290258449304
LIN37,0.5566600397614314,0.055666003976143144,3.2703777335984094
LIN52,0.4850894632206759,0.07554671968190854,2.8469184890656063
LIN54,0.44532803180914515,0.04970178926441352,2.6779324055666005
LIN7A,0.5149105367793241,0.06560636182902585,2.9324055666003974
LIN7B,0.4254473161033797,0.11332007952286283,2.6481113320079523
LIN7C,0.5129224652087475,0.05168986083499006,2.9284294234592445
LIN9,0.7495029821073559,0.0019880715705765406,3.9284294234592445
LINGO1,0.3817097415506958,0.11332007952286283,2.506958250497018
LIPC,0.36381709741550694,0.1312127236580517,2.445328031809145
LIPE,0.5009940357852882,0.073558648111332,2.900596421471173
LIPG,0.34393638170974156,0.19681908548707752,2.415506958250497
LIPH,0.5248508946322068,0.07157057654075547,3.0357852882703775
LIPT1,0.588469184890656,0.005964214711729622,3.20675944333996
LLGL1,0.34592445328031807,0.17693836978131214,2.4214711729622267
LLGL2,0.658051689860835,0.009940357852882704,3.4831013916500995
LMAN1,0.34393638170974156,0.21073558648111332,2.3956262425447314
LMAN2,0.4572564612326044,0.08151093439363817,2.8508946322067596
LMAN2L,0.5964214711729622,0.005964214711729622,3.2445328031809146
LMBR1,0.6381709741550696,0.03180914512922465,3.4035785288270377
LMBR1L,0.5526838966202783,0.04771371769383698,3.047713717693837
LMCD1,0.36381709741550694,0.12127236580516898,2.4771371769383697
LMF1,0.558648111332008,0.041749502982107355,3.1192842942345926
LMF2,0.36779324055666,0.15308151093439365,2.4870775347912524
LMNA,0.7932405566600398,0.0019880715705765406,4.3021868787276345
LMNB1,0.39165009940357853,0.1073558648111332,2.618290258449304
LMNB2,0.30218687872763417,0.16699801192842942,2.2783300198807157
LMO1,0.4711729622266402,0.05964214711729622,2.7733598409542743
LMO2,0.5089463220675944,0.0536779324055666,2.9065606361829026
LMO4,0.4831013916500994,0.07952286282306163,2.78727634194831
LMO7,0.35785288270377735,0.1172962226640159,2.5566600397614314
LMOD1,0.7673956262425448,0.005964214711729622,4.007952286282306
LMTK2,0.6401590457256461,0.033797216699801194,3.489065606361829
LMX1A,0.7793240556660039,0.005964214711729622,4.1232604373757455
LMX1B,0.3856858846918489,0.09542743538767395,2.518886679920477
LNPEP,0.40556660039761433,0.11530815109343936,2.610337972166998
LNPK,0.5944333996023857,0.009940357852882704,3.20675944333996
LNX1,0.5009940357852882,0.04572564612326044,2.9244532803180916
LONP1,0.3061630218687873,0.16500994035785288,2.2823061630218686
LONP2,0.5347912524850894,0.06560636182902585,2.9900596421471173
LOX,0.38966202783300197,0.10934393638170974,2.592445328031809
LOXL1,0.3856858846918489,0.1172962226640159,2.5288270377733597
LOXL2,0.3061630218687873,0.2644135188866799,2.2823061630218686
LOXL3,0.588469184890656,0.019880715705765408,3.1570576540755466
LOXL4,0.46123260437375746,0.0775347912524851,2.7236580516898607
LPA,0.32007952286282304,0.1550695825049702,2.407554671968191
LPAR1,0.3836978131212724,0.10139165009940358,2.5387673956262424
LPAR2,0.36381709741550694,0.12127236580516898,2.5168986083499005
LPAR3,0.48906560636182905,0.0775347912524851,2.7992047713717696
LPAR4,0.268389662027833,0.29025844930417494,2.2306163021868786
LPAR6,0.3101391650099404,0.15705765407554673,2.371769383697813
LPCAT1,0.7733598409542743,0.009940357852882704,4.717693836978131
LPCAT2,0.49502982107355864,0.0775347912524851,2.8608349900596424
LPCAT3,0.49304174950298213,0.09542743538767395,2.996023856858847
LPCAT4,0.33001988071570576,0.1610337972166998,2.349900596421471
LPGAT1,0.7514910536779325,0.005964214711729622,3.9463220675944335
LPIN1,0.5745526838966203,0.017892644135188866,3.143141153081511
LPIN2,0.49304174950298213,0.0874751491053678,3.0139165009940356
LPIN3,0.5725646123260437,0.04572564612326044,3.182902584493042
LPXN,0.5646123260437376,0.027833001988071572,3.00596421471173
LRAT,0.4294234592445328,0.061630218687872766,2.749502982107356
LRCH3,0.5149105367793241,0.08349900596421471,2.996023856858847
LRCH4,0.6461232604373758,0.02982107355864811,3.481113320079523
LRFN1,0.532803180914513,0.07157057654075547,3.10934393638171
LRFN3,0.5526838966202783,0.05765407554671968,3.250497017892644
LRFN4,0.614314115308151,0.011928429423459244,3.2405566600397613
LRG1,0.30417495029821073,0.16302186878727634,2.2922465208747513
LRIG1,0.3658051689860835,0.1312127236580517,2.479125248508946
LRIG3,0.5785288270377733,0.039761431411530816,3.3300198807157058
LRP1,0.5666003976143141,0.039761431411530816,3.2186878727634194
LRP10,0.5546719681908548,0.06560636182902585,3.1113320079522864
LRP12,0.705765407554672,0.015904572564612324,4.029821073558648
LRP2BP,0.40357852882703776,0.09741550695825049,2.572564612326044
LRP5,0.6222664015904572,0.013916500994035786,3.234592445328032
LRP6,0.4711729622266402,0.1073558648111332,2.9105367793240555
LRP8,0.5208747514910537,0.04572564612326044,2.9224652087475147
LRPPRC,0.5944333996023857,0.013916500994035786,3.2186878727634194
LRRC4,0.6341948310139165,0.03578528827037773,3.3479125248508947
LRRC49,0.3836978131212724,0.11928429423459244,2.5009940357852884
LRRC4B,0.43339960238568587,0.10934393638170974,2.658051689860835
LRRC4C,0.5188866799204771,0.04771371769383698,2.9165009940357853
LRRC8A,0.39165009940357853,0.09940357852882704,2.520874751491054
LRRC8B,0.48111332007952284,0.07952286282306163,2.783300198807157
LRRC8C,0.48111332007952284,0.07952286282306163,2.783300198807157
LRRC8D,0.48111332007952284,0.08151093439363817,2.7813121272365806
LRRC8E,0.3061630218687873,0.15904572564612326,2.2882703777335984
LRRFIP1,0.5666003976143141,0.027833001988071572,3.00596421471173
LRRK2,0.5447316103379721,0.061630218687872766,3.0894632206759445
LRRTM1,0.584493041749503,0.017892644135188866,3.1510934393638173
LRRTM2,0.415506958250497,0.10337972166998012,2.6600397614314115
LRRTM4,0.584493041749503,0.02186878727634195,3.143141153081511
LRSAM1,0.3856858846918489,0.09542743538767395,2.520874751491054
LRWD1,0.6381709741550696,0.03777335984095427,3.4433399602385686
LSAMP,0.5228628230616302,0.05964214711729622,2.9224652087475147
LSG1,0.5188866799204771,0.08349900596421471,2.9920477137176937
LSM1,0.4532803180914513,0.1550695825049702,3.0377733598409544
LSM10,0.536779324055666,0.03777335984095427,2.9542743538767398
LSM11,0.43538767395626243,0.09343936381709742,2.7514910536779325
LSM14A,0.5546719681908548,0.05765407554671968,3.228628230616302
LSM14B,0.6302186878727635,0.017892644135188866,3.592445328031809
LSM2,0.6023856858846919,0.033797216699801194,3.272365805168986
LSM3,0.3558648111332008,0.12524850894632206,2.4532803180914513
LSM4,0.3558648111332008,0.12922465208747516,2.469184890656064
LSM5,0.6958250497017893,0.02584493041749503,3.84493041749503
LSM6,0.43737574552683894,0.0536779324055666,2.7037773359840953
LSM7,0.30218687872763417,0.16699801192842942,2.2783300198807157
LSM8,0.6401590457256461,0.039761431411530816,3.429423459244533
LSP1,0.4711729622266402,0.06759443339960239,2.779324055666004
LSR,0.5606361829025845,0.05765407554671968,3.2783300198807157
LSS,0.46123260437375746,0.07554671968190854,2.8111332007952288
LTA,0.5964214711729622,0.033797216699801194,3.262425447316103
LTA4H,0.5129224652087475,0.0636182902584493,2.9165009940357853
LTB4R,0.5546719681908548,0.06560636182902585,3.107355864811133
LTB4R2,0.5546719681908548,0.06560636182902585,3.107355864811133
LTBP1,0.5904572564612326,0.015904572564612324,3.190854870775348
LTBP3,0.5984095427435387,0.019880715705765408,3.1192842942345926
LTBP4,0.5168986083499006,0.07554671968190854,3.0377733598409544
LTBR,0.4970178926441352,0.09542743538767395,2.99403578528827
LTC4S,0.4592445328031809,0.08349900596421471,2.8807157057654074
LTF,0.33399602385685884,0.13717693836978131,2.3797216699801194
LTV1,0.33001988071570576,0.14910536779324055,2.4373757455268388
LUC7L,0.5566600397614314,0.04771371769383698,3.10934393638171
LUC7L3,0.6341948310139165,0.007952286282306162,3.4214711729622267
LUM,0.5069582504970179,0.06759443339960239,2.908548707753479
LURAP1,0.5427435387673957,0.033797216699801194,2.9860834990059644
LUZP4,0.2982107355864811,0.26043737574552683,2.3300198807157058
LY6D,0.7017892644135189,0.017892644135188866,4.065606361829026
LY6E,0.7017892644135189,0.019880715705765408,4.061630218687872
LY6G6C,0.6003976143141153,0.033797216699801194,3.268389662027833
LY6H,0.7017892644135189,0.02186878727634195,4.047713717693837
LY86,0.610337972166998,0.03180914512922465,3.304174950298211
LY9,0.7833001988071571,0.0019880715705765406,4.244532803180914
LY96,0.6779324055666004,0.019880715705765408,4.021868787276342
LYAR,0.4850894632206759,0.061630218687872766,2.8369781312127236
LYL1,0.3061630218687873,0.15308151093439365,2.3121272365805168
LYN,0.6361829025844931,0.03180914512922465,3.7176938369781314
LYPD1,0.5785288270377733,0.007952286282306162,3.099403578528827
LYPD3,0.4970178926441352,0.073558648111332,2.892644135188867
LYPD4,0.4990059642147117,0.073558648111332,2.900596421471173
LYPD5,0.49304174950298213,0.073558648111332,2.89065606361829
LYPLA1,0.6341948310139165,0.03578528827037773,3.658051689860835
LYPLA2,0.48906560636182905,0.06560636182902585,2.8429423459244534
LYRM2,0.3260437375745527,0.15705765407554673,2.381709741550696
LYRM4,0.6083499005964215,0.033797216699801194,3.2763419483101393
LYST,0.7335984095427436,0.009940357852882704,3.886679920477137
LYVE1,0.47514910536779326,0.0636182902584493,2.831013916500994
LYZ,0.5785288270377733,0.033797216699801194,3.8886679920477136
LZTS2,0.46322067594433397,0.07554671968190854,2.7236580516898607
LZTS3,0.5089463220675944,0.09741550695825049,2.9343936381709743
M6PR,0.48906560636182905,0.09940357852882704,2.952286282306163
MAB21L1,0.30218687872763417,0.1610337972166998,2.3439363817097414
MACF1,0.5526838966202783,0.033797216699801194,3.039761431411531
MACROD1,0.5765407554671969,0.02584493041749503,3.0596421471172963
MAD1L1,0.6819085487077535,0.02186878727634195,3.868787276341948
MAD2L1,0.4194831013916501,0.05964214711729622,2.644135188866799
MAD2L1BP,0.6003976143141153,0.027833001988071572,3.31610337972167
MAD2L2,0.5089463220675944,0.061630218687872766,2.89065606361829
MADCAM1,0.3061630218687873,0.16699801192842942,2.3101391650099403
MADD,0.532803180914513,0.041749502982107355,2.952286282306163
MAEA,0.48906560636182905,0.06560636182902585,2.8588469184890655
MAEL,0.7773359840954275,0.007952286282306162,4.075546719681909
MAF,0.4572564612326044,0.09940357852882704,2.7594433399602387
MAF1,0.6938369781312127,0.02385685884691849,4.0159045725646125
MAFA,0.6998011928429424,0.02186878727634195,4.037773359840954
MAFB,0.5745526838966203,0.04572564612326044,3.190854870775348
MAFF,0.4135188866799205,0.12326043737574553,2.6481113320079523
MAFG,0.6520874751491054,0.005964214711729622,3.4612326043737576
MAFK,0.6858846918489065,0.02186878727634195,3.8727634194831015
MAG,0.562624254473161,0.05765407554671968,3.262425447316103
MAGEA1,0.33399602385685884,0.220675944333996,2.5009940357852884
MAGED1,0.2485089463220676,0.30218687872763417,2.172962226640159
MAGEH1,0.2524850894632207,0.30019880715705766,2.189620758483034
MAGI1,0.3658051689860835,0.13320079522862824,2.4771371769383697
MAGI2,0.6361829025844931,0.03578528827037773,3.337972166998012
MAGI3,0.4234592445328032,0.09145129224652088,2.6560636182902586
MAGOH,0.5208747514910537,0.04572564612326044,2.9224652087475147
MAGOHB,0.47713717693836977,0.1073558648111332,2.9125248508946324
MAGT1,0.268389662027833,0.29025844930417494,2.224652087475149
MAIP1,0.5745526838966203,0.013916500994035786,3.1053677932405566
MAK16,0.34393638170974156,0.23658051689860835,2.4035785288270377
MAL,0.5944333996023857,0.007952286282306162,3.2186878727634194
MAL2,0.7236580516898609,0.015904572564612324,4.168986083499006
MALSU1,0.6918489065606361,0.02385685884691849,3.892644135188867
MAML1,0.4592445328031809,0.08349900596421471,2.8767395626242545
MAML2,0.5705765407554672,0.039761431411530816,3.085487077534791
MAML3,0.4294234592445328,0.0536779324055666,2.6819085487077534
MAN1A1,0.31809145129224653,0.1610337972166998,2.407554671968191
MAN1A2,0.4552683896620278,0.09145129224652088,2.7236580516898607
MAN1B1,0.40556660039761433,0.09741550695825049,2.5785288270377733
MAN1C1,0.49304174950298213,0.06759443339960239,2.834990059642147
MAN2A1,0.39363817097415504,0.1172962226640159,2.606361829025845
MAN2A2,0.40357852882703776,0.10337972166998012,2.5785288270377733
MAN2B1,0.30417495029821073,0.15308151093439365,2.3061630218687874
MANEA,0.3121272365805169,0.16302186878727634,2.3518886679920477
MAOA,0.24055666003976142,0.3121272365805169,2.176938369781312
MAOB,0.24055666003976142,0.3121272365805169,2.1809145129224654
MAP1A,0.3379721669980119,0.16302186878727634,2.3339960238568587
MAP1B,0.3996023856858847,0.10934393638170974,2.618290258449304
MAP1LC3A,0.6023856858846919,0.02982107355864811,3.3001988071570576
MAP1LC3B,0.43538767395626243,0.11133200795228629,2.6660039761431413
MAP1LC3B2,0.5248508946322068,0.06958250497017893,2.94234592445328
MAP1LC3C,0.7495029821073559,0.003976143141153081,3.9502982107355864
MAP1S,0.3499005964214712,0.13717693836978131,2.4433399602385686
MAP2,0.5745526838966203,0.019880715705765408,3.0715705765407555
MAP2K1,0.3797216699801193,0.12326043737574553,2.493041749502982
MAP2K2,0.30019880715705766,0.16500994035785288,2.2763419483101393
MAP2K3,0.4095427435387674,0.14512922465208747,2.6719681908548707
MAP2K4,0.30019880715705766,0.20874751491053678,2.2763419483101393
MAP2K5,0.3817097415506958,0.12127236580516898,2.5009940357852884
MAP2K6,0.658051689860835,0.005964214711729622,3.520874751491054
MAP2K7,0.3061630218687873,0.15904572564612326,2.2882703777335984
MAP3K1,0.45129224652087474,0.09741550695825049,2.831013916500994
MAP3K10,0.5308151093439364,0.07157057654075547,3.0974155069582503
MAP3K11,0.5984095427435387,0.019880715705765408,3.125248508946322
MAP3K12,0.5546719681908548,0.041749502982107355,3.069582504970179
MAP3K13,0.5248508946322068,0.07157057654075547,3.0357852882703775
MAP3K14,0.614314115308151,0.017892644135188866,3.2922465208747513
MAP3K2,0.5785288270377733,0.007952286282306162,3.107355864811133
MAP3K20,0.5924453280318092,0.009940357852882704,3.172962226640159
MAP3K3,0.6441351888667992,0.007952286282306162,3.4532803180914513
MAP3K4,0.32007952286282304,0.1550695825049702,2.407554671968191
MAP3K5,0.34393638170974156,0.15308151093439365,2.485089463220676
MAP3K7,0.3240556660039761,0.1550695825049702,2.3836978131212723
MAP3K8,0.5487077534791253,0.039761431411530816,3.0616302186878728
MAP4K2,0.5785288270377733,0.02385685884691849,3.043737574552684
MAP4K4,0.5864811133200796,0.003976143141153081,3.1749502982107356
MAP4K5,0.5487077534791253,0.05168986083499006,3.1292246520874754
MAP9,0.43141153081510936,0.0636182902584493,2.7057654075546718
MAPK1,0.44532803180914515,0.10337972166998012,2.7157057654075545
MAPK10,0.44532803180914515,0.04970178926441352,2.6719681908548707
MAPK11,0.3658051689860835,0.15308151093439365,2.467196819085487
MAPK12,0.3658051689860835,0.15308151093439365,2.467196819085487
MAPK13,0.5944333996023857,0.02982107355864811,3.2544731610337974
MAPK14,0.5944333996023857,0.02982107355864811,3.2544731610337974
MAPK15,0.6998011928429424,0.02186878727634195,4.029821073558648
MAPK3,0.610337972166998,0.027833001988071572,3.21272365805169
MAPK4,0.33399602385685884,0.20675944333996024,2.375745526838966
MAPK6,0.36779324055666,0.13717693836978131,2.4214711729622267
MAPK7,0.37773359840954274,0.15705765407554673,2.618290258449304
MAPK8,0.48906560636182905,0.06759443339960239,2.8330019880715707
MAPK8IP1,0.5288270377733598,0.04572564612326044,2.9502982107355864
MAPK8IP2,0.36779324055666,0.15308151093439365,2.4870775347912524
MAPK8IP3,0.5646123260437376,0.0437375745526839,3.1172962226640157
MAPK9,0.46520874751491054,0.07952286282306163,2.886679920477137
MAPKAP1,0.3856858846918489,0.09741550695825049,2.5168986083499005
MAPKAPK2,0.7654075546719682,0.003976143141153081,4.0
MAPKAPK3,0.3240556660039761,0.13717693836978131,2.377733598409543
MAPKAPK5,0.5208747514910537,0.07554671968190854,2.900596421471173
MAPRE1,0.6063618290258449,0.027833001988071572,3.286282306163022
MAPRE2,0.4135188866799205,0.147117296222664,2.8330019880715707
MAPRE3,0.5944333996023857,0.013916500994035786,3.1809145129224654
MAPT,0.614314115308151,0.019880715705765408,3.332007952286282
MARCKS,0.3081510934393638,0.1550695825049702,2.36779324055666
MARCO,0.5825049701789264,0.007952286282306162,3.147117296222664
MARK2,0.5745526838966203,0.02385685884691849,3.0536779324055665
MARK3,0.4870775347912525,0.09145129224652088,2.8469184890656063
MARK4,0.4850894632206759,0.08349900596421471,2.8648111332007953
MARS2,0.5765407554671969,0.013916500994035786,3.0934393638170974
MAS1,0.31809145129224653,0.1550695825049702,2.405566600397614
MASP1,0.5228628230616302,0.0775347912524851,3.003976143141153
MASP2,0.5089463220675944,0.0636182902584493,2.89065606361829
MAST2,0.5407554671968191,0.033797216699801194,2.9761431411530817
MASTL,0.5487077534791253,0.041749502982107355,3.055666003976143
MAT1A,0.4711729622266402,0.07157057654075547,2.771371769383698
MAT2A,0.5944333996023857,0.017892644135188866,3.1510934393638173
MAT2B,0.441351888667992,0.08946322067594434,2.789264413518887
MATK,0.2962226640159046,0.16699801192842942,2.2703777335984094
MATN1,0.5049701789264414,0.055666003976143144,2.8767395626242545
MATN3,0.584493041749503,0.015904572564612324,3.168986083499006
MATN4,0.5745526838966203,0.04970178926441352,3.182902584493042
MATR3,0.415506958250497,0.10337972166998012,2.6600397614314115
MAU2,0.3558648111332008,0.12127236580516898,2.510934393638171
MAVS,0.5129224652087475,0.09940357852882704,2.9463220675944335
MAX,0.5009940357852882,0.06560636182902585,2.878727634194831
MBD1,0.3359840954274354,0.2047713717693837,2.3856858846918487
MBD2,0.341948310139165,0.20874751491053678,2.399602385685885
MBD3,0.30218687872763417,0.16699801192842942,2.280318091451292
MBD3L1,0.3061630218687873,0.15705765407554673,2.298210735586481
MBD4,0.5308151093439364,0.05765407554671968,2.944333996023857
MBD5,0.5765407554671969,0.013916500994035786,3.1013916500994037
MBD6,0.5745526838966203,0.03777335984095427,3.341948310139165
MBIP,0.6461232604373758,0.041749502982107355,4.759443339960239
MBL2,0.4831013916500994,0.06958250497017893,2.8210735586481115
MBNL1,0.5407554671968191,0.05168986083499006,3.0656063618290257
MBNL2,0.37375745526838966,0.11133200795228629,2.6023856858846917
MBOAT1,0.6003976143141153,0.033797216699801194,3.2306163021868786
MBOAT2,0.5785288270377733,0.017892644135188866,3.1530815109343937
MBOAT7,0.44731610337972166,0.09542743538767395,2.701789264413519
MBP,0.35785288270377735,0.2047713717693837,2.4314115308151094
MBTD1,0.6302186878727635,0.007952286282306162,3.411530815109344
MBTPS1,0.4433399602385686,0.10139165009940358,2.6858846918489068
MBTPS2,0.23260437375745527,0.3379721669980119,2.0974155069582503
MC1R,0.4393638170974155,0.1172962226640159,2.6660039761431413
MC2R,0.4671968190854871,0.07952286282306163,2.878727634194831
MC3R,0.6123260437375746,0.02584493041749503,3.4353876739562623
MC4R,0.3399602385685885,0.21272365805168986,2.381709741550696
MC5R,0.4671968190854871,0.08151093439363817,2.89065606361829
MCAM,0.5308151093439364,0.05964214711729622,2.9622266401590456
MCAT,0.40357852882703776,0.1272365805168986,2.5646123260437377
MCC,0.39165009940357853,0.10934393638170974,2.6023856858846917
MCCC1,0.532803180914513,0.0636182902584493,3.0675944333996026
MCCC2,0.3996023856858847,0.10934393638170974,2.6202783300198806
MCEE,0.588469184890656,0.015904572564612324,3.1630218687872764
MCEMP1,0.3081510934393638,0.1610337972166998,2.2882703777335984
MCF2,0.3260437375745527,0.23658051689860835,2.405566600397614
MCF2L,0.37375745526838966,0.12524850894632206,2.606361829025845
MCFD2,0.5904572564612326,0.013916500994035786,3.2604373757455267
MCIDAS,0.4572564612326044,0.09343936381709742,2.9224652087475147
MCL1,0.7952286282306164,0.0019880715705765406,4.435387673956263
MCM10,0.5129224652087475,0.055666003976143144,2.9502982107355864
MCM2,0.5288270377733598,0.05964214711729622,2.9324055666003974
MCM3,0.5825049701789264,0.03578528827037773,3.2226640159045727
MCM3AP,0.4592445328031809,0.07554671968190854,2.809145129224652
MCM4,0.6302186878727635,0.03180914512922465,3.6520874751491053
MCM5,0.3976143141153082,0.12524850894632206,2.5904572564612325
MCM6,0.5785288270377733,0.007952286282306162,3.099403578528827
MCM7,0.6481113320079522,0.02982107355864811,3.4990059642147116
MCM8,0.5089463220675944,0.09940357852882704,2.9542743538767398
MCMBP,0.4731610337972167,0.0775347912524851,2.731610337972167
MCPH1,0.3359840954274354,0.2544731610337972,2.3856858846918487
MCRS1,0.5506958250497018,0.04771371769383698,3.029821073558648
MCTS1,0.3081510934393638,0.2485089463220676,2.3578528827037775
MCU,0.47912524850894633,0.06759443339960239,2.7952286282306162
MCUB,0.4254473161033797,0.0536779324055666,2.6640159045725644
MCUR1,0.6023856858846919,0.033797216699801194,3.2763419483101393
MDC1,0.6003976143141153,0.033797216699801194,3.320079522862823
MDGA1,0.6003976143141153,0.02982107355864811,3.2882703777335984
MDH1,0.5944333996023857,0.013916500994035786,3.1610337972167
MDH2,0.6381709741550696,0.039761431411530816,3.3300198807157058
MDK,0.5347912524850894,0.04572564612326044,2.94234592445328
MDM2,0.5785288270377733,0.033797216699801194,3.94831013916501
MDM4,0.7713717693836978,0.0019880715705765406,4.0536779324055665
MDN1,0.3260437375745527,0.15705765407554673,2.381709741550696
ME1,0.3240556660039761,0.15308151093439365,2.389662027833002
ME2,0.33399602385685884,0.20675944333996024,2.375745526838966
MEA1,0.5984095427435387,0.02982107355864811,3.3141153081510932
MEAF6,0.5407554671968191,0.03777335984095427,2.9622266401590456
MECP2,0.33399602385685884,0.21868787276341947,2.5049701789264414
MECR,0.5029821073558648,0.05964214711729622,2.8548707753479126
MED1,0.6222664015904572,0.017892644135188866,3.355864811133201
MED10,0.7534791252485089,0.011928429423459244,4.560636182902584
MED11,0.294234592445328,0.20278330019880716,2.2703777335984094
MED12,0.27236580516898606,0.2882703777335984,2.2485089463220675
MED12L,0.5407554671968191,0.0536779324055666,3.0457256461232602
MED13,0.6381709741550696,0.007952286282306162,3.4393638170974157
MED13L,0.5228628230616302,0.06958250497017893,2.9343936381709743
MED14,0.24055666003976142,0.33001988071570576,2.1391650099403576
MED15,0.4532803180914513,0.09542743538767395,2.779324055666004
MED16,0.3081510934393638,0.16699801192842942,2.3220675944333995
MED17,0.5725646123260437,0.041749502982107355,3.0874751491053676
MED18,0.49304174950298213,0.0636182902584493,2.834990059642147
MED19,0.5666003976143141,0.02982107355864811,3.0079522862823063
MED20,0.6043737574552683,0.02982107355864811,3.4015904572564613
MED21,0.5546719681908548,0.06759443339960239,3.407554671968191
MED22,0.3976143141153082,0.09741550695825049,2.5467196819085487
MED23,0.3499005964214712,0.1550695825049702,2.4552683896620278
MED24,0.6163021868787276,0.019880715705765408,3.3220675944333995
MED25,0.4254473161033797,0.10934393638170974,2.640159045725646
MED26,0.341948310139165,0.13916500994035785,2.4095427435387675
MED27,0.39363817097415504,0.10139165009940358,2.5387673956262424
MED28,0.5009940357852882,0.0536779324055666,2.9105367793240555
MED29,0.532803180914513,0.07157057654075547,3.1332007952286283
MED30,0.7196819085487077,0.015904572564612324,4.101391650099403
MED31,0.29025844930417494,0.2047713717693837,2.256461232604374
MED4,0.3101391650099404,0.1610337972166998,2.359840954274354
MED6,0.4831013916500994,0.06958250497017893,2.8469184890656063
MED7,0.43141153081510936,0.09343936381709742,2.743538767395626
MED8,0.5487077534791253,0.027833001988071572,3.039761431411531
MED9,0.3320079522862823,0.18091451292246521,2.375745526838966
MEF2A,0.40755467196819084,0.10337972166998012,2.588469184890656
MEF2C,0.3856858846918489,0.11332007952286283,2.5904572564612325
MEF2D,0.7952286282306164,0.0019880715705765406,4.3021868787276345
MEFV,0.5705765407554672,0.03578528827037773,3.125248508946322
MEGF10,0.39165009940357853,0.1073558648111332,2.622266401590457
MEIG1,0.5188866799204771,0.0536779324055666,2.966202783300199
MEIS1,0.584493041749503,0.015904572564612324,3.1510934393638173
MEIS2,0.3240556660039761,0.1709741550695825,2.3101391650099403
MEIS3,0.4294234592445328,0.1172962226640159,2.640159045725646
MELK,0.3856858846918489,0.13717693836978131,2.548707753479125
MELTF,0.5188866799204771,0.08548707753479125,2.99403578528827
MEMO1,0.584493041749503,0.015904572564612324,3.165009940357853
MEP1A,0.5964214711729622,0.03180914512922465,3.3001988071570576
MEP1B,0.41749502982107356,0.1411530815109344,2.7475149105367795
MEPE,0.44532803180914515,0.04970178926441352,2.679920477137177
MERTK,0.588469184890656,0.007952286282306162,3.1709741550695827
MESP2,0.40556660039761433,0.10934393638170974,2.566600397614314
MET,0.6421471172962226,0.03777335984095427,3.878727634194831
METAP1,0.4234592445328032,0.05168986083499006,2.63220675944334
METAP1D,0.5924453280318092,0.011928429423459244,3.165009940357853
METAP2,0.5129224652087475,0.0636182902584493,2.9125248508946324
METTL1,0.5864811133200796,0.03777335984095427,3.636182902584493
METTL14,0.4234592445328032,0.055666003976143144,2.650099403578529
METTL3,0.5506958250497018,0.0636182902584493,3.10337972166998
MEX3B,0.3856858846918489,0.1172962226640159,2.514910536779324
MEX3C,0.33399602385685884,0.20874751491053678,2.3737574552683895
MFAP1,0.3399602385685885,0.16302186878727634,2.337972166998012
MFAP2,0.5009940357852882,0.06759443339960239,2.8827037773359843
MFAP3,0.4294234592445328,0.09741550695825049,2.7395626242544733
MFAP4,0.37773359840954274,0.15705765407554673,2.618290258449304
MFAP5,0.48906560636182905,0.09741550695825049,2.9542743538767398
MFF,0.5666003976143141,0.02385685884691849,3.033797216699801
MFGE8,0.3976143141153082,0.11133200795228629,2.558648111332008
MFN1,0.5387673956262425,0.0536779324055666,3.073558648111332
MFN2,0.510934393638171,0.061630218687872766,2.89065606361829
MFNG,0.40755467196819084,0.1272365805168986,2.6123260437375744
MFSD10,0.4870775347912525,0.06560636182902585,2.834990059642147
MFSD12,0.2962226640159046,0.16699801192842942,2.272365805168986
MFSD2A,0.5546719681908548,0.03180914512922465,3.0675944333996026
MFSD8,0.43141153081510936,0.0536779324055666,2.667992047713718
MGA,0.32803180914512925,0.16699801192842942,2.3101391650099403
MGAM,0.6361829025844931,0.02584493041749503,3.3916500994035785
MGAT1,0.46123260437375746,0.08151093439363817,2.8846918489065607
MGAT2,0.5467196819085487,0.04771371769383698,3.1351888667992047
MGAT3,0.4135188866799205,0.12127236580516898,2.610337972166998
MGAT4A,0.588469184890656,0.005964214711729622,3.2027833001988073
MGAT4B,0.4592445328031809,0.08349900596421471,2.8807157057654074
MGAT4C,0.5149105367793241,0.06958250497017893,2.9204771371769382
MGAT4D,0.43141153081510936,0.0536779324055666,2.6858846918489068
MGAT5,0.5805168986083499,0.007952286282306162,3.107355864811133
MGAT5B,0.6540755467196819,0.009940357852882704,3.463220675944334
MGLL,0.5268389662027833,0.05964214711729622,2.9284294234592445
MGMT,0.4691848906560636,0.08151093439363817,2.725646123260437
MGRN1,0.5765407554671969,0.03578528827037773,3.1332007952286283
MGST1,0.47514910536779326,0.11332007952286283,2.9840954274353875
MGST2,0.4294234592445328,0.0536779324055666,2.6819085487077534
MGST3,0.7793240556660039,0.005964214711729622,4.111332007952286
MIA3,0.7534791252485089,0.0019880715705765406,3.926441351888668
MIB1,0.47713717693836977,0.09343936381709742,2.8389662027833
MIB2,0.5268389662027833,0.0536779324055666,2.9463220675944335
MICA,0.5964214711729622,0.033797216699801194,3.262425447316103
MICAL1,0.3081510934393638,0.15705765407554673,2.3876739562624256
MICALL1,0.4135188866799205,0.12524850894632206,2.624254473161034
MICALL2,0.6858846918489065,0.02186878727634195,3.8727634194831015
MICB,0.5964214711729622,0.033797216699801194,3.2604373757455267
MICOS10,0.4990059642147117,0.06759443339960239,2.8508946322067596
MICOS13,0.3061630218687873,0.16500994035785288,2.2823061630218686
MICU1,0.47912524850894633,0.06759443339960239,2.79324055666004
MICU2,0.30218687872763417,0.16699801192842942,2.302186878727634
MICU3,0.33001988071570576,0.2584493041749503,2.349900596421471
MID1,0.23260437375745527,0.341948310139165,2.0834990059642147
MID1IP1,0.2345924453280318,0.32803180914512925,2.1172962226640157
MIDN,0.30417495029821073,0.16699801192842942,2.2962226640159047
MIEF1,0.4135188866799205,0.12127236580516898,2.610337972166998
MIEF2,0.34592445328031807,0.1749502982107356,2.4243027888446216
MIEN1,0.6262425447316103,0.015904572564612324,3.6381709741550696
MIER1,0.5089463220675944,0.05168986083499006,2.856858846918489
MIF,0.43538767395626243,0.10337972166998012,2.6540755467196817
MIF4GD,0.6560636182902585,0.009940357852882704,3.481113320079523
MIGA1,0.49105367793240556,0.0636182902584493,2.8489065606361827
MIGA2,0.39165009940357853,0.09940357852882704,2.518886679920477
MINK1,0.294234592445328,0.20079522862823063,2.272365805168986
MINPP1,0.46322067594433397,0.08151093439363817,2.713717693836978
MIS12,0.29025844930417494,0.2047713717693837,2.2604373757455267
MIS18BP1,0.5506958250497018,0.055666003976143144,3.1351888667992047
MITF,0.3697813121272366,0.12326043737574553,2.493041749502982
MKI67,0.4671968190854871,0.08151093439363817,2.725646123260437
MKKS,0.5149105367793241,0.09542743538767395,2.9900596421471173
MKLN1,0.6401590457256461,0.02982107355864811,3.405566600397614
MKNK1,0.5427435387673957,0.03578528827037773,2.9801192842942346
MKNK2,0.30218687872763417,0.16699801192842942,2.280318091451292
MKS1,0.6302186878727635,0.013916500994035786,3.3856858846918487
MLANA,0.34592445328031807,0.21073558648111332,2.441351888667992
MLC1,0.36779324055666,0.15109343936381708,2.4731610337972167
MLEC,0.5228628230616302,0.07554671968190854,2.9105367793240555
MLH1,0.341948310139165,0.12922465208747516,2.407554671968191
MLH3,0.4870775347912525,0.07554671968190854,2.8588469184890655
MLLT1,0.3081510934393638,0.16302186878727634,2.2882703777335984
MLLT10,0.5288270377733598,0.04771371769383698,2.988071570576541
MLLT3,0.3379721669980119,0.220675944333996,2.3618290258449304
MLLT6,0.6262425447316103,0.015904572564612324,3.3658051689860833
MLNR,0.3260437375745527,0.15109343936381708,2.4035785288270377
MLPH,0.5666003976143141,0.027833001988071572,3.00596421471173
MLST8,0.5666003976143141,0.039761431411530816,3.125248508946322
MLX,0.6123260437375746,0.02186878727634195,3.2664015904572565
MLXIP,0.5268389662027833,0.0775347912524851,2.918489065606362
MLXIPL,0.6461232604373758,0.039761431411530816,3.3399602385685885
MLYCD,0.4433399602385686,0.10139165009940358,2.6858846918489068
MMAB,0.5208747514910537,0.073558648111332,2.900596421471173
MMACHC,0.5447316103379721,0.03180914512922465,2.9980119284294235
MMADHC,0.5825049701789264,0.011928429423459244,3.121272365805169
MMD,0.6322067594433399,0.009940357852882704,3.4015904572564613
MME,0.5447316103379721,0.055666003976143144,3.0715705765407555
MMGT1,0.3220675944333996,0.23658051689860835,2.393638170974155
MMP1,0.558648111332008,0.041749502982107355,3.0834990059642147
MMP10,0.558648111332008,0.041749502982107355,3.0834990059642147
MMP11,0.4393638170974155,0.10337972166998012,2.6600397614314115
MMP12,0.558648111332008,0.041749502982107355,3.0795228628230618
MMP13,0.5566600397614314,0.041749502982107355,3.0636182902584492
MMP14,0.5546719681908548,0.06560636182902585,3.1113320079522864
MMP15,0.49304174950298213,0.07554671968190854,2.868787276341948
MMP16,0.679920477137177,0.02385685884691849,4.003976143141153
MMP17,0.5248508946322068,0.07554671968190854,2.9284294234592445
MMP2,0.49304174950298213,0.0775347912524851,2.8727634194831015
MMP20,0.5606361829025845,0.041749502982107355,3.0755467196819084
MMP24,0.614314115308151,0.027833001988071572,3.3479125248508947
MMP25,0.5705765407554672,0.03777335984095427,3.121272365805169
MMP3,0.558648111332008,0.041749502982107355,3.0834990059642147
MMP7,0.5606361829025845,0.041749502982107355,3.0775347912524853
MMP8,0.558648111332008,0.041749502982107355,3.0834990059642147
MMP9,0.5745526838966203,0.04771371769383698,3.20675944333996
MMRN1,0.4433399602385686,0.04970178926441352,2.679920477137177
MMS19,0.46322067594433397,0.0775347912524851,2.719681908548708
MMS22L,0.31411530815109345,0.15904572564612326,2.3518886679920477
MMUT,0.5924453280318092,0.02982107355864811,3.2584493041749503
MNAT1,0.5208747514910537,0.05964214711729622,2.9463220675944335
MND1,0.43737574552683894,0.05964214711729622,2.7176938369781314
MNDA,0.7833001988071571,0.0019880715705765406,4.226640159045726
MNS1,0.36779324055666,0.13518886679920478,2.463220675944334
MOAP1,0.49502982107355864,0.07554671968190854,2.840954274353877
MOB1A,0.588469184890656,0.019880715705765408,3.1570576540755466
MOB1B,0.4671968190854871,0.04970178926441352,2.8250497017892644
MOB2,0.4711729622266402,0.06560636182902585,2.7912524850894633
MOB4,0.5745526838966203,0.013916500994035786,3.091451292246521
MOCS2,0.48111332007952284,0.08946322067594434,2.944333996023857
MOCS3,0.5924453280318092,0.039761431411530816,3.341948310139165
MOG,0.5984095427435387,0.033797216699801194,3.250497017892644
MOGAT3,0.6421471172962226,0.033797216699801194,3.423459244532803
MOK,0.49304174950298213,0.0874751491053678,2.8429423459244534
MON2,0.5546719681908548,0.041749502982107355,3.2266401590457257
MORF4L1,0.3836978131212724,0.1172962226640159,2.5049701789264414
MOSPD2,0.23658051689860835,0.34393638170974156,2.1053677932405566
MOV10,0.4254473161033797,0.09145129224652088,2.6520874751491053
MPDU1,0.2962226640159046,0.20278330019880716,2.26441351888668
MPDZ,0.34592445328031807,0.21272365805168986,2.411530815109344
MPG,0.5566600397614314,0.04771371769383698,3.10934393638171
MPHOSPH10,0.588469184890656,0.015904572564612324,3.172962226640159
MPHOSPH6,0.44930417495029823,0.10536779324055666,2.719681908548708
MPHOSPH8,0.30417495029821073,0.17693836978131214,2.2942345924453282
MPI,0.3817097415506958,0.1172962226640159,2.502982107355865
MPL,0.5487077534791253,0.027833001988071572,3.039761431411531
MPO,0.6302186878727635,0.013916500994035786,3.3856858846918487
MPP2,0.610337972166998,0.017892644135188866,3.290258449304175
MPP7,0.5467196819085487,0.039761431411530816,3.0417495029821073
MPRIP,0.3359840954274354,0.18290258449304175,2.3797216699801194
MPST,0.40357852882703776,0.1272365805168986,2.5964214711729623
MPV17,0.5944333996023857,0.013916500994035786,3.1809145129224654
MPZ,0.7852882703777336,0.0019880715705765406,4.230616302186879
MRAP,0.44731610337972166,0.07554671968190854,2.7693836978131214
MRAP2,0.32007952286282304,0.15705765407554673,2.377733598409543
MRAS,0.5347912524850894,0.055666003976143144,2.99403578528827
MRC1,0.5188866799204771,0.0536779324055666,2.9582504970178927
MRC2,0.6401590457256461,0.007952286282306162,3.445328031809145
MRE11,0.5666003976143141,0.041749502982107355,3.069582504970179
MRFAP1,0.4850894632206759,0.06560636182902585,2.8469184890656063
MRGBP,0.6262425447316103,0.017892644135188866,3.610337972166998
MRI1,0.3061630218687873,0.15705765407554673,2.304174950298211
MRM1,0.6222664015904572,0.017892644135188866,3.246520874751491
MRM2,0.6819085487077535,0.02186878727634195,3.8667992047713717
MRM3,0.29025844930417494,0.2047713717693837,2.268389662027833
MRPL1,0.4671968190854871,0.04970178926441352,2.775347912524851
MRPL10,0.6341948310139165,0.011928429423459244,3.353876739562624
MRPL11,0.6163021868787276,0.013916500994035786,3.210735586481113
MRPL12,0.6481113320079522,0.005964214711729622,3.457256461232604
MRPL13,0.7216699801192843,0.017892644135188866,4.153081510934394
MRPL14,0.5984095427435387,0.027833001988071572,3.3339960238568587
MRPL15,0.6341948310139165,0.03578528827037773,3.679920477137177
MRPL16,0.5705765407554672,0.02385685884691849,3.00596421471173
MRPL17,0.4691848906560636,0.061630218687872766,2.7673956262425445
MRPL18,0.31809145129224653,0.1550695825049702,2.405566600397614
MRPL19,0.584493041749503,0.02385685884691849,3.131212723658052
MRPL2,0.5984095427435387,0.02982107355864811,3.3141153081510932
MRPL20,0.5268389662027833,0.0536779324055666,2.9463220675944335
MRPL21,0.6302186878727635,0.015904572564612324,3.3180914512922466
MRPL22,0.43141153081510936,0.09542743538767395,2.7475149105367795
MRPL23,0.4711729622266402,0.06759443339960239,2.779324055666004
MRPL24,0.7852882703777336,0.0019880715705765406,4.246520874751491
MRPL27,0.6322067594433399,0.009940357852882704,3.4015904572564613
MRPL28,0.5546719681908548,0.04771371769383698,3.1053677932405566
MRPL3,0.532803180914513,0.061630218687872766,2.966202783300199
MRPL30,0.588469184890656,0.005964214711729622,3.20675944333996
MRPL32,0.6858846918489065,0.02385685884691849,3.789264413518887
MRPL33,0.5924453280318092,0.013916500994035786,3.1848906560636183
MRPL34,0.34592445328031807,0.13916500994035785,2.415506958250497
MRPL35,0.5904572564612326,0.017892644135188866,3.1610337972167
MRPL36,0.7713717693836978,0.011928429423459244,4.68986083499006
MRPL37,0.5188866799204771,0.04572564612326044,2.89662027833002
MRPL38,0.6540755467196819,0.007952286282306162,3.4612326043737576
MRPL39,0.45129224652087474,0.0874751491053678,2.834990059642147
MRPL4,0.31411530815109345,0.15109343936381708,2.3300198807157058
MRPL40,0.44731610337972166,0.09343936381709742,2.7236580516898607
MRPL41,0.40755467196819084,0.09741550695825049,2.5825049701789267
MRPL42,0.5089463220675944,0.06759443339960239,2.89662027833002
MRPL43,0.46322067594433397,0.07554671968190854,2.727634194831014
MRPL45,0.6282306163021869,0.013916500994035786,3.332007952286282
MRPL47,0.5387673956262425,0.05765407554671968,3.069582504970179
MRPL48,0.5984095427435387,0.019880715705765408,3.2266401590457257
MRPL49,0.5785288270377733,0.02186878727634195,3.069582504970179
MRPL50,0.35785288270377735,0.11133200795228629,2.457256461232604
MRPL51,0.49502982107355864,0.09542743538767395,2.9900596421471173
MRPL52,0.5546719681908548,0.06560636182902585,3.1113320079522864
MRPL53,0.588469184890656,0.019880715705765408,3.1570576540755466
MRPL54,0.2962226640159046,0.16699801192842942,2.2703777335984094
MRPL55,0.7455268389662028,0.0019880715705765406,3.9165009940357853
MRPL57,0.30218687872763417,0.17296222664015903,2.2942345924453282
MRPL58,0.6540755467196819,0.009940357852882704,3.4771371769383697
MRPL9,0.7932405566600398,0.0019880715705765406,4.41948310139165
MRPS10,0.6023856858846919,0.02982107355864811,3.363817097415507
MRPS11,0.3976143141153082,0.11332007952286283,2.5526838966202785
MRPS12,0.536779324055666,0.073558648111332,3.1332007952286283
MRPS14,0.7733598409542743,0.003976143141153081,4.071570576540755
MRPS15,0.5387673956262425,0.039761431411530816,2.9542743538767398
MRPS16,0.47514910536779326,0.06958250497017893,2.783300198807157
MRPS17,0.6918489065606361,0.027833001988071572,4.170974155069582
MRPS18A,0.5984095427435387,0.027833001988071572,3.3121272365805168
MRPS18B,0.6003976143141153,0.033797216699801194,3.320079522862823
MRPS18C,0.44930417495029823,0.04771371769383698,2.6858846918489068
MRPS2,0.40357852882703776,0.09542743538767395,2.5626242544731612
MRPS21,0.7952286282306164,0.0019880715705765406,4.417495029821073
MRPS22,0.5347912524850894,0.055666003976143144,3.0019880715705765
MRPS23,0.6282306163021869,0.013916500994035786,3.3856858846918487
MRPS24,0.68389662027833,0.02385685884691849,3.7952286282306162
MRPS25,0.3558648111332008,0.12326043737574553,2.4552683896620278
MRPS26,0.510934393638171,0.09741550695825049,2.9363817097415508
MRPS27,0.3996023856858847,0.10934393638170974,2.618290258449304
MRPS28,0.6958250497017893,0.02385685884691849,4.284294234592445
MRPS30,0.709741550695825,0.013916500994035786,4.220675944333996
MRPS31,0.3081510934393638,0.16302186878727634,2.3578528827037775
MRPS33,0.6341948310139165,0.027833001988071572,3.4015904572564613
MRPS34,0.5646123260437376,0.0437375745526839,3.1172962226640157
MRPS35,0.5487077534791253,0.06560636182902585,3.3339960238568587
MRPS5,0.5944333996023857,0.007952286282306162,3.2186878727634194
MRPS6,0.4552683896620278,0.06759443339960239,2.7972166998011927
MRPS7,0.6560636182902585,0.009940357852882704,3.481113320079523
MRPS9,0.5825049701789264,0.005964214711729622,3.159045725646123
MRRF,0.3836978131212724,0.09741550695825049,2.5288270377733597
MRTO4,0.5009940357852882,0.06759443339960239,2.852882703777336
MS4A1,0.5705765407554672,0.02584493041749503,3.011928429423459
MS4A2,0.5725646123260437,0.02385685884691849,3.0099403578528827
MS4A3,0.5725646123260437,0.02385685884691849,3.0079522862823063
MS4A4A,0.5705765407554672,0.02385685884691849,3.0139165009940356
MS4A6A,0.5725646123260437,0.02385685884691849,3.0099403578528827
MS4A6E,0.5705765407554672,0.02584493041749503,3.011928429423459
MSH2,0.5944333996023857,0.013916500994035786,3.250497017892644
MSH3,0.39363817097415504,0.11530815109343936,2.592445328031809
MSH4,0.4970178926441352,0.061630218687872766,2.8429423459244534
MSH5,0.6023856858846919,0.033797216699801194,3.272365805168986
MSH6,0.5944333996023857,0.013916500994035786,3.250497017892644
MSI1,0.5228628230616302,0.07157057654075547,2.918489065606362
MSL1,0.6163021868787276,0.019880715705765408,3.3220675944333995
MSL2,0.532803180914513,0.055666003976143144,2.988071570576541
MSL3,0.23856858846918488,0.3399602385685885,2.1113320079522864
MSLN,0.558648111332008,0.041749502982107355,3.1192842942345926
MSMO1,0.415506958250497,0.06560636182902585,2.6123260437375744
MSN,0.27435387673956263,0.28429423459244535,2.2365805168986084
MSR1,0.32803180914512925,0.2584493041749503,2.341948310139165
MSRA,0.3359840954274354,0.25646123260437376,2.381709741550696
MSRB2,0.5347912524850894,0.041749502982107355,3.0099403578528827
MSRB3,0.5745526838966203,0.033797216699801194,3.3459244532803183
MST1R,0.3220675944333996,0.13916500994035785,2.3697813121272366
MSTN,0.5825049701789264,0.011928429423459244,3.1192842942345926
MSX1,0.4831013916500994,0.06759443339960239,2.827037773359841
MSX2,0.46123260437375746,0.08548707753479125,2.8648111332007953
MT1M,0.49502982107355864,0.07554671968190854,2.8588469184890655
MT2A,0.49502982107355864,0.07554671968190854,2.8588469184890655
MTA1,0.4850894632206759,0.09542743538767395,2.8389662027833
MTA2,0.5705765407554672,0.02584493041749503,3.029821073558648
MTA3,0.5904572564612326,0.015904572564612324,3.1928429423459246
MTCH1,0.6003976143141153,0.02982107355864811,3.268389662027833
MTCH2,0.5308151093439364,0.039761431411530816,2.9502982107355864
MTCP1,0.3359840954274354,0.21868787276341947,2.524850894632207
MTDH,0.6978131212723658,0.013916500994035786,4.045725646123261
MTERF1,0.6461232604373758,0.02584493041749503,3.429423459244533
MTERF2,0.5188866799204771,0.07554671968190854,2.8846918489065607
MTERF3,0.6998011928429424,0.015904572564612324,4.029821073558648
MTERF4,0.562624254473161,0.02982107355864811,3.0019880715705765
MTF1,0.5427435387673957,0.03578528827037773,2.9801192842942346
MTF2,0.46322067594433397,0.07952286282306163,2.7475149105367795
MTFMT,0.3717693836978131,0.12127236580516898,2.475149105367793
MTG1,0.4711729622266402,0.08151093439363817,2.7415506958250497
MTHFD1L,0.3240556660039761,0.15308151093439365,2.4095427435387675
MTHFD2,0.588469184890656,0.019880715705765408,3.1570576540755466
MTHFD2L,0.4731610337972167,0.04572564612326044,2.801192842942346
MTHFR,0.510934393638171,0.061630218687872766,2.89065606361829
MTHFS,0.3856858846918489,0.1172962226640159,2.5129224652087476
MTIF2,0.588469184890656,0.011928429423459244,3.2326043737574555
MTIF3,0.3081510934393638,0.16302186878727634,2.3439363817097414
MTM1,0.3320079522862823,0.22266401590457258,2.475149105367793
MTMR1,0.3320079522862823,0.22266401590457258,2.475149105367793
MTMR12,0.7395626242544732,0.011928429423459244,4.345924453280318
MTMR14,0.36381709741550694,0.12326043737574553,2.489065606361829
MTMR2,0.5685884691848907,0.041749502982107355,3.0834990059642147
MTMR3,0.40159045725646125,0.1172962226640159,2.5984095427435387
MTMR4,0.6341948310139165,0.011928429423459244,3.3956262425447314
MTMR6,0.294234592445328,0.1709741550695825,2.2882703777335984
MTMR7,0.3320079522862823,0.2584493041749503,2.3518886679920477
MTMR8,0.27037773359840955,0.2823061630218688,2.2306163021868786
MTMR9,0.33001988071570576,0.2624254473161034,2.3697813121272366
MTNR1A,0.4115308151093439,0.08946322067594434,2.5984095427435387
MTNR1B,0.5725646123260437,0.039761431411530816,3.1013916500994037
MTO1,0.3658051689860835,0.13320079522862824,2.5009940357852884
MTOR,0.5089463220675944,0.0636182902584493,2.8886679920477136
MTR,0.7395626242544732,0.0019880715705765406,3.9105367793240555
MTREX,0.46123260437375746,0.09343936381709742,2.930417495029821
MTRF1,0.3121272365805169,0.16302186878727634,2.3797216699801194
MTRF1L,0.32803180914512925,0.1550695825049702,2.4194831013916502
MTRR,0.7554671968190855,0.009940357852882704,4.5526838966202785
MTSS1,0.731610337972167,0.015904572564612324,4.332007952286283
MTTP,0.4234592445328032,0.05168986083499006,2.63220675944334
MTUS1,0.32803180914512925,0.26043737574552683,2.3359840954274356
MTX1,0.7972166998011928,0.0019880715705765406,4.369781312127237
MTX2,0.5944333996023857,0.009940357852882704,3.2087475149105367
MUC12,0.6441351888667992,0.03180914512922465,3.445328031809145
MUC13,0.5248508946322068,0.05964214711729622,2.926441351888668
MUC15,0.5089463220675944,0.055666003976143144,2.926441351888668
MUC16,0.3061630218687873,0.15705765407554673,2.298210735586481
MUC20,0.5208747514910537,0.08349900596421471,3.0079522862823063
MUC3A,0.6441351888667992,0.03180914512922465,3.445328031809145
MUC4,0.5208747514910537,0.08349900596421471,3.0139165009940356
MUC5AC,0.4711729622266402,0.06560636182902585,2.79324055666004
MUC5B,0.4711729622266402,0.06560636182902585,2.79324055666004
MUC6,0.4711729622266402,0.06560636182902585,2.79324055666004
MUC7,0.46520874751491054,0.04970178926441352,2.805168986083499
MUCL1,0.5526838966202783,0.0437375745526839,3.0775347912524853
MUL1,0.49304174950298213,0.06759443339960239,2.8508946322067596
MUS81,0.5984095427435387,0.019880715705765408,3.1292246520874754
MUSK,0.3836978131212724,0.10139165009940358,2.536779324055666
MUTYH,0.5447316103379721,0.03180914512922465,3.0019880715705765
MVB12A,0.34592445328031807,0.13916500994035785,2.4194831013916502
MVB12B,0.38767395626242546,0.09542743538767395,2.5228628230616303
MVD,0.43538767395626243,0.11332007952286283,2.675944333996024
MVP,0.610337972166998,0.03180914512922465,3.21272365805169
MX1,0.44532803180914515,0.07554671968190854,2.7813121272365806
MX2,0.44532803180914515,0.07554671968190854,2.779324055666004
MXD1,0.5904572564612326,0.015904572564612324,3.168986083499006
MXD4,0.4870775347912525,0.0636182902584493,2.84493041749503
MYADM,0.44731610337972166,0.09741550695825049,2.6938369781312126
MYB,0.34592445328031807,0.15705765407554673,2.463220675944334
MYBBP1A,0.294234592445328,0.2047713717693837,2.268389662027833
MYBL1,0.658051689860835,0.027833001988071572,3.868787276341948
MYBL2,0.5666003976143141,0.0536779324055666,3.1669980119284293
MYBPC1,0.5168986083499006,0.06560636182902585,2.8946322067594434
MYBPC2,0.43141153081510936,0.10934393638170974,2.6540755467196817
MYBPC3,0.5308151093439364,0.039761431411530816,2.952286282306163
MYBPH,0.7693836978131213,0.0019880715705765406,4.019880715705765
MYCBP,0.5467196819085487,0.033797216699801194,3.011928429423459
MYCBP2,0.36182902584493043,0.1172962226640159,2.5288270377733597
MYCBPAP,0.6322067594433399,0.009940357852882704,3.4095427435387675
MYCN,0.5725646123260437,0.015904572564612324,3.2047713717693838
MYD88,0.3399602385685885,0.12922465208747516,2.4035785288270377
MYF5,0.5188866799204771,0.06560636182902585,2.9403578528827037
MYF6,0.5188866799204771,0.06560636182902585,2.9403578528827037
MYH1,0.30417495029821073,0.20874751491053678,2.280318091451292
MYH10,0.2962226640159046,0.20874751491053678,2.2664015904572565
MYH11,0.584493041749503,0.039761431411530816,3.1491053677932404
MYH13,0.30417495029821073,0.2047713717693837,2.2842942345924455
MYH15,0.5188866799204771,0.05765407554671968,2.918489065606362
MYH2,0.3061630218687873,0.20675944333996024,2.2842942345924455
MYH3,0.3061630218687873,0.20675944333996024,2.2842942345924455
MYH4,0.30417495029821073,0.20675944333996024,2.2823061630218686
MYH6,0.5546719681908548,0.06759443339960239,3.1709741550695827
MYH7,0.5546719681908548,0.06759443339960239,3.1709741550695827
MYH7B,0.6163021868787276,0.02385685884691849,3.341948310139165
MYH8,0.30417495029821073,0.2047713717693837,2.2842942345924455
MYH9,0.3956262425447316,0.12922465208747516,2.594433399602386
MYL1,0.5745526838966203,0.019880715705765408,3.0636182902584492
MYL10,0.6401590457256461,0.033797216699801194,3.4433399602385686
MYL12A,0.49502982107355864,0.08946322067594434,3.003976143141153
MYL12B,0.49502982107355864,0.08946322067594434,3.0019880715705765
MYL2,0.5188866799204771,0.073558648111332,2.900596421471173
MYL3,0.3320079522862823,0.13916500994035785,2.375745526838966
MYL4,0.6242544731610338,0.013916500994035786,3.3141153081510932
MYL5,0.4870775347912525,0.07157057654075547,2.8508946322067596
MYL6,0.558648111332008,0.03777335984095427,3.121272365805169
MYL6B,0.558648111332008,0.03777335984095427,3.121272365805169
MYL7,0.6858846918489065,0.02385685884691849,3.8111332007952288
MYL9,0.5964214711729622,0.03180914512922465,3.2823061630218686
MYLIP,0.6003976143141153,0.03578528827037773,3.238568588469185
MYLK,0.5248508946322068,0.061630218687872766,2.9343936381709743
MYLK2,0.6282306163021869,0.02186878727634195,3.3518886679920477
MYLK3,0.5347912524850894,0.06958250497017893,2.9860834990059644
MYO10,0.7554671968190855,0.009940357852882704,4.566600397614314
MYO18A,0.6003976143141153,0.027833001988071572,3.1848906560636183
MYO18B,0.42147117296222664,0.10934393638170974,2.6163021868787277
MYO1A,0.562624254473161,0.03777335984095427,3.1669980119284293
MYO5A,0.35984095427435386,0.13518886679920478,2.4095427435387675
MYO5B,0.3379721669980119,0.20079522862823063,2.3956262425447314
MYO6,0.3558648111332008,0.13320079522862824,2.489065606361829
MYO7A,0.6063618290258449,0.017892644135188866,3.246520874751491
MYO7B,0.5805168986083499,0.007952286282306162,3.1113320079522864
MYO9A,0.3856858846918489,0.11928429423459244,2.510934393638171
MYO9B,0.341948310139165,0.13916500994035785,2.407554671968191
MYOC,0.7773359840954275,0.003976143141153081,4.075546719681909
MYOCD,0.31411530815109345,0.2047713717693837,2.308151093439364
MYOD1,0.49304174950298213,0.05765407554671968,2.8389662027833
MYOF,0.4671968190854871,0.07952286282306163,2.719681908548708
MYOG,0.7693836978131213,0.0019880715705765406,4.019880715705765
MYOM1,0.49304174950298213,0.08946322067594434,3.0019880715705765
MYOM2,0.3499005964214712,0.23658051689860835,2.4254473161033796
MYOT,0.4115308151093439,0.10139165009940358,2.6520874751491053
MYOZ1,0.4731610337972167,0.06958250497017893,2.775347912524851
MYOZ2,0.4234592445328032,0.055666003976143144,2.650099403578529
MYOZ3,0.4254473161033797,0.09741550695825049,2.73558648111332
MYPN,0.48111332007952284,0.0636182902584493,2.801192842942346
MYRIP,0.341948310139165,0.12524850894632206,2.4194831013916502
MYSM1,0.5069582504970179,0.04970178926441352,2.8886679920477136
MYT1,0.6361829025844931,0.02385685884691849,3.662027833001988
MYT1L,0.5765407554671969,0.017892644135188866,3.15506958250497
MZB1,0.415506958250497,0.10337972166998012,2.6600397614314115
MZF1,0.44532803180914515,0.09940357852882704,2.695825049701789
MZT1,0.3538767395626243,0.11928429423459244,2.548707753479125
MZT2A,0.5805168986083499,0.007952286282306162,3.0974155069582503
MZT2B,0.5805168986083499,0.007952286282306162,3.10337972166998
NAA10,0.33399602385685884,0.21868787276341947,2.5049701789264414
NAA11,0.45129224652087474,0.05168986083499006,2.743538767395626
NAA15,0.4294234592445328,0.0536779324055666,2.6898608349900597
NAA16,0.31411530815109345,0.1610337972166998,2.3856858846918487
NAA20,0.5467196819085487,0.09343936381709742,3.0656063618290257
NAA25,0.5208747514910537,0.07554671968190854,2.900596421471173
NAA30,0.5288270377733598,0.0536779324055666,3.011928429423459
NAA35,0.3499005964214712,0.12922465208747516,2.415506958250497
NAA38,0.294234592445328,0.2047713717693837,2.2604373757455267
NAA50,0.5149105367793241,0.061630218687872766,2.900596421471173
NAB1,0.584493041749503,0.011928429423459244,3.1153081510934393
NAB2,0.5646123260437376,0.03777335984095427,3.198807157057654
NABP1,0.5825049701789264,0.011928429423459244,3.1192842942345926
NABP2,0.5606361829025845,0.03777335984095427,3.125248508946322
NACA,0.562624254473161,0.03777335984095427,3.1610337972167
NACA2,0.6381709741550696,0.007952286282306162,3.4493041749502984
NACAD,0.6858846918489065,0.02385685884691849,3.8190854870775346
NACC1,0.3061630218687873,0.15308151093439365,2.3121272365805168
NADK,0.5268389662027833,0.0536779324055666,2.9463220675944335
NADK2,0.7375745526838966,0.009940357852882704,4.459244532803181
NADSYN1,0.614314115308151,0.015904572564612324,3.2027833001988073
NAE1,0.4831013916500994,0.06958250497017893,2.852882703777336
NAF1,0.415506958250497,0.061630218687872766,2.6302186878727634
NAGA,0.4115308151093439,0.1172962226640159,2.594433399602386
NAGK,0.5904572564612326,0.015904572564612324,3.168986083499006
NAGLU,0.6123260437375746,0.02186878727634195,3.2664015904572565
NAGPA,0.5765407554671969,0.039761431411530816,3.1232604373757455
NAIF1,0.3856858846918489,0.09741550695825049,2.518886679920477
NAIP,0.3996023856858847,0.1073558648111332,2.618290258449304
NAMPT,0.6421471172962226,0.039761431411530816,3.4174950298210733
NANOG,0.49105367793240556,0.09940357852882704,2.988071570576541
NANOS1,0.4731610337972167,0.0775347912524851,2.731610337972167
NANOS2,0.4572564612326044,0.10337972166998012,2.779324055666004
NANOS3,0.3061630218687873,0.15705765407554673,2.304174950298211
NANS,0.3538767395626243,0.12127236580516898,2.429423459244533
NAP1L1,0.5228628230616302,0.06560636182902585,2.9860834990059644
NAP1L4,0.4691848906560636,0.06759443339960239,2.7634194831013916
NAPA,0.4294234592445328,0.1172962226640159,2.640159045725646
NAPB,0.5646123260437376,0.07554671968190854,3.168986083499006
NAPEPLD,0.6381709741550696,0.03777335984095427,3.4353876739562623
NAPG,0.4691848906560636,0.08548707753479125,2.878727634194831
NAPRT,0.7017892644135189,0.02186878727634195,4.039761431411531
NAPSA,0.43141153081510936,0.10934393638170974,2.6540755467196817
NARS2,0.6063618290258449,0.019880715705765408,3.3439363817097414
NASP,0.5427435387673957,0.03180914512922465,2.996023856858847
NAT10,0.5089463220675944,0.0536779324055666,2.9065606361829026
NAT2,0.31610337972166996,0.2644135188866799,2.320079522862823
NAT8,0.588469184890656,0.019880715705765408,3.1530815109343937
NAT8L,0.48906560636182905,0.0636182902584493,2.8548707753479126
NAV1,0.7713717693836978,0.0019880715705765406,4.013916500994036
NAXE,0.7932405566600398,0.0019880715705765406,4.292246520874752
NBEA,0.30218687872763417,0.1610337972166998,2.3518886679920477
NBEAL2,0.33001988071570576,0.13916500994035785,2.3737574552683895
NBN,0.679920477137177,0.019880715705765408,3.99403578528827
NCALD,0.7077534791252486,0.013916500994035786,4.069582504970179
NCAM1,0.5208747514910537,0.07157057654075547,2.9065606361829026
NCAN,0.35785288270377735,0.12127236580516898,2.514910536779324
NCAPD2,0.49502982107355864,0.09542743538767395,2.9900596421471173
NCAPD3,0.5208747514910537,0.06560636182902585,2.944333996023857
NCAPG,0.5009940357852882,0.0536779324055666,2.89065606361829
NCAPG2,0.6401590457256461,0.033797216699801194,3.4035785288270377
NCAPH,0.5964214711729622,0.005964214711729622,3.2405566600397613
NCAPH2,0.36779324055666,0.15308151093439365,2.4870775347912524
NCBP1,0.3518886679920477,0.12127236580516898,2.4194831013916502
NCBP2,0.5188866799204771,0.08548707753479125,2.99403578528827
NCEH1,0.5546719681908548,0.04771371769383698,3.1809145129224654
NCF1,0.6421471172962226,0.03777335984095427,3.3300198807157058
NCF2,0.7673956262425448,0.005964214711729622,4.023856858846918
NCF4,0.40159045725646125,0.12922465208747516,2.5904572564612325
NCK1,0.5347912524850894,0.055666003976143144,2.99403578528827
NCK2,0.584493041749503,0.005964214711729622,3.147117296222664
NCKAP1,0.5864811133200796,0.009940357852882704,3.1630218687872764
NCKAP1L,0.5526838966202783,0.0437375745526839,3.0715705765407555
NCKIPSD,0.3220675944333996,0.1411530815109344,2.3658051689860833
NCL,0.5666003976143141,0.02186878727634195,3.021868787276342
NCLN,0.30019880715705766,0.16898608349900596,2.298210735586481
NCOA1,0.5924453280318092,0.013916500994035786,3.168986083499006
NCOA2,0.6620278330019881,0.02385685884691849,3.8389662027833
NCOA3,0.588469184890656,0.0437375745526839,3.337972166998012
NCOA4,0.5089463220675944,0.05765407554671968,2.8608349900596424
NCOA5,0.5745526838966203,0.04771371769383698,3.20675944333996
NCOA6,0.6063618290258449,0.027833001988071572,3.3061630218687874
NCOA7,0.3260437375745527,0.16302186878727634,2.4095427435387675
NCOR1,0.3220675944333996,0.1908548707753479,2.3518886679920477
NCOR2,0.5268389662027833,0.07554671968190854,2.926441351888668
NCR1,0.4532803180914513,0.09542743538767395,2.743538767395626
NCR2,0.5984095427435387,0.02982107355864811,3.3578528827037775
NCR3,0.5964214711729622,0.033797216699801194,3.262425447316103
NCR3LG1,0.49105367793240556,0.05765407554671968,2.8369781312127236
NCS1,0.3956262425447316,0.09542743538767395,2.530815109343936
NCSTN,0.7813121272365805,0.0019880715705765406,4.250497017892644
NDC1,0.5188866799204771,0.04572564612326044,2.9125248508946324
NDC80,0.4990059642147117,0.0874751491053678,3.0278330019880717
NDE1,0.584493041749503,0.039761431411530816,3.1491053677932404
NDEL1,0.2962226640159046,0.20874751491053678,2.2664015904572565
NDFIP1,0.4135188866799205,0.09542743538767395,2.679920477137177
NDOR1,0.40556660039761433,0.09741550695825049,2.5785288270377733
NDRG1,0.7137176938369781,0.019880715705765408,4.208747514910537
NDRG2,0.5427435387673957,0.06560636182902585,3.073558648111332
NDRG3,0.5944333996023857,0.03180914512922465,3.2783300198807157
NDST1,0.4234592445328032,0.09741550695825049,2.7335984095427435
NDST2,0.4731610337972167,0.06958250497017893,2.775347912524851
NDUFA1,0.30019880715705766,0.2524850894632207,2.3359840954274356
NDUFA10,0.5666003976143141,0.027833001988071572,3.091451292246521
NDUFA11,0.3081510934393638,0.16500994035785288,2.286282306163022
NDUFA12,0.5089463220675944,0.06560636182902585,2.89662027833002
NDUFA13,0.36182902584493043,0.12127236580516898,2.518886679920477
NDUFA2,0.415506958250497,0.09940357852882704,2.6660039761431413
NDUFA3,0.44930417495029823,0.09741550695825049,2.7037773359840953
NDUFA4,0.6858846918489065,0.02385685884691849,3.8807157057654074
NDUFA5,0.6341948310139165,0.041749502982107355,3.3459244532803183
NDUFA6,0.4115308151093439,0.1172962226640159,2.594433399602386
NDUFA7,0.3081510934393638,0.1550695825049702,2.298210735586481
NDUFA8,0.3836978131212724,0.09741550695825049,2.5288270377733597
NDUFA9,0.49105367793240556,0.09741550695825049,2.988071570576541
NDUFAB1,0.5904572564612326,0.039761431411530816,3.143141153081511
NDUFAF1,0.32803180914512925,0.16699801192842942,2.31610337972167
NDUFAF2,0.4274353876739563,0.09741550695825049,2.719681908548708
NDUFAF3,0.32007952286282304,0.1411530815109344,2.3618290258449304
NDUFAF4,0.3121272365805169,0.15904572564612326,2.3479125248508947
NDUFAF5,0.5288270377733598,0.09542743538767395,3.0238568588469183
NDUFAF6,0.6958250497017893,0.015904572564612324,3.9900596421471173
NDUFAF7,0.5924453280318092,0.013916500994035786,3.2047713717693838
NDUFB1,0.4990059642147117,0.07554671968190854,2.868787276341948
NDUFB10,0.5646123260437376,0.0437375745526839,3.1192842942345926
NDUFB11,0.2544731610337972,0.31411530815109345,2.234592445328032
NDUFB2,0.6322067594433399,0.027833001988071572,3.393638170974155
NDUFB3,0.5765407554671969,0.015904572564612324,3.1113320079522864
NDUFB4,0.5188866799204771,0.061630218687872766,2.904572564612326
NDUFB5,0.5387673956262425,0.05765407554671968,3.069582504970179
NDUFB6,0.3996023856858847,0.1411530815109344,2.6341948310139167
NDUFB7,0.31809145129224653,0.15308151093439365,2.3359840954274356
NDUFB8,0.46123260437375746,0.07554671968190854,2.7236580516898607
NDUFB9,0.7335984095427436,0.015904572564612324,4.347912524850894
NDUFC1,0.4294234592445328,0.0536779324055666,2.6898608349900597
NDUFC2,0.6083499005964215,0.019880715705765408,3.3518886679920477
NDUFS2,0.7852882703777336,0.0019880715705765406,4.244532803180914
NDUFS3,0.5308151093439364,0.039761431411530816,2.9502982107355864
NDUFS4,0.4711729622266402,0.08946322067594434,2.926441351888668
NDUFS5,0.5506958250497018,0.033797216699801194,3.021868787276342
NDUFS6,0.7713717693836978,0.011928429423459244,4.68986083499006
NDUFS7,0.30417495029821073,0.16500994035785288,2.2922465208747513
NDUFS8,0.6222664015904572,0.013916500994035786,3.2485089463220675
NDUFV1,0.6202783300198808,0.013916500994035786,3.2584493041749503
NDUFV2,0.47912524850894633,0.0874751491053678,2.9224652087475147
NDUFV3,0.4433399602385686,0.07952286282306163,2.761431411530815
NECAP1,0.48906560636182905,0.09741550695825049,2.9681908548707754
NECAP2,0.5029821073558648,0.06759443339960239,2.8886679920477136
NECTIN1,0.5268389662027833,0.0636182902584493,2.9582504970178927
NECTIN2,0.4970178926441352,0.07554671968190854,2.9224652087475147
NECTIN3,0.5168986083499006,0.05964214711729622,2.8986083499005963
NECTIN4,0.7852882703777336,0.0019880715705765406,4.246520874751491
NEDD1,0.510934393638171,0.06560636182902585,2.904572564612326
NEDD4,0.3658051689860835,0.13717693836978131,2.4731610337972167
NEDD4L,0.3399602385685885,0.21073558648111332,2.389662027833002
NEDD8,0.5546719681908548,0.06759443339960239,3.113320079522863
NEDD9,0.6083499005964215,0.03180914512922465,3.2544731610337974
NEFL,0.3101391650099404,0.2584493041749503,2.2842942345924455
NEFM,0.3101391650099404,0.2584493041749503,2.2842942345924455
NEGR1,0.5049701789264414,0.05765407554671968,2.8489065606361827
NEIL1,0.3797216699801193,0.1172962226640159,2.502982107355865
NEIL2,0.3320079522862823,0.2624254473161034,2.36779324055666
NEIL3,0.40755467196819084,0.08946322067594434,2.5785288270377733
NEK2,0.757455268389662,0.005964214711729622,3.9542743538767398
NEK6,0.38767395626242546,0.09940357852882704,2.530815109343936
NEK7,0.7693836978131213,0.003976143141153081,4.00596421471173
NEK8,0.5984095427435387,0.02584493041749503,3.1749502982107356
NEK9,0.4870775347912525,0.07554671968190854,2.8588469184890655
NELFA,0.48906560636182905,0.0636182902584493,2.8548707753479126
NELFB,0.40556660039761433,0.09741550695825049,2.5785288270377733
NELFCD,0.6282306163021869,0.02385685884691849,3.6262425447316105
NELFE,0.6023856858846919,0.033797216699801194,3.272365805168986
NELL1,0.49502982107355864,0.0536779324055666,2.834990059642147
NELL2,0.5308151093439364,0.061630218687872766,2.9741550695825048
NEMF,0.5467196819085487,0.04771371769383698,3.1391650099403576
NEMP1,0.5646123260437376,0.03777335984095427,3.198807157057654
NEO1,0.3836978131212724,0.11928429423459244,2.514910536779324
NEPRO,0.5149105367793241,0.061630218687872766,2.8986083499005963
NES,0.7892644135188867,0.0019880715705765406,4.284294234592445
NET1,0.5228628230616302,0.05765407554671968,2.9920477137176937
NEU1,0.6023856858846919,0.033797216699801194,3.2664015904572565
NEU2,0.5705765407554672,0.02584493041749503,3.021868787276342
NEU3,0.6003976143141153,0.019880715705765408,3.1888667992047712
NEU4,0.562624254473161,0.03180914512922465,3.0
NEURL1,0.46520874751491054,0.08151093439363817,2.719681908548708
NEURL2,0.5745526838966203,0.04771371769383698,3.2007952286282304
NEUROD1,0.5864811133200796,0.009940357852882704,3.1789264413518885
NEUROD4,0.5526838966202783,0.041749502982107355,3.0755467196819084
NEUROG2,0.42147117296222664,0.0536779324055666,2.6520874751491053
NEUROG3,0.4831013916500994,0.06560636182902585,2.7992047713717696
NF1,0.5904572564612326,0.03578528827037773,3.1530815109343937
NF2,0.3996023856858847,0.12127236580516898,2.592445328031809
NFAM1,0.4115308151093439,0.12326043737574553,2.584493041749503
NFASC,0.7693836978131213,0.0019880715705765406,4.047713717693837
NFATC1,0.3538767395626243,0.20675944333996024,2.4254473161033796
NFATC2,0.6023856858846919,0.033797216699801194,3.363817097415507
NFATC2IP,0.6083499005964215,0.03180914512922465,3.2007952286282304
NFATC3,0.4850894632206759,0.06958250497017893,2.862823061630219
NFATC4,0.5546719681908548,0.0636182902584493,3.1113320079522864
NFE2,0.5546719681908548,0.0437375745526839,3.0755467196819084
NFE2L1,0.6361829025844931,0.011928429423459244,3.3658051689860833
NFE2L2,0.5944333996023857,0.009940357852882704,3.220675944333996
NFIA,0.5089463220675944,0.055666003976143144,2.8667992047713717
NFIB,0.34592445328031807,0.21073558648111332,2.4095427435387675
NFIC,0.30019880715705766,0.16898608349900596,2.298210735586481
NFIL3,0.3558648111332008,0.12326043737574553,2.451292246520875
NFIX,0.3061630218687873,0.15308151093439365,2.3061630218687874
NFKB1,0.43538767395626243,0.04970178926441352,2.667992047713718
NFKB2,0.46123260437375746,0.07554671968190854,2.713717693836978
NFKBIA,0.6302186878727635,0.041749502982107355,4.157057654075547
NFKBIB,0.536779324055666,0.073558648111332,3.1332007952286283
NFKBIE,0.5944333996023857,0.02982107355864811,3.332007952286282
NFKBIZ,0.510934393638171,0.05765407554671968,2.900596421471173
NFRKB,0.5268389662027833,0.06759443339960239,2.9681908548707754
NFS1,0.6182902584493042,0.02186878727634195,3.371769383697813
NFU1,0.5904572564612326,0.015904572564612324,3.1530815109343937
NFX1,0.40159045725646125,0.12127236580516898,2.622266401590457
NFYA,0.5984095427435387,0.02982107355864811,3.353876739562624
NFYB,0.5129224652087475,0.07554671968190854,2.886679920477137
NFYC,0.5526838966202783,0.02982107355864811,3.055666003976143
NGB,0.49105367793240556,0.07952286282306163,2.8489065606361827
NGDN,0.5546719681908548,0.06759443339960239,3.1669980119284293
NGEF,0.5705765407554672,0.02584493041749503,3.021868787276342
NGF,0.43737574552683894,0.09343936381709742,2.691848906560636
NGFR,0.6341948310139165,0.011928429423459244,3.3956262425447314
NGLY1,0.3499005964214712,0.13518886679920478,2.411530815109344
NGRN,0.40556660039761433,0.10536779324055666,2.5984095427435387
NHEJ1,0.5685884691848907,0.019880715705765408,3.0457256461232602
NHLRC1,0.5964214711729622,0.033797216699801194,3.228628230616302
NHLRC3,0.30417495029821073,0.1610337972166998,2.3479125248508947
NHP2,0.4552683896620278,0.08349900596421471,2.8548707753479126
NICN1,0.3220675944333996,0.1411530815109344,2.36779324055666
NID1,0.73558648111332,0.005964214711729622,3.900596421471173
NID2,0.5526838966202783,0.04771371769383698,3.1192842942345926
NIF3L1,0.5765407554671969,0.015904572564612324,3.1113320079522864
NIFK,0.584493041749503,0.007952286282306162,3.1749502982107356
NIN,0.5467196819085487,0.05168986083499006,3.1172962226640157
NINJ1,0.3499005964214712,0.12524850894632206,2.427435387673956
NINL,0.562624254473161,0.061630218687872766,3.137176938369781
NIP7,0.4850894632206759,0.06958250497017893,2.8648111332007953
NIPA1,0.3697813121272366,0.14910536779324055,2.485089463220676
NIPA2,0.3697813121272366,0.14910536779324055,2.5089463220675943
NIPAL4,0.43141153081510936,0.09343936381709742,2.743538767395626
NIPBL,0.7415506958250497,0.011928429423459244,4.449304174950298
NIPSNAP1,0.3996023856858847,0.12127236580516898,2.592445328031809
NIPSNAP3A,0.36381709741550694,0.10536779324055666,2.469184890656064
NKAIN4,0.6322067594433399,0.017892644135188866,3.6341948310139167
NKAP,0.30218687872763417,0.2524850894632207,2.3399602385685885
NKD1,0.5149105367793241,0.07554671968190854,2.9502982107355864
NKD2,0.7713717693836978,0.009940357852882704,4.753479125248509
NKG7,0.441351888667992,0.1073558648111332,2.673956262425447
NKTR,0.34393638170974156,0.12922465208747516,2.4095427435387675
NKX2-1,0.6421471172962226,0.0437375745526839,4.637450199203188
NKX2-2,0.5506958250497018,0.09145129224652088,3.0775347912524853
NKX2-5,0.46123260437375746,0.0874751491053678,2.8727634194831015
NKX3-1,0.3081510934393638,0.2624254473161034,2.3061630218687874
NKX3-2,0.5049701789264414,0.0536779324055666,2.8707753479125246
NKX6-1,0.441351888667992,0.04970178926441352,2.6640159045725644
NLE1,0.614314115308151,0.02385685884691849,3.220675944333996
NLGN1,0.5487077534791253,0.04970178926441352,3.1232604373757455
NLGN2,0.2982107355864811,0.20079522862823063,2.268389662027833
NLGN3,0.27236580516898606,0.2882703777335984,2.2485089463220675
NLGN4X,0.2286282306163022,0.3379721669980119,2.0795228628230618
NLK,0.5984095427435387,0.02982107355864811,3.1669980119284293
NLN,0.40556660039761433,0.10337972166998012,2.6481113320079523
NLRC3,0.5685884691848907,0.03777335984095427,3.121272365805169
NLRC4,0.584493041749503,0.015904572564612324,3.165009940357853
NLRC5,0.4970178926441352,0.07554671968190854,2.878727634194831
NLRP1,0.2882703777335984,0.20278330019880716,2.2604373757455267
NLRP12,0.44731610337972166,0.09741550695825049,2.6938369781312126
NLRP3,0.7435387673956262,0.005964214711729622,3.94234592445328
NLRP6,0.4671968190854871,0.06958250497017893,2.771371769383698
NLRP9,0.44930417495029823,0.09542743538767395,2.719681908548708
NLRX1,0.5347912524850894,0.05765407554671968,2.9741550695825048
NMB,0.3817097415506958,0.11530815109343936,2.5129224652087476
NMD3,0.5467196819085487,0.055666003976143144,3.0795228628230618
NME1,0.6302186878727635,0.007952286282306162,3.411530815109344
NME2,0.6302186878727635,0.007952286282306162,3.411530815109344
NME3,0.5646123260437376,0.0437375745526839,3.1172962226640157
NME4,0.5546719681908548,0.0437375745526839,3.10934393638171
NME6,0.3260437375745527,0.13916500994035785,2.3737574552683895
NME7,0.7793240556660039,0.005964214711729622,4.0894632206759445
NME8,0.6918489065606361,0.02385685884691849,3.827037773359841
NMI,0.5785288270377733,0.011928429423459244,3.1192842942345926
NMNAT1,0.5168986083499006,0.06560636182902585,2.89662027833002
NMNAT2,0.7673956262425448,0.005964214711729622,4.025844930417495
NMNAT3,0.532803180914513,0.05765407554671968,2.996023856858847
NMRAL1,0.5765407554671969,0.03777335984095427,3.131212723658052
NMT1,0.6123260437375746,0.017892644135188866,3.286282306163022
NMT2,0.5188866799204771,0.0536779324055666,2.966202783300199
NMU,0.5029821073558648,0.04970178926441352,2.9105367793240555
NMUR2,0.42147117296222664,0.09741550695825049,2.7236580516898607
NNMT,0.5188866799204771,0.073558648111332,2.892644135188867
NNT,0.7157057654075547,0.013916500994035786,4.3021868787276345
NOA1,0.4970178926441352,0.04771371769383698,2.886679920477137
NOB1,0.4831013916500994,0.07157057654075547,2.8508946322067596
NOC2L,0.5268389662027833,0.05168986083499006,2.94831013916501
NOC3L,0.46520874751491054,0.07952286282306163,2.7176938369781314
NOC4L,0.5248508946322068,0.07554671968190854,2.926441351888668
NOCT,0.4294234592445328,0.0536779324055666,2.6858846918489068
NOD1,0.6958250497017893,0.02584493041749503,3.8369781312127236
NOD2,0.5149105367793241,0.073558648111332,2.9741550695825048
NODAL,0.4831013916500994,0.06560636182902585,2.78727634194831
NOG,0.6341948310139165,0.011928429423459244,3.3916500994035785
NOL10,0.5765407554671969,0.017892644135188866,3.143141153081511
NOL11,0.6540755467196819,0.005964214711729622,3.497017892644135
NOL12,0.4115308151093439,0.1272365805168986,2.6143141153081513
NOL3,0.48111332007952284,0.07157057654075547,2.8489065606361827
NOL6,0.40159045725646125,0.12127236580516898,2.63220675944334
NOL7,0.6023856858846919,0.033797216699801194,3.2763419483101393
NOL8,0.3499005964214712,0.12524850894632206,2.427435387673956
NOL9,0.5129224652087475,0.0636182902584493,2.8986083499005963
NOLC1,0.4592445328031809,0.0775347912524851,2.709741550695825
NOM1,0.6401590457256461,0.03180914512922465,3.4035785288270377
NOMO2,0.584493041749503,0.0437375745526839,3.1113320079522864
NOMO3,0.584493041749503,0.039761431411530816,3.1391650099403576
NONO,0.27037773359840955,0.2882703777335984,2.246520874751491
NOP10,0.3320079522862823,0.1610337972166998,2.3518886679920477
NOP14,0.4870775347912525,0.06560636182902585,2.834990059642147
NOP16,0.4572564612326044,0.08349900596421471,2.8648111332007953
NOP2,0.49502982107355864,0.09542743538767395,2.9900596421471173
NOP53,0.4254473161033797,0.1172962226640159,2.63220675944334
NOP56,0.510934393638171,0.09741550695825049,2.944333996023857
NOP58,0.5765407554671969,0.015904572564612324,3.099403578528827
NOS1,0.5268389662027833,0.07157057654075547,2.9403578528827037
NOS2,0.5964214711729622,0.033797216699801194,3.234592445328032
NOS3,0.6401590457256461,0.03180914512922465,3.3956262425447314
NOSIP,0.4254473161033797,0.11332007952286283,2.644135188866799
NOSTRIN,0.5924453280318092,0.013916500994035786,3.1669980119284293
NOTCH2,0.47912524850894633,0.0775347912524851,2.827037773359841
NOTCH3,0.3260437375745527,0.14314115308151093,2.3658051689860833
NOTCH4,0.6023856858846919,0.03180914512922465,3.2783300198807157
NOTUM,0.6500994035785288,0.005964214711729622,3.462151394422311
NOX1,0.294234592445328,0.28429423459244535,2.3001988071570576
NOX4,0.5864811133200796,0.02982107355864811,3.10934393638171
NOX5,0.3817097415506958,0.12127236580516898,2.485089463220676
NOXA1,0.40556660039761433,0.09741550695825049,2.5785288270377733
NOXO1,0.5646123260437376,0.041749502982107355,3.121272365805169
NPAS2,0.584493041749503,0.005964214711729622,3.1789264413518885
NPB,0.6520874751491054,0.005964214711729622,3.4612326043737576
NPBWR2,0.6381709741550696,0.02385685884691849,3.6699801192842942
NPC1,0.4731610337972167,0.09940357852882704,2.9125248508946324
NPC1L1,0.6858846918489065,0.02385685884691849,3.8250497017892644
NPC2,0.4870775347912525,0.0775347912524851,2.856858846918489
NPDC1,0.40556660039761433,0.09741550695825049,2.5785288270377733
NPEPL1,0.6341948310139165,0.02385685884691849,3.640159045725646
NPFF,0.5546719681908548,0.041749502982107355,3.069582504970179
NPFFR1,0.48111332007952284,0.06560636182902585,2.7912524850894633
NPFFR2,0.4671968190854871,0.04771371769383698,2.8131212723658052
NPHP1,0.5825049701789264,0.007952286282306162,3.165009940357853
NPHP3,0.5308151093439364,0.05964214711729622,2.966202783300199
NPHP4,0.5089463220675944,0.0636182902584493,2.8827037773359843
NPHS1,0.5566600397614314,0.055666003976143144,3.2584493041749503
NPHS2,0.7693836978131213,0.003976143141153081,4.031809145129225
NPL,0.7673956262425448,0.005964214711729622,4.023856858846918
NPLOC4,0.6500994035785288,0.005964214711729622,3.459244532803181
NPM1,0.46123260437375746,0.0874751491053678,2.89662027833002
NPM2,0.3101391650099404,0.26043737574552683,2.2942345924453282
NPM3,0.4592445328031809,0.0775347912524851,2.709741550695825
NPNT,0.4294234592445328,0.0536779324055666,2.667992047713718
NPPA,0.510934393638171,0.061630218687872766,2.89065606361829
NPPB,0.510934393638171,0.061630218687872766,2.89065606361829
NPPC,0.5705765407554672,0.02186878727634195,3.0318091451292246
NPR1,0.7972166998011928,0.0019880715705765406,4.385685884691849
NPRL2,0.3220675944333996,0.13916500994035785,2.3697813121272366
NPSR1,0.6958250497017893,0.02584493041749503,3.8131212723658052
NPTN,0.3817097415506958,0.11928429423459244,2.514910536779324
NPY,0.6898608349900597,0.02385685884691849,3.8707753479125246
NPY1R,0.415506958250497,0.061630218687872766,2.6302186878727634
NPY2R,0.4294234592445328,0.0636182902584493,2.709741550695825
NQO1,0.4850894632206759,0.07157057654075547,2.8548707753479126
NR0B1,0.2286282306163022,0.34393638170974156,2.0834990059642147
NR0B2,0.48111332007952284,0.06759443339960239,2.806772908366534
NR1D1,0.6163021868787276,0.019880715705765408,3.3220675944333995
NR1D2,0.3518886679920477,0.1312127236580517,2.4174950298210733
NR1H2,0.43141153081510936,0.10934393638170974,2.6540755467196817
NR1H3,0.532803180914513,0.041749502982107355,2.9502982107355864
NR1H4,0.5129224652087475,0.06560636182902585,2.89662027833002
NR1I2,0.5188866799204771,0.061630218687872766,2.9025844930417497
NR1I3,0.7852882703777336,0.0019880715705765406,4.230616302186879
NR2C1,0.510934393638171,0.0636182902584493,2.9065606361829026
NR2C2,0.3558648111332008,0.12326043737574553,2.4552683896620278
NR2C2AP,0.3558648111332008,0.12326043737574553,2.5049701789264414
NR2E1,0.3061630218687873,0.15904572564612326,2.377733598409543
NR2E3,0.3856858846918489,0.11928429423459244,2.5129224652087476
NR2F1,0.3976143141153082,0.11133200795228629,2.6202783300198806
NR2F2,0.4294234592445328,0.10139165009940358,2.6143141153081513
NR2F6,0.34592445328031807,0.13916500994035785,2.4135188866799204
NR3C1,0.42147117296222664,0.09741550695825049,2.697813121272366
NR3C2,0.43538767395626243,0.0536779324055666,2.6998011928429424
NR4A1,0.5487077534791253,0.04572564612326044,3.029821073558648
NR4A2,0.588469184890656,0.009940357852882704,3.1530815109343937
NR4A3,0.3558648111332008,0.1172962226640159,2.445328031809145
NR5A1,0.38767395626242546,0.09940357852882704,2.5268389662027833
NR5A2,0.7733598409542743,0.0019880715705765406,4.0178926441351885
NR6A1,0.38767395626242546,0.09940357852882704,2.5268389662027833
NRAS,0.43538767395626243,0.09343936381709742,2.68389662027833
NRBF2,0.4850894632206759,0.06560636182902585,2.8111332007952288
NRBP1,0.5944333996023857,0.013916500994035786,3.1868787276341948
NRCAM,0.6361829025844931,0.03777335984095427,3.405566600397614
NRF1,0.6421471172962226,0.02982107355864811,3.411530815109344
NRG1,0.3399602385685885,0.23856858846918488,2.377733598409543
NRG2,0.415506958250497,0.10139165009940358,2.662027833001988
NRG3,0.4671968190854871,0.07554671968190854,2.7554671968190854
NRG4,0.3797216699801193,0.11530815109343936,2.5049701789264414
NRIP1,0.44532803180914515,0.09542743538767395,2.8330019880715707
NRL,0.5546719681908548,0.06759443339960239,3.1113320079522864
NRN1,0.6083499005964215,0.03180914512922465,3.298210735586481
NRN1L,0.4850894632206759,0.07157057654075547,2.8548707753479126
NRP1,0.558648111332008,0.03777335984095427,3.0974155069582503
NRP2,0.5745526838966203,0.019880715705765408,3.0934393638170974
NRXN1,0.5904572564612326,0.013916500994035786,3.220675944333996
NRXN3,0.49304174950298213,0.08151093439363817,2.8508946322067596
NSA2,0.3996023856858847,0.1073558648111332,2.622266401590457
NSD2,0.48906560636182905,0.0636182902584493,2.8548707753479126
NSD3,0.4532803180914513,0.15705765407554673,3.085487077534791
NSDHL,0.33399602385685884,0.220675944333996,2.4990059642147116
NSF,0.6222664015904572,0.015904572564612324,3.353876739562624
NSFL1C,0.5049701789264414,0.09741550695825049,2.9403578528827037
NSL1,0.7495029821073559,0.005964214711729622,3.9284294234592445
NSMAF,0.6461232604373758,0.02584493041749503,3.7733598409542743
NSMCE1,0.5984095427435387,0.03180914512922465,3.1709741550695827
NSMCE2,0.731610337972167,0.015904572564612324,4.351888667992048
NSMCE3,0.3359840954274354,0.16699801192842942,2.353876739562624
NSMCE4A,0.47514910536779326,0.0775347912524851,2.7634194831013916
NSUN2,0.7534791252485089,0.011928429423459244,4.550695825049702
NSUN4,0.5427435387673957,0.033797216699801194,2.982107355864811
NT5C,0.6540755467196819,0.009940357852882704,3.4771371769383697
NT5C1A,0.5546719681908548,0.033797216699801194,3.0596421471172963
NT5C1B,0.5825049701789264,0.015904572564612324,3.1570576540755466
NT5C2,0.46322067594433397,0.07952286282306163,2.713717693836978
NT5E,0.3220675944333996,0.15308151093439365,2.389662027833002
NTAN1,0.588469184890656,0.039761431411530816,3.1530815109343937
NTF3,0.49105367793240556,0.09940357852882704,2.9860834990059644
NTF4,0.4254473161033797,0.11332007952286283,2.6481113320079523
NTHL1,0.5666003976143141,0.039761431411530816,3.125248508946322
NTM,0.5168986083499006,0.06560636182902585,2.9383697813121272
NTMT1,0.39363817097415504,0.09940357852882704,2.5228628230616303
NTN1,0.2962226640159046,0.20874751491053678,2.2544731610337974
NTN4,0.5149105367793241,0.0636182902584493,2.914512922465209
NTNG1,0.43141153081510936,0.09343936381709742,2.6660039761431413
NTNG2,0.39363817097415504,0.10139165009940358,2.532803180914513
NTPCR,0.7335984095427436,0.005964214711729622,3.89662027833002
NTRK1,0.7852882703777336,0.0019880715705765406,4.246520874751491
NTRK2,0.3499005964214712,0.1272365805168986,2.407554671968191
NTS,0.5168986083499006,0.06759443339960239,2.9224652087475147
NTSR1,0.6282306163021869,0.017892644135188866,3.6123260437375744
NUAK1,0.5129224652087475,0.07554671968190854,2.8727634194831015
NUB1,0.6381709741550696,0.02982107355864811,3.405566600397614
NUBP1,0.5964214711729622,0.033797216699801194,3.190854870775348
NUBP2,0.5666003976143141,0.0437375745526839,3.121272365805169
NUBPL,0.5944333996023857,0.04572564612326044,3.572564612326044
NUCB1,0.4234592445328032,0.11332007952286283,2.6381709741550696
NUCKS1,0.7634194831013916,0.005964214711729622,4.0
NUDC,0.48111332007952284,0.06958250497017893,2.8031809145129225
NUDT1,0.6819085487077535,0.02186878727634195,3.8667992047713717
NUDT12,0.40357852882703776,0.11332007952286283,2.618290258449304
NUDT14,0.4870775347912525,0.09343936381709742,2.84493041749503
NUDT16,0.532803180914513,0.061630218687872766,2.966202783300199
NUDT16L1,0.5765407554671969,0.03578528827037773,3.1332007952286283
NUDT19,0.5526838966202783,0.05765407554671968,3.242544731610338
NUDT2,0.3956262425447316,0.11530815109343936,2.6043737574552686
NUDT21,0.49304174950298213,0.07554671968190854,2.852882703777336
NUDT3,0.6023856858846919,0.02982107355864811,3.3061630218687874
NUDT5,0.5129224652087475,0.055666003976143144,2.9542743538767398
NUDT7,0.46520874751491054,0.0874751491053678,2.78727634194831
NUDT8,0.6202783300198808,0.013916500994035786,3.2584493041749503
NUDT9,0.4532803180914513,0.04771371769383698,2.697813121272366
NUF2,0.7813121272365805,0.003976143141153081,4.182902584493042
NUFIP1,0.3220675944333996,0.15904572564612326,2.3916500994035785
NUFIP2,0.6003976143141153,0.027833001988071572,3.1888667992047712
NUMA1,0.6063618290258449,0.017892644135188866,3.1809145129224654
NUMB,0.48906560636182905,0.07157057654075547,2.856858846918489
NUMBL,0.5168986083499006,0.073558648111332,3.039761431411531
NUP107,0.5765407554671969,0.03578528827037773,3.6600397614314115
NUP133,0.7415506958250497,0.0019880715705765406,3.9105367793240555
NUP153,0.5964214711729622,0.033797216699801194,3.220675944333996
NUP155,0.7395626242544732,0.011928429423459244,4.433399602385686
NUP160,0.532803180914513,0.039761431411530816,2.952286282306163
NUP188,0.39165009940357853,0.09940357852882704,2.520874751491054
NUP205,0.6322067594433399,0.02982107355864811,3.3658051689860833
NUP210,0.3538767395626243,0.12524850894632206,2.451292246520875
NUP214,0.39165009940357853,0.09940357852882704,2.536779324055666
NUP37,0.5149105367793241,0.06560636182902585,2.8986083499005963
NUP43,0.32007952286282304,0.15308151093439365,2.405566600397614
NUP50,0.39165009940357853,0.1411530815109344,2.518886679920477
NUP54,0.46520874751491054,0.04970178926441352,2.779324055666004
NUP58,0.294234592445328,0.1709741550695825,2.2882703777335984
NUP62,0.4254473161033797,0.10934393638170974,2.640159045725646
NUP62CL,0.29025844930417494,0.27634194831013914,2.2922465208747513
NUP85,0.6560636182902585,0.009940357852882704,3.481113320079523
NUP88,0.29025844930417494,0.2047713717693837,2.2604373757455267
NUP93,0.4970178926441352,0.07554671968190854,2.8648111332007953
NUP98,0.4731610337972167,0.06560636182902585,2.775347912524851
NUSAP1,0.3260437375745527,0.16699801192842942,2.3141153081510932
NUTF2,0.4850894632206759,0.07157057654075547,2.8548707753479126
NVL,0.7534791252485089,0.0019880715705765406,3.9383697813121272
NXF1,0.5705765407554672,0.02584493041749503,3.033797216699801
NXF2,0.29025844930417494,0.28429423459244535,2.2922465208747513
NXF3,0.29025844930417494,0.28429423459244535,2.2882703777335984
NXPH3,0.6341948310139165,0.011928429423459244,3.3916500994035785
NXT1,0.562624254473161,0.0775347912524851,3.165009940357853
NXT2,0.2962226640159046,0.27037773359840955,2.308151093439364
OAS1,0.5188866799204771,0.073558648111332,2.900596421471173
OAS2,0.5188866799204771,0.073558648111332,2.900596421471173
OAS3,0.5188866799204771,0.073558648111332,2.900596421471173
OASL,0.5268389662027833,0.07554671968190854,2.918489065606362
OAT,0.47912524850894633,0.073558648111332,2.761431411530815
OAZ1,0.30218687872763417,0.16699801192842942,2.2828685258964145
OAZ2,0.3697813121272366,0.12326043737574553,2.4870775347912524
OAZ3,0.7932405566600398,0.0019880715705765406,4.41948310139165
OBSCN,0.7475149105367793,0.0019880715705765406,3.918489065606362
OBSL1,0.5685884691848907,0.019880715705765408,3.0457256461232602
OCA2,0.341948310139165,0.1610337972166998,2.3697813121272366
OCLN,0.3996023856858847,0.1073558648111332,2.6202783300198806
OCRL,0.31610337972166996,0.2504970178926441,2.371769383697813
ODF1,0.705765407554672,0.013916500994035786,4.057654075546719
ODF2,0.38767395626242546,0.09741550695825049,2.518886679920477
OFD1,0.23856858846918488,0.3399602385685885,2.091451292246521
OGA,0.4592445328031809,0.0775347912524851,2.709741550695825
OGDH,0.6858846918489065,0.02385685884691849,3.8210735586481115
OGDHL,0.49105367793240556,0.06759443339960239,2.8330019880715707
OGG1,0.3658051689860835,0.12326043737574553,2.4910536779324057
OGN,0.3499005964214712,0.12524850894632206,2.427435387673956
OGT,0.27037773359840955,0.29025844930417494,2.2445328031809146
OIP5,0.3260437375745527,0.16699801192842942,2.3141153081510932
OLA1,0.5924453280318092,0.009940357852882704,3.182902584493042
OLFM4,0.3399602385685885,0.15109343936381708,2.4433399602385686
OLIG1,0.4552683896620278,0.06759443339960239,2.7972166998011927
OLIG2,0.4552683896620278,0.06958250497017893,2.7952286282306162
OLR1,0.47912524850894633,0.1073558648111332,2.9165009940357853
OMA1,0.5049701789264414,0.04970178926441352,2.8846918489065607
OMG,0.5904572564612326,0.03578528827037773,3.1530815109343937
ONECUT1,0.35984095427435386,0.13320079522862824,2.411530815109344
ONECUT2,0.3399602385685885,0.21272365805168986,2.3836978131212723
ONECUT3,0.30218687872763417,0.16898608349900596,2.2783300198807157
OOEP,0.36381709741550694,0.13518886679920478,2.497017892644135
OPA1,0.5168986083499006,0.08151093439363817,2.9980119284294235
OPCML,0.5188866799204771,0.0636182902584493,2.9343936381709743
OPHN1,0.27236580516898606,0.28429423459244535,2.2544731610337974
OPLAH,0.6938369781312127,0.02186878727634195,4.0178926441351885
OPN1LW,0.33399602385685884,0.21868787276341947,2.5049701789264414
OPN1SW,0.6361829025844931,0.033797216699801194,3.377733598409543
OPN4,0.46322067594433397,0.07952286282306163,2.7236580516898607
OPRD1,0.4990059642147117,0.061630218687872766,2.8489065606361827
OPRK1,0.6361829025844931,0.03578528827037773,3.6520874751491053
OPRL1,0.6381709741550696,0.02385685884691849,3.673956262425447
OPRM1,0.3240556660039761,0.15308151093439365,2.405566600397614
OPTN,0.5129224652087475,0.055666003976143144,2.9502982107355864
OR10AG1,0.5745526838966203,0.027833001988071572,3.0457256461232602
OR10J1,0.7813121272365805,0.0019880715705765406,4.230616302186879
OR2F2,0.6381709741550696,0.027833001988071572,3.399602385685885
OR2W3,0.7475149105367793,0.005964214711729622,3.9403578528827037
OR3A1,0.28628230616302186,0.20874751491053678,2.250497017892644
OR4N2,0.5427435387673957,0.073558648111332,3.0894632206759445
OR4X1,0.5407554671968191,0.039761431411530816,2.9761431411530817
OR51B6,0.4731610337972167,0.0636182902584493,2.775347912524851
OR51E1,0.4711729622266402,0.0636182902584493,2.7773359840954273
OR51E2,0.4711729622266402,0.0636182902584493,2.7773359840954273
OR51F2,0.4711729622266402,0.0636182902584493,2.7773359840954273
OR5F1,0.5745526838966203,0.027833001988071572,3.0457256461232602
OR7D4,0.3121272365805169,0.15705765407554673,2.308151093439364
OR7G3,0.3061630218687873,0.15705765407554673,2.298210735586481
ORAI2,0.6381709741550696,0.03777335984095427,3.4433399602385686
ORAI3,0.610337972166998,0.02584493041749503,3.2604373757455267
ORC1,0.5208747514910537,0.04572564612326044,2.9105367793240555
ORC2,0.5765407554671969,0.015904572564612324,3.1113320079522864
ORC3,0.32007952286282304,0.15904572564612326,2.3737574552683895
ORC4,0.5745526838966203,0.015904572564612324,3.0934393638170974
ORC5,0.6421471172962226,0.039761431411530816,3.405566600397614
ORC6,0.5347912524850894,0.06958250497017893,2.9860834990059644
ORM1,0.3856858846918489,0.09542743538767395,2.540755467196819
ORM2,0.3856858846918489,0.09542743538767395,2.540755467196819
ORMDL1,0.5825049701789264,0.011928429423459244,3.1192842942345926
ORMDL2,0.5526838966202783,0.041749502982107355,3.1053677932405566
ORMDL3,0.6222664015904572,0.019880715705765408,3.375745526838966
OS9,0.584493041749503,0.03578528827037773,3.566600397614314
OSBP,0.5685884691848907,0.02584493041749503,3.00596421471173
OSBP2,0.4115308151093439,0.1172962226640159,2.5864811133200796
OSBPL1A,0.46520874751491054,0.10536779324055666,2.89662027833002
OSBPL5,0.4711729622266402,0.06759443339960239,2.765407554671968
OSCAR,0.44930417495029823,0.09741550695825049,2.7037773359840953
OSGEPL1,0.5825049701789264,0.011928429423459244,3.1192842942345926
OSM,0.40755467196819084,0.11133200795228629,2.592445328031809
OSMR,0.7415506958250497,0.011928429423459244,4.417495029821073
OST4,0.5944333996023857,0.013916500994035786,3.1809145129224654
OSTC,0.4274353876739563,0.0536779324055666,2.6640159045725644
OSTM1,0.3061630218687873,0.15904572564612326,2.377733598409543
OTC,0.2345924453280318,0.32803180914512925,2.10934393638171
OTUB1,0.5765407554671969,0.02584493041749503,3.0596421471172963
OTUD5,0.25646123260437376,0.30417495029821073,2.2147117296222665
OTUD7A,0.3260437375745527,0.16898608349900596,2.3339960238568587
OTUD7B,0.7932405566600398,0.0019880715705765406,4.379721669980119
OTX2,0.5308151093439364,0.0536779324055666,3.0238568588469183
OVCA2,0.28628230616302186,0.20874751491053678,2.250497017892644
OVGP1,0.4294234592445328,0.09145129224652088,2.6520874751491053
OXA1L,0.5526838966202783,0.06560636182902585,3.1013916500994037
OXCT1,0.7296222664015904,0.015904572564612324,4.268389662027833
OXCT2,0.5546719681908548,0.03180914512922465,3.0636182902584492
OXER1,0.5944333996023857,0.013916500994035786,3.2147117296222665
OXNAD1,0.3499005964214712,0.12922465208747516,2.4373757455268388
OXSM,0.3499005964214712,0.13518886679920478,2.411530815109344
OXT,0.510934393638171,0.09741550695825049,2.9363817097415508
OXTR,0.36182902584493043,0.12127236580516898,2.475149105367793
P2RX1,0.294234592445328,0.20675944333996024,2.2703777335984094
P2RX2,0.5248508946322068,0.07554671968190854,2.9204771371769382
P2RX3,0.5685884691848907,0.027833001988071572,3.0159045725646125
P2RX4,0.5268389662027833,0.07554671968190854,2.918489065606362
P2RX5,0.2922465208747515,0.20675944333996024,2.262425447316103
P2RX6,0.4592445328031809,0.08946322067594434,2.8290258449304173
P2RX7,0.5268389662027833,0.07554671968190854,2.918489065606362
P2RY1,0.5407554671968191,0.0536779324055666,3.0536779324055665
P2RY12,0.5427435387673957,0.0536779324055666,3.047713717693837
P2RY13,0.5407554671968191,0.0536779324055666,3.0457256461232602
P2RY14,0.5407554671968191,0.0536779324055666,3.0457256461232602
P2RY2,0.6023856858846919,0.017892644135188866,3.2147117296222665
P2RY4,0.27037773359840955,0.2882703777335984,2.238568588469185
P2RY6,0.6023856858846919,0.017892644135188866,3.2147117296222665
P2RY8,0.40159045725646125,0.1908548707753479,2.6481113320079523
P3H2,0.532803180914513,0.073558648111332,3.0278330019880717
P3H3,0.49502982107355864,0.09343936381709742,3.0019880715705765
P4HA1,0.47713717693836977,0.06759443339960239,2.78727634194831
P4HA2,0.38966202783300197,0.11133200795228629,2.5785288270377733
P4HA3,0.5984095427435387,0.02186878727634195,3.224652087475149
P4HB,0.6500994035785288,0.005964214711729622,3.459244532803181
PA2G4,0.558648111332008,0.03777335984095427,3.121272365805169
PAAF1,0.5964214711729622,0.019880715705765408,3.220675944333996
PABPC1,0.7077534791252486,0.015904572564612324,4.155069582504971
PABPC3,0.2962226640159046,0.16898608349900596,2.2942345924453282
PABPC4,0.5546719681908548,0.033797216699801194,3.0715705765407555
PABPC5,0.28628230616302186,0.2823061630218688,2.2922465208747513
PABPN1,0.5566600397614314,0.06759443339960239,3.1749502982107356
PACS1,0.6063618290258449,0.019880715705765408,3.172962226640159
PACSIN1,0.6023856858846919,0.02982107355864811,3.3001988071570576
PACSIN2,0.40556660039761433,0.1272365805168986,2.572564612326044
PACSIN3,0.532803180914513,0.041749502982107355,2.9502982107355864
PADI2,0.5009940357852882,0.06958250497017893,2.8807157057654074
PAF1,0.532803180914513,0.07157057654075547,3.1332007952286283
PAFAH1B1,0.2882703777335984,0.21272365805168986,2.246520874751491
PAFAH1B2,0.5248508946322068,0.0636182902584493,2.94234592445328
PAFAH1B3,0.4990059642147117,0.073558648111332,2.8946322067594434
PAG1,0.6938369781312127,0.02186878727634195,4.2326043737574555
PAH,0.5149105367793241,0.06759443339960239,2.89662027833002
PAICS,0.4990059642147117,0.04970178926441352,2.8807157057654074
PAIP1,0.7176938369781312,0.013916500994035786,4.306163021868787
PAIP2,0.415506958250497,0.10337972166998012,2.6600397614314115
PAIP2B,0.588469184890656,0.015904572564612324,3.172962226640159
PAK1,0.6083499005964215,0.017892644135188866,3.308151093439364
PAK1IP1,0.610337972166998,0.03180914512922465,3.256461232604374
PAK2,0.5228628230616302,0.08548707753479125,2.9980119284294235
PAK3,0.30019880715705766,0.268389662027833,2.320079522862823
PAK4,0.532803180914513,0.073558648111332,3.107355864811133
PAK5,0.5168986083499006,0.09343936381709742,2.9980119284294235
PAK6,0.32803180914512925,0.16898608349900596,2.320079522862823
PALB2,0.5924453280318092,0.03777335984095427,3.147117296222664
PAM16,0.5765407554671969,0.03777335984095427,3.131212723658052
PAN2,0.5606361829025845,0.03777335984095427,3.125248508946322
PAN3,0.3061630218687873,0.16302186878727634,2.337972166998012
PANK1,0.4671968190854871,0.07952286282306163,2.725646123260437
PANK2,0.5129224652087475,0.09940357852882704,2.9463220675944335
PANK4,0.5248508946322068,0.05765407554671968,2.9343936381709743
PANX1,0.5685884691848907,0.041749502982107355,3.0775347912524853
PAOX,0.4711729622266402,0.08151093439363817,2.7415506958250497
PAPOLA,0.49105367793240556,0.08349900596421471,2.823061630218688
PAPOLB,0.68389662027833,0.02385685884691849,3.8667992047713717
PAPOLG,0.5924453280318092,0.013916500994035786,3.165009940357853
PAPPA,0.3836978131212724,0.09940357852882704,2.5526838966202785
PAPPA2,0.7733598409542743,0.003976143141153081,4.045725646123261
PAPSS1,0.4254473161033797,0.0536779324055666,2.658051689860835
PAPSS2,0.46322067594433397,0.08151093439363817,2.7117296222664016
PAQR3,0.4552683896620278,0.05168986083499006,2.765407554671968
PAQR5,0.3797216699801193,0.12326043737574553,2.4950298210735586
PAQR8,0.5825049701789264,0.03578528827037773,3.224652087475149
PARD3,0.5566600397614314,0.039761431411530816,3.095427435387674
PARD3B,0.5765407554671969,0.019880715705765408,3.099403578528827
PARD6A,0.4850894632206759,0.07157057654075547,2.8548707753479126
PARD6B,0.5944333996023857,0.039761431411530816,3.3578528827037775
PARD6G,0.3499005964214712,0.20675944333996024,2.411530815109344
PARG,0.49105367793240556,0.06759443339960239,2.8330019880715707
PARK7,0.5149105367793241,0.0636182902584493,2.9025844930417497
PARL,0.5288270377733598,0.06560636182902585,3.0457256461232602
PARN,0.5864811133200796,0.039761431411530816,3.143141153081511
PARP1,0.7495029821073559,0.0019880715705765406,3.9284294234592445
PARP12,0.6361829025844931,0.027833001988071572,3.399602385685885
PARP14,0.5208747514910537,0.061630218687872766,2.9244532803180916
PARP2,0.5447316103379721,0.06958250497017893,3.099403578528827
PARP3,0.32803180914512925,0.13717693836978131,2.381709741550696
PARP4,0.2982107355864811,0.1709741550695825,2.2942345924453282
PARP9,0.5208747514910537,0.061630218687872766,2.9244532803180916
PARPBP,0.5149105367793241,0.06560636182902585,2.8986083499005963
PARS2,0.5168986083499006,0.04572564612326044,2.9025844930417497
PARVA,0.4831013916500994,0.061630218687872766,2.94234592445328
PARVB,0.3996023856858847,0.1312127236580517,2.5506958250497016
PARVG,0.3976143141153082,0.1312127236580517,2.5447316103379722
PASD1,0.32803180914512925,0.22266401590457258,2.475149105367793
PASK,0.562624254473161,0.02982107355864811,3.0019880715705765
PATJ,0.5069582504970179,0.0536779324055666,2.8807157057654074
PATL1,0.5705765407554672,0.02385685884691849,3.003976143141153
PAWR,0.5168986083499006,0.0636182902584493,2.952286282306163
PAX2,0.46322067594433397,0.07554671968190854,2.727634194831014
PAX3,0.5705765407554672,0.02186878727634195,3.047713717693837
PAX4,0.6322067594433399,0.03777335984095427,3.324055666003976
PAX5,0.37773359840954274,0.1411530815109344,2.5347912524850895
PAX6,0.4990059642147117,0.04970178926441352,2.8846918489065607
PAX7,0.5009940357852882,0.06759443339960239,2.852882703777336
PAX8,0.588469184890656,0.007952286282306162,3.182902584493042
PAX9,0.6361829025844931,0.04572564612326044,4.556660039761431
PAXBP1,0.4532803180914513,0.073558648111332,2.7912524850894633
PAXIP1,0.6401590457256461,0.02982107355864811,3.4194831013916502
PBRM1,0.33001988071570576,0.13717693836978131,2.3916500994035785
PBX1,0.7793240556660039,0.005964214711729622,4.135188866799205
PBX2,0.6023856858846919,0.03180914512922465,3.2783300198807157
PBX3,0.38767395626242546,0.09542743538767395,2.5228628230616303
PBX4,0.36381709741550694,0.12127236580516898,2.520874751491054
PC,0.614314115308151,0.011928429423459244,3.2405566600397613
PCBD1,0.4850894632206759,0.06560636182902585,2.789264413518887
PCBP1,0.5904572564612326,0.015904572564612324,3.168986083499006
PCBP2,0.5546719681908548,0.041749502982107355,3.069582504970179
PCCA,0.37773359840954274,0.11332007952286283,2.606361829025845
PCCB,0.532803180914513,0.055666003976143144,2.996023856858847
PCDH15,0.48111332007952284,0.06958250497017893,2.8111332007952288
PCDHA10,0.415506958250497,0.09940357852882704,2.6660039761431413
PCDHA11,0.415506958250497,0.09940357852882704,2.6660039761431413
PCDHA4,0.415506958250497,0.09940357852882704,2.6660039761431413
PCDHA7,0.415506958250497,0.09940357852882704,2.6660039761431413
PCDHA9,0.415506958250497,0.09940357852882704,2.6660039761431413
PCF11,0.6023856858846919,0.02584493041749503,3.172962226640159
PCGF1,0.588469184890656,0.019880715705765408,3.1570576540755466
PCGF2,0.6262425447316103,0.015904572564612324,3.3658051689860833
PCGF3,0.4870775347912525,0.06958250497017893,2.852882703777336
PCGF5,0.4691848906560636,0.0775347912524851,2.727634194831014
PCGF6,0.46322067594433397,0.07952286282306163,2.713717693836978
PCK1,0.6202783300198808,0.02186878727634195,3.5288270377733597
PCK2,0.5546719681908548,0.06759443339960239,3.1113320079522864
PCLAF,0.3658051689860835,0.1272365805168986,2.4771371769383697
PCLO,0.6500994035785288,0.03180914512922465,3.353876739562624
PCM1,0.32803180914512925,0.2584493041749503,2.3459244532803183
PCMT1,0.32007952286282304,0.15308151093439365,2.405566600397614
PCNA,0.5069582504970179,0.09741550695825049,2.94831013916501
PCNT,0.4572564612326044,0.07554671968190854,2.8111332007952288
PCOLCE,0.6441351888667992,0.02982107355864811,3.4820717131474104
PCOLCE2,0.5228628230616302,0.055666003976143144,2.99403578528827
PCSK1,0.40159045725646125,0.11332007952286283,2.6083499005964215
PCSK2,0.5387673956262425,0.10337972166998012,3.0079522862823063
PCSK5,0.34592445328031807,0.12922465208747516,2.405566600397614
PCSK6,0.40755467196819084,0.10536779324055666,2.5864811133200796
PCSK9,0.5168986083499006,0.04771371769383698,2.9284294234592445
PCTP,0.6361829025844931,0.011928429423459244,3.399602385685885
PCYOX1L,0.4254473161033797,0.09542743538767395,2.7335984095427435
PCYT1A,0.5208747514910537,0.08349900596421471,2.996023856858847
PCYT1B,0.2286282306163022,0.3379721669980119,2.1172962226640157
PDC,0.7673956262425448,0.005964214711729622,4.019880715705765
PDCD1,0.5606361829025845,0.03180914512922465,2.9980119284294235
PDCD10,0.5685884691848907,0.04771371769383698,3.1928429423459246
PDCD11,0.46322067594433397,0.07952286282306163,2.7176938369781314
PDCD1LG2,0.34592445328031807,0.21073558648111332,2.4473161033797215
PDCD2L,0.5606361829025845,0.05765407554671968,3.2306163021868786
PDCD4,0.4711729622266402,0.0775347912524851,2.7634194831013916
PDCD5,0.5506958250497018,0.05765407554671968,3.233067729083665
PDCD6,0.7654075546719682,0.009940357852882704,4.711729622266402
PDCD6IP,0.3499005964214712,0.12922465208747516,2.4174950298210733
PDCD7,0.37375745526838966,0.12127236580516898,2.4831013916500995
PDCL3,0.584493041749503,0.005964214711729622,3.1789264413518885
PDE10A,0.3220675944333996,0.15308151093439365,2.405566600397614
PDE1A,0.5864811133200796,0.009940357852882704,3.182902584493042
PDE1B,0.5546719681908548,0.0437375745526839,3.073558648111332
PDE1C,0.6958250497017893,0.02584493041749503,3.8489065606361827
PDE2A,0.6023856858846919,0.017892644135188866,3.1868787276341948
PDE3A,0.510934393638171,0.0874751491053678,3.1868787276341948
PDE3B,0.49304174950298213,0.055666003976143144,2.8489065606361827
PDE4A,0.3121272365805169,0.1550695825049702,2.3220675944333995
PDE4B,0.5049701789264414,0.055666003976143144,2.852882703777336
PDE4D,0.4274353876739563,0.10139165009940358,2.7037773359840953
PDE4DIP,0.7813121272365805,0.0019880715705765406,4.270377733598409
PDE6A,0.4194831013916501,0.09741550695825049,2.7236580516898607
PDE6B,0.4870775347912525,0.07157057654075547,2.8508946322067596
PDE6G,0.6500994035785288,0.005964214711729622,3.459244532803181
PDE7A,0.6620278330019881,0.02584493041749503,3.8767395626242545
PDE7B,0.34592445328031807,0.15308151093439365,2.485089463220676
PDF,0.4850894632206759,0.06958250497017893,2.8648111332007953
PDGFA,0.6858846918489065,0.02186878727634195,3.8648111332007953
PDGFB,0.41749502982107356,0.12127236580516898,2.6163021868787277
PDGFC,0.43141153081510936,0.061630218687872766,2.6998011928429424
PDGFD,0.5447316103379721,0.04572564612326044,3.0238568588469183
PDGFRA,0.5089463220675944,0.04771371769383698,2.9284294234592445
PDGFRB,0.42147117296222664,0.09741550695825049,2.727634194831014
PDHA2,0.43737574552683894,0.05168986083499006,2.6560636182902586
PDHB,0.33399602385685884,0.1312127236580517,2.389662027833002
PDHX,0.5129224652087475,0.0536779324055666,2.930417495029821
PDIA2,0.5546719681908548,0.04771371769383698,3.1053677932405566
PDIA3,0.3399602385685885,0.16302186878727634,2.337972166998012
PDIA4,0.6401590457256461,0.02982107355864811,3.405566600397614
PDIA5,0.5228628230616302,0.061630218687872766,2.9165009940357853
PDIA6,0.5745526838966203,0.017892644135188866,3.1411530815109345
PDK1,0.5924453280318092,0.011928429423459244,3.168986083499006
PDK2,0.6361829025844931,0.009940357852882704,3.4015904572564613
PDK4,0.6401590457256461,0.02982107355864811,3.429423459244533
PDLIM1,0.4671968190854871,0.07952286282306163,2.7216699801192843
PDLIM2,0.30417495029821073,0.2624254473161034,2.280318091451292
PDLIM3,0.40357852882703776,0.09741550695825049,2.572564612326044
PDLIM5,0.43737574552683894,0.05168986083499006,2.6540755467196817
PDLIM7,0.4572564612326044,0.08151093439363817,2.8508946322067596
PDP1,0.6898608349900597,0.015904572564612324,4.003976143141153
PDP2,0.4831013916500994,0.07157057654075547,2.852882703777336
PDPK1,0.5705765407554672,0.039761431411530816,3.1232604373757455
PDPN,0.5069582504970179,0.06560636182902585,2.8827037773359843
PDPR,0.48111332007952284,0.07554671968190854,2.8389662027833
PDRG1,0.6262425447316103,0.02186878727634195,3.337972166998012
PDS5A,0.5089463220675944,0.04771371769383698,2.94831013916501
PDS5B,0.3121272365805169,0.15904572564612326,2.359840954274354
PDSS1,0.5467196819085487,0.041749502982107355,3.0497017892644136
PDSS2,0.3081510934393638,0.15904572564612326,2.4174950298210733
PDX1,0.3081510934393638,0.16302186878727634,2.341948310139165
PDXK,0.44532803180914515,0.07952286282306163,2.765407554671968
PDXP,0.4115308151093439,0.1272365805168986,2.6143141153081513
PDYN,0.5089463220675944,0.09542743538767395,2.94831013916501
PDZD11,0.27037773359840955,0.2882703777335984,2.238568588469185
PDZD7,0.46322067594433397,0.07554671968190854,2.7236580516898607
PDZK1,0.7773359840954275,0.0019880715705765406,4.240556660039761
PEA15,0.7793240556660039,0.0019880715705765406,4.26441351888668
PEAK1,0.3817097415506958,0.11332007952286283,2.518886679920477
PEBP1,0.5288270377733598,0.07157057654075547,2.94831013916501
PECAM1,0.6481113320079522,0.005964214711729622,3.4552683896620278
PECR,0.5666003976143141,0.019880715705765408,3.039761431411531
PEF1,0.5129224652087475,0.05168986083499006,2.8946322067594434
PELI1,0.5924453280318092,0.013916500994035786,3.182902584493042
PELI2,0.536779324055666,0.05168986083499006,3.0278330019880717
PELI3,0.6163021868787276,0.011928429423459244,3.2147117296222665
PELO,0.4870775347912525,0.0874751491053678,2.952286282306163
PELP1,0.294234592445328,0.20278330019880716,2.2703777335984094
PEMT,0.3320079522862823,0.18091451292246521,2.3797216699801194
PENK,0.6361829025844931,0.03180914512922465,3.7634194831013916
PER1,0.294234592445328,0.2047713717693837,2.2584493041749503
PER2,0.5666003976143141,0.027833001988071572,3.0139165009940356
PER3,0.5129224652087475,0.0636182902584493,2.8986083499005963
PERP,0.3399602385685885,0.15308151093439365,2.481113320079523
PES1,0.4115308151093439,0.11332007952286283,2.592445328031809
PEX1,0.6441351888667992,0.02584493041749503,3.4731610337972167
PEX10,0.5248508946322068,0.05765407554671968,2.930417495029821
PEX11A,0.40556660039761433,0.11133200795228629,2.5646123260437377
PEX11B,0.7773359840954275,0.0019880715705765406,4.240556660039761
PEX11G,0.3081510934393638,0.1610337972166998,2.2882703777335984
PEX13,0.5924453280318092,0.013916500994035786,3.1610337972167
PEX14,0.510934393638171,0.0636182902584493,2.892644135188867
PEX16,0.5288270377733598,0.04572564612326044,2.9502982107355864
PEX19,0.7793240556660039,0.0019880715705765406,4.250497017892644
PEX2,0.6719681908548708,0.02584493041749503,4.027833001988071
PEX26,0.43141153081510936,0.09940357852882704,2.6341948310139167
PEX3,0.33001988071570576,0.14910536779324055,2.4373757455268388
PEX5,0.49105367793240556,0.09542743538767395,2.988071570576541
PEX5L,0.5387673956262425,0.05964214711729622,3.073558648111332
PEX6,0.5984095427435387,0.02982107355864811,3.31610337972167
PEX7,0.34393638170974156,0.15308151093439365,2.485089463220676
PF4,0.4731610337972167,0.04572564612326044,2.801192842942346
PF4V1,0.4731610337972167,0.04572564612326044,2.8071570576540754
PFAS,0.294234592445328,0.20675944333996024,2.2664015904572565
PFDN1,0.415506958250497,0.10139165009940358,2.6660039761431413
PFDN2,0.7852882703777336,0.0019880715705765406,4.244532803180914
PFDN4,0.6182902584493042,0.02584493041749503,3.554671968190855
PFDN5,0.5566600397614314,0.041749502982107355,3.0596421471172963
PFDN6,0.6043737574552683,0.03180914512922465,3.2524850894632205
PFKFB1,0.25646123260437376,0.2982107355864811,2.1968190854870775
PFKFB2,0.7654075546719682,0.003976143141153081,4.001988071570577
PFKFB3,0.5188866799204771,0.05765407554671968,2.9582504970178927
PFKFB4,0.3220675944333996,0.1411530815109344,2.36779324055666
PFKL,0.4433399602385686,0.0775347912524851,2.771371769383698
PFKM,0.5487077534791253,0.0536779324055666,3.0278330019880717
PFKP,0.5129224652087475,0.0636182902584493,2.94234592445328
PFN1,0.294234592445328,0.20079522862823063,2.272365805168986
PFN2,0.5387673956262425,0.0536779324055666,3.0457256461232602
PGAM1,0.46322067594433397,0.0775347912524851,2.719681908548708
PGAM5,0.5208747514910537,0.07554671968190854,2.914512922465209
PGAP1,0.5785288270377733,0.013916500994035786,3.0974155069582503
PGAP2,0.4731610337972167,0.06560636182902585,2.775347912524851
PGAP3,0.6262425447316103,0.015904572564612324,3.6341948310139167
PGBD1,0.5964214711729622,0.033797216699801194,3.246520874751491
PGD,0.510934393638171,0.06560636182902585,2.8886679920477136
PGF,0.4850894632206759,0.07554671968190854,2.8588469184890655
PGGT1B,0.38966202783300197,0.11332007952286283,2.600397614314115
PGK1,0.2664015904572565,0.29025844930417494,2.2226640159045727
PGK2,0.5864811133200796,0.03180914512922465,3.2365805168986084
PGLS,0.34791252485089463,0.13717693836978131,2.4353876739562623
PGLYRP1,0.4532803180914513,0.10536779324055666,2.7634194831013916
PGLYRP3,0.7932405566600398,0.0019880715705765406,4.395626242544732
PGLYRP4,0.7932405566600398,0.0019880715705765406,4.393638170974155
PGM1,0.5029821073558648,0.05765407554671968,2.862823061630219
PGM2,0.5069582504970179,0.05168986083499006,2.926441351888668
PGM2L1,0.6003976143141153,0.02186878727634195,3.234592445328032
PGM5,0.32803180914512925,0.13518886679920478,2.371769383697813
PGR,0.558648111332008,0.03578528827037773,3.0795228628230618
PGRMC1,0.30019880715705766,0.2524850894632207,2.3479125248508947
PGS1,0.6520874751491054,0.007952286282306162,3.4652087475149105
PHACTR3,0.6262425447316103,0.02186878727634195,3.5964214711729623
PHAX,0.39363817097415504,0.1073558648111332,2.6202783300198806
PHB2,0.49304174950298213,0.09542743538767395,2.996023856858847
PHC1,0.48906560636182905,0.09940357852882704,2.952286282306163
PHC2,0.5168986083499006,0.04572564612326044,2.9125248508946324
PHC3,0.5745526838966203,0.041749502982107355,3.2842942345924455
PHETA1,0.5208747514910537,0.073558648111332,2.904572564612326
PHETA2,0.4115308151093439,0.1172962226640159,2.594433399602386
PHF1,0.6043737574552683,0.03180914512922465,3.2445328031809146
PHF10,0.3220675944333996,0.15109343936381708,2.4095427435387675
PHF11,0.32803180914512925,0.15308151093439365,2.411530815109344
PHF12,0.6003976143141153,0.02584493041749503,3.2087475149105367
PHF13,0.5129224652087475,0.0636182902584493,2.8986083499005963
PHF19,0.3856858846918489,0.09940357852882704,2.5467196819085487
PHF2,0.34592445328031807,0.12524850894632206,2.411530815109344
PHF20,0.614314115308151,0.02385685884691849,3.359840954274354
PHF21A,0.5288270377733598,0.0437375745526839,2.9582504970178927
PHF5A,0.40556660039761433,0.12326043737574553,2.5805168986083498
PHGDH,0.47713717693836977,0.07952286282306163,2.8190854870775346
PHKA1,0.27634194831013914,0.28628230616302186,2.250497017892644
PHKA2,0.23658051689860835,0.3379721669980119,2.10337972166998
PHKB,0.536779324055666,0.06759443339960239,2.99403578528827
PHKG1,0.6898608349900597,0.027833001988071572,4.143141153081511
PHLDA1,0.5228628230616302,0.06560636182902585,2.9860834990059644
PHLDA2,0.4691848906560636,0.06759443339960239,2.7673956262425445
PHLDA3,0.7713717693836978,0.0019880715705765406,4.023856858846918
PHLPP1,0.3538767395626243,0.20874751491053678,2.4194831013916502
PHLPP2,0.4711729622266402,0.0775347912524851,2.8031809145129225
PHPT1,0.40159045725646125,0.09741550695825049,2.570576540755467
PHYH,0.5129224652087475,0.055666003976143144,2.9502982107355864
PHYKPL,0.4552683896620278,0.08349900596421471,2.8548707753479126
PI3,0.5745526838966203,0.04970178926441352,3.1789264413518885
PI4K2A,0.46123260437375746,0.0775347912524851,2.7176938369781314
PI4K2B,0.4970178926441352,0.05168986083499006,2.9224652087475147
PI4KA,0.4592445328031809,0.08946322067594434,2.805168986083499
PI4KB,0.7952286282306164,0.0019880715705765406,4.429423459244533
PIANP,0.49502982107355864,0.09343936381709742,3.0019880715705765
PIAS1,0.3817097415506958,0.11928429423459244,2.4831013916500995
PIAS2,0.35984095427435386,0.19284294234592445,2.4990059642147116
PIAS3,0.7773359840954275,0.0019880715705765406,4.238568588469185
PIAS4,0.2982107355864811,0.16500994035785288,2.274353876739563
PICALM,0.5964214711729622,0.02385685884691849,3.1749502982107356
PICK1,0.4135188866799205,0.12326043737574553,2.6481113320079523
PIDD1,0.4691848906560636,0.06560636182902585,2.78727634194831
PIF1,0.3697813121272366,0.12326043737574553,2.4870775347912524
PIGA,0.23658051689860835,0.341948310139165,2.10337972166998
PIGB,0.36381709741550694,0.13518886679920478,2.445328031809145
PIGC,0.7773359840954275,0.003976143141153081,4.073558648111332
PIGF,0.5904572564612326,0.013916500994035786,3.2306163021868786
PIGG,0.4870775347912525,0.07157057654075547,2.8508946322067596
PIGH,0.4870775347912525,0.06958250497017893,2.852882703777336
PIGK,0.49304174950298213,0.0636182902584493,2.8489065606361827
PIGL,0.3240556660039761,0.19284294234592445,2.3518886679920477
PIGM,0.7813121272365805,0.0019880715705765406,4.260437375745527
PIGN,0.34791252485089463,0.21073558648111332,2.3956262425447314
PIGO,0.40159045725646125,0.11332007952286283,2.6163021868787277
PIGP,0.45129224652087474,0.07554671968190854,2.8031809145129225
PIGQ,0.558648111332008,0.041749502982107355,3.1153081510934393
PIGR,0.7654075546719682,0.003976143141153081,4.0
PIGS,0.5984095427435387,0.02584493041749503,3.1749502982107356
PIGT,0.5745526838966203,0.04970178926441352,3.1868787276341948
PIGU,0.6063618290258449,0.02982107355864811,3.2962226640159047
PIGV,0.4850894632206759,0.06759443339960239,2.8071570576540754
PIGW,0.6222664015904572,0.019880715705765408,3.2405566600397613
PIGX,0.5208747514910537,0.08548707753479125,2.99403578528827
PIGY,0.44532803180914515,0.04970178926441352,2.6719681908548707
PIH1D1,0.4254473161033797,0.11332007952286283,2.6481113320079523
PIK3AP1,0.46520874751491054,0.07952286282306163,2.7157057654075545
PIK3C2A,0.49105367793240556,0.05765407554671968,2.8429423459244534
PIK3C2B,0.7713717693836978,0.0019880715705765406,4.0536779324055665
PIK3C3,0.37773359840954274,0.1749502982107356,2.606361829025845
PIK3CA,0.5387673956262425,0.0536779324055666,3.073558648111332
PIK3CB,0.5347912524850894,0.055666003976143144,2.9980119284294235
PIK3CD,0.5149105367793241,0.06560636182902585,2.8946322067594434
PIK3CG,0.6421471172962226,0.039761431411530816,3.407554671968191
PIK3R1,0.3996023856858847,0.10139165009940358,2.622266401590457
PIK3R2,0.3518886679920477,0.13518886679920478,2.459244532803181
PIK3R3,0.5387673956262425,0.033797216699801194,2.9801192842942346
PIK3R4,0.5288270377733598,0.061630218687872766,2.94831013916501
PIK3R5,0.294234592445328,0.20874751491053678,2.250497017892644
PIK3R6,0.2962226640159046,0.21073558648111332,2.250497017892644
PIKFYVE,0.5765407554671969,0.019880715705765408,3.1113320079522864
PILRA,0.6481113320079522,0.02982107355864811,3.489065606361829
PIM1,0.6003976143141153,0.02982107355864811,3.268389662027833
PIMREG,0.28628230616302186,0.2047713717693837,2.246520874751491
PIN1,0.3101391650099404,0.15308151093439365,2.3141153081510932
PINK1,0.49304174950298213,0.06560636182902585,2.8508946322067596
PINX1,0.33001988071570576,0.26043737574552683,2.36779324055666
PIP,0.6341948310139165,0.027833001988071572,3.399602385685885
PIP4K2B,0.6262425447316103,0.015904572564612324,3.371769383697813
PIP4K2C,0.5765407554671969,0.03777335984095427,3.393638170974155
PIP4P1,0.5447316103379721,0.06958250497017893,3.099403578528827
PIP4P2,0.6819085487077535,0.017892644135188866,4.019880715705765
PIP5K1A,0.7952286282306164,0.003976143141153081,4.421471172962226
PIP5K1B,0.3260437375745527,0.13320079522862824,2.36779324055666
PIP5K1C,0.2962226640159046,0.16699801192842942,2.272365805168986
PIP5KL1,0.3856858846918489,0.09542743538767395,2.520874751491054
PIPOX,0.6023856858846919,0.02584493041749503,3.210735586481113
PIR,0.2345924453280318,0.341948310139165,2.1013916500994037
PISD,0.4095427435387674,0.1172962226640159,2.600397614314115
PITPNA,0.2823061630218688,0.20675944333996024,2.2445328031809146
PITPNM1,0.6202783300198808,0.013916500994035786,3.2485089463220675
PITPNM3,0.28628230616302186,0.20675944333996024,2.242544731610338
PITRM1,0.5129224652087475,0.0636182902584493,2.94234592445328
PITX1,0.38966202783300197,0.10934393638170974,2.584493041749503
PITX3,0.4592445328031809,0.0775347912524851,2.709741550695825
PIWIL1,0.5268389662027833,0.0775347912524851,2.9284294234592445
PIWIL2,0.30417495029821073,0.26043737574552683,2.2882703777335984
PIWIL4,0.5666003976143141,0.041749502982107355,3.0675944333996026
PJA1,0.27236580516898606,0.28429423459244535,2.250497017892644
PJA2,0.39165009940357853,0.1172962226640159,2.6043737574552686
PKD1,0.5666003976143141,0.039761431411530816,3.125248508946322
PKD1L3,0.4711729622266402,0.0775347912524851,2.809145129224652
PKD2,0.44532803180914515,0.04970178926441352,2.679920477137177
PKD2L1,0.46322067594433397,0.07554671968190854,2.725646123260437
PKIA,0.6779324055666004,0.02584493041749503,4.063618290258449
PKLR,0.7972166998011928,0.0019880715705765406,4.369781312127237
PKM,0.38767395626242546,0.11928429423459244,2.514910536779324
PKMYT1,0.5705765407554672,0.03777335984095427,3.121272365805169
PKN1,0.31411530815109345,0.15308151093439365,2.3280318091451293
PKN2,0.48906560636182905,0.07952286282306163,2.7972166998011927
PKN3,0.38767395626242546,0.09741550695825049,2.5168986083499005
PKNOX1,0.4433399602385686,0.07952286282306163,2.761431411530815
PKNOX2,0.5288270377733598,0.06759443339960239,2.94234592445328
PKP1,0.7713717693836978,0.0019880715705765406,4.027833001988071
PKP2,0.5666003976143141,0.055666003976143144,3.381709741550696
PKP3,0.4671968190854871,0.06958250497017893,2.771371769383698
PKP4,0.5864811133200796,0.007952286282306162,3.168986083499006
PLA2G10,0.5864811133200796,0.039761431411530816,3.1530815109343937
PLA2G12A,0.4254473161033797,0.0536779324055666,2.6640159045725644
PLA2G12B,0.47713717693836977,0.06759443339960239,2.7912524850894633
PLA2G15,0.4850894632206759,0.06958250497017893,2.862823061630219
PLA2G1B,0.5248508946322068,0.07157057654075547,2.9224652087475147
PLA2G2A,0.4970178926441352,0.06958250497017893,2.852882703777336
PLA2G3,0.4115308151093439,0.1172962226640159,2.5984095427435387
PLA2G4A,0.7673956262425448,0.005964214711729622,4.01192842942346
PLA2G4D,0.33399602385685884,0.16699801192842942,2.320079522862823
PLA2G5,0.4970178926441352,0.06958250497017893,2.852882703777336
PLA2G6,0.4135188866799205,0.12326043737574553,2.6481113320079523
PLA2G7,0.5984095427435387,0.03180914512922465,3.3121272365805168
PLA2R1,0.5864811133200796,0.009940357852882704,3.1789264413518885
PLAGL1,0.32803180914512925,0.14910536779324055,2.433399602385686
PLAT,0.5228628230616302,0.10337972166998012,3.3518886679920477
PLAU,0.4731610337972167,0.06958250497017893,2.775347912524851
PLAUR,0.49502982107355864,0.073558648111332,2.892644135188867
PLB1,0.5924453280318092,0.013916500994035786,3.1749502982107356
PLCB1,0.5149105367793241,0.09940357852882704,2.982107355864811
PLCB2,0.32803180914512925,0.16898608349900596,2.320079522862823
PLCB3,0.5765407554671969,0.02584493041749503,3.047713717693837
PLCB4,0.5149105367793241,0.09741550695825049,2.9801192842942346
PLCD1,0.3399602385685885,0.12922465208747516,2.4035785288270377
PLCD3,0.6123260437375746,0.017892644135188866,3.2882703777335984
PLCD4,0.5685884691848907,0.019880715705765408,3.0457256461232602
PLCE1,0.46322067594433397,0.07952286282306163,2.709741550695825
PLCG1,0.5725646123260437,0.04572564612326044,3.1848906560636183
PLCG2,0.4552683896620278,0.10337972166998012,2.7296222664015906
PLCH1,0.5407554671968191,0.055666003976143144,3.091451292246521
PLCZ1,0.4870775347912525,0.10337972166998012,3.0159045725646125
PLD1,0.5646123260437376,0.0437375745526839,3.190854870775348
PLD2,0.294234592445328,0.20079522862823063,2.272365805168986
PLD3,0.5268389662027833,0.073558648111332,3.085487077534791
PLEC,0.6958250497017893,0.02186878727634195,4.019880715705765
PLEK,0.5864811133200796,0.015904572564612324,3.1530815109343937
PLEKHA1,0.47514910536779326,0.0775347912524851,2.743538767395626
PLEKHA2,0.4671968190854871,0.15109343936381708,3.1172962226640157
PLEKHA7,0.49105367793240556,0.055666003976143144,2.84493041749503
PLEKHG2,0.532803180914513,0.07157057654075547,3.1332007952286283
PLEKHG5,0.510934393638171,0.0636182902584493,2.8886679920477136
PLEKHG6,0.49304174950298213,0.09940357852882704,2.9860834990059644
PLEKHM1,0.614314115308151,0.019880715705765408,3.2783300198807157
PLEKHM2,0.5049701789264414,0.06759443339960239,2.892644135188867
PLG,0.32007952286282304,0.1550695825049702,2.407554671968191
PLIN1,0.40556660039761433,0.11133200795228629,2.5646123260437377
PLIN2,0.341948310139165,0.2047713717693837,2.3976143141153083
PLIN3,0.30218687872763417,0.1610337972166998,2.2823061630218686
PLIN5,0.30417495029821073,0.16302186878727634,2.2922465208747513
PLK1,0.5904572564612326,0.03777335984095427,3.1391650099403576
PLK2,0.43737574552683894,0.09741550695825049,2.783300198807157
PLK3,0.5467196819085487,0.02982107355864811,3.011928429423459
PLK4,0.43141153081510936,0.0536779324055666,2.667992047713718
PLLP,0.49502982107355864,0.07554671968190854,2.8707753479125246
PLN,0.31411530815109345,0.1610337972166998,2.377733598409543
PLOD1,0.510934393638171,0.061630218687872766,2.89065606361829
PLOD2,0.532803180914513,0.05168986083499006,3.0079522862823063
PLOD3,0.6421471172962226,0.033797216699801194,3.423459244532803
PLP1,0.2882703777335984,0.28429423459244535,2.2823061630218686
PLP2,0.2524850894632207,0.30019880715705766,2.2147117296222665
PLPBP,0.4433399602385686,0.16302186878727634,3.0079522862823063
PLPP1,0.46322067594433397,0.09145129224652088,2.8827037773359843
PLPP2,0.3061630218687873,0.16898608349900596,2.302186878727634
PLPP3,0.5089463220675944,0.05168986083499006,2.8827037773359843
PLPP4,0.4731610337972167,0.0775347912524851,2.73558648111332
PLPP6,0.34393638170974156,0.21073558648111332,2.445328031809145
PLPPR2,0.3101391650099404,0.15308151093439365,2.3180914512922466
PLPPR3,0.3061630218687873,0.16699801192842942,2.3141153081510932
PLRG1,0.4294234592445328,0.061630218687872766,2.7514910536779325
PLS3,0.2982107355864811,0.26043737574552683,2.3280318091451293
PLSCR1,0.536779324055666,0.05168986083499006,3.0099403578528827
PLTP,0.5745526838966203,0.04771371769383698,3.198807157057654
PLXNA1,0.5288270377733598,0.05964214711729622,2.9403578528827037
PLXNA2,0.7614314115308151,0.003976143141153081,3.9721669980119283
PLXNA3,0.33399602385685884,0.21868787276341947,2.5129224652087476
PLXNA4,0.6361829025844931,0.02982107355864811,3.375745526838966
PLXNB1,0.3220675944333996,0.1411530815109344,2.36779324055666
PLXNB2,0.3658051689860835,0.15308151093439365,2.467196819085487
PLXNB3,0.33399602385685884,0.21868787276341947,2.5049701789264414
PLXNC1,0.5089463220675944,0.06560636182902585,2.8946322067594434
PLXND1,0.5308151093439364,0.05765407554671968,2.944333996023857
PMAIP1,0.3399602385685885,0.21669980119284293,2.375745526838966
PMCH,0.5149105367793241,0.06560636182902585,2.8986083499005963
PMEL,0.5546719681908548,0.041749502982107355,3.113320079522863
PMEPA1,0.6242544731610338,0.02186878727634195,3.532803180914513
PMF1,0.7932405566600398,0.0019880715705765406,4.300198807157058
PML,0.3856858846918489,0.1172962226640159,2.5288270377733597
PMM1,0.40755467196819084,0.12326043737574553,2.5785288270377733
PMM2,0.5864811133200796,0.039761431411530816,3.1530815109343937
PMP2,0.6918489065606361,0.02385685884691849,4.216699801192843
PMP22,0.31809145129224653,0.1908548707753479,2.3459244532803183
PMPCA,0.3976143141153082,0.09940357852882704,2.558648111332008
PMPCB,0.6381709741550696,0.039761431411530816,3.4314115308151094
PMS1,0.5825049701789264,0.011928429423459244,3.1192842942345926
PMS2,0.6858846918489065,0.02186878727634195,3.89065606361829
PMVK,0.7952286282306164,0.0019880715705765406,4.393638170974155
PNISR,0.31411530815109345,0.15904572564612326,2.3578528827037775
PNKD,0.5685884691848907,0.019880715705765408,3.0457256461232602
PNKP,0.4254473161033797,0.10934393638170974,2.640159045725646
PNLIP,0.4691848906560636,0.07554671968190854,2.7335984095427435
PNLIPRP1,0.4671968190854871,0.07554671968190854,2.725646123260437
PNMA2,0.31411530815109345,0.25646123260437376,2.3101391650099403
PNMT,0.6262425447316103,0.015904572564612324,3.63220675944334
PNN,0.5924453280318092,0.0437375745526839,3.719681908548708
PNO1,0.584493041749503,0.013916500994035786,3.1530815109343937
PNP,0.5447316103379721,0.06958250497017893,3.099403578528827
PNPLA2,0.4691848906560636,0.06560636182902585,2.78727634194831
PNPLA3,0.3996023856858847,0.1312127236580517,2.5526838966202785
PNPLA6,0.3081510934393638,0.1610337972166998,2.2882703777335984
PNPO,0.6361829025844931,0.011928429423459244,3.3578528827037775
PNPT1,0.588469184890656,0.011928429423459244,3.2306163021868786
PNRC2,0.49105367793240556,0.06560636182902585,2.84493041749503
POC5,0.40159045725646125,0.10934393638170974,2.610337972166998
PODXL2,0.5288270377733598,0.05964214711729622,2.9324055666003974
POFUT1,0.6163021868787276,0.02385685884691849,3.349900596421471
POFUT2,0.44731610337972166,0.07554671968190854,2.771371769383698
POGLUT1,0.5228628230616302,0.061630218687872766,2.900596421471173
POGZ,0.7952286282306164,0.0019880715705765406,4.42544731610338
POLA1,0.23061630218687873,0.3379721669980119,2.1192842942345926
POLA2,0.5805168986083499,0.02186878727634195,3.0755467196819084
POLB,0.5248508946322068,0.10337972166998012,3.359840954274354
POLD1,0.43141153081510936,0.10934393638170974,2.6540755467196817
POLD2,0.6858846918489065,0.02385685884691849,3.8031809145129225
POLD3,0.5984095427435387,0.02186878727634195,3.20675944333996
POLD4,0.6202783300198808,0.013916500994035786,3.2485089463220675
POLDIP3,0.40755467196819084,0.12524850894632206,2.5745526838966204
POLE,0.5228628230616302,0.07554671968190854,2.918489065606362
POLE2,0.5467196819085487,0.04771371769383698,3.1351888667992047
POLE3,0.3817097415506958,0.09741550695825049,2.532803180914513
POLE4,0.5864811133200796,0.019880715705765408,3.143141153081511
POLG,0.40357852882703776,0.11332007952286283,2.5626242544731612
POLG2,0.6481113320079522,0.005964214711729622,3.4552683896620278
POLH,0.6003976143141153,0.027833001988071572,3.31610337972167
POLI,0.341948310139165,0.20874751491053678,2.399602385685885
POLK,0.40159045725646125,0.10934393638170974,2.610337972166998
POLL,0.4592445328031809,0.0775347912524851,2.709741550695825
POLM,0.6858846918489065,0.02385685884691849,3.8031809145129225
POLN,0.48906560636182905,0.0636182902584493,2.8508946322067596
POLQ,0.5188866799204771,0.0636182902584493,2.9105367793240555
POLR1A,0.5924453280318092,0.017892644135188866,3.1510934393638173
POLR1B,0.5904572564612326,0.007952286282306162,3.1848906560636183
POLR1D,0.3081510934393638,0.16302186878727634,2.3459244532803183
POLR1E,0.3856858846918489,0.14512922465208747,2.540755467196819
POLR2B,0.4970178926441352,0.04771371769383698,2.886679920477137
POLR2C,0.49502982107355864,0.07554671968190854,2.8727634194831015
POLR2D,0.5805168986083499,0.007952286282306162,3.1113320079522864
POLR2E,0.3061630218687873,0.16699801192842942,2.3207171314741037
POLR2F,0.4115308151093439,0.12524850894632206,2.622266401590457
POLR2G,0.5705765407554672,0.02584493041749503,3.033797216699801
POLR2H,0.5248508946322068,0.06958250497017893,3.0357852882703775
POLR2I,0.5546719681908548,0.05964214711729622,3.234592445328032
POLR2J,0.6381709741550696,0.03777335984095427,3.4433399602385686
POLR2J2,0.6381709741550696,0.03777335984095427,3.4433399602385686
POLR2J3,0.6381709741550696,0.03777335984095427,3.4433399602385686
POLR2K,0.7037773359840954,0.015904572564612324,4.119284294234593
POLR2L,0.4711729622266402,0.06560636182902585,2.7972166998011927
POLR2M,0.36182902584493043,0.13717693836978131,2.4393638170974157
POLR3A,0.4731610337972167,0.06560636182902585,2.8031809145129225
POLR3B,0.5129224652087475,0.07554671968190854,2.8767395626242545
POLR3C,0.7773359840954275,0.0019880715705765406,4.238568588469185
POLR3D,0.30417495029821073,0.26043737574552683,2.286282306163022
POLR3E,0.5924453280318092,0.039761431411530816,3.1510934393638173
POLR3F,0.5387673956262425,0.09145129224652088,3.0238568588469183
POLR3G,0.3976143141153082,0.11133200795228629,2.6143141153081513
POLR3GL,0.7773359840954275,0.0019880715705765406,4.240556660039761
POLR3H,0.40755467196819084,0.12326043737574553,2.584493041749503
POLR3K,0.5566600397614314,0.04771371769383698,3.10934393638171
POLRMT,0.3061630218687873,0.16699801192842942,2.3101391650099403
POM121,0.6500994035785288,0.03777335984095427,3.3518886679920477
POMC,0.5944333996023857,0.013916500994035786,3.1709741550695827
POMGNT1,0.5427435387673957,0.033797216699801194,2.9860834990059644
POMGNT2,0.34393638170974156,0.12922465208747516,2.4095427435387675
POMK,0.5288270377733598,0.09343936381709742,3.3359840954274356
POMP,0.3101391650099404,0.1610337972166998,2.3518886679920477
POMT1,0.39165009940357853,0.09940357852882704,2.536779324055666
POMT2,0.49105367793240556,0.07952286282306163,2.8489065606361827
PON1,0.6421471172962226,0.027833001988071572,3.433399602385686
PON3,0.6401590457256461,0.02982107355864811,3.423459244532803
POP1,0.6978131212723658,0.015904572564612324,4.075546719681909
POP4,0.5467196819085487,0.04771371769383698,3.304174950298211
POP5,0.5228628230616302,0.073558648111332,2.9125248508946324
POP7,0.6441351888667992,0.03180914512922465,3.4771371769383697
POR,0.6401590457256461,0.039761431411530816,3.3339960238568587
PORCN,0.2544731610337972,0.3101391650099404,2.172962226640159
POT1,0.6302186878727635,0.041749502982107355,3.3479125248508947
POU1F1,0.4115308151093439,0.10337972166998012,2.640159045725646
POU2AF1,0.5208747514910537,0.07554671968190854,2.94234592445328
POU2F1,0.7753479125248509,0.009940357852882704,4.075546719681909
POU2F2,0.4990059642147117,0.073558648111332,2.886679920477137
POU3F2,0.31809145129224653,0.15904572564612326,2.363817097415507
POU4F1,0.36182902584493043,0.11530815109343936,2.532803180914513
POU4F2,0.43737574552683894,0.0536779324055666,2.6998011928429424
POU5F1,0.5984095427435387,0.033797216699801194,3.256461232604374
PPA1,0.48111332007952284,0.06560636182902585,2.7912524850894633
PPA2,0.4294234592445328,0.05168986083499006,2.6699801192842942
PPARA,0.3797216699801193,0.147117296222664,2.4910536779324057
PPARD,0.6003976143141153,0.02982107355864811,3.2524850894632205
PPARG,0.35984095427435386,0.12326043737574553,2.463220675944334
PPARGC1A,0.4970178926441352,0.05168986083499006,2.918489065606362
PPARGC1B,0.42147117296222664,0.09741550695825049,2.727634194831014
PPAT,0.4970178926441352,0.05168986083499006,2.8767395626242545
PPBP,0.4731610337972167,0.04572564612326044,2.801192842942346
PPCDC,0.3817097415506958,0.1172962226640159,2.502982107355865
PPCS,0.5487077534791253,0.027833001988071572,3.0457256461232602
PPFIA1,0.6242544731610338,0.017892644135188866,3.2445328031809146
PPFIA2,0.5149105367793241,0.061630218687872766,2.94234592445328
PPFIA3,0.4254473161033797,0.11332007952286283,2.6481113320079523
PPFIA4,0.7693836978131213,0.0019880715705765406,4.019880715705765
PPFIBP1,0.5506958250497018,0.06560636182902585,3.3399602385685885
PPIA,0.6858846918489065,0.02385685884691849,3.8210735586481115
PPIB,0.36381709741550694,0.12922465208747516,2.4711729622266403
PPID,0.4234592445328032,0.0636182902584493,2.650099403578529
PPIE,0.5546719681908548,0.03180914512922465,3.0616302186878728
PPIF,0.4731610337972167,0.06560636182902585,2.7992047713717696
PPIG,0.5904572564612326,0.013916500994035786,3.1669980119284293
PPIH,0.5506958250497018,0.027833001988071572,3.0497017892644136
PPIL1,0.5964214711729622,0.02982107355864811,3.256461232604374
PPIL2,0.4433399602385686,0.10139165009940358,2.709741550695825
PPIL3,0.5765407554671969,0.015904572564612324,3.1113320079522864
PPIL4,0.32007952286282304,0.15308151093439365,2.405566600397614
PPIP5K1,0.3399602385685885,0.16302186878727634,2.337972166998012
PPIP5K2,0.40556660039761433,0.11332007952286283,2.628230616302187
PPL,0.5785288270377733,0.03777335984095427,3.1351888667992047
PPM1A,0.5228628230616302,0.05964214711729622,2.960238568588469
PPM1B,0.5944333996023857,0.013916500994035786,3.2186878727634194
PPM1D,0.6421471172962226,0.009940357852882704,3.445328031809145
PPM1K,0.44532803180914515,0.04970178926441352,2.6719681908548707
PPM1L,0.5467196819085487,0.055666003976143144,3.081510934393638
PPOX,0.7852882703777336,0.0019880715705765406,4.246520874751491
PPP1CA,0.6202783300198808,0.013916500994035786,3.2485089463220675
PPP1CB,0.5924453280318092,0.013916500994035786,3.1709741550695827
PPP1CC,0.5188866799204771,0.073558648111332,2.900596421471173
PPP1R10,0.6003976143141153,0.033797216699801194,3.320079522862823
PPP1R12A,0.5188866799204771,0.0636182902584493,2.9542743538767398
PPP1R12B,0.7693836978131213,0.0019880715705765406,4.00596421471173
PPP1R12C,0.4532803180914513,0.09542743538767395,2.743538767395626
PPP1R13B,0.4870775347912525,0.09145129224652088,2.840954274353877
PPP1R13L,0.4711729622266402,0.09145129224652088,2.8429423459244534
PPP1R14A,0.5387673956262425,0.07157057654075547,3.147117296222664
PPP1R14B,0.5765407554671969,0.02584493041749503,3.047713717693837
PPP1R14C,0.32007952286282304,0.15308151093439365,2.407554671968191
PPP1R14D,0.33001988071570576,0.16898608349900596,2.324055666003976
PPP1R15A,0.4234592445328032,0.11332007952286283,2.6381709741550696
PPP1R15B,0.7713717693836978,0.0019880715705765406,4.0536779324055665
PPP1R16B,0.5765407554671969,0.04771371769383698,3.1928429423459246
PPP1R17,0.6958250497017893,0.02584493041749503,3.8489065606361827
PPP1R18,0.6003976143141153,0.033797216699801194,3.320079522862823
PPP1R1B,0.6262425447316103,0.017892644135188866,3.429423459244533
PPP1R3A,0.6421471172962226,0.03777335984095427,3.4015904572564613
PPP1R3C,0.4691848906560636,0.0775347912524851,2.731610337972167
PPP1R3D,0.6282306163021869,0.02385685884691849,3.5745526838966204
PPP1R3E,0.5566600397614314,0.06759443339960239,3.1630218687872764
PPP1R3F,0.2485089463220676,0.30218687872763417,2.176938369781312
PPP1R7,0.562624254473161,0.02982107355864811,3.0019880715705765
PPP1R8,0.4870775347912525,0.06560636182902585,2.8190854870775346
PPP1R9A,0.6421471172962226,0.027833001988071572,3.415506958250497
PPP1R9B,0.6361829025844931,0.009940357852882704,3.4015904572564613
PPP2CA,0.3836978131212724,0.11133200795228629,2.5745526838966204
PPP2CB,0.3220675944333996,0.2504970178926441,2.3359840954274356
PPP2R1A,0.4393638170974155,0.10337972166998012,2.673956262425447
PPP2R1B,0.5168986083499006,0.073558648111332,2.9165009940357853
PPP2R2A,0.3121272365805169,0.2584493041749503,2.2942345924453282
PPP2R2B,0.4234592445328032,0.09343936381709742,2.7157057654075545
PPP2R2C,0.4850894632206759,0.06560636182902585,2.8469184890656063
PPP2R2D,0.4671968190854871,0.08151093439363817,2.7335984095427435
PPP2R3A,0.532803180914513,0.055666003976143144,2.988071570576541
PPP2R3B,0.39363817097415504,0.19483101391650098,2.628230616302187
PPP2R3C,0.6222664015904572,0.04572564612326044,4.0894632206759445
PPP2R5A,0.7514910536779325,0.005964214711729622,3.9383697813121272
PPP2R5B,0.5785288270377733,0.02186878727634195,3.0497017892644136
PPP2R5C,0.49502982107355864,0.0874751491053678,2.8429423459244534
PPP2R5D,0.5984095427435387,0.02982107355864811,3.3141153081510932
PPP2R5E,0.5069582504970179,0.0636182902584493,2.900596421471173
PPP3CA,0.43339960238568587,0.05168986083499006,2.6719681908548707
PPP3CB,0.4731610337972167,0.06958250497017893,2.7733598409542743
PPP3CC,0.30417495029821073,0.26043737574552683,2.2882703777335984
PPP3R1,0.5864811133200796,0.013916500994035786,3.1570576540755466
PPP4C,0.610337972166998,0.027833001988071572,3.21272365805169
PPP4R1,0.47713717693836977,0.08349900596421471,2.904572564612326
PPP4R2,0.3797216699801193,0.12524850894632206,2.506958250497018
PPP4R3A,0.5009940357852882,0.0775347912524851,2.8767395626242545
PPP4R3B,0.588469184890656,0.011928429423459244,3.2306163021868786
PPP4R4,0.48906560636182905,0.08151093439363817,2.8290258449304173
PPP5C,0.4433399602385686,0.1073558648111332,2.7176938369781314
PPP6C,0.3856858846918489,0.09741550695825049,2.520874751491054
PPP6R1,0.4532803180914513,0.09542743538767395,2.743538767395626
PPP6R2,0.3658051689860835,0.15308151093439365,2.485089463220676
PPP6R3,0.6222664015904572,0.013916500994035786,3.268389662027833
PPRC1,0.4592445328031809,0.0775347912524851,2.709741550695825
PPT1,0.5546719681908548,0.03180914512922465,3.0377733598409544
PPT2,0.6023856858846919,0.03180914512922465,3.272365805168986
PPTC7,0.5188866799204771,0.073558648111332,2.900596421471173
PPWD1,0.40357852882703776,0.10337972166998012,2.640159045725646
PQBP1,0.25646123260437376,0.30417495029821073,2.2147117296222665
PRC1,0.40357852882703776,0.10337972166998012,2.570576540755467
PRCC,0.7852882703777336,0.0019880715705765406,4.246520874751491
PRCP,0.6043737574552683,0.02385685884691849,3.1848906560636183
PRDM1,0.3101391650099404,0.15904572564612326,2.3658051689860833
PRDM14,0.6660039761431411,0.02385685884691849,3.9165009940357853
PRDM16,0.5188866799204771,0.05765407554671968,2.926441351888668
PRDM4,0.5208747514910537,0.07554671968190854,2.8946322067594434
PRDM6,0.39363817097415504,0.1073558648111332,2.6023856858846917
PRDM7,0.441351888667992,0.11928429423459244,2.675944333996024
PRDM9,0.7554671968190855,0.013916500994035786,4.4453280318091455
PRDX1,0.5447316103379721,0.03180914512922465,2.9980119284294235
PRDX2,0.3061630218687873,0.1550695825049702,2.308151093439364
PRDX3,0.4731610337972167,0.0775347912524851,2.731610337972167
PRDX4,0.23061630218687873,0.34393638170974156,2.1013916500994037
PRDX5,0.5765407554671969,0.02584493041749503,3.047713717693837
PRDX6,0.7773359840954275,0.003976143141153081,4.085487077534792
PREB,0.5944333996023857,0.013916500994035786,3.1809145129224654
PRELID1,0.4572564612326044,0.08151093439363817,2.8548707753479126
PRELID3A,0.4691848906560636,0.08349900596421471,2.904572564612326
PRELID3B,0.6282306163021869,0.02385685884691849,3.6262425447316105
PRELP,0.7693836978131213,0.0019880715705765406,4.025844930417495
PREP,0.3121272365805169,0.15904572564612326,2.3518886679920477
PREPL,0.5944333996023857,0.013916500994035786,3.224652087475149
PREX1,0.5944333996023857,0.04572564612326044,3.298210735586481
PRF1,0.4850894632206759,0.06560636182902585,2.7912524850894633
PRG2,0.5685884691848907,0.027833001988071572,3.0159045725646125
PRH2,0.47713717693836977,0.1073558648111332,2.918489065606362
PRICKLE1,0.5387673956262425,0.05765407554671968,3.055666003976143
PRICKLE2,0.3658051689860835,0.13320079522862824,2.479125248508946
PRIM1,0.562624254473161,0.03777335984095427,3.1610337972167
PRIM2,0.5705765407554672,0.041749502982107355,3.1928429423459246
PRKAA1,0.73558648111332,0.013916500994035786,4.349900596421471
PRKAA2,0.5089463220675944,0.05168986083499006,2.8846918489065607
PRKAB1,0.5248508946322068,0.07157057654075547,2.9284294234592445
PRKAB2,0.7872763419483101,0.0019880715705765406,4.3220675944334
PRKACA,0.3101391650099404,0.1550695825049702,2.3121272365805168
PRKACB,0.48906560636182905,0.0775347912524851,2.823061630218688
PRKACG,0.3260437375745527,0.1312127236580517,2.371769383697813
PRKAG1,0.5526838966202783,0.04771371769383698,3.047713717693837
PRKAG2,0.6381709741550696,0.033797216699801194,3.4194831013916502
PRKAG3,0.5685884691848907,0.019880715705765408,3.0457256461232602
PRKAR1A,0.6560636182902585,0.005964214711729622,3.4950298210735586
PRKAR1B,0.6858846918489065,0.02186878727634195,3.8648111332007953
PRKAR2A,0.3220675944333996,0.1411530815109344,2.3658051689860833
PRKAR2B,0.6381709741550696,0.039761431411530816,3.3976143141153083
PRKCA,0.6461232604373758,0.007952286282306162,3.469184890656064
PRKCD,0.33399602385685884,0.13518886679920478,2.3916500994035785
PRKCE,0.5904572564612326,0.015904572564612324,3.2306163021868786
PRKCG,0.44731610337972166,0.09741550695825049,2.6938369781312126
PRKCH,0.5149105367793241,0.061630218687872766,2.9403578528827037
PRKCI,0.5745526838966203,0.041749502982107355,3.286282306163022
PRKCQ,0.5168986083499006,0.05765407554671968,2.9582504970178927
PRKCSH,0.3101391650099404,0.1550695825049702,2.31610337972167
PRKCZ,0.5268389662027833,0.055666003976143144,2.9383697813121272
PRKD1,0.5904572564612326,0.04771371769383698,3.502982107355865
PRKD2,0.43737574552683894,0.11133200795228629,2.667992047713718
PRKD3,0.5924453280318092,0.013916500994035786,3.2047713717693838
PRKDC,0.6341948310139165,0.033797216699801194,3.6640159045725644
PRKG1,0.4850894632206759,0.06560636182902585,2.8131212723658052
PRKG2,0.44731610337972166,0.04970178926441352,2.725646123260437
PRKN,0.31411530815109345,0.15308151093439365,2.3976143141153083
PRKRA,0.5924453280318092,0.009940357852882704,3.1709741550695827
PRKRIP1,0.6401590457256461,0.033797216699801194,3.4493041749502984
PRKX,0.23856858846918488,0.33399602385685884,2.0894632206759445
PRL,0.5944333996023857,0.033797216699801194,3.2942345924453282
PRLR,0.7395626242544732,0.011928429423459244,4.353876739562624
PRM1,0.5984095427435387,0.03578528827037773,3.2266401590457257
PRM2,0.5984095427435387,0.03578528827037773,3.2266401590457257
PRMT1,0.4254473161033797,0.11332007952286283,2.636182902584493
PRMT3,0.49304174950298213,0.05765407554671968,2.831013916500994
PRMT5,0.5546719681908548,0.06560636182902585,3.1113320079522864
PRMT6,0.43339960238568587,0.09343936381709742,2.6660039761431413
PRMT7,0.4850894632206759,0.06958250497017893,2.862823061630219
PRMT8,0.49304174950298213,0.09741550695825049,3.0
PRND,0.510934393638171,0.09940357852882704,2.9502982107355864
PRNP,0.5129224652087475,0.09940357852882704,2.952286282306163
PROC,0.5805168986083499,0.007952286282306162,3.10934393638171
PROCR,0.614314115308151,0.027833001988071572,3.3439363817097414
PRODH,0.43538767395626243,0.09741550695825049,2.697813121272366
PROKR2,0.5089463220675944,0.09741550695825049,2.9502982107355864
PROM1,0.5009940357852882,0.0536779324055666,2.904572564612326
PROP1,0.4572564612326044,0.08349900596421471,2.8608349900596424
PROS1,0.5029821073558648,0.06958250497017893,2.878727634194831
PROX1,0.7495029821073559,0.007952286282306162,3.9244532803180916
PROZ,0.3717693836978131,0.12524850894632206,2.650099403578529
PRPF18,0.5149105367793241,0.055666003976143144,2.9502982107355864
PRPF19,0.5745526838966203,0.02385685884691849,3.033797216699801
PRPF3,0.7952286282306164,0.0019880715705765406,4.417495029821073
PRPF31,0.44930417495029823,0.09542743538767395,2.7057654075546718
PRPF38A,0.5208747514910537,0.04572564612326044,2.9105367793240555
PRPF38B,0.4294234592445328,0.09542743538767395,2.6520874751491053
PRPF39,0.5506958250497018,0.055666003976143144,3.143141153081511
PRPF4,0.3836978131212724,0.09741550695825049,2.5347912524850895
PRPF40A,0.5785288270377733,0.013916500994035786,3.1172962226640157
PRPF40B,0.5506958250497018,0.04771371769383698,3.029821073558648
PRPF6,0.6381709741550696,0.02186878727634195,3.6779324055666005
PRPF8,0.2823061630218688,0.20675944333996024,2.2445328031809146
PRPH2,0.6003976143141153,0.02982107355864811,3.3339960238568587
PRPS1,0.29025844930417494,0.27634194831013914,2.2922465208747513
PRPSAP1,0.6540755467196819,0.009940357852882704,3.4612326043737576
PRPSAP2,0.3538767395626243,0.16898608349900596,2.4711729622266403
PRRC1,0.39165009940357853,0.1073558648111332,2.622266401590457
PRRT2,0.610337972166998,0.033797216699801194,3.1928429423459246
PRSS1,0.6341948310139165,0.027833001988071572,3.3856858846918487
PRSS21,0.5725646123260437,0.03777335984095427,3.1232604373757455
PRSS23,0.5924453280318092,0.02584493041749503,3.1709741550695827
PRSS3,0.3956262425447316,0.1172962226640159,2.624254473161034
PRTN3,0.3061630218687873,0.16699801192842942,2.3141153081510932
PRUNE1,0.7952286282306164,0.005964214711729622,4.453280318091451
PSAP,0.47912524850894633,0.06958250497017893,2.7813121272365806
PSAT1,0.3379721669980119,0.1312127236580517,2.393638170974155
PSCA,0.7017892644135189,0.017892644135188866,4.0536779324055665
PSD,0.46123260437375746,0.07554671968190854,2.713717693836978
PSEN1,0.48906560636182905,0.07157057654075547,2.856858846918489
PSEN2,0.7475149105367793,0.0019880715705765406,3.9244532803180916
PSENEN,0.5566600397614314,0.055666003976143144,3.2703777335984094
PSG1,0.4970178926441352,0.07952286282306163,2.8886679920477136
PSG11,0.49304174950298213,0.07952286282306163,2.8827037773359843
PSG3,0.4990059642147117,0.0775347912524851,2.892644135188867
PSG4,0.4970178926441352,0.07554671968190854,2.886679920477137
PSG5,0.49502982107355864,0.0775347912524851,2.8807157057654074
PSG6,0.49502982107355864,0.07952286282306163,2.8846918489065607
PSG8,0.4970178926441352,0.07952286282306163,2.8886679920477136
PSG9,0.4970178926441352,0.07554671968190854,2.886679920477137
PSIP1,0.341948310139165,0.2047713717693837,2.4035785288270377
PSMA1,0.49304174950298213,0.055666003976143144,2.852882703777336
PSMA2,0.6858846918489065,0.02385685884691849,3.789264413518887
PSMA3,0.5268389662027833,0.0536779324055666,3.0139165009940356
PSMA4,0.3836978131212724,0.11332007952286283,2.5089463220675943
PSMA5,0.43141153081510936,0.09343936381709742,2.6540755467196817
PSMA6,0.6302186878727635,0.041749502982107355,4.143141153081511
PSMA7,0.6302186878727635,0.017892644135188866,3.592445328031809
PSMB1,0.3260437375745527,0.14910536779324055,2.4174950298210733
PSMB10,0.4850894632206759,0.07157057654075547,2.8548707753479126
PSMB11,0.5546719681908548,0.06560636182902585,3.1153081510934393
PSMB2,0.5268389662027833,0.03578528827037773,2.9463220675944335
PSMB3,0.6262425447316103,0.015904572564612324,3.3658051689860833
PSMB4,0.7952286282306164,0.0019880715705765406,4.431411530815109
PSMB5,0.5546719681908548,0.06560636182902585,3.113320079522863
PSMB6,0.294234592445328,0.20079522862823063,2.272365805168986
PSMB7,0.38767395626242546,0.09940357852882704,2.5268389662027833
PSMB8,0.6043737574552683,0.03180914512922465,3.262425447316103
PSMB9,0.6043737574552683,0.03180914512922465,3.262425447316103
PSMC1,0.4970178926441352,0.0775347912524851,2.952286282306163
PSMC2,0.6381709741550696,0.039761431411530816,3.4194831013916502
PSMC3,0.5308151093439364,0.039761431411530816,2.9502982107355864
PSMC4,0.532803180914513,0.06958250497017893,3.0974155069582503
PSMC5,0.6441351888667992,0.007952286282306162,3.459244532803181
PSMC6,0.5526838966202783,0.04970178926441352,3.10337972166998
PSMD1,0.5685884691848907,0.02186878727634195,3.017892644135189
PSMD10,0.29025844930417494,0.27435387673956263,2.2942345924453282
PSMD11,0.6083499005964215,0.02385685884691849,3.20675944333996
PSMD12,0.6540755467196819,0.005964214711729622,3.489065606361829
PSMD13,0.4671968190854871,0.06958250497017893,2.783300198807157
PSMD14,0.584493041749503,0.009940357852882704,3.172962226640159
PSMD2,0.5288270377733598,0.06759443339960239,3.0457256461232602
PSMD3,0.6182902584493042,0.019880715705765408,3.326043737574553
PSMD4,0.7952286282306164,0.003976143141153081,4.427435387673956
PSMD5,0.3856858846918489,0.09940357852882704,2.5467196819085487
PSMD6,0.36381709741550694,0.13320079522862824,2.4771371769383697
PSMD7,0.4671968190854871,0.08151093439363817,2.827037773359841
PSMD8,0.536779324055666,0.07157057654075547,3.1391650099403576
PSMD9,0.5268389662027833,0.07554671968190854,2.9204771371769382
PSME1,0.5546719681908548,0.06759443339960239,3.1113320079522864
PSME2,0.5546719681908548,0.06759443339960239,3.1113320079522864
PSME3,0.610337972166998,0.02186878727634195,3.262425447316103
PSME4,0.5904572564612326,0.011928429423459244,3.2485089463220675
PSMF1,0.5029821073558648,0.09542743538767395,2.94234592445328
PSMG1,0.44930417495029823,0.06759443339960239,2.840954274353877
PSMG2,0.4691848906560636,0.08151093439363817,2.9025844930417497
PSPC1,0.30417495029821073,0.17296222664015903,2.298210735586481
PSPH,0.6898608349900597,0.027833001988071572,4.147117296222664
PSPN,0.3081510934393638,0.16302186878727634,2.2882703777335984
PSRC1,0.43141153081510936,0.09343936381709742,2.6540755467196817
PSTPIP1,0.3797216699801193,0.11530815109343936,2.514910536779324
PSTPIP2,0.35984095427435386,0.18886679920477137,2.4990059642147116
PTAFR,0.49304174950298213,0.0636182902584493,2.834990059642147
PTBP1,0.3061630218687873,0.16699801192842942,2.3141153081510932
PTBP2,0.46322067594433397,0.08946322067594434,2.727634194831014
PTCD3,0.5924453280318092,0.017892644135188866,3.1530815109343937
PTCH1,0.3499005964214712,0.11928429423459244,2.4194831013916502
PTCH2,0.5467196819085487,0.02982107355864811,3.011928429423459
PTCRA,0.5984095427435387,0.02982107355864811,3.3220675944333995
PTDSS1,0.6998011928429424,0.015904572564612324,4.029821073558648
PTDSS2,0.46520874751491054,0.06958250497017893,2.7693836978131214
PTEN,0.46520874751491054,0.08548707753479125,2.7037773359840953
PTF1A,0.5347912524850894,0.041749502982107355,3.011928429423459
PTGDR,0.5526838966202783,0.04771371769383698,3.0974155069582503
PTGDR2,0.5745526838966203,0.02385685884691849,3.033797216699801
PTGDS,0.40357852882703776,0.09741550695825049,2.5745526838966204
PTGER1,0.31610337972166996,0.15308151093439365,2.332007952286282
PTGER2,0.5526838966202783,0.04771371769383698,3.099403578528827
PTGER3,0.5069582504970179,0.0536779324055666,2.8588469184890655
PTGER4,0.73558648111332,0.013916500994035786,4.349900596421471
PTGES,0.39165009940357853,0.09940357852882704,2.520874751491054
PTGES2,0.3856858846918489,0.09741550695825049,2.518886679920477
PTGES3,0.562624254473161,0.03777335984095427,3.176938369781312
PTGES3L-AARSD1,0.6083499005964215,0.02186878727634195,3.256461232604374
PTGFR,0.49304174950298213,0.06560636182902585,2.8508946322067596
PTGFRN,0.44532803180914515,0.09145129224652088,2.6938369781312126
PTGIR,0.4393638170974155,0.11133200795228629,2.7077534791252487
PTGIS,0.5924453280318092,0.0437375745526839,3.324055666003976
PTGS1,0.3836978131212724,0.09741550695825049,2.5288270377733597
PTGS2,0.7673956262425448,0.005964214711729622,4.019880715705765
PTH,0.48906560636182905,0.055666003976143144,2.952286282306163
PTH1R,0.33001988071570576,0.13916500994035785,2.3737574552683895
PTH2R,0.5765407554671969,0.019880715705765408,3.1013916500994037
PTHLH,0.5506958250497018,0.0636182902584493,3.304174950298211
PTK2,0.705765407554672,0.017892644135188866,4.085487077534792
PTK2B,0.3121272365805169,0.26043737574552683,2.304174950298211
PTK6,0.6381709741550696,0.017892644135188866,3.6640159045725644
PTMA,0.5725646123260437,0.02186878727634195,3.033797216699801
PTN,0.6361829025844931,0.02982107355864811,3.3658051689860833
PTOV1,0.4254473161033797,0.10934393638170974,2.640159045725646
PTP4A3,0.7037773359840954,0.017892644135188866,4.099403578528827
PTPA,0.39165009940357853,0.09940357852882704,2.518886679920477
PTPMT1,0.5308151093439364,0.039761431411530816,2.9502982107355864
PTPN1,0.5944333996023857,0.039761431411530816,3.3658051689860833
PTPN11,0.5208747514910537,0.073558648111332,2.9025844930417497
PTPN12,0.6381709741550696,0.03578528827037773,3.3180914512922466
PTPN13,0.44731610337972166,0.04970178926441352,2.675944333996024
PTPN14,0.7514910536779325,0.007952286282306162,3.930417495029821
PTPN18,0.5805168986083499,0.007952286282306162,3.10337972166998
PTPN2,0.4691848906560636,0.08151093439363817,2.9065606361829026
PTPN21,0.48906560636182905,0.08151093439363817,2.914512922465209
PTPN22,0.4254473161033797,0.09542743538767395,2.6540755467196817
PTPN23,0.33001988071570576,0.13916500994035785,2.3737574552683895
PTPN3,0.3836978131212724,0.10337972166998012,2.5347912524850895
PTPN4,0.5825049701789264,0.007952286282306162,3.1809145129224654
PTPN5,0.49105367793240556,0.055666003976143144,2.8389662027833
PTPN6,0.49304174950298213,0.09542743538767395,2.996023856858847
PTPN7,0.7673956262425448,0.003976143141153081,4.01192842942346
PTPN9,0.3817097415506958,0.11530815109343936,2.5089463220675943
PTPRB,0.5685884691848907,0.03578528827037773,3.5268389662027833
PTPRC,0.7693836978131213,0.0019880715705765406,4.009940357852883
PTPRCAP,0.6202783300198808,0.013916500994035786,3.2485089463220675
PTPRD,0.33399602385685884,0.22664015904572565,2.375745526838966
PTPRE,0.4691848906560636,0.08151093439363817,2.7296222664015906
PTPRF,0.5487077534791253,0.027833001988071572,3.0357852882703775
PTPRJ,0.536779324055666,0.039761431411530816,2.9642147117296225
PTPRK,0.3359840954274354,0.15705765407554673,2.459244532803181
PTPRM,0.47514910536779326,0.08946322067594434,2.8886679920477136
PTPRN,0.5685884691848907,0.019880715705765408,3.0457256461232602
PTPRN2,0.6441351888667992,0.03180914512922465,3.4194831013916502
PTPRO,0.47713717693836977,0.11332007952286283,2.9542743538767398
PTPRR,0.5646123260437376,0.03578528827037773,3.3856858846918487
PTPRU,0.5029821073558648,0.05964214711729622,2.8588469184890655
PTPRZ1,0.6401590457256461,0.03777335984095427,3.363817097415507
PTRH2,0.6421471172962226,0.011928429423459244,3.427435387673956
PTS,0.5168986083499006,0.07554671968190854,2.900596421471173
PTTG1,0.44532803180914515,0.09145129224652088,2.7912524850894633
PTX3,0.5407554671968191,0.055666003976143144,3.069582504970179
PUF60,0.6998011928429424,0.02186878727634195,4.029821073558648
PUM1,0.5069582504970179,0.0536779324055666,2.878727634194831
PUM2,0.584493041749503,0.015904572564612324,3.165009940357853
PUM3,0.34592445328031807,0.20874751491053678,2.407554671968191
PURA,0.415506958250497,0.10139165009940358,2.662027833001988
PURB,0.6858846918489065,0.02385685884691849,3.8210735586481115
PUS1,0.5228628230616302,0.07554671968190854,2.9244532803180916
PVR,0.49502982107355864,0.07554671968190854,2.9284294234592445
PWP1,0.5208747514910537,0.07554671968190854,2.8946322067594434
PWP2,0.441351888667992,0.07952286282306163,2.765407554671968
PXN,0.5248508946322068,0.07157057654075547,2.9224652087475147
PYCARD,0.6083499005964215,0.027833001988071572,3.2365805168986084
PYCR1,0.6520874751491054,0.005964214711729622,3.4612326043737576
PYCR2,0.7514910536779325,0.0019880715705765406,3.9463220675944335
PYDC1,0.6083499005964215,0.027833001988071572,3.2365805168986084
PYGB,0.558648111332008,0.06560636182902585,3.1292246520874754
PYGL,0.5487077534791253,0.05168986083499006,3.1192842942345926
PYGM,0.5765407554671969,0.02385685884691849,3.0417495029821073
PYGO1,0.36381709741550694,0.13717693836978131,2.4433399602385686
PYGO2,0.7932405566600398,0.0019880715705765406,4.390438247011952
PYM1,0.5546719681908548,0.041749502982107355,3.1172962226640157
PYY,0.610337972166998,0.017892644135188866,3.290258449304175
QDPR,0.5009940357852882,0.05168986083499006,2.9125248508946324
QKI,0.31610337972166996,0.14910536779324055,2.4035785288270377
QPCT,0.5944333996023857,0.013916500994035786,3.2306163021868786
QPRT,0.610337972166998,0.033797216699801194,3.198807157057654
QRFPR,0.4254473161033797,0.055666003976143144,2.6660039761431413
QRSL1,0.3081510934393638,0.15904572564612326,2.3976143141153083
QSOX1,0.7673956262425448,0.003976143141153081,4.031809145129225
QTRT1,0.3101391650099404,0.1550695825049702,2.3180914512922466
QTRT2,0.5149105367793241,0.061630218687872766,2.904572564612326
RAB10,0.5944333996023857,0.013916500994035786,3.182902584493042
RAB11A,0.3797216699801193,0.12127236580516898,2.4870775347912524
RAB11B,0.3081510934393638,0.1550695825049702,2.2962226640159047
RAB11FIP1,0.44731610337972166,0.15705765407554673,3.0
RAB11FIP2,0.4671968190854871,0.07554671968190854,2.7236580516898607
RAB11FIP3,0.5546719681908548,0.0437375745526839,3.10934393638171
RAB11FIP4,0.5944333996023857,0.03578528827037773,3.1630218687872764
RAB11FIP5,0.588469184890656,0.015904572564612324,3.1451292246520874
RAB13,0.7952286282306164,0.0019880715705765406,4.391650099403578
RAB14,0.3856858846918489,0.09940357852882704,2.5447316103379722
RAB15,0.5009940357852882,0.06560636182902585,2.8827037773359843
RAB17,0.5666003976143141,0.027833001988071572,3.00596421471173
RAB18,0.5506958250497018,0.041749502982107355,3.0497017892644136
RAB1A,0.5944333996023857,0.015904572564612324,3.176938369781312
RAB1B,0.610337972166998,0.015904572564612324,3.1868787276341948
RAB21,0.5526838966202783,0.0437375745526839,3.228628230616302
RAB22A,0.6282306163021869,0.019880715705765408,3.6123260437375744
RAB23,0.5765407554671969,0.041749502982107355,3.194831013916501
RAB24,0.4572564612326044,0.08151093439363817,2.8548707753479126
RAB25,0.7932405566600398,0.0019880715705765406,4.31013916500994
RAB27A,0.36381709741550694,0.13518886679920478,2.445328031809145
RAB27B,0.34393638170974156,0.20675944333996024,2.4035785288270377
RAB29,0.7634194831013916,0.005964214711729622,4.0
RAB2A,0.6540755467196819,0.027833001988071572,3.852882703777336
RAB2B,0.5506958250497018,0.0636182902584493,3.091451292246521
RAB30,0.6023856858846919,0.02385685884691849,3.1749502982107356
RAB31,0.47713717693836977,0.0874751491053678,2.9025844930417497
RAB32,0.3260437375745527,0.1550695825049702,2.4254473161033796
RAB33A,0.3121272365805169,0.2524850894632207,2.353876739562624
RAB33B,0.4294234592445328,0.0536779324055666,2.6819085487077534
RAB34,0.5984095427435387,0.02584493041749503,3.1749502982107356
RAB35,0.5228628230616302,0.07157057654075547,2.9204771371769382
RAB36,0.43339960238568587,0.10337972166998012,2.675944333996024
RAB37,0.6520874751491054,0.009940357852882704,3.4731610337972167
RAB39B,0.34791252485089463,0.2147117296222664,2.548707753479125
RAB3A,0.3538767395626243,0.13518886679920478,2.463220675944334
RAB3B,0.5228628230616302,0.04572564612326044,2.9165009940357853
RAB3C,0.43538767395626243,0.09741550695825049,2.7813121272365806
RAB3D,0.3101391650099404,0.15308151093439365,2.3180914512922466
RAB3GAP1,0.5805168986083499,0.007952286282306162,3.1013916500994037
RAB3GAP2,0.7475149105367793,0.0019880715705765406,3.9224652087475147
RAB3IP,0.5725646123260437,0.03578528827037773,3.8608349900596424
RAB40A,0.2882703777335984,0.28429423459244535,2.2823061630218686
RAB40AL,0.29025844930417494,0.28429423459244535,2.2842942345924455
RAB40B,0.6461232604373758,0.005964214711729622,3.445328031809145
RAB40C,0.558648111332008,0.041749502982107355,3.1192842942345926
RAB43,0.5308151093439364,0.05765407554671968,2.944333996023857
RAB4A,0.7395626242544732,0.0019880715705765406,3.9125248508946324
RAB4B,0.5168986083499006,0.073558648111332,2.9761431411530817
RAB5A,0.34592445328031807,0.13320079522862824,2.423459244532803
RAB5B,0.5546719681908548,0.041749502982107355,3.113320079522863
RAB5C,0.610337972166998,0.019880715705765408,3.2604373757455267
RAB6A,0.5984095427435387,0.019880715705765408,3.220675944333996
RAB6B,0.5308151093439364,0.05765407554671968,2.9642147117296225
RAB7A,0.5268389662027833,0.05765407554671968,2.9324055666003974
RAB7B,0.7634194831013916,0.005964214711729622,3.9980119284294235
RAB8A,0.341948310139165,0.14314115308151093,2.3976143141153083
RAB9A,0.23856858846918488,0.3399602385685885,2.091451292246521
RABEP1,0.29025844930417494,0.20278330019880716,2.262425447316103
RABEPK,0.3856858846918489,0.09741550695825049,2.5168986083499005
RABGAP1,0.3836978131212724,0.09741550695825049,2.530815109343936
RAC1,0.6858846918489065,0.02186878727634195,3.8946322067594434
RAC2,0.40357852882703776,0.1272365805168986,2.5984095427435387
RAC3,0.6481113320079522,0.005964214711729622,3.454183266932271
RACGAP1,0.5506958250497018,0.0536779324055666,3.055666003976143
RACK1,0.46123260437375746,0.08548707753479125,2.8846918489065607
RAD1,0.7375745526838966,0.011928429423459244,4.3399602385685885
RAD17,0.40159045725646125,0.10536779324055666,2.624254473161034
RAD18,0.36182902584493043,0.12127236580516898,2.475149105367793
RAD21,0.7176938369781312,0.017892644135188866,4.093439363817097
RAD21L1,0.5049701789264414,0.09542743538767395,2.944333996023857
RAD23A,0.3061630218687873,0.15308151093439365,2.3061630218687874
RAD23B,0.3817097415506958,0.10337972166998012,2.514910536779324
RAD50,0.38767395626242546,0.11133200795228629,2.5745526838966204
RAD51,0.33001988071570576,0.16898608349900596,2.324055666003976
RAD51AP1,0.49105367793240556,0.09741550695825049,2.988071570576541
RAD51B,0.49304174950298213,0.06560636182902585,2.878727634194831
RAD51C,0.6381709741550696,0.009940357852882704,3.4135188866799204
RAD51D,0.614314115308151,0.02385685884691849,3.2087475149105367
RAD52,0.5009940357852882,0.0874751491053678,3.05168986083499
RAD54B,0.6898608349900597,0.015904572564612324,3.9920477137176937
RAD54L,0.5447316103379721,0.033797216699801194,2.988071570576541
RAD9A,0.6202783300198808,0.013916500994035786,3.2485089463220675
RAD9B,0.5188866799204771,0.073558648111332,2.904572564612326
RAE1,0.6202783300198808,0.02186878727634195,3.506958250497018
RAET1E,0.3220675944333996,0.15308151093439365,2.4095427435387675
RAET1G,0.3220675944333996,0.15308151093439365,2.4095427435387675
RAF1,0.36182902584493043,0.12326043737574553,2.4711729622266403
RAG1,0.5129224652087475,0.04970178926441352,2.9284294234592445
RAI1,0.33399602385685884,0.17892644135188868,2.3856858846918487
RAI14,0.7375745526838966,0.011928429423459244,4.349900596421471
RALA,0.6878727634194831,0.02584493041749503,3.8290258449304173
RALB,0.5825049701789264,0.007952286282306162,3.1749502982107356
RALBP1,0.47514910536779326,0.08548707753479125,2.900596421471173
RALGAPA2,0.5467196819085487,0.09343936381709742,3.043737574552684
RALGAPB,0.5805168986083499,0.041749502982107355,3.2226640159045727
RALGDS,0.3976143141153082,0.09741550695825049,2.542743538767396
RALGPS2,0.7733598409542743,0.003976143141153081,4.037773359840954
RALY,0.5964214711729622,0.02982107355864811,3.262425447316103
RAMP1,0.5666003976143141,0.027833001988071572,3.00596421471173
RAMP2,0.6123260437375746,0.019880715705765408,3.2664015904572565
RAMP3,0.6858846918489065,0.02385685884691849,3.840954274353877
RAN,0.5248508946322068,0.07554671968190854,2.9165009940357853
RANBP1,0.44930417495029823,0.09145129224652088,2.7594433399602387
RANBP10,0.4850894632206759,0.07157057654075547,2.8548707753479126
RANBP2,0.5825049701789264,0.007952286282306162,3.1610337972167
RANBP3,0.3081510934393638,0.16500994035785288,2.286282306163022
RANBP6,0.34393638170974156,0.21073558648111332,2.4353876739562623
RANBP9,0.6023856858846919,0.033797216699801194,3.2763419483101393
RANGAP1,0.40755467196819084,0.12326043737574553,2.5745526838966204
RANGRF,0.294234592445328,0.20675944333996024,2.26441351888668
RAP1A,0.43141153081510936,0.09145129224652088,2.658051689860835
RAP1B,0.5765407554671969,0.03578528827037773,3.6600397614314115
RAP1GAP,0.4970178926441352,0.06560636182902585,2.852882703777336
RAP1GAP2,0.2882703777335984,0.21073558648111332,2.2485089463220675
RAP2A,0.3717693836978131,0.10934393638170974,2.6023856858846917
RAP2B,0.5427435387673957,0.055666003976143144,3.055666003976143
RAP2C,0.31411530815109345,0.2524850894632207,2.363817097415507
RAPGEF1,0.39363817097415504,0.09940357852882704,2.5387673956262424
RAPGEF2,0.4194831013916501,0.061630218687872766,2.636182902584493
RAPGEF3,0.5407554671968191,0.055666003976143144,3.0139165009940356
RAPGEF4,0.5924453280318092,0.011928429423459244,3.168986083499006
RAPGEF5,0.6938369781312127,0.02385685884691849,3.9284294234592445
RAPGEF6,0.38966202783300197,0.11133200795228629,2.5825049701789267
RAPH1,0.5785288270377733,0.015904572564612324,3.1113320079522864
RAPSN,0.5308151093439364,0.039761431411530816,2.9502982107355864
RARA,0.6163021868787276,0.019880715705765408,3.324055666003976
RARB,0.3518886679920477,0.13518886679920478,2.4135188866799204
RARG,0.5566600397614314,0.041749502982107355,3.0596421471172963
RARRES2,0.6361829025844931,0.02982107355864811,3.389662027833002
RARS2,0.32007952286282304,0.15904572564612326,2.3737574552683895
RASA1,0.3836978131212724,0.11133200795228629,2.588469184890656
RASA2,0.5288270377733598,0.05765407554671968,2.9920477137176937
RASA3,0.3697813121272366,0.12922465208747516,2.5646123260437377
RASA4,0.6381709741550696,0.03777335984095427,3.4433399602385686
RASAL1,0.5188866799204771,0.073558648111332,2.900596421471173
RASAL2,0.7713717693836978,0.003976143141153081,4.029821073558648
RASAL3,0.33399602385685884,0.14512922465208747,2.3797216699801194
RASD1,0.3320079522862823,0.18091451292246521,2.3797216699801194
RASD2,0.3956262425447316,0.12524850894632206,2.588469184890656
RASGRF1,0.3836978131212724,0.1172962226640159,2.5049701789264414
RASGRF2,0.3956262425447316,0.11332007952286283,2.5984095427435387
RASGRP1,0.32803180914512925,0.16898608349900596,2.31610337972167
RASGRP2,0.5765407554671969,0.02385685884691849,3.039761431411531
RASGRP3,0.5924453280318092,0.015904572564612324,3.194831013916501
RASGRP4,0.5387673956262425,0.07157057654075547,3.143141153081511
RASIP1,0.4254473161033797,0.11332007952286283,2.6421471172962225
RASL10A,0.40159045725646125,0.12127236580516898,2.5506958250497016
RASSF1,0.3220675944333996,0.13916500994035785,2.3697813121272366
RASSF2,0.5089463220675944,0.09542743538767395,2.94831013916501
RASSF5,0.7654075546719682,0.003976143141153081,4.00596421471173
RAX2,0.2962226640159046,0.16699801192842942,2.2703777335984094
RB1,0.3101391650099404,0.15705765407554673,2.3697813121272366
RB1CC1,0.6322067594433399,0.03777335984095427,3.63220675944334
RBBP4,0.5149105367793241,0.04771371769383698,2.904572564612326
RBBP5,0.7693836978131213,0.0019880715705765406,4.039761431411531
RBBP6,0.5964214711729622,0.03777335984095427,3.1570576540755466
RBBP7,0.23658051689860835,0.3379721669980119,2.113320079522863
RBBP8,0.47514910536779326,0.09940357852882704,3.0019880715705765
RBBP9,0.5387673956262425,0.09145129224652088,3.0238568588469183
RBCK1,0.5069582504970179,0.09542743538767395,2.94234592445328
RBFOX1,0.5805168986083499,0.041749502982107355,3.143141153081511
RBFOX2,0.39165009940357853,0.1272365805168986,2.5745526838966204
RBL1,0.5904572564612326,0.03578528827037773,3.250497017892644
RBL2,0.4970178926441352,0.07952286282306163,2.8946322067594434
RBM10,0.2544731610337972,0.31411530815109345,2.1848906560636183
RBM12,0.6182902584493042,0.02186878727634195,3.371769383697813
RBM14,0.6163021868787276,0.011928429423459244,3.2405566600397613
RBM15,0.43339960238568587,0.0874751491053678,2.6640159045725644
RBM15B,0.3260437375745527,0.13916500994035785,2.375745526838966
RBM17,0.5188866799204771,0.05765407554671968,2.9622266401590456
RBM19,0.5188866799204771,0.073558648111332,2.9025844930417497
RBM22,0.4254473161033797,0.09741550695825049,2.73558648111332
RBM23,0.5546719681908548,0.06560636182902585,3.1113320079522864
RBM24,0.5964214711729622,0.033797216699801194,3.2226640159045727
RBM25,0.48906560636182905,0.07157057654075547,2.856858846918489
RBM28,0.6361829025844931,0.033797216699801194,3.3658051689860833
RBM34,0.731610337972167,0.007952286282306162,3.8986083499005963
RBM38,0.6202783300198808,0.02186878727634195,3.506958250497018
RBM39,0.6182902584493042,0.02186878727634195,3.371769383697813
RBM4,0.6163021868787276,0.011928429423459244,3.2405566600397613
RBM42,0.558648111332008,0.055666003976143144,3.286282306163022
RBM45,0.5944333996023857,0.009940357852882704,3.1868787276341948
RBM4B,0.6163021868787276,0.011928429423459244,3.2405566600397613
RBM5,0.3220675944333996,0.13916500994035785,2.3697813121272366
RBM8A,0.7773359840954275,0.0019880715705765406,4.240556660039761
RBMX,0.3220675944333996,0.23658051689860835,2.3956262425447314
RBP2,0.532803180914513,0.055666003976143144,3.0019880715705765
RBP4,0.4691848906560636,0.07952286282306163,2.7236580516898607
RBP5,0.49304174950298213,0.09542743538767395,2.996023856858847
RBPJ,0.5069582504970179,0.04970178926441352,3.021868787276342
RBPJL,0.5745526838966203,0.04970178926441352,3.182902584493042
RBPMS,0.3260437375745527,0.2504970178926441,2.326043737574553
RBSN,0.3558648111332008,0.12326043737574553,2.4552683896620278
RBX1,0.4095427435387674,0.12127236580516898,2.5825049701789267
RC3H1,0.7773359840954275,0.003976143141153081,4.079522862823062
RCAN1,0.4532803180914513,0.06958250497017893,2.7972166998011927
RCC1,0.49304174950298213,0.0636182902584493,2.834990059642147
RCC2,0.5029821073558648,0.06958250497017893,2.8767395626242545
RCCD1,0.40357852882703776,0.10337972166998012,2.5785288270377733
RCE1,0.614314115308151,0.011928429423459244,3.2405566600397613
RCHY1,0.46322067594433397,0.04970178926441352,2.7852882703777335
RCL1,0.34393638170974156,0.21073558648111332,2.451292246520875
RCN1,0.4990059642147117,0.04771371769383698,2.8886679920477136
RCOR1,0.49105367793240556,0.08946322067594434,2.8489065606361827
RCOR2,0.5765407554671969,0.02584493041749503,3.0596421471172963
RCOR3,0.7554671968190855,0.005964214711729622,3.9582504970178927
RCSD1,0.7773359840954275,0.007952286282306162,4.0914512922465205
RDH10,0.6759443339960238,0.019880715705765408,3.982107355864811
RDH11,0.4870775347912525,0.06958250497017893,2.852882703777336
RDH13,0.4532803180914513,0.09542743538767395,2.743538767395626
RDH14,0.5825049701789264,0.015904572564612324,3.1570576540755466
RDH5,0.5526838966202783,0.041749502982107355,3.1053677932405566
REC8,0.5546719681908548,0.06759443339960239,3.113320079522863
RECK,0.38966202783300197,0.12326043737574553,2.570576540755467
RECQL,0.5228628230616302,0.09145129224652088,3.2524850894632205
RECQL4,0.6918489065606361,0.02385685884691849,4.0178926441351885
RECQL5,0.658051689860835,0.009940357852882704,3.4831013916500995
REEP1,0.5904572564612326,0.017892644135188866,3.1610337972167
REEP2,0.41749502982107356,0.09940357852882704,2.6640159045725644
REEP3,0.4831013916500994,0.06560636182902585,2.8111332007952288
REEP4,0.3081510934393638,0.26043737574552683,2.2922465208747513
REEP5,0.38966202783300197,0.11332007952286283,2.5964214711729623
REEP6,0.30417495029821073,0.16500994035785288,2.290258449304175
REG1A,0.5864811133200796,0.017892644135188866,3.1491053677932404
REG1B,0.5864811133200796,0.017892644135188866,3.1491053677932404
REG3A,0.5864811133200796,0.017892644135188866,3.1491053677932404
REL,0.5924453280318092,0.013916500994035786,3.1610337972167
RELA,0.5984095427435387,0.019880715705765408,3.125248508946322
RELB,0.49502982107355864,0.07952286282306163,2.918489065606362
RELN,0.6401590457256461,0.039761431411530816,3.4254473161033796
RELT,0.6023856858846919,0.019880715705765408,3.2226640159045727
REN,0.7713717693836978,0.0019880715705765406,4.047713717693837
REP15,0.5487077534791253,0.06560636182902585,3.3339960238568587
REPIN1,0.6361829025844931,0.02982107355864811,3.389662027833002
REPS1,0.3379721669980119,0.15308151093439365,2.592445328031809
REPS2,0.23658051689860835,0.3379721669980119,2.1153081510934393
RER1,0.5248508946322068,0.055666003976143144,2.9324055666003974
RERE,0.510934393638171,0.06759443339960239,2.886679920477137
REST,0.4990059642147117,0.04771371769383698,2.89065606361829
RET,0.5308151093439364,0.055666003976143144,2.926441351888668
RETN,0.3081510934393638,0.1610337972166998,2.2882703777335984
RETREG1,0.7554671968190855,0.009940357852882704,4.512922465208748
RETSAT,0.588469184890656,0.017892644135188866,3.1411530815109345
REV1,0.584493041749503,0.005964214711729622,3.2027833001988073
REV3L,0.3101391650099404,0.15705765407554673,2.3737574552683895
REXO1,0.30218687872763417,0.16898608349900596,2.2783300198807157
REXO2,0.5188866799204771,0.07157057654075547,2.8946322067594434
REXO4,0.3976143141153082,0.09741550695825049,2.5467196819085487
REXO5,0.5864811133200796,0.0437375745526839,3.1292246520874754
RFC1,0.5069582504970179,0.04771371769383698,2.970178926441352
RFC2,0.6461232604373758,0.03777335984095427,3.337972166998012
RFC3,0.3061630218687873,0.15904572564612326,2.3578528827037775
RFC4,0.5228628230616302,0.07554671968190854,3.003976143141153
RFC5,0.5288270377733598,0.07157057654075547,2.94831013916501
RFFL,0.614314115308151,0.02385685884691849,3.2087475149105367
RFK,0.34393638170974156,0.12922465208747516,2.4035785288270377
RFT1,0.33399602385685884,0.13518886679920478,2.3916500994035785
RFWD3,0.46322067594433397,0.07952286282306163,2.817097415506958
RFX2,0.3081510934393638,0.16302186878727634,2.2882703777335984
RFX3,0.34393638170974156,0.21272365805168986,2.4035785288270377
RFX5,0.7952286282306164,0.0019880715705765406,4.431411530815109
RFX6,0.3121272365805169,0.1550695825049702,2.3697813121272366
RFX7,0.36779324055666,0.13717693836978131,2.459244532803181
RFXANK,0.3558648111332008,0.12326043737574553,2.5049701789264414
RFXAP,0.30218687872763417,0.16500994035785288,2.3359840954274356
RGCC,0.31411530815109345,0.1610337972166998,2.3856858846918487
RGMA,0.40755467196819084,0.10337972166998012,2.588469184890656
RGMB,0.40357852882703776,0.11928429423459244,2.6163021868787277
RGPD8,0.5904572564612326,0.007952286282306162,3.1809145129224654
RGR,0.46520874751491054,0.07554671968190854,2.7395626242544733
RGS1,0.7693836978131213,0.0019880715705765406,4.025844930417495
RGS10,0.4711729622266402,0.0775347912524851,2.7296222664015906
RGS11,0.5546719681908548,0.04771371769383698,3.1053677932405566
RGS12,0.4831013916500994,0.06560636182902585,2.827037773359841
RGS13,0.7693836978131213,0.0019880715705765406,4.023856858846918
RGS14,0.4572564612326044,0.08151093439363817,2.8508946322067596
RGS16,0.7693836978131213,0.005964214711729622,4.027833001988071
RGS17,0.32803180914512925,0.1550695825049702,2.4174950298210733
RGS18,0.7713717693836978,0.0019880715705765406,4.027833001988071
RGS19,0.6381709741550696,0.02186878727634195,3.675944333996024
RGS2,0.7733598409542743,0.0019880715705765406,4.023856858846918
RGS20,0.6341948310139165,0.03777335984095427,3.6600397614314115
RGS22,0.7037773359840954,0.015904572564612324,4.117296222664016
RGS3,0.3817097415506958,0.09741550695825049,2.532803180914513
RGS4,0.7793240556660039,0.003976143141153081,4.172962226640159
RGS5,0.7813121272365805,0.003976143141153081,4.180914512922465
RGS6,0.4831013916500994,0.07157057654075547,2.856858846918489
RGS7,0.7475149105367793,0.003976143141153081,3.9502982107355864
RGS7BP,0.4135188866799205,0.10139165009940358,2.6699801192842942
RGS8,0.7693836978131213,0.005964214711729622,4.027833001988071
RGS9,0.6500994035785288,0.005964214711729622,3.4711729622266403
RGS9BP,0.5526838966202783,0.05765407554671968,3.238568588469185
RGSL1,0.7693836978131213,0.005964214711729622,4.027833001988071
RHAG,0.588469184890656,0.03180914512922465,3.2365805168986084
RHBDD1,0.5666003976143141,0.02385685884691849,3.029821073558648
RHBDF1,0.5566600397614314,0.04771371769383698,3.10934393638171
RHBDF2,0.6540755467196819,0.009940357852882704,3.4612326043737576
RHEB,0.6381709741550696,0.03180914512922465,3.4214711729622267
RHNO1,0.4970178926441352,0.09542743538767395,3.011928429423459
RHO,0.5308151093439364,0.05765407554671968,2.944333996023857
RHOA,0.3220675944333996,0.1411530815109344,2.36779324055666
RHOB,0.584493041749503,0.015904572564612324,3.165009940357853
RHOBTB1,0.48111332007952284,0.06560636182902585,2.904572564612326
RHOBTB2,0.30218687872763417,0.2644135188866799,2.2763419483101393
RHOBTB3,0.3996023856858847,0.11332007952286283,2.6123260437375744
RHOC,0.4254473161033797,0.09145129224652088,2.6520874751491053
RHOD,0.6163021868787276,0.011928429423459244,3.228628230616302
RHOF,0.5268389662027833,0.07554671968190854,2.9204771371769382
RHOG,0.4731610337972167,0.06560636182902585,2.775347912524851
RHOH,0.5069582504970179,0.04970178926441352,2.944333996023857
RHOQ,0.588469184890656,0.013916500994035786,3.228628230616302
RHOT1,0.6043737574552683,0.027833001988071572,3.1968190854870775
RHOT2,0.558648111332008,0.041749502982107355,3.1192842942345926
RHOU,0.7435387673956262,0.0019880715705765406,3.9105367793240555
RHOV,0.33001988071570576,0.16898608349900596,2.324055666003976
RHPN2,0.5526838966202783,0.05765407554671968,3.238568588469185
RIC8A,0.4671968190854871,0.06958250497017893,2.783300198807157
RIC8B,0.5168986083499006,0.07554671968190854,2.8807157057654074
RICTOR,0.7395626242544732,0.011928429423459244,4.403578528827038
RIF1,0.5785288270377733,0.011928429423459244,3.1192842942345926
RILP,0.2823061630218688,0.20675944333996024,2.2445328031809146
RIMKLA,0.5467196819085487,0.027833001988071572,3.0417495029821073
RIMKLB,0.48906560636182905,0.09741550695825049,2.9542743538767398
RIMS1,0.3658051689860835,0.1272365805168986,2.5228628230616303
RIMS2,0.7077534791252486,0.013916500994035786,4.027833001988071
RIN1,0.614314115308151,0.013916500994035786,3.194831013916501
RING1,0.6063618290258449,0.03180914512922465,3.256461232604374
RINT1,0.6421471172962226,0.041749502982107355,3.407554671968191
RIOK1,0.610337972166998,0.03180914512922465,3.3180914512922466
RIOX1,0.4850894632206759,0.07157057654075547,2.852882703777336
RIPK1,0.610337972166998,0.033797216699801194,3.26441351888668
RIPK2,0.679920477137177,0.019880715705765408,3.9840954274353875
RIPK3,0.5546719681908548,0.0636182902584493,3.10934393638171
RIT1,0.7932405566600398,0.0019880715705765406,4.330019880715706
RIT2,0.37773359840954274,0.17892644135188868,2.6023856858846917
RLBP1,0.3996023856858847,0.11332007952286283,2.5566600397614314
RLIM,0.27435387673956263,0.2882703777335984,2.274353876739563
RMDN2,0.5944333996023857,0.013916500994035786,3.228628230616302
RMDN3,0.33001988071570576,0.16898608349900596,2.324055666003976
RMI1,0.34791252485089463,0.12922465208747516,2.4035785288270377
RMI2,0.5984095427435387,0.03578528827037773,3.2226640159045727
RNASE2,0.5427435387673957,0.06958250497017893,3.0715705765407555
RNASE3,0.5447316103379721,0.06958250497017893,3.085487077534791
RNASEH1,0.5765407554671969,0.017892644135188866,3.1491053677932404
RNASEH2A,0.3061630218687873,0.1550695825049702,2.308151093439364
RNASEH2B,0.3359840954274354,0.147117296222664,2.4393638170974157
RNASEH2C,0.5984095427435387,0.019880715705765408,3.131212723658052
RND1,0.5526838966202783,0.04970178926441352,3.043737574552684
RND2,0.6083499005964215,0.02186878727634195,3.256461232604374
RND3,0.5745526838966203,0.013916500994035786,3.10934393638171
RNF103,0.5904572564612326,0.017892644135188866,3.159045725646123
RNF11,0.5208747514910537,0.041749502982107355,2.9105367793240555
RNF111,0.35984095427435386,0.1312127236580517,2.4314115308151094
RNF115,0.7773359840954275,0.0019880715705765406,4.240556660039761
RNF123,0.3220675944333996,0.1411530815109344,2.36779324055666
RNF125,0.415506958250497,0.14314115308151093,2.743538767395626
RNF128,0.29025844930417494,0.27634194831013914,2.2922465208747513
RNF13,0.5407554671968191,0.0536779324055666,3.043737574552684
RNF130,0.46322067594433397,0.08349900596421471,2.8807157057654074
RNF135,0.5924453280318092,0.03578528827037773,3.15506958250497
RNF138,0.41749502982107356,0.14314115308151093,2.7475149105367795
RNF139,0.731610337972167,0.015904572564612324,4.31610337972167
RNF14,0.4115308151093439,0.09741550695825049,2.675944333996024
RNF144A,0.5785288270377733,0.019880715705765408,3.15506958250497
RNF144B,0.5944333996023857,0.033797216699801194,3.220675944333996
RNF146,0.3320079522862823,0.1550695825049702,2.4373757455268388
RNF152,0.3499005964214712,0.21073558648111332,2.399602385685885
RNF168,0.5208747514910537,0.08349900596421471,2.996023856858847
RNF17,0.294234592445328,0.1709741550695825,2.2882703777335984
RNF182,0.6043737574552683,0.033797216699801194,3.2544731610337974
RNF185,0.4115308151093439,0.1172962226640159,2.5984095427435387
RNF187,0.7455268389662028,0.0019880715705765406,3.9105367793240555
RNF19A,0.7037773359840954,0.015904572564612324,4.121272365805169
RNF19B,0.5149105367793241,0.04572564612326044,2.908548707753479
RNF2,0.7693836978131213,0.005964214711729622,4.021868787276342
RNF20,0.35984095427435386,0.11133200795228629,2.463220675944334
RNF213,0.6560636182902585,0.005964214711729622,3.4870775347912524
RNF216,0.6858846918489065,0.02186878727634195,3.8767395626242545
RNF220,0.5506958250497018,0.02982107355864811,3.0079522862823063
RNF24,0.5129224652087475,0.09940357852882704,2.9463220675944335
RNF25,0.5685884691848907,0.019880715705765408,3.0457256461232602
RNF31,0.5546719681908548,0.06759443339960239,3.1113320079522864
RNF32,0.6381709741550696,0.03180914512922465,3.407554671968191
RNF34,0.5268389662027833,0.07554671968190854,2.9204771371769382
RNF4,0.4831013916500994,0.06560636182902585,2.8290258449304173
RNF40,0.6123260437375746,0.02584493041749503,3.2365805168986084
RNF41,0.5606361829025845,0.03777335984095427,3.125248508946322
RNF43,0.6302186878727635,0.011928429423459244,3.3876739562624256
RNF5,0.6023856858846919,0.03180914512922465,3.2783300198807157
RNF6,0.2982107355864811,0.16699801192842942,2.308151093439364
RNF7,0.5288270377733598,0.055666003976143144,3.0
RNF8,0.6003976143141153,0.02982107355864811,3.268389662027833
RNGTT,0.3220675944333996,0.15705765407554673,2.381709741550696
RNH1,0.46322067594433397,0.06958250497017893,2.7673956262425445
RNMT,0.4671968190854871,0.08349900596421471,2.89662027833002
RNPEP,0.7673956262425448,0.005964214711729622,4.009940357852883
RNPS1,0.5666003976143141,0.039761431411530816,3.121272365805169
RO60,0.7733598409542743,0.0019880715705765406,4.025844930417495
ROBO1,0.3817097415506958,0.12127236580516898,2.4950298210735586
ROBO2,0.38767395626242546,0.11928429423459244,2.514910536779324
ROBO3,0.5288270377733598,0.07157057654075547,2.930417495029821
ROBO4,0.5288270377733598,0.07157057654075547,2.930417495029821
ROCK1,0.47713717693836977,0.09343936381709742,2.827037773359841
ROCK2,0.5745526838966203,0.017892644135188866,3.147117296222664
ROM1,0.5685884691848907,0.02584493041749503,3.0278330019880717
ROMO1,0.6182902584493042,0.02186878727634195,3.371769383697813
ROPN1L,0.7534791252485089,0.011928429423459244,4.556660039761431
ROR1,0.5049701789264414,0.05765407554671968,2.8648111332007953
ROR2,0.3538767395626243,0.12326043737574553,2.4314115308151094
RORA,0.36779324055666,0.13717693836978131,2.4473161033797215
RORB,0.3399602385685885,0.1312127236580517,2.407554671968191
RORC,0.7952286282306164,0.0019880715705765406,4.423459244532803
RP1L1,0.33399602385685884,0.2584493041749503,2.3797216699801194
RP2,0.2524850894632207,0.31411530815109345,2.2365805168986084
RP9,0.6978131212723658,0.02385685884691849,3.8369781312127236
RPA1,0.2823061630218688,0.20874751491053678,2.242544731610338
RPA2,0.4870775347912525,0.0636182902584493,2.8210735586481115
RPA3,0.6858846918489065,0.02584493041749503,3.8727634194831015
RPA4,0.29025844930417494,0.2803180914512923,2.2922465208747513
RPAIN,0.29025844930417494,0.2047713717693837,2.2604373757455267
RPAP1,0.32803180914512925,0.16699801192842942,2.3101391650099403
RPAP2,0.47713717693836977,0.07952286282306163,2.765407554671968
RPE,0.5725646123260437,0.019880715705765408,3.0675944333996026
RPE65,0.5129224652087475,0.04771371769383698,2.8846918489065607
RPF1,0.48906560636182905,0.0775347912524851,2.8210735586481115
RPF2,0.3121272365805169,0.15705765407554673,2.377733598409543
RPGRIP1,0.5487077534791253,0.061630218687872766,3.085487077534791
RPH3A,0.5188866799204771,0.073558648111332,2.900596421471173
RPH3AL,0.28628230616302186,0.21073558648111332,2.2445328031809146
RPIA,0.584493041749503,0.015904572564612324,3.15506958250497
RPL10A,0.6003976143141153,0.02982107355864811,3.2524850894632205
RPL10L,0.5487077534791253,0.04970178926441352,3.1451292246520874
RPL11,0.48906560636182905,0.06759443339960239,2.8429423459244534
RPL12,0.3856858846918489,0.09542743538767395,2.520874751491054
RPL13,0.441351888667992,0.11332007952286283,2.679920477137177
RPL13A,0.4254473161033797,0.11332007952286283,2.6481113320079523
RPL14,0.34393638170974156,0.12524850894632206,2.4214711729622267
RPL15,0.3518886679920477,0.1312127236580517,2.4174950298210733
RPL18,0.4254473161033797,0.11332007952286283,2.640159045725646
RPL18A,0.3538767395626243,0.13717693836978131,2.457256461232604
RPL19,0.6262425447316103,0.017892644135188866,3.36779324055666
RPL21,0.3081510934393638,0.16302186878727634,2.3439363817097414
RPL22,0.510934393638171,0.0636182902584493,2.8886679920477136
RPL22L1,0.5685884691848907,0.041749502982107355,3.2365805168986084
RPL23,0.6242544731610338,0.015904572564612324,3.359840954274354
RPL23A,0.5984095427435387,0.02584493041749503,3.1749502982107356
RPL24,0.510934393638171,0.05765407554671968,2.892644135188867
RPL26,0.294234592445328,0.20874751491053678,2.262425447316103
RPL26L1,0.46123260437375746,0.0874751491053678,2.8727634194831015
RPL27,0.6083499005964215,0.02186878727634195,3.256461232604374
RPL27A,0.4711729622266402,0.05964214711729622,2.779324055666004
RPL28,0.4532803180914513,0.09542743538767395,2.743538767395626
RPL29,0.32803180914512925,0.13717693836978131,2.381709741550696
RPL3,0.415506958250497,0.12127236580516898,2.6123260437375744
RPL30,0.6978131212723658,0.015904572564612324,4.075546719681909
RPL31,0.584493041749503,0.003976143141153081,3.1789264413518885
RPL32,0.36381709741550694,0.12326043737574553,2.4711729622266403
RPL34,0.4274353876739563,0.0536779324055666,2.6640159045725644
RPL35,0.3856858846918489,0.09940357852882704,2.524850894632207
RPL36,0.3061630218687873,0.16500994035785288,2.2823061630218686
RPL36A,0.29025844930417494,0.28429423459244535,2.2962226640159047
RPL36AL,0.5467196819085487,0.04771371769383698,3.1351888667992047
RPL37,0.73558648111332,0.013916500994035786,4.347912524850894
RPL37A,0.5666003976143141,0.019880715705765408,3.039761431411531
RPL38,0.6540755467196819,0.007952286282306162,3.485089463220676
RPL39,0.30019880715705766,0.2524850894632207,2.3359840954274356
RPL39L,0.5208747514910537,0.07952286282306163,3.003976143141153
RPL3L,0.5646123260437376,0.0437375745526839,3.1192842942345926
RPL4,0.3797216699801193,0.12326043737574553,2.493041749502982
RPL41,0.558648111332008,0.03777335984095427,3.121272365805169
RPL5,0.46322067594433397,0.07952286282306163,2.743538767395626
RPL6,0.5208747514910537,0.07554671968190854,2.900596421471173
RPL7,0.6759443339960238,0.019880715705765408,3.982107355864811
RPL7A,0.3976143141153082,0.09741550695825049,2.5467196819085487
RPL7L1,0.6003976143141153,0.02982107355864811,3.324055666003976
RPL8,0.6918489065606361,0.02385685884691849,4.013916500994036
RPL9,0.5049701789264414,0.04771371769383698,2.9622266401590456
RPLP0,0.5248508946322068,0.07157057654075547,2.9224652087475147
RPLP1,0.3797216699801193,0.12326043737574553,2.4950298210735586
RPLP2,0.4691848906560636,0.06560636182902585,2.78727634194831
RPN1,0.5268389662027833,0.05964214711729622,2.930417495029821
RPN2,0.5864811133200796,0.03777335984095427,3.250497017892644
RPP14,0.33399602385685884,0.1312127236580517,2.389662027833002
RPP21,0.5984095427435387,0.033797216699801194,3.256461232604374
RPP25,0.3817097415506958,0.1172962226640159,2.502982107355865
RPP30,0.4671968190854871,0.07952286282306163,2.7236580516898607
RPP38,0.5188866799204771,0.0536779324055666,2.966202783300199
RPP40,0.6083499005964215,0.033797216699801194,3.274353876739563
RPRD1A,0.4135188866799205,0.14314115308151093,2.817097415506958
RPRD1B,0.5825049701789264,0.039761431411530816,3.234592445328032
RPRD2,0.7952286282306164,0.0019880715705765406,4.417495029821073
RPS10,0.6023856858846919,0.02982107355864811,3.3061630218687874
RPS11,0.4254473161033797,0.11332007952286283,2.6481113320079523
RPS12,0.3379721669980119,0.15308151093439365,2.4473161033797215
RPS13,0.49105367793240556,0.05765407554671968,2.8429423459244534
RPS14,0.42147117296222664,0.09741550695825049,2.727634194831014
RPS15,0.30417495029821073,0.16500994035785288,2.290258449304175
RPS15A,0.584493041749503,0.0437375745526839,3.10337972166998
RPS16,0.5308151093439364,0.07157057654075547,3.1294820717131473
RPS18,0.6043737574552683,0.03180914512922465,3.2524850894632205
RPS19,0.4990059642147117,0.073558648111332,2.900596421471173
RPS19BP1,0.4135188866799205,0.12127236580516898,2.610337972166998
RPS2,0.5646123260437376,0.041749502982107355,3.121272365805169
RPS20,0.6361829025844931,0.03180914512922465,3.7117296222664016
RPS21,0.6361829025844931,0.015904572564612324,3.618290258449304
RPS23,0.39363817097415504,0.11133200795228629,2.63220675944334
RPS24,0.4731610337972167,0.06560636182902585,2.8031809145129225
RPS25,0.5347912524850894,0.05765407554671968,2.9741550695825048
RPS26,0.5546719681908548,0.041749502982107355,3.113320079522863
RPS27A,0.588469184890656,0.011928429423459244,3.2326043737574555
RPS27L,0.3658051689860835,0.1272365805168986,2.4870775347912524
RPS28,0.3081510934393638,0.1550695825049702,2.298210735586481
RPS29,0.5467196819085487,0.04771371769383698,3.1272365805168985
RPS3,0.5964214711729622,0.02385685884691849,3.182902584493042
RPS3A,0.43538767395626243,0.0536779324055666,2.719681908548708
RPS4X,0.27435387673956263,0.28628230616302186,2.2485089463220675
RPS5,0.44532803180914515,0.09940357852882704,2.695825049701789
RPS6,0.341948310139165,0.2047713717693837,2.3976143141153083
RPS6KA1,0.4870775347912525,0.06759443339960239,2.8111332007952288
RPS6KA2,0.3240556660039761,0.15109343936381708,2.407554671968191
RPS6KA3,0.24055666003976142,0.3359840954274354,2.107355864811133
RPS6KA4,0.5745526838966203,0.02584493041749503,3.0417495029821073
RPS6KA5,0.4990059642147117,0.0775347912524851,2.9642147117296225
RPS6KA6,0.27634194831013914,0.2783300198807157,2.2544731610337974
RPS6KB1,0.6441351888667992,0.009940357852882704,3.451292246520875
RPS6KB2,0.6202783300198808,0.013916500994035786,3.2485089463220675
RPS8,0.5467196819085487,0.02982107355864811,3.011928429423459
RPS9,0.44930417495029823,0.09542743538767395,2.7057654075546718
RPSA,0.341948310139165,0.1272365805168986,2.411530815109344
RPTOR,0.6540755467196819,0.005964214711729622,3.485089463220676
RPUSD4,0.5248508946322068,0.07157057654075547,2.930417495029821
RRAGA,0.341948310139165,0.20675944333996024,2.3976143141153083
RRAGB,0.26043737574552683,0.30019880715705766,2.2007952286282304
RRAGC,0.5467196819085487,0.033797216699801194,3.011928429423459
RRAGD,0.3240556660039761,0.15705765407554673,2.377733598409543
RRAS,0.4254473161033797,0.11332007952286283,2.636182902584493
RRAS2,0.49304174950298213,0.05765407554671968,2.996023856858847
RRBP1,0.536779324055666,0.10139165009940358,3.003976143141153
RRH,0.4254473161033797,0.05168986083499006,2.667992047713718
RRM1,0.47514910536779326,0.0636182902584493,2.7773359840954273
RRM2,0.5765407554671969,0.017892644135188866,3.1510934393638173
RRM2B,0.7077534791252486,0.013916500994035786,4.099403578528827
RRN3,0.588469184890656,0.039761431411530816,3.1530815109343937
RRP1,0.44532803180914515,0.07952286282306163,2.7673956262425445
RRP12,0.46322067594433397,0.0775347912524851,2.719681908548708
RRP15,0.7514910536779325,0.0019880715705765406,3.9324055666003974
RRP1B,0.4433399602385686,0.07952286282306163,2.7634194831013916
RRP36,0.5984095427435387,0.02982107355864811,3.3141153081510932
RRP8,0.4671968190854871,0.061630218687872766,2.765407554671968
RRP9,0.32803180914512925,0.13717693836978131,2.381709741550696
RRS1,0.6600397614314115,0.02584493041749503,3.868787276341948
RSAD2,0.5785288270377733,0.019880715705765408,3.15506958250497
RSF1,0.6083499005964215,0.015904572564612324,3.31610337972167
RSL1D1,0.6023856858846919,0.03777335984095427,3.194831013916501
RSL24D1,0.36381709741550694,0.13518886679920478,2.445328031809145
RSPH9,0.6003976143141153,0.027833001988071572,3.31610337972167
RSPO1,0.5427435387673957,0.03578528827037773,2.9721669980119283
RSRC1,0.5407554671968191,0.055666003976143144,3.05168986083499
RSU1,0.5188866799204771,0.0536779324055666,2.9681908548707754
RTCA,0.4572564612326044,0.09343936381709742,2.725646123260437
RTCB,0.40556660039761433,0.1272365805168986,2.5785288270377733
RTEL1,0.6441351888667992,0.015904572564612324,3.6719681908548707
RTF1,0.32803180914512925,0.16699801192842942,2.3121272365805168
RTKN,0.588469184890656,0.019880715705765408,3.1570576540755466
RTN1,0.5268389662027833,0.05765407554671968,2.978131212723658
RTN3,0.5725646123260437,0.02385685884691849,3.047713717693837
RTN4,0.588469184890656,0.011928429423459244,3.238568588469185
RTN4IP1,0.3081510934393638,0.15904572564612326,2.3976143141153083
RTN4R,0.44930417495029823,0.09145129224652088,2.761431411530815
RTN4RL1,0.28628230616302186,0.20874751491053678,2.250497017892644
RTP2,0.5288270377733598,0.0775347912524851,3.0099403578528827
RTP4,0.5268389662027833,0.0775347912524851,3.0079522862823063
RTRAF,0.5506958250497018,0.04970178926441352,3.1153081510934393
RUBCN,0.5149105367793241,0.08349900596421471,2.996023856858847
RUFY1,0.4592445328031809,0.08349900596421471,2.8767395626242545
RUFY3,0.46520874751491054,0.04970178926441352,2.8031809145129225
RUNX1,0.44930417495029823,0.07157057654075547,2.7693836978131214
RUNX1T1,0.6819085487077535,0.017892644135188866,3.9860834990059644
RUNX2,0.5924453280318092,0.03180914512922465,3.2783300198807157
RUNX3,0.49304174950298213,0.06560636182902585,2.8469184890656063
RUSC1,0.7972166998011928,0.0019880715705765406,4.369781312127237
RUSC2,0.40755467196819084,0.1172962226640159,2.618290258449304
RUVBL1,0.5288270377733598,0.05964214711729622,2.9324055666003974
RUVBL2,0.4254473161033797,0.11332007952286283,2.6421471172962225
RWDD3,0.46123260437375746,0.0874751491053678,2.727634194831014
RXFP1,0.4234592445328032,0.0636182902584493,2.650099403578529
RXFP3,0.7395626242544732,0.011928429423459244,4.355864811133201
RXFP4,0.7932405566600398,0.0019880715705765406,4.326043737574553
RXRA,0.3996023856858847,0.09741550695825049,2.548707753479125
RXRB,0.6063618290258449,0.03180914512922465,3.256461232604374
RXRG,0.7793240556660039,0.005964214711729622,4.119284294234593
RYBP,0.3817097415506958,0.12326043737574553,2.5268389662027833
RYK,0.5308151093439364,0.05765407554671968,2.9681908548707754
RYR1,0.5387673956262425,0.07157057654075547,3.1491053677932404
RYR2,0.7415506958250497,0.003976143141153081,3.9284294234592445
RYR3,0.33399602385685884,0.16500994035785288,2.3459244532803183
S100A1,0.7972166998011928,0.0019880715705765406,4.385685884691849
S100A10,0.7952286282306164,0.0019880715705765406,4.437375745526839
S100A11,0.7952286282306164,0.0019880715705765406,4.443339960238569
S100A12,0.7932405566600398,0.0019880715705765406,4.395626242544732
S100A14,0.7972166998011928,0.0019880715705765406,4.385685884691849
S100A16,0.7972166998011928,0.0019880715705765406,4.381709741550696
S100A4,0.7972166998011928,0.0019880715705765406,4.399602385685885
S100A6,0.7972166998011928,0.0019880715705765406,4.399602385685885
S100A7,0.7972166998011928,0.0019880715705765406,4.399602385685885
S100A8,0.7932405566600398,0.0019880715705765406,4.395626242544732
S100A9,0.7932405566600398,0.0019880715705765406,4.395626242544732
S100B,0.45129224652087474,0.0775347912524851,2.8071570576540754
S100G,0.23856858846918488,0.3379721669980119,2.1153081510934393
S100P,0.4850894632206759,0.06560636182902585,2.8469184890656063
S100PBP,0.5149105367793241,0.04572564612326044,2.908548707753479
S1PR1,0.4552683896620278,0.09343936381709742,2.7176938369781314
S1PR3,0.3558648111332008,0.1272365805168986,2.4214711729622267
S1PR4,0.30218687872763417,0.16699801192842942,2.2942345924453282
S1PR5,0.3121272365805169,0.1550695825049702,2.3220675944333995
SAA1,0.49105367793240556,0.05765407554671968,2.8389662027833
SACM1L,0.3399602385685885,0.13518886679920478,2.3876739562624256
SAE1,0.43339960238568587,0.1172962226640159,2.646123260437376
SAFB,0.3061630218687873,0.16500994035785288,2.2823061630218686
SAFB2,0.3061630218687873,0.16500994035785288,2.2823061630218686
SALL1,0.510934393638171,0.073558648111332,2.966202783300199
SALL3,0.35785288270377735,0.20874751491053678,2.427435387673956
SALL4,0.6043737574552683,0.03180914512922465,3.381709741550696
SAMD8,0.47713717693836977,0.06759443339960239,2.7852882703777335
SAMHD1,0.5904572564612326,0.03578528827037773,3.256461232604374
SAMM50,0.3996023856858847,0.1312127236580517,2.5526838966202785
SAP130,0.5805168986083499,0.007952286282306162,3.1153081510934393
SAP18,0.30218687872763417,0.17296222664015903,2.2942345924453282
SAP25,0.6441351888667992,0.02982107355864811,3.4820717131474104
SAP30,0.40755467196819084,0.08548707753479125,2.5805168986083498
SAP30BP,0.658051689860835,0.009940357852882704,3.479125248508946
SAP30L,0.4294234592445328,0.09542743538767395,2.7514910536779325
SAR1A,0.48111332007952284,0.06560636182902585,2.7912524850894633
SAR1B,0.3836978131212724,0.11133200795228629,2.5745526838966204
SARAF,0.32803180914512925,0.2524850894632207,2.3280318091451293
SARM1,0.6003976143141153,0.027833001988071572,3.1709741550695827
SARNP,0.5526838966202783,0.041749502982107355,3.1053677932405566
SARS2,0.536779324055666,0.073558648111332,3.1332007952286283
SART1,0.6003976143141153,0.019880715705765408,3.1391650099403576
SART3,0.5168986083499006,0.073558648111332,2.892644135188867
SASS6,0.4572564612326044,0.09343936381709742,2.725646123260437
SAT1,0.23061630218687873,0.34393638170974156,2.1013916500994037
SAT2,0.2962226640159046,0.20278330019880716,2.26441351888668
SATB1,0.34791252485089463,0.1272365805168986,2.4433399602385686
SATB2,0.5765407554671969,0.013916500994035786,3.085487077534791
SAV1,0.5487077534791253,0.05168986083499006,3.131212723658052
SBDS,0.6520874751491054,0.03180914512922465,3.405566600397614
SBF1,0.36779324055666,0.15308151093439365,2.4870775347912524
SBF2,0.47514910536779326,0.0636182902584493,2.8290258449304173
SC5D,0.5288270377733598,0.07157057654075547,2.9403578528827037
SCAF1,0.4254473161033797,0.11332007952286283,2.636182902584493
SCAF11,0.5268389662027833,0.05964214711729622,2.9840954274353875
SCAF8,0.3220675944333996,0.15308151093439365,2.4035785288270377
SCAI,0.3856858846918489,0.09940357852882704,2.518886679920477
SCAMP1,0.38767395626242546,0.11530815109343936,2.5805168986083498
SCAMP2,0.3817097415506958,0.1172962226640159,2.502982107355865
SCAND1,0.6123260437375746,0.02584493041749503,3.349900596421471
SCAP,0.33001988071570576,0.13916500994035785,2.3737574552683895
SCARA3,0.31809145129224653,0.2584493041749503,2.31610337972167
SCARA5,0.32007952286282304,0.25646123260437376,2.320079522862823
SCARB1,0.5288270377733598,0.07554671968190854,2.9284294234592445
SCARB2,0.4671968190854871,0.04970178926441352,2.7773359840954273
SCARF2,0.4532803180914513,0.09343936381709742,2.7634194831013916
SCCPDH,0.7495029821073559,0.003976143141153081,3.956262425447316
SCD,0.46322067594433397,0.07554671968190854,2.725646123260437
SCD5,0.4433399602385686,0.04970178926441352,2.6779324055666005
SCFD1,0.5924453280318092,0.04572564612326044,3.5646123260437377
SCG2,0.5646123260437376,0.02385685884691849,3.0258449304174952
SCG3,0.3658051689860835,0.13717693836978131,2.4194831013916502
SCG5,0.33399602385685884,0.16500994035785288,2.355864811133201
SCGB1A1,0.5705765407554672,0.02385685884691849,3.0258449304174952
SCGB3A2,0.4234592445328032,0.09542743538767395,2.7216699801192843
SCLT1,0.4294234592445328,0.05765407554671968,2.6660039761431413
SCLY,0.5666003976143141,0.027833001988071572,3.0139165009940356
SCML2,0.2345924453280318,0.3379721669980119,2.10934393638171
SCN10A,0.341948310139165,0.1272365805168986,2.407554671968191
SCN1A,0.588469184890656,0.013916500994035786,3.2047713717693838
SCN1B,0.558648111332008,0.05765407554671968,3.2485089463220675
SCN2A,0.5864811133200796,0.013916500994035786,3.2007952286282304
SCN2B,0.5308151093439364,0.05765407554671968,2.9622266401590456
SCN3A,0.5864811133200796,0.011928429423459244,3.210735586481113
SCN3B,0.5268389662027833,0.07157057654075547,2.926441351888668
SCN4A,0.6441351888667992,0.005964214711729622,3.457256461232604
SCN4B,0.5308151093439364,0.05765407554671968,2.9622266401590456
SCN5A,0.3399602385685885,0.12922465208747516,2.4035785288270377
SCN8A,0.5487077534791253,0.04970178926441352,3.0258449304174952
SCNN1A,0.4970178926441352,0.09542743538767395,2.99403578528827
SCNN1B,0.5924453280318092,0.039761431411530816,3.147117296222664
SCNN1D,0.5268389662027833,0.0536779324055666,2.9463220675944335
SCNN1G,0.5924453280318092,0.039761431411530816,3.143141153081511
SCO1,0.3061630218687873,0.20675944333996024,2.2842942345924455
SCO2,0.36779324055666,0.15308151093439365,2.4870775347912524
SCOC,0.4294234592445328,0.0536779324055666,2.6819085487077534
SCP2,0.5248508946322068,0.04572564612326044,2.9204771371769382
SCPEP1,0.6341948310139165,0.011928429423459244,3.3976143141153083
SCRIB,0.6998011928429424,0.02186878727634195,4.029821073558648
SCTR,0.5825049701789264,0.007952286282306162,3.168986083499006
SCUBE2,0.4711729622266402,0.0636182902584493,2.79324055666004
SCUBE3,0.6023856858846919,0.02982107355864811,3.2544731610337974
SCYL1,0.5964214711729622,0.019880715705765408,3.1153081510934393
SCYL2,0.510934393638171,0.06560636182902585,2.892644135188867
SDAD1,0.46520874751491054,0.04970178926441352,2.7813121272365806
SDC1,0.584493041749503,0.015904572564612324,3.165009940357853
SDC2,0.6998011928429424,0.013916500994035786,4.057654075546719
SDC3,0.5089463220675944,0.0536779324055666,2.8827037773359843
SDC4,0.5745526838966203,0.04970178926441352,3.1868787276341948
SDCBP,0.6461232604373758,0.02584493041749503,3.7733598409542743
SDCCAG8,0.7495029821073559,0.0019880715705765406,3.960238568588469
SDF2,0.5984095427435387,0.02584493041749503,3.1749502982107356
SDF2L1,0.44532803180914515,0.09940357852882704,2.719681908548708
SDHA,0.7654075546719682,0.009940357852882704,4.703777335984095
SDHAF1,0.5526838966202783,0.05964214711729622,3.2266401590457257
SDHAF2,0.5805168986083499,0.019880715705765408,3.033797216699801
SDHAF3,0.6401590457256461,0.03180914512922465,3.4433399602385686
SDHAF4,0.36779324055666,0.12922465208747516,2.5228628230616303
SDHB,0.5009940357852882,0.06958250497017893,2.8807157057654074
SDHC,0.7852882703777336,0.0019880715705765406,4.230616302186879
SDHD,0.5168986083499006,0.07554671968190854,2.914512922465209
SDR16C5,0.6361829025844931,0.03180914512922465,3.7634194831013916
SDR9C7,0.562624254473161,0.03777335984095427,3.1669980119284293
SEC11A,0.3817097415506958,0.11530815109343936,2.5129224652087476
SEC11C,0.34393638170974156,0.20874751491053678,2.3976143141153083
SEC13,0.35984095427435386,0.12524850894632206,2.4731610337972167
SEC14L1,0.6540755467196819,0.009940357852882704,3.4711729622266403
SEC16A,0.3976143141153082,0.09940357852882704,2.558648111332008
SEC22A,0.5228628230616302,0.061630218687872766,2.9165009940357853
SEC22B,0.48111332007952284,0.073558648111332,2.840954274353877
SEC22C,0.34393638170974156,0.12922465208747516,2.411530815109344
SEC23A,0.5924453280318092,0.0437375745526839,3.7236580516898607
SEC23B,0.5407554671968191,0.09145129224652088,3.0278330019880717
SEC23IP,0.4731610337972167,0.0775347912524851,2.731610337972167
SEC24A,0.3836978131212724,0.11133200795228629,2.5745526838966204
SEC24B,0.4254473161033797,0.0536779324055666,2.6640159045725644
SEC24C,0.4731610337972167,0.06958250497017893,2.775347912524851
SEC24D,0.42147117296222664,0.055666003976143144,2.6481113320079523
SEC31A,0.44532803180914515,0.04970178926441352,2.679920477137177
SEC31B,0.46123260437375746,0.07554671968190854,2.7236580516898607
SEC61A1,0.5288270377733598,0.05964214711729622,2.9324055666003974
SEC61A2,0.5129224652087475,0.055666003976143144,2.9542743538767398
SEC61B,0.3558648111332008,0.11928429423459244,2.4314115308151094
SEC62,0.5765407554671969,0.041749502982107355,3.2922465208747513
SEC63,0.3081510934393638,0.15904572564612326,2.3836978131212723
SECISBP2,0.35785288270377735,0.1272365805168986,2.429423459244533
SECTM1,0.6461232604373758,0.005964214711729622,3.4473161033797215
SEH1L,0.4691848906560636,0.08349900596421471,2.918489065606362
SEL1L,0.48906560636182905,0.0874751491053678,2.834990059642147
SELE,0.7793240556660039,0.005964214711729622,4.079522862823062
SELENOI,0.5944333996023857,0.013916500994035786,3.1968190854870775
SELENOK,0.3320079522862823,0.13320079522862824,2.3876739562624256
SELENON,0.49304174950298213,0.06759443339960239,2.834990059642147
SELENOP,0.7256461232604374,0.015904572564612324,4.268389662027833
SELENOS,0.40755467196819084,0.10536779324055666,2.5864811133200796
SELL,0.7793240556660039,0.005964214711729622,4.087475149105368
SELP,0.7793240556660039,0.005964214711729622,4.087475149105368
SELPLG,0.5188866799204771,0.073558648111332,2.89662027833002
SEM1,0.6401590457256461,0.03180914512922465,3.4314115308151094
SEMA3A,0.6520874751491054,0.027833001988071572,3.3697813121272366
SEMA3B,0.3220675944333996,0.13916500994035785,2.3697813121272366
SEMA3C,0.6461232604373758,0.03777335984095427,3.3459244532803183
SEMA3F,0.3220675944333996,0.13916500994035785,2.3697813121272366
SEMA4A,0.7932405566600398,0.0019880715705765406,4.3021868787276345
SEMA4B,0.40556660039761433,0.1073558648111332,2.5964214711729623
SEMA4D,0.35785288270377735,0.1272365805168986,2.429423459244533
SEMA4F,0.588469184890656,0.019880715705765408,3.1570576540755466
SEMA4G,0.46322067594433397,0.07554671968190854,2.727634194831014
SEMA6A,0.38966202783300197,0.11332007952286283,2.594433399602386
SEMA6D,0.3518886679920477,0.14910536779324055,2.371769383697813
SEMA7A,0.3856858846918489,0.1172962226640159,2.530815109343936
SEMG1,0.5745526838966203,0.04970178926441352,3.1789264413518885
SENP1,0.5467196819085487,0.0536779324055666,3.0238568588469183
SENP2,0.5248508946322068,0.07157057654075547,3.0318091451292246
SENP3,0.2982107355864811,0.20278330019880716,2.2664015904572565
SENP5,0.5188866799204771,0.08548707753479125,2.99403578528827
SENP6,0.3558648111332008,0.13518886679920478,2.4870775347912524
SENP7,0.510934393638171,0.05765407554671968,2.8886679920477136
SEPSECS,0.4970178926441352,0.05168986083499006,2.9224652087475147
SERBP1,0.5089463220675944,0.04970178926441352,2.868787276341948
SERGEF,0.49105367793240556,0.05765407554671968,2.8469184890656063
SERINC3,0.5745526838966203,0.04970178926441352,3.1749502982107356
SERINC5,0.38966202783300197,0.1172962226640159,2.5864811133200796
SERP1,0.5387673956262425,0.0536779324055666,3.043737574552684
SERPINA1,0.48906560636182905,0.08151093439363817,2.8290258449304173
SERPINA10,0.48906560636182905,0.08151093439363817,2.8290258449304173
SERPINA3,0.48906560636182905,0.08151093439363817,2.8290258449304173
SERPINA4,0.48906560636182905,0.08151093439363817,2.8290258449304173
SERPINA5,0.48906560636182905,0.08151093439363817,2.8290258449304173
SERPINA7,0.2882703777335984,0.2803180914512923,2.2882703777335984
SERPINB1,0.610337972166998,0.03578528827037773,3.262425447316103
SERPINB13,0.3518886679920477,0.20675944333996024,2.4254473161033796
SERPINB2,0.34791252485089463,0.20675944333996024,2.4214711729622267
SERPINB3,0.3518886679920477,0.20675944333996024,2.4254473161033796
SERPINB4,0.3518886679920477,0.20675944333996024,2.4254473161033796
SERPINB5,0.3518886679920477,0.20675944333996024,2.4254473161033796
SERPINB6,0.610337972166998,0.033797216699801194,3.26441351888668
SERPINB8,0.34592445328031807,0.2047713717693837,2.4214711729622267
SERPINC1,0.7773359840954275,0.003976143141153081,4.083499005964215
SERPIND1,0.4592445328031809,0.08946322067594434,2.805168986083499
SERPINE1,0.6441351888667992,0.03180914512922465,3.433399602385686
SERPINE2,0.5646123260437376,0.02385685884691849,3.029821073558648
SERPINF1,0.2823061630218688,0.20675944333996024,2.2445328031809146
SERPINF2,0.2823061630218688,0.20675944333996024,2.2445328031809146
SERPING1,0.5685884691848907,0.02982107355864811,3.0099403578528827
SERPINH1,0.6003976143141153,0.02385685884691849,3.1868787276341948
SERTAD3,0.5228628230616302,0.07554671968190854,3.0755467196819084
SESN2,0.49304174950298213,0.0636182902584493,2.834990059642147
SESN3,0.5646123260437376,0.039761431411530816,3.0874751491053676
SET,0.38767395626242546,0.09741550695825049,2.518886679920477
SETD1A,0.610337972166998,0.02584493041749503,3.2604373757455267
SETD1B,0.5268389662027833,0.07554671968190854,2.9204771371769382
SETD2,0.33001988071570576,0.13916500994035785,2.3737574552683895
SETD6,0.49502982107355864,0.073558648111332,2.874751491053678
SETD7,0.4294234592445328,0.0536779324055666,2.6819085487077534
SETDB1,0.7952286282306164,0.005964214711729622,4.453280318091451
SETDB2,0.32803180914512925,0.15308151093439365,2.411530815109344
SETMAR,0.3558648111332008,0.12326043737574553,2.4612326043737576
SETX,0.39363817097415504,0.10139165009940358,2.532803180914513
SEZ6L,0.4194831013916501,0.11133200795228629,2.6123260437375744
SEZ6L2,0.610337972166998,0.03180914512922465,3.21272365805169
SF1,0.5785288270377733,0.02385685884691849,3.043737574552684
SF3A1,0.40755467196819084,0.11133200795228629,2.592445328031809
SF3A2,0.30417495029821073,0.16699801192842942,2.2842942345924455
SF3A3,0.5407554671968191,0.03777335984095427,2.982107355864811
SF3B1,0.5745526838966203,0.013916500994035786,3.0874751491053676
SF3B2,0.6043737574552683,0.019880715705765408,3.165009940357853
SF3B3,0.48111332007952284,0.07554671968190854,2.8330019880715707
SF3B4,0.7912524850894632,0.0019880715705765406,4.369781312127237
SF3B5,0.32803180914512925,0.15109343936381708,2.4314115308151094
SF3B6,0.5924453280318092,0.015904572564612324,3.1669980119284293
SFI1,0.4095427435387674,0.1172962226640159,2.600397614314115
SFN,0.48111332007952284,0.06759443339960239,2.805168986083499
SFPQ,0.5248508946322068,0.03777335984095427,2.9403578528827037
SFR1,0.46520874751491054,0.08151093439363817,2.7117296222664016
SFRP1,0.4990059642147117,0.11928429423459244,3.2524850894632205
SFRP2,0.43339960238568587,0.05964214711729622,2.7216699801192843
SFRP4,0.6918489065606361,0.02584493041749503,3.8250497017892644
SFRP5,0.4592445328031809,0.0775347912524851,2.713717693836978
SFSWAP,0.5268389662027833,0.07554671968190854,2.9324055666003974
SFTPA1,0.4731610337972167,0.06958250497017893,2.79324055666004
SFTPA2,0.4731610337972167,0.06958250497017893,2.79324055666004
SFTPB,0.5944333996023857,0.017892644135188866,3.15506958250497
SFTPC,0.3081510934393638,0.26043737574552683,2.2922465208747513
SFTPD,0.4711729622266402,0.07157057654075547,2.771371769383698
SFXN1,0.4592445328031809,0.08349900596421471,2.8648111332007953
SFXN2,0.46322067594433397,0.0775347912524851,2.7157057654075545
SGCA,0.6361829025844931,0.009940357852882704,3.4015904572564613
SGCB,0.5129224652087475,0.04572564612326044,2.944333996023857
SGCD,0.4294234592445328,0.0874751491053678,2.753479125248509
SGCE,0.6441351888667992,0.027833001988071572,3.4095427435387675
SGCG,0.30218687872763417,0.16500994035785288,2.3101391650099403
SGCZ,0.3320079522862823,0.2644135188866799,2.3339960238568587
SGF29,0.6043737574552683,0.03180914512922465,3.198807157057654
SGIP1,0.5049701789264414,0.05168986083499006,2.8489065606361827
SGK1,0.341948310139165,0.1550695825049702,2.459244532803181
SGMS1,0.49105367793240556,0.06560636182902585,2.823061630218688
SGMS2,0.4254473161033797,0.05168986083499006,2.662027833001988
SGO1,0.34791252485089463,0.13320079522862824,2.4254473161033796
SGO2,0.5765407554671969,0.015904572564612324,3.1113320079522864
SGPL1,0.4850894632206759,0.06560636182902585,2.7912524850894633
SGPP1,0.5069582504970179,0.06560636182902585,2.8986083499005963
SGSH,0.6540755467196819,0.005964214711729622,3.4910536779324057
SGSM1,0.43538767395626243,0.10337972166998012,2.658051689860835
SGSM3,0.4095427435387674,0.11928429423459244,2.600397614314115
SGTA,0.30218687872763417,0.16699801192842942,2.2783300198807157
SH2B1,0.6083499005964215,0.03180914512922465,3.2007952286282304
SH2B2,0.6401590457256461,0.033797216699801194,3.4473161033797215
SH2B3,0.5208747514910537,0.073558648111332,2.904572564612326
SH2D1A,0.3101391650099404,0.2504970178926441,2.349900596421471
SH2D2A,0.7852882703777336,0.0019880715705765406,4.250497017892644
SH2D3C,0.3856858846918489,0.09542743538767395,2.520874751491054
SH2D4A,0.31809145129224653,0.2644135188866799,2.326043737574553
SH3BGRL3,0.49105367793240556,0.06759443339960239,2.8210735586481115
SH3BP5,0.35785288270377735,0.12326043737574553,2.459244532803181
SH3GL1,0.30218687872763417,0.16302186878727634,2.2823061630218686
SH3GL2,0.341948310139165,0.2147117296222664,2.3836978131212723
SH3GL3,0.3856858846918489,0.11332007952286283,2.524850894632207
SH3GLB1,0.4831013916500994,0.07952286282306163,2.779324055666004
SH3GLB2,0.39165009940357853,0.09940357852882704,2.520874751491054
SH3KBP1,0.24055666003976142,0.3359840954274354,2.107355864811133
SH3PXD2A,0.46520874751491054,0.08151093439363817,2.7157057654075545
SH3PXD2B,0.46520874751491054,0.0874751491053678,2.8946322067594434
SH3RF1,0.4135188866799205,0.06759443339960239,2.6143141153081513
SHANK1,0.43737574552683894,0.10934393638170974,2.6660039761431413
SHARPIN,0.6938369781312127,0.02385685884691849,4.0159045725646125
SHB,0.3836978131212724,0.14512922465208747,2.5347912524850895
SHBG,0.2962226640159046,0.20278330019880716,2.26441351888668
SHC1,0.7952286282306164,0.0019880715705765406,4.393638170974155
SHC4,0.3558648111332008,0.14314115308151093,2.389662027833002
SHH,0.6381709741550696,0.02982107355864811,3.4194831013916502
SHISA5,0.3220675944333996,0.1411530815109344,2.36779324055666
SHMT1,0.34592445328031807,0.17296222664015903,2.423459244532803
SHMT2,0.5666003976143141,0.039761431411530816,3.2226640159045727
SHOC2,0.4711729622266402,0.0775347912524851,2.7634194831013916
SHPRH,0.3260437375745527,0.15308151093439365,2.427435387673956
SHQ1,0.3797216699801193,0.12326043737574553,2.5089463220675943
SHROOM3,0.4691848906560636,0.04970178926441352,2.7972166998011927
SHTN1,0.4671968190854871,0.07554671968190854,2.727634194831014
SI,0.5606361829025845,0.05168986083499006,3.1113320079522864
SIAH1,0.536779324055666,0.06560636182902585,2.9900596421471173
SIAH2,0.5387673956262425,0.0536779324055666,3.043737574552684
SIGIRR,0.4671968190854871,0.06958250497017893,2.771371769383698
SIGLEC1,0.5129224652087475,0.09741550695825049,2.944333996023857
SIGLEC14,0.4393638170974155,0.10934393638170974,2.6660039761431413
SIGMAR1,0.3976143141153082,0.11332007952286283,2.610337972166998
SIK1,0.4433399602385686,0.07952286282306163,2.7634194831013916
SIK2,0.5208747514910537,0.073558648111332,2.9224652087475147
SIK3,0.5248508946322068,0.0636182902584493,2.9363817097415508
SIKE1,0.43538767395626243,0.09343936381709742,2.68389662027833
SIL1,0.4135188866799205,0.10536779324055666,2.6540755467196817
SIM1,0.31411530815109345,0.15904572564612326,2.3578528827037775
SIM2,0.4552683896620278,0.07157057654075547,2.7992047713717696
SIN3A,0.3797216699801193,0.1172962226640159,2.502982107355865
SIN3B,0.341948310139165,0.13916500994035785,2.407554671968191
SIPA1,0.5984095427435387,0.019880715705765408,3.125248508946322
SIPA1L1,0.48111332007952284,0.073558648111332,2.8469184890656063
SIRPA,0.5089463220675944,0.09542743538767395,2.94831013916501
SIRPB1,0.5049701789264414,0.09741550695825049,2.94234592445328
SIRPG,0.5089463220675944,0.09542743538767395,2.94831013916501
SIRT1,0.4831013916500994,0.06560636182902585,2.801192842942346
SIRT2,0.536779324055666,0.073558648111332,3.1332007952286283
SIRT3,0.4671968190854871,0.06958250497017893,2.783300198807157
SIRT4,0.5248508946322068,0.07157057654075547,2.9224652087475147
SIRT5,0.6023856858846919,0.033797216699801194,3.2763419483101393
SIRT6,0.30019880715705766,0.16500994035785288,2.2763419483101393
SIRT7,0.6520874751491054,0.005964214711729622,3.4612326043737576
SIVA1,0.48906560636182905,0.09145129224652088,2.8489065606361827
SIX2,0.5904572564612326,0.013916500994035786,3.2147117296222665
SIX3,0.5904572564612326,0.013916500994035786,3.2147117296222665
SIX4,0.5188866799204771,0.05964214711729622,2.944333996023857
SIX5,0.46520874751491054,0.09940357852882704,2.809145129224652
SIX6,0.5228628230616302,0.05964214711729622,2.9582504970178927
SKA1,0.3359840954274354,0.20675944333996024,2.3836978131212723
SKA2,0.6401590457256461,0.009940357852882704,3.427435387673956
SKA3,0.30218687872763417,0.17296222664015903,2.2942345924453282
SKAP1,0.6341948310139165,0.011928429423459244,3.3658051689860833
SKAP2,0.6898608349900597,0.02385685884691849,3.852882703777336
SKI,0.5248508946322068,0.055666003976143144,2.9324055666003974
SKIL,0.5745526838966203,0.041749502982107355,3.2842942345924455
SKP1,0.3836978131212724,0.11133200795228629,2.570576540755467
SKP2,0.7375745526838966,0.009940357852882704,4.459244532803181
SLA,0.7157057654075547,0.019880715705765408,4.210735586481113
SLA2,0.5964214711729622,0.03180914512922465,3.2823061630218686
SLAIN2,0.5208747514910537,0.039761431411530816,3.0019880715705765
SLAMF1,0.7833001988071571,0.0019880715705765406,4.252485089463221
SLAMF6,0.7813121272365805,0.0019880715705765406,4.250497017892644
SLBP,0.49105367793240556,0.0636182902584493,2.862823061630219
SLC10A1,0.4831013916500994,0.06958250497017893,2.8489065606361827
SLC11A2,0.5526838966202783,0.0536779324055666,3.021868787276342
SLC12A1,0.3518886679920477,0.14512922465208747,2.377733598409543
SLC12A2,0.39165009940357853,0.10934393638170974,2.6143141153081513
SLC12A3,0.4970178926441352,0.07554671968190854,2.8667992047713717
SLC12A5,0.5745526838966203,0.04771371769383698,3.20675944333996
SLC12A6,0.3320079522862823,0.1610337972166998,2.3518886679920477
SLC13A5,0.29025844930417494,0.2047713717693837,2.256461232604374
SLC15A4,0.536779324055666,0.073558648111332,2.9582504970178927
SLC15A5,0.47514910536779326,0.11133200795228629,2.978131212723658
SLC16A1,0.4254473161033797,0.09145129224652088,2.6540755467196817
SLC16A13,0.2962226640159046,0.20079522862823063,2.2664015904572565
SLC16A2,0.27634194831013914,0.28628230616302186,2.280318091451292
SLC16A3,0.6461232604373758,0.005964214711729622,3.4493041749502984
SLC16A4,0.43141153081510936,0.08946322067594434,2.6600397614314115
SLC16A7,0.5805168986083499,0.041749502982107355,3.3101391650099403
SLC17A1,0.6003976143141153,0.03578528827037773,3.250497017892644
SLC17A7,0.4254473161033797,0.11332007952286283,2.6481113320079523
SLC17A8,0.5129224652087475,0.06560636182902585,2.89662027833002
SLC18A1,0.31411530815109345,0.2664015904572565,2.31610337972167
SLC18A3,0.49105367793240556,0.06958250497017893,2.8330019880715707
SLC19A1,0.4532803180914513,0.07554671968190854,2.7972166998011927
SLC1A1,0.34393638170974156,0.21272365805168986,2.4433399602385686
SLC1A2,0.5129224652087475,0.05168986083499006,2.9363817097415508
SLC20A2,0.5228628230616302,0.10139165009940358,3.3518886679920477
SLC22A1,0.31610337972166996,0.1550695825049702,2.4035785288270377
SLC22A12,0.5745526838966203,0.02584493041749503,3.033797216699801
SLC22A17,0.5546719681908548,0.06759443339960239,3.1709741550695827
SLC22A2,0.31610337972166996,0.1550695825049702,2.4035785288270377
SLC22A7,0.6003976143141153,0.027833001988071572,3.31610337972167
SLC22A8,0.5705765407554672,0.02584493041749503,3.033797216699801
SLC24A5,0.3518886679920477,0.14512922465208747,2.377733598409543
SLC25A12,0.5924453280318092,0.011928429423459244,3.1669980119284293
SLC25A13,0.6401590457256461,0.03180914512922465,3.4214711729622267
SLC25A14,0.3121272365805169,0.2524850894632207,2.353876739562624
SLC25A16,0.4850894632206759,0.0636182902584493,2.8131212723658052
SLC25A17,0.40755467196819084,0.12127236580516898,2.588469184890656
SLC25A20,0.3220675944333996,0.1411530815109344,2.3658051689860833
SLC25A21,0.6282306163021869,0.0437375745526839,4.5208747514910534
SLC25A24,0.43141153081510936,0.09343936381709742,2.658051689860835
SLC25A25,0.3856858846918489,0.09741550695825049,2.518886679920477
SLC25A26,0.36779324055666,0.1312127236580517,2.4870775347912524
SLC25A27,0.5984095427435387,0.03180914512922465,3.3121272365805168
SLC25A28,0.46123260437375746,0.07554671968190854,2.727634194831014
SLC25A3,0.5089463220675944,0.06759443339960239,2.8946322067594434
SLC25A31,0.4294234592445328,0.0536779324055666,2.662027833001988
SLC25A4,0.40159045725646125,0.09940357852882704,2.566600397614314
SLC25A5,0.30019880715705766,0.2524850894632207,2.3399602385685885
SLC25A6,0.3976143141153082,0.19284294234592445,2.6540755467196817
SLC26A6,0.3220675944333996,0.1411530815109344,2.3658051689860833
SLC27A1,0.34791252485089463,0.13717693836978131,2.4353876739562623
SLC27A2,0.36779324055666,0.13916500994035785,2.415506958250497
SLC27A5,0.44532803180914515,0.09940357852882704,2.695825049701789
SLC29A1,0.5984095427435387,0.027833001988071572,3.3459244532803183
SLC2A1,0.5506958250497018,0.027833001988071572,3.0457256461232602
SLC2A14,0.49105367793240556,0.09741550695825049,2.9860834990059644
SLC2A2,0.5685884691848907,0.041749502982107355,3.2365805168986084
SLC2A3,0.49105367793240556,0.09741550695825049,2.9860834990059644
SLC2A5,0.510934393638171,0.06759443339960239,2.8886679920477136
SLC2A8,0.3836978131212724,0.09542743538767395,2.5168986083499005
SLC2A9,0.49304174950298213,0.061630218687872766,2.8429423459244534
SLC30A1,0.7554671968190855,0.005964214711729622,3.952286282306163
SLC30A10,0.7495029821073559,0.0019880715705765406,3.9224652087475147
SLC30A4,0.34592445328031807,0.16500994035785288,2.3479125248508947
SLC30A5,0.3996023856858847,0.10536779324055666,2.622266401590457
SLC30A6,0.584493041749503,0.015904572564612324,3.165009940357853
SLC30A7,0.4552683896620278,0.09343936381709742,2.719681908548708
SLC30A8,0.7196819085487077,0.017892644135188866,4.101391650099403
SLC30A9,0.5069582504970179,0.04771371769383698,2.94831013916501
SLC31A1,0.3836978131212724,0.09741550695825049,2.5347912524850895
SLC32A1,0.5765407554671969,0.04771371769383698,3.194831013916501
SLC35A1,0.32007952286282304,0.15904572564612326,2.3737574552683895
SLC35A2,0.25646123260437376,0.30417495029821073,2.2147117296222665
SLC35A3,0.4572564612326044,0.09343936381709742,2.725646123260437
SLC35B1,0.6341948310139165,0.011928429423459244,3.3976143141153083
SLC35B2,0.5964214711729622,0.02982107355864811,3.341948310139165
SLC35B4,0.6302186878727635,0.03180914512922465,3.3618290258449304
SLC35C1,0.5268389662027833,0.04572564612326044,2.94831013916501
SLC35C2,0.5785288270377733,0.0437375745526839,3.2664015904572565
SLC35E3,0.5745526838966203,0.03578528827037773,3.662027833001988
SLC35G5,0.33001988071570576,0.2624254473161034,2.3697813121272366
SLC38A9,0.4671968190854871,0.09145129224652088,2.9065606361829026
SLC39A1,0.7952286282306164,0.0019880715705765406,4.391650099403578
SLC39A10,0.5785288270377733,0.011928429423459244,3.1053677932405566
SLC39A11,0.6560636182902585,0.009940357852882704,3.485089463220676
SLC39A13,0.5308151093439364,0.039761431411530816,2.9502982107355864
SLC39A14,0.30417495029821073,0.26043737574552683,2.2882703777335984
SLC39A2,0.5427435387673957,0.06759443339960239,3.0715705765407555
SLC39A4,0.6938369781312127,0.02385685884691849,4.027833001988071
SLC39A5,0.5606361829025845,0.03777335984095427,3.125248508946322
SLC39A6,0.4095427435387674,0.14512922465208747,2.8071570576540754
SLC39A7,0.6063618290258449,0.03180914512922465,3.256461232604374
SLC39A8,0.43737574552683894,0.04970178926441352,2.6719681908548707
SLC39A9,0.47912524850894633,0.06958250497017893,2.8429423459244534
SLC3A1,0.5944333996023857,0.013916500994035786,3.21272365805169
SLC3A2,0.5705765407554672,0.02584493041749503,3.033797216699801
SLC40A1,0.5825049701789264,0.011928429423459244,3.121272365805169
SLC44A2,0.3101391650099404,0.15308151093439365,2.320079522862823
SLC45A2,0.7395626242544732,0.011928429423459244,4.359840954274354
SLC47A1,0.3836978131212724,0.1550695825049702,2.622266401590457
SLC4A1,0.610337972166998,0.017892644135188866,3.290258449304175
SLC4A4,0.46520874751491054,0.04970178926441352,2.831013916500994
SLC4A7,0.341948310139165,0.12922465208747516,2.407554671968191
SLC51A,0.5208747514910537,0.08349900596421471,2.996023856858847
SLC51B,0.3717693836978131,0.12127236580516898,2.475149105367793
SLC5A1,0.40556660039761433,0.1272365805168986,2.576540755467197
SLC5A2,0.6083499005964215,0.027833001988071572,3.216699801192843
SLC5A4,0.40755467196819084,0.1272365805168986,2.576540755467197
SLC5A6,0.5944333996023857,0.013916500994035786,3.1809145129224654
SLC5A7,0.5825049701789264,0.007952286282306162,3.165009940357853
SLC5A8,0.5149105367793241,0.06560636182902585,2.8946322067594434
SLC6A1,0.35785288270377735,0.12524850894632206,2.4711729622266403
SLC6A17,0.43538767395626243,0.08946322067594434,2.6660039761431413
SLC6A3,0.7713717693836978,0.009940357852882704,4.703777335984095
SLC6A4,0.5964214711729622,0.02982107355864811,3.176938369781312
SLC6A9,0.5506958250497018,0.027833001988071572,3.0139165009940356
SLC7A10,0.5487077534791253,0.05964214711729622,3.2306163021868786
SLC7A11,0.4294234592445328,0.0536779324055666,2.6878727634194832
SLC7A5,0.43538767395626243,0.11332007952286283,2.6719681908548707
SLC7A6,0.4850894632206759,0.06958250497017893,2.862823061630219
SLC7A7,0.5526838966202783,0.06560636182902585,3.107355864811133
SLC7A8,0.5546719681908548,0.06759443339960239,3.10934393638171
SLC7A9,0.5526838966202783,0.05765407554671968,3.2326043737574555
SLC8A1,0.5904572564612326,0.013916500994035786,3.2047713717693838
SLC8A2,0.4294234592445328,0.1172962226640159,2.640159045725646
SLC8A3,0.48111332007952284,0.06958250497017893,2.8469184890656063
SLC9A1,0.4831013916500994,0.06759443339960239,2.805168986083499
SLC9A2,0.5864811133200796,0.005964214711729622,3.1530815109343937
SLC9A3,0.7693836978131213,0.009940357852882704,4.723658051689861
SLC9A5,0.48111332007952284,0.07157057654075547,2.8489065606361827
SLCO1A2,0.5208747514910537,0.09145129224652088,3.2524850894632205
SLCO1B1,0.5188866799204771,0.09145129224652088,3.2485089463220675
SLCO1C1,0.5149105367793241,0.08946322067594434,3.224652087475149
SLCO4C1,0.40357852882703776,0.11332007952286283,2.622266401590457
SLF1,0.40357852882703776,0.11133200795228629,2.610337972166998
SLIRP,0.49304174950298213,0.0775347912524851,2.8469184890656063
SLIT1,0.46520874751491054,0.0775347912524851,2.7216699801192843
SLIT2,0.49502982107355864,0.0536779324055666,2.9204771371769382
SLIT3,0.45129224652087474,0.08946322067594434,2.8389662027833
SLITRK1,0.35984095427435386,0.1172962226640159,2.5506958250497016
SLITRK5,0.37375745526838966,0.11133200795228629,2.572564612326044
SLK,0.4671968190854871,0.08151093439363817,2.7157057654075545
SLMAP,0.33399602385685884,0.13320079522862824,2.3876739562624256
SLN,0.5248508946322068,0.06560636182902585,2.94831013916501
SLPI,0.5745526838966203,0.04970178926441352,3.1789264413518885
SLTM,0.35984095427435386,0.1312127236580517,2.4314115308151094
SLU7,0.44532803180914515,0.09145129224652088,2.7912524850894633
SLURP1,0.7017892644135189,0.017892644135188866,4.065606361829026
SLX4,0.5705765407554672,0.03777335984095427,3.1232604373757455
SMAD1,0.4393638170974155,0.05168986083499006,2.7077534791252487
SMAD2,0.3558648111332008,0.19681908548707752,2.506958250497018
SMAD3,0.3797216699801193,0.12127236580516898,2.5009940357852884
SMAD4,0.33399602385685884,0.20675944333996024,2.375745526838966
SMAD5,0.3956262425447316,0.10536779324055666,2.6023856858846917
SMAD6,0.3817097415506958,0.12326043737574553,2.5049701789264414
SMAD7,0.35785288270377735,0.19681908548707752,2.709741550695825
SMAD9,0.30218687872763417,0.16302186878727634,2.337972166998012
SMAP1,0.36779324055666,0.12922465208747516,2.5228628230616303
SMAP2,0.5546719681908548,0.02982107355864811,3.0636182902584492
SMARCA1,0.31610337972166996,0.2504970178926441,2.371769383697813
SMARCA2,0.34791252485089463,0.21272365805168986,2.4035785288270377
SMARCA4,0.3101391650099404,0.1550695825049702,2.320079522862823
SMARCA5,0.4393638170974155,0.04970178926441352,2.7077534791252487
SMARCAD1,0.43538767395626243,0.05168986083499006,2.6520874751491053
SMARCAL1,0.5666003976143141,0.019880715705765408,3.039761431411531
SMARCB1,0.43737574552683894,0.10337972166998012,2.658051689860835
SMARCC1,0.32803180914512925,0.1411530815109344,2.3697813121272366
SMARCC2,0.558648111332008,0.03777335984095427,3.121272365805169
SMARCD1,0.5526838966202783,0.0536779324055666,3.05765407554672
SMARCD2,0.6441351888667992,0.007952286282306162,3.459244532803181
SMARCD3,0.6381709741550696,0.02982107355864811,3.4095427435387675
SMARCE1,0.6063618290258449,0.02385685884691849,3.304174950298211
SMC1A,0.2524850894632207,0.30218687872763417,2.1868787276341948
SMC1B,0.39165009940357853,0.13916500994035785,2.520874751491054
SMC2,0.36779324055666,0.10139165009940358,2.481113320079523
SMC3,0.47514910536779326,0.0775347912524851,2.771371769383698
SMC4,0.536779324055666,0.055666003976143144,3.0616302186878728
SMC5,0.3260437375745527,0.12922465208747516,2.377733598409543
SMC6,0.5805168986083499,0.015904572564612324,3.159045725646123
SMCHD1,0.4970178926441352,0.0874751491053678,2.99403578528827
SMDT1,0.4115308151093439,0.1172962226640159,2.594433399602386
SMG1,0.5864811133200796,0.0437375745526839,3.107355864811133
SMG5,0.7952286282306164,0.0019880715705765406,4.3041749502982105
SMG6,0.2882703777335984,0.20874751491053678,2.2524850894632205
SMG7,0.7673956262425448,0.005964214711729622,4.023856858846918
SMG9,0.49502982107355864,0.073558648111332,2.892644135188867
SMN1,0.3976143141153082,0.1073558648111332,2.6175298804780875
SMN2,0.3976143141153082,0.1073558648111332,2.6175298804780875
SMNDC1,0.4711729622266402,0.08151093439363817,2.743538767395626
SMO,0.6401590457256461,0.03180914512922465,3.3836978131212723
SMOX,0.5149105367793241,0.09940357852882704,2.94831013916501
SMPD1,0.4671968190854871,0.061630218687872766,2.765407554671968
SMPD2,0.3081510934393638,0.15705765407554673,2.3876739562624256
SMPD3,0.4850894632206759,0.06958250497017893,2.874751491053678
SMPD4,0.5805168986083499,0.007952286282306162,3.10337972166998
SMPDL3A,0.3260437375745527,0.15904572564612326,2.4135188866799204
SMS,0.23260437375745527,0.3379721669980119,2.0974155069582503
SMTN,0.4115308151093439,0.1172962226640159,2.5984095427435387
SMTNL1,0.5685884691848907,0.027833001988071572,3.0159045725646125
SMU1,0.40159045725646125,0.12326043737574553,2.6043737574552686
SMUG1,0.5526838966202783,0.0437375745526839,3.0636182902584492
SMURF1,0.6401590457256461,0.033797216699801194,3.481113320079523
SMURF2,0.6481113320079522,0.005964214711729622,3.4552683896620278
SMYD1,0.5904572564612326,0.017892644135188866,3.15506958250497
SMYD2,0.7514910536779325,0.009940357852882704,3.9244532803180916
SMYD3,0.7495029821073559,0.0019880715705765406,3.9582504970178927
SNAI1,0.5924453280318092,0.041749502982107355,3.3459244532803183
SNAI2,0.6282306163021869,0.02982107355864811,3.6540755467196817
SNAI3,0.43538767395626243,0.11332007952286283,2.675944333996024
SNAP23,0.33399602385685884,0.16699801192842942,2.320079522862823
SNAP25,0.5149105367793241,0.09741550695825049,2.988071570576541
SNAP29,0.4592445328031809,0.08946322067594434,2.8290258449304173
SNAP47,0.7475149105367793,0.0019880715705765406,3.9284294234592445
SNAP91,0.3240556660039761,0.15109343936381708,2.3916500994035785
SNAPC1,0.5149105367793241,0.061630218687872766,2.9343936381709743
SNAPC2,0.3061630218687873,0.15904572564612326,2.2882703777335984
SNAPC3,0.341948310139165,0.2047713717693837,2.4035785288270377
SNAPC4,0.3976143141153082,0.09542743538767395,2.5626242544731612
SNAPC5,0.3797216699801193,0.12326043737574553,2.493041749502982
SNAPIN,0.7972166998011928,0.0019880715705765406,4.385685884691849
SNCA,0.4433399602385686,0.04970178926441352,2.679920477137177
SNCAIP,0.38966202783300197,0.1073558648111332,2.594433399602386
SNCB,0.4572564612326044,0.08151093439363817,2.862823061630219
SND1,0.6341948310139165,0.03578528827037773,3.3479125248508947
SNF8,0.6322067594433399,0.011928429423459244,3.3797216699801194
SNIP1,0.5407554671968191,0.03777335984095427,2.9622266401590456
SNRNP200,0.5964214711729622,0.005964214711729622,3.2405566600397613
SNRNP35,0.5268389662027833,0.07554671968190854,2.9324055666003974
SNRNP40,0.5069582504970179,0.0536779324055666,2.8807157057654074
SNRNP48,0.6123260437375746,0.03180914512922465,3.31610337972167
SNRNP70,0.4254473161033797,0.11332007952286283,2.6481113320079523
SNRPA,0.5168986083499006,0.073558648111332,2.978131212723658
SNRPA1,0.40755467196819084,0.10536779324055666,2.5864811133200796
SNRPB,0.510934393638171,0.09741550695825049,2.944333996023857
SNRPB2,0.5407554671968191,0.10536779324055666,3.011928429423459
SNRPC,0.6003976143141153,0.02982107355864811,3.2584493041749503
SNRPD1,0.47713717693836977,0.09343936381709742,2.827037773359841
SNRPD2,0.46520874751491054,0.09940357852882704,2.8250497017892644
SNRPD3,0.43339960238568587,0.10337972166998012,2.6520874751491053
SNRPE,0.7713717693836978,0.0019880715705765406,4.043737574552684
SNRPF,0.5149105367793241,0.0636182902584493,2.914512922465209
SNRPG,0.5904572564612326,0.015904572564612324,3.1749502982107356
SNRPN,0.35984095427435386,0.15308151093439365,2.4254473161033796
SNTA1,0.6003976143141153,0.02982107355864811,3.2604373757455267
SNTB1,0.7216699801192843,0.017892644135188866,4.155069582504971
SNTB2,0.4831013916500994,0.07157057654075547,2.856858846918489
SNTG2,0.5705765407554672,0.017892644135188866,3.147117296222664
SNU13,0.40755467196819084,0.12326043737574553,2.5785288270377733
SNUPN,0.3817097415506958,0.11530815109343936,2.5089463220675943
SNURF,0.3558648111332008,0.15308151093439365,2.4135188866799204
SNW1,0.49304174950298213,0.0775347912524851,2.8469184890656063
SNX1,0.36381709741550694,0.1272365805168986,2.4731610337972167
SNX11,0.6361829025844931,0.011928429423459244,3.3658051689860833
SNX12,0.27236580516898606,0.2882703777335984,2.2485089463220675
SNX17,0.5944333996023857,0.013916500994035786,3.1809145129224654
SNX18,0.46123260437375746,0.09145129224652088,2.904572564612326
SNX2,0.38966202783300197,0.1073558648111332,2.594433399602386
SNX20,0.5149105367793241,0.073558648111332,2.9681908548707754
SNX24,0.38966202783300197,0.1073558648111332,2.594433399602386
SNX27,0.7932405566600398,0.0019880715705765406,4.4115308151093435
SNX3,0.3061630218687873,0.15705765407554673,2.3797216699801194
SNX4,0.5268389662027833,0.05964214711729622,2.9324055666003974
SNX5,0.5407554671968191,0.09145129224652088,3.0278330019880717
SNX6,0.6123260437375746,0.04572564612326044,3.944333996023857
SNX7,0.4592445328031809,0.09145129224652088,2.7236580516898607
SNX8,0.6819085487077535,0.02186878727634195,3.8707753479125246
SNX9,0.31809145129224653,0.15308151093439365,2.3916500994035785
SOAT1,0.7713717693836978,0.003976143141153081,4.035785288270378
SOAT2,0.5566600397614314,0.041749502982107355,3.0596421471172963
SOCS1,0.5984095427435387,0.03578528827037773,3.228628230616302
SOCS2,0.5089463220675944,0.06560636182902585,2.8986083499005963
SOCS3,0.6540755467196819,0.007952286282306162,3.4731610337972167
SOCS6,0.35785288270377735,0.20874751491053678,2.469184890656064
SOD1,0.44532803180914515,0.07554671968190854,2.7634194831013916
SOD2,0.31610337972166996,0.1550695825049702,2.4035785288270377
SOD3,0.4970178926441352,0.05168986083499006,2.9224652087475147
SOHLH1,0.40357852882703776,0.09542743538767395,2.570576540755467
SOHLH2,0.30417495029821073,0.16302186878727634,2.341948310139165
SON,0.46322067594433397,0.0636182902584493,2.8151093439363817
SORBS1,0.46520874751491054,0.08151093439363817,2.7176938369781314
SORBS3,0.30417495029821073,0.2624254473161034,2.286282306163022
SORD,0.34393638170974156,0.16500994035785288,2.353876739562624
SORL1,0.5308151093439364,0.06759443339960239,2.952286282306163
SORT1,0.43141153081510936,0.09343936381709742,2.6540755467196817
SOS2,0.5447316103379721,0.05168986083499006,3.1292246520874754
SOST,0.6083499005964215,0.017892644135188866,3.2868525896414345
SOSTDC1,0.6938369781312127,0.02186878727634195,3.9343936381709743
SOX1,0.37375745526838966,0.11928429423459244,2.610337972166998
SOX10,0.4115308151093439,0.12524850894632206,2.6202783300198806
SOX13,0.7713717693836978,0.0019880715705765406,4.039761431411531
SOX17,0.6322067594433399,0.033797216699801194,3.6858846918489068
SOX2,0.5288270377733598,0.0636182902584493,3.05168986083499
SOX3,0.3240556660039761,0.23658051689860835,2.4035785288270377
SOX4,0.6003976143141153,0.033797216699801194,3.2942345924453282
SOX5,0.5447316103379721,0.07157057654075547,3.3976143141153083
SOX6,0.49502982107355864,0.055666003976143144,2.856858846918489
SOX9,0.6560636182902585,0.007952286282306162,3.4950298210735586
SP1,0.5546719681908548,0.041749502982107355,3.0656063618290257
SP100,0.5666003976143141,0.02385685884691849,3.0079522862823063
SP110,0.5666003976143141,0.02385685884691849,3.0079522862823063
SP3,0.5944333996023857,0.009940357852882704,3.1848906560636183
SP7,0.5546719681908548,0.041749502982107355,3.0616302186878728
SPA17,0.5268389662027833,0.07157057654075547,2.926441351888668
SPACA4,0.4254473161033797,0.11332007952286283,2.640159045725646
SPAG1,0.7037773359840954,0.015904572564612324,4.1252485089463224
SPAG16,0.5685884691848907,0.019880715705765408,3.043737574552684
SPAG17,0.4572564612326044,0.09741550695825049,2.727634194831014
SPAG4,0.6182902584493042,0.02186878727634195,3.3658051689860833
SPAG5,0.5984095427435387,0.02584493041749503,3.1749502982107356
SPAG6,0.5308151093439364,0.04572564612326044,2.99403578528827
SPAG7,0.294234592445328,0.20079522862823063,2.272365805168986
SPAG9,0.6322067594433399,0.007952286282306162,3.411530815109344
SPARC,0.4234592445328032,0.09741550695825049,2.727634194831014
SPARCL1,0.4532803180914513,0.04771371769383698,2.697813121272366
SPART,0.30417495029821073,0.16500994035785288,2.3399602385685885
SPATA13,0.2982107355864811,0.16898608349900596,2.2962226640159047
SPATA2,0.5924453280318092,0.041749502982107355,3.3300198807157058
SPATC1,0.6938369781312127,0.02186878727634195,4.0178926441351885
SPC24,0.3121272365805169,0.1550695825049702,2.3180914512922466
SPC25,0.5924453280318092,0.013916500994035786,3.1669980119284293
SPCS1,0.33001988071570576,0.13717693836978131,2.3856858846918487
SPCS2,0.6003976143141153,0.019880715705765408,3.1888667992047712
SPCS3,0.40357852882703776,0.08548707753479125,2.5785288270377733
SPDL1,0.4572564612326044,0.0874751491053678,2.8727634194831015
SPDYA,0.5924453280318092,0.013916500994035786,3.1709741550695827
SPECC1,0.39363817097415504,0.15308151093439365,2.636182902584493
SPEN,0.5049701789264414,0.06759443339960239,2.892644135188867
SPG11,0.34393638170974156,0.16699801192842942,2.3479125248508947
SPG7,0.4393638170974155,0.11332007952286283,2.6779324055666005
SPHK1,0.6540755467196819,0.009940357852882704,3.463220675944334
SPHK2,0.4254473161033797,0.11332007952286283,2.640159045725646
SPHKAP,0.5685884691848907,0.02385685884691849,3.0318091451292246
SPI1,0.5308151093439364,0.039761431411530816,2.952286282306163
SPIB,0.43141153081510936,0.10934393638170974,2.6540755467196817
SPIC,0.5168986083499006,0.06560636182902585,2.89662027833002
SPICE1,0.5168986083499006,0.061630218687872766,2.9025844930417497
SPIN1,0.3558648111332008,0.12524850894632206,2.4393638170974157
SPINK1,0.4234592445328032,0.09542743538767395,2.7216699801192843
SPINK2,0.4990059642147117,0.04771371769383698,2.8807157057654074
SPINK5,0.4234592445328032,0.09542743538767395,2.7216699801192843
SPINK6,0.4234592445328032,0.09542743538767395,2.7216699801192843
SPINK9,0.4234592445328032,0.09542743538767395,2.727634194831014
SPINT1,0.33001988071570576,0.16898608349900596,2.324055666003976
SPINT2,0.536779324055666,0.07157057654075547,3.1391650099403576
SPIRE1,0.4691848906560636,0.08349900596421471,2.900596421471173
SPIRE2,0.4393638170974155,0.1172962226640159,2.6660039761431413
SPN,0.610337972166998,0.033797216699801194,3.198807157057654
SPNS1,0.6083499005964215,0.03180914512922465,3.2007952286282304
SPNS3,0.2922465208747515,0.20675944333996024,2.268389662027833
SPO11,0.6182902584493042,0.02385685884691849,3.5009940357852884
SPOCK3,0.41749502982107356,0.06560636182902585,2.618290258449304
SPON1,0.49105367793240556,0.05964214711729622,2.996023856858847
SPOP,0.6341948310139165,0.011928429423459244,3.3976143141153083
SPOPL,0.5725646123260437,0.007952286282306162,3.091451292246521
SPP1,0.44532803180914515,0.04970178926441352,2.679920477137177
SPP2,0.5646123260437376,0.027833001988071572,3.0099403578528827
SPPL2A,0.3658051689860835,0.13717693836978131,2.4174950298210733
SPPL2B,0.30218687872763417,0.16699801192842942,2.2783300198807157
SPPL3,0.5228628230616302,0.07554671968190854,2.908548707753479
SPR,0.5864811133200796,0.015904572564612324,3.137176938369781
SPRED1,0.32803180914512925,0.16898608349900596,2.31610337972167
SPRED2,0.5904572564612326,0.015904572564612324,3.1669980119284293
SPRED3,0.536779324055666,0.07157057654075547,3.1391650099403576
SPRR1A,0.7932405566600398,0.0019880715705765406,4.391650099403578
SPRR1B,0.7932405566600398,0.0019880715705765406,4.397614314115308
SPRR2A,0.7932405566600398,0.0019880715705765406,4.397614314115308
SPRR2E,0.7932405566600398,0.0019880715705765406,4.397614314115308
SPRR2G,0.7932405566600398,0.0019880715705765406,4.397614314115308
SPRR3,0.7932405566600398,0.0019880715705765406,4.395626242544732
SPRTN,0.7395626242544732,0.003976143141153081,3.8986083499005963
SPRY1,0.42147117296222664,0.055666003976143144,2.6540755467196817
SPRY2,0.36182902584493043,0.11530815109343936,2.532803180914513
SPRY3,0.34592445328031807,0.23658051689860835,2.4910536779324057
SPRY4,0.4194831013916501,0.09542743538767395,2.691848906560636
SPSB1,0.510934393638171,0.06958250497017893,2.886679920477137
SPSB4,0.5288270377733598,0.05765407554671968,2.9920477137176937
SPTAN1,0.38767395626242546,0.09741550695825049,2.518886679920477
SPTBN1,0.588469184890656,0.011928429423459244,3.242544731610338
SPTBN2,0.6163021868787276,0.011928429423459244,3.242544731610338
SPTBN4,0.5208747514910537,0.07554671968190854,3.0656063618290257
SPTBN5,0.33001988071570576,0.16699801192842942,2.3180914512922466
SPTLC1,0.3518886679920477,0.12524850894632206,2.429423459244533
SPTLC2,0.49304174950298213,0.0775347912524851,2.8469184890656063
SPTLC3,0.5228628230616302,0.09343936381709742,3.0258449304174952
SPTSSA,0.610337972166998,0.04572564612326044,3.8588469184890655
SPTSSB,0.5467196819085487,0.055666003976143144,3.081510934393638
SQLE,0.731610337972167,0.015904572564612324,4.381709741550696
SQOR,0.34791252485089463,0.16500994035785288,2.349900596421471
SQSTM1,0.4592445328031809,0.08349900596421471,2.8807157057654074
SRA1,0.415506958250497,0.10139165009940358,2.6660039761431413
SRC,0.588469184890656,0.03777335984095427,3.2524850894632205
SRCAP,0.6123260437375746,0.02584493041749503,3.2365805168986084
SRCIN1,0.6302186878727635,0.015904572564612324,3.359840954274354
SRD5A2,0.584493041749503,0.015904572564612324,3.168986083499006
SRD5A3,0.4990059642147117,0.05168986083499006,2.89065606361829
SREBF1,0.3359840954274354,0.17892644135188868,2.393638170974155
SREBF2,0.4095427435387674,0.11928429423459244,2.5864811133200796
SREK1,0.40159045725646125,0.10536779324055666,2.6341948310139167
SRF,0.5984095427435387,0.02982107355864811,3.3141153081510932
SRGAP1,0.5666003976143141,0.03578528827037773,3.2306163021868786
SRGAP2,0.7634194831013916,0.005964214711729622,3.9980119284294235
SRGAP3,0.36182902584493043,0.12524850894632206,2.469184890656064
SRGN,0.4850894632206759,0.06560636182902585,2.805168986083499
SRI,0.6441351888667992,0.02982107355864811,3.332007952286282
SRL,0.5745526838966203,0.03777335984095427,3.1292246520874754
SRM,0.5089463220675944,0.0636182902584493,2.89065606361829
SRP14,0.32803180914512925,0.17296222664015903,2.31610337972167
SRP19,0.38966202783300197,0.11332007952286283,2.5964214711729623
SRP54,0.6222664015904572,0.04572564612326044,4.077534791252485
SRP68,0.6540755467196819,0.009940357852882704,3.457256461232604
SRP9,0.7495029821073559,0.0019880715705765406,3.9324055666003974
SRPK1,0.5944333996023857,0.02982107355864811,3.2524850894632205
SRPK2,0.6421471172962226,0.041749502982107355,3.3876739562624256
SRPRA,0.5248508946322068,0.07157057654075547,2.930417495029821
SRPRB,0.532803180914513,0.05765407554671968,2.966202783300199
SRPX2,0.2922465208747515,0.28429423459244535,2.298210735586481
SRR,0.28628230616302186,0.21073558648111332,2.246520874751491
SRRM1,0.49304174950298213,0.06759443339960239,2.8429423459244534
SRRM2,0.5705765407554672,0.039761431411530816,3.1192842942345926
SRRM4,0.5268389662027833,0.07157057654075547,2.9403578528827037
SRRT,0.6441351888667992,0.03180914512922465,3.4433399602385686
SRSF1,0.6302186878727635,0.013916500994035786,3.3856858846918487
SRSF10,0.49105367793240556,0.06560636182902585,2.84493041749503
SRSF11,0.5029821073558648,0.055666003976143144,2.8548707753479126
SRSF12,0.3240556660039761,0.15705765407554673,2.377733598409543
SRSF2,0.6540755467196819,0.009940357852882704,3.4652087475149105
SRSF3,0.5964214711729622,0.02982107355864811,3.256461232604374
SRSF4,0.5029821073558648,0.05964214711729622,2.8548707753479126
SRSF5,0.4831013916500994,0.06958250497017893,2.8489065606361827
SRSF6,0.5685884691848907,0.04970178926441352,3.176938369781312
SRSF7,0.5904572564612326,0.013916500994035786,3.1968190854870775
SRSF8,0.5685884691848907,0.039761431411530816,3.091451292246521
SRSF9,0.5228628230616302,0.07157057654075547,2.918489065606362
SRXN1,0.5049701789264414,0.09542743538767395,2.94234592445328
SS18,0.44731610337972166,0.11332007952286283,2.8489065606361827
SS18L1,0.6322067594433399,0.015904572564612324,3.600397614314115
SSB,0.5904572564612326,0.013916500994035786,3.194831013916501
SSBP1,0.6341948310139165,0.02584493041749503,3.4015904572564613
SSBP2,0.39363817097415504,0.11332007952286283,2.624254473161034
SSBP4,0.3558648111332008,0.1272365805168986,2.4771371769383697
SSH1,0.5188866799204771,0.073558648111332,2.89662027833002
SSH2,0.6003976143141153,0.02982107355864811,3.176938369781312
SSH3,0.6182902584493042,0.013916500994035786,3.246520874751491
SSNA1,0.40556660039761433,0.09741550695825049,2.5785288270377733
SSPN,0.5566600397614314,0.06759443339960239,3.572564612326044
SSR1,0.610337972166998,0.03180914512922465,3.298210735586481
SSR2,0.7932405566600398,0.0019880715705765406,4.31013916500994
SSR3,0.5407554671968191,0.055666003976143144,3.0974155069582503
SSR4,0.33399602385685884,0.21868787276341947,2.5049701789264414
SSRP1,0.5705765407554672,0.027833001988071572,3.017892644135189
SSTR1,0.614314115308151,0.041749502982107355,4.087475149105368
SSTR2,0.658051689860835,0.007952286282306162,3.493041749502982
SSTR3,0.40357852882703776,0.1272365805168986,2.5984095427435387
SSTR5,0.5606361829025845,0.041749502982107355,3.1192842942345926
SSU72,0.5268389662027833,0.0536779324055666,2.9463220675944335
SSX1,0.2524850894632207,0.3081510934393638,2.176938369781312
SSX2,0.2504970178926441,0.30218687872763417,2.165009940357853
SSX2B,0.2485089463220676,0.30218687872763417,2.1630218687872764
SSX2IP,0.48906560636182905,0.0775347912524851,2.8210735586481115
SSX3,0.2524850894632207,0.3081510934393638,2.176938369781312
SSX7,0.2504970178926441,0.30218687872763417,2.165009940357853
ST13,0.40755467196819084,0.12127236580516898,2.588469184890656
ST14,0.5248508946322068,0.06958250497017893,2.9463220675944335
ST3GAL1,0.7117296222664016,0.019880715705765408,4.238568588469185
ST3GAL2,0.48111332007952284,0.07554671968190854,2.8389662027833
ST3GAL3,0.5506958250497018,0.027833001988071572,3.0079522862823063
ST3GAL4,0.5248508946322068,0.07157057654075547,2.930417495029821
ST3GAL5,0.5904572564612326,0.017892644135188866,3.147117296222664
ST3GAL6,0.5089463220675944,0.05964214711729622,2.874751491053678
ST6GAL1,0.5228628230616302,0.07554671968190854,3.003976143141153
ST6GAL2,0.5825049701789264,0.007952286282306162,3.1570576540755466
ST6GALNAC1,0.6540755467196819,0.009940357852882704,3.4652087475149105
ST6GALNAC2,0.6540755467196819,0.009940357852882704,3.4612326043737576
ST6GALNAC3,0.49304174950298213,0.0636182902584493,2.8489065606361827
ST6GALNAC4,0.3856858846918489,0.09542743538767395,2.520874751491054
ST6GALNAC5,0.49304174950298213,0.0636182902584493,2.8489065606361827
ST8SIA1,0.5268389662027833,0.0874751491053678,3.3141153081510932
ST8SIA2,0.40755467196819084,0.10337972166998012,2.584493041749503
ST8SIA4,0.40556660039761433,0.11530815109343936,2.662027833001988
ST8SIA5,0.35984095427435386,0.19284294234592445,2.497017892644135
STAB1,0.32803180914512925,0.13717693836978131,2.3876739562624256
STAB2,0.5149105367793241,0.073558648111332,2.89662027833002
STAC,0.34393638170974156,0.12922465208747516,2.411530815109344
STAG1,0.536779324055666,0.055666003976143144,3.0019880715705765
STAG2,0.3101391650099404,0.2504970178926441,2.349900596421471
STAG3,0.6481113320079522,0.02982107355864811,3.4990059642147116
STAM,0.5188866799204771,0.0536779324055666,2.9622266401590456
STAM2,0.5785288270377733,0.013916500994035786,3.121272365805169
STAMBP,0.588469184890656,0.019880715705765408,3.15506958250497
STAP1,0.4691848906560636,0.04771371769383698,2.771371769383698
STAP2,0.30218687872763417,0.16302186878727634,2.2823061630218686
STAR,0.44930417495029823,0.1550695825049702,3.021868787276342
STARD13,0.3121272365805169,0.15904572564612326,2.3658051689860833
STARD3,0.6262425447316103,0.017892644135188866,3.429423459244533
STARD3NL,0.6918489065606361,0.02584493041749503,3.8210735586481115
STARD8,0.27037773359840955,0.28429423459244535,2.2405566600397613
STAT1,0.584493041749503,0.011928429423459244,3.1172962226640157
STAT2,0.5606361829025845,0.03777335984095427,3.125248508946322
STAT3,0.614314115308151,0.02186878727634195,3.268389662027833
STAT4,0.584493041749503,0.011928429423459244,3.1192842942345926
STAT5A,0.614314115308151,0.019880715705765408,3.2703777335984094
STAT5B,0.610337972166998,0.019880715705765408,3.2664015904572565
STAT6,0.5646123260437376,0.039761431411530816,3.1968190854870775
STATH,0.46520874751491054,0.04970178926441352,2.7972166998011927
STAU1,0.5924453280318092,0.04572564612326044,3.3101391650099403
STBD1,0.4671968190854871,0.04970178926441352,2.779324055666004
STC2,0.46123260437375746,0.0874751491053678,2.8727634194831015
STEAP3,0.5825049701789264,0.007952286282306162,3.168986083499006
STH,0.6123260437375746,0.019880715705765408,3.3326693227091635
STIL,0.5347912524850894,0.041749502982107355,2.94831013916501
STIM1,0.47514910536779326,0.0636182902584493,2.779324055666004
STIM2,0.5089463220675944,0.04970178926441352,3.0159045725646125
STIP1,0.5745526838966203,0.02584493041749503,3.0497017892644136
STK10,0.46322067594433397,0.0874751491053678,2.89065606361829
STK11,0.30417495029821073,0.16699801192842942,2.2962226640159047
STK24,0.37773359840954274,0.11133200795228629,2.6123260437375744
STK25,0.562624254473161,0.02982107355864811,3.0019880715705765
STK26,0.31411530815109345,0.2524850894632207,2.355864811133201
STK3,0.705765407554672,0.013916500994035786,4.10337972166998
STK35,0.5089463220675944,0.09542743538767395,2.9463220675944335
STK36,0.5685884691848907,0.019880715705765408,3.0457256461232602
STK38,0.5964214711729622,0.02982107355864811,3.256461232604374
STK38L,0.5506958250497018,0.0636182902584493,3.3697813121272366
STK39,0.5924453280318092,0.013916500994035786,3.1749502982107356
STK4,0.5725646123260437,0.04970178926441352,3.1709741550695827
STK40,0.536779324055666,0.03777335984095427,2.9542743538767398
STMN1,0.49304174950298213,0.06759443339960239,2.834990059642147
STMN4,0.3121272365805169,0.26043737574552683,2.304174950298211
STN1,0.4671968190854871,0.08151093439363817,2.7157057654075545
STOM,0.3856858846918489,0.09940357852882704,2.532803180914513
STOML2,0.40159045725646125,0.11332007952286283,2.6163021868787277
STOML3,0.30417495029821073,0.1610337972166998,2.3479125248508947
STON1,0.5944333996023857,0.013916500994035786,3.2524850894632205
STON2,0.48906560636182905,0.0874751491053678,2.834990059642147
STRA6,0.3856858846918489,0.11928429423459244,2.5288270377733597
STRA8,0.6322067594433399,0.02982107355864811,3.3658051689860833
STRADA,0.6441351888667992,0.007952286282306162,3.459244532803181
STRADB,0.5765407554671969,0.015904572564612324,3.1013916500994037
STRAP,0.47514910536779326,0.11530815109343936,2.952286282306163
STRBP,0.3836978131212724,0.09741550695825049,2.532803180914513
STRIP1,0.43538767395626243,0.09145129224652088,2.6640159045725644
STRIP2,0.6401590457256461,0.03180914512922465,3.381709741550696
STRN,0.5924453280318092,0.013916500994035786,3.2027833001988073
STRN3,0.5924453280318092,0.04572564612326044,3.5864811133200796
STRN4,0.43737574552683894,0.11332007952286283,2.662027833001988
STS,0.2286282306163022,0.33399602385685884,2.0934393638170974
STT3A,0.5268389662027833,0.06759443339960239,2.9383697813121272
STT3B,0.34592445328031807,0.1312127236580517,2.4095427435387675
STUB1,0.558648111332008,0.041749502982107355,3.1192842942345926
STX10,0.3061630218687873,0.15308151093439365,2.3121272365805168
STX11,0.32803180914512925,0.14910536779324055,2.433399602385686
STX12,0.4870775347912525,0.06560636182902585,2.8190854870775346
STX16,0.6361829025844931,0.02186878727634195,3.644135188866799
STX17,0.35785288270377735,0.11530815109343936,2.4493041749502984
STX18,0.4850894632206759,0.06560636182902585,2.8290258449304173
STX19,0.5009940357852882,0.06958250497017893,2.8707753479125246
STX1A,0.6461232604373758,0.039761431411530816,3.3399602385685885
STX1B,0.610337972166998,0.02584493041749503,3.2604373757455267
STX2,0.5248508946322068,0.07554671968190854,2.918489065606362
STX3,0.5705765407554672,0.02385685884691849,3.003976143141153
STX4,0.610337972166998,0.02584493041749503,3.256461232604374
STX5,0.5705765407554672,0.02584493041749503,3.033797216699801
STX6,0.7673956262425448,0.003976143141153081,4.035785288270378
STX7,0.341948310139165,0.1550695825049702,2.4552683896620278
STX8,0.30019880715705766,0.20874751491053678,2.2604373757455267
STXBP1,0.3856858846918489,0.09542743538767395,2.520874751491054
STXBP2,0.3081510934393638,0.1610337972166998,2.2882703777335984
STXBP3,0.4294234592445328,0.09542743538767395,2.6520874751491053
STXBP4,0.6322067594433399,0.009940357852882704,3.389662027833002
STXBP5,0.3260437375745527,0.1550695825049702,2.429423459244533
STXBP5L,0.5188866799204771,0.0636182902584493,2.9105367793240555
STXBP6,0.5566600397614314,0.05765407554671968,3.2306163021868786
SUB1,0.7415506958250497,0.009940357852882704,4.363817097415507
SUCLG1,0.5864811133200796,0.019880715705765408,3.15506958250497
SUCLG2,0.3697813121272366,0.12127236580516898,2.4950298210735586
SUCNR1,0.5387673956262425,0.05168986083499006,3.0457256461232602
SUDS3,0.5268389662027833,0.07157057654075547,2.9383697813121272
SUFU,0.46123260437375746,0.07554671968190854,2.713717693836978
SUGP1,0.3558648111332008,0.12127236580516898,2.510934393638171
SUGT1,0.3399602385685885,0.147117296222664,2.451292246520875
SULT1A2,0.6043737574552683,0.03180914512922465,3.198807157057654
SULT1E1,0.46520874751491054,0.04970178926441352,2.7972166998011927
SULT2A1,0.4274353876739563,0.1172962226640159,2.6381709741550696
SULT2B1,0.4254473161033797,0.11332007952286283,2.640159045725646
SULT4A1,0.40159045725646125,0.12922465208747516,2.558648111332008
SUMF1,0.35785288270377735,0.12326043737574553,2.467196819085487
SUMF2,0.6898608349900597,0.027833001988071572,4.143141153081511
SUMO1,0.5765407554671969,0.015904572564612324,3.099403578528827
SUMO2,0.6540755467196819,0.009940357852882704,3.479125248508946
SUMO3,0.44930417495029823,0.07554671968190854,2.775347912524851
SUN1,0.6858846918489065,0.02186878727634195,3.874751491053678
SUN2,0.415506958250497,0.12127236580516898,2.636182902584493
SUOX,0.5546719681908548,0.041749502982107355,3.113320079522863
SUPT16H,0.5506958250497018,0.061630218687872766,3.0934393638170974
SUPT20H,0.30218687872763417,0.16302186878727634,2.3459244532803183
SUPT3H,0.5924453280318092,0.02982107355864811,3.2823061630218686
SUPT4H1,0.6302186878727635,0.011928429423459244,3.3876739562624256
SUPT5H,0.532803180914513,0.07157057654075547,3.1491053677932404
SUPT6H,0.5984095427435387,0.02584493041749503,3.1749502982107356
SUPT7L,0.5924453280318092,0.013916500994035786,3.1848906560636183
SUPV3L1,0.4850894632206759,0.06560636182902585,2.805168986083499
SURF1,0.3976143141153082,0.09741550695825049,2.5467196819085487
SURF4,0.3976143141153082,0.09741550695825049,2.5467196819085487
SURF6,0.3976143141153082,0.09741550695825049,2.5467196819085487
SUV39H1,0.25646123260437376,0.30417495029821073,2.2147117296222665
SUV39H2,0.5188866799204771,0.0536779324055666,2.9761431411530817
SUZ12,0.6043737574552683,0.027833001988071572,3.190854870775348
SV2A,0.7912524850894632,0.0019880715705765406,4.369781312127237
SV2B,0.40357852882703776,0.10337972166998012,2.570576540755467
SVIL,0.5506958250497018,0.041749502982107355,3.0357852882703775
SVIP,0.4970178926441352,0.055666003976143144,2.840954274353877
SWSAP1,0.3101391650099404,0.15308151093439365,2.3180914512922466
SYBU,0.705765407554672,0.015904572564612324,4.01192842942346
SYCE1,0.4711729622266402,0.08548707753479125,2.7335984095427435
SYCE2,0.3061630218687873,0.1550695825049702,2.304174950298211
SYCE3,0.36779324055666,0.15308151093439365,2.4870775347912524
SYCN,0.532803180914513,0.07157057654075547,3.10337972166998
SYCP1,0.43538767395626243,0.09343936381709742,2.6898608349900597
SYCP2,0.6262425447316103,0.02385685884691849,3.570576540755467
SYCP3,0.5168986083499006,0.06560636182902585,2.8986083499005963
SYDE1,0.3240556660039761,0.14512922465208747,2.355864811133201
SYDE2,0.48906560636182905,0.07952286282306163,2.84493041749503
SYF2,0.49502982107355864,0.06560636182902585,2.8489065606361827
SYK,0.3558648111332008,0.12326043737574553,2.4493041749502984
SYMPK,0.46322067594433397,0.10139165009940358,2.801192842942346
SYN1,0.2524850894632207,0.31411530815109345,2.1709741550695827
SYN2,0.35785288270377735,0.12326043737574553,2.4652087475149105
SYN3,0.40755467196819084,0.12326043737574553,2.584493041749503
SYNC,0.5149105367793241,0.04771371769383698,2.904572564612326
SYNCRIP,0.3220675944333996,0.1550695825049702,2.3876739562624256
SYNE1,0.32803180914512925,0.1550695825049702,2.4095427435387675
SYNE2,0.5069582504970179,0.0636182902584493,2.9065606361829026
SYNE4,0.5526838966202783,0.05964214711729622,3.2266401590457257
SYNGAP1,0.6043737574552683,0.03180914512922465,3.2445328031809146
SYNGR1,0.415506958250497,0.12127236580516898,2.6123260437375744
SYNGR2,0.6600397614314115,0.007952286282306162,3.5049701789264414
SYNJ1,0.4532803180914513,0.073558648111332,2.7912524850894633
SYNJ2,0.31809145129224653,0.15308151093439365,2.3916500994035785
SYNJ2BP,0.48111332007952284,0.06958250497017893,2.8469184890656063
SYNM,0.4095427435387674,0.10337972166998012,2.594433399602386
SYNPO,0.4234592445328032,0.09741550695825049,2.7335984095427435
SYNPR,0.35785288270377735,0.13518886679920478,2.4552683896620278
SYNRG,0.6242544731610338,0.017892644135188866,3.3459244532803183
SYP,0.2504970178926441,0.30019880715705766,2.21272365805169
SYS1,0.5745526838966203,0.04970178926441352,3.1868787276341948
SYT1,0.5228628230616302,0.05964214711729622,2.9741550695825048
SYT10,0.5606361829025845,0.055666003976143144,3.3797216699801194
SYT11,0.7932405566600398,0.0019880715705765406,4.330019880715706
SYT12,0.6163021868787276,0.011928429423459244,3.228628230616302
SYT2,0.7693836978131213,0.0019880715705765406,4.001988071570577
SYT3,0.43737574552683894,0.10934393638170974,2.6660039761431413
SYT4,0.3717693836978131,0.18091451292246521,2.5904572564612325
SYT5,0.4532803180914513,0.09542743538767395,2.743538767395626
SYT6,0.4274353876739563,0.09542743538767395,2.6560636182902586
SYT7,0.5805168986083499,0.019880715705765408,3.033797216699801
SYT9,0.4731610337972167,0.061630218687872766,2.7733598409542743
SYTL1,0.4850894632206759,0.06560636182902585,2.809145129224652
SYTL2,0.5964214711729622,0.02385685884691849,3.190854870775348
SYTL4,0.2922465208747515,0.28429423459244535,2.298210735586481
SYVN1,0.5785288270377733,0.02186878727634195,3.069582504970179
SZT2,0.5487077534791253,0.027833001988071572,3.039761431411531
TAAR1,0.3379721669980119,0.15308151093439365,2.4473161033797215
TAAR9,0.3399602385685885,0.1550695825049702,2.4532803180914513
TAB1,0.4135188866799205,0.12127236580516898,2.610337972166998
TAB2,0.32007952286282304,0.15308151093439365,2.405566600397614
TAB3,0.2345924453280318,0.34592445328031807,2.095427435387674
TAC1,0.6401590457256461,0.033797216699801194,3.4711729622266403
TACC1,0.46123260437375746,0.1550695825049702,3.0675944333996026
TACC2,0.47713717693836977,0.0775347912524851,2.7693836978131214
TACC3,0.49105367793240556,0.0636182902584493,2.862823061630219
TACO1,0.6461232604373758,0.007952286282306162,3.4532803180914513
TACR1,0.5864811133200796,0.02186878727634195,3.1391650099403576
TACR2,0.4831013916500994,0.06560636182902585,2.7992047713717696
TACR3,0.43339960238568587,0.05168986083499006,2.658051689860835
TADA1,0.7773359840954275,0.007952286282306162,4.083499005964215
TADA2A,0.6202783300198808,0.017892644135188866,3.3339960238568587
TADA2B,0.4850894632206759,0.06560636182902585,2.840954274353877
TADA3,0.3658051689860835,0.12326043737574553,2.4910536779324057
TAF1,0.27037773359840955,0.29025844930417494,2.2445328031809146
TAF10,0.4671968190854871,0.061630218687872766,2.765407554671968
TAF11,0.6003976143141153,0.02982107355864811,3.2584493041749503
TAF12,0.49304174950298213,0.061630218687872766,2.8369781312127236
TAF13,0.4294234592445328,0.09542743538767395,2.6520874751491053
TAF15,0.6182902584493042,0.02186878727634195,3.2226640159045727
TAF1A,0.7534791252485089,0.0019880715705765406,3.9284294234592445
TAF1B,0.5765407554671969,0.017892644135188866,3.1510934393638173
TAF1C,0.4433399602385686,0.10139165009940358,2.6858846918489068
TAF1D,0.5705765407554672,0.041749502982107355,3.085487077534791
TAF2,0.7216699801192843,0.013916500994035786,4.107355864811133
TAF3,0.510934393638171,0.05964214711729622,2.9363817097415508
TAF4,0.6302186878727635,0.017892644135188866,3.588469184890656
TAF4B,0.44731610337972166,0.11530815109343936,2.8548707753479126
TAF5,0.46322067594433397,0.07952286282306163,2.7176938369781314
TAF5L,0.7415506958250497,0.0019880715705765406,3.9125248508946324
TAF6,0.6481113320079522,0.02982107355864811,3.4990059642147116
TAF6L,0.5705765407554672,0.02584493041749503,3.033797216699801
TAF7,0.415506958250497,0.09741550695825049,2.667992047713718
TAF7L,0.29025844930417494,0.28429423459244535,2.2962226640159047
TAF8,0.6043737574552683,0.02982107355864811,3.415506958250497
TAF9,0.40159045725646125,0.10536779324055666,2.624254473161034
TAF9B,0.2644135188866799,0.29025844930417494,2.220675944333996
TAGAP,0.32007952286282304,0.15308151093439365,2.405566600397614
TAGLN,0.5228628230616302,0.0636182902584493,2.9403578528827037
TAL1,0.5347912524850894,0.041749502982107355,2.94831013916501
TALDO1,0.4691848906560636,0.06560636182902585,2.78727634194831
TAMM41,0.35984095427435386,0.12326043737574553,2.469184890656064
TANC1,0.5864811133200796,0.007952286282306162,3.159045725646123
TANK,0.584493041749503,0.009940357852882704,3.1709741550695827
TAOK1,0.5984095427435387,0.02982107355864811,3.1749502982107356
TAOK2,0.610337972166998,0.027833001988071572,3.220675944333996
TAOK3,0.5268389662027833,0.07157057654075547,2.94234592445328
TAP1,0.6043737574552683,0.03180914512922465,3.262425447316103
TAPBP,0.6043737574552683,0.03180914512922465,3.2524850894632205
TARBP2,0.5546719681908548,0.041749502982107355,3.069582504970179
TARDBP,0.5089463220675944,0.0636182902584493,2.89065606361829
TARS2,0.7952286282306164,0.0019880715705765406,4.441351888667992
TAS1R1,0.5129224652087475,0.0636182902584493,2.8986083499005963
TAS1R2,0.5009940357852882,0.06958250497017893,2.8508946322067596
TAS1R3,0.5268389662027833,0.0536779324055666,2.9463220675944335
TAS2R10,0.47912524850894633,0.1073558648111332,2.9165009940357853
TAS2R19,0.47514910536779326,0.1073558648111332,2.9165009940357853
TAS2R5,0.6341948310139165,0.02584493041749503,3.3956262425447314
TAS2R7,0.47912524850894633,0.1073558648111332,2.9165009940357853
TATDN1,0.731610337972167,0.015904572564612324,4.31610337972167
TAX1BP1,0.6938369781312127,0.02385685884691849,3.8588469184890655
TAX1BP3,0.2922465208747515,0.20675944333996024,2.262425447316103
TBC1D1,0.5049701789264414,0.04970178926441352,2.930417495029821
TBC1D10A,0.40755467196819084,0.11133200795228629,2.592445328031809
TBC1D15,0.5526838966202783,0.0437375745526839,3.228628230616302
TBC1D2,0.3558648111332008,0.12127236580516898,2.433399602385686
TBC1D20,0.5069582504970179,0.09542743538767395,2.94234592445328
TBC1D25,0.2544731610337972,0.3101391650099404,2.172962226640159
TBC1D31,0.7216699801192843,0.013916500994035786,4.182902584493042
TBC1D4,0.35785288270377735,0.1172962226640159,2.5526838966202785
TBC1D7,0.6003976143141153,0.033797216699801194,3.2763419483101393
TBCA,0.38966202783300197,0.11530815109343936,2.5825049701789267
TBCB,0.5546719681908548,0.05964214711729622,3.234592445328032
TBCC,0.6003976143141153,0.02982107355864811,3.326043737574553
TBCD,0.6461232604373758,0.007952286282306162,3.4433399602385686
TBCE,0.731610337972167,0.007952286282306162,3.8946322067594434
TBCEL,0.5288270377733598,0.06958250497017893,2.9383697813121272
TBK1,0.5685884691848907,0.033797216699801194,3.2604373757455267
TBL1XR1,0.5467196819085487,0.055666003976143144,3.0974155069582503
TBL3,0.5646123260437376,0.041749502982107355,3.121272365805169
TBP,0.3260437375745527,0.14910536779324055,2.4174950298210733
TBPL1,0.3399602385685885,0.1550695825049702,2.4552683896620278
TBPL2,0.5347912524850894,0.04970178926441352,3.0417495029821073
TBR1,0.584493041749503,0.009940357852882704,3.172962226640159
TBX18,0.32007952286282304,0.15705765407554673,2.381709741550696
TBX19,0.7773359840954275,0.005964214711729622,4.093439363817097
TBX2,0.6381709741550696,0.007952286282306162,3.4353876739562623
TBX20,0.6958250497017893,0.02584493041749503,3.8151093439363817
TBX21,0.6341948310139165,0.011928429423459244,3.353876739562624
TBX22,0.27435387673956263,0.28628230616302186,2.256461232604374
TBX3,0.5188866799204771,0.07157057654075547,2.9105367793240555
TBX4,0.6401590457256461,0.007952286282306162,3.4393638170974157
TBX5,0.5168986083499006,0.07554671968190854,2.908548707753479
TBXA2R,0.2962226640159046,0.16699801192842942,2.272365805168986
TCAP,0.6262425447316103,0.015904572564612324,3.63220675944334
TCEA1,0.6322067594433399,0.03777335984095427,3.6540755467196817
TCEA2,0.6381709741550696,0.02186878727634195,3.6779324055666005
TCEA3,0.48906560636182905,0.07157057654075547,2.8389662027833
TCEAL1,0.2882703777335984,0.28429423459244535,2.2823061630218686
TCEAL4,0.2882703777335984,0.28429423459244535,2.2823061630218686
TCEAL6,0.2922465208747515,0.28429423459244535,2.2942345924453282
TCEAL7,0.29025844930417494,0.2823061630218688,2.286282306163022
TCERG1,0.42147117296222664,0.09343936381709742,2.713717693836978
TCF12,0.36381709741550694,0.13717693836978131,2.457256461232604
TCF19,0.5984095427435387,0.033797216699801194,3.256461232604374
TCF20,0.4095427435387674,0.12127236580516898,2.5864811133200796
TCF21,0.3399602385685885,0.1550695825049702,2.4552683896620278
TCF25,0.4393638170974155,0.1172962226640159,2.6660039761431413
TCF3,0.30218687872763417,0.16699801192842942,2.280318091451292
TCF4,0.34592445328031807,0.20874751491053678,2.405566600397614
TCF7,0.3836978131212724,0.11133200795228629,2.570576540755467
TCF7L1,0.5864811133200796,0.017892644135188866,3.1789264413518885
TCF7L2,0.47713717693836977,0.07554671968190854,2.783300198807157
TCHH,0.7952286282306164,0.0019880715705765406,4.443339960238569
TCIRG1,0.6222664015904572,0.013916500994035786,3.2485089463220675
TCL1A,0.49105367793240556,0.08349900596421471,2.8190854870775346
TCP1,0.31809145129224653,0.1550695825049702,2.405566600397614
TCP11,0.6023856858846919,0.02982107355864811,3.2544731610337974
TCTN1,0.5188866799204771,0.073558648111332,2.900596421471173
TCTN2,0.5288270377733598,0.07554671968190854,2.9403578528827037
TCTN3,0.46520874751491054,0.07952286282306163,2.7176938369781314
TDG,0.5129224652087475,0.07554671968190854,2.886679920477137
TDO2,0.4294234592445328,0.05964214711729622,2.7117296222664016
TDP1,0.4970178926441352,0.0775347912524851,2.9542743538767398
TDP2,0.5984095427435387,0.03578528827037773,3.2485089463220675
TDRD1,0.47514910536779326,0.0775347912524851,2.775347912524851
TDRD5,0.7693836978131213,0.003976143141153081,4.031809145129225
TDRD6,0.5984095427435387,0.03180914512922465,3.3121272365805168
TDRD7,0.3499005964214712,0.12127236580516898,2.415506958250497
TDRD9,0.48906560636182905,0.09145129224652088,2.8489065606361827
TDRKH,0.7932405566600398,0.0019880715705765406,4.41948310139165
TEAD1,0.4850894632206759,0.05964214711729622,2.94234592445328
TEAD2,0.4254473161033797,0.11332007952286283,2.6481113320079523
TEAD3,0.5984095427435387,0.02982107355864811,3.250497017892644
TEAD4,0.4970178926441352,0.09542743538767395,3.011928429423459
TEC,0.5208747514910537,0.041749502982107355,3.0079522862823063
TECPR1,0.6401590457256461,0.033797216699801194,3.489065606361829
TECR,0.31809145129224653,0.15308151093439365,2.3359840954274356
TEFM,0.5924453280318092,0.03578528827037773,3.15506958250497
TEK,0.36182902584493043,0.19284294234592445,2.441351888667992
TELO2,0.5646123260437376,0.041749502982107355,3.1232604373757455
TEN1,0.6520874751491054,0.009940357852882704,3.4552683896620278
TENT2,0.38767395626242546,0.1172962226640159,2.5825049701789267
TENT4A,0.7534791252485089,0.011928429423459244,4.542743538767396
TEP1,0.5447316103379721,0.06958250497017893,3.099403578528827
TERF1,0.6739562624254473,0.019880715705765408,3.9721669980119283
TERF2,0.4850894632206759,0.06958250497017893,2.8648111332007953
TERF2IP,0.46520874751491054,0.08548707753479125,2.8131212723658052
TERT,0.7713717693836978,0.009940357852882704,4.759443339960239
TES,0.6421471172962226,0.03777335984095427,3.5626242544731612
TESC,0.5248508946322068,0.07157057654075547,2.9383697813121272
TET1,0.4850894632206759,0.0636182902584493,2.8071570576540754
TEX10,0.35785288270377735,0.11530815109343936,2.4552683896620278
TEX101,0.4970178926441352,0.073558648111332,2.8946322067594434
TEX14,0.6361829025844931,0.009940357852882704,3.4095427435387675
TEX264,0.32803180914512925,0.13916500994035785,2.3797216699801194
TEX35,0.7713717693836978,0.003976143141153081,4.025844930417495
TF,0.532803180914513,0.05765407554671968,2.966202783300199
TFAM,0.48111332007952284,0.06958250497017893,2.8190854870775346
TFAP2B,0.5785288270377733,0.033797216699801194,3.2007952286282304
TFAP2C,0.610337972166998,0.02584493041749503,3.441351888667992
TFAP2D,0.5785288270377733,0.033797216699801194,3.2226640159045727
TFAP4,0.5745526838966203,0.03777335984095427,3.1292246520874754
TFB1M,0.32007952286282304,0.15308151093439365,2.4015904572564613
TFB2M,0.7495029821073559,0.003976143141153081,3.960238568588469
TFDP1,0.36779324055666,0.12922465208747516,2.628230616302187
TFDP2,0.5288270377733598,0.055666003976143144,3.003976143141153
TFDP3,0.32007952286282304,0.24652087475149106,2.3876739562624256
TFE3,0.25646123260437376,0.30019880715705766,2.2186878727634194
TFEB,0.6003976143141153,0.02982107355864811,3.405566600397614
TFF1,0.4433399602385686,0.0775347912524851,2.7673956262425445
TFG,0.5089463220675944,0.061630218687872766,2.8807157057654074
TFIP11,0.4135188866799205,0.11133200795228629,2.600397614314115
TFPI,0.5864811133200796,0.009940357852882704,3.1570576540755466
TFPT,0.44930417495029823,0.09542743538767395,2.7057654075546718
TFR2,0.6441351888667992,0.03180914512922465,3.4771371769383697
TFRC,0.5208747514910537,0.08349900596421471,2.9980119284294235
TG,0.7157057654075547,0.019880715705765408,4.214711729622266
TGFA,0.5904572564612326,0.015904572564612324,3.1610337972167
TGFB1,0.5089463220675944,0.073558648111332,2.9125248508946324
TGFB1I1,0.6083499005964215,0.027833001988071572,3.216699801192843
TGFB2,0.7514910536779325,0.0019880715705765406,3.9343936381709743
TGFB3,0.48906560636182905,0.07554671968190854,2.8489065606361827
TGFBI,0.3956262425447316,0.10536779324055666,2.6043737574552686
TGFBR1,0.3558648111332008,0.11928429423459244,2.4314115308151094
TGFBR2,0.34393638170974156,0.1312127236580517,2.4135188866799204
TGFBR3,0.47912524850894633,0.07952286282306163,2.775347912524851
TGFBRAP1,0.5825049701789264,0.005964214711729622,3.1630218687872764
TGIF1,0.49502982107355864,0.0874751491053678,3.0099403578528827
TGIF2,0.5964214711729622,0.03180914512922465,3.2823061630218686
TGIF2LX,0.2823061630218688,0.28429423459244535,2.2664015904572565
TGM1,0.5546719681908548,0.06759443339960239,3.113320079522863
TGM2,0.5825049701789264,0.039761431411530816,3.2365805168986084
TGM5,0.3359840954274354,0.16500994035785288,2.3300198807157058
TGOLN2,0.5864811133200796,0.017892644135188866,3.1391650099403576
TGS1,0.6361829025844931,0.03180914512922465,3.7117296222664016
TH,0.4731610337972167,0.06759443339960239,2.783300198807157
THAP1,0.5308151093439364,0.09542743538767395,3.3618290258449304
THAP11,0.4850894632206759,0.07157057654075547,2.8548707753479126
THAP7,0.4592445328031809,0.08946322067594434,2.8290258449304173
THBD,0.5606361829025845,0.0775347912524851,3.1630218687872764
THBS1,0.32803180914512925,0.16699801192842942,2.3141153081510932
THBS2,0.3220675944333996,0.15109343936381708,2.4095427435387675
THBS3,0.7972166998011928,0.0019880715705765406,4.369781312127237
THBS4,0.38966202783300197,0.1172962226640159,2.584493041749503
THEM4,0.7952286282306164,0.0019880715705765406,4.427435387673956
THEMIS,0.3320079522862823,0.15705765407554673,2.441351888667992
THOC1,0.4990059642147117,0.09145129224652088,2.966202783300199
THOC2,0.3101391650099404,0.2504970178926441,2.3459244532803183
THOC3,0.4572564612326044,0.08349900596421471,2.8508946322067596
THOC5,0.40159045725646125,0.12127236580516898,2.594433399602386
THOC6,0.5705765407554672,0.03777335984095427,3.121272365805169
THOC7,0.35984095427435386,0.13320079522862824,2.467196819085487
THRA,0.6163021868787276,0.019880715705765408,3.3220675944333995
THRAP3,0.536779324055666,0.03777335984095427,2.956262425447316
THRB,0.3518886679920477,0.1312127236580517,2.4174950298210733
THRSP,0.6083499005964215,0.019880715705765408,3.3518886679920477
THSD7A,0.6858846918489065,0.02584493041749503,3.886679920477137
THTPA,0.5546719681908548,0.06759443339960239,3.1749502982107356
THY1,0.5288270377733598,0.061630218687872766,2.956262425447316
TIA1,0.5904572564612326,0.015904572564612324,3.168986083499006
TIAL1,0.4711729622266402,0.0775347912524851,2.7296222664015906
TIAM1,0.441351888667992,0.07554671968190854,2.761431411530815
TIAM2,0.3220675944333996,0.15308151093439365,2.4035785288270377
TICAM1,0.30218687872763417,0.1610337972166998,2.2823061630218686
TICAM2,0.38966202783300197,0.11332007952286283,2.600397614314115
TICRR,0.40556660039761433,0.11133200795228629,2.5646123260437377
TIGD3,0.5805168986083499,0.019880715705765408,3.0795228628230618
TIGIT,0.5149105367793241,0.061630218687872766,2.9025844930417497
TIMELESS,0.5606361829025845,0.03777335984095427,3.1351888667992047
TIMM10,0.5685884691848907,0.027833001988071572,3.0159045725646125
TIMM10B,0.4671968190854871,0.061630218687872766,2.765407554671968
TIMM13,0.30218687872763417,0.16699801192842942,2.2783300198807157
TIMM17A,0.7673956262425448,0.005964214711729622,4.009940357852883
TIMM17B,0.25646123260437376,0.30417495029821073,2.2147117296222665
TIMM21,0.35984095427435386,0.1988071570576541,2.467196819085487
TIMM22,0.2882703777335984,0.2047713717693837,2.2584493041749503
TIMM23,0.5069582504970179,0.05964214711729622,2.856858846918489
TIMM44,0.3061630218687873,0.15904572564612326,2.2882703777335984
TIMM50,0.5308151093439364,0.07157057654075547,3.101593625498008
TIMM8A,0.29025844930417494,0.28429423459244535,2.2962226640159047
TIMM8B,0.5168986083499006,0.07554671968190854,2.914512922465209
TIMM9,0.5268389662027833,0.05765407554671968,3.0099403578528827
TIMMDC1,0.5228628230616302,0.061630218687872766,2.900596421471173
TIMP1,0.2524850894632207,0.31411530815109345,2.1709741550695827
TIMP2,0.6540755467196819,0.007952286282306162,3.4731610337972167
TIMP3,0.4095427435387674,0.12326043737574553,2.5864811133200796
TINF2,0.5546719681908548,0.06759443339960239,3.113320079522863
TIPIN,0.3797216699801193,0.12127236580516898,2.4950298210735586
TIPRL,0.7773359840954275,0.005964214711729622,4.099403578528827
TIRAP,0.5248508946322068,0.07157057654075547,2.930417495029821
TJAP1,0.6003976143141153,0.027833001988071572,3.3141153081510932
TJP1,0.3320079522862823,0.16898608349900596,2.3439363817097414
TJP2,0.32803180914512925,0.12922465208747516,2.3797216699801194
TJP3,0.2962226640159046,0.16699801192842942,2.2703777335984094
TK1,0.6600397614314115,0.007952286282306162,3.5049701789264414
TK2,0.4850894632206759,0.06958250497017893,2.8548707753479126
TKFC,0.5805168986083499,0.019880715705765408,3.033797216699801
TKT,0.3320079522862823,0.13518886679920478,2.3876739562624256
TKTL1,0.33399602385685884,0.21868787276341947,2.5049701789264414
TKTL2,0.415506958250497,0.0636182902584493,2.628230616302187
TLE1,0.34592445328031807,0.1312127236580517,2.4095427435387675
TLE2,0.30218687872763417,0.16699801192842942,2.2942345924453282
TLE3,0.3817097415506958,0.12127236580516898,2.4990059642147116
TLE4,0.3399602385685885,0.13320079522862824,2.389662027833002
TLE6,0.30218687872763417,0.16699801192842942,2.2942345924453282
TLK1,0.5924453280318092,0.011928429423459244,3.172962226640159
TLK2,0.6401590457256461,0.007952286282306162,3.4433399602385686
TLL1,0.415506958250497,0.06560636182902585,2.610337972166998
TLL2,0.46520874751491054,0.07952286282306163,2.7157057654075545
TLN1,0.40755467196819084,0.1172962226640159,2.6202783300198806
TLN2,0.36779324055666,0.1312127236580517,2.4870775347912524
TLR1,0.5069582504970179,0.04970178926441352,2.9761431411530817
TLR10,0.5069582504970179,0.04970178926441352,2.9761431411530817
TLR2,0.43339960238568587,0.05964214711729622,2.7157057654075545
TLR3,0.40556660039761433,0.09542743538767395,2.5805168986083498
TLR4,0.3856858846918489,0.10139165009940358,2.5467196819085487
TLR7,0.23856858846918488,0.341948310139165,2.091451292246521
TLR8,0.23856858846918488,0.341948310139165,2.091451292246521
TLR9,0.32803180914512925,0.13717693836978131,2.381709741550696
TM6SF2,0.35785288270377735,0.12127236580516898,2.514910536779324
TM7SF2,0.5785288270377733,0.02186878727634195,3.0675944333996026
TM9SF4,0.6182902584493042,0.02186878727634195,3.324055666003976
TMBIM1,0.5685884691848907,0.019880715705765408,3.0457256461232602
TMC6,0.6600397614314115,0.007952286282306162,3.5049701789264414
TMC8,0.6600397614314115,0.007952286282306162,3.5049701789264414
TMCO1,0.7793240556660039,0.005964214711729622,4.099403578528827
TMED1,0.3121272365805169,0.1550695825049702,2.3220675944333995
TMED10,0.4870775347912525,0.07554671968190854,2.8588469184890655
TMED2,0.5288270377733598,0.07554671968190854,2.9403578528827037
TMED3,0.3856858846918489,0.1172962226640159,2.506958250497018
TMED4,0.6858846918489065,0.02385685884691849,3.8250497017892644
TMED5,0.46322067594433397,0.07952286282306163,2.749502982107356
TMED7,0.38966202783300197,0.11332007952286283,2.600397614314115
TMED9,0.4572564612326044,0.08151093439363817,2.8508946322067596
TMEM11,0.4095427435387674,0.147117296222664,2.6481113320079523
TMEM115,0.3220675944333996,0.13916500994035785,2.3697813121272366
TMEM138,0.5805168986083499,0.019880715705765408,3.033797216699801
TMEM147,0.5606361829025845,0.055666003976143144,3.2842942345924455
TMEM17,0.5944333996023857,0.013916500994035786,3.168986083499006
TMEM176A,0.6401590457256461,0.03180914512922465,3.4015904572564613
TMEM176B,0.6401590457256461,0.03180914512922465,3.4015904572564613
TMEM179B,0.5705765407554672,0.02584493041749503,3.033797216699801
TMEM18,0.5705765407554672,0.017892644135188866,3.1411530815109345
TMEM199,0.6003976143141153,0.027833001988071572,3.1709741550695827
TMEM216,0.5805168986083499,0.019880715705765408,3.033797216699801
TMEM219,0.610337972166998,0.02982107355864811,3.2186878727634194
TMEM231,0.4671968190854871,0.08349900596421471,2.823061630218688
TMEM258,0.5805168986083499,0.019880715705765408,3.0377733598409544
TMEM30A,0.3538767395626243,0.13518886679920478,2.4831013916500995
TMEM43,0.3558648111332008,0.12524850894632206,2.4532803180914513
TMEM50A,0.49502982107355864,0.06560636182902585,2.84493041749503
TMEM63A,0.7495029821073559,0.0019880715705765406,3.9363817097415508
TMEM67,0.6898608349900597,0.015904572564612324,4.0159045725646125
TMEM86B,0.4532803180914513,0.09542743538767395,2.743538767395626
TMEM97,0.6003976143141153,0.02982107355864811,3.168986083499006
TMF1,0.3717693836978131,0.12524850894632206,2.506958250497018
TMLHE,0.34393638170974156,0.22465208747514911,2.5049701789264414
TMOD1,0.3499005964214712,0.12127236580516898,2.415506958250497
TMOD2,0.36779324055666,0.13717693836978131,2.4214711729622267
TMOD3,0.36779324055666,0.13717693836978131,2.4214711729622267
TMOD4,0.7952286282306164,0.003976143141153081,4.421471172962226
TMPO,0.5089463220675944,0.06759443339960239,2.8946322067594434
TMPRSS2,0.44731610337972166,0.073558648111332,2.7813121272365806
TMPRSS6,0.40357852882703776,0.1272365805168986,2.5964214711729623
TMSB4X,0.24055666003976142,0.341948310139165,2.0934393638170974
TMX1,0.5487077534791253,0.05168986083499006,3.1172962226640157
TNC,0.3856858846918489,0.09741550695825049,2.540755467196819
TNF,0.5964214711729622,0.033797216699801194,3.262425447316103
TNFAIP1,0.6003976143141153,0.027833001988071572,3.1709741550695827
TNFAIP3,0.3399602385685885,0.15308151093439365,2.481113320079523
TNFAIP8,0.38767395626242546,0.1172962226640159,2.5864811133200796
TNFRSF10A,0.30417495029821073,0.2644135188866799,2.2783300198807157
TNFRSF10B,0.30218687872763417,0.2644135188866799,2.2763419483101393
TNFRSF10C,0.30417495029821073,0.2644135188866799,2.280318091451292
TNFRSF10D,0.30218687872763417,0.2644135188866799,2.2763419483101393
TNFRSF11A,0.3538767395626243,0.21073558648111332,2.4135188866799204
TNFRSF11B,0.7216699801192843,0.015904572564612324,4.168986083499006
TNFRSF12A,0.5705765407554672,0.03777335984095427,3.121272365805169
TNFRSF13B,0.33399602385685884,0.18290258449304175,2.377733598409543
TNFRSF13C,0.4115308151093439,0.11928429423459244,2.5904572564612325
TNFRSF14,0.5228628230616302,0.05765407554671968,2.930417495029821
TNFRSF17,0.6043737574552683,0.03777335984095427,3.194831013916501
TNFRSF18,0.5268389662027833,0.05168986083499006,2.94831013916501
TNFRSF1A,0.49304174950298213,0.09940357852882704,2.9860834990059644
TNFRSF1B,0.5089463220675944,0.061630218687872766,2.8886679920477136
TNFRSF21,0.5924453280318092,0.03180914512922465,3.2882703777335984
TNFRSF25,0.510934393638171,0.0636182902584493,2.8886679920477136
TNFRSF4,0.5268389662027833,0.05168986083499006,2.94831013916501
TNFRSF6B,0.6441351888667992,0.015904572564612324,3.6719681908548707
TNFRSF8,0.5089463220675944,0.061630218687872766,2.8886679920477136
TNFSF10,0.5566600397614314,0.04572564612326044,3.1868787276341948
TNFSF11,0.3101391650099404,0.16302186878727634,2.359840954274354
TNFSF12,0.2982107355864811,0.20278330019880716,2.2664015904572565
TNFSF13,0.2982107355864811,0.20278330019880716,2.2664015904572565
TNFSF13B,0.3836978131212724,0.1073558648111332,2.640159045725646
TNFSF14,0.3101391650099404,0.16302186878727634,2.2922465208747513
TNFSF15,0.3836978131212724,0.09940357852882704,2.532803180914513
TNFSF18,0.7773359840954275,0.003976143141153081,4.085487077534792
TNFSF4,0.7773359840954275,0.003976143141153081,4.085487077534792
TNFSF8,0.3836978131212724,0.09940357852882704,2.532803180914513
TNFSF9,0.3101391650099404,0.16302186878727634,2.2922465208747513
TNIK,0.5685884691848907,0.041749502982107355,3.20675944333996
TNIP1,0.4234592445328032,0.09741550695825049,2.7335984095427435
TNIP2,0.4831013916500994,0.06560636182902585,2.8290258449304173
TNK2,0.5208747514910537,0.08349900596421471,3.0139165009940356
TNKS,0.3379721669980119,0.2524850894632207,2.3916500994035785
TNKS1BP1,0.5705765407554672,0.027833001988071572,3.0139165009940356
TNKS2,0.4691848906560636,0.0775347912524851,2.731610337972167
TNNC1,0.32803180914512925,0.13717693836978131,2.3876739562624256
TNNC2,0.5745526838966203,0.04771371769383698,3.2007952286282304
TNNI1,0.7713717693836978,0.0019880715705765406,4.027833001988071
TNNI2,0.4711729622266402,0.06759443339960239,2.779324055666004
TNNI3,0.4532803180914513,0.09542743538767395,2.743538767395626
TNNI3K,0.5009940357852882,0.0636182902584493,2.840954274353877
TNNT1,0.4532803180914513,0.09542743538767395,2.743538767395626
TNNT3,0.4711729622266402,0.06759443339960239,2.779324055666004
TNP1,0.5666003976143141,0.019880715705765408,3.039761431411531
TNP2,0.5984095427435387,0.03578528827037773,3.228628230616302
TNPO1,0.40159045725646125,0.10536779324055666,2.6262425447316105
TNPO2,0.30417495029821073,0.1550695825049702,2.304174950298211
TNPO3,0.6381709741550696,0.03180914512922465,3.3797216699801194
TNR,0.7713717693836978,0.003976143141153081,4.043737574552684
TNRC6A,0.5964214711729622,0.03777335984095427,3.1630218687872764
TNRC6B,0.4095427435387674,0.12127236580516898,2.5904572564612325
TNS1,0.5685884691848907,0.019880715705765408,3.0536779324055665
TNS2,0.5566600397614314,0.041749502982107355,3.0755467196819084
TNS3,0.6878727634194831,0.02385685884691849,3.868787276341948
TNS4,0.6083499005964215,0.02186878727634195,3.3141153081510932
TNXB,0.6023856858846919,0.033797216699801194,3.2703777335984094
TOB2,0.40556660039761433,0.12326043737574553,2.5805168986083498
TOE1,0.5447316103379721,0.03180914512922465,3.0019880715705765
TOLLIP,0.4711729622266402,0.06560636182902585,2.79324055666004
TOM1,0.39363817097415504,0.12326043737574553,2.5646123260437377
TOMM20,0.731610337972167,0.007952286282306162,3.8986083499005963
TOMM20L,0.5268389662027833,0.05765407554671968,3.0099403578528827
TOMM22,0.41749502982107356,0.12127236580516898,2.6421471172962225
TOMM34,0.5725646123260437,0.04771371769383698,3.1669980119284293
TOMM40,0.4970178926441352,0.0775347912524851,2.9204771371769382
TOMM40L,0.7852882703777336,0.0019880715705765406,4.230616302186879
TOMM5,0.3856858846918489,0.14314115308151093,2.542743538767396
TOMM6,0.6023856858846919,0.02982107355864811,3.399602385685885
TOMM7,0.6978131212723658,0.02385685884691849,3.960238568588469
TOMM70,0.5069582504970179,0.061630218687872766,2.878727634194831
TONSL,0.6938369781312127,0.02385685884691849,4.027833001988071
TOP1,0.5745526838966203,0.04572564612326044,3.1868787276341948
TOP1MT,0.6998011928429424,0.02186878727634195,4.047713717693837
TOP2A,0.6163021868787276,0.019880715705765408,3.324055666003976
TOP2B,0.3499005964214712,0.13518886679920478,2.411530815109344
TOP3B,0.441351888667992,0.10337972166998012,2.701789264413519
TOPBP1,0.532803180914513,0.05765407554671968,2.966202783300199
TOPORS,0.3996023856858847,0.1411530815109344,2.6341948310139167
TOR1A,0.39165009940357853,0.09940357852882704,2.5228628230616303
TOR1AIP1,0.7673956262425448,0.003976143141153081,4.023856858846918
TOR1AIP2,0.7673956262425448,0.003976143141153081,4.023856858846918
TOR1B,0.39165009940357853,0.09940357852882704,2.5228628230616303
TOR4A,0.40556660039761433,0.09741550695825049,2.5785288270377733
TOX2,0.5705765407554672,0.04970178926441352,3.176938369781312
TOX4,0.5506958250497018,0.0636182902584493,3.10337972166998
TP53,0.294234592445328,0.20278330019880716,2.262425447316103
TP53AIP1,0.5168986083499006,0.06958250497017893,2.956262425447316
TP53BP1,0.3379721669980119,0.16302186878727634,2.3339960238568587
TP53BP2,0.7495029821073559,0.003976143141153081,3.94831013916501
TP53INP1,0.6958250497017893,0.015904572564612324,3.9860834990059644
TP53INP2,0.6063618290258449,0.027833001988071572,3.3061630218687874
TP53RK,0.5825049701789264,0.0437375745526839,3.286282306163022
TP63,0.532803180914513,0.07554671968190854,3.029821073558648
TP73,0.5168986083499006,0.05964214711729622,2.9105367793240555
TPD52,0.6958250497017893,0.02385685884691849,4.284294234592445
TPD52L1,0.3240556660039761,0.16302186878727634,2.407554671968191
TPD52L2,0.6401590457256461,0.019880715705765408,3.6660039761431413
TPGS1,0.3061630218687873,0.16699801192842942,2.3101391650099403
TPGS2,0.40556660039761433,0.14910536779324055,2.779324055666004
TPH1,0.49105367793240556,0.05765407554671968,2.8469184890656063
TPH2,0.5487077534791253,0.04572564612326044,3.1570576540755466
TPI1,0.49304174950298213,0.09542743538767395,2.996023856858847
TPK1,0.6401590457256461,0.02584493041749503,3.4135188866799204
TPM1,0.3658051689860835,0.12922465208747516,2.485089463220676
TPM2,0.40755467196819084,0.1172962226640159,2.6202783300198806
TPM3,0.7952286282306164,0.0019880715705765406,4.381709741550696
TPM4,0.3399602385685885,0.14314115308151093,2.3956262425447314
TPO,0.5705765407554672,0.017892644135188866,3.147117296222664
TPP2,0.3757455268389662,0.11133200795228629,2.5904572564612325
TPPP,0.7693836978131213,0.009940357852882704,4.713717693836978
TPR,0.7673956262425448,0.005964214711729622,4.019880715705765
TPRKB,0.588469184890656,0.019880715705765408,3.15506958250497
TPRN,0.40556660039761433,0.09741550695825049,2.5785288270377733
TPSAB1,0.5606361829025845,0.041749502982107355,3.1192842942345926
TPST1,0.6520874751491054,0.03180914512922465,3.4254473161033796
TPST2,0.415506958250497,0.10934393638170974,2.5984095427435387
TPT1,0.31610337972166996,0.15904572564612326,2.381709741550696
TPX2,0.6302186878727635,0.019880715705765408,3.377733598409543
TRA2A,0.6898608349900597,0.02385685884691849,3.8807157057654074
TRA2B,0.5248508946322068,0.07157057654075547,3.011928429423459
TRADD,0.48111332007952284,0.07157057654075547,2.8489065606361827
TRAF1,0.3856858846918489,0.09741550695825049,2.548707753479125
TRAF2,0.40357852882703776,0.09741550695825049,2.5745526838966204
TRAF3,0.49105367793240556,0.08946322067594434,2.8548707753479126
TRAF3IP1,0.5666003976143141,0.027833001988071572,3.003976143141153
TRAF3IP3,0.757455268389662,0.003976143141153081,3.9642147117296225
TRAF5,0.7554671968190855,0.005964214711729622,3.9542743538767398
TRAF6,0.5129224652087475,0.04970178926441352,2.9284294234592445
TRAF7,0.5666003976143141,0.039761431411530816,3.125248508946322
TRAIP,0.3220675944333996,0.13916500994035785,2.3697813121272366
TRAK1,0.34393638170974156,0.12922465208747516,2.415506958250497
TRAK2,0.5765407554671969,0.015904572564612324,3.1013916500994037
TRAM1,0.6640159045725647,0.02385685884691849,3.8489065606361827
TRAPPC1,0.294234592445328,0.2047713717693837,2.2604373757455267
TRAPPC10,0.441351888667992,0.07952286282306163,2.765407554671968
TRAPPC11,0.40159045725646125,0.09741550695825049,2.5685884691848906
TRAPPC12,0.5765407554671969,0.017892644135188866,3.1491053677932404
TRAPPC2,0.23856858846918488,0.3399602385685885,2.091451292246521
TRAPPC2B,0.44532803180914515,0.09741550695825049,2.701789264413519
TRAPPC2L,0.43538767395626243,0.11332007952286283,2.673956262425447
TRAPPC3,0.5308151093439364,0.03777335984095427,2.94831013916501
TRAPPC3L,0.3101391650099404,0.1550695825049702,2.3658051689860833
TRAPPC4,0.5347912524850894,0.05765407554671968,2.9741550695825048
TRAPPC5,0.3081510934393638,0.1610337972166998,2.2882703777335984
TRAPPC6A,0.48906560636182905,0.08151093439363817,2.8767395626242545
TRAPPC6B,0.5924453280318092,0.0437375745526839,3.719681908548708
TRAPPC8,0.4135188866799205,0.14314115308151093,2.7216699801192843
TRAT1,0.5188866799204771,0.05765407554671968,2.918489065606362
TRDMT1,0.5188866799204771,0.0536779324055666,2.9622266401590456
TRDN,0.32803180914512925,0.15705765407554673,2.411530815109344
TREH,0.5347912524850894,0.05765407554671968,2.9741550695825048
TREM1,0.5984095427435387,0.02982107355864811,3.3518886679920477
TREM2,0.5984095427435387,0.02982107355864811,3.353876739562624
TREML1,0.5984095427435387,0.02982107355864811,3.353876739562624
TREML2,0.5984095427435387,0.02982107355864811,3.353876739562624
TRERF1,0.6023856858846919,0.02982107355864811,3.3518886679920477
TRH,0.5308151093439364,0.05964214711729622,2.944333996023857
TRHR,0.7077534791252486,0.015904572564612324,4.013916500994036
TRIAP1,0.5228628230616302,0.07157057654075547,2.918489065606362
TRIB1,0.7335984095427436,0.013916500994035786,4.361829025844931
TRIB2,0.5705765407554672,0.017892644135188866,3.1530815109343937
TRIB3,0.5069582504970179,0.09542743538767395,2.94831013916501
TRIL,0.6938369781312127,0.02385685884691849,3.840954274353877
TRIM10,0.5984095427435387,0.033797216699801194,3.2544731610337974
TRIM11,0.7475149105367793,0.0019880715705765406,3.9125248508946324
TRIM13,0.33001988071570576,0.15109343936381708,2.423459244532803
TRIM14,0.3538767395626243,0.12127236580516898,2.429423459244533
TRIM17,0.7475149105367793,0.0019880715705765406,3.9125248508946324
TRIM2,0.43737574552683894,0.05964214711729622,2.719681908548708
TRIM21,0.4731610337972167,0.0636182902584493,2.779324055666004
TRIM22,0.4671968190854871,0.061630218687872766,2.7673956262425445
TRIM23,0.40357852882703776,0.10337972166998012,2.640159045725646
TRIM24,0.6381709741550696,0.027833001988071572,3.399602385685885
TRIM25,0.6341948310139165,0.011928429423459244,3.3976143141153083
TRIM27,0.5964214711729622,0.033797216699801194,3.2544731610337974
TRIM28,0.44532803180914515,0.09940357852882704,2.695825049701789
TRIM29,0.5288270377733598,0.06560636182902585,2.956262425447316
TRIM3,0.4671968190854871,0.061630218687872766,2.765407554671968
TRIM31,0.5984095427435387,0.033797216699801194,3.2544731610337974
TRIM32,0.3817097415506958,0.10139165009940358,2.536779324055666
TRIM33,0.43339960238568587,0.09343936381709742,2.6779324055666005
TRIM35,0.3121272365805169,0.26043737574552683,2.304174950298211
TRIM36,0.38966202783300197,0.11133200795228629,2.6023856858846917
TRIM37,0.6401590457256461,0.009940357852882704,3.427435387673956
TRIM4,0.6461232604373758,0.02982107355864811,3.4990059642147116
TRIM41,0.46123260437375746,0.08548707753479125,2.8846918489065607
TRIM45,0.44731610337972166,0.09145129224652088,2.6998011928429424
TRIM5,0.4671968190854871,0.061630218687872766,2.7673956262425445
TRIM50,0.6481113320079522,0.039761431411530816,3.3459244532803183
TRIM56,0.6441351888667992,0.03180914512922465,3.445328031809145
TRIM59,0.536779324055666,0.055666003976143144,3.0616302186878728
TRIM6,0.4691848906560636,0.061630218687872766,2.7693836978131214
TRIM63,0.49105367793240556,0.06759443339960239,2.8250497017892644
TRIM68,0.4731610337972167,0.0636182902584493,2.779324055666004
TRIM69,0.34393638170974156,0.16699801192842942,2.3479125248508947
TRIM7,0.46123260437375746,0.08349900596421471,2.886679920477137
TRIM71,0.3499005964214712,0.1312127236580517,2.415506958250497
TRIM72,0.6083499005964215,0.027833001988071572,3.2365805168986084
TRIM8,0.46322067594433397,0.07554671968190854,2.7176938369781314
TRIM9,0.5487077534791253,0.05168986083499006,3.1232604373757455
TRIO,0.7594433399602386,0.009940357852882704,4.638170974155069
TRIP10,0.3101391650099404,0.16302186878727634,2.2922465208747513
TRIP11,0.4990059642147117,0.0775347912524851,2.862823061630219
TRIP13,0.7693836978131213,0.009940357852882704,4.749502982107356
TRIP4,0.3658051689860835,0.12524850894632206,2.479125248508946
TRIP6,0.6441351888667992,0.03180914512922465,3.4433399602385686
TRMT10C,0.510934393638171,0.05765407554671968,2.8886679920477136
TRMT112,0.5765407554671969,0.02584493041749503,3.047713717693837
TRMT6,0.5089463220675944,0.09940357852882704,2.9542743538767398
TRMT61A,0.4870775347912525,0.09145129224652088,2.8548707753479126
TRNAU1AP,0.49304174950298213,0.061630218687872766,2.8369781312127236
TRNT1,0.35984095427435386,0.12127236580516898,2.479125248508946
TRO,0.25646123260437376,0.2982107355864811,2.1968190854870775
TROAP,0.5506958250497018,0.04771371769383698,3.037848605577689
TRPA1,0.6759443339960238,0.019880715705765408,3.952286282306163
TRPC1,0.5228628230616302,0.055666003976143144,2.99403578528827
TRPC3,0.4254473161033797,0.055666003976143144,2.6640159045725644
TRPC4,0.30417495029821073,0.1610337972166998,2.3479125248508947
TRPC4AP,0.6163021868787276,0.02385685884691849,3.3439363817097414
TRPC5,0.30218687872763417,0.268389662027833,2.320079522862823
TRPC6,0.5646123260437376,0.03578528827037773,3.085487077534791
TRPC7,0.3956262425447316,0.10536779324055666,2.6023856858846917
TRPM2,0.44532803180914515,0.0775347912524851,2.765407554671968
TRPM4,0.4254473161033797,0.11332007952286283,2.6481113320079523
TRPM8,0.5666003976143141,0.027833001988071572,3.011928429423459
TRPS1,0.7176938369781312,0.019880715705765408,4.081510934393638
TRPV1,0.29025844930417494,0.20675944333996024,2.2584493041749503
TRPV2,0.3240556660039761,0.19284294234592445,2.3518886679920477
TRPV4,0.5228628230616302,0.073558648111332,2.908548707753479
TRPV5,0.6341948310139165,0.027833001988071572,3.393638170974155
TRPV6,0.6341948310139165,0.027833001988071572,3.393638170974155
TRRAP,0.6421471172962226,0.033797216699801194,3.489065606361829
TSC1,0.3956262425447316,0.09940357852882704,2.536779324055666
TSC2,0.5666003976143141,0.039761431411530816,3.125248508946322
TSEN15,0.7673956262425448,0.005964214711729622,4.009940357852883
TSEN2,0.35984095427435386,0.12326043737574553,2.463220675944334
TSEN34,0.44731610337972166,0.09542743538767395,2.701789264413519
TSEN54,0.658051689860835,0.009940357852882704,3.4831013916500995
TSFM,0.5864811133200796,0.03777335984095427,3.636182902584493
TSG101,0.49105367793240556,0.05765407554671968,2.8369781312127236
TSHB,0.43538767395626243,0.09343936381709742,2.6898608349900597
TSHR,0.49304174950298213,0.08349900596421471,2.84493041749503
TSHZ1,0.35785288270377735,0.20278330019880716,2.457256461232604
TSLP,0.39165009940357853,0.1172962226640159,2.5984095427435387
TSN,0.584493041749503,0.007952286282306162,3.1749502982107356
TSNARE1,0.6998011928429424,0.02186878727634195,4.029821073558648
TSNAX,0.7395626242544732,0.003976143141153081,3.8986083499005963
TSNAXIP1,0.4850894632206759,0.07157057654075547,2.8548707753479126
TSPAN12,0.6381709741550696,0.039761431411530816,3.355864811133201
TSPAN14,0.4711729622266402,0.07157057654075547,2.7693836978131214
TSPAN3,0.3797216699801193,0.11530815109343936,2.514910536779324
TSPAN7,0.23658051689860835,0.32803180914512925,2.1113320079522864
TSPO,0.40357852882703776,0.1272365805168986,2.5646123260437377
TSPOAP1,0.6302186878727635,0.011928429423459244,3.3876739562624256
TSPYL2,0.2485089463220676,0.30218687872763417,2.1809145129224654
TSR1,0.28628230616302186,0.21073558648111332,2.246520874751491
TST,0.40357852882703776,0.1272365805168986,2.5964214711729623
TTBK2,0.3359840954274354,0.16500994035785288,2.3280318091451293
TTC19,0.3220675944333996,0.18886679920477137,2.3439363817097414
TTC21B,0.588469184890656,0.013916500994035786,3.20675944333996
TTC5,0.5447316103379721,0.06958250497017893,3.099403578528827
TTF1,0.39363817097415504,0.10139165009940358,2.532803180914513
TTK,0.3240556660039761,0.14512922465208747,2.375745526838966
TTLL1,0.40357852882703776,0.1272365805168986,2.572564612326044
TTLL5,0.48906560636182905,0.07554671968190854,2.8548707753479126
TTN,0.5924453280318092,0.009940357852882704,3.172962226640159
TTR,0.4135188866799205,0.1411530815109344,2.749502982107356
TUB,0.4711729622266402,0.05964214711729622,2.7733598409542743
TUBA1A,0.5526838966202783,0.04771371769383698,3.047713717693837
TUBA1B,0.5526838966202783,0.04771371769383698,3.047713717693837
TUBA1C,0.5526838966202783,0.04771371769383698,3.047713717693837
TUBA3E,0.5805168986083499,0.007952286282306162,3.10337972166998
TUBA4A,0.5685884691848907,0.019880715705765408,3.0457256461232602
TUBA8,0.43339960238568587,0.09940357852882704,2.646123260437376
TUBAL3,0.5228628230616302,0.05765407554671968,2.9920477137176937
TUBB,0.6003976143141153,0.033797216699801194,3.320079522862823
TUBB1,0.6282306163021869,0.02385685884691849,3.6262425447316105
TUBB2A,0.610337972166998,0.033797216699801194,3.26441351888668
TUBB2B,0.610337972166998,0.033797216699801194,3.26441351888668
TUBB3,0.4393638170974155,0.1172962226640159,2.6660039761431413
TUBB4A,0.3101391650099404,0.16302186878727634,2.2922465208747513
TUBB4B,0.40556660039761433,0.09741550695825049,2.5785288270377733
TUBB6,0.4691848906560636,0.08349900596421471,2.904572564612326
TUBB8,0.5069582504970179,0.07157057654075547,2.9224652087475147
TUBD1,0.6441351888667992,0.009940357852882704,3.451292246520875
TUBE1,0.3121272365805169,0.15705765407554673,2.375745526838966
TUBG1,0.6123260437375746,0.02186878727634195,3.2664015904572565
TUBG2,0.6123260437375746,0.02186878727634195,3.26441351888668
TUBGCP2,0.4711729622266402,0.08151093439363817,2.7475149105367795
TUBGCP3,0.3717693836978131,0.12326043737574553,2.6043737574552686
TUBGCP4,0.3379721669980119,0.16302186878727634,2.3339960238568587
TUBGCP5,0.3717693836978131,0.147117296222664,2.514910536779324
TUBGCP6,0.3658051689860835,0.15308151093439365,2.467196819085487
TUFM,0.6083499005964215,0.03180914512922465,3.2007952286282304
TUFT1,0.7932405566600398,0.0019880715705765406,4.4115308151093435
TULP3,0.4970178926441352,0.09542743538767395,3.011928429423459
TULP4,0.31610337972166996,0.15308151093439365,2.389662027833002
TUSC3,0.33001988071570576,0.2584493041749503,2.341948310139165
TUT1,0.5705765407554672,0.02584493041749503,3.029821073558648
TUT4,0.5228628230616302,0.04572564612326044,2.9165009940357853
TVP23B,0.3518886679920477,0.16898608349900596,2.463220675944334
TWF1,0.5308151093439364,0.061630218687872766,3.00596421471173
TWF2,0.32803180914512925,0.13717693836978131,2.381709741550696
TWIST1,0.6958250497017893,0.02385685884691849,3.94831013916501
TWIST2,0.5666003976143141,0.027833001988071572,3.091451292246521
TWNK,0.46322067594433397,0.07554671968190854,2.727634194831014
TWSG1,0.47514910536779326,0.0874751491053678,2.8946322067594434
TXK,0.5208747514910537,0.039761431411530816,3.0099403578528827
TXLNA,0.5149105367793241,0.04771371769383698,2.904572564612326
TXLNB,0.3399602385685885,0.15308151093439365,2.506958250497018
TXLNG,0.23658051689860835,0.3379721669980119,2.113320079522863
TXN,0.3817097415506958,0.10536779324055666,2.524850894632207
TXN2,0.3976143141153082,0.12922465208747516,2.6043737574552686
TXNDC12,0.5208747514910537,0.04572564612326044,2.908548707753479
TXNDC16,0.5526838966202783,0.04771371769383698,3.1053677932405566
TXNDC17,0.29025844930417494,0.2047713717693837,2.256461232604374
TXNDC5,0.610337972166998,0.03180914512922465,3.3141153081510932
TXNIP,0.7773359840954275,0.0019880715705765406,4.240556660039761
TXNL1,0.34393638170974156,0.20874751491053678,2.393638170974155
TXNL4A,0.3518886679920477,0.2047713717693837,2.4214711729622267
TXNL4B,0.4711729622266402,0.07952286282306163,2.8071570576540754
TXNRD1,0.5129224652087475,0.07554671968190854,2.8807157057654074
TXNRD2,0.44930417495029823,0.09145129224652088,2.753479125248509
TYK2,0.31411530815109345,0.15109343936381708,2.3300198807157058
TYMP,0.36779324055666,0.15308151093439365,2.4870775347912524
TYMS,0.4990059642147117,0.0874751491053678,2.960238568588469
TYR,0.588469184890656,0.027833001988071572,3.1292246520874754
TYRO3,0.32803180914512925,0.16699801192842942,2.3101391650099403
TYROBP,0.5546719681908548,0.05765407554671968,3.2544731610337974
TYRP1,0.341948310139165,0.21073558648111332,2.4035785288270377
TYSND1,0.48111332007952284,0.06560636182902585,2.7852882703777335
U2AF1,0.4433399602385686,0.07952286282306163,2.7634194831013916
U2AF1L4,0.5566600397614314,0.055666003976143144,3.2703777335984094
U2AF2,0.44930417495029823,0.09542743538767395,2.7176938369781314
U2SURP,0.5228628230616302,0.055666003976143144,2.99403578528827
UAP1,0.7833001988071571,0.003976143141153081,4.184890656063618
UBA2,0.5606361829025845,0.05765407554671968,3.2405566600397613
UBA3,0.37375745526838966,0.12524850894632206,2.5168986083499005
UBA5,0.5308151093439364,0.05964214711729622,2.966202783300199
UBA52,0.3558648111332008,0.12922465208747516,2.479125248508946
UBA6,0.4691848906560636,0.04771371769383698,2.771371769383698
UBA7,0.3220675944333996,0.13916500994035785,2.3697813121272366
UBAC1,0.40159045725646125,0.09741550695825049,2.566600397614314
UBAC2,0.3797216699801193,0.11332007952286283,2.6083499005964215
UBAP1,0.3956262425447316,0.11332007952286283,2.6143141153081513
UBAP2L,0.7952286282306164,0.0019880715705765406,4.379721669980119
UBASH3A,0.44532803180914515,0.07554671968190854,2.775347912524851
UBB,0.3240556660039761,0.19284294234592445,2.3518886679920477
UBC,0.5288270377733598,0.07554671968190854,2.944333996023857
UBD,0.6003976143141153,0.033797216699801194,3.250497017892644
UBE2A,0.30019880715705766,0.2524850894632207,2.3399602385685885
UBE2B,0.3836978131212724,0.11133200795228629,2.572564612326044
UBE2C,0.5745526838966203,0.04771371769383698,3.2007952286282304
UBE2D1,0.48111332007952284,0.06958250497017893,2.8190854870775346
UBE2D2,0.415506958250497,0.10337972166998012,2.6600397614314115
UBE2D3,0.43538767395626243,0.04970178926441352,2.662027833001988
UBE2E1,0.3518886679920477,0.1312127236580517,2.4174950298210733
UBE2E2,0.34791252485089463,0.12922465208747516,2.423459244532803
UBE2E3,0.5904572564612326,0.009940357852882704,3.1749502982107356
UBE2F,0.5666003976143141,0.027833001988071572,3.0139165009940356
UBE2G2,0.44930417495029823,0.07554671968190854,2.775347912524851
UBE2I,0.5606361829025845,0.041749502982107355,3.1192842942345926
UBE2J1,0.3240556660039761,0.15705765407554673,2.377733598409543
UBE2J2,0.5268389662027833,0.05168986083499006,2.94831013916501
UBE2K,0.5089463220675944,0.04771371769383698,2.960238568588469
UBE2L3,0.44532803180914515,0.09741550695825049,2.7216699801192843
UBE2L6,0.5685884691848907,0.027833001988071572,3.0159045725646125
UBE2M,0.44532803180914515,0.09940357852882704,2.695825049701789
UBE2N,0.5089463220675944,0.06759443339960239,2.89662027833002
UBE2Q2,0.3797216699801193,0.11530815109343936,2.5049701789264414
UBE2S,0.4532803180914513,0.09542743538767395,2.743538767395626
UBE2V1,0.5944333996023857,0.041749502982107355,3.3479125248508947
UBE2V2,0.6302186878727635,0.03180914512922465,3.650099403578529
UBE2W,0.6759443339960238,0.019880715705765408,4.021868787276342
UBE2Z,0.6322067594433399,0.011928429423459244,3.3797216699801194
UBE3C,0.6401590457256461,0.03180914512922465,3.411530815109344
UBE3D,0.3220675944333996,0.15109343936381708,2.3956262425447314
UBE4A,0.532803180914513,0.05765407554671968,2.966202783300199
UBE4B,0.5168986083499006,0.06560636182902585,2.89662027833002
UBIAD1,0.5089463220675944,0.0636182902584493,2.8886679920477136
UBL3,0.3101391650099404,0.16302186878727634,2.359840954274354
UBL4A,0.33399602385685884,0.21868787276341947,2.5129224652087476
UBL4B,0.43538767395626243,0.08946322067594434,2.6660039761431413
UBL5,0.3101391650099404,0.15308151093439365,2.3141153081510932
UBLCP1,0.44532803180914515,0.09145129224652088,2.79324055666004
UBN1,0.5785288270377733,0.03777335984095427,3.1351888667992047
UBOX5,0.510934393638171,0.09741550695825049,2.9363817097415508
UBQLN1,0.34592445328031807,0.12922465208747516,2.405566600397614
UBQLN2,0.27037773359840955,0.2922465208747515,2.2326043737574555
UBQLN4,0.7932405566600398,0.0019880715705765406,4.31013916500994
UBR1,0.3359840954274354,0.16500994035785288,2.3280318091451293
UBR2,0.6003976143141153,0.02982107355864811,3.3339960238568587
UBR4,0.5009940357852882,0.06759443339960239,2.8548707753479126
UBR5,0.7077534791252486,0.013916500994035786,4.095427435387674
UBTF,0.610337972166998,0.017892644135188866,3.2882703777335984
UBXN1,0.5705765407554672,0.02584493041749503,3.033797216699801
UBXN2A,0.5924453280318092,0.015904572564612324,3.1669980119284293
UBXN2B,0.6481113320079522,0.02584493041749503,3.775347912524851
UBXN4,0.5785288270377733,0.007952286282306162,3.099403578528827
UBXN7,0.5208747514910537,0.08349900596421471,2.996023856858847
UCHL1,0.5069582504970179,0.04771371769383698,2.9463220675944335
UCHL3,0.35785288270377735,0.1172962226640159,2.5526838966202785
UCHL5,0.7733598409542743,0.0019880715705765406,4.025844930417495
UCK1,0.39165009940357853,0.09940357852882704,2.536779324055666
UCKL1,0.6401590457256461,0.019880715705765408,3.6819085487077534
UCN,0.5944333996023857,0.013916500994035786,3.1809145129224654
UCN3,0.5228628230616302,0.05765407554671968,2.9920477137176937
UCP1,0.43141153081510936,0.0536779324055666,2.6858846918489068
UCP2,0.5964214711729622,0.019880715705765408,3.220675944333996
UCP3,0.5964214711729622,0.019880715705765408,3.2186878727634194
UFD1,0.44532803180914515,0.09343936381709742,2.7117296222664016
UFL1,0.3101391650099404,0.15904572564612326,2.3439363817097414
UFM1,0.30417495029821073,0.1610337972166998,2.3459244532803183
UFSP2,0.40357852882703776,0.09741550695825049,2.572564612326044
UGCG,0.3836978131212724,0.09940357852882704,2.542743538767396
UGDH,0.5089463220675944,0.04771371769383698,2.9642147117296225
UGGT1,0.5805168986083499,0.007952286282306162,3.1153081510934393
UGP2,0.5904572564612326,0.013916500994035786,3.159045725646123
UGT1A1,0.5666003976143141,0.027833001988071572,3.00596421471173
UGT1A10,0.5666003976143141,0.02982107355864811,3.003976143141153
UGT1A3,0.5666003976143141,0.027833001988071572,3.00596421471173
UGT1A4,0.5666003976143141,0.027833001988071572,3.00596421471173
UGT1A6,0.5666003976143141,0.02982107355864811,3.003976143141153
UGT1A7,0.5666003976143141,0.02982107355864811,3.003976143141153
UGT1A8,0.5666003976143141,0.02982107355864811,3.003976143141153
UGT1A9,0.5666003976143141,0.02982107355864811,3.003976143141153
UGT2A3,0.4671968190854871,0.04771371769383698,2.7673956262425445
UGT2B11,0.46520874751491054,0.04970178926441352,2.7972166998011927
UGT2B15,0.4671968190854871,0.04970178926441352,2.765407554671968
UGT2B7,0.4671968190854871,0.04771371769383698,2.7673956262425445
UGT8,0.42147117296222664,0.055666003976143144,2.6520874751491053
UHRF1,0.30417495029821073,0.15904572564612326,2.286282306163022
UHRF2,0.34592445328031807,0.20874751491053678,2.429423459244533
UIMC1,0.4572564612326044,0.08151093439363817,2.8608349900596424
ULBP1,0.3220675944333996,0.15308151093439365,2.4095427435387675
ULBP2,0.3220675944333996,0.15308151093439365,2.4095427435387675
ULBP3,0.32007952286282304,0.15308151093439365,2.407554671968191
ULK1,0.5228628230616302,0.07554671968190854,2.9244532803180916
ULK2,0.38966202783300197,0.15308151093439365,2.6341948310139167
ULK3,0.3817097415506958,0.1172962226640159,2.502982107355865
UMOD,0.5864811133200796,0.04572564612326044,3.1172962226640157
UMPS,0.5248508946322068,0.05964214711729622,2.9383697813121272
UNC119,0.5984095427435387,0.02584493041749503,3.1749502982107356
UNC119B,0.5228628230616302,0.07554671968190854,2.9105367793240555
UNC13A,0.34791252485089463,0.13717693836978131,2.4393638170974157
UNC13B,0.40357852882703776,0.11332007952286283,2.6143141153081513
UNC13D,0.6520874751491054,0.009940357852882704,3.4552683896620278
UNC45A,0.40357852882703776,0.10337972166998012,2.5785288270377733
UNC45B,0.614314115308151,0.02385685884691849,3.220675944333996
UNC5A,0.4572564612326044,0.08151093439363817,2.8588469184890655
UNC5B,0.4831013916500994,0.06560636182902585,2.789264413518887
UNC5C,0.43737574552683894,0.05168986083499006,2.6540755467196817
UNC93B1,0.6242544731610338,0.011928429423459244,3.2524850894632205
UNG,0.5208747514910537,0.073558648111332,2.8986083499005963
UNKL,0.562624254473161,0.041749502982107355,3.1232604373757455
UPF1,0.35785288270377735,0.1272365805168986,2.4870775347912524
UPF2,0.5129224652087475,0.055666003976143144,2.9542743538767398
UPF3A,0.3697813121272366,0.1272365805168986,2.566600397614314
UPF3B,0.30019880715705766,0.2524850894632207,2.3359840954274356
UPK1B,0.5188866799204771,0.0636182902584493,2.8946322067594434
UPK2,0.5347912524850894,0.05765407554671968,2.9741550695825048
UPK3A,0.39165009940357853,0.1411530815109344,2.518886679920477
UPP1,0.6858846918489065,0.02584493041749503,3.8767395626242545
UPP2,0.584493041749503,0.007952286282306162,3.1709741550695827
UPRT,0.27236580516898606,0.294234592445328,2.26441351888668
UQCC1,0.614314115308151,0.02385685884691849,3.3518886679920477
UQCC2,0.6043737574552683,0.02982107355864811,3.242544731610338
UQCR10,0.40159045725646125,0.11928429423459244,2.6043737574552686
UQCR11,0.30218687872763417,0.16699801192842942,2.280318091451292
UQCRB,0.6998011928429424,0.015904572564612324,4.029821073558648
UQCRC1,0.3220675944333996,0.1411530815109344,2.3658051689860833
UQCRC2,0.5924453280318092,0.041749502982107355,3.1491053677932404
UQCRFS1,0.5407554671968191,0.04771371769383698,3.2584493041749503
UQCRH,0.5447316103379721,0.03180914512922465,2.9900596421471173
UQCRQ,0.3836978131212724,0.11133200795228629,2.5685884691848906
URB1,0.44930417495029823,0.073558648111332,2.7733598409542743
URB2,0.7415506958250497,0.0019880715705765406,3.9165009940357853
URI1,0.5487077534791253,0.04771371769383698,3.2882703777335984
UROD,0.5467196819085487,0.02982107355864811,3.0099403578528827
UROS,0.48111332007952284,0.07554671968190854,2.7554671968190854
USE1,0.34592445328031807,0.13916500994035785,2.4135188866799204
USF1,0.7852882703777336,0.0019880715705765406,4.246520874751491
USF2,0.562624254473161,0.05765407554671968,3.2823061630218686
USH1C,0.49304174950298213,0.055666003976143144,2.840954274353877
USH1G,0.6540755467196819,0.009940357852882704,3.4771371769383697
USH2A,0.7495029821073559,0.005964214711729622,3.9244532803180916
USO1,0.46520874751491054,0.04970178926441352,2.7813121272365806
USP1,0.5069582504970179,0.0536779324055666,2.8807157057654074
USP10,0.4393638170974155,0.10536779324055666,2.6878727634194832
USP11,0.2544731610337972,0.31411530815109345,2.1848906560636183
USP14,0.4990059642147117,0.09145129224652088,2.966202783300199
USP16,0.44532803180914515,0.0874751491053678,2.7972166998011927
USP17L1,0.3359840954274354,0.2504970178926441,2.381709741550696
USP17L2,0.32803180914512925,0.2644135188866799,2.349900596421471
USP17L5,0.4870775347912525,0.06560636182902585,2.8346613545816735
USP18,0.43339960238568587,0.09940357852882704,2.6560636182902586
USP19,0.32007952286282304,0.1411530815109344,2.3618290258449304
USP2,0.5288270377733598,0.061630218687872766,2.956262425447316
USP21,0.7852882703777336,0.0019880715705765406,4.246520874751491
USP22,0.40755467196819084,0.147117296222664,2.6481113320079523
USP25,0.43737574552683894,0.09741550695825049,2.8031809145129225
USP26,0.31610337972166996,0.2485089463220676,2.3797216699801194
USP28,0.5228628230616302,0.07157057654075547,2.900596421471173
USP3,0.3658051689860835,0.1272365805168986,2.485089463220676
USP30,0.5208747514910537,0.073558648111332,2.8986083499005963
USP33,0.49105367793240556,0.0636182902584493,2.8489065606361827
USP37,0.5685884691848907,0.019880715705765408,3.0457256461232602
USP39,0.5944333996023857,0.017892644135188866,3.15506958250497
USP4,0.3220675944333996,0.1411530815109344,2.36779324055666
USP44,0.5129224652087475,0.0636182902584493,2.9125248508946324
USP47,0.4850894632206759,0.05964214711729622,2.852882703777336
USP48,0.4970178926441352,0.06560636182902585,2.852882703777336
USP49,0.6043737574552683,0.02982107355864811,3.4015904572564613
USP5,0.49304174950298213,0.09542743538767395,2.996023856858847
USP6,0.29025844930417494,0.20278330019880716,2.262425447316103
USP7,0.5864811133200796,0.03777335984095427,3.15506958250497
USP8,0.3658051689860835,0.13916500994035785,2.4135188866799204
USP9X,0.24254473161033796,0.3260437375745527,2.168986083499006
UST,0.32007952286282304,0.15705765407554673,2.4035785288270377
UTF1,0.4711729622266402,0.08151093439363817,2.7475149105367795
UTP11,0.5407554671968191,0.03777335984095427,2.9920477137176937
UTP14A,0.31411530815109345,0.2504970178926441,2.359840954274354
UTP14C,0.3379721669980119,0.14512922465208747,2.441351888667992
UTP15,0.40159045725646125,0.10536779324055666,2.6262425447316105
UTP18,0.6282306163021869,0.007952286282306162,3.4095427435387675
UTP20,0.5168986083499006,0.06560636182902585,2.89662027833002
UTP23,0.7176938369781312,0.017892644135188866,4.093439363817097
UTP25,0.757455268389662,0.003976143141153081,3.9642147117296225
UTP3,0.46520874751491054,0.04970178926441352,2.79324055666004
UTP4,0.4831013916500994,0.07157057654075547,2.8588469184890655
UTP6,0.6043737574552683,0.02982107355864811,3.1888667992047712
UTRN,0.3260437375745527,0.15308151093439365,2.4254473161033796
UVRAG,0.6003976143141153,0.02186878727634195,3.1888667992047712
UXS1,0.5864811133200796,0.005964214711729622,3.15506958250497
UXT,0.2524850894632207,0.3101391650099404,2.168986083499006
VAC14,0.47713717693836977,0.07554671968190854,2.8210735586481115
VAMP1,0.49502982107355864,0.09542743538767395,2.9900596421471173
VAMP2,0.294234592445328,0.2047713717693837,2.268389662027833
VAMP3,0.5129224652087475,0.0636182902584493,2.9025844930417497
VAMP4,0.7773359840954275,0.003976143141153081,4.075546719681909
VAMP5,0.5944333996023857,0.017892644135188866,3.15506958250497
VAMP7,0.39363817097415504,0.20079522862823063,2.6540755467196817
VAMP8,0.5944333996023857,0.017892644135188866,3.15506958250497
VANGL1,0.43538767395626243,0.09343936381709742,2.6878727634194832
VANGL2,0.7813121272365805,0.0019880715705765406,4.250497017892644
VAPA,0.47713717693836977,0.0874751491053678,2.900596421471173
VAPB,0.6322067594433399,0.02186878727634195,3.6163021868787277
VARS2,0.6003976143141153,0.033797216699801194,3.2783300198807157
VASN,0.5765407554671969,0.03777335984095427,3.131212723658052
VASP,0.4691848906560636,0.09542743538767395,2.834990059642147
VAT1,0.6083499005964215,0.02186878727634195,3.256461232604374
VAV1,0.3101391650099404,0.1610337972166998,2.2942345924453282
VAV2,0.3996023856858847,0.09741550695825049,2.5506958250497016
VAV3,0.43339960238568587,0.09145129224652088,2.6719681908548707
VAX1,0.4671968190854871,0.073558648111332,2.7296222664015906
VBP1,0.3399602385685885,0.21669980119284293,2.530815109343936
VCAM1,0.4552683896620278,0.09343936381709742,2.719681908548708
VCAN,0.39165009940357853,0.11133200795228629,2.6163021868787277
VCL,0.47514910536779326,0.06759443339960239,2.779324055666004
VCP,0.40159045725646125,0.11332007952286283,2.6163021868787277
VCPIP1,0.658051689860835,0.027833001988071572,3.868787276341948
VDAC1,0.3817097415506958,0.11133200795228629,2.566600397614314
VDAC2,0.47713717693836977,0.06759443339960239,2.78727634194831
VDAC3,0.5228628230616302,0.10337972166998012,3.3518886679920477
VDR,0.5467196819085487,0.055666003976143144,3.0198807157057654
VEGFB,0.5745526838966203,0.02584493041749503,3.047713717693837
VEGFC,0.40755467196819084,0.0874751491053678,2.5805168986083498
VEGFD,0.23658051689860835,0.341948310139165,2.10337972166998
VENTX,0.4711729622266402,0.08151093439363817,2.7475149105367795
VEZT,0.5089463220675944,0.0636182902584493,2.914512922465209
VGF,0.6421471172962226,0.033797216699801194,3.423459244532803
VGLL1,0.3240556660039761,0.23658051689860835,2.393638170974155
VGLL2,0.3121272365805169,0.1550695825049702,2.375745526838966
VGLL3,0.40755467196819084,0.10536779324055666,2.6262425447316105
VGLL4,0.35785288270377735,0.12524850894632206,2.4652087475149105
VHL,0.36381709741550694,0.12524850894632206,2.4870775347912524
VHLL,0.7952286282306164,0.0019880715705765406,4.3041749502982105
VIM,0.5188866799204771,0.0536779324055666,2.960238568588469
VIP,0.33001988071570576,0.1550695825049702,2.415506958250497
VIPAS39,0.49105367793240556,0.07952286282306163,2.8548707753479126
VIPR1,0.34393638170974156,0.12922465208747516,2.411530815109344
VIPR2,0.6401590457256461,0.033797216699801194,3.3976143141153083
VIRMA,0.6898608349900597,0.015904572564612324,3.99403578528827
VKORC1,0.6083499005964215,0.027833001988071572,3.250497017892644
VKORC1L1,0.6520874751491054,0.03180914512922465,3.4254473161033796
VLDLR,0.34592445328031807,0.20874751491053678,2.4095427435387675
VMA21,0.32803180914512925,0.22266401590457258,2.475149105367793
VMP1,0.6421471172962226,0.011928429423459244,3.427435387673956
VN1R1,0.44532803180914515,0.09741550695825049,2.701789264413519
VNN2,0.3379721669980119,0.15308151093439365,2.4473161033797215
VPREB1,0.4433399602385686,0.10139165009940358,2.6998011928429424
VPS11,0.5347912524850894,0.05765407554671968,2.9741550695825048
VPS16,0.510934393638171,0.09741550695825049,2.94234592445328
VPS18,0.33001988071570576,0.16898608349900596,2.3220675944333995
VPS25,0.6123260437375746,0.02186878727634195,3.26441351888668
VPS26A,0.4850894632206759,0.06560636182902585,2.805168986083499
VPS26B,0.5208747514910537,0.06560636182902585,2.944333996023857
VPS26C,0.45129224652087474,0.073558648111332,2.805168986083499
VPS28,0.6938369781312127,0.02385685884691849,4.027833001988071
VPS29,0.5188866799204771,0.073558648111332,2.904572564612326
VPS33A,0.5248508946322068,0.0775347912524851,2.9224652087475147
VPS33B,0.40357852882703776,0.10337972166998012,2.570576540755467
VPS35,0.5347912524850894,0.06958250497017893,2.9860834990059644
VPS35L,0.5864811133200796,0.0437375745526839,3.1153081510934393
VPS36,0.3379721669980119,0.14512922465208747,2.451292246520875
VPS37A,0.33399602385685884,0.2584493041749503,2.355864811133201
VPS37B,0.5248508946322068,0.07554671968190854,2.926441351888668
VPS37C,0.5765407554671969,0.019880715705765408,3.039761431411531
VPS37D,0.6461232604373758,0.039761431411530816,3.3399602385685885
VPS39,0.33399602385685884,0.16699801192842942,2.320079522862823
VPS41,0.6898608349900597,0.02584493041749503,3.8369781312127236
VPS4A,0.4850894632206759,0.06958250497017893,2.8648111332007953
VPS4B,0.3538767395626243,0.20675944333996024,2.429423459244533
VPS51,0.5785288270377733,0.02186878727634195,3.0675944333996026
VPS52,0.6063618290258449,0.03180914512922465,3.256461232604374
VPS53,0.28628230616302186,0.20675944333996024,2.2604373757455267
VPS72,0.7952286282306164,0.003976143141153081,4.421471172962226
VRK1,0.49105367793240556,0.08151093439363817,2.8330019880715707
VRK3,0.4254473161033797,0.10934393638170974,2.6421471172962225
VSIG4,0.27634194831013914,0.28429423459244535,2.250497017892644
VTA1,0.33001988071570576,0.15109343936381708,2.4373757455268388
VTCN1,0.44930417495029823,0.09145129224652088,2.701789264413519
VTI1A,0.47514910536779326,0.0775347912524851,2.775347912524851
VTI1B,0.4870775347912525,0.06958250497017893,2.852882703777336
VTN,0.6003976143141153,0.027833001988071572,3.1709741550695827
VWA1,0.5268389662027833,0.0536779324055666,2.9463220675944335
VWA8,0.31411530815109345,0.1610337972166998,2.3697813121272366
VWF,0.4870775347912525,0.09940357852882704,2.9801192842942346
WAC,0.5506958250497018,0.041749502982107355,3.0497017892644136
WAPL,0.46322067594433397,0.07952286282306163,2.7236580516898607
WARS2,0.46520874751491054,0.09145129224652088,2.765407554671968
WAS,0.25646123260437376,0.30417495029821073,2.2147117296222665
WASF1,0.3101391650099404,0.15705765407554673,2.3797216699801194
WASF2,0.4850894632206759,0.06560636182902585,2.809145129224652
WASF3,0.30417495029821073,0.16302186878727634,2.332007952286282
WASHC1,0.3558648111332008,0.2147117296222664,2.4493041749502984
WASHC2A,0.49105367793240556,0.06759443339960239,2.823061630218688
WASHC2C,0.5049701789264414,0.05964214711729622,2.852882703777336
WASHC3,0.5149105367793241,0.06560636182902585,2.8986083499005963
WASHC4,0.5129224652087475,0.07554671968190854,2.878727634194831
WASHC5,0.731610337972167,0.015904572564612324,4.381709741550696
WASL,0.6341948310139165,0.041749502982107355,3.3459244532803183
WBP11,0.47514910536779326,0.11133200795228629,2.9324055666003974
WBP4,0.3081510934393638,0.16302186878727634,2.3697813121272366
WDFY3,0.4433399602385686,0.04771371769383698,2.6699801192842942
WDHD1,0.5347912524850894,0.04970178926441352,3.055666003976143
WDR1,0.49304174950298213,0.061630218687872766,2.84493041749503
WDR11,0.47713717693836977,0.0775347912524851,2.7335984095427435
WDR12,0.5785288270377733,0.015904572564612324,3.113320079522863
WDR19,0.5049701789264414,0.04771371769383698,2.9681908548707754
WDR26,0.7534791252485089,0.0019880715705765406,3.9363817097415508
WDR3,0.4572564612326044,0.09145129224652088,2.7296222664015906
WDR33,0.5805168986083499,0.007952286282306162,3.1113320079522864
WDR35,0.584493041749503,0.015904572564612324,3.1630218687872764
WDR4,0.4433399602385686,0.07952286282306163,2.761431411530815
WDR43,0.5924453280318092,0.013916500994035786,3.1709741550695827
WDR48,0.34393638170974156,0.1272365805168986,2.4095427435387675
WDR5,0.3996023856858847,0.09741550695825049,2.548707753479125
WDR62,0.5546719681908548,0.05964214711729622,3.234592445328032
WDR74,0.5705765407554672,0.02584493041749503,3.033797216699801
WDR75,0.5825049701789264,0.011928429423459244,3.1451292246520874
WDR77,0.4294234592445328,0.09145129224652088,2.6520874751491053
WDR82,0.32803180914512925,0.13717693836978131,2.3876739562624256
WDR83,0.30417495029821073,0.1550695825049702,2.304174950298211
WDR83OS,0.30417495029821073,0.1550695825049702,2.304174950298211
WDTC1,0.4850894632206759,0.06560636182902585,2.809145129224652
WEE1,0.47514910536779326,0.06560636182902585,2.8031809145129225
WFIKKN2,0.6322067594433399,0.007952286282306162,3.411530815109344
WFS1,0.4850894632206759,0.06560636182902585,2.840954274353877
WHAMM,0.3836978131212724,0.11332007952286283,2.5168986083499005
WHRN,0.3856858846918489,0.09542743538767395,2.540755467196819
WIF1,0.5705765407554672,0.033797216699801194,3.3399602385685885
WIPF1,0.5944333996023857,0.009940357852882704,3.1868787276341948
WIPF2,0.6163021868787276,0.019880715705765408,3.3220675944333995
WIPF3,0.6958250497017893,0.02385685884691849,3.840954274353877
WIPI1,0.6560636182902585,0.005964214711729622,3.4950298210735586
WIPI2,0.68389662027833,0.02186878727634195,3.868787276341948
WIZ,0.33399602385685884,0.14314115308151093,2.381709741550696
WLS,0.510934393638171,0.04970178926441352,2.868787276341948
WNK1,0.5049701789264414,0.0874751491053678,3.0715705765407555
WNK2,0.34791252485089463,0.12326043737574553,2.4254473161033796
WNK3,0.25646123260437376,0.30218687872763417,2.1928429423459246
WNK4,0.6123260437375746,0.02186878727634195,3.26441351888668
WNT1,0.5526838966202783,0.04771371769383698,3.047713717693837
WNT10B,0.5526838966202783,0.04771371769383698,3.043737574552684
WNT11,0.6003976143141153,0.02186878727634195,3.1848906560636183
WNT16,0.6381709741550696,0.03777335984095427,3.3518886679920477
WNT2,0.6421471172962226,0.03777335984095427,3.650099403578529
WNT2B,0.4254473161033797,0.09145129224652088,2.650099403578529
WNT3,0.6222664015904572,0.015904572564612324,3.355864811133201
WNT3A,0.7455268389662028,0.0019880715705765406,3.9165009940357853
WNT4,0.49502982107355864,0.06560636182902585,2.8508946322067596
WNT5A,0.3320079522862823,0.13717693836978131,2.3797216699801194
WNT5B,0.5029821073558648,0.08548707753479125,3.05168986083499
WNT6,0.5685884691848907,0.019880715705765408,3.0457256461232602
WNT7A,0.3558648111332008,0.12524850894632206,2.4552683896620278
WNT7B,0.3836978131212724,0.147117296222664,2.497017892644135
WRAP73,0.5168986083499006,0.05964214711729622,2.9165009940357853
WRN,0.3260437375745527,0.2485089463220676,2.3459244532803183
WRNIP1,0.610337972166998,0.03578528827037773,3.262425447316103
WT1,0.5069582504970179,0.04572564612326044,2.900596421471173
WTAP,0.31809145129224653,0.1550695825049702,2.405566600397614
WTIP,0.5606361829025845,0.05765407554671968,3.2306163021868786
WWC1,0.4532803180914513,0.09145129224652088,2.840954274353877
WWOX,0.4592445328031809,0.09542743538767395,2.771371769383698
WWP1,0.6898608349900597,0.02385685884691849,4.003976143141153
WWP2,0.4831013916500994,0.07157057654075547,2.8508946322067596
WWTR1,0.5407554671968191,0.0536779324055666,3.0417495029821073
XAB2,0.3081510934393638,0.1610337972166998,2.2882703777335984
XAF1,0.2922465208747515,0.20278330019880716,2.2604373757455267
XBP1,0.40556660039761433,0.11530815109343936,2.558648111332008
XCL1,0.7773359840954275,0.005964214711729622,4.077534791252485
XCL2,0.7773359840954275,0.005964214711729622,4.077534791252485
XDH,0.584493041749503,0.015904572564612324,3.168986083499006
XIAP,0.3101391650099404,0.2504970178926441,2.3459244532803183
XIRP1,0.34393638170974156,0.1272365805168986,2.4194831013916502
XK,0.24055666003976142,0.3320079522862823,2.1113320079522864
XPA,0.3518886679920477,0.12127236580516898,2.427435387673956
XPC,0.3558648111332008,0.12524850894632206,2.4532803180914513
XPO1,0.5924453280318092,0.013916500994035786,3.1610337972167
XPO4,0.30218687872763417,0.17296222664015903,2.2942345924453282
XPO5,0.6003976143141153,0.027833001988071572,3.31610337972167
XPO6,0.6043737574552683,0.03180914512922465,3.1888667992047712
XPO7,0.31411530815109345,0.26043737574552683,2.304174950298211
XPOT,0.5685884691848907,0.033797216699801194,3.2226640159045727
XPR1,0.7673956262425448,0.003976143141153081,4.023856858846918
XRCC1,0.4970178926441352,0.073558648111332,2.8946322067594434
XRCC2,0.6302186878727635,0.03578528827037773,3.3797216699801194
XRCC3,0.4870775347912525,0.09145129224652088,2.840954274353877
XRCC4,0.38966202783300197,0.11133200795228629,2.6123260437375744
XRCC5,0.5666003976143141,0.019880715705765408,3.039761431411531
XRCC6,0.40755467196819084,0.12326043737574553,2.5785288270377733
XRN1,0.5228628230616302,0.055666003976143144,2.996023856858847
XRN2,0.5526838966202783,0.09145129224652088,3.0755467196819084
XYLT1,0.588469184890656,0.041749502982107355,3.1232604373757455
YAF2,0.5407554671968191,0.055666003976143144,3.0536779324055665
YAP1,0.5606361829025845,0.039761431411530816,3.10337972166998
YARS2,0.562624254473161,0.055666003976143144,3.3459244532803183
YBX1,0.5506958250497018,0.027833001988071572,3.0497017892644136
YBX3,0.47912524850894633,0.1073558648111332,2.9165009940357853
YEATS2,0.5288270377733598,0.06560636182902585,3.0457256461232602
YEATS4,0.5785288270377733,0.033797216699801194,3.8886679920477136
YES1,0.4970178926441352,0.0874751491053678,2.956262425447316
YIF1A,0.610337972166998,0.013916500994035786,3.1888667992047712
YIF1B,0.536779324055666,0.07157057654075547,3.1391650099403576
YIPF1,0.5188866799204771,0.04572564612326044,2.9125248508946324
YIPF2,0.3101391650099404,0.1550695825049702,2.320079522862823
YIPF3,0.6003976143141153,0.027833001988071572,3.3180914512922466
YIPF4,0.584493041749503,0.015904572564612324,3.165009940357853
YIPF5,0.42147117296222664,0.09542743538767395,2.7057654075546718
YIPF6,0.27037773359840955,0.28429423459244535,2.2405566600397613
YKT6,0.6858846918489065,0.02385685884691849,3.8151093439363817
YLPM1,0.4870775347912525,0.07554671968190854,2.862823061630219
YME1L1,0.5487077534791253,0.041749502982107355,3.055666003976143
YOD1,0.7654075546719682,0.003976143141153081,4.001988071570577
YPEL1,0.44532803180914515,0.10139165009940358,2.713717693836978
YRDC,0.5427435387673957,0.03578528827037773,2.978131212723658
YTHDC1,0.4671968190854871,0.04970178926441352,2.765407554671968
YWHAB,0.5725646123260437,0.04771371769383698,3.1669980119284293
YWHAE,0.28429423459244535,0.2047713717693837,2.2445328031809146
YWHAG,0.6341948310139165,0.039761431411530816,3.302186878727634
YWHAH,0.40755467196819084,0.12326043737574553,2.588469184890656
YWHAQ,0.5785288270377733,0.017892644135188866,3.15506958250497
YWHAZ,0.7077534791252486,0.015904572564612324,4.099403578528827
YY1,0.49502982107355864,0.08151093439363817,2.834990059642147
YY1AP1,0.7952286282306164,0.0019880715705765406,4.353876739562624
YY2,0.23260437375745527,0.3379721669980119,2.0974155069582503
ZAP70,0.5964214711729622,0.005964214711729622,3.2544731610337974
ZBED1,0.40755467196819084,0.18687872763419483,2.646123260437376
ZBP1,0.6222664015904572,0.02186878727634195,3.5268389662027833
ZBTB14,0.47713717693836977,0.0874751491053678,2.878727634194831
ZBTB16,0.5188866799204771,0.073558648111332,2.892644135188867
ZBTB17,0.5049701789264414,0.06759443339960239,2.892644135188867
ZBTB18,0.7475149105367793,0.0019880715705765406,3.9642147117296225
ZBTB22,0.6043737574552683,0.03180914512922465,3.2524850894632205
ZBTB32,0.558648111332008,0.055666003976143144,3.286282306163022
ZBTB33,0.3081510934393638,0.2504970178926441,2.355864811133201
ZBTB38,0.5288270377733598,0.05765407554671968,2.9920477137176937
ZBTB7B,0.7952286282306164,0.0019880715705765406,4.391650099403578
ZC3H15,0.584493041749503,0.009940357852882704,3.1510934393638173
ZC3H18,0.43538767395626243,0.11332007952286283,2.675944333996024
ZC3H3,0.6998011928429424,0.02186878727634195,4.037773359840954
ZC3H8,0.588469184890656,0.007952286282306162,3.172962226640159
ZC3HAV1,0.6381709741550696,0.02982107355864811,3.393638170974155
ZCCHC7,0.3817097415506958,0.1411530815109344,2.540755467196819
ZCCHC8,0.5248508946322068,0.0775347912524851,2.9224652087475147
ZCRB1,0.5387673956262425,0.05765407554671968,3.0357852882703775
ZDHHC17,0.5268389662027833,0.061630218687872766,2.996023856858847
ZDHHC21,0.34791252485089463,0.20278330019880716,2.4135188866799204
ZDHHC8,0.44930417495029823,0.09145129224652088,2.7594433399602387
ZDHHC9,0.31411530815109345,0.2504970178926441,2.359840954274354
ZEB2,0.5705765407554672,0.011928429423459244,3.085487077534791
ZER1,0.38767395626242546,0.09741550695825049,2.5168986083499005
ZFAND2B,0.5685884691848907,0.019880715705765408,3.0457256461232602
ZFHX3,0.46322067594433397,0.08349900596421471,2.7852882703777335
ZFP1,0.4671968190854871,0.07952286282306163,2.831013916500994
ZFP14,0.5526838966202783,0.0636182902584493,3.2186878727634194
ZFP2,0.4532803180914513,0.08349900596421471,2.8429423459244534
ZFP28,0.44532803180914515,0.09741550695825049,2.6998011928429424
ZFP36,0.532803180914513,0.07157057654075547,3.1332007952286283
ZFP36L1,0.4831013916500994,0.06958250497017893,2.8548707753479126
ZFP36L2,0.5944333996023857,0.013916500994035786,3.228628230616302
ZFP37,0.3836978131212724,0.09741550695825049,2.5347912524850895
ZFP69B,0.5546719681908548,0.02982107355864811,3.0616302186878728
ZFP90,0.4831013916500994,0.07157057654075547,2.868787276341948
ZFPM1,0.43538767395626243,0.11332007952286283,2.675944333996024
ZFPM2,0.7017892644135189,0.017892644135188866,4.045725646123261
ZFR,0.7415506958250497,0.009940357852882704,4.355864811133201
ZFYVE16,0.39363817097415504,0.11530815109343936,2.592445328031809
ZFYVE26,0.48906560636182905,0.06759443339960239,2.856858846918489
ZFYVE27,0.46123260437375746,0.0775347912524851,2.7176938369781314
ZFYVE28,0.4870775347912525,0.0636182902584493,2.840954274353877
ZFYVE9,0.5208747514910537,0.04572564612326044,2.9105367793240555
ZG16,0.610337972166998,0.033797216699801194,3.1928429423459246
ZGPAT,0.6441351888667992,0.015904572564612324,3.6719681908548707
ZHX1,0.7236580516898609,0.013916500994035786,4.240556660039761
ZIC3,0.3220675944333996,0.23856858846918488,2.399602385685885
ZIK1,0.44532803180914515,0.09741550695825049,2.7077534791252487
ZIM3,0.44532803180914515,0.09741550695825049,2.701789264413519
ZKSCAN1,0.6481113320079522,0.02982107355864811,3.5009940357852884
ZKSCAN3,0.5964214711729622,0.033797216699801194,3.250497017892644
ZKSCAN4,0.5984095427435387,0.033797216699801194,3.2485089463220675
ZKSCAN5,0.6441351888667992,0.03180914512922465,3.489065606361829
ZKSCAN7,0.3359840954274354,0.1312127236580517,2.389662027833002
ZKSCAN8,0.5984095427435387,0.033797216699801194,3.246520874751491
ZMAT2,0.415506958250497,0.09940357852882704,2.6660039761431413
ZMAT5,0.3996023856858847,0.12127236580516898,2.5984095427435387
ZMIZ1,0.4731610337972167,0.06560636182902585,2.7972166998011927
ZMIZ2,0.6858846918489065,0.02385685884691849,3.8210735586481115
ZMPSTE24,0.5546719681908548,0.03180914512922465,3.05765407554672
ZMYM2,0.30218687872763417,0.17296222664015903,2.298210735586481
ZMYM3,0.27037773359840955,0.2882703777335984,2.246520874751491
ZMYND11,0.5069582504970179,0.07157057654075547,2.9224652087475147
ZMYND8,0.588469184890656,0.041749502982107355,3.3300198807157058
ZNF10,0.5188866799204771,0.07952286282306163,2.918489065606362
ZNF100,0.37773359840954274,0.1172962226640159,2.5964214711729623
ZNF101,0.36381709741550694,0.12127236580516898,2.5089463220675943
ZNF112,0.49105367793240556,0.07554671968190854,2.9105367793240555
ZNF114,0.4254473161033797,0.11332007952286283,2.644135188866799
ZNF12,0.68389662027833,0.02186878727634195,3.892644135188867
ZNF124,0.7455268389662028,0.003976143141153081,3.956262425447316
ZNF131,0.7196819085487077,0.015904572564612324,4.258449304174951
ZNF133,0.5387673956262425,0.09145129224652088,3.0139165009940356
ZNF135,0.4433399602385686,0.10139165009940358,2.6998011928429424
ZNF136,0.3061630218687873,0.15705765407554673,2.3061630218687874
ZNF138,0.6560636182902585,0.03180914512922465,3.4652087475149105
ZNF140,0.5188866799204771,0.07952286282306163,2.918489065606362
ZNF143,0.47514910536779326,0.06560636182902585,2.8031809145129225
ZNF155,0.48906560636182905,0.073558648111332,2.9165009940357853
ZNF157,0.2544731610337972,0.31411530815109345,2.1848906560636183
ZNF160,0.44532803180914515,0.09940357852882704,2.691848906560636
ZNF169,0.34791252485089463,0.12127236580516898,2.415506958250497
ZNF17,0.44532803180914515,0.09741550695825049,2.701789264413519
ZNF174,0.5685884691848907,0.03578528827037773,3.1232604373757455
ZNF175,0.4393638170974155,0.10934393638170974,2.6660039761431413
ZNF18,0.30019880715705766,0.20874751491053678,2.280318091451292
ZNF184,0.5984095427435387,0.033797216699801194,3.2405566600397613
ZNF185,0.33399602385685884,0.220675944333996,2.4990059642147116
ZNF189,0.35785288270377735,0.11133200795228629,2.457256461232604
ZNF19,0.4731610337972167,0.0775347912524851,2.8031809145129225
ZNF195,0.4731610337972167,0.06759443339960239,2.7693836978131214
ZNF2,0.5944333996023857,0.007952286282306162,3.2186878727634194
ZNF20,0.3061630218687873,0.15705765407554673,2.3061630218687874
ZNF200,0.5705765407554672,0.03578528827037773,3.125248508946322
ZNF202,0.5248508946322068,0.07157057654075547,2.9244532803180916
ZNF205,0.5705765407554672,0.03777335984095427,3.121272365805169
ZNF207,0.6043737574552683,0.02584493041749503,3.198807157057654
ZNF208,0.3817097415506958,0.11332007952286283,2.606361829025845
ZNF211,0.4433399602385686,0.09940357852882704,2.6998011928429424
ZNF212,0.6401590457256461,0.02982107355864811,3.4135188866799204
ZNF213,0.5705765407554672,0.03777335984095427,3.1232604373757455
ZNF214,0.4711729622266402,0.0636182902584493,2.7693836978131214
ZNF215,0.4711729622266402,0.061630218687872766,2.771371769383698
ZNF217,0.6262425447316103,0.02186878727634195,3.6341948310139167
ZNF219,0.5467196819085487,0.06560636182902585,3.0834990059642147
ZNF221,0.48906560636182905,0.073558648111332,2.9165009940357853
ZNF223,0.49304174950298213,0.07554671968190854,2.918489065606362
ZNF224,0.49304174950298213,0.07554671968190854,2.918489065606362
ZNF225,0.49304174950298213,0.07554671968190854,2.918489065606362
ZNF226,0.49304174950298213,0.07554671968190854,2.918489065606362
ZNF227,0.49105367793240556,0.07554671968190854,2.914512922465209
ZNF230,0.49105367793240556,0.073558648111332,2.918489065606362
ZNF234,0.49304174950298213,0.07554671968190854,2.918489065606362
ZNF235,0.49105367793240556,0.07554671968190854,2.914512922465209
ZNF24,0.41749502982107356,0.14512922465208747,2.7992047713717696
ZNF25,0.5546719681908548,0.039761431411530816,3.0715705765407555
ZNF250,0.6918489065606361,0.02385685884691849,4.013916500994036
ZNF253,0.3658051689860835,0.11928429423459244,2.5168986083499005
ZNF254,0.4234592445328032,0.09542743538767395,2.7554671968190854
ZNF256,0.441351888667992,0.10139165009940358,2.691848906560636
ZNF257,0.3817097415506958,0.11530815109343936,2.6023856858846917
ZNF26,0.5188866799204771,0.07952286282306163,2.9125248508946324
ZNF263,0.5705765407554672,0.03578528827037773,3.125248508946322
ZNF264,0.44532803180914515,0.09741550695825049,2.6998011928429424
ZNF266,0.3101391650099404,0.1550695825049702,2.308151093439364
ZNF267,0.6083499005964215,0.02982107355864811,3.210735586481113
ZNF268,0.5168986083499006,0.08151093439363817,2.914512922465209
ZNF274,0.4433399602385686,0.09940357852882704,2.697813121272366
ZNF28,0.44532803180914515,0.09940357852882704,2.691848906560636
ZNF280A,0.43737574552683894,0.10337972166998012,2.6819085487077534
ZNF280B,0.43737574552683894,0.10337972166998012,2.6819085487077534
ZNF282,0.6401590457256461,0.02982107355864811,3.429423459244533
ZNF286A,0.3260437375745527,0.1908548707753479,2.3658051689860833
ZNF30,0.558648111332008,0.05765407554671968,3.2266401590457257
ZNF300,0.4234592445328032,0.09741550695825049,2.7335984095427435
ZNF302,0.558648111332008,0.05765407554671968,3.220675944333996
ZNF304,0.44731610337972166,0.09940357852882704,2.6998011928429424
ZNF311,0.5984095427435387,0.03180914512922465,3.2584493041749503
ZNF317,0.3081510934393638,0.15705765407554673,2.302186878727634
ZNF32,0.5248508946322068,0.055666003976143144,2.904572564612326
ZNF320,0.44532803180914515,0.09940357852882704,2.691848906560636
ZNF324,0.44532803180914515,0.09940357852882704,2.695825049701789
ZNF324B,0.44532803180914515,0.09940357852882704,2.695825049701789
ZNF326,0.48111332007952284,0.08151093439363817,2.7813121272365806
ZNF331,0.44731610337972166,0.09741550695825049,2.695825049701789
ZNF333,0.31809145129224653,0.14910536779324055,2.3399602385685885
ZNF334,0.5805168986083499,0.04572564612326044,3.2882703777335984
ZNF335,0.5745526838966203,0.04771371769383698,3.198807157057654
ZNF337,0.5606361829025845,0.05964214711729622,3.1491053677932404
ZNF33A,0.5546719681908548,0.039761431411530816,3.069582504970179
ZNF33B,0.5347912524850894,0.05168986083499006,2.9542743538767398
ZNF34,0.6918489065606361,0.02385685884691849,4.013916500994036
ZNF343,0.510934393638171,0.09741550695825049,2.944333996023857
ZNF350,0.441351888667992,0.1073558648111332,2.667992047713718
ZNF354A,0.4532803180914513,0.08349900596421471,2.8369781312127236
ZNF354C,0.4552683896620278,0.08349900596421471,2.852882703777336
ZNF362,0.5168986083499006,0.04572564612326044,2.9125248508946324
ZNF37A,0.5566600397614314,0.039761431411530816,3.073558648111332
ZNF382,0.5506958250497018,0.06560636182902585,3.210735586481113
ZNF383,0.5506958250497018,0.06560636182902585,3.1968190854870775
ZNF384,0.49502982107355864,0.09343936381709742,3.0019880715705765
ZNF385A,0.5526838966202783,0.0437375745526839,3.0715705765407555
ZNF394,0.6441351888667992,0.03180914512922465,3.489065606361829
ZNF396,0.415506958250497,0.14512922465208747,2.79324055666004
ZNF398,0.6401590457256461,0.02982107355864811,3.411530815109344
ZNF41,0.25646123260437376,0.31411530815109345,2.1888667992047712
ZNF415,0.4433399602385686,0.09940357852882704,2.6878727634194832
ZNF416,0.44532803180914515,0.09741550695825049,2.7077534791252487
ZNF417,0.4433399602385686,0.10139165009940358,2.695825049701789
ZNF419,0.44532803180914515,0.09542743538767395,2.7037773359840953
ZNF420,0.5506958250497018,0.06560636182902585,3.2007952286282304
ZNF423,0.5208747514910537,0.073558648111332,2.9642147117296225
ZNF426,0.3081510934393638,0.1550695825049702,2.3061630218687874
ZNF430,0.37375745526838966,0.12326043737574553,2.572564612326044
ZNF431,0.37375745526838966,0.11928429423459244,2.5805168986083498
ZNF432,0.4393638170974155,0.10337972166998012,2.6699801192842942
ZNF433,0.3061630218687873,0.15705765407554673,2.3061630218687874
ZNF436,0.48906560636182905,0.07157057654075547,2.8389662027833
ZNF439,0.3081510934393638,0.1550695825049702,2.3101391650099403
ZNF440,0.3081510934393638,0.1550695825049702,2.3101391650099403
ZNF441,0.3101391650099404,0.1550695825049702,2.3121272365805168
ZNF442,0.30417495029821073,0.1550695825049702,2.304174950298211
ZNF443,0.30417495029821073,0.1550695825049702,2.304174950298211
ZNF445,0.3359840954274354,0.1312127236580517,2.389662027833002
ZNF446,0.44532803180914515,0.09940357852882704,2.695825049701789
ZNF45,0.48906560636182905,0.073558648111332,2.8946322067594434
ZNF451,0.5745526838966203,0.041749502982107355,3.1928429423459246
ZNF454,0.4532803180914513,0.08349900596421471,2.8429423459244534
ZNF460,0.44532803180914515,0.09940357852882704,2.695825049701789
ZNF461,0.5506958250497018,0.06560636182902585,3.21272365805169
ZNF462,0.3817097415506958,0.10139165009940358,2.5168986083499005
ZNF467,0.6381709741550696,0.02982107355864811,3.4095427435387675
ZNF468,0.44532803180914515,0.09940357852882704,2.691848906560636
ZNF471,0.44532803180914515,0.09741550695825049,2.6998011928429424
ZNF473,0.4254473161033797,0.10934393638170974,2.6421471172962225
ZNF479,0.6878727634194831,0.027833001988071572,3.99403578528827
ZNF480,0.4393638170974155,0.10337972166998012,2.673956262425447
ZNF483,0.3856858846918489,0.10139165009940358,2.5387673956262424
ZNF484,0.3499005964214712,0.12524850894632206,2.427435387673956
ZNF485,0.5268389662027833,0.055666003976143144,2.908548707753479
ZNF490,0.30417495029821073,0.15308151093439365,2.3061630218687874
ZNF493,0.37375745526838966,0.11928429423459244,2.5825049701789267
ZNF496,0.7455268389662028,0.003976143141153081,3.9642147117296225
ZNF500,0.5765407554671969,0.03578528827037773,3.1351888667992047
ZNF510,0.34592445328031807,0.12127236580516898,2.4095427435387675
ZNF514,0.5944333996023857,0.007952286282306162,3.2186878727634194
ZNF516,0.35785288270377735,0.2047713717693837,2.4493041749502984
ZNF517,0.6918489065606361,0.02385685884691849,4.013916500994036
ZNF519,0.46520874751491054,0.07952286282306163,2.8767395626242545
ZNF521,0.44930417495029823,0.10934393638170974,2.8727634194831015
ZNF526,0.4990059642147117,0.073558648111332,2.8846918489065607
ZNF529,0.5506958250497018,0.06560636182902585,3.210735586481113
ZNF544,0.44532803180914515,0.09940357852882704,2.701789264413519
ZNF547,0.44532803180914515,0.09741550695825049,2.701789264413519
ZNF549,0.44532803180914515,0.09741550695825049,2.701789264413519
ZNF551,0.4433399602385686,0.09940357852882704,2.6998011928429424
ZNF552,0.4433399602385686,0.10139165009940358,2.695825049701789
ZNF554,0.30218687872763417,0.16699801192842942,2.2783300198807157
ZNF555,0.30218687872763417,0.16699801192842942,2.2783300198807157
ZNF556,0.30218687872763417,0.16699801192842942,2.2783300198807157
ZNF557,0.3081510934393638,0.1610337972166998,2.2882703777335984
ZNF559,0.3101391650099404,0.15705765407554673,2.3061630218687874
ZNF561,0.3101391650099404,0.15308151093439365,2.3141153081510932
ZNF562,0.3101391650099404,0.15308151093439365,2.3141153081510932
ZNF564,0.30417495029821073,0.15308151093439365,2.3061630218687874
ZNF566,0.5506958250497018,0.0636182902584493,3.216699801192843
ZNF567,0.5487077534791253,0.06560636182902585,3.2087475149105367
ZNF569,0.5427435387673957,0.06759443339960239,3.1610337972167
ZNF582,0.44731610337972166,0.09741550695825049,2.7037773359840953
ZNF585A,0.5487077534791253,0.06560636182902585,3.1848906560636183
ZNF585B,0.5506958250497018,0.06560636182902585,3.198807157057654
ZNF587,0.4433399602385686,0.10139165009940358,2.695825049701789
ZNF589,0.3260437375745527,0.13916500994035785,2.3737574552683895
ZNF592,0.3817097415506958,0.11530815109343936,2.5129224652087476
ZNF593,0.48906560636182905,0.06759443339960239,2.817097415506958
ZNF596,0.3558648111332008,0.23856858846918488,2.441351888667992
ZNF597,0.5685884691848907,0.03578528827037773,3.1232604373757455
ZNF599,0.558648111332008,0.05765407554671968,3.224652087475149
ZNF600,0.4433399602385686,0.10139165009940358,2.68389662027833
ZNF605,0.5188866799204771,0.07952286282306163,2.9125248508946324
ZNF606,0.4433399602385686,0.10139165009940358,2.6998011928429424
ZNF607,0.5407554671968191,0.07157057654075547,3.1491053677932404
ZNF611,0.441351888667992,0.10337972166998012,2.6779324055666005
ZNF613,0.441351888667992,0.1073558648111332,2.667992047713718
ZNF614,0.441351888667992,0.10536779324055666,2.6699801192842942
ZNF615,0.441351888667992,0.10536779324055666,2.6699801192842942
ZNF616,0.4393638170974155,0.10337972166998012,2.673956262425447
ZNF620,0.34393638170974156,0.12524850894632206,2.4214711729622267
ZNF621,0.34393638170974156,0.12524850894632206,2.4214711729622267
ZNF622,0.7534791252485089,0.009940357852882704,4.506958250497018
ZNF624,0.3260437375745527,0.18886679920477137,2.363817097415507
ZNF625,0.3061630218687873,0.15705765407554673,2.3061630218687874
ZNF626,0.3697813121272366,0.12127236580516898,2.566600397614314
ZNF627,0.3101391650099404,0.1550695825049702,2.31610337972167
ZNF638,0.588469184890656,0.015904572564612324,3.15506958250497
ZNF641,0.5487077534791253,0.0536779324055666,3.0318091451292246
ZNF649,0.441351888667992,0.1073558648111332,2.667992047713718
ZNF653,0.3101391650099404,0.1550695825049702,2.31610337972167
ZNF655,0.6441351888667992,0.03180914512922465,3.489065606361829
ZNF658,0.33001988071570576,0.13518886679920478,2.3737574552683895
ZNF660,0.3359840954274354,0.1312127236580517,2.389662027833002
ZNF662,0.34592445328031807,0.12922465208747516,2.411530815109344
ZNF664,0.5268389662027833,0.07554671968190854,2.9363817097415508
ZNF665,0.44532803180914515,0.09940357852882704,2.6898608349900597
ZNF668,0.610337972166998,0.02584493041749503,3.256461232604374
ZNF669,0.7455268389662028,0.003976143141153081,3.956262425447316
ZNF670,0.7455268389662028,0.003976143141153081,3.956262425447316
ZNF671,0.441351888667992,0.10139165009940358,2.6938369781312126
ZNF675,0.40755467196819084,0.10139165009940358,2.7176938369781314
ZNF676,0.3797216699801193,0.1172962226640159,2.6043737574552686
ZNF678,0.7475149105367793,0.0019880715705765406,3.926441351888668
ZNF679,0.6620278330019881,0.02982107355864811,3.5228628230616303
ZNF684,0.5546719681908548,0.02982107355864811,3.0616302186878728
ZNF687,0.7952286282306164,0.0019880715705765406,4.429423459244533
ZNF689,0.6123260437375746,0.02584493041749503,3.224652087475149
ZNF69,0.3081510934393638,0.1550695825049702,2.3101391650099403
ZNF691,0.5506958250497018,0.027833001988071572,3.043737574552684
ZNF692,0.7435387673956262,0.005964214711729622,3.926441351888668
ZNF696,0.6998011928429424,0.02186878727634195,4.047713717693837
ZNF699,0.3101391650099404,0.15705765407554673,2.3061630218687874
ZNF7,0.6918489065606361,0.02385685884691849,4.013916500994036
ZNF70,0.4393638170974155,0.10337972166998012,2.6600397614314115
ZNF701,0.441351888667992,0.10337972166998012,2.675944333996024
ZNF703,0.4433399602385686,0.16500994035785288,3.0019880715705765
ZNF705G,0.3359840954274354,0.2504970178926441,2.381709741550696
ZNF707,0.6998011928429424,0.02186878727634195,4.029821073558648
ZNF708,0.37375745526838966,0.11928429423459244,2.5825049701789267
ZNF71,0.44532803180914515,0.09741550695825049,2.6998011928429424
ZNF710,0.40556660039761433,0.1073558648111332,2.5984095427435387
ZNF711,0.2823061630218688,0.2783300198807157,2.26441351888668
ZNF714,0.37375745526838966,0.12326043737574553,2.576540755467197
ZNF716,0.6858846918489065,0.027833001988071572,3.9244532803180916
ZNF721,0.4870775347912525,0.07157057654075547,2.84493041749503
ZNF724,0.3976143141153082,0.10536779324055666,2.6858846918489068
ZNF726,0.41749502982107356,0.09940357852882704,2.7415506958250497
ZNF732,0.4831013916500994,0.073558648111332,2.8369781312127236
ZNF738,0.37375745526838966,0.11928429423459244,2.5825049701789267
ZNF74,0.45129224652087474,0.09343936381709742,2.7634194831013916
ZNF740,0.5566600397614314,0.041749502982107355,3.0596421471172963
ZNF746,0.6401590457256461,0.02982107355864811,3.4135188866799204
ZNF747,0.614314115308151,0.02584493041749503,3.228628230616302
ZNF75A,0.5705765407554672,0.03578528827037773,3.125248508946322
ZNF76,0.6003976143141153,0.02982107355864811,3.2524850894632205
ZNF764,0.614314115308151,0.02584493041749503,3.228628230616302
ZNF77,0.30218687872763417,0.16699801192842942,2.2783300198807157
ZNF770,0.33001988071570576,0.16302186878727634,2.341948310139165
ZNF771,0.614314115308151,0.02584493041749503,3.224652087475149
ZNF773,0.44532803180914515,0.09542743538767395,2.7037773359840953
ZNF774,0.40556660039761433,0.10536779324055666,2.5685884691848906
ZNF775,0.6361829025844931,0.02982107355864811,3.389662027833002
ZNF785,0.614314115308151,0.02584493041749503,3.228628230616302
ZNF786,0.6401590457256461,0.02982107355864811,3.411530815109344
ZNF79,0.3836978131212724,0.09542743538767395,2.5168986083499005
ZNF790,0.5487077534791253,0.06560636182902585,3.1848906560636183
ZNF791,0.30417495029821073,0.15308151093439365,2.3061630218687874
ZNF792,0.558648111332008,0.05765407554671968,3.2266401590457257
ZNF804B,0.6500994035785288,0.02982107355864811,3.4015904572564613
ZNF830,0.614314115308151,0.02385685884691849,3.21272365805169
ZNF860,0.34592445328031807,0.1312127236580517,2.4095427435387675
ZNF875,0.5447316103379721,0.06759443339960239,3.1749502982107356
ZNF92,0.6560636182902585,0.03180914512922465,3.451292246520875
ZNF99,0.38767395626242546,0.11332007952286283,2.628230616302187
ZNHIT6,0.4870775347912525,0.07952286282306163,2.7773359840954273
ZNRF1,0.4691848906560636,0.07952286282306163,2.8369781312127236
ZNRF2,0.6958250497017893,0.02584493041749503,3.8369781312127236
ZNRF3,0.40159045725646125,0.1172962226640159,2.548707753479125
ZP2,0.5864811133200796,0.04572564612326044,3.125248508946322
ZP3,0.6341948310139165,0.039761431411530816,3.302186878727634
ZP4,0.7415506958250497,0.003976143141153081,3.9403578528827037
ZPR1,0.5248508946322068,0.06560636182902585,2.9343936381709743
ZRANB1,0.48111332007952284,0.073558648111332,2.757455268389662
ZRANB2,0.5089463220675944,0.0536779324055666,2.8648111332007953
ZRSR2,0.23856858846918488,0.3379721669980119,2.1232604373757455
ZSCAN22,0.44532803180914515,0.09940357852882704,2.695825049701789
ZSCAN25,0.6441351888667992,0.03180914512922465,3.489065606361829
ZSWIM7,0.3220675944333996,0.18886679920477137,2.3479125248508947
ZW10,0.5228628230616302,0.07157057654075547,2.900596421471173
ZWILCH,0.3797216699801193,0.12326043737574553,2.493041749502982
ZWINT,0.4831013916500994,0.06560636182902585,2.805168986083499
ZYX,0.6341948310139165,0.027833001988071572,3.399602385685885
