gene,amp_freq,del_freq,mean_cnv
A1BG,0.5244897959183673,0.0673469387755102,2.9489795918367347
A1CF,0.363265306122449,0.14489795918367346,2.451020408163265
A2M,0.6081632653061224,0.014285714285714285,3.5061224489795917
A4GALT,0.5551020408163265,0.06938775510204082,3.093877551020408
A4GNT,0.8122448979591836,0.0163265306122449,4.3428571428571425
AAAS,0.5265306122448979,0.0326530612244898,2.9326530612244897
AACS,0.5040816326530613,0.053061224489795916,2.816326530612245
AADAT,0.20816326530612245,0.25510204081632654,2.0673469387755103
AAK1,0.6448979591836734,0.00816326530612245,3.4714285714285715
AAMP,0.4122448979591837,0.10816326530612246,2.6163265306122447
AANAT,0.6142857142857143,0.053061224489795916,3.193877551020408
AAR2,0.6142857142857143,0.02040816326530612,3.4551020408163264
AARS2,0.49387755102040815,0.0653061224489796,2.8857142857142857
AARSD1,0.5020408163265306,0.08571428571428572,2.8612244897959185
AASDHPPT,0.4163265306122449,0.11020408163265306,2.657142857142857
AASS,0.5530612244897959,0.07346938775510205,3.1775510204081634
AATF,0.48775510204081635,0.09183673469387756,2.8122448979591836
ABAT,0.44081632653061226,0.10204081632653061,2.669387755102041
ABCA1,0.3836734693877551,0.1489795918367347,2.5755102040816324
ABCA2,0.37142857142857144,0.1469387755102041,2.5326530612244897
ABCA7,0.37142857142857144,0.16938775510204082,2.426530612244898
ABCB1,0.5959183673469388,0.036734693877551024,3.463265306122449
ABCB10,0.6571428571428571,0.012244897959183673,3.3285714285714287
ABCB4,0.5938775510204082,0.03877551020408163,3.442857142857143
ABCB6,0.41020408163265304,0.10612244897959183,2.6040816326530614
ABCB7,0.1469387755102041,0.39591836734693875,1.873469387755102
ABCC1,0.44081632653061226,0.10204081632653061,2.6510204081632653
ABCC11,0.38979591836734695,0.1306122448979592,2.5693877551020408
ABCC3,0.573469387755102,0.04285714285714286,3.1040816326530614
ABCC8,0.3979591836734694,0.1326530612244898,2.536734693877551
ABCC9,0.610204081632653,0.018367346938775512,3.7
ABCD1,0.18775510204081633,0.336734693877551,1.9877551020408164
ABCD2,0.5387755102040817,0.030612244897959183,3.0
ABCD3,0.3346938775510204,0.11632653061224489,2.4346938775510205
ABCD4,0.4142857142857143,0.12857142857142856,2.6551020408163266
ABCE1,0.23265306122448978,0.22244897959183674,2.1510204081632653
ABCF1,0.47551020408163264,0.06938775510204082,2.783673469387755
ABCG1,0.29591836734693877,0.18979591836734694,2.283673469387755
ABCG2,0.29591836734693877,0.1836734693877551,2.3020408163265307
ABCG4,0.40816326530612246,0.11020408163265306,2.5877551020408163
ABCG8,0.6530612244897959,0.018367346938775512,3.4571428571428573
ABHD12,0.5938775510204082,0.036734693877551024,3.3448979591836734
ABHD5,0.11836734693877551,0.3469387755102041,1.8142857142857143
ABHD6,0.10612244897959183,0.35918367346938773,1.7938775510204081
ABI1,0.3836734693877551,0.12857142857142856,2.6142857142857143
ABI2,0.5102040816326531,0.061224489795918366,2.9306122448979592
ABI3,0.5591836734693878,0.044897959183673466,3.0693877551020408
ABL1,0.37551020408163266,0.1469387755102041,2.524489795918367
ABL2,0.6653061224489796,0.012244897959183673,3.404081632653061
ABLIM2,0.2693877551020408,0.23673469387755103,2.210204081632653
ABLIM3,0.17959183673469387,0.2755102040816326,1.9979591836734694
ABR,0.27755102040816326,0.2510204081632653,2.210204081632653
ABRA,0.6959183673469388,0.0163265306122449,3.7979591836734694
ABRAXAS1,0.3020408163265306,0.17551020408163265,2.3244897959183675
ABRAXAS2,0.3306122448979592,0.1510204081632653,2.3857142857142857
ABT1,0.46530612244897956,0.07551020408163266,2.742857142857143
ABTB1,0.7795918367346939,0.022448979591836733,3.953061224489796
ACAA1,0.13877551020408163,0.336734693877551,1.8938775510204082
ACAA2,0.3693877551020408,0.1489795918367347,2.4979591836734696
ACACA,0.4959183673469388,0.08979591836734693,2.8285714285714287
ACACB,0.5142857142857142,0.053061224489795916,2.836734693877551
ACAD10,0.5142857142857142,0.05714285714285714,2.842857142857143
ACAD8,0.4122448979591837,0.12244897959183673,2.630612244897959
ACAD9,0.773469387755102,0.02040816326530612,3.9571428571428573
ACADL,0.4530612244897959,0.08979591836734693,2.7020408163265306
ACADM,0.35714285714285715,0.10816326530612246,2.4959183673469387
ACADS,0.5020408163265306,0.053061224489795916,2.816326530612245
ACADSB,0.32653061224489793,0.1469387755102041,2.3816326530612244
ACADVL,0.25918367346938775,0.25918367346938775,2.1755102040816325
ACAN,0.5224489795918368,0.04897959183673469,2.9959183673469387
ACAT1,0.4122448979591837,0.11224489795918367,2.6387755102040815
ACAT2,0.4530612244897959,0.08979591836734693,2.706122448979592
ACBD3,0.6571428571428571,0.012244897959183673,3.3346938775510204
ACBD6,0.6673469387755102,0.012244897959183673,3.373469387755102
ACE,0.610204081632653,0.04693877551020408,3.1755102040816325
ACE2,0.1346938775510204,0.4326530612244898,1.8693877551020408
ACER1,0.4061224489795918,0.1346938775510204,2.5551020408163265
ACER2,0.2510204081632653,0.2979591836734694,2.195918367346939
ACER3,0.48775510204081635,0.07142857142857142,2.9183673469387754
ACHE,0.5836734693877551,0.036734693877551024,3.436734693877551
ACIN1,0.42857142857142855,0.12857142857142856,2.742857142857143
ACKR1,0.6877551020408164,0.00816326530612245,3.512244897959184
ACKR2,0.12040816326530612,0.3448979591836735,1.8244897959183672
ACKR3,0.4020408163265306,0.10408163265306122,2.5775510204081633
ACLY,0.5040816326530613,0.0836734693877551,2.8510204081632655
ACMSD,0.5346938775510204,0.04897959183673469,2.9285714285714284
ACO1,0.336734693877551,0.21836734693877552,2.583673469387755
ACO2,0.5612244897959183,0.06326530612244897,3.110204081632653
ACOT1,0.4122448979591837,0.12857142857142856,2.646938775510204
ACOT11,0.37142857142857144,0.10204081632653061,2.4918367346938775
ACOT12,0.1469387755102041,0.3040816326530612,1.9142857142857144
ACOT13,0.46530612244897956,0.07755102040816327,2.7612244897959184
ACOT2,0.41020408163265304,0.12857142857142856,2.6448979591836737
ACOT4,0.4122448979591837,0.12857142857142856,2.646938775510204
ACOT7,0.3346938775510204,0.12653061224489795,2.426530612244898
ACOT8,0.5897959183673469,0.03469387755102041,3.3122448979591836
ACOX1,0.6163265306122448,0.05102040816326531,3.204081632653061
ACOX2,0.10612244897959183,0.36122448979591837,1.7918367346938775
ACOX3,0.2714285714285714,0.23673469387755103,2.210204081632653
ACP1,0.5877551020408164,0.05918367346938776,3.2448979591836733
ACP2,0.4775510204081633,0.08775510204081632,2.740816326530612
ACP5,0.41020408163265304,0.11020408163265306,2.6530612244897958
ACR,0.5020408163265306,0.10204081632653061,2.9122448979591837
ACSBG1,0.4857142857142857,0.0673469387755102,2.8102040816326532
ACSF3,0.363265306122449,0.14081632653061224,2.4857142857142858
ACSL1,0.21428571428571427,0.2816326530612245,2.093877551020408
ACSL3,0.40816326530612246,0.10204081632653061,2.5918367346938775
ACSL4,0.17346938775510204,0.35714285714285715,1.9775510204081632
ACSL5,0.3224489795918367,0.15918367346938775,2.3448979591836734
ACSM1,0.4448979591836735,0.09387755102040816,2.663265306122449
ACSM2B,0.44693877551020406,0.09387755102040816,2.6653061224489796
ACSM5,0.4448979591836735,0.09387755102040816,2.6612244897959183
ACSS1,0.5897959183673469,0.03877551020408163,3.340816326530612
ACSS2,0.6265306122448979,0.014285714285714285,3.4673469387755103
ACSS3,0.5061224489795918,0.04081632653061224,2.8836734693877553
ACTA1,0.6571428571428571,0.012244897959183673,3.3285714285714287
ACTBL2,0.17551020408163265,0.29183673469387755,2.0081632653061225
ACTC1,0.39387755102040817,0.11836734693877551,2.5918367346938775
ACTG1,0.5816326530612245,0.06326530612244897,3.1061224489795918
ACTG2,0.6387755102040816,0.006122448979591836,3.4
ACTL6A,0.9061224489795918,0.0020408163265306124,6.697959183673469
ACTL6B,0.5877551020408164,0.036734693877551024,3.453061224489796
ACTL7A,0.3795918367346939,0.1489795918367347,2.553061224489796
ACTN1,0.40408163265306124,0.13877551020408163,2.6061224489795918
ACTN2,0.6530612244897959,0.012244897959183673,3.363265306122449
ACTN3,0.5122448979591837,0.044897959183673466,2.9285714285714284
ACTN4,0.6,0.04285714285714286,3.620408163265306
ACTR10,0.4142857142857143,0.1346938775510204,2.6408163265306124
ACTR1A,0.3020408163265306,0.17142857142857143,2.2816326530612243
ACTR1B,0.6040816326530613,0.0163265306122449,3.2510204081632654
ACTR2,0.6653061224489796,0.004081632653061225,3.63265306122449
ACTR3,0.573469387755102,0.022448979591836733,3.1244897959183673
ACTR3B,0.5224489795918368,0.09795918367346938,2.9918367346938775
ACTR3C,0.5285714285714286,0.08571428571428572,3.022448979591837
ACTR5,0.6040816326530613,0.024489795918367346,3.3714285714285714
ACTR6,0.5081632653061224,0.04285714285714286,2.8387755102040817
ACTR8,0.10204081632653061,0.36122448979591837,1.7693877551020407
ACVR1,0.5387755102040817,0.04897959183673469,2.9816326530612245
ACVR1B,0.5326530612244897,0.03469387755102041,2.9204081632653063
ACVR1C,0.5387755102040817,0.04897959183673469,2.9816326530612245
ACVR2A,0.5265306122448979,0.05510204081632653,2.916326530612245
ACVR2B,0.13877551020408163,0.336734693877551,1.8938775510204082
ACVRL1,0.5306122448979592,0.03469387755102041,2.914285714285714
ACY1,0.10612244897959183,0.36122448979591837,1.7775510204081633
ACYP2,0.6714285714285714,0.01020408163265306,3.6285714285714286
ADA,0.5897959183673469,0.03469387755102041,3.3020408163265307
ADAM10,0.4530612244897959,0.09591836734693877,2.6897959183673468
ADAM11,0.5204081632653061,0.07142857142857142,2.9285714285714284
ADAM12,0.3306122448979592,0.1510204081632653,2.3938775510204082
ADAM15,0.6877551020408164,0.00816326530612245,3.5
ADAM17,0.5959183673469388,0.04693877551020408,3.236734693877551
ADAM19,0.1836734693877551,0.2714285714285714,2.0081632653061225
ADAM2,0.5306122448979592,0.10816326530612246,3.66734693877551
ADAM21,0.4020408163265306,0.13673469387755102,2.6081632653061226
ADAM22,0.5918367346938775,0.036734693877551024,3.473469387755102
ADAM28,0.21836734693877552,0.3306122448979592,2.0346938775510206
ADAM30,0.3653061224489796,0.1306122448979592,2.6142857142857143
ADAM8,0.3448979591836735,0.15714285714285714,2.406122448979592
ADAM9,0.5489795918367347,0.1,4.13265306122449
ADAMTS1,0.32857142857142857,0.1653061224489796,2.4244897959183676
ADAMTS12,0.7795918367346939,0.018367346938775512,4.6204081632653065
ADAMTS13,0.37551020408163266,0.15306122448979592,2.520408163265306
ADAMTS18,0.3653061224489796,0.1326530612244898,2.522448979591837
ADAMTS2,0.20816326530612245,0.2653061224489796,2.0653061224489795
ADAMTS4,0.689795918367347,0.006122448979591836,3.626530612244898
ADAMTS5,0.32857142857142857,0.1653061224489796,2.4285714285714284
ADAMTS7,0.48367346938775513,0.0673469387755102,2.793877551020408
ADAMTSL1,0.2530612244897959,0.3,2.210204081632653
ADAMTSL2,0.373469387755102,0.15306122448979592,2.516326530612245
ADAMTSL3,0.5061224489795918,0.0653061224489796,2.8816326530612244
ADAMTSL5,0.37755102040816324,0.15714285714285714,2.451020408163265
ADAP1,0.5897959183673469,0.03469387755102041,3.253061224489796
ADAP2,0.4857142857142857,0.1,2.8183673469387753
ADAR,0.689795918367347,0.00816326530612245,3.522448979591837
ADCY1,0.5693877551020409,0.04897959183673469,3.242857142857143
ADCY10,0.6795918367346939,0.006122448979591836,3.5142857142857142
ADCY2,0.7979591836734694,0.014285714285714285,4.704081632653061
ADCY3,0.6306122448979592,0.018367346938775512,3.3285714285714287
ADCY5,0.7775510204081633,0.022448979591836733,3.973469387755102
ADCY6,0.5306122448979592,0.030612244897959183,2.9244897959183676
ADCY7,0.3877551020408163,0.12857142857142856,2.5775510204081633
ADCY8,0.7387755102040816,0.006122448979591836,3.9183673469387754
ADCY9,0.4163265306122449,0.12040816326530612,2.5816326530612246
ADCYAP1,0.5122448979591837,0.06326530612244897,3.1061224489795918
ADD1,0.2653061224489796,0.23469387755102042,2.2
ADD2,0.6428571428571429,0.006122448979591836,3.438775510204082
ADD3,0.3122448979591837,0.1653061224489796,2.3102040816326532
ADGRA2,0.5081632653061224,0.12653061224489795,3.989795918367347
ADGRB1,0.7020408163265306,0.02040816326530612,3.804081632653061
ADGRE5,0.4306122448979592,0.10408163265306122,2.76734693877551
ADGRF5,0.5020408163265306,0.06326530612244897,2.9673469387755103
ADGRG3,0.39183673469387753,0.12653061224489795,2.5755102040816324
ADGRL1,0.42857142857142855,0.10408163265306122,2.7653061224489797
ADGRL2,0.3489795918367347,0.11224489795918367,2.451020408163265
ADGRL3,0.3653061224489796,0.14285714285714285,2.7122448979591836
ADH1A,0.25918367346938775,0.19387755102040816,2.2020408163265306
ADH1B,0.25918367346938775,0.19387755102040816,2.2020408163265306
ADH1C,0.25918367346938775,0.19387755102040816,2.2020408163265306
ADH4,0.2612244897959184,0.19387755102040816,2.206122448979592
ADH5,0.2612244897959184,0.19387755102040816,2.206122448979592
ADH7,0.26326530612244897,0.19387755102040816,2.2285714285714286
ADHFE1,0.6142857142857143,0.02857142857142857,3.453061224489796
ADI1,0.5959183673469388,0.04897959183673469,3.240816326530612
ADIPOQ,0.8877551020408163,0.012244897959183673,6.022448979591837
ADIPOR1,0.6551020408163265,0.00816326530612245,3.306122448979592
ADIPOR2,0.6346938775510204,0.0163265306122449,3.573469387755102
ADK,0.35918367346938773,0.1510204081632653,2.4448979591836735
ADM,0.33877551020408164,0.16938775510204082,2.3877551020408165
ADNP,0.5938775510204082,0.030612244897959183,3.3551020408163263
ADO,0.3469387755102041,0.14285714285714285,2.4489795918367347
ADORA1,0.6571428571428571,0.00816326530612245,3.330612244897959
ADORA2A,0.5795918367346938,0.05510204081632653,3.242857142857143
ADORA2B,0.2714285714285714,0.2530612244897959,2.1897959183673468
ADPGK,0.4673469387755102,0.07346938775510205,2.820408163265306
ADRA1A,0.22244897959183674,0.32857142857142857,2.046938775510204
ADRA1B,0.1816326530612245,0.2714285714285714,2.0020408163265304
ADRA1D,0.6163265306122448,0.030612244897959183,3.4122448979591837
ADRA2A,0.3142857142857143,0.16326530612244897,2.320408163265306
ADRA2B,0.6040816326530613,0.0163265306122449,3.240816326530612
ADRA2C,0.2653061224489796,0.23673469387755103,2.1979591836734693
ADRB1,0.3163265306122449,0.15714285714285714,2.340816326530612
ADRB2,0.17959183673469387,0.2755102040816326,1.9979591836734694
ADRB3,0.5224489795918368,0.12040816326530612,3.9857142857142858
ADRM1,0.5816326530612245,0.04693877551020408,3.242857142857143
ADSL,0.5591836734693878,0.06326530612244897,3.1653061224489796
AEBP2,0.6122448979591837,0.0163265306122449,3.5979591836734692
AFAP1,0.2693877551020408,0.23673469387755103,2.2122448979591836
AFDN,0.4489795918367347,0.08775510204081632,2.704081632653061
AFF1,0.2979591836734694,0.1816326530612245,2.3183673469387753
AFF4,0.16326530612244897,0.28775510204081634,1.9469387755102041
AFG3L2,0.5040816326530613,0.06326530612244897,2.9346938775510205
AFMID,0.5979591836734693,0.05510204081632653,3.173469387755102
AGA,0.20816326530612245,0.2673469387755102,2.0714285714285716
AGAP2,0.5346938775510204,0.030612244897959183,2.9979591836734696
AGER,0.47346938775510206,0.07346938775510205,2.753061224489796
AGFG1,0.4,0.1,2.561224489795918
AGGF1,0.1510204081632653,0.3040816326530612,1.9244897959183673
AGL,0.3142857142857143,0.1306122448979592,2.369387755102041
AGMAT,0.32857142857142857,0.13877551020408163,2.3918367346938774
AGMO,0.5877551020408164,0.03469387755102041,3.283673469387755
AGO1,0.3673469387755102,0.10204081632653061,2.4693877551020407
AGO2,0.6979591836734694,0.018367346938775512,3.789795918367347
AGO3,0.3673469387755102,0.10204081632653061,2.4693877551020407
AGO4,0.3673469387755102,0.10204081632653061,2.4653061224489794
AGPAT1,0.47346938775510206,0.07346938775510205,2.753061224489796
AGPAT2,0.37142857142857144,0.1469387755102041,2.5285714285714285
AGPAT3,0.2938775510204082,0.17551020408163265,2.306122448979592
AGPAT4,0.45918367346938777,0.08979591836734693,2.704081632653061
AGPAT5,0.22040816326530613,0.3306122448979592,2.024489795918367
AGPS,0.5612244897959183,0.03877551020408163,3.193877551020408
AGR2,0.5918367346938775,0.03469387755102041,3.293877551020408
AGR3,0.5938775510204082,0.03469387755102041,3.2918367346938777
AGRN,0.34285714285714286,0.12653061224489795,2.4551020408163264
AGRP,0.39387755102040817,0.10816326530612246,2.593877551020408
AGT,0.6551020408163265,0.012244897959183673,3.3285714285714287
AGTR1,0.8489795918367347,0.0163265306122449,4.942857142857143
AGTR2,0.17142857142857143,0.35306122448979593,1.9795918367346939
AGTRAP,0.3346938775510204,0.13877551020408163,2.3857142857142857
AGXT,0.40408163265306124,0.10408163265306122,2.585714285714286
AGXT2,0.7775510204081633,0.018367346938775512,4.6020408163265305
AHCTF1,0.6530612244897959,0.012244897959183673,3.3489795918367347
AHCY,0.6285714285714286,0.018367346938775512,3.5408163265306123
AHCYL1,0.29183673469387755,0.16326530612244897,2.2857142857142856
AHCYL2,0.536734693877551,0.07346938775510205,3.0714285714285716
AHI1,0.4714285714285714,0.0836734693877551,2.7244897959183674
AHNAK,0.4816326530612245,0.04285714285714286,2.7653061224489797
AHR,0.5918367346938775,0.03469387755102041,3.289795918367347
AHRR,0.7938775510204081,0.018367346938775512,4.673469387755102
AHSA1,0.42244897959183675,0.12244897959183673,2.6755102040816325
AHSG,0.889795918367347,0.01020408163265306,6.06734693877551
AHSP,0.47346938775510206,0.0653061224489796,2.742857142857143
AICDA,0.6081632653061224,0.012244897959183673,3.516326530612245
AIF1,0.47551020408163264,0.07346938775510205,2.770961145194274
AIFM1,0.16326530612244897,0.3510204081632653,1.9244897959183673
AIFM2,0.3551020408163265,0.14285714285714285,2.436734693877551
AIM2,0.6877551020408164,0.00816326530612245,3.4918367346938775
AIMP1,0.24693877551020407,0.19387755102040816,2.1897959183673468
AIMP2,0.6040816326530613,0.0326530612244898,3.279591836734694
AIP,0.5183673469387755,0.04285714285714286,2.9857142857142858
AIPL1,0.25918367346938775,0.25510204081632654,2.1816326530612247
AJAP1,0.336734693877551,0.1306122448979592,2.4306122448979592
AJUBA,0.42448979591836733,0.12857142857142856,2.7387755102040816
AK2,0.3653061224489796,0.10816326530612246,2.4551020408163264
AK3,0.27346938775510204,0.2897959183673469,2.320408163265306
AK4,0.35306122448979593,0.10816326530612246,2.4959183673469387
AK5,0.3551020408163265,0.10816326530612246,2.5
AK8,0.37551020408163266,0.1489795918367347,2.5285714285714285
AKAP1,0.5795918367346938,0.04693877551020408,3.0979591836734692
AKAP10,0.2938775510204082,0.22857142857142856,2.295918367346939
AKAP12,0.45918367346938777,0.09183673469387756,2.695918367346939
AKAP13,0.5102040816326531,0.05918367346938776,2.910204081632653
AKAP14,0.17142857142857143,0.35306122448979593,1.9612244897959183
AKAP3,0.6244897959183674,0.014285714285714285,3.548979591836735
AKAP4,0.14285714285714285,0.42857142857142855,1.8775510204081634
AKAP5,0.40816326530612246,0.14081632653061224,2.620408163265306
AKAP7,0.46122448979591835,0.07959183673469387,2.7244897959183674
AKAP8,0.4448979591836735,0.09795918367346938,2.7979591836734694
AKAP8L,0.4448979591836735,0.09795918367346938,2.7979591836734694
AKAP9,0.610204081632653,0.024489795918367346,3.5979591836734692
AKIRIN1,0.38571428571428573,0.1,2.6285714285714286
AKIRIN2,0.47346938775510206,0.07346938775510205,2.789795918367347
AKR1A1,0.39591836734693875,0.1,2.561224489795918
AKR1B1,0.5306122448979592,0.07551020408163266,3.0551020408163265
AKR1C1,0.39183673469387753,0.15306122448979592,2.5551020408163265
AKR1C2,0.3877551020408163,0.15918367346938775,2.5428571428571427
AKR1C3,0.3816326530612245,0.16122448979591836,2.5428571428571427
AKR1C4,0.3877551020408163,0.1510204081632653,2.553061224489796
AKR1D1,0.5346938775510204,0.07346938775510205,3.073469387755102
AKR7A2,0.3142857142857143,0.13877551020408163,2.3510204081632655
AKR7A3,0.3142857142857143,0.13877551020408163,2.3510204081632655
AKT1,0.463265306122449,0.10816326530612246,2.8551020408163263
AKT1S1,0.4959183673469388,0.0673469387755102,2.8448979591836734
AKT2,0.5612244897959183,0.05714285714285714,3.573469387755102
AKT3,0.6551020408163265,0.012244897959183673,3.3469387755102042
AKTIP,0.3877551020408163,0.12857142857142856,2.5755102040816324
ALAD,0.37142857142857144,0.15714285714285714,2.512244897959184
ALAS1,0.10612244897959183,0.36122448979591837,1.7775510204081633
ALB,0.3653061224489796,0.14489795918367346,2.6714285714285713
ALCAM,0.7408163265306122,0.030612244897959183,3.8346938775510204
ALDH18A1,0.3,0.17346938775510204,2.279591836734694
ALDH1A1,0.3469387755102041,0.16122448979591836,2.5061224489795917
ALDH1A2,0.4530612244897959,0.09795918367346938,2.6918367346938776
ALDH1A3,0.5489795918367347,0.053061224489795916,3.0693877551020408
ALDH1B1,0.32040816326530613,0.22040816326530613,2.477551020408163
ALDH1L1,0.7795918367346939,0.024489795918367346,3.973469387755102
ALDH1L2,0.5081632653061224,0.05102040816326531,2.842857142857143
ALDH2,0.5142857142857142,0.05714285714285714,2.842857142857143
ALDH3A1,0.2938775510204082,0.23265306122448978,2.2979591836734694
ALDH3A2,0.2938775510204082,0.23265306122448978,2.2979591836734694
ALDH3B1,0.5142857142857142,0.04285714285714286,3.010204081632653
ALDH4A1,0.3142857142857143,0.14081632653061224,2.353061224489796
ALDH5A1,0.4673469387755102,0.07959183673469387,2.7612244897959184
ALDH6A1,0.4142857142857143,0.12857142857142856,2.6551020408163266
ALDH9A1,0.6857142857142857,0.006122448979591836,3.5510204081632653
ALDOC,0.49387755102040815,0.09795918367346938,2.9
ALG1,0.4204081632653061,0.11224489795918367,2.622448979591837
ALG10,0.610204081632653,0.014285714285714285,3.4938775510204083
ALG10B,0.5530612244897959,0.022448979591836733,3.061224489795918
ALG11,0.23877551020408164,0.2653061224489796,2.1285714285714286
ALG12,0.5244897959183673,0.08979591836734693,3.0142857142857142
ALG13,0.17142857142857143,0.3551020408163265,1.9673469387755103
ALG14,0.3326530612244898,0.11632653061224489,2.440816326530612
ALG2,0.37142857142857144,0.1510204081632653,2.526530612244898
ALG3,0.9020408163265307,0.0020408163265306124,6.612244897959184
ALG5,0.21836734693877552,0.25510204081632654,2.083673469387755
ALG8,0.4816326530612245,0.06938775510204082,2.8877551020408165
ALG9,0.4,0.12244897959183673,2.5653061224489795
ALK,0.6489795918367347,0.014285714285714285,3.3857142857142857
ALKBH1,0.42448979591836733,0.12244897959183673,2.679591836734694
ALKBH2,0.5142857142857142,0.05510204081632653,2.8346938775510204
ALKBH3,0.463265306122449,0.09795918367346938,2.726530612244898
ALKBH4,0.5755102040816327,0.04081632653061224,3.426530612244898
ALKBH5,0.28775510204081634,0.24081632653061225,2.2510204081632654
ALKBH7,0.40816326530612246,0.1326530612244898,2.559183673469388
ALKBH8,0.41836734693877553,0.11224489795918367,2.6530612244897958
ALMS1,0.6387755102040816,0.01020408163265306,3.3979591836734695
ALOX12,0.25918367346938775,0.25918367346938775,2.179591836734694
ALOX15,0.2612244897959184,0.25510204081632654,2.179591836734694
ALOX15B,0.26326530612244897,0.2653061224489796,2.179591836734694
ALOX5,0.3877551020408163,0.13673469387755102,2.5306122448979593
ALOX5AP,0.23265306122448978,0.24897959183673468,2.1142857142857143
ALPG,0.39591836734693875,0.10408163265306122,2.546938775510204
ALPI,0.39591836734693875,0.10408163265306122,2.546938775510204
ALPL,0.3122448979591837,0.14081632653061224,2.342857142857143
ALPP,0.39591836734693875,0.10408163265306122,2.546938775510204
ALS2,0.5163265306122449,0.05714285714285714,2.953061224489796
ALS2CL,0.11836734693877551,0.3510204081632653,1.810204081632653
ALYREF,0.5795918367346938,0.06938775510204082,3.089795918367347
AMACR,0.7795918367346939,0.018367346938775512,4.618367346938776
AMBN,0.36122448979591837,0.1489795918367347,2.6081632653061226
AMBP,0.37551020408163266,0.15510204081632653,2.5183673469387755
AMBRA1,0.48775510204081635,0.08775510204081632,2.8020408163265307
AMD1,0.4448979591836735,0.09795918367346938,2.66734693877551
AMDHD1,0.5040816326530613,0.04081632653061224,2.869387755102041
AMELX,0.1306122448979592,0.44081632653061226,1.8326530612244898
AMFR,0.3877551020408163,0.1306122448979592,2.5653061224489795
AMH,0.37551020408163266,0.15714285714285714,2.442857142857143
AMHR2,0.5265306122448979,0.0326530612244898,2.9326530612244897
AMN,0.45918367346938777,0.11020408163265306,2.826530612244898
AMOT,0.1673469387755102,0.35714285714285715,1.9510204081632654
AMOTL1,0.4326530612244898,0.10612244897959183,2.646938775510204
AMPD1,0.29183673469387755,0.1673469387755102,2.3
AMPD3,0.34285714285714286,0.1673469387755102,2.4
AMPH,0.5693877551020409,0.04693877551020408,3.193877551020408
AMT,0.10408163265306122,0.35714285714285715,1.779591836734694
AMTN,0.363265306122449,0.1489795918367347,2.626530612244898
AMY1A,0.3040816326530612,0.12857142857142856,2.3489795918367347
AMY1B,0.3040816326530612,0.12857142857142856,2.3496932515337425
AMY1C,0.3040816326530612,0.1306122448979592,2.3469387755102042
ANAPC1,0.5755102040816327,0.024489795918367346,3.0653061224489795
ANAPC10,0.23265306122448978,0.22244897959183674,2.1510204081632653
ANAPC11,0.5795918367346938,0.06938775510204082,3.089795918367347
ANAPC13,0.789795918367347,0.024489795918367346,4.128571428571429
ANAPC15,0.5040816326530613,0.0673469387755102,2.9571428571428573
ANAPC16,0.3551020408163265,0.1489795918367347,2.4448979591836735
ANAPC2,0.373469387755102,0.1469387755102041,2.536734693877551
ANAPC4,0.2571428571428571,0.24693877551020407,2.1918367346938776
ANAPC5,0.5,0.05714285714285714,2.816326530612245
ANAPC7,0.5122448979591837,0.05510204081632653,2.826530612244898
ANG,0.42857142857142855,0.12244897959183673,2.7653061224489797
ANGPT1,0.7040816326530612,0.0163265306122449,3.820408163265306
ANGPT2,0.22040816326530613,0.3306122448979592,2.0306122448979593
ANGPT4,0.6061224489795919,0.036734693877551024,3.406122448979592
ANGPTL3,0.3653061224489796,0.10612244897959183,2.5183673469387755
ANGPTL4,0.4061224489795918,0.12448979591836734,2.6061224489795918
ANK1,0.5326530612244897,0.09591836734693877,3.6387755102040815
ANK2,0.23469387755102042,0.1836734693877551,2.1877551020408164
ANK3,0.3469387755102041,0.14285714285714285,2.440816326530612
ANKFY1,0.2612244897959184,0.2571428571428571,2.1775510204081634
ANKLE2,0.4897959183673469,0.04897959183673469,2.816326530612245
ANKMY2,0.5918367346938775,0.036734693877551024,3.2979591836734694
ANKRA2,0.1510204081632653,0.3020408163265306,1.9306122448979592
ANKRD1,0.3,0.17755102040816326,2.2755102040816326
ANKRD2,0.2979591836734694,0.17346938775510204,2.2755102040816326
ANKRD27,0.5836734693877551,0.03877551020408163,3.475510204081633
ANKRD28,0.1489795918367347,0.3224489795918367,1.920408163265306
ANKRD49,0.4326530612244898,0.10612244897959183,2.646938775510204
ANKS4B,0.4448979591836735,0.08979591836734693,2.657142857142857
ANKS6,0.373469387755102,0.1510204081632653,2.5306122448979593
ANLN,0.5673469387755102,0.04693877551020408,3.1918367346938776
ANO1,0.5775510204081633,0.04285714285714286,5.09795918367347
ANO10,0.11836734693877551,0.3469387755102041,1.8142857142857143
ANO6,0.536734693877551,0.030612244897959183,2.9959183673469387
ANO8,0.45102040816326533,0.09591836734693877,2.736734693877551
ANOS1,0.12857142857142856,0.4387755102040816,1.8326530612244898
ANP32A,0.4673469387755102,0.07959183673469387,2.7489795918367346
ANP32B,0.373469387755102,0.1510204081632653,2.526530612244898
ANP32E,0.689795918367347,0.006122448979591836,3.5877551020408163
ANPEP,0.5244897959183673,0.04897959183673469,2.975510204081633
ANTXR1,0.6510204081632653,0.004081632653061225,3.5040816326530613
ANTXR2,0.3122448979591837,0.1673469387755102,2.3877551020408165
ANXA1,0.3469387755102041,0.16122448979591836,2.5061224489795917
ANXA11,0.33877551020408164,0.15714285714285714,2.404081632653061
ANXA2,0.45102040816326533,0.09387755102040816,2.6897959183673468
ANXA5,0.23877551020408164,0.18979591836734694,2.1857142857142855
ANXA6,0.1816326530612245,0.2714285714285714,2.0040816326530613
ANXA7,0.3653061224489796,0.14489795918367346,2.4673469387755103
AOC1,0.5326530612244897,0.08775510204081632,3.0285714285714285
AOC2,0.5020408163265306,0.08571428571428572,2.8591836734693876
AOC3,0.5020408163265306,0.08571428571428572,2.8591836734693876
AOPEP,0.373469387755102,0.15306122448979592,2.5183673469387755
AOX1,0.5285714285714286,0.05102040816326531,3.010204081632653
AP1AR,0.24285714285714285,0.1836734693877551,2.1979591836734693
AP1B1,0.5795918367346938,0.053061224489795916,3.2510204081632654
AP1G1,0.3816326530612245,0.12448979591836734,2.546938775510204
AP1G2,0.42448979591836733,0.12857142857142856,2.7183673469387757
AP1M1,0.44285714285714284,0.09795918367346938,2.7510204081632654
AP1M2,0.40816326530612246,0.11020408163265306,2.6285714285714286
AP1S1,0.5816326530612245,0.036734693877551024,3.4551020408163264
AP1S2,0.13673469387755102,0.4326530612244898,1.879591836734694
AP1S3,0.3979591836734694,0.10408163265306122,2.557142857142857
AP2A1,0.49387755102040815,0.0653061224489796,2.8387755102040817
AP2A2,0.3306122448979592,0.18775510204081633,2.3244897959183675
AP2B1,0.49387755102040815,0.09387755102040816,2.8102040816326532
AP2M1,0.9020408163265307,0.0020408163265306124,6.626530612244898
AP2S1,0.48775510204081635,0.07959183673469387,2.8122448979591836
AP3B1,0.15510204081632653,0.30612244897959184,1.936734693877551
AP3B2,0.5040816326530613,0.0673469387755102,2.8551020408163263
AP3M1,0.35918367346938773,0.15306122448979592,2.440816326530612
AP3M2,0.5387755102040817,0.09591836734693877,3.6244897959183673
AP3S1,0.15510204081632653,0.2979591836734694,1.9244897959183673
AP3S2,0.5244897959183673,0.04897959183673469,2.975510204081633
AP4B1,0.28775510204081634,0.16938775510204082,2.2979591836734694
AP4E1,0.4306122448979592,0.10612244897959183,2.6448979591836737
AP4M1,0.5918367346938775,0.036734693877551024,3.4612244897959186
AP4S1,0.42857142857142855,0.12448979591836734,2.7448979591836733
AP5M1,0.4204081632653061,0.1326530612244898,2.6530612244897958
APAF1,0.5040816326530613,0.04285714285714286,2.836734693877551
APBA1,0.336734693877551,0.1653061224489796,2.479591836734694
APBB1,0.33877551020408164,0.1653061224489796,2.3653061224489798
APBB1IP,0.3836734693877551,0.12857142857142856,2.610204081632653
APBB2,0.27755102040816326,0.23061224489795917,2.273469387755102
APC,0.1510204081632653,0.3020408163265306,1.916326530612245
APC2,0.37551020408163266,0.15918367346938775,2.446938775510204
APCS,0.6877551020408164,0.00816326530612245,3.512244897959184
APEH,0.10408163265306122,0.35714285714285715,1.7755102040816326
APEX1,0.4306122448979592,0.12040816326530612,2.789795918367347
APEX2,0.1469387755102041,0.4142857142857143,1.8612244897959183
APH1A,0.689795918367347,0.006122448979591836,3.589795918367347
APH1B,0.46530612244897956,0.08571428571428572,2.7244897959183674
API5,0.4673469387755102,0.1,2.789795918367347
APIP,0.45714285714285713,0.09387755102040816,2.7612244897959184
APLF,0.6530612244897959,0.004081632653061225,3.5183673469387755
APLNR,0.5020408163265306,0.04285714285714286,2.8387755102040817
APLP1,0.6061224489795919,0.044897959183673466,3.510204081632653
APLP2,0.40408163265306124,0.12244897959183673,2.5673469387755103
APOA1,0.4,0.11224489795918367,2.573469387755102
APOA2,0.689795918367347,0.006122448979591836,3.5979591836734692
APOA4,0.4,0.11224489795918367,2.5775510204081633
APOA5,0.4,0.11224489795918367,2.5775510204081633
APOB,0.6244897959183674,0.02857142857142857,3.342857142857143
APOBEC1,0.610204081632653,0.012244897959183673,3.522448979591837
APOBEC3A,0.5551020408163265,0.05918367346938776,3.1489795918367345
APOBEC3F,0.5551020408163265,0.05918367346938776,3.146938775510204
APOBEC3G,0.5551020408163265,0.05918367346938776,3.146938775510204
APOC1,0.5081632653061224,0.05714285714285714,2.940816326530612
APOC2,0.5061224489795918,0.05714285714285714,2.938775510204082
APOC3,0.4,0.11224489795918367,2.573469387755102
APOC4,0.5061224489795918,0.05714285714285714,2.938775510204082
APOE,0.5081632653061224,0.05714285714285714,2.940816326530612
APOF,0.5265306122448979,0.0326530612244898,2.9285714285714284
APOH,0.6163265306122448,0.04285714285714286,3.204081632653061
APOL1,0.5510204081632653,0.05918367346938776,3.1163265306122447
APOM,0.47551020408163264,0.07346938775510205,2.769387755102041
APOO,0.13673469387755102,0.4326530612244898,1.8979591836734695
APOOL,0.15918367346938775,0.3816326530612245,1.9346938775510205
APP,0.32653061224489793,0.16122448979591836,2.4571428571428573
APPBP2,0.5979591836734693,0.05102040816326531,3.13265306122449
APPL1,0.10612244897959183,0.35918367346938773,1.779591836734694
APRT,0.3551020408163265,0.14489795918367346,2.4653061224489794
APTX,0.3653061224489796,0.2,2.6510204081632653
AQP1,0.5673469387755102,0.044897959183673466,3.2224489795918365
AQP10,0.689795918367347,0.00816326530612245,3.5306122448979593
AQP11,0.4897959183673469,0.06938775510204082,2.9122448979591837
AQP2,0.5285714285714286,0.0326530612244898,2.9122448979591837
AQP3,0.37755102040816324,0.19795918367346937,2.6979591836734693
AQP4,0.4489795918367347,0.09591836734693877,2.987755102040816
AQP5,0.5285714285714286,0.0326530612244898,2.9122448979591837
AQP8,0.47551020408163264,0.07551020408163266,2.8102040816326532
AQR,0.39591836734693875,0.11632653061224489,2.595918367346939
AR,0.13673469387755102,0.39183673469387753,1.8346938775510204
ARAP1,0.5081632653061224,0.0653061224489796,2.9816326530612245
ARAP2,0.2612244897959184,0.23469387755102042,2.2285714285714286
ARAP3,0.17959183673469387,0.27346938775510204,1.989795918367347
ARCN1,0.41020408163265304,0.11020408163265306,2.5877551020408163
AREL1,0.4163265306122449,0.12857142857142856,2.657142857142857
ARF3,0.5306122448979592,0.030612244897959183,2.916326530612245
ARF4,0.10612244897959183,0.35918367346938773,1.7857142857142858
ARF5,0.5346938775510204,0.07755102040816327,3.048979591836735
ARF6,0.4306122448979592,0.12448979591836734,2.710204081632653
ARFGAP1,0.5816326530612245,0.04693877551020408,3.236734693877551
ARFGAP2,0.47959183673469385,0.08775510204081632,2.730612244897959
ARFGAP3,0.5489795918367347,0.07346938775510205,3.0775510204081633
ARFGEF1,0.6122448979591837,0.030612244897959183,3.4612244897959186
ARFGEF2,0.5918367346938775,0.030612244897959183,3.2877551020408164
ARFIP1,0.22653061224489796,0.23061224489795917,2.1122448979591835
ARFIP2,0.33877551020408164,0.1653061224489796,2.3653061224489798
ARFRP1,0.5857142857142857,0.044897959183673466,3.2510204081632654
ARG1,0.463265306122449,0.07959183673469387,2.726530612244898
ARG2,0.4020408163265306,0.14285714285714285,2.6
ARGLU1,0.3346938775510204,0.21836734693877552,2.451020408163265
ARHGAP1,0.48775510204081635,0.08571428571428572,2.7857142857142856
ARHGAP10,0.23673469387755103,0.22653061224489796,2.142857142857143
ARHGAP11A,0.38979591836734695,0.12040816326530612,2.563265306122449
ARHGAP12,0.3877551020408163,0.12857142857142856,2.6408163265306124
ARHGAP15,0.5285714285714286,0.053061224489795916,2.9224489795918367
ARHGAP17,0.46938775510204084,0.07755102040816327,2.757142857142857
ARHGAP19,0.3020408163265306,0.17346938775510204,2.279591836734694
ARHGAP21,0.37755102040816324,0.14285714285714285,2.546938775510204
ARHGAP22,0.3653061224489796,0.1469387755102041,2.4693877551020407
ARHGAP24,0.29183673469387755,0.18571428571428572,2.3020408163265307
ARHGAP25,0.6530612244897959,0.004081632653061225,3.5020408163265304
ARHGAP28,0.5040816326530613,0.06938775510204082,2.9693877551020407
ARHGAP29,0.3346938775510204,0.11632653061224489,2.4346938775510205
ARHGAP30,0.689795918367347,0.006122448979591836,3.626530612244898
ARHGAP31,0.7653061224489796,0.02857142857142857,3.9489795918367347
ARHGAP32,0.3979591836734694,0.12244897959183673,2.563265306122449
ARHGAP36,0.16326530612244897,0.3510204081632653,1.926530612244898
ARHGAP39,0.7040816326530612,0.022448979591836733,3.7857142857142856
ARHGAP4,0.18571428571428572,0.336734693877551,1.9857142857142858
ARHGAP44,0.2571428571428571,0.2612244897959184,2.1714285714285713
ARHGAP45,0.37142857142857144,0.1673469387755102,2.4285714285714284
ARHGAP5,0.4346938775510204,0.12857142857142856,2.757142857142857
ARHGAP6,0.12857142857142856,0.44081632653061226,1.8306122448979592
ARHGAP8,0.5408163265306123,0.07959183673469387,3.0408163265306123
ARHGAP9,0.5285714285714286,0.0326530612244898,2.938775510204082
ARHGDIA,0.5775510204081633,0.0673469387755102,3.0899795501022496
ARHGDIB,0.6,0.02040816326530612,3.463265306122449
ARHGDIG,0.42244897959183675,0.1306122448979592,2.5807770961145193
ARHGEF1,0.5081632653061224,0.06326530612244897,2.9938775510204083
ARHGEF10,0.23061224489795917,0.32857142857142857,2.0448979591836736
ARHGEF10L,0.3163265306122449,0.14081632653061224,2.357142857142857
ARHGEF11,0.6816326530612244,0.00816326530612245,3.4693877551020407
ARHGEF12,0.4142857142857143,0.10816326530612246,2.595918367346939
ARHGEF15,0.26326530612244897,0.2653061224489796,2.179591836734694
ARHGEF16,0.33877551020408164,0.12653061224489795,2.438775510204082
ARHGEF17,0.5061224489795918,0.06938775510204082,2.973469387755102
ARHGEF18,0.41020408163265304,0.12653061224489795,2.589795918367347
ARHGEF2,0.6775510204081633,0.00816326530612245,3.473469387755102
ARHGEF25,0.5326530612244897,0.0326530612244898,2.951020408163265
ARHGEF28,0.1489795918367347,0.3,1.9285714285714286
ARHGEF3,0.10612244897959183,0.363265306122449,1.773469387755102
ARHGEF4,0.5489795918367347,0.04693877551020408,2.9591836734693877
ARHGEF40,0.42448979591836733,0.12857142857142856,2.73265306122449
ARHGEF5,0.5428571428571428,0.07551020408163266,3.1285714285714286
ARHGEF6,0.1673469387755102,0.3510204081632653,1.9244897959183673
ARHGEF7,0.336734693877551,0.21428571428571427,2.479591836734694
ARHGEF9,0.14489795918367346,0.3979591836734694,1.853061224489796
ARID1A,0.31020408163265306,0.1489795918367347,2.3224489795918366
ARID1B,0.45510204081632655,0.08979591836734693,2.7448979591836733
ARID2,0.536734693877551,0.030612244897959183,3.010204081632653
ARID3A,0.37142857142857144,0.16938775510204082,2.426530612244898
ARID4A,0.4142857142857143,0.1346938775510204,2.6408163265306124
ARID5B,0.34285714285714286,0.14489795918367346,2.4244897959183676
ARIH1,0.4673469387755102,0.07346938775510205,2.820408163265306
ARIH2,0.10612244897959183,0.3551020408163265,1.7836734693877552
ARL1,0.5061224489795918,0.04285714285714286,2.8387755102040817
ARL13B,0.7061224489795919,0.05102040816326531,3.86734693877551
ARL2,0.5,0.04693877551020408,2.8387755102040817
ARL2BP,0.39183673469387753,0.12857142857142856,2.5755102040816324
ARL3,0.3,0.17346938775510204,2.2755102040816326
ARL4D,0.5102040816326531,0.07959183673469387,2.8959183673469386
ARL6,0.7285714285714285,0.030612244897959183,3.8183673469387753
ARL6IP5,0.10408163265306122,0.373469387755102,1.7673469387755103
ARL8A,0.6551020408163265,0.00816326530612245,3.2979591836734694
ARL8B,0.16938775510204082,0.3122448979591837,1.9836734693877551
ARNT,0.6918367346938775,0.00816326530612245,3.573469387755102
ARNT2,0.4857142857142857,0.0673469387755102,2.804081632653061
ARPC1A,0.5959183673469388,0.0326530612244898,3.5020408163265304
ARPC1B,0.5959183673469388,0.0326530612244898,3.5020408163265304
ARPC2,0.4122448979591837,0.10816326530612246,2.6163265306122447
ARPC3,0.5122448979591837,0.05510204081632653,2.826530612244898
ARPC4,0.16326530612244897,0.3,1.9775510204081632
ARPC5,0.6653061224489796,0.01020408163265306,3.3755102040816327
ARPC5L,0.3795918367346939,0.1510204081632653,2.522448979591837
ARPP19,0.43673469387755104,0.10612244897959183,2.6489795918367345
ARR3,0.13877551020408163,0.39591836734693875,1.8591836734693878
ARRB1,0.4897959183673469,0.07142857142857142,2.8510204081632655
ARRB2,0.26326530612244897,0.25510204081632654,2.1877551020408164
ARRDC3,0.14489795918367346,0.3081632653061224,1.9142857142857144
ARSA,0.5020408163265306,0.10204081632653061,2.9122448979591837
ARSB,0.15306122448979592,0.3040816326530612,1.9285714285714286
ARSG,0.6204081632653061,0.044897959183673466,3.2224489795918365
ARSI,0.1816326530612245,0.27346938775510204,2.0020408163265304
ARSK,0.1469387755102041,0.30612244897959184,1.9346938775510205
ART3,0.3448979591836735,0.14285714285714285,2.6122448979591835
ASAH1,0.22857142857142856,0.32653061224489793,2.0428571428571427
ASAP1,0.7387755102040816,0.006122448979591836,3.9204081632653063
ASAP2,0.5959183673469388,0.04693877551020408,3.2346938775510203
ASAP3,0.3163265306122449,0.14489795918367346,2.353061224489796
ASB6,0.37142857142857144,0.1489795918367347,2.510204081632653
ASB8,0.5346938775510204,0.030612244897959183,2.9816326530612245
ASCC1,0.3551020408163265,0.1489795918367347,2.4448979591836735
ASCC3,0.4448979591836735,0.09387755102040816,2.8346938775510204
ASCL1,0.5081632653061224,0.044897959183673466,2.840816326530612
ASCL2,0.32857142857142857,0.18979591836734694,2.3183673469387753
ASCL3,0.336734693877551,0.16938775510204082,2.3591836734693876
ASF1A,0.45510204081632655,0.0836734693877551,2.673469387755102
ASF1B,0.42857142857142855,0.10408163265306122,2.7653061224489797
ASGR1,0.25918367346938775,0.25918367346938775,2.1755102040816325
ASGR2,0.25918367346938775,0.25918367346938775,2.1755102040816325
ASH1L,0.6857142857142857,0.00816326530612245,3.5
ASH2L,0.5326530612244897,0.11224489795918367,4.081632653061225
ASIC1,0.5285714285714286,0.0326530612244898,2.9122448979591837
ASIC2,0.4959183673469388,0.09387755102040816,2.857142857142857
ASIC3,0.5326530612244897,0.08775510204081632,3.0285714285714285
ASL,0.5653061224489796,0.030612244897959183,3.289795918367347
ASNS,0.5918367346938775,0.0326530612244898,3.477551020408163
ASPA,0.2714285714285714,0.2510204081632653,2.2020408163265306
ASPH,0.6061224489795919,0.03469387755102041,3.4204081632653063
ASPHD1,0.4775510204081633,0.0653061224489796,2.753061224489796
ASPM,0.6612244897959184,0.012244897959183673,3.3081632653061224
ASRGL1,0.48367346938775513,0.04285714285714286,2.769387755102041
ASS1,0.37551020408163266,0.1469387755102041,2.526530612244898
ASXL1,0.6428571428571429,0.012244897959183673,3.6387755102040815
ASXL2,0.636734693877551,0.0163265306122449,3.3469387755102042
ASZ1,0.5571428571428572,0.05918367346938776,3.259183673469388
ATAD2,0.7244897959183674,0.012244897959183673,3.853061224489796
ATAD3A,0.34285714285714286,0.12653061224489795,2.4551020408163264
ATAD5,0.4857142857142857,0.09795918367346938,2.820408163265306
ATF1,0.5285714285714286,0.03469387755102041,2.910204081632653
ATF2,0.5551020408163265,0.03877551020408163,3.136734693877551
ATF3,0.6510204081632653,0.01020408163265306,3.3122448979591836
ATF4,0.5551020408163265,0.06326530612244897,3.1489795918367345
ATF6,0.6918367346938775,0.006122448979591836,3.595918367346939
ATF6B,0.47346938775510206,0.07346938775510205,2.753061224489796
ATF7,0.5265306122448979,0.0326530612244898,2.9346938775510205
ATF7IP,0.6020408163265306,0.02040816326530612,3.4653061224489794
ATF7IP2,0.4530612244897959,0.09795918367346938,2.679591836734694
ATG10,0.1469387755102041,0.3040816326530612,1.920408163265306
ATG101,0.5326530612244897,0.03469387755102041,2.9204081632653063
ATG12,0.15306122448979592,0.3,1.920408163265306
ATG13,0.48775510204081635,0.08571428571428572,2.804081632653061
ATG14,0.4142857142857143,0.1306122448979592,2.6551020408163266
ATG16L1,0.39387755102040817,0.10408163265306122,2.5408163265306123
ATG16L2,0.5061224489795918,0.0653061224489796,2.979591836734694
ATG3,0.746938775510204,0.036734693877551024,3.863265306122449
ATG4A,0.17755102040816326,0.36122448979591837,2.073469387755102
ATG4B,0.40816326530612246,0.10816326530612246,2.593877551020408
ATG4C,0.36122448979591837,0.10612244897959183,2.510204081632653
ATG4D,0.40816326530612246,0.11020408163265306,2.6285714285714286
ATG5,0.44285714285714284,0.09591836734693877,2.746938775510204
ATG7,0.14285714285714285,0.3224489795918367,1.9061224489795918
ATG9A,0.41020408163265304,0.10612244897959183,2.6040816326530614
ATIC,0.4142857142857143,0.11428571428571428,2.5877551020408163
ATL1,0.42653061224489797,0.12448979591836734,2.6897959183673468
ATL3,0.49183673469387756,0.044897959183673466,2.795918367346939
ATM,0.4122448979591837,0.11224489795918367,2.6346938775510202
ATMIN,0.36122448979591837,0.14285714285714285,2.4938775510204083
ATN1,0.6204081632653061,0.012244897959183673,3.553061224489796
ATOH1,0.2693877551020408,0.18775510204081633,2.2183673469387757
ATOH7,0.35306122448979593,0.14285714285714285,2.4326530612244897
ATOX1,0.1836734693877551,0.2714285714285714,2.0061224489795917
ATP11A,0.336734693877551,0.21428571428571427,2.5795918367346937
ATP11B,0.9061224489795918,0.0020408163265306124,7.7306122448979595
ATP12A,0.22448979591836735,0.25510204081632654,2.093877551020408
ATP13A2,0.32040816326530613,0.14081632653061224,2.3612244897959185
ATP1A1,0.2836734693877551,0.17755102040816326,2.295918367346939
ATP1A2,0.689795918367347,0.006122448979591836,3.5653061224489795
ATP1A3,0.5061224489795918,0.06326530612244897,2.975510204081633
ATP1A4,0.689795918367347,0.006122448979591836,3.5551020408163265
ATP1B1,0.6816326530612244,0.00816326530612245,3.5183673469387755
ATP1B2,0.2612244897959184,0.2612244897959184,2.1714285714285713
ATP1B3,0.8326530612244898,0.018367346938775512,4.618367346938776
ATP1B4,0.16938775510204082,0.3551020408163265,1.9469387755102041
ATP23,0.5326530612244897,0.030612244897959183,3.0020408163265304
ATP2A1,0.47959183673469385,0.06326530612244897,2.7653061224489797
ATP2A2,0.5122448979591837,0.05510204081632653,2.826530612244898
ATP2A3,0.2673469387755102,0.2530612244897959,2.193877551020408
ATP2B1,0.5122448979591837,0.04081632653061224,2.889795918367347
ATP2B4,0.6591836734693878,0.00816326530612245,3.3448979591836734
ATP4A,0.6081632653061224,0.044897959183673466,3.5
ATP4B,0.34285714285714286,0.21836734693877552,2.7122448979591836
ATP5F1A,0.3877551020408163,0.1306122448979592,2.630612244897959
ATP5F1B,0.5285714285714286,0.0326530612244898,2.938775510204082
ATP5F1C,0.373469387755102,0.15714285714285714,2.5061224489795917
ATP5F1D,0.37142857142857144,0.1653061224489796,2.4346938775510205
ATP5F1E,0.5693877551020409,0.044897959183673466,3.2020408163265306
ATP5IF1,0.3306122448979592,0.1306122448979592,2.377551020408163
ATP5MC1,0.5551020408163265,0.044897959183673466,3.061224489795918
ATP5MC2,0.5265306122448979,0.0326530612244898,2.942857142857143
ATP5MC3,0.5551020408163265,0.03877551020408163,3.136734693877551
ATP5ME,0.2693877551020408,0.24285714285714285,2.2244897959183674
ATP5MF,0.5959183673469388,0.0326530612244898,3.5061224489795917
ATP5MG,0.41020408163265304,0.11020408163265306,2.5918367346938775
ATP5PB,0.2897959183673469,0.16938775510204082,2.279591836734694
ATP5PD,0.6122448979591837,0.04897959183673469,3.2
ATP5PF,0.32448979591836735,0.16122448979591836,2.453061224489796
ATP5PO,0.3306122448979592,0.15918367346938775,2.3755102040816327
ATP6AP1,0.18979591836734694,0.336734693877551,1.989795918367347
ATP6AP2,0.1306122448979592,0.4489795918367347,1.7816326530612245
ATP6V0A1,0.5040816326530613,0.08571428571428572,2.8489795918367347
ATP6V0A2,0.5020408163265306,0.05102040816326531,2.8183673469387753
ATP6V0A4,0.5346938775510204,0.07346938775510205,3.093877551020408
ATP6V0B,0.4,0.09795918367346938,2.5877551020408163
ATP6V0C,0.4204081632653061,0.12448979591836734,2.563265306122449
ATP6V0D1,0.39387755102040817,0.10816326530612246,2.593877551020408
ATP6V0D2,0.636734693877551,0.024489795918367346,3.5653061224489795
ATP6V0E1,0.19795918367346937,0.26326530612244897,2.0306122448979593
ATP6V0E2,0.5285714285714286,0.0836734693877551,3.026530612244898
ATP6V1A,0.7489795918367347,0.0326530612244898,3.8510204081632655
ATP6V1B1,0.6428571428571429,0.006122448979591836,3.436734693877551
ATP6V1B2,0.23265306122448978,0.3224489795918367,2.053061224489796
ATP6V1C1,0.689795918367347,0.0163265306122449,3.710204081632653
ATP6V1C2,0.6,0.04285714285714286,3.2448979591836733
ATP6V1D,0.4061224489795918,0.14489795918367346,2.593877551020408
ATP6V1E1,0.5530612244897959,0.07755102040816327,3.1142857142857143
ATP6V1E2,0.6571428571428571,0.018367346938775512,3.5816326530612246
ATP6V1F,0.5346938775510204,0.07346938775510205,3.063265306122449
ATP6V1G1,0.37551020408163266,0.1510204081632653,2.5285714285714285
ATP6V1G2,0.47551020408163264,0.07551020408163266,2.76734693877551
ATP6V1G3,0.6530612244897959,0.014285714285714285,3.279591836734694
ATP6V1H,0.6,0.044897959183673466,3.3918367346938774
ATP7A,0.1469387755102041,0.38571428571428573,1.863265306122449
ATP7B,0.23877551020408164,0.2653061224489796,2.1285714285714286
ATP8A1,0.2795918367346939,0.23061224489795917,2.2816326530612243
ATP8B2,0.689795918367347,0.00816326530612245,3.5306122448979593
ATP8B4,0.4306122448979592,0.10408163265306122,2.646938775510204
ATPAF1,0.39387755102040817,0.10204081632653061,2.559183673469388
ATPAF2,0.2816326530612245,0.24081632653061225,2.2346938775510203
ATR,0.8326530612244898,0.018367346938775512,4.616326530612245
ATRIP,0.10612244897959183,0.3551020408163265,1.7836734693877552
ATRN,0.6183673469387755,0.026530612244897958,3.4081632653061225
ATRX,0.1469387755102041,0.38571428571428573,1.863265306122449
ATXN1,0.47959183673469385,0.07959183673469387,2.816326530612245
ATXN10,0.5326530612244897,0.07755102040816327,3.026530612244898
ATXN1L,0.3816326530612245,0.12448979591836734,2.546938775510204
ATXN2L,0.47959183673469385,0.06326530612244897,2.7653061224489797
ATXN3L,0.1306122448979592,0.44081632653061226,1.8448979591836734
ATXN7L3,0.5122448979591837,0.07346938775510205,2.9122448979591837
AUH,0.363265306122449,0.1510204081632653,2.5183673469387755
AUP1,0.6408163265306123,0.006122448979591836,3.410204081632653
AURKA,0.5693877551020409,0.04285714285714286,3.2122448979591836
AURKAIP1,0.34285714285714286,0.12653061224489795,2.4551020408163264
AURKB,0.26326530612244897,0.2653061224489796,2.179591836734694
AURKC,0.5285714285714286,0.0673469387755102,2.9612244897959186
AVIL,0.5346938775510204,0.030612244897959183,3.0061224489795917
AVP,0.6183673469387755,0.02857142857142857,3.4081632653061225
AVPR1A,0.5387755102040817,0.03469387755102041,3.0408163265306123
AVPR1B,0.6551020408163265,0.00816326530612245,3.306122448979592
AXIN1,0.42244897959183675,0.1326530612244898,2.5755102040816324
AXIN2,0.610204081632653,0.04693877551020408,3.1877551020408164
AXL,0.5142857142857142,0.06326530612244897,3.012244897959184
AZGP1,0.5918367346938775,0.036734693877551024,3.4612244897959186
AZI2,0.14285714285714285,0.336734693877551,1.8877551020408163
AZIN1,0.689795918367347,0.0163265306122449,3.710204081632653
AZIN2,0.3653061224489796,0.10612244897959183,2.4571428571428573
AZU1,0.3693877551020408,0.17142857142857143,2.426530612244898
B3GALNT1,0.8734693877551021,0.00816326530612245,5.373469387755102
B3GALNT2,0.6551020408163265,0.012244897959183673,3.3285714285714287
B3GALT1,0.5326530612244897,0.04693877551020408,2.9918367346938775
B3GALT2,0.6469387755102041,0.0163265306122449,3.283673469387755
B3GALT4,0.4673469387755102,0.07755102040816327,2.7244897959183674
B3GALT5,0.3,0.1816326530612245,2.3224489795918366
B3GALT6,0.34285714285714286,0.12653061224489795,2.4551020408163264
B3GAT1,0.4122448979591837,0.12244897959183673,2.585714285714286
B3GAT2,0.49387755102040815,0.05714285714285714,2.889795918367347
B3GAT3,0.48367346938775513,0.04285714285714286,2.76734693877551
B3GLCT,0.22653061224489796,0.24897959183673468,2.095918367346939
B3GNT2,0.6816326530612244,0.0020408163265306124,3.938775510204082
B3GNT3,0.46122448979591835,0.08979591836734693,2.7755102040816326
B3GNT4,0.5020408163265306,0.05510204081632653,2.816326530612245
B3GNT5,0.9061224489795918,0.0020408163265306124,7.444897959183673
B3GNT7,0.4020408163265306,0.10204081632653061,2.561224489795918
B3GNT8,0.5102040816326531,0.06326530612244897,2.9938775510204083
B3GNT9,0.39387755102040817,0.10816326530612246,2.6020408163265305
B4GALNT1,0.5326530612244897,0.0326530612244898,2.951020408163265
B4GALNT2,0.5571428571428572,0.044897959183673466,3.0653061224489795
B4GALT1,0.3795918367346939,0.19591836734693877,2.716326530612245
B4GALT2,0.4,0.09795918367346938,2.5877551020408163
B4GALT3,0.689795918367347,0.006122448979591836,3.626530612244898
B4GALT4,0.7653061224489796,0.030612244897959183,3.946938775510204
B4GALT5,0.5938775510204082,0.0326530612244898,3.306122448979592
B4GALT6,0.43673469387755104,0.09795918367346938,2.879591836734694
B4GALT7,0.21224489795918366,0.2653061224489796,2.0673469387755103
B4GAT1,0.5061224489795918,0.04693877551020408,2.906122448979592
B9D1,0.2897959183673469,0.23469387755102042,2.283673469387755
B9D2,0.5102040816326531,0.06326530612244897,2.9959183673469387
BAAT,0.37551020408163266,0.1510204081632653,2.557142857142857
BABAM1,0.45102040816326533,0.09591836734693877,2.736734693877551
BABAM2,0.6387755102040816,0.0163265306122449,3.3653061224489798
BACE1,0.4020408163265306,0.11224489795918367,2.5755102040816324
BACH1,0.3163265306122449,0.1653061224489796,2.377551020408163
BACH2,0.4714285714285714,0.08163265306122448,2.769387755102041
BAD,0.49183673469387756,0.044897959183673466,2.793877551020408
BAG3,0.32857142857142857,0.14285714285714285,2.3755102040816327
BAG4,0.536734693877551,0.11020408163265306,4.263265306122449
BAG5,0.463265306122449,0.11020408163265306,2.8285714285714287
BAG6,0.47551020408163264,0.07346938775510205,2.769387755102041
BAHD1,0.38571428571428573,0.11836734693877551,2.5387755102040814
BAIAP2,0.5857142857142857,0.05714285714285714,3.120408163265306
BAIAP2L1,0.5959183673469388,0.030612244897959183,3.4816326530612245
BAK1,0.46530612244897956,0.08163265306122448,2.704081632653061
BAMBI,0.38571428571428573,0.1326530612244898,2.6163265306122447
BANF1,0.5040816326530613,0.044897959183673466,2.86734693877551
BANF2,0.6081632653061224,0.030612244897959183,3.3816326530612244
BANP,0.35306122448979593,0.14489795918367346,2.4591836734693877
BAP1,0.10612244897959183,0.36122448979591837,1.7775510204081633
BARD1,0.4163265306122449,0.10816326530612246,2.595918367346939
BARX1,0.3673469387755102,0.15306122448979592,2.510204081632653
BATF,0.4163265306122449,0.12653061224489795,2.6653061224489796
BATF2,0.5,0.04693877551020408,2.8387755102040817
BATF3,0.6510204081632653,0.01020408163265306,3.3122448979591836
BAX,0.48775510204081635,0.07346938775510205,2.8142857142857145
BAZ1A,0.44693877551020406,0.12448979591836734,2.816326530612245
BAZ1B,0.5673469387755102,0.036734693877551024,3.2489795918367346
BAZ2A,0.5285714285714286,0.0326530612244898,2.938775510204082
BBC3,0.4816326530612245,0.08163265306122448,2.789795918367347
BBIP1,0.3122448979591837,0.16326530612244897,2.3183673469387753
BBOX1,0.42448979591836733,0.10816326530612246,2.6387755102040815
BBS1,0.5122448979591837,0.044897959183673466,2.9346938775510205
BBS12,0.23673469387755103,0.18979591836734694,2.1816326530612247
BBS2,0.3877551020408163,0.1306122448979592,2.5653061224489795
BBS4,0.4673469387755102,0.07346938775510205,2.820408163265306
BBS5,0.5346938775510204,0.044897959183673466,3.0
BBS7,0.23877551020408164,0.18979591836734694,2.1857142857142855
BBS9,0.5714285714285714,0.04897959183673469,3.2285714285714286
BCAN,0.6816326530612244,0.00816326530612245,3.4673469387755103
BCAP31,0.18775510204081633,0.336734693877551,1.9877551020408164
BCAR1,0.3693877551020408,0.12653061224489795,2.5775510204081633
BCAS2,0.29183673469387755,0.1653061224489796,2.3020408163265307
BCAS3,0.6020408163265306,0.04693877551020408,3.13265306122449
BCAS4,0.5918367346938775,0.030612244897959183,3.3244897959183675
BCAT1,0.6122448979591837,0.02040816326530612,3.706122448979592
BCAT2,0.48775510204081635,0.07551020408163266,2.8102040816326532
BCCIP,0.3326530612244898,0.1510204081632653,2.4020408163265308
BCHE,0.8979591836734694,0.004081632653061225,5.977551020408163
BCKDHA,0.5102040816326531,0.06326530612244897,2.9938775510204083
BCKDHB,0.47551020408163264,0.0673469387755102,2.816326530612245
BCKDK,0.47959183673469385,0.06326530612244897,2.7653061224489797
BCL11A,0.689795918367347,0.0020408163265306124,4.03265306122449
BCL11B,0.4673469387755102,0.10408163265306122,2.916326530612245
BCL2,0.3673469387755102,0.16122448979591836,2.479591836734694
BCL2A1,0.4857142857142857,0.0673469387755102,2.804081632653061
BCL2L1,0.6551020408163265,0.01020408163265306,3.726530612244898
BCL2L10,0.43673469387755104,0.11020408163265306,2.6448979591836737
BCL2L11,0.5755102040816327,0.024489795918367346,3.0673469387755103
BCL2L13,0.5530612244897959,0.07755102040816327,3.110204081632653
BCL2L14,0.6020408163265306,0.018367346938775512,3.5040816326530613
BCL3,0.5102040816326531,0.05714285714285714,2.940816326530612
BCL6,0.889795918367347,0.012244897959183673,6.030612244897959
BCL9,0.6795918367346939,0.00816326530612245,3.477551020408163
BCL9L,0.41020408163265304,0.11020408163265306,2.589795918367347
BCLAF1,0.46938775510204084,0.0836734693877551,2.7244897959183674
BCO1,0.363265306122449,0.14285714285714285,2.4959183673469387
BCOR,0.1346938775510204,0.44285714285714284,1.7918367346938775
BCORL1,0.16122448979591836,0.35306122448979593,1.920408163265306
BCR,0.5857142857142857,0.05918367346938776,3.2755102040816326
BCS1L,0.4122448979591837,0.10612244897959183,2.6061224489795918
BDH1,0.8795918367346939,0.012244897959183673,5.689795918367347
BDH2,0.2571428571428571,0.19183673469387755,2.1979591836734693
BDKRB1,0.45714285714285713,0.10816326530612246,2.804081632653061
BDKRB2,0.45714285714285713,0.10816326530612246,2.8020408163265307
BDNF,0.42857142857142855,0.10408163265306122,2.6510204081632653
BDP1,0.15510204081632653,0.3020408163265306,1.9387755102040816
BECN1,0.5020408163265306,0.08571428571428572,2.8591836734693876
BEST2,0.4122448979591837,0.10816326530612246,2.6775510204081634
BET1,0.6061224489795919,0.024489795918367346,3.516326530612245
BET1L,0.3346938775510204,0.18571428571428572,2.340816326530612
BEX1,0.17551020408163265,0.3673469387755102,1.9816326530612245
BEX2,0.17346938775510204,0.3693877551020408,1.973469387755102
BEX3,0.17346938775510204,0.3693877551020408,1.973469387755102
BFSP1,0.6040816326530613,0.02857142857142857,3.3836734693877553
BFSP2,0.7877551020408163,0.024489795918367346,4.09795918367347
BGLAP,0.6795918367346939,0.00816326530612245,3.4551020408163264
BGN,0.18571428571428572,0.336734693877551,1.9877551020408164
BHLHE40,0.1673469387755102,0.31020408163265306,1.9816326530612245
BHLHE41,0.6142857142857143,0.02040816326530612,3.6551020408163266
BHMT,0.15306122448979592,0.3040816326530612,1.9285714285714286
BHMT2,0.15306122448979592,0.3040816326530612,1.9285714285714286
BICD2,0.3673469387755102,0.1510204081632653,2.520408163265306
BID,0.5612244897959183,0.07346938775510205,3.1244897959183673
BIK,0.5510204081632653,0.07142857142857142,3.085714285714286
BIN1,0.5551020408163265,0.04081632653061224,3.0
BIN3,0.21836734693877552,0.32857142857142857,2.0326530612244897
BIRC2,0.4306122448979592,0.10612244897959183,2.763265306122449
BIRC3,0.4306122448979592,0.10612244897959183,2.763265306122449
BIRC5,0.5979591836734693,0.05510204081632653,3.173469387755102
BIRC7,0.5816326530612245,0.04693877551020408,3.236734693877551
BLK,0.22857142857142856,0.3306122448979592,2.0408163265306123
BLM,0.5244897959183673,0.04897959183673469,2.973469387755102
BLMH,0.4857142857142857,0.1,2.8244897959183675
BLNK,0.29591836734693877,0.17346938775510204,2.273469387755102
BLOC1S1,0.5244897959183673,0.0326530612244898,2.9285714285714284
BLOC1S2,0.3020408163265306,0.17142857142857143,2.2918367346938777
BLOC1S3,0.5020408163265306,0.05918367346938776,2.9224489795918367
BLOC1S4,0.2714285714285714,0.23265306122448978,2.2183673469387757
BLOC1S5,0.48367346938775513,0.08571428571428572,2.789795918367347
BLOC1S6,0.41020408163265304,0.11428571428571428,2.6142857142857143
BLVRA,0.5673469387755102,0.04693877551020408,3.242857142857143
BLVRB,0.5489795918367347,0.061224489795918366,3.4938775510204083
BLZF1,0.6816326530612244,0.00816326530612245,3.4938775510204083
BMF,0.3836734693877551,0.11836734693877551,2.536734693877551
BMI1,0.373469387755102,0.15510204081632653,2.5387755102040814
BMP1,0.22448979591836735,0.32448979591836735,2.036734693877551
BMP10,0.6530612244897959,0.004081632653061225,3.512244897959184
BMP15,0.14489795918367346,0.42244897959183675,1.8775510204081634
BMP2,0.6081632653061224,0.030612244897959183,3.440816326530612
BMP4,0.41836734693877553,0.1306122448979592,2.669387755102041
BMP6,0.48367346938775513,0.08571428571428572,2.789795918367347
BMP7,0.5693877551020409,0.044897959183673466,3.23265306122449
BMPER,0.5673469387755102,0.05102040816326531,3.2285714285714286
BMPR1A,0.3020408163265306,0.17346938775510204,2.3020408163265307
BMPR1B,0.26326530612244897,0.18775510204081633,2.2122448979591836
BMPR2,0.5122448979591837,0.05918367346938776,2.979591836734694
BMS1,0.40408163265306124,0.12653061224489795,2.6122448979591835
BMX,0.1346938775510204,0.4326530612244898,1.8693877551020408
BNIP1,0.19591836734693877,0.2653061224489796,2.026530612244898
BNIP3,0.3326530612244898,0.15714285714285714,2.3816326530612244
BNIP3L,0.22244897959183674,0.32857142857142857,2.0408163265306123
BOC,0.7489795918367347,0.03469387755102041,3.8510204081632655
BOD1,0.19591836734693877,0.2693877551020408,2.020408163265306
BOK,0.40816326530612246,0.10612244897959183,2.595918367346939
BOLA1,0.6836734693877551,0.006122448979591836,3.548979591836735
BOLL,0.536734693877551,0.04693877551020408,3.0142857142857142
BOP1,0.7040816326530612,0.022448979591836733,3.789795918367347
BPI,0.6061224489795919,0.024489795918367346,3.3836734693877553
BPIFA1,0.636734693877551,0.014285714285714285,3.5816326530612246
BPIFB3,0.6387755102040816,0.012244897959183673,3.593877551020408
BPNT1,0.6591836734693878,0.012244897959183673,3.3469387755102042
BPTF,0.6204081632653061,0.04081632653061224,3.2244897959183674
BRAF,0.536734693877551,0.07142857142857142,3.110204081632653
BRAP,0.5142857142857142,0.05714285714285714,2.842857142857143
BRAT1,0.5918367346938775,0.03469387755102041,3.273469387755102
BRCA1,0.5040816326530613,0.0836734693877551,2.869387755102041
BRCA2,0.22448979591836735,0.2510204081632653,2.0877551020408163
BRCC3,0.19183673469387755,0.3346938775510204,2.010204081632653
BRD1,0.5265306122448979,0.08979591836734693,3.024489795918367
BRD3,0.373469387755102,0.1510204081632653,2.522448979591837
BRD4,0.44693877551020406,0.09795918367346938,2.8081632653061224
BRD7,0.3877551020408163,0.12857142857142856,2.5775510204081633
BRD8,0.18571428571428572,0.27755102040816326,2.0061224489795917
BRF2,0.5122448979591837,0.12448979591836734,3.938775510204082
BRI3,0.5938775510204082,0.0326530612244898,3.473469387755102
BRINP1,0.3836734693877551,0.14489795918367346,2.5428571428571427
BRIP1,0.6020408163265306,0.04693877551020408,3.1653061224489796
BRIX1,0.7755102040816326,0.02040816326530612,4.59795918367347
BRK1,0.15918367346938775,0.3040816326530612,1.9653061224489796
BRMS1,0.5061224489795918,0.04693877551020408,2.906122448979592
BRMS1L,0.44693877551020406,0.12653061224489795,2.904081632653061
BROX,0.6591836734693878,0.00816326530612245,3.3387755102040817
BRPF1,0.16326530612244897,0.3,1.9775510204081632
BRPF3,0.4714285714285714,0.07755102040816327,2.726530612244898
BRSK1,0.5346938775510204,0.06326530612244897,2.9591836734693877
BRWD1,0.3,0.17551020408163265,2.3346938775510204
BSCL2,0.4897959183673469,0.04081632653061224,2.7755102040816326
BSG,0.3693877551020408,0.17142857142857143,2.426530612244898
BSN,0.10408163265306122,0.35714285714285715,1.7755102040816326
BST1,0.25510204081632654,0.24693877551020407,2.193877551020408
BST2,0.45510204081632655,0.09387755102040816,2.757142857142857
BTAF1,0.3020408163265306,0.17959183673469387,2.283673469387755
BTBD1,0.5040816326530613,0.0673469387755102,2.8591836734693876
BTBD2,0.373469387755102,0.15918367346938775,2.446938775510204
BTBD6,0.463265306122449,0.11020408163265306,2.8489795918367347
BTC,0.35918367346938773,0.14285714285714285,2.622448979591837
BTD,0.1489795918367347,0.3224489795918367,1.920408163265306
BTF3,0.1510204081632653,0.3020408163265306,1.9306122448979592
BTG1,0.5102040816326531,0.04081632653061224,2.8857142857142857
BTG3,0.35918367346938773,0.16122448979591836,2.5714285714285716
BTK,0.16938775510204082,0.3653061224489796,1.9551020408163264
BTLA,0.746938775510204,0.036734693877551024,3.857142857142857
BTN1A1,0.463265306122449,0.07551020408163266,2.7387755102040816
BTN2A1,0.463265306122449,0.07551020408163266,2.7387755102040816
BTN3A1,0.463265306122449,0.07551020408163266,2.7387755102040816
BTN3A2,0.463265306122449,0.07551020408163266,2.7387755102040816
BTRC,0.3,0.17142857142857143,2.2755102040816326
BUB1,0.5775510204081633,0.024489795918367346,3.089795918367347
BUB1B,0.38571428571428573,0.11836734693877551,2.5387755102040814
BUB3,0.32653061224489793,0.14489795918367346,2.3836734693877553
BUD13,0.4,0.11224489795918367,2.5775510204081633
BUD31,0.5959183673469388,0.0326530612244898,3.5061224489795917
BYSL,0.49183673469387756,0.07142857142857142,2.830612244897959
BZW1,0.5285714285714286,0.053061224489795916,2.9979591836734696
C11ORF54,0.4346938775510204,0.10612244897959183,2.663265306122449
C15ORF48,0.40816326530612246,0.11428571428571428,2.6040816326530614
C1D,0.6591836734693878,0.004081632653061225,3.5551020408163265
C1GALT1,0.6040816326530613,0.03469387755102041,3.2857142857142856
C1GALT1C1,0.1673469387755102,0.3551020408163265,1.9448979591836735
C1QA,0.3183673469387755,0.14285714285714285,2.3755102040816327
C1QBP,0.2612244897959184,0.25510204081632654,2.179591836734694
C1QC,0.3183673469387755,0.14285714285714285,2.3755102040816327
C1S,0.6183673469387755,0.012244897959183673,3.5408163265306123
C2,0.47346938775510206,0.07346938775510205,2.757142857142857
C2CD2,0.2938775510204082,0.18775510204081633,2.2816326530612243
C2CD3,0.49387755102040815,0.07142857142857142,2.938775510204082
C2ORF49,0.5816326530612245,0.024489795918367346,3.0918367346938775
C3,0.40408163265306124,0.1326530612244898,2.561224489795918
C3AR1,0.6081632653061224,0.012244897959183673,3.510204081632653
C4A,0.4714285714285714,0.07346938775510205,2.746938775510204
C4B,0.4714285714285714,0.07346938775510205,2.746938775510204
C4BPA,0.6530612244897959,0.00816326530612245,3.306122448979592
C4BPB,0.6551020408163265,0.00816326530612245,3.3081632653061224
C5,0.37755102040816324,0.15510204081632653,2.524489795918367
C5AR1,0.47959183673469385,0.08163265306122448,2.783673469387755
C6,0.7755102040816326,0.0163265306122449,4.587755102040816
C6ORF120,0.4530612244897959,0.09183673469387756,2.7244897959183674
C7,0.7755102040816326,0.0163265306122449,4.579591836734694
C8A,0.37551020408163266,0.1,2.5061224489795917
C8B,0.37551020408163266,0.1,2.5020408163265304
C9,0.7877551020408163,0.014285714285714285,4.606122448979592
C9ORF72,0.2795918367346939,0.30612244897959184,2.357142857142857
CA1,0.6387755102040816,0.024489795918367346,3.557142857142857
CA2,0.6387755102040816,0.026530612244897958,3.559183673469388
CA9,0.37551020408163266,0.2,2.783673469387755
CAB39,0.40408163265306124,0.1,2.5653061224489795
CAB39L,0.22653061224489796,0.27346938775510204,2.0816326530612246
CABIN1,0.5857142857142857,0.053061224489795916,3.263265306122449
CABLES1,0.4857142857142857,0.07142857142857142,3.0877551020408163
CABS1,0.3653061224489796,0.1489795918367347,2.642857142857143
CABYR,0.4714285714285714,0.07959183673469387,2.9285714285714284
CACNA1A,0.41836734693877553,0.10816326530612246,2.7081632653061223
CACNA1B,0.373469387755102,0.1510204081632653,2.5285714285714285
CACNA1C,0.6285714285714286,0.0163265306122449,3.5653061224489795
CACNA1D,0.10408163265306122,0.36122448979591837,1.7673469387755103
CACNA1E,0.6673469387755102,0.01020408163265306,3.379591836734694
CACNA1F,0.14285714285714285,0.4306122448979592,1.8244897959183672
CACNA1G,0.5714285714285714,0.04285714285714286,3.0979591836734692
CACNA1H,0.41836734693877553,0.12448979591836734,2.5714285714285716
CACNA1I,0.5510204081632653,0.06326530612244897,3.1387755102040815
CACNA1S,0.6571428571428571,0.01020408163265306,3.3020408163265307
CACNA2D1,0.573469387755102,0.04285714285714286,3.3346938775510204
CACNA2D2,0.10408163265306122,0.36122448979591837,1.7755102040816326
CACNB1,0.5,0.08775510204081632,2.9183673469387754
CACNB2,0.37755102040816324,0.15918367346938775,2.5326530612244897
CACNB3,0.5306122448979592,0.030612244897959183,2.9224489795918367
CACNB4,0.5265306122448979,0.05102040816326531,2.9183673469387754
CACNG1,0.6183673469387755,0.04285714285714286,3.206122448979592
CACNG2,0.5510204081632653,0.05918367346938776,3.1244897959183673
CACNG3,0.45918367346938777,0.07959183673469387,2.742857142857143
CACNG4,0.6183673469387755,0.04285714285714286,3.206122448979592
CACNG5,0.6183673469387755,0.04285714285714286,3.204081632653061
CACNG6,0.5224489795918368,0.0653061224489796,2.936734693877551
CACNG7,0.5224489795918368,0.0653061224489796,2.936734693877551
CACTIN,0.3795918367346939,0.15306122448979592,2.4489795918367347
CACYBP,0.6755102040816326,0.01020408163265306,3.4224489795918367
CAD,0.6448979591836734,0.014285714285714285,3.377551020408163
CADM1,0.4020408163265306,0.11224489795918367,2.5775510204081633
CADM3,0.6877551020408164,0.00816326530612245,3.512244897959184
CADPS,0.11020408163265306,0.35918367346938773,1.8061224489795917
CALCA,0.39387755102040817,0.1326530612244898,2.583673469387755
CALCOCO1,0.5285714285714286,0.0326530612244898,2.9285714285714284
CALCOCO2,0.5551020408163265,0.044897959183673466,3.061224489795918
CALCRL,0.5489795918367347,0.04693877551020408,3.0551020408163265
CALD1,0.5306122448979592,0.07551020408163266,3.0510204081632653
CALM1,0.4489795918367347,0.11632653061224489,2.753061224489796
CALM2,0.6673469387755102,0.0163265306122449,3.6346938775510202
CALM3,0.48367346938775513,0.07959183673469387,2.8183673469387753
CALML5,0.3795918367346939,0.15306122448979592,2.5501022494887526
CALML6,0.34285714285714286,0.12653061224489795,2.4551020408163264
CALR,0.4122448979591837,0.10816326530612246,2.6755102040816325
CALR3,0.44693877551020406,0.09591836734693877,2.7551020408163267
CALU,0.5326530612244897,0.07551020408163266,3.0693877551020408
CALY,0.3448979591836735,0.15714285714285714,2.410204081632653
CAMK1,0.16326530612244897,0.3,1.9775510204081632
CAMK1D,0.37755102040816324,0.1510204081632653,2.5326530612244897
CAMK1G,0.6530612244897959,0.00816326530612245,3.3346938775510204
CAMK2A,0.1816326530612245,0.27346938775510204,2.0020408163265304
CAMK2B,0.5673469387755102,0.044897959183673466,3.2448979591836733
CAMK2D,0.23469387755102042,0.1816326530612245,2.1897959183673468
CAMK2G,0.36122448979591837,0.14489795918367346,2.451020408163265
CAMK2N2,0.9020408163265307,0.0020408163265306124,6.612244897959184
CAMK4,0.15714285714285714,0.3020408163265306,1.9285714285714286
CAMKK1,0.2693877551020408,0.2510204081632653,2.2
CAMKK2,0.49795918367346936,0.05714285714285714,2.8142857142857145
CAMKMT,0.6551020408163265,0.02040816326530612,3.463265306122449
CAMLG,0.1673469387755102,0.2836734693877551,1.9653061224489796
CAMP,0.10612244897959183,0.3551020408163265,1.7877551020408162
CAMSAP1,0.37142857142857144,0.14489795918367346,2.524489795918367
CAMSAP3,0.40408163265306124,0.12857142857142856,2.5714285714285716
CAND1,0.5551020408163265,0.026530612244897958,3.289795918367347
CAND2,0.1489795918367347,0.3122448979591837,1.9306122448979592
CANT1,0.5959183673469388,0.05510204081632653,3.1653061224489796
CANX,0.20816326530612245,0.2612244897959184,2.0693877551020408
CAP1,0.39591836734693875,0.09795918367346938,2.742857142857143
CAP2,0.48367346938775513,0.07551020408163266,2.836734693877551
CAPG,0.6408163265306123,0.012244897959183673,3.2918367346938777
CAPN1,0.49795918367346936,0.04897959183673469,2.83265306122449
CAPN10,0.4061224489795918,0.10408163265306122,2.5918367346938775
CAPN11,0.4959183673469388,0.0653061224489796,2.9020408163265308
CAPN2,0.6612244897959184,0.00816326530612245,3.340816326530612
CAPN3,0.39183673469387753,0.11428571428571428,2.5551020408163265
CAPN6,0.17551020408163265,0.3551020408163265,1.9836734693877551
CAPN7,0.1489795918367347,0.3224489795918367,1.920408163265306
CAPN8,0.6612244897959184,0.00816326530612245,3.340816326530612
CAPNS1,0.6040816326530613,0.044897959183673466,3.520408163265306
CAPNS2,0.38571428571428573,0.1326530612244898,2.573469387755102
CAPRIN1,0.4530612244897959,0.09591836734693877,2.7285714285714286
CAPZA1,0.28775510204081634,0.17551020408163265,2.273469387755102
CAPZA2,0.5571428571428572,0.06326530612244897,3.246938775510204
CAPZA3,0.6081632653061224,0.0163265306122449,3.6
CAPZB,0.3142857142857143,0.13877551020408163,2.3510204081632655
CARD10,0.5530612244897959,0.05714285714285714,3.126530612244898
CARD11,0.5938775510204082,0.0326530612244898,3.2775510204081635
CARD14,0.5918367346938775,0.05714285714285714,3.1551020408163266
CARD6,0.7755102040816326,0.0163265306122449,4.569387755102041
CARD8,0.48775510204081635,0.07755102040816327,2.8081632653061224
CARD9,0.37142857142857144,0.1469387755102041,2.524489795918367
CARF,0.5102040816326531,0.05918367346938776,2.9693877551020407
CARM1,0.41020408163265304,0.10816326530612246,2.646938775510204
CARMIL1,0.4673469387755102,0.07959183673469387,2.757142857142857
CARS2,0.3346938775510204,0.21428571428571427,2.4285714285714284
CARTPT,0.15714285714285714,0.3020408163265306,1.9448979591836735
CASC3,0.5122448979591837,0.08571428571428572,2.975510204081633
CASK,0.1326530612244898,0.45102040816326533,1.7755102040816326
CASP1,0.42244897959183675,0.10816326530612246,2.6714285714285713
CASP10,0.5244897959183673,0.05510204081632653,2.9816326530612245
CASP14,0.4448979591836735,0.1,2.7918367346938777
CASP2,0.5387755102040817,0.07551020408163266,3.0918367346938775
CASP3,0.21224489795918366,0.2816326530612245,2.0775510204081633
CASP4,0.42244897959183675,0.11020408163265306,2.669387755102041
CASP6,0.24897959183673468,0.18571428571428572,2.206122448979592
CASP7,0.3163265306122449,0.15918367346938775,2.3387755102040817
CASP8,0.5183673469387755,0.05714285714285714,2.938775510204082
CASP9,0.3306122448979592,0.13877551020408163,2.3938775510204082
CASQ2,0.2857142857142857,0.17346938775510204,2.2918367346938777
CASR,0.7755102040816326,0.022448979591836733,3.9591836734693877
CASZ1,0.3326530612244898,0.14489795918367346,2.373469387755102
CAT,0.45918367346938777,0.09387755102040816,2.746938775510204
CATSPER1,0.5040816326530613,0.04693877551020408,2.8653061224489798
CATSPER2,0.40408163265306124,0.11632653061224489,2.5755102040816324
CATSPER4,0.3142857142857143,0.1489795918367347,2.330612244897959
CAV1,0.5591836734693878,0.06326530612244897,3.2510204081632654
CAV2,0.5612244897959183,0.06326530612244897,3.2918367346938777
CAV3,0.16122448979591836,0.30612244897959184,1.9755102040816326
CAVIN1,0.5040816326530613,0.08775510204081632,2.8469387755102042
CAVIN2,0.5530612244897959,0.04285714285714286,3.046938775510204
CBFA2T2,0.636734693877551,0.014285714285714285,3.5183673469387755
CBFA2T3,0.35714285714285715,0.14489795918367346,2.4673469387755103
CBL,0.40816326530612246,0.11020408163265306,2.5877551020408163
CBLIF,0.48367346938775513,0.04897959183673469,2.7714285714285714
CBLL1,0.5653061224489796,0.04897959183673469,3.3183673469387753
CBLN1,0.38571428571428573,0.1306122448979592,2.5693877551020408
CBR1,0.31020408163265306,0.17346938775510204,2.342857142857143
CBR3,0.31020408163265306,0.17346938775510204,2.342857142857143
CBR4,0.20408163265306123,0.2510204081632653,2.073469387755102
CBS,0.28775510204081634,0.1816326530612245,2.289795918367347
CBX1,0.5530612244897959,0.04897959183673469,3.0448979591836736
CBX2,0.5877551020408164,0.05714285714285714,3.1489795918367345
CBX3,0.5693877551020409,0.04081632653061224,3.23265306122449
CBX4,0.5877551020408164,0.05714285714285714,3.1489795918367345
CBX5,0.5285714285714286,0.03469387755102041,2.9285714285714284
CBX6,0.5551020408163265,0.05918367346938776,3.1489795918367345
CBX7,0.5551020408163265,0.05918367346938776,3.1530612244897958
CBX8,0.5877551020408164,0.05714285714285714,3.1489795918367345
CC2D1A,0.42857142857142855,0.10408163265306122,2.763265306122449
CC2D2A,0.25510204081632654,0.24693877551020407,2.1816326530612247
CCAR1,0.35306122448979593,0.14285714285714285,2.4326530612244897
CCAR2,0.22040816326530613,0.32653061224489793,2.0408163265306123
CCDC106,0.5387755102040817,0.061224489795918366,2.9959183673469387
CCDC115,0.5489795918367347,0.04693877551020408,2.9693877551020407
CCDC136,0.5346938775510204,0.07346938775510205,3.0755102040816324
CCDC181,0.6816326530612244,0.00816326530612245,3.4918367346938775
CCDC40,0.5897959183673469,0.05714285714285714,3.1510204081632653
CCDC59,0.5061224489795918,0.03877551020408163,2.8918367346938774
CCDC6,0.3489795918367347,0.14285714285714285,2.4346938775510205
CCDC62,0.5040816326530613,0.05510204081632653,2.816326530612245
CCDC8,0.48775510204081635,0.07551020408163266,2.8285714285714287
CCDC86,0.48367346938775513,0.04285714285714286,2.769387755102041
CCDC88A,0.6755102040816326,0.00816326530612245,3.6755102040816325
CCDC88C,0.44693877551020406,0.11836734693877551,2.7489795918367346
CCDC91,0.6081632653061224,0.022448979591836733,3.5428571428571427
CCIN,0.3653061224489796,0.20816326530612245,2.73265306122449
CCK,0.12448979591836734,0.34285714285714286,1.8326530612244898
CCKAR,0.25510204081632654,0.24693877551020407,2.242857142857143
CCKBR,0.33877551020408164,0.1653061224489796,2.3653061224489798
CCL1,0.4959183673469388,0.09183673469387756,2.836734693877551
CCL11,0.4959183673469388,0.08979591836734693,2.8448979591836734
CCL13,0.4959183673469388,0.09183673469387756,2.836734693877551
CCL15,0.49387755102040815,0.09183673469387756,2.816326530612245
CCL16,0.49387755102040815,0.09183673469387756,2.8183673469387753
CCL17,0.39183673469387753,0.12857142857142856,2.5755102040816324
CCL18,0.49183673469387756,0.09387755102040816,2.8122448979591836
CCL19,0.37755102040816324,0.19387755102040816,2.730612244897959
CCL2,0.49387755102040815,0.08979591836734693,2.842857142857143
CCL20,0.3979591836734694,0.1,2.557142857142857
CCL21,0.37755102040816324,0.19387755102040816,2.730612244897959
CCL22,0.39183673469387753,0.12857142857142856,2.5755102040816324
CCL24,0.5755102040816327,0.03877551020408163,3.242857142857143
CCL25,0.4061224489795918,0.12653061224489795,2.5918367346938775
CCL26,0.5755102040816327,0.03877551020408163,3.240816326530612
CCL27,0.37755102040816324,0.19387755102040816,2.730612244897959
CCL28,0.7714285714285715,0.018367346938775512,4.553061224489796
CCL3,0.49183673469387756,0.09387755102040816,2.8122448979591836
CCL4,0.49183673469387756,0.09387755102040816,2.8122448979591836
CCL4L2,0.49183673469387756,0.09387755102040816,2.8142857142857145
CCL7,0.49387755102040815,0.08979591836734693,2.842857142857143
CCL8,0.4959183673469388,0.09183673469387756,2.836734693877551
CCM2,0.5653061224489796,0.04693877551020408,3.230612244897959
CCN1,0.3469387755102041,0.11020408163265306,2.4612244897959186
CCN2,0.463265306122449,0.08163265306122448,2.730612244897959
CCNA1,0.2163265306122449,0.25918367346938775,2.0755102040816324
CCNA2,0.23877551020408164,0.18979591836734694,2.1857142857142855
CCNB1,0.16122448979591836,0.3020408163265306,1.9510204081632654
CCNB2,0.4530612244897959,0.09591836734693877,2.6897959183673468
CCNB3,0.14285714285714285,0.42857142857142855,1.8775510204081634
CCNC,0.4448979591836735,0.09387755102040816,2.673469387755102
CCND1,0.573469387755102,0.04285714285714286,4.961224489795918
CCND2,0.6204081632653061,0.014285714285714285,3.5448979591836736
CCND3,0.49183673469387756,0.06938775510204082,2.9857142857142858
CCNDBP1,0.4020408163265306,0.11632653061224489,2.5673469387755103
CCNE1,0.5816326530612245,0.036734693877551024,3.704081632653061
CCNE2,0.6714285714285714,0.0163265306122449,3.6183673469387756
CCNF,0.4204081632653061,0.12448979591836734,2.563265306122449
CCNG1,0.1816326530612245,0.2673469387755102,2.010204081632653
CCNH,0.14489795918367346,0.3081632653061224,1.9040816326530612
CCNL1,0.863265306122449,0.01020408163265306,5.148979591836735
CCNL2,0.34285714285714286,0.12653061224489795,2.4551020408163264
CCNO,0.19591836734693877,0.2857142857142857,2.163265306122449
CCNT1,0.5306122448979592,0.030612244897959183,2.9244897959183676
CCNT2,0.5346938775510204,0.04897959183673469,2.9285714285714284
CCNY,0.40408163265306124,0.12653061224489795,2.659183673469388
CCP110,0.44285714285714284,0.09591836734693877,2.663265306122449
CCR1,0.11836734693877551,0.3510204081632653,1.810204081632653
CCR10,0.5040816326530613,0.08571428571428572,2.8489795918367347
CCR3,0.11836734693877551,0.3510204081632653,1.810204081632653
CCR4,0.1469387755102041,0.3326530612244898,1.9061224489795918
CCR5,0.11836734693877551,0.3510204081632653,1.810204081632653
CCR6,0.4448979591836735,0.08979591836734693,2.6877551020408164
CCR7,0.5163265306122449,0.0836734693877551,2.940816326530612
CCR8,0.1346938775510204,0.33877551020408164,1.8755102040816327
CCR9,0.11632653061224489,0.3489795918367347,1.8061224489795917
CCRL2,0.11836734693877551,0.3510204081632653,1.810204081632653
CCS,0.5142857142857142,0.04285714285714286,2.9326530612244897
CCT2,0.5510204081632653,0.024489795918367346,3.306122448979592
CCT3,0.6795918367346939,0.00816326530612245,3.4551020408163264
CCT4,0.6836734693877551,0.0020408163265306124,3.9244897959183676
CCT5,0.7959183673469388,0.014285714285714285,4.751020408163265
CCT6A,0.5897959183673469,0.036734693877551024,3.8
CCT6B,0.49387755102040815,0.09591836734693877,2.8387755102040817
CCT7,0.6387755102040816,0.01020408163265306,3.3979591836734695
CCT8,0.3183673469387755,0.1673469387755102,2.379591836734694
CCZ1,0.6040816326530613,0.0326530612244898,3.279591836734694
CD101,0.28775510204081634,0.17551020408163265,2.306122448979592
CD109,0.48367346938775513,0.0673469387755102,2.842857142857143
CD14,0.18571428571428572,0.2714285714285714,2.0040816326530613
CD151,0.3326530612244898,0.18979591836734694,2.3244897959183675
CD160,0.6775510204081633,0.00816326530612245,3.473469387755102
CD163,0.6122448979591837,0.012244897959183673,3.526530612244898
CD177,0.5081632653061224,0.061224489795918366,2.9612244897959186
CD180,0.1510204081632653,0.3040816326530612,1.953061224489796
CD19,0.47959183673469385,0.06326530612244897,2.7653061224489797
CD1A,0.6877551020408164,0.00816326530612245,3.489795918367347
CD1B,0.6877551020408164,0.00816326530612245,3.489795918367347
CD1C,0.6877551020408164,0.00816326530612245,3.489795918367347
CD1D,0.6836734693877551,0.00816326530612245,3.4816326530612245
CD1E,0.6877551020408164,0.00816326530612245,3.489795918367347
CD2,0.28775510204081634,0.17346938775510204,2.3081632653061224
CD200,0.7489795918367347,0.036734693877551024,3.8591836734693876
CD200R1,0.746938775510204,0.03469387755102041,3.8591836734693876
CD207,0.6428571428571429,0.006122448979591836,3.436734693877551
CD209,0.4061224489795918,0.12857142857142856,2.5795918367346937
CD22,0.6061224489795919,0.04285714285714286,3.5040816326530613
CD226,0.35918367346938773,0.1673469387755102,2.436734693877551
CD24,0.4448979591836735,0.09183673469387756,2.8591836734693876
CD244,0.689795918367347,0.006122448979591836,3.630612244897959
CD247,0.6795918367346939,0.006122448979591836,3.5183673469387755
CD248,0.5061224489795918,0.04693877551020408,2.906122448979592
CD27,0.6224489795918368,0.014285714285714285,3.561224489795918
CD274,0.2857142857142857,0.28775510204081634,2.3857142857142857
CD28,0.5040816326530613,0.06326530612244897,2.9204081632653063
CD2AP,0.5122448979591837,0.05714285714285714,3.0020408163265304
CD2BP2,0.47959183673469385,0.061224489795918366,2.7653061224489797
CD300A,0.610204081632653,0.04897959183673469,3.2
CD300E,0.610204081632653,0.04897959183673469,3.1979591836734693
CD300LB,0.610204081632653,0.04897959183673469,3.2
CD300LF,0.610204081632653,0.04897959183673469,3.2
CD33,0.5061224489795918,0.06938775510204082,2.8714285714285714
CD34,0.6530612244897959,0.00816326530612245,3.3102040816326532
CD36,0.5755102040816327,0.04285714285714286,3.340816326530612
CD38,0.25510204081632654,0.24693877551020407,2.193877551020408
CD3D,0.41020408163265304,0.11020408163265306,2.5918367346938775
CD3E,0.41020408163265304,0.11020408163265306,2.5918367346938775
CD3G,0.41020408163265304,0.11020408163265306,2.5918367346938775
CD4,0.6224489795918368,0.012244897959183673,3.5551020408163265
CD40,0.5897959183673469,0.03469387755102041,3.3081632653061224
CD40LG,0.1673469387755102,0.3510204081632653,1.9244897959183673
CD44,0.45714285714285713,0.09183673469387756,2.8244897959183675
CD46,0.6530612244897959,0.00816326530612245,3.3102040816326532
CD47,0.7387755102040816,0.0326530612244898,3.8224489795918366
CD48,0.689795918367347,0.006122448979591836,3.622448979591837
CD5,0.48367346938775513,0.04285714285714286,2.773469387755102
CD53,0.2938775510204082,0.1653061224489796,2.2918367346938777
CD55,0.6530612244897959,0.00816326530612245,3.3
CD58,0.2857142857142857,0.17755102040816326,2.3
CD59,0.4530612244897959,0.1,2.7285714285714286
CD6,0.48367346938775513,0.04285714285714286,2.773469387755102
CD63,0.5244897959183673,0.0326530612244898,2.926530612244898
CD68,0.25918367346938775,0.2612244897959184,2.16734693877551
CD69,0.6081632653061224,0.014285714285714285,3.5183673469387755
CD7,0.573469387755102,0.07755102040816327,3.0714285714285716
CD70,0.4061224489795918,0.1326530612244898,2.557142857142857
CD72,0.37551020408163266,0.20204081632653062,2.773469387755102
CD74,0.1836734693877551,0.27346938775510204,2.0040816326530613
CD79A,0.5081632653061224,0.06326530612244897,2.9959183673469387
CD79B,0.6122448979591837,0.04693877551020408,3.193877551020408
CD80,0.7653061224489796,0.02857142857142857,3.9551020408163264
CD81,0.32857142857142857,0.18775510204081633,2.320408163265306
CD83,0.47346938775510206,0.0836734693877551,2.806122448979592
CD86,0.773469387755102,0.022448979591836733,3.9571428571428573
CD8A,0.6326530612244898,0.0163265306122449,3.2551020408163267
CD8B,0.6326530612244898,0.0163265306122449,3.2551020408163267
CD9,0.6183673469387755,0.014285714285714285,3.557142857142857
CD93,0.6020408163265306,0.03877551020408163,3.3918367346938774
CD96,0.7510204081632653,0.036734693877551024,3.8469387755102042
CD99,0.3448979591836735,0.23265306122448978,2.4979591836734696
CDA,0.3122448979591837,0.13877551020408163,2.3448979591836734
CDC14A,0.3142857142857143,0.12857142857142856,2.373469387755102
CDC14B,0.373469387755102,0.1510204081632653,2.524489795918367
CDC16,0.336734693877551,0.22040816326530613,2.440816326530612
CDC20,0.4020408163265306,0.09795918367346938,2.6020408163265305
CDC23,0.18571428571428572,0.27755102040816326,2.0061224489795917
CDC25A,0.10612244897959183,0.3551020408163265,1.7877551020408162
CDC25B,0.6183673469387755,0.026530612244897958,3.416326530612245
CDC25C,0.18571428571428572,0.27755102040816326,2.0040816326530613
CDC26,0.37142857142857144,0.15714285714285714,2.512244897959184
CDC27,0.5489795918367347,0.05510204081632653,3.020408163265306
CDC34,0.3693877551020408,0.17142857142857143,2.426530612244898
CDC37,0.41020408163265304,0.10816326530612246,2.6408163265306124
CDC37L1,0.2714285714285714,0.29183673469387755,2.3020408163265307
CDC40,0.4448979591836735,0.09795918367346938,2.6897959183673468
CDC42,0.3142857142857143,0.14081632653061224,2.3836734693877553
CDC42BPA,0.6571428571428571,0.012244897959183673,3.3224489795918366
CDC42BPB,0.45918367346938777,0.10816326530612246,2.826530612244898
CDC42EP2,0.49795918367346936,0.04897959183673469,2.8387755102040817
CDC42EP3,0.6408163265306123,0.02040816326530612,3.357142857142857
CDC42EP5,0.5265306122448979,0.06326530612244897,2.946938775510204
CDC45,0.5755102040816327,0.05510204081632653,3.2775510204081635
CDC5L,0.49387755102040815,0.0653061224489796,2.8857142857142857
CDC6,0.5122448979591837,0.08571428571428572,2.977551020408163
CDC7,0.34285714285714286,0.11632653061224489,2.4571428571428573
CDC73,0.6469387755102041,0.0163265306122449,3.283673469387755
CDCA2,0.22857142857142856,0.3224489795918367,2.0551020408163265
CDCA5,0.5,0.04693877551020408,2.8387755102040817
CDCA7,0.5530612244897959,0.036734693877551024,3.1285714285714286
CDCA8,0.3795918367346939,0.1,2.6183673469387756
CDCP1,0.11836734693877551,0.3489795918367347,1.8081632653061224
CDH1,0.39183673469387753,0.11224489795918367,2.5918367346938775
CDH10,0.7959183673469388,0.018367346938775512,4.783673469387755
CDH11,0.40816326530612246,0.11224489795918367,2.620408163265306
CDH12,0.8020408163265306,0.012244897959183673,4.785714285714286
CDH13,0.35918367346938773,0.1489795918367347,2.489795918367347
CDH15,0.363265306122449,0.14081632653061224,2.4857142857142858
CDH17,0.6653061224489796,0.018367346938775512,3.6020408163265305
CDH18,0.8020408163265306,0.01020408163265306,4.773469387755102
CDH2,0.44285714285714284,0.09795918367346938,2.8816326530612244
CDH23,0.35306122448979593,0.1469387755102041,2.436734693877551
CDH24,0.42857142857142855,0.12857142857142856,2.742857142857143
CDH3,0.39183673469387753,0.11020408163265306,2.593877551020408
CDH4,0.5795918367346938,0.04693877551020408,3.2244897959183674
CDH5,0.39387755102040817,0.11020408163265306,2.6020408163265305
CDH6,0.7857142857142857,0.018367346938775512,4.646938775510204
CDH7,0.3693877551020408,0.16122448979591836,2.4857142857142858
CDH8,0.4020408163265306,0.11428571428571428,2.6020408163265305
CDH9,0.7959183673469388,0.018367346938775512,4.738775510204082
CDHR1,0.30612244897959184,0.1653061224489796,2.3081632653061224
CDHR2,0.20612244897959184,0.2673469387755102,2.046938775510204
CDHR5,0.3346938775510204,0.18775510204081633,2.33265306122449
CDIPT,0.4775510204081633,0.0653061224489796,2.753061224489796
CDK1,0.3489795918367347,0.14285714285714285,2.451020408163265
CDK11A,0.34285714285714286,0.12653061224489795,2.4551020408163264
CDK11B,0.34285714285714286,0.12653061224489795,2.4551020408163264
CDK12,0.5081632653061224,0.08163265306122448,3.053061224489796
CDK13,0.5673469387755102,0.04897959183673469,3.179591836734694
CDK14,0.6,0.02857142857142857,3.526530612244898
CDK2,0.5244897959183673,0.0326530612244898,2.926530612244898
CDK20,0.35918367346938773,0.15714285714285714,2.5020408163265304
CDK2AP1,0.5040816326530613,0.05102040816326531,2.826530612244898
CDK4,0.5346938775510204,0.030612244897959183,2.9979591836734696
CDK5,0.5326530612244897,0.08775510204081632,3.0285714285714285
CDK5R1,0.49183673469387756,0.09387755102040816,2.8469387755102042
CDK5R2,0.40816326530612246,0.10612244897959183,2.6020408163265305
CDK5RAP2,0.3816326530612245,0.1510204081632653,2.5346938775510206
CDK6,0.6081632653061224,0.024489795918367346,3.7
CDK7,0.16122448979591836,0.3020408163265306,1.9510204081632654
CDK8,0.22448979591836735,0.2510204081632653,2.1040816326530614
CDK9,0.3653061224489796,0.15306122448979592,2.5040816326530613
CDKL5,0.13877551020408163,0.42857142857142855,1.8816326530612244
CDKN1A,0.4775510204081633,0.07755102040816327,2.7551020408163267
CDKN1B,0.6,0.018367346938775512,3.4653061224489794
CDKN1C,0.32857142857142857,0.1836734693877551,2.3244897959183675
CDKN2A,0.17551020408163265,0.47346938775510206,1.6510204081632653
CDKN2AIP,0.21020408163265306,0.2816326530612245,2.083673469387755
CDKN2B,0.17959183673469387,0.47346938775510206,1.6693877551020408
CDKN2C,0.3795918367346939,0.10408163265306122,2.4959183673469387
CDKN2D,0.40816326530612246,0.11020408163265306,2.6285714285714286
CDKN3,0.4204081632653061,0.1306122448979592,2.673469387755102
CDO1,0.15306122448979592,0.3,1.920408163265306
CDON,0.4142857142857143,0.11632653061224489,2.5877551020408163
CDS1,0.3,0.1816326530612245,2.316326530612245
CDS2,0.6183673469387755,0.0326530612244898,3.406122448979592
CDSN,0.47551020408163264,0.07346938775510205,2.783673469387755
CDT1,0.3551020408163265,0.14489795918367346,2.4653061224489794
CDX1,0.1836734693877551,0.27346938775510204,2.0040816326530613
CDX2,0.22040816326530613,0.2571428571428571,2.0918367346938775
CDX4,0.1489795918367347,0.39387755102040817,1.873469387755102
CDYL,0.48367346938775513,0.08571428571428572,2.763265306122449
CEACAM1,0.5020408163265306,0.06326530612244897,2.9591836734693877
CEACAM3,0.5081632653061224,0.06326530612244897,2.9959183673469387
CEACAM5,0.5081632653061224,0.06326530612244897,2.9959183673469387
CEACAM6,0.5081632653061224,0.06326530612244897,2.9979591836734696
CEACAM7,0.5081632653061224,0.06326530612244897,3.0061224489795917
CEACAM8,0.5,0.06326530612244897,2.9346938775510205
CEBPA,0.5857142857142857,0.03877551020408163,3.463265306122449
CEBPB,0.5959183673469388,0.030612244897959183,3.320408163265306
CEBPD,0.6040816326530613,0.03877551020408163,3.451020408163265
CEBPG,0.5877551020408164,0.03877551020408163,3.4244897959183676
CEBPZ,0.6428571428571429,0.02040816326530612,3.3510204081632655
CECR2,0.5510204081632653,0.07959183673469387,3.110204081632653
CELF1,0.48367346938775513,0.08571428571428572,2.753061224489796
CELF2,0.3795918367346939,0.15306122448979592,2.5387755102040814
CELSR1,0.5306122448979592,0.07755102040816327,3.0081632653061225
CELSR2,0.2938775510204082,0.15918367346938775,2.293877551020408
CENPA,0.6387755102040816,0.014285714285714285,3.357142857142857
CENPB,0.6183673469387755,0.026530612244897958,3.416326530612245
CENPC,0.36122448979591837,0.1489795918367347,2.5877551020408163
CENPE,0.2571428571428571,0.19183673469387755,2.1979591836734693
CENPF,0.6510204081632653,0.0163265306122449,3.316326530612245
CENPH,0.16122448979591836,0.3020408163265306,1.9510204081632654
CENPI,0.16938775510204082,0.3653061224489796,1.9489795918367347
CENPK,0.15510204081632653,0.2979591836734694,1.953061224489796
CENPL,0.6795918367346939,0.00816326530612245,3.438775510204082
CENPM,0.5571428571428572,0.0673469387755102,3.095918367346939
CENPN,0.36122448979591837,0.14285714285714285,2.4938775510204083
CENPO,0.6306122448979592,0.018367346938775512,3.3285714285714287
CENPP,0.3653061224489796,0.15306122448979592,2.512244897959184
CENPQ,0.5204081632653061,0.053061224489795916,3.0061224489795917
CENPS,0.3346938775510204,0.13877551020408163,2.3857142857142857
CENPT,0.39387755102040817,0.10816326530612246,2.6020408163265305
CENPU,0.21224489795918366,0.2816326530612245,2.0775510204081633
CENPW,0.46122448979591835,0.07959183673469387,2.8183673469387753
CENPX,0.5795918367346938,0.07142857142857142,3.0918367346938775
CEP120,0.15510204081632653,0.2897959183673469,1.9346938775510205
CEP131,0.5795918367346938,0.061224489795918366,3.1040816326530614
CEP135,0.4163265306122449,0.1306122448979592,3.020408163265306
CEP152,0.42244897959183675,0.10816326530612246,2.630612244897959
CEP162,0.48367346938775513,0.06938775510204082,2.8122448979591836
CEP164,0.4020408163265306,0.11224489795918367,2.5755102040816324
CEP170,0.6530612244897959,0.012244897959183673,3.3448979591836734
CEP192,0.5,0.0653061224489796,2.9122448979591837
CEP250,0.6265306122448979,0.014285714285714285,3.479591836734694
CEP290,0.5102040816326531,0.04081632653061224,2.8979591836734695
CEP295,0.4346938775510204,0.10612244897959183,2.663265306122449
CEP350,0.6653061224489796,0.012244897959183673,3.379591836734694
CEP41,0.5346938775510204,0.07142857142857142,3.0714285714285716
CEP55,0.3,0.17142857142857143,2.2918367346938777
CEP57,0.4306122448979592,0.10816326530612246,2.636734693877551
CEP70,0.8142857142857143,0.0163265306122449,4.351020408163265
CEP72,0.7938775510204081,0.018367346938775512,4.681632653061224
CEP76,0.5040816326530613,0.0653061224489796,2.9306122448979592
CEP78,0.34285714285714286,0.16326530612244897,2.4653061224489794
CEP89,0.5836734693877551,0.03877551020408163,3.4591836734693877
CEP97,0.7428571428571429,0.030612244897959183,3.816326530612245
CEPT1,0.2897959183673469,0.16938775510204082,2.279591836734694
CER1,0.25918367346938775,0.30612244897959184,2.3102040816326532
CERK,0.5326530612244897,0.07755102040816327,3.020408163265306
CERS2,0.6918367346938775,0.00816326530612245,3.573469387755102
CERS3,0.5510204081632653,0.053061224489795916,3.061224489795918
CERS4,0.4061224489795918,0.12653061224489795,2.5918367346938775
CERS5,0.5285714285714286,0.0326530612244898,2.9122448979591837
CERS6,0.5306122448979592,0.044897959183673466,2.979591836734694
CES1,0.38979591836734695,0.1326530612244898,2.5775510204081633
CES4A,0.39387755102040817,0.10816326530612246,2.6
CETN1,0.5163265306122449,0.06326530612244897,3.1142857142857143
CETN2,0.1836734693877551,0.3408163265306122,1.9795918367346939
CETN3,0.14489795918367346,0.3122448979591837,1.9
CETP,0.38979591836734695,0.1326530612244898,2.5816326530612246
CFAP45,0.689795918367347,0.00816326530612245,3.5428571428571427
CFAP52,0.2612244897959184,0.26326530612244897,2.195918367346939
CFB,0.47346938775510206,0.07346938775510205,2.7510204081632654
CFD,0.3693877551020408,0.17142857142857143,2.426530612244898
CFH,0.6612244897959184,0.012244897959183673,3.3102040816326532
CFHR1,0.6612244897959184,0.012244897959183673,3.3081632653061224
CFHR2,0.6612244897959184,0.012244897959183673,3.3081632653061224
CFHR3,0.6612244897959184,0.012244897959183673,3.3081632653061224
CFHR4,0.6612244897959184,0.012244897959183673,3.3081632653061224
CFHR5,0.6612244897959184,0.012244897959183673,3.3081632653061224
CFI,0.24693877551020407,0.18571428571428572,2.204081632653061
CFL1,0.5,0.044897959183673466,2.8653061224489798
CFL2,0.4448979591836735,0.12448979591836734,2.8122448979591836
CFLAR,0.5265306122448979,0.05510204081632653,2.9918367346938775
CFP,0.14081632653061224,0.4326530612244898,1.8224489795918368
CFTR,0.5571428571428572,0.05918367346938776,3.259183673469388
CGA,0.47346938775510206,0.07551020408163266,2.793877551020408
CGGBP1,0.22448979591836735,0.3122448979591837,2.206122448979592
CGN,0.689795918367347,0.00816326530612245,3.561224489795918
CGNL1,0.44693877551020406,0.1,2.6775510204081634
CH25H,0.2938775510204082,0.1836734693877551,2.2489795918367346
CHAF1A,0.3979591836734694,0.14285714285714285,2.5142857142857142
CHAF1B,0.31020408163265306,0.17142857142857143,2.3448979591836734
CHAMP1,0.336734693877551,0.22040816326530613,2.440816326530612
CHAT,0.37551020408163266,0.1469387755102041,2.4673469387755103
CHCHD1,0.36122448979591837,0.1469387755102041,2.4489795918367347
CHCHD10,0.5857142857142857,0.05918367346938776,3.259183673469388
CHCHD2,0.5897959183673469,0.036734693877551024,3.8
CHCHD3,0.5285714285714286,0.07346938775510205,3.063265306122449
CHCHD4,0.1489795918367347,0.3183673469387755,1.9244897959183673
CHCHD7,0.5959183673469388,0.036734693877551024,3.3836734693877553
CHD1,0.1469387755102041,0.30612244897959184,1.9142857142857144
CHD1L,0.6795918367346939,0.00816326530612245,3.4938775510204083
CHD3,0.2612244897959184,0.26326530612244897,2.1775510204081634
CHD4,0.6204081632653061,0.014285714285714285,3.561224489795918
CHD5,0.3346938775510204,0.12653061224489795,2.414285714285714
CHD7,0.6061224489795919,0.03469387755102041,3.406122448979592
CHD9,0.3877551020408163,0.12857142857142856,2.5673469387755103
CHDH,0.10204081632653061,0.36122448979591837,1.7653061224489797
CHEK1,0.4142857142857143,0.11428571428571428,2.5877551020408163
CHEK2,0.5795918367346938,0.05102040816326531,3.2714285714285714
CHERP,0.44693877551020406,0.09591836734693877,2.7612244897959184
CHFR,0.48775510204081635,0.04693877551020408,2.8142857142857145
CHGA,0.45102040816326533,0.10816326530612246,2.757142857142857
CHGB,0.6142857142857143,0.030612244897959183,3.4326530612244897
CHI3L1,0.6571428571428571,0.00816326530612245,3.330612244897959
CHIA,0.2897959183673469,0.16938775510204082,2.279591836734694
CHID1,0.3306122448979592,0.18775510204081633,2.3244897959183675
CHIT1,0.6571428571428571,0.00816326530612245,3.330612244897959
CHKA,0.5122448979591837,0.044897959183673466,3.010204081632653
CHKB,0.5020408163265306,0.10204081632653061,2.9122448979591837
CHL1,0.16326530612244897,0.32653061224489793,1.9816326530612245
CHM,0.16122448979591836,0.3816326530612245,1.963265306122449
CHML,0.6469387755102041,0.014285714285714285,3.3346938775510204
CHMP1A,0.35918367346938773,0.14081632653061224,2.4918367346938775
CHMP1B,0.5122448979591837,0.05918367346938776,2.9673469387755103
CHMP2A,0.5265306122448979,0.06938775510204082,2.977551020408163
CHMP2B,0.20816326530612245,0.32448979591836735,2.230612244897959
CHMP4A,0.4163265306122449,0.13673469387755102,2.679591836734694
CHMP4B,0.6306122448979592,0.018367346938775512,3.5020408163265304
CHMP4C,0.6244897959183674,0.02857142857142857,3.5326530612244897
CHMP5,0.3816326530612245,0.19591836734693877,2.716326530612245
CHMP6,0.5857142857142857,0.05714285714285714,3.120408163265306
CHMP7,0.21836734693877552,0.3306122448979592,2.024489795918367
CHN1,0.5551020408163265,0.03877551020408163,3.13265306122449
CHN2,0.5653061224489796,0.044897959183673466,3.2387755102040816
CHP1,0.38979591836734695,0.11632653061224489,2.548979591836735
CHP2,0.4530612244897959,0.08163265306122448,2.693877551020408
CHPF,0.41020408163265304,0.10816326530612246,2.6040816326530614
CHPF2,0.5326530612244897,0.08775510204081632,3.0285714285714285
CHPT1,0.5081632653061224,0.04285714285714286,2.842857142857143
CHRAC1,0.7,0.018367346938775512,3.7918367346938777
CHRD,0.9020408163265307,0.0020408163265306124,6.510204081632653
CHRDL1,0.17346938775510204,0.35714285714285715,1.9775510204081632
CHRDL2,0.49183673469387756,0.07142857142857142,2.9
CHRM1,0.4897959183673469,0.04081632653061224,2.779591836734694
CHRM2,0.5346938775510204,0.07346938775510205,3.0755102040816324
CHRM3,0.6632653061224489,0.0163265306122449,3.4285714285714284
CHRM4,0.48775510204081635,0.08775510204081632,2.8020408163265307
CHRM5,0.3877551020408163,0.11632653061224489,2.5673469387755103
CHRNA1,0.5530612244897959,0.03877551020408163,3.130612244897959
CHRNA2,0.22653061224489796,0.32448979591836735,2.061224489795918
CHRNA3,0.48367346938775513,0.0673469387755102,2.7918367346938777
CHRNA4,0.5816326530612245,0.04693877551020408,3.23265306122449
CHRNA5,0.48367346938775513,0.0673469387755102,2.7918367346938777
CHRNA7,0.39183673469387753,0.12040816326530612,2.5714285714285716
CHRNA9,0.27755102040816326,0.22857142857142856,2.2612244897959184
CHRNB1,0.25918367346938775,0.2612244897959184,2.16734693877551
CHRNB2,0.689795918367347,0.00816326530612245,3.526530612244898
CHRNB3,0.5408163265306123,0.09387755102040816,3.5408163265306123
CHRNB4,0.48367346938775513,0.0673469387755102,2.793877551020408
CHRND,0.39591836734693875,0.10408163265306122,2.546938775510204
CHST1,0.47959183673469385,0.09183673469387756,2.7775510204081635
CHST10,0.5857142857142857,0.0163265306122449,3.157142857142857
CHST11,0.5081632653061224,0.05102040816326531,2.842857142857143
CHST12,0.5918367346938775,0.03469387755102041,3.273469387755102
CHST13,0.7795918367346939,0.026530612244897958,3.9551020408163264
CHST14,0.38571428571428573,0.11836734693877551,2.5387755102040814
CHST15,0.32857142857142857,0.1510204081632653,2.379591836734694
CHST3,0.3551020408163265,0.1489795918367347,2.442857142857143
CHST4,0.3836734693877551,0.12244897959183673,2.5510204081632653
CHST6,0.37142857142857144,0.12653061224489795,2.5816326530612246
CHST7,0.14285714285714285,0.42448979591836733,1.846938775510204
CHST8,0.5897959183673469,0.04285714285714286,3.416326530612245
CHSY1,0.5530612244897959,0.05510204081632653,3.046938775510204
CHSY3,0.15714285714285714,0.29183673469387755,1.9326530612244899
CHTF18,0.4163265306122449,0.12653061224489795,2.5673469387755103
CHTF8,0.39183673469387753,0.11428571428571428,2.585714285714286
CHTOP,0.6877551020408164,0.00816326530612245,3.5428571428571427
CHUK,0.3020408163265306,0.17142857142857143,2.2918367346938777
CIAO1,0.6061224489795919,0.0163265306122449,3.263265306122449
CIAPIN1,0.39183673469387753,0.12857142857142856,2.5755102040816324
CIB1,0.5306122448979592,0.04897959183673469,3.036734693877551
CIC,0.5020408163265306,0.0653061224489796,2.953061224489796
CIDEA,0.5040816326530613,0.06326530612244897,2.940816326530612
CIDEB,0.4163265306122449,0.13673469387755102,2.66734693877551
CIDEC,0.15918367346938775,0.3020408163265306,1.9673469387755103
CIITA,0.45510204081632655,0.09591836734693877,2.679591836734694
CILP,0.46530612244897956,0.08571428571428572,2.7183673469387757
CINP,0.463265306122449,0.10816326530612246,2.826530612244898
CIR1,0.5530612244897959,0.03877551020408163,3.1346938775510202
CIRBP,0.37142857142857144,0.1653061224489796,2.4285714285714284
CISD1,0.3408163265306122,0.15306122448979592,2.3918367346938774
CISD2,0.2571428571428571,0.19387755102040816,2.195918367346939
CISD3,0.49795918367346936,0.08775510204081632,2.889795918367347
CIT,0.5,0.053061224489795916,2.8183673469387753
CITED1,0.1489795918367347,0.39387755102040817,1.873469387755102
CITED2,0.4673469387755102,0.08571428571428572,2.704081632653061
CITED4,0.4,0.09795918367346938,2.595918367346939
CKAP2,0.23673469387755103,0.2673469387755102,2.1183673469387756
CKAP2L,0.5714285714285714,0.022448979591836733,3.073469387755102
CKAP4,0.5081632653061224,0.05102040816326531,2.8387755102040817
CKAP5,0.4857142857142857,0.08775510204081632,2.7816326530612243
CKB,0.463265306122449,0.11020408163265306,2.8285714285714287
CKLF,0.39387755102040817,0.10816326530612246,2.5979591836734692
CKM,0.5020408163265306,0.05918367346938776,2.9224489795918367
CKMT1A,0.40408163265306124,0.11632653061224489,2.5755102040816324
CKMT1B,0.40408163265306124,0.11632653061224489,2.5755102040816324
CKMT2,0.1489795918367347,0.3040816326530612,1.9224489795918367
CKS1B,0.6877551020408164,0.00816326530612245,3.5
CLASP1,0.5836734693877551,0.02857142857142857,3.1244897959183673
CLASP2,0.14285714285714285,0.3346938775510204,1.8959183673469389
CLCA1,0.3448979591836735,0.11020408163265306,2.4571428571428573
CLCA2,0.3448979591836735,0.11020408163265306,2.4571428571428573
CLCA4,0.3448979591836735,0.11020408163265306,2.463265306122449
CLCF1,0.5163265306122449,0.04285714285714286,2.983673469387755
CLCN6,0.3346938775510204,0.13877551020408163,2.3857142857142857
CLCN7,0.4204081632653061,0.12244897959183673,2.5755102040816324
CLDN1,0.889795918367347,0.014285714285714285,5.983673469387755
CLDN10,0.30612244897959184,0.23673469387755103,2.3510204081632655
CLDN11,0.9122448979591836,0.0020408163265306124,6.438775510204081
CLDN14,0.31020408163265306,0.16938775510204082,2.3469387755102042
CLDN15,0.5816326530612245,0.036734693877551024,3.4551020408163264
CLDN16,0.889795918367347,0.014285714285714285,5.96734693877551
CLDN17,0.3142857142857143,0.1653061224489796,2.353061224489796
CLDN18,0.810204081632653,0.0163265306122449,4.346938775510204
CLDN19,0.4020408163265306,0.09795918367346938,2.6061224489795918
CLDN2,0.17755102040816326,0.36122448979591837,2.036734693877551
CLDN22,0.21020408163265306,0.2816326530612245,2.083673469387755
CLDN23,0.22040816326530613,0.3326530612244898,2.0306122448979593
CLDN3,0.5653061224489796,0.03877551020408163,3.2448979591836733
CLDN4,0.5653061224489796,0.03877551020408163,3.2448979591836733
CLDN5,0.5755102040816327,0.05510204081632653,3.2775510204081635
CLDN6,0.4142857142857143,0.12244897959183673,2.5551020408163265
CLDN7,0.25918367346938775,0.25918367346938775,2.1755102040816325
CLDN8,0.3163265306122449,0.1653061224489796,2.3551020408163263
CLDN9,0.4142857142857143,0.12244897959183673,2.5551020408163265
CLEC10A,0.25918367346938775,0.25918367346938775,2.1755102040816325
CLEC12A,0.6081632653061224,0.014285714285714285,3.5183673469387755
CLEC14A,0.4346938775510204,0.1326530612244898,2.806122448979592
CLEC1B,0.6081632653061224,0.014285714285714285,3.522448979591837
CLEC2A,0.6081632653061224,0.014285714285714285,3.5183673469387755
CLEC2D,0.6081632653061224,0.014285714285714285,3.5183673469387755
CLEC3B,0.11836734693877551,0.3469387755102041,1.810204081632653
CLEC4C,0.610204081632653,0.012244897959183673,3.522448979591837
CLEC4D,0.6061224489795919,0.012244897959183673,3.510204081632653
CLEC4E,0.6081632653061224,0.012244897959183673,3.5183673469387755
CLEC4G,0.4061224489795918,0.12857142857142856,2.5795918367346937
CLEC4M,0.40816326530612246,0.12857142857142856,2.5877551020408163
CLEC5A,0.5346938775510204,0.07346938775510205,3.085714285714286
CLEC6A,0.6061224489795919,0.012244897959183673,3.5081632653061225
CLEC7A,0.6061224489795919,0.014285714285714285,3.522448979591837
CLGN,0.23673469387755103,0.2163265306122449,2.1551020408163266
CLIC1,0.47346938775510206,0.07346938775510205,2.759183673469388
CLIC2,0.19795918367346937,0.3346938775510204,2.0183673469387755
CLIC3,0.37142857142857144,0.1469387755102041,2.5326530612244897
CLIC4,0.3163265306122449,0.1469387755102041,2.3510204081632655
CLIC5,0.5020408163265306,0.06326530612244897,2.940816326530612
CLIC6,0.3142857142857143,0.1673469387755102,2.3469387755102042
CLINT1,0.17959183673469387,0.2693877551020408,2.0020408163265304
CLIP1,0.5040816326530613,0.05510204081632653,2.8183673469387753
CLIP2,0.5673469387755102,0.03877551020408163,3.23265306122449
CLIP3,0.6061224489795919,0.044897959183673466,3.526530612244898
CLK1,0.5285714285714286,0.053061224489795916,2.9959183673469387
CLK2,0.6877551020408164,0.00816326530612245,3.5
CLK3,0.46530612244897956,0.07551020408163266,2.7448979591836733
CLK4,0.20612244897959184,0.2653061224489796,2.073469387755102
CLN3,0.4775510204081633,0.061224489795918366,2.795918367346939
CLN5,0.2795918367346939,0.24081632653061225,2.2877551020408164
CLN6,0.46938775510204084,0.0836734693877551,2.742857142857143
CLN8,0.23061224489795917,0.32857142857142857,2.0448979591836736
CLNS1A,0.4897959183673469,0.06938775510204082,2.9122448979591837
CLOCK,0.42244897959183675,0.12653061224489795,3.2653061224489797
CLP1,0.5061224489795918,0.04285714285714286,2.8469387755102042
CLPP,0.40816326530612246,0.1326530612244898,2.559183673469388
CLPS,0.47346938775510206,0.07755102040816327,2.7224489795918365
CLPX,0.46530612244897956,0.08571428571428572,2.7183673469387757
CLRN1,0.8551020408163266,0.014285714285714285,5.073469387755102
CLSPN,0.3673469387755102,0.10204081632653061,2.4653061224489794
CLSTN1,0.3346938775510204,0.1346938775510204,2.3979591836734695
CLTA,0.3673469387755102,0.20816326530612245,2.736734693877551
CLTB,0.20612244897959184,0.2653061224489796,2.048979591836735
CLTCL1,0.5755102040816327,0.05714285714285714,3.253061224489796
CLU,0.22653061224489796,0.32448979591836735,2.061224489795918
CLUAP1,0.41020408163265304,0.12244897959183673,2.5693877551020408
CLVS1,0.6061224489795919,0.03469387755102041,3.4122448979591837
CLVS2,0.46122448979591835,0.08163265306122448,2.720408163265306
CMA1,0.41836734693877553,0.1326530612244898,2.695918367346939
CMAS,0.6122448979591837,0.018367346938775512,3.6918367346938776
CMC2,0.36122448979591837,0.14285714285714285,2.4938775510204083
CMC4,0.19183673469387755,0.3346938775510204,2.010204081632653
CMIP,0.3653061224489796,0.14285714285714285,2.4918367346938775
CMKLR1,0.5102040816326531,0.05510204081632653,2.826530612244898
CMPK1,0.39183673469387753,0.10612244897959183,2.5408163265306123
CMTM2,0.39387755102040817,0.10816326530612246,2.5979591836734692
CMTM3,0.39387755102040817,0.10816326530612246,2.5979591836734692
CMTM4,0.39387755102040817,0.10816326530612246,2.5979591836734692
CMTM5,0.42653061224489797,0.12653061224489795,2.7816326530612243
CMTM6,0.1469387755102041,0.3326530612244898,1.9061224489795918
CMTM7,0.1469387755102041,0.3326530612244898,1.9061224489795918
CMTM8,0.1469387755102041,0.3346938775510204,1.9020408163265305
CMTR1,0.47551020408163264,0.07551020408163266,2.76734693877551
CMYA5,0.15306122448979592,0.3040816326530612,1.9244897959183673
CNBP,0.773469387755102,0.02040816326530612,3.9571428571428573
CNDP1,0.3469387755102041,0.18775510204081633,2.406122448979592
CNDP2,0.3489795918367347,0.18775510204081633,2.414285714285714
CNEP1R1,0.3877551020408163,0.12857142857142856,2.5877551020408163
CNGA1,0.3408163265306122,0.1816326530612245,2.4918367346938775
CNGB1,0.39183673469387753,0.12653061224489795,2.5755102040816324
CNGB3,0.6346938775510204,0.026530612244897958,3.5693877551020408
CNIH1,0.4204081632653061,0.1306122448979592,2.673469387755102
CNIH2,0.5040816326530613,0.04693877551020408,2.8938775510204082
CNIH3,0.6632653061224489,0.01020408163265306,3.3591836734693876
CNKSR1,0.3142857142857143,0.1489795918367347,2.330612244897959
CNKSR2,0.13877551020408163,0.42653061224489797,1.879591836734694
CNN1,0.41020408163265304,0.11020408163265306,2.6530612244897958
CNN2,0.37142857142857144,0.16938775510204082,2.426530612244898
CNNM1,0.29591836734693877,0.17551020408163265,2.2755102040816326
CNNM3,0.6061224489795919,0.0163265306122449,3.253061224489796
CNNM4,0.6061224489795919,0.0163265306122449,3.253061224489796
CNOT1,0.39183673469387753,0.12448979591836734,2.5755102040816324
CNOT10,0.1469387755102041,0.3326530612244898,1.9061224489795918
CNOT11,0.5836734693877551,0.02040816326530612,3.13265306122449
CNOT2,0.5510204081632653,0.026530612244897958,3.283673469387755
CNOT3,0.5244897959183673,0.06326530612244897,2.9346938775510205
CNOT4,0.5326530612244897,0.07551020408163266,3.073469387755102
CNOT6,0.20612244897959184,0.25918367346938775,2.0877551020408163
CNOT6L,0.3326530612244898,0.15306122448979592,2.5081632653061225
CNOT7,0.22857142857142856,0.3224489795918367,2.046938775510204
CNOT8,0.1836734693877551,0.2693877551020408,2.0142857142857142
CNOT9,0.4122448979591837,0.10612244897959183,2.6061224489795918
CNPY3,0.5020408163265306,0.06326530612244897,2.9122448979591837
CNR1,0.46938775510204084,0.07551020408163266,2.779591836734694
CNR2,0.3163265306122449,0.14489795918367346,2.3510204081632655
CNTF,0.4816326530612245,0.04693877551020408,2.7755102040816326
CNTFR,0.37755102040816324,0.19387755102040816,2.726530612244898
CNTLN,0.2571428571428571,0.30612244897959184,2.2489795918367346
CNTN1,0.5387755102040817,0.024489795918367346,3.0061224489795917
CNTN2,0.6571428571428571,0.00816326530612245,3.3448979591836734
CNTN3,0.10816326530612246,0.3877551020408163,1.7673469387755103
CNTN4,0.1673469387755102,0.3183673469387755,1.9816326530612245
CNTN5,0.42653061224489797,0.11428571428571428,2.642857142857143
CNTNAP1,0.5040816326530613,0.08571428571428572,2.8489795918367347
CNTNAP2,0.536734693877551,0.08163265306122448,3.0795918367346937
CNTRL,0.3795918367346939,0.15306122448979592,2.5285714285714285
COA5,0.6,0.0163265306122449,3.242857142857143
COA6,0.6510204081632653,0.014285714285714285,3.306122448979592
COG1,0.6142857142857143,0.044897959183673466,3.206122448979592
COG2,0.6551020408163265,0.012244897959183673,3.33265306122449
COG3,0.21428571428571427,0.2653061224489796,2.0673469387755103
COG4,0.39183673469387753,0.11632653061224489,2.5816326530612246
COG5,0.5673469387755102,0.04693877551020408,3.336734693877551
COG6,0.21428571428571427,0.2612244897959184,2.073469387755102
COG7,0.4489795918367347,0.0836734693877551,2.669387755102041
COG8,0.39183673469387753,0.11428571428571428,2.593877551020408
COIL,0.5775510204081633,0.04693877551020408,3.095918367346939
COL10A1,0.44693877551020406,0.09387755102040816,2.657142857142857
COL11A1,0.3020408163265306,0.1326530612244898,2.3387755102040817
COL12A1,0.48367346938775513,0.0673469387755102,2.8
COL13A1,0.35306122448979593,0.14489795918367346,2.4285714285714284
COL14A1,0.7183673469387755,0.01020408163265306,3.8448979591836734
COL16A1,0.3551020408163265,0.11428571428571428,2.436734693877551
COL18A1,0.29183673469387755,0.17551020408163265,2.3224489795918366
COL1A1,0.573469387755102,0.04285714285714286,3.095918367346939
COL1A2,0.6020408163265306,0.026530612244897958,3.4959183673469387
COL20A1,0.5816326530612245,0.04693877551020408,3.236734693877551
COL23A1,0.20612244897959184,0.2653061224489796,2.073469387755102
COL25A1,0.2510204081632653,0.18979591836734694,2.206122448979592
COL26A1,0.5795918367346938,0.036734693877551024,3.442857142857143
COL2A1,0.536734693877551,0.030612244897959183,2.987755102040816
COL3A1,0.5469387755102041,0.044897959183673466,3.048979591836735
COL4A1,0.3326530612244898,0.2163265306122449,2.4306122448979592
COL4A2,0.3306122448979592,0.2163265306122449,2.4612244897959186
COL4A3,0.4020408163265306,0.1,2.563265306122449
COL4A4,0.4,0.1,2.561224489795918
COL4A5,0.1673469387755102,0.3795918367346939,1.9979591836734694
COL4A6,0.18571428571428572,0.3551020408163265,2.0795918367346937
COL5A1,0.37142857142857144,0.1489795918367347,2.5142857142857142
COL5A2,0.5469387755102041,0.044897959183673466,3.048979591836735
COL5A3,0.41020408163265304,0.11020408163265306,2.6244897959183673
COL6A1,0.3,0.17551020408163265,2.3448979591836734
COL6A2,0.3,0.17551020408163265,2.3469387755102042
COL6A3,0.4061224489795918,0.09795918367346938,2.5918367346938775
COL7A1,0.10612244897959183,0.3551020408163265,1.7836734693877552
COL8A1,0.7306122448979592,0.030612244897959183,3.8244897959183675
COL8A2,0.3693877551020408,0.10204081632653061,2.473469387755102
COL9A1,0.5,0.05714285714285714,2.906122448979592
COL9A2,0.3979591836734694,0.09795918367346938,2.683673469387755
COLEC10,0.7183673469387755,0.01020408163265306,3.8448979591836734
COLEC11,0.5959183673469388,0.04897959183673469,3.240816326530612
COLEC12,0.5122448979591837,0.0653061224489796,3.095918367346939
COLGALT1,0.45714285714285713,0.09387755102040816,2.757142857142857
COLGALT2,0.6632653061224489,0.00816326530612245,3.379591836734694
COLQ,0.1489795918367347,0.3224489795918367,1.920408163265306
COMMD1,0.6836734693877551,0.0020408163265306124,3.963265306122449
COMMD4,0.4775510204081633,0.07142857142857142,2.7857142857142856
COMMD5,0.7040816326530612,0.022448979591836733,3.7918367346938777
COMMD6,0.27755102040816326,0.24081632653061225,2.273469387755102
COMP,0.47346938775510206,0.08163265306122448,2.8612244897959185
COMT,0.5836734693877551,0.04897959183673469,3.342857142857143
COPA,0.689795918367347,0.006122448979591836,3.5775510204081633
COPB1,0.38979591836734695,0.1326530612244898,2.683673469387755
COPB2,0.8224489795918367,0.0163265306122449,4.436734693877551
COPE,0.47346938775510206,0.08163265306122448,2.853061224489796
COPG1,0.7755102040816326,0.02040816326530612,3.963265306122449
COPG2,0.5346938775510204,0.07142857142857142,3.0714285714285716
COPRS,0.49183673469387756,0.09795918367346938,2.8346938775510204
COPS2,0.4306122448979592,0.10612244897959183,2.6448979591836737
COPS3,0.2693877551020408,0.2510204081632653,2.1877551020408164
COPS4,0.3040816326530612,0.17551020408163265,2.3285714285714287
COPS5,0.6122448979591837,0.030612244897959183,3.4612244897959186
COPS6,0.5918367346938775,0.036734693877551024,3.4612244897959186
COPS7A,0.6224489795918368,0.014285714285714285,3.548979591836735
COPS7B,0.4,0.10204081632653061,2.557142857142857
COPS8,0.4061224489795918,0.09795918367346938,2.593877551020408
COPZ1,0.5285714285714286,0.0326530612244898,2.9306122448979592
COPZ2,0.5530612244897959,0.04897959183673469,3.0448979591836736
COQ2,0.3040816326530612,0.17551020408163265,2.3285714285714287
COQ3,0.4448979591836735,0.09387755102040816,2.673469387755102
COQ4,0.363265306122449,0.15306122448979592,2.4918367346938775
COQ5,0.5040816326530613,0.053061224489795916,2.8285714285714287
COQ6,0.4142857142857143,0.12857142857142856,2.6510204081632653
COQ7,0.44285714285714284,0.09591836734693877,2.6653061224489796
COQ8B,0.5306122448979592,0.0673469387755102,3.3551020408163263
COQ9,0.39183673469387753,0.12857142857142856,2.5755102040816324
CORIN,0.3326530612244898,0.1816326530612245,2.4673469387755103
CORO1A,0.47551020408163264,0.06326530612244897,2.7551020408163267
CORO1B,0.5183673469387755,0.04285714285714286,2.9857142857142858
CORO1C,0.5122448979591837,0.053061224489795916,2.83265306122449
CORT,0.3326530612244898,0.14081632653061224,2.3816326530612244
COX10,0.2653061224489796,0.2571428571428571,2.183673469387755
COX11,0.5755102040816327,0.04285714285714286,3.1081632653061226
COX14,0.5285714285714286,0.0326530612244898,2.9122448979591837
COX15,0.3,0.17142857142857143,2.283673469387755
COX16,0.4020408163265306,0.13673469387755102,2.6081632653061226
COX17,0.7653061224489796,0.02857142857142857,3.9448979591836735
COX18,0.363265306122449,0.14489795918367346,2.6775510204081634
COX19,0.5897959183673469,0.03469387755102041,3.253061224489796
COX20,0.6551020408163265,0.012244897959183673,3.357142857142857
COX4I1,0.35306122448979593,0.1469387755102041,2.463265306122449
COX4I2,0.6551020408163265,0.01020408163265306,3.7244897959183674
COX5A,0.47346938775510206,0.07346938775510205,2.759183673469388
COX5B,0.6061224489795919,0.0163265306122449,3.253061224489796
COX6A1,0.5040816326530613,0.053061224489795916,2.8285714285714287
COX6A2,0.47551020408163264,0.0653061224489796,2.753061224489796
COX6B2,0.536734693877551,0.06326530612244897,2.9714285714285715
COX6C,0.6836734693877551,0.0163265306122449,3.683673469387755
COX7A2,0.48367346938775513,0.0653061224489796,2.8081632653061224
COX7A2L,0.6489795918367347,0.02040816326530612,3.440816326530612
COX7C,0.1469387755102041,0.30612244897959184,1.901840490797546
COX8A,0.49183673469387756,0.044897959183673466,2.7975460122699385
CP,0.8489795918367347,0.0163265306122449,5.016326530612245
CPA1,0.5346938775510204,0.07142857142857142,3.0714285714285716
CPA2,0.5346938775510204,0.07142857142857142,3.0714285714285716
CPB2,0.22244897959183674,0.26326530612244897,2.0816326530612246
CPD,0.4857142857142857,0.09795918367346938,2.826530612244898
CPE,0.21224489795918366,0.24081632653061225,2.095918367346939
CPEB1,0.5040816326530613,0.0673469387755102,2.8551020408163263
CPLX1,0.2693877551020408,0.24285714285714285,2.226530612244898
CPLX2,0.20408163265306123,0.2673469387755102,2.0448979591836736
CPLX3,0.4714285714285714,0.07551020408163266,2.754601226993865
CPLX4,0.35918367346938773,0.1653061224489796,2.4653061224489794
CPM,0.5551020408163265,0.024489795918367346,3.230612244897959
CPN1,0.3020408163265306,0.17142857142857143,2.2857142857142856
CPN2,0.8816326530612245,0.014285714285714285,5.634693877551021
CPNE3,0.6346938775510204,0.026530612244897958,3.5673469387755103
CPS1,0.4530612244897959,0.08979591836734693,2.7020408163265306
CPSF1,0.7040816326530612,0.022448979591836733,3.789795918367347
CPSF2,0.44693877551020406,0.11428571428571428,2.746938775510204
CPSF3,0.5959183673469388,0.04693877551020408,3.236734693877551
CPSF4,0.5959183673469388,0.0326530612244898,3.5061224489795917
CPSF6,0.5551020408163265,0.024489795918367346,3.2387755102040816
CPSF7,0.4816326530612245,0.04285714285714286,2.769387755102041
CPT1A,0.5306122448979592,0.04285714285714286,3.5040816326530613
CPT2,0.37755102040816324,0.10204081632653061,2.510204081632653
CR1,0.6530612244897959,0.00816326530612245,3.3102040816326532
CR2,0.6530612244897959,0.00816326530612245,3.3020408163265307
CRABP1,0.4857142857142857,0.0673469387755102,2.8081632653061224
CRABP2,0.6816326530612244,0.00816326530612245,3.4673469387755103
CRACR2A,0.6244897959183674,0.014285714285714285,3.553061224489796
CRADD,0.5102040816326531,0.036734693877551024,2.8877551020408165
CRAMP1,0.4204081632653061,0.12244897959183673,2.5755102040816324
CRAT,0.363265306122449,0.15306122448979592,2.489795918367347
CRB1,0.6591836734693878,0.012244897959183673,3.293877551020408
CRB3,0.40816326530612246,0.1326530612244898,2.559183673469388
CRBN,0.16938775510204082,0.3163265306122449,1.9795918367346939
CRCP,0.5653061224489796,0.030612244897959183,3.289795918367347
CREB1,0.463265306122449,0.08163265306122448,2.742857142857143
CREB3,0.37551020408163266,0.2,2.783673469387755
CREB3L1,0.4857142857142857,0.08775510204081632,2.8
CREB3L2,0.5346938775510204,0.07346938775510205,3.0714285714285716
CREB3L3,0.38979591836734695,0.1469387755102041,2.489795918367347
CREB3L4,0.6877551020408164,0.00816326530612245,3.5408163265306123
CREB5,0.563265306122449,0.04285714285714286,3.2346938775510203
CREBBP,0.40816326530612246,0.12448979591836734,2.563265306122449
CREBZF,0.46122448979591835,0.09183673469387756,2.7510204081632654
CREG1,0.6795918367346939,0.006122448979591836,3.5142857142857142
CRELD2,0.5244897959183673,0.08979591836734693,3.0142857142857142
CREM,0.4,0.12653061224489795,2.6551020408163266
CRH,0.6122448979591837,0.030612244897959183,3.4448979591836735
CRHBP,0.1510204081632653,0.3040816326530612,1.9244897959183673
CRHR1,0.5346938775510204,0.05918367346938776,2.9551020408163264
CRHR2,0.5673469387755102,0.044897959183673466,3.2224489795918365
CRIP1,0.46530612244897956,0.11020408163265306,2.8510204081632655
CRISP2,0.5224489795918368,0.053061224489795916,3.022448979591837
CRISP3,0.5224489795918368,0.053061224489795916,3.022448979591837
CRK,0.27755102040816326,0.2510204081632653,2.2142857142857144
CRKL,0.6061224489795919,0.044897959183673466,3.5918367346938775
CRLF1,0.47551020408163264,0.08163265306122448,2.863265306122449
CRLF2,0.3408163265306122,0.24285714285714285,2.4672131147540983
CRLS1,0.6142857142857143,0.030612244897959183,3.4346938775510205
CRMP1,0.27346938775510204,0.23673469387755103,2.210204081632653
CRNKL1,0.6,0.030612244897959183,3.369387755102041
CRNN,0.6877551020408164,0.00816326530612245,3.548979591836735
CROT,0.5938775510204082,0.03877551020408163,3.4489795918367347
CRP,0.6877551020408164,0.00816326530612245,3.5448979591836736
CRTAM,0.4163265306122449,0.11020408163265306,2.6
CRTAP,0.1469387755102041,0.3326530612244898,1.9061224489795918
CRTC1,0.47346938775510206,0.08163265306122448,2.8612244897959185
CRTC2,0.6877551020408164,0.00816326530612245,3.5387755102040814
CRTC3,0.5244897959183673,0.04897959183673469,2.973469387755102
CRX,0.48367346938775513,0.07755102040816327,2.7979591836734694
CRY1,0.5081632653061224,0.05102040816326531,2.842857142857143
CRY2,0.4775510204081633,0.09183673469387756,2.769387755102041
CRYAA,0.2897959183673469,0.17959183673469387,2.293877551020408
CRYAB,0.4,0.12244897959183673,2.5653061224489795
CRYBA1,0.49387755102040815,0.1,2.8714285714285714
CRYGC,0.45918367346938777,0.0836734693877551,2.7244897959183674
CRYL1,0.22653061224489796,0.2653061224489796,2.0795918367346937
CRYM,0.4448979591836735,0.08979591836734693,2.657142857142857
CRYZ,0.35306122448979593,0.10816326530612246,2.487755102040816
CS,0.5265306122448979,0.0326530612244898,2.9285714285714284
CSAD,0.5265306122448979,0.0326530612244898,2.9285714285714284
CSDE1,0.29183673469387755,0.16938775510204082,2.304081632653061
CSE1L,0.5918367346938775,0.0326530612244898,3.2877551020408164
CSF1,0.29183673469387755,0.16326530612244897,2.2857142857142856
CSF1R,0.1836734693877551,0.27346938775510204,2.0040816326530613
CSF2,0.16326530612244897,0.29183673469387755,1.9408163265306122
CSF2RB,0.5510204081632653,0.05918367346938776,3.120408163265306
CSF3,0.5122448979591837,0.0836734693877551,3.0061224489795917
CSF3R,0.37142857142857144,0.10204081632653061,2.4959183673469387
CSGALNACT1,0.22857142857142856,0.32448979591836735,2.0408163265306123
CSGALNACT2,0.4061224489795918,0.12448979591836734,2.5979591836734692
CSH1,0.6122448979591837,0.04693877551020408,3.193877551020408
CSK,0.4714285714285714,0.07551020408163266,2.753061224489796
CSN1S1,0.3653061224489796,0.1469387755102041,2.646938775510204
CSN2,0.3653061224489796,0.1469387755102041,2.6482617586912065
CSN3,0.3653061224489796,0.1489795918367347,2.642857142857143
CSNK1A1,0.1816326530612245,0.27346938775510204,2.0020408163265304
CSNK1A1L,0.21836734693877552,0.25510204081632654,2.085714285714286
CSNK1D,0.573469387755102,0.07755102040816327,3.0693877551020408
CSNK1E,0.5571428571428572,0.05714285714285714,3.157142857142857
CSNK1G1,0.46530612244897956,0.08775510204081632,2.720408163265306
CSNK1G2,0.373469387755102,0.15918367346938775,2.4448979591836735
CSNK1G3,0.15510204081632653,0.29183673469387755,1.9326530612244899
CSNK2A1,0.6020408163265306,0.03877551020408163,3.389795918367347
CSNK2A2,0.39387755102040817,0.12448979591836734,2.5795918367346937
CSNK2B,0.47346938775510206,0.07346938775510205,2.7612244897959184
CSPG4,0.47959183673469385,0.07142857142857142,2.789795918367347
CSPG5,0.11224489795918367,0.35306122448979593,1.7979591836734694
CSPP1,0.6122448979591837,0.030612244897959183,3.4612244897959186
CSRP1,0.6551020408163265,0.01020408163265306,3.3
CSRP3,0.4020408163265306,0.12040816326530612,2.5693877551020408
CST1,0.6,0.03469387755102041,3.377551020408163
CST3,0.5979591836734693,0.036734693877551024,3.36734693877551
CST4,0.6,0.036734693877551024,3.3755102040816327
CST6,0.5040816326530613,0.04693877551020408,2.8653061224489798
CSTA,0.7775510204081633,0.022448979591836733,3.9612244897959186
CSTB,0.2938775510204082,0.17755102040816326,2.304081632653061
CSTF1,0.5693877551020409,0.04285714285714286,3.2122448979591836
CSTF2,0.1673469387755102,0.3653061224489796,1.9469387755102041
CSTF2T,0.35918367346938773,0.14489795918367346,2.4591836734693877
CSTF3,0.4530612244897959,0.09795918367346938,2.7489795918367346
CTAG1A,0.18979591836734694,0.336734693877551,1.989795918367347
CTAG1B,0.18979591836734694,0.336734693877551,1.989795918367347
CTBP1,0.2714285714285714,0.24081632653061225,2.230612244897959
CTBP2,0.3306122448979592,0.1510204081632653,2.3857142857142857
CTBS,0.3469387755102041,0.11020408163265306,2.4673469387755103
CTCF,0.39387755102040817,0.10816326530612246,2.5979591836734692
CTDNEP1,0.25918367346938775,0.25918367346938775,2.1755102040816325
CTDP1,0.3408163265306122,0.20408163265306123,2.3612244897959185
CTDSP1,0.4122448979591837,0.10816326530612246,2.6163265306122447
CTDSP2,0.5346938775510204,0.030612244897959183,3.0061224489795917
CTF1,0.47959183673469385,0.06326530612244897,2.773469387755102
CTH,0.35714285714285715,0.10816326530612246,2.4714285714285715
CTIF,0.3795918367346939,0.14285714285714285,2.6040816326530614
CTNNA1,0.18775510204081633,0.2755102040816326,2.0081632653061225
CTNNA2,0.636734693877551,0.014285714285714285,3.3877551020408165
CTNNA3,0.35306122448979593,0.1489795918367347,2.4204081632653063
CTNNB1,0.1306122448979592,0.3408163265306122,1.863265306122449
CTNNBIP1,0.3346938775510204,0.1346938775510204,2.3979591836734695
CTNNBL1,0.610204081632653,0.022448979591836733,3.4081632653061225
CTNND1,0.5020408163265306,0.044897959183673466,2.826530612244898
CTNND2,0.8,0.014285714285714285,4.781632653061225
CTPS2,0.13877551020408163,0.4326530612244898,1.883673469387755
CTR9,0.3510204081632653,0.15714285714285714,2.4326530612244897
CTRB1,0.3693877551020408,0.12653061224489795,2.5775510204081633
CTRB2,0.3693877551020408,0.12653061224489795,2.5775510204081633
CTRL,0.39591836734693875,0.10612244897959183,2.6020408163265305
CTSA,0.5897959183673469,0.03469387755102041,3.3122448979591836
CTSB,0.22857142857142856,0.3306122448979592,2.0448979591836736
CTSC,0.45510204081632655,0.08571428571428572,2.742857142857143
CTSD,0.3306122448979592,0.18775510204081633,2.3244897959183675
CTSE,0.6530612244897959,0.00816326530612245,3.3020408163265307
CTSF,0.5142857142857142,0.044897959183673466,2.9306122448979592
CTSG,0.41836734693877553,0.1346938775510204,2.6979591836734693
CTSH,0.48367346938775513,0.0673469387755102,2.795918367346939
CTSK,0.6918367346938775,0.00816326530612245,3.5918367346938775
CTSL,0.35918367346938773,0.15714285714285714,2.5061224489795917
CTSO,0.22244897959183674,0.23061224489795917,2.120408163265306
CTSS,0.6918367346938775,0.006122448979591836,3.5918367346938775
CTSV,0.373469387755102,0.1510204081632653,2.524489795918367
CTSZ,0.5693877551020409,0.044897959183673466,3.2020408163265306
CTTN,0.5755102040816327,0.044897959183673466,4.942857142857143
CTTNBP2,0.5571428571428572,0.05918367346938776,3.259183673469388
CTTNBP2NL,0.28775510204081634,0.17142857142857143,2.279591836734694
CTU1,0.5061224489795918,0.06938775510204082,2.8755102040816327
CTU2,0.3551020408163265,0.14489795918367346,2.463265306122449
CUBN,0.37755102040816324,0.15918367346938775,2.536734693877551
CUEDC2,0.3020408163265306,0.17142857142857143,2.2775510204081635
CUL1,0.5326530612244897,0.08163265306122448,3.0387755102040814
CUL2,0.4,0.12653061224489795,2.657142857142857
CUL3,0.39183673469387753,0.11224489795918367,2.5326530612244897
CUL4A,0.34285714285714286,0.21428571428571427,2.7775510204081635
CUL4B,0.16938775510204082,0.3551020408163265,1.9469387755102041
CUL5,0.4142857142857143,0.11224489795918367,2.6408163265306124
CUL9,0.5040816326530613,0.06326530612244897,2.9183673469387754
CUX1,0.5755102040816327,0.03877551020408163,3.416326530612245
CWC15,0.4306122448979592,0.10612244897959183,2.642857142857143
CWC22,0.5571428571428572,0.03877551020408163,3.130612244897959
CWC27,0.15510204081632653,0.2979591836734694,1.953061224489796
CX3CL1,0.39183673469387753,0.12857142857142856,2.5755102040816324
CX3CR1,0.1346938775510204,0.33877551020408164,1.8755102040816327
CXADR,0.3551020408163265,0.16122448979591836,2.563265306122449
CXCL1,0.3673469387755102,0.14285714285714285,2.66734693877551
CXCL10,0.3448979591836735,0.14285714285714285,2.6122448979591835
CXCL11,0.3448979591836735,0.14285714285714285,2.6122448979591835
CXCL12,0.38571428571428573,0.1326530612244898,2.5326530612244897
CXCL13,0.3326530612244898,0.15306122448979592,2.516326530612245
CXCL14,0.17142857142857143,0.2816326530612245,1.973469387755102
CXCL16,0.26326530612244897,0.25510204081632654,2.1918367346938776
CXCL2,0.3653061224489796,0.14285714285714285,2.657142857142857
CXCL3,0.3653061224489796,0.14285714285714285,2.657142857142857
CXCL5,0.3653061224489796,0.14285714285714285,2.657142857142857
CXCL6,0.3673469387755102,0.14285714285714285,2.66734693877551
CXCL8,0.363265306122449,0.14489795918367346,2.657142857142857
CXCL9,0.3448979591836735,0.14285714285714285,2.6122448979591835
CXCR1,0.4122448979591837,0.10816326530612246,2.6163265306122447
CXCR2,0.41020408163265304,0.10816326530612246,2.6061224489795918
CXCR3,0.14489795918367346,0.39183673469387753,1.8714285714285714
CXCR4,0.5306122448979592,0.04897959183673469,2.9224489795918367
CXCR5,0.4122448979591837,0.11020408163265306,2.5918367346938775
CXCR6,0.11836734693877551,0.3489795918367347,1.8122448979591836
CXXC1,0.3673469387755102,0.15306122448979592,2.479591836734694
CXXC5,0.18571428571428572,0.27346938775510204,2.016326530612245
CYB5A,0.35306122448979593,0.1816326530612245,2.451020408163265
CYB5B,0.39183673469387753,0.11428571428571428,2.595918367346939
CYB5R1,0.6551020408163265,0.00816326530612245,3.306122448979592
CYB5R2,0.33877551020408164,0.1653061224489796,2.363265306122449
CYB5R3,0.5551020408163265,0.06938775510204082,3.093877551020408
CYBA,0.3551020408163265,0.14489795918367346,2.463265306122449
CYBB,0.1326530612244898,0.44081632653061226,1.8081632653061224
CYBRD1,0.5469387755102041,0.04081632653061224,3.048979591836735
CYC1,0.7040816326530612,0.02040816326530612,3.7918367346938777
CYCS,0.5755102040816327,0.03877551020408163,3.236734693877551
CYFIP1,0.44081632653061226,0.10204081632653061,2.726530612244898
CYGB,0.6122448979591837,0.053061224489795916,3.1857142857142855
CYLC1,0.16326530612244897,0.3816326530612245,1.8979591836734695
CYLC2,0.37142857142857144,0.1469387755102041,2.5510204081632653
CYLD,0.3877551020408163,0.1306122448979592,2.5714285714285716
CYP11A1,0.46530612244897956,0.07551020408163266,2.7448979591836733
CYP11B1,0.7020408163265306,0.02040816326530612,3.806122448979592
CYP11B2,0.7020408163265306,0.02040816326530612,3.806122448979592
CYP17A1,0.2979591836734694,0.17551020408163265,2.2714285714285714
CYP19A1,0.4346938775510204,0.10816326530612246,2.657142857142857
CYP1A1,0.4673469387755102,0.07551020408163266,2.746938775510204
CYP1A2,0.4714285714285714,0.07551020408163266,2.753061224489796
CYP1B1,0.6428571428571429,0.02040816326530612,3.3612244897959185
CYP24A1,0.5836734693877551,0.0326530612244898,3.2714285714285714
CYP26A1,0.3020408163265306,0.17142857142857143,2.3
CYP27A1,0.4122448979591837,0.10612244897959183,2.6061224489795918
CYP2A13,0.5163265306122449,0.06326530612244897,3.159183673469388
CYP2A6,0.5183673469387755,0.0673469387755102,3.259183673469388
CYP2A7,0.5183673469387755,0.0653061224489796,3.2612244897959184
CYP2B6,0.5142857142857142,0.06326530612244897,3.2612244897959184
CYP2C18,0.3,0.16938775510204082,2.283673469387755
CYP2C19,0.3020408163265306,0.16938775510204082,2.2857142857142856
CYP2C8,0.3020408163265306,0.16938775510204082,2.279591836734694
CYP2C9,0.3020408163265306,0.16938775510204082,2.279591836734694
CYP2E1,0.3448979591836735,0.16326530612244897,2.406122448979592
CYP2J2,0.3673469387755102,0.10612244897959183,2.536734693877551
CYP2S1,0.5163265306122449,0.06326530612244897,3.026530612244898
CYP3A4,0.5938775510204082,0.03469387755102041,3.489795918367347
CYP3A5,0.5959183673469388,0.03469387755102041,3.5040816326530613
CYP4A11,0.39387755102040817,0.10204081632653061,2.553061224489796
CYP4A22,0.39387755102040817,0.10408163265306122,2.5510204081632653
CYP4F2,0.43673469387755104,0.09795918367346938,2.7489795918367346
CYP4F22,0.4387755102040816,0.09795918367346938,2.7612244897959184
CYP4F8,0.43673469387755104,0.09795918367346938,2.757142857142857
CYP51A1,0.610204081632653,0.024489795918367346,3.5979591836734692
CYP7B1,0.6061224489795919,0.036734693877551024,3.489795918367347
CYP8B1,0.12040816326530612,0.3448979591836735,1.8244897959183672
CYREN,0.5326530612244897,0.07551020408163266,3.0693877551020408
CYTH2,0.48775510204081635,0.07551020408163266,2.8102040816326532
CYTH3,0.6040816326530613,0.036734693877551024,3.2714285714285714
CYTH4,0.5530612244897959,0.05714285714285714,3.1183673469387756
D2HGDH,0.41020408163265304,0.10612244897959183,2.6
DAAM1,0.4142857142857143,0.1346938775510204,2.630612244897959
DAB2,0.7877551020408163,0.014285714285714285,4.59795918367347
DAB2IP,0.3816326530612245,0.15306122448979592,2.5346938775510206
DACH1,0.27755102040816326,0.24285714285714285,2.283673469387755
DACT1,0.4142857142857143,0.1346938775510204,2.6387755102040815
DAD1,0.4204081632653061,0.1306122448979592,2.742857142857143
DAO,0.5142857142857142,0.053061224489795916,2.836734693877551
DAOA,0.32448979591836735,0.22653061224489796,2.406122448979592
DAP3,0.6795918367346939,0.00816326530612245,3.4816326530612245
DAPK1,0.35918367346938773,0.15714285714285714,2.5061224489795917
DAPK2,0.46530612244897956,0.08571428571428572,2.720408163265306
DAPK3,0.38571428571428573,0.1510204081632653,2.477551020408163
DAPP1,0.2612244897959184,0.19183673469387755,2.2142857142857144
DAXX,0.4673469387755102,0.07959183673469387,2.7137014314928427
DAZAP1,0.37551020408163266,0.15918367346938775,2.446938775510204
DAZL,0.1469387755102041,0.3224489795918367,1.916326530612245
DBF4,0.5938775510204082,0.036734693877551024,3.4653061224489794
DBF4B,0.5183673469387755,0.07142857142857142,2.926530612244898
DBH,0.373469387755102,0.1510204081632653,2.5183673469387755
DBN1,0.21020408163265306,0.2653061224489796,2.0653061224489795
DBNL,0.5673469387755102,0.04693877551020408,3.242857142857143
DBP,0.48775510204081635,0.07551020408163266,2.8102040816326532
DBR1,0.8122448979591836,0.0163265306122449,4.346938775510204
DBT,0.3142857142857143,0.12857142857142856,2.369387755102041
DCAF1,0.10612244897959183,0.363265306122449,1.7755102040816326
DCAF10,0.32448979591836735,0.21836734693877552,2.5040816326530613
DCAF11,0.41836734693877553,0.1346938775510204,2.7
DCAF12,0.37755102040816324,0.19591836734693877,2.6877551020408164
DCAF13,0.6857142857142857,0.0163265306122449,3.706122448979592
DCAF16,0.25510204081632654,0.24897959183673468,2.1857142857142855
DCAF17,0.5469387755102041,0.04081632653061224,3.059183673469388
DCAF4,0.40816326530612246,0.12653061224489795,2.6448979591836737
DCAF5,0.4020408163265306,0.13877551020408163,2.6020408163265305
DCAF6,0.6795918367346939,0.006122448979591836,3.5142857142857142
DCAF7,0.6122448979591837,0.04693877551020408,3.1775510204081634
DCAF8,0.689795918367347,0.006122448979591836,3.553061224489796
DCC,0.35714285714285715,0.1653061224489796,2.4448979591836735
DCK,0.363265306122449,0.1489795918367347,2.610204081632653
DCLRE1A,0.3163265306122449,0.15714285714285714,2.340816326530612
DCLRE1C,0.373469387755102,0.15510204081632653,2.5183673469387755
DCN,0.5142857142857142,0.03877551020408163,2.906122448979592
DCP1A,0.10612244897959183,0.363265306122449,1.773469387755102
DCP1B,0.6326530612244898,0.0163265306122449,3.573469387755102
DCP2,0.1510204081632653,0.3020408163265306,1.916326530612245
DCPS,0.4122448979591837,0.11632653061224489,2.5877551020408163
DCT,0.3040816326530612,0.23877551020408164,2.3387755102040817
DCTD,0.21224489795918366,0.2816326530612245,2.0775510204081633
DCTN1,0.6408163265306123,0.006122448979591836,3.410204081632653
DCTN2,0.5285714285714286,0.0326530612244898,2.938775510204082
DCTN3,0.37755102040816324,0.19387755102040816,2.730612244897959
DCTN4,0.1836734693877551,0.2714285714285714,2.0061224489795917
DCTN5,0.45102040816326533,0.08163265306122448,2.683673469387755
DCTN6,0.25510204081632654,0.3020408163265306,2.16734693877551
DCTPP1,0.4775510204081633,0.061224489795918366,2.7689161554192228
DCUN1D1,0.9061224489795918,0.0020408163265306124,7.755102040816326
DCUN1D3,0.4448979591836735,0.08979591836734693,2.663265306122449
DCXR,0.5795918367346938,0.07142857142857142,3.0918367346938775
DDAH2,0.47346938775510206,0.07346938775510205,2.759183673469388
DDB1,0.48367346938775513,0.04285714285714286,2.773469387755102
DDB2,0.47959183673469385,0.08775510204081632,2.742857142857143
DDC,0.573469387755102,0.05102040816326531,3.3224489795918366
DDHD1,0.42653061224489797,0.12653061224489795,2.7122448979591836
DDHD2,0.5408163265306123,0.10816326530612246,4.248979591836735
DDIT3,0.5285714285714286,0.0326530612244898,2.938775510204082
DDIT4,0.3551020408163265,0.1489795918367347,2.4448979591836735
DDIT4L,0.2612244897959184,0.19183673469387755,2.210204081632653
DDN,0.5306122448979592,0.030612244897959183,2.916326530612245
DDO,0.4448979591836735,0.09795918367346938,2.8653061224489798
DDOST,0.3122448979591837,0.13877551020408163,2.3448979591836734
DDRGK1,0.6183673469387755,0.026530612244897958,3.410204081632653
DDX1,0.610204081632653,0.036734693877551024,3.353061224489796
DDX11,0.6040816326530613,0.018367346938775512,3.561224489795918
DDX17,0.5571428571428572,0.05714285714285714,3.159183673469388
DDX18,0.573469387755102,0.026530612244897958,3.063265306122449
DDX19A,0.39183673469387753,0.11428571428571428,2.583673469387755
DDX19B,0.39387755102040817,0.11224489795918367,2.5979591836734692
DDX20,0.2897959183673469,0.16938775510204082,2.279591836734694
DDX21,0.35306122448979593,0.14285714285714285,2.4346938775510205
DDX23,0.5306122448979592,0.030612244897959183,2.9224489795918367
DDX24,0.4530612244897959,0.10816326530612246,2.7653061224489797
DDX25,0.4142857142857143,0.11632653061224489,2.585714285714286
DDX28,0.3979591836734694,0.10612244897959183,2.610204081632653
DDX31,0.373469387755102,0.1489795918367347,2.522448979591837
DDX39A,0.4306122448979592,0.10408163265306122,2.76734693877551
DDX39B,0.47551020408163264,0.07551020408163266,2.76734693877551
DDX3X,0.1306122448979592,0.45102040816326533,1.773469387755102
DDX4,0.19183673469387755,0.28775510204081634,2.063265306122449
DDX41,0.21020408163265306,0.2653061224489796,2.0653061224489795
DDX42,0.6122448979591837,0.04693877551020408,3.1897959183673468
DDX46,0.1673469387755102,0.2836734693877551,1.9653061224489796
DDX47,0.5979591836734693,0.018367346938775512,3.463265306122449
DDX5,0.610204081632653,0.04693877551020408,3.1816326530612247
DDX50,0.35306122448979593,0.14285714285714285,2.4346938775510205
DDX51,0.4897959183673469,0.05102040816326531,2.8102040816326532
DDX52,0.49387755102040815,0.08979591836734693,2.8448979591836734
DDX54,0.5122448979591837,0.053061224489795916,2.8551020408163263
DDX56,0.5653061224489796,0.04693877551020408,3.2285714285714286
DDX6,0.4122448979591837,0.11020408163265306,2.5918367346938775
DECR1,0.6489795918367347,0.018367346938775512,3.5918367346938775
DECR2,0.42244897959183675,0.12857142857142856,2.5816326530612246
DEF6,0.47346938775510206,0.07959183673469387,2.720408163265306
DEFA1,0.22040816326530613,0.3306122448979592,2.024489795918367
DEFA1B,0.22040816326530613,0.3306122448979592,2.024489795918367
DEFA3,0.22040816326530613,0.3306122448979592,2.024489795918367
DEFA5,0.22040816326530613,0.3306122448979592,2.024489795918367
DEFA6,0.22040816326530613,0.3306122448979592,2.024489795918367
DEFB1,0.22244897959183674,0.3306122448979592,2.026530612244898
DEFB104A,0.22244897959183674,0.32653061224489793,2.0306122448979593
DEFB104B,0.22244897959183674,0.32653061224489793,2.0306122448979593
DEFB121,0.6530612244897959,0.01020408163265306,3.7183673469387757
DEFB4A,0.22244897959183674,0.32653061224489793,2.0306122448979593
DEFB4B,0.22244897959183674,0.32448979591836735,2.034764826175869
DEGS1,0.6612244897959184,0.00816326530612245,3.342857142857143
DENND1A,0.3795918367346939,0.1510204081632653,2.524489795918367
DENND1B,0.6571428571428571,0.012244897959183673,3.289795918367347
DENND1C,0.40816326530612246,0.1326530612244898,2.559183673469388
DENND4A,0.46530612244897956,0.08775510204081632,2.720408163265306
DENND4C,0.2530612244897959,0.29591836734693877,2.2020408163265306
DENND5A,0.3346938775510204,0.1673469387755102,2.3591836734693876
DEPDC1,0.3551020408163265,0.10612244897959183,2.451020408163265
DEPDC1B,0.1673469387755102,0.29591836734693877,1.9979591836734694
DEPP1,0.3816326530612245,0.1346938775510204,2.5346938775510206
DEPTOR,0.7204081632653061,0.01020408163265306,3.8448979591836734
DERL1,0.7244897959183674,0.012244897959183673,3.8510204081632655
DERL2,0.2612244897959184,0.25510204081632654,2.179591836734694
DERL3,0.5857142857142857,0.05510204081632653,3.263265306122449
DES,0.41020408163265304,0.10612244897959183,2.6040816326530614
DET1,0.5204081632653061,0.05102040816326531,2.983673469387755
DFFA,0.3326530612244898,0.14081632653061224,2.3816326530612244
DFFB,0.33877551020408164,0.12653061224489795,2.4326530612244897
DGAT1,0.7040816326530612,0.022448979591836733,3.789795918367347
DGAT2,0.4897959183673469,0.07346938775510205,2.8551020408163263
DGCR8,0.5836734693877551,0.04897959183673469,3.3591836734693876
DGKB,0.5877551020408164,0.03469387755102041,3.289795918367347
DGKQ,0.2693877551020408,0.24285714285714285,2.226530612244898
DGLUCY,0.4489795918367347,0.11632653061224489,2.7612244897959184
DGUOK,0.6387755102040816,0.006122448979591836,3.4
DHCR24,0.37142857142857144,0.1,2.4938775510204083
DHCR7,0.5285714285714286,0.05714285714285714,3.369387755102041
DHFR2,0.7061224489795919,0.05102040816326531,3.86734693877551
DHODH,0.3795918367346939,0.12653061224489795,2.546938775510204
DHPS,0.4122448979591837,0.10816326530612246,2.6755102040816325
DHRS1,0.4163265306122449,0.13673469387755102,2.66734693877551
DHRS3,0.32857142857142857,0.14081632653061224,2.3857142857142857
DHRS4,0.41836734693877553,0.13673469387755102,2.6979591836734693
DHRS7B,0.3081632653061224,0.22040816326530613,2.369387755102041
DHRS9,0.536734693877551,0.044897959183673466,3.0061224489795917
DHTKD1,0.3816326530612245,0.1510204081632653,2.548979591836735
DHX15,0.25918367346938775,0.24693877551020407,2.1816326530612247
DHX16,0.47551020408163264,0.06938775510204082,2.7816326530612243
DHX32,0.3326530612244898,0.1510204081632653,2.4020408163265308
DHX33,0.2612244897959184,0.25510204081632654,2.179591836734694
DHX35,0.6,0.022448979591836733,3.353061224489796
DHX36,0.8653061224489796,0.01020408163265306,5.159183673469387
DHX38,0.3795918367346939,0.12653061224489795,2.546938775510204
DHX58,0.5,0.08775510204081632,2.840816326530612
DHX8,0.5122448979591837,0.07755102040816327,2.8979591836734695
DHX9,0.6653061224489796,0.00816326530612245,3.3877551020408165
DIAPH2,0.1673469387755102,0.37755102040816324,1.936734693877551
DICER1,0.45510204081632655,0.10816326530612246,2.779591836734694
DIDO1,0.5816326530612245,0.04693877551020408,3.236734693877551
DIMT1,0.1673469387755102,0.28775510204081634,1.993877551020408
DIO2,0.43673469387755104,0.11632653061224489,2.736734693877551
DIO3,0.46530612244897956,0.10612244897959183,2.863265306122449
DIS3,0.2795918367346939,0.23265306122448978,2.3142857142857145
DIS3L,0.463265306122449,0.08979591836734693,2.7224489795918365
DISC1,0.6510204081632653,0.012244897959183673,3.3285714285714287
DISP1,0.6591836734693878,0.00816326530612245,3.3387755102040817
DISP3,0.3326530612244898,0.14081632653061224,2.3816326530612244
DKC1,0.18979591836734694,0.336734693877551,2.0061224489795917
DKK1,0.35714285714285715,0.14489795918367346,2.4673469387755103
DLAT,0.4,0.12040816326530612,2.5673469387755103
DLC1,0.22857142857142856,0.3224489795918367,2.057142857142857
DLD,0.563265306122449,0.04897959183673469,3.3224489795918366
DLG1,0.8795918367346939,0.012244897959183673,5.746938775510204
DLG2,0.4714285714285714,0.08775510204081632,2.76734693877551
DLG3,0.14081632653061224,0.39387755102040817,1.863265306122449
DLG4,0.25918367346938775,0.25918367346938775,2.1755102040816325
DLGAP2,0.23061224489795917,0.32857142857142857,2.0448979591836736
DLGAP3,0.3673469387755102,0.10408163265306122,2.463265306122449
DLGAP4,0.6142857142857143,0.02040816326530612,3.4489795918367347
DLGAP5,0.4142857142857143,0.1326530612244898,2.6530612244897958
DLK1,0.46122448979591835,0.11020408163265306,2.8448979591836734
DLL1,0.45510204081632655,0.09183673469387756,2.7285714285714286
DLL4,0.3877551020408163,0.11632653061224489,2.546938775510204
DLST,0.41836734693877553,0.12857142857142856,2.6612244897959183
DLX1,0.5448979591836735,0.04081632653061224,3.0653061224489795
DLX3,0.5693877551020409,0.04285714285714286,3.085714285714286
DLX6,0.5938775510204082,0.0326530612244898,3.475510204081633
DMAC2L,0.42448979591836733,0.12448979591836734,2.679591836734694
DMAP1,0.39591836734693875,0.09795918367346938,2.585714285714286
DMBT1,0.32857142857142857,0.1489795918367347,2.3816326530612244
DMC1,0.5571428571428572,0.05714285714285714,3.159183673469388
DMD,0.13673469387755102,0.4326530612244898,1.8693877551020408
DMGDH,0.15306122448979592,0.3040816326530612,1.9285714285714286
DMP1,0.29591836734693877,0.1836734693877551,2.3102040816326532
DMPK,0.49183673469387756,0.0673469387755102,2.8755102040816327
DMTN,0.22653061224489796,0.32448979591836735,2.0387755102040814
DMXL2,0.43673469387755104,0.10612244897959183,2.6653061224489796
DNA2,0.35306122448979593,0.14285714285714285,2.4326530612244897
DNAAF1,0.3510204081632653,0.1510204081632653,2.4673469387755103
DNAAF2,0.4306122448979592,0.12448979591836734,2.6897959183673468
DNAAF4,0.44081632653061226,0.10408163265306122,2.663265306122449
DNAH1,0.10612244897959183,0.36122448979591837,1.7775510204081633
DNAH10,0.5020408163265306,0.05102040816326531,2.8183673469387753
DNAH11,0.5877551020408164,0.036734693877551024,3.3816326530612244
DNAH12,0.10612244897959183,0.35918367346938773,1.7857142857142858
DNAH14,0.6612244897959184,0.01020408163265306,3.353061224489796
DNAH17,0.5979591836734693,0.05510204081632653,3.1653061224489796
DNAH2,0.2612244897959184,0.2612244897959184,2.1714285714285713
DNAH3,0.4448979591836735,0.08979591836734693,2.663265306122449
DNAH6,0.6387755102040816,0.012244897959183673,3.293877551020408
DNAH7,0.5408163265306123,0.04693877551020408,3.0142857142857142
DNAH8,0.4775510204081633,0.07551020408163266,2.7653061224489797
DNAH9,0.25510204081632654,0.25918367346938775,2.1775510204081634
DNAI1,0.3795918367346939,0.19387755102040816,2.726530612244898
DNAI2,0.610204081632653,0.04897959183673469,3.193877551020408
DNAJA1,0.373469387755102,0.19795918367346937,2.6857142857142855
DNAJA2,0.3877551020408163,0.1346938775510204,2.561224489795918
DNAJA3,0.4204081632653061,0.11836734693877551,2.6142857142857143
DNAJA4,0.4857142857142857,0.0673469387755102,2.8102040816326532
DNAJB1,0.4306122448979592,0.10408163265306122,2.7612244897959184
DNAJB11,0.889795918367347,0.01020408163265306,6.06734693877551
DNAJB12,0.35714285714285715,0.1489795918367347,2.446938775510204
DNAJB2,0.41020408163265304,0.10612244897959183,2.6040816326530614
DNAJB4,0.35306122448979593,0.11020408163265306,2.489795918367347
DNAJB5,0.37755102040816324,0.19591836734693877,2.746938775510204
DNAJB6,0.5183673469387755,0.09795918367346938,2.975510204081633
DNAJB9,0.573469387755102,0.04897959183673469,3.3448979591836734
DNAJC1,0.373469387755102,0.15918367346938775,2.536734693877551
DNAJC10,0.5530612244897959,0.04285714285714286,3.1040816326530614
DNAJC11,0.3346938775510204,0.12857142857142856,2.4204081632653063
DNAJC15,0.21224489795918366,0.2673469387755102,2.063265306122449
DNAJC19,0.9081632653061225,0.0020408163265306124,7.057142857142857
DNAJC2,0.5795918367346938,0.03877551020408163,3.4489795918367347
DNAJC3,0.30612244897959184,0.23673469387755103,2.3510204081632655
DNAJC4,0.49183673469387756,0.044897959183673466,2.8020408163265307
DNAJC5,0.5857142857142857,0.04285714285714286,3.246938775510204
DNAJC6,0.35306122448979593,0.10816326530612246,2.4959183673469387
DNAJC7,0.5040816326530613,0.08571428571428572,2.8469387755102042
DNAJC8,0.3306122448979592,0.1306122448979592,2.377551020408163
DNAL4,0.5551020408163265,0.05918367346938776,3.1510204081632653
DNALI1,0.3795918367346939,0.1,2.6163265306122447
DNASE1L1,0.18979591836734694,0.336734693877551,1.989795918367347
DNASE2,0.4122448979591837,0.10816326530612246,2.6775510204081634
DND1,0.1836734693877551,0.2714285714285714,2.0020408163265304
DNER,0.39591836734693875,0.10204081632653061,2.546938775510204
DNLZ,0.37142857142857144,0.1469387755102041,2.524489795918367
DNM1,0.363265306122449,0.15306122448979592,2.4918367346938775
DNM1L,0.6122448979591837,0.018367346938775512,3.5020408163265304
DNM2,0.4122448979591837,0.10816326530612246,2.6510204081632653
DNM3,0.6836734693877551,0.00816326530612245,3.4673469387755103
DNMBP,0.3020408163265306,0.17346938775510204,2.2816326530612243
DNMT1,0.41020408163265304,0.10816326530612246,2.642857142857143
DNMT3A,0.636734693877551,0.0163265306122449,3.342857142857143
DNMT3B,0.636734693877551,0.014285714285714285,3.593877551020408
DNMT3L,0.2938775510204082,0.17346938775510204,2.304081632653061
DNTT,0.2979591836734694,0.17346938775510204,2.2775510204081635
DNTTIP1,0.5897959183673469,0.03469387755102041,3.293877551020408
DNTTIP2,0.33877551020408164,0.11632653061224489,2.446938775510204
DOC2A,0.47551020408163264,0.06326530612244897,2.746938775510204
DOC2B,0.27755102040816326,0.25918367346938775,2.2285714285714286
DOCK1,0.3306122448979592,0.15306122448979592,2.3836734693877553
DOCK11,0.17142857142857143,0.35306122448979593,1.9673469387755103
DOCK3,0.10408163265306122,0.36122448979591837,1.7775510204081633
DOCK4,0.5591836734693878,0.05918367346938776,3.220408163265306
DOCK5,0.22448979591836735,0.3224489795918367,2.046938775510204
DOCK6,0.4061224489795918,0.11020408163265306,2.620408163265306
DOCK7,0.3653061224489796,0.10612244897959183,2.5183673469387755
DOCK8,0.2653061224489796,0.3040816326530612,2.2224489795918365
DOK1,0.6408163265306123,0.006122448979591836,3.410204081632653
DOK2,0.22653061224489796,0.32448979591836735,2.0387755102040814
DOK7,0.26326530612244897,0.23673469387755103,2.1979591836734693
DOLK,0.3653061224489796,0.15306122448979592,2.4959183673469387
DOLPP1,0.363265306122449,0.15306122448979592,2.489795918367347
DOP1A,0.47959183673469385,0.06938775510204082,2.8020408163265307
DOP1B,0.31020408163265306,0.17142857142857143,2.3448979591836734
DOT1L,0.37551020408163266,0.15714285714285714,2.442857142857143
DPAGT1,0.41020408163265304,0.11020408163265306,2.5918367346938775
DPEP1,0.35918367346938773,0.14081632653061224,2.4918367346938775
DPEP2,0.3979591836734694,0.10612244897959183,2.610204081632653
DPF1,0.6040816326530613,0.04081632653061224,3.6897959183673468
DPF2,0.49795918367346936,0.04897959183673469,2.836734693877551
DPH1,0.2755102040816326,0.2510204081632653,2.210204081632653
DPH2,0.4,0.09795918367346938,2.5877551020408163
DPH3,0.1469387755102041,0.3224489795918367,1.916326530612245
DPM1,0.5938775510204082,0.030612244897959183,3.3551020408163263
DPM2,0.3653061224489796,0.15306122448979592,2.5040816326530613
DPM3,0.6877551020408164,0.00816326530612245,3.4979591836734696
DPP4,0.5326530612244897,0.04897959183673469,3.012244897959184
DPP6,0.5204081632653061,0.09795918367346938,2.983673469387755
DPP7,0.37142857142857144,0.1469387755102041,2.5326530612244897
DPP8,0.46530612244897956,0.08775510204081632,2.720408163265306
DPP9,0.40408163265306124,0.13673469387755102,2.5428571428571427
DPPA4,0.7448979591836735,0.0326530612244898,3.8469387755102042
DPT,0.6816326530612244,0.00816326530612245,3.520408163265306
DPY30,0.6448979591836734,0.018367346938775512,3.377551020408163
DPYD,0.32040816326530613,0.11836734693877551,2.406122448979592
DPYS,0.6857142857142857,0.0163265306122449,3.7183673469387757
DPYSL2,0.22040816326530613,0.32857142857142857,2.0387755102040814
DPYSL3,0.1816326530612245,0.2755102040816326,2.0040816326530613
DPYSL4,0.3326530612244898,0.15918367346938775,2.379591836734694
DPYSL5,0.6408163265306123,0.014285714285714285,3.3714285714285714
DR1,0.3408163265306122,0.11632653061224489,2.451020408163265
DRAP1,0.5040816326530613,0.044897959183673466,2.8714285714285714
DRAXIN,0.3346938775510204,0.13877551020408163,2.3857142857142857
DRD1,0.2,0.2673469387755102,2.0326530612244897
DRD2,0.4,0.11428571428571428,2.573469387755102
DRD3,0.7489795918367347,0.0326530612244898,3.8551020408163263
DRD4,0.3346938775510204,0.18775510204081633,2.33265306122449
DRD5,0.2653061224489796,0.23877551020408164,2.216326530612245
DRG1,0.5795918367346938,0.05102040816326531,3.2612244897959184
DRG2,0.2836734693877551,0.24081632653061225,2.2387755102040816
DROSHA,0.7836734693877551,0.018367346938775512,4.63265306122449
DSC1,0.4387755102040816,0.09795918367346938,2.873469387755102
DSC2,0.44081632653061226,0.09795918367346938,2.8755102040816327
DSC3,0.44285714285714284,0.09591836734693877,2.879591836734694
DSCAM,0.29591836734693877,0.18571428571428572,2.3183673469387753
DSCC1,0.7204081632653061,0.01020408163265306,3.8469387755102042
DSE,0.44693877551020406,0.09387755102040816,2.657142857142857
DSG1,0.43673469387755104,0.09795918367346938,2.8836734693877553
DSG2,0.43673469387755104,0.09795918367346938,2.8836734693877553
DSG3,0.4346938775510204,0.09795918367346938,2.8816326530612244
DSG4,0.4326530612244898,0.09795918367346938,2.8755102040816327
DSN1,0.6142857142857143,0.02040816326530612,3.4224489795918367
DSP,0.4857142857142857,0.08571428571428572,2.769387755102041
DST,0.5346938775510204,0.05102040816326531,3.110204081632653
DSTN,0.6061224489795919,0.02857142857142857,3.379591836734694
DTL,0.6489795918367347,0.01020408163265306,3.3102040816326532
DTNA,0.40816326530612246,0.10612244897959183,2.7081632653061223
DTNB,0.636734693877551,0.0163265306122449,3.3469387755102042
DTNBP1,0.4775510204081633,0.08163265306122448,2.76734693877551
DTX1,0.5102040816326531,0.053061224489795916,2.853061224489796
DTX2,0.573469387755102,0.04081632653061224,3.273469387755102
DTX3L,0.7775510204081633,0.022448979591836733,3.963265306122449
DTX4,0.4816326530612245,0.05102040816326531,2.769387755102041
DTYMK,0.41020408163265304,0.10612244897959183,2.6
DUOX1,0.4061224489795918,0.11632653061224489,2.573469387755102
DUOX2,0.4061224489795918,0.11632653061224489,2.573469387755102
DUOXA1,0.4061224489795918,0.11632653061224489,2.573469387755102
DUSP1,0.19795918367346937,0.26326530612244897,2.0306122448979593
DUSP10,0.6591836734693878,0.00816326530612245,3.33265306122449
DUSP12,0.6918367346938775,0.006122448979591836,3.6
DUSP16,0.6,0.018367346938775512,3.4653061224489794
DUSP19,0.5530612244897959,0.04285714285714286,3.1061224489795918
DUSP2,0.6040816326530613,0.0163265306122449,3.240816326530612
DUSP3,0.5102040816326531,0.07959183673469387,2.9020408163265308
DUSP4,0.24285714285714285,0.31020408163265306,2.126530612244898
DUSP5,0.3122448979591837,0.16326530612244897,2.3142857142857145
DUSP6,0.5122448979591837,0.04081632653061224,2.8959183673469386
DUSP7,0.10612244897959183,0.36122448979591837,1.7775510204081633
DUSP8,0.3306122448979592,0.18775510204081633,2.3244897959183675
DUSP9,0.18775510204081633,0.336734693877551,1.9877551020408164
DUT,0.4204081632653061,0.11020408163265306,2.63265306122449
DVL1,0.34285714285714286,0.12653061224489795,2.4551020408163264
DVL2,0.25918367346938775,0.25918367346938775,2.1755102040816325
DVL3,0.9020408163265307,0.0020408163265306124,6.642857142857143
DYM,0.37755102040816324,0.14285714285714285,2.546938775510204
DYNC1H1,0.463265306122449,0.10816326530612246,2.8244897959183675
DYNC1I1,0.5979591836734693,0.030612244897959183,3.489795918367347
DYNC1I2,0.5448979591836735,0.04081632653061224,3.0510204081632653
DYNC1LI1,0.1469387755102041,0.3326530612244898,1.9061224489795918
DYNC1LI2,0.39387755102040817,0.10816326530612246,2.5979591836734692
DYNC2LI1,0.6530612244897959,0.018367346938775512,3.438775510204082
DYNLL1,0.5040816326530613,0.053061224489795916,2.8285714285714287
DYNLL2,0.5775510204081633,0.04897959183673469,3.089795918367347
DYNLRB1,0.6265306122448979,0.018367346938775512,3.5
DYNLRB2,0.363265306122449,0.14489795918367346,2.5020408163265304
DYNLT1,0.45510204081632655,0.08979591836734693,2.7081632653061223
DYNLT3,0.1326530612244898,0.44081632653061226,1.8081632653061224
DYRK1A,0.3081632653061224,0.1673469387755102,2.3448979591836734
DYRK1B,0.5714285714285714,0.05510204081632653,3.553061224489796
DYRK2,0.5530612244897959,0.024489795918367346,3.2285714285714286
DYRK4,0.6244897959183674,0.014285714285714285,3.548979591836735
DYSF,0.6387755102040816,0.006122448979591836,3.416326530612245
DZIP1,0.30612244897959184,0.23673469387755103,2.3510204081632655
DZIP3,0.7408163265306122,0.0326530612244898,3.8510204081632655
E2F1,0.6326530612244898,0.0163265306122449,3.5061224489795917
E2F2,0.3163265306122449,0.14489795918367346,2.353061224489796
E2F3,0.4775510204081633,0.07755102040816327,2.938775510204082
E2F4,0.39387755102040817,0.10816326530612246,2.6020408163265305
E2F5,0.6387755102040816,0.024489795918367346,3.561224489795918
E2F6,0.6020408163265306,0.04285714285714286,3.2448979591836733
E2F7,0.5122448979591837,0.03877551020408163,2.9
E2F8,0.4020408163265306,0.11836734693877551,2.5714285714285716
E4F1,0.4204081632653061,0.12244897959183673,2.5653061224489795
EAF1,0.1489795918367347,0.3224489795918367,1.920408163265306
EAF2,0.7714285714285715,0.024489795918367346,3.953061224489796
EAPP,0.44285714285714284,0.12448979591836734,2.806122448979592
EARS2,0.45102040816326533,0.08163265306122448,2.683673469387755
EBAG9,0.7020408163265306,0.012244897959183673,3.7653061224489797
EBF1,0.17959183673469387,0.2714285714285714,2.0
EBI3,0.39387755102040817,0.1469387755102041,2.5061224489795917
EBNA1BP2,0.40408163265306124,0.09795918367346938,2.6061224489795918
EBP,0.14285714285714285,0.42857142857142855,1.8265306122448979
ECD,0.36122448979591837,0.1469387755102041,2.4551020408163264
ECE1,0.31020408163265306,0.13877551020408163,2.3387755102040817
ECH1,0.5959183673469388,0.04285714285714286,3.6346938775510202
ECHDC1,0.46122448979591835,0.0836734693877551,2.8142857142857145
ECHDC2,0.37551020408163266,0.10204081632653061,2.512244897959184
ECHS1,0.3448979591836735,0.15714285714285714,2.410204081632653
ECI1,0.4204081632653061,0.12244897959183673,2.5653061224489795
ECI2,0.4816326530612245,0.08571428571428572,2.759183673469388
ECM1,0.6918367346938775,0.006122448979591836,3.6142857142857143
ECPAS,0.3836734693877551,0.1510204081632653,2.5408163265306123
ECSIT,0.41020408163265304,0.11020408163265306,2.646938775510204
ECT2,0.9102040816326531,0.0020408163265306124,6.524489795918368
EDA,0.13877551020408163,0.3979591836734694,1.8551020408163266
EDA2R,0.1326530612244898,0.4,1.8244897959183672
EDAR,0.5836734693877551,0.024489795918367346,3.093877551020408
EDARADD,0.6530612244897959,0.012244897959183673,3.3346938775510204
EDC3,0.4673469387755102,0.07551020408163266,2.746938775510204
EDC4,0.39387755102040817,0.10816326530612246,2.6020408163265305
EDEM1,0.16938775510204082,0.31020408163265306,1.9918367346938775
EDEM3,0.6653061224489796,0.00816326530612245,3.3836734693877553
EDF1,0.37142857142857144,0.1469387755102041,2.5326530612244897
EDIL3,0.1469387755102041,0.2979591836734694,1.926530612244898
EDN1,0.4857142857142857,0.0836734693877551,2.8224489795918366
EDN2,0.4020408163265306,0.09795918367346938,2.595918367346939
EDN3,0.5693877551020409,0.044897959183673466,3.2020408163265306
EDNRA,0.23469387755102042,0.22653061224489796,2.142857142857143
EDNRB,0.2755102040816326,0.24285714285714285,2.26734693877551
EEA1,0.5081632653061224,0.03877551020408163,2.8836734693877553
EED,0.463265306122449,0.08979591836734693,2.753061224489796
EEF1A1,0.48367346938775513,0.0673469387755102,2.8387755102040817
EEF1A2,0.5816326530612245,0.04693877551020408,3.23265306122449
EEF1B2,0.4714285714285714,0.07346938775510205,2.7755102040816326
EEF1D,0.7020408163265306,0.02040816326530612,3.7857142857142856
EEF1E1,0.48367346938775513,0.08571428571428572,2.789795918367347
EEF1G,0.4816326530612245,0.04285714285714286,2.7653061224489797
EEF2,0.3877551020408163,0.1510204081632653,2.4816326530612245
EEF2K,0.44081632653061226,0.09183673469387756,2.646938775510204
EEFSEC,0.7795918367346939,0.022448979591836733,3.9673469387755103
EFEMP1,0.673469387755102,0.00816326530612245,3.693877551020408
EFEMP2,0.5,0.044897959183673466,2.8653061224489798
EFHC1,0.5244897959183673,0.04693877551020408,3.048979591836735
EFHD2,0.3306122448979592,0.13877551020408163,2.3938775510204082
EFNA1,0.6877551020408164,0.00816326530612245,3.4979591836734696
EFNA2,0.37142857142857144,0.1653061224489796,2.4285714285714284
EFNA3,0.6877551020408164,0.00816326530612245,3.5
EFNA4,0.6877551020408164,0.00816326530612245,3.5
EFNA5,0.15510204081632653,0.3040816326530612,1.920408163265306
EFNB1,0.14081632653061224,0.3979591836734694,1.853061224489796
EFNB3,0.2612244897959184,0.2612244897959184,2.1714285714285713
EFTUD2,0.5204081632653061,0.07142857142857142,2.9285714285714284
EGF,0.24489795918367346,0.18571428571428572,2.2
EGFR,0.5938775510204082,0.04081632653061224,4.340816326530613
EGLN1,0.6530612244897959,0.012244897959183673,3.326530612244898
EGLN2,0.5244897959183673,0.0673469387755102,3.293877551020408
EGLN3,0.4387755102040816,0.12448979591836734,2.7816326530612243
EGR1,0.18775510204081633,0.2755102040816326,2.010204081632653
EGR2,0.3489795918367347,0.14285714285714285,2.453061224489796
EGR4,0.6387755102040816,0.01020408163265306,3.3979591836734695
EHBP1,0.6816326530612244,0.004081632653061225,3.9020408163265308
EHD1,0.49387755102040815,0.04693877551020408,2.8224489795918366
EHD2,0.4816326530612245,0.08163265306122448,2.7918367346938777
EHD3,0.6448979591836734,0.0163265306122449,3.3816326530612244
EHD4,0.38979591836734695,0.11632653061224489,2.548979591836735
EHHADH,0.8979591836734694,0.004081632653061225,6.479591836734694
EHMT1,0.373469387755102,0.1510204081632653,2.5285714285714285
EHMT2,0.47346938775510206,0.07346938775510205,2.757142857142857
EID3,0.5081632653061224,0.05102040816326531,2.842857142857143
EIF1,0.5040816326530613,0.08571428571428572,2.8510204081632655
EIF1AX,0.1346938775510204,0.42857142857142855,1.8693877551020408
EIF2A,0.8551020408163266,0.014285714285714285,5.069387755102041
EIF2AK1,0.6040816326530613,0.03469387755102041,3.2755102040816326
EIF2AK2,0.6428571428571429,0.02040816326530612,3.3510204081632655
EIF2AK3,0.6204081632653061,0.022448979591836733,3.2244897959183674
EIF2AK4,0.3836734693877551,0.11836734693877551,2.5387755102040814
EIF2B1,0.5020408163265306,0.05102040816326531,2.8244897959183675
EIF2B2,0.41836734693877553,0.12857142857142856,2.6612244897959183
EIF2B3,0.39591836734693875,0.09795918367346938,2.563265306122449
EIF2B4,0.6448979591836734,0.014285714285714285,3.377551020408163
EIF2D,0.6551020408163265,0.00816326530612245,3.3
EIF2S1,0.4061224489795918,0.14489795918367346,2.593877551020408
EIF2S2,0.6285714285714286,0.02040816326530612,3.483673469387755
EIF2S3,0.13673469387755102,0.4306122448979592,1.9
EIF3A,0.32653061224489793,0.14285714285714285,2.3714285714285714
EIF3B,0.5918367346938775,0.03469387755102041,3.257142857142857
EIF3C,0.47551020408163264,0.06326530612244897,2.7551020408163267
EIF3D,0.5510204081632653,0.05918367346938776,3.1244897959183673
EIF3E,0.7,0.014285714285714285,3.836734693877551
EIF3F,0.33877551020408164,0.16326530612244897,2.3653061224489798
EIF3G,0.41020408163265304,0.10816326530612246,2.6285714285714286
EIF3H,0.7204081632653061,0.01020408163265306,3.8081632653061224
EIF3I,0.35714285714285715,0.11224489795918367,2.436734693877551
EIF3J,0.4061224489795918,0.11632653061224489,2.573469387755102
EIF3K,0.6,0.04285714285714286,3.63265306122449
EIF3L,0.5530612244897959,0.05714285714285714,3.1408163265306124
EIF3M,0.45510204081632655,0.09795918367346938,2.7489795918367346
EIF4A1,0.25918367346938775,0.2612244897959184,2.16734693877551
EIF4A2,0.889795918367347,0.01020408163265306,6.03265306122449
EIF4B,0.5265306122448979,0.0326530612244898,2.9285714285714284
EIF4E,0.2612244897959184,0.19387755102040816,2.206122448979592
EIF4E1B,0.20612244897959184,0.2673469387755102,2.046938775510204
EIF4E2,0.39387755102040817,0.10408163265306122,2.5448979591836736
EIF4E3,0.10408163265306122,0.38571428571428573,1.7530612244897958
EIF4EBP1,0.5265306122448979,0.11836734693877551,4.053061224489796
EIF4EBP3,0.1836734693877551,0.2714285714285714,2.0020408163265304
EIF4ENIF1,0.5775510204081633,0.05102040816326531,3.2551020408163267
EIF4G1,0.9020408163265307,0.0020408163265306124,6.510204081632653
EIF4G2,0.3510204081632653,0.15714285714285714,2.4346938775510205
EIF4G3,0.3122448979591837,0.13877551020408163,2.342857142857143
EIF4H,0.5673469387755102,0.03877551020408163,3.23265306122449
EIF5,0.463265306122449,0.10816326530612246,2.842857142857143
EIF5A,0.25918367346938775,0.25918367346938775,2.169387755102041
EIF5A2,0.9102040816326531,0.0020408163265306124,6.463265306122449
EIF5AL1,0.3448979591836735,0.15306122448979592,2.4204081632653063
EIF5B,0.5959183673469388,0.0163265306122449,3.210204081632653
EIF6,0.6265306122448979,0.014285714285714285,3.487755102040816
ELAC2,0.2612244897959184,0.25918367346938775,2.179591836734694
ELANE,0.3693877551020408,0.17142857142857143,2.426530612244898
ELAVL1,0.40408163265306124,0.12857142857142856,2.585714285714286
ELF1,0.20816326530612245,0.2673469387755102,2.063265306122449
ELF2,0.23469387755102042,0.21836734693877552,2.1489795918367345
ELF3,0.6551020408163265,0.00816326530612245,3.2979591836734694
ELK4,0.6530612244897959,0.00816326530612245,3.3102040816326532
ELL,0.47346938775510206,0.07959183673469387,2.8591836734693876
ELL2,0.1469387755102041,0.30612244897959184,1.9346938775510205
ELL3,0.40408163265306124,0.11632653061224489,2.5755102040816324
ELMO1,0.5653061224489796,0.04897959183673469,3.183673469387755
ELMO2,0.5897959183673469,0.03469387755102041,3.3183673469387753
ELMO3,0.39387755102040817,0.10816326530612246,2.6020408163265305
ELOA,0.3163265306122449,0.14489795918367346,2.3510204081632655
ELOA2,0.3877551020408163,0.13673469387755102,2.625766871165644
ELOB,0.4204081632653061,0.12448979591836734,2.563265306122449
ELOC,0.6224489795918368,0.026530612244897958,3.526530612244898
ELOVL1,0.4020408163265306,0.09795918367346938,2.6020408163265305
ELOVL2,0.48775510204081635,0.08571428571428572,2.8183673469387753
ELOVL3,0.3020408163265306,0.16938775510204082,2.2775510204081635
ELOVL4,0.47551020408163264,0.0673469387755102,2.8183673469387753
ELOVL5,0.5244897959183673,0.04897959183673469,3.048979591836735
ELOVL6,0.24489795918367346,0.18571428571428572,2.2
ELOVL7,0.1653061224489796,0.2979591836734694,1.993877551020408
ELP1,0.3795918367346939,0.1489795918367347,2.553061224489796
ELP2,0.41020408163265304,0.11020408163265306,2.726530612244898
ELP3,0.22857142857142856,0.32040816326530613,2.0693877551020408
ELP4,0.4448979591836735,0.10204081632653061,2.726530612244898
ELP5,0.25918367346938775,0.25918367346938775,2.1755102040816325
EMB,0.2816326530612245,0.22040816326530613,2.475510204081633
EMC1,0.3163265306122449,0.13877551020408163,2.357142857142857
EMC10,0.5040816326530613,0.06938775510204082,2.8653061224489798
EMC2,0.7020408163265306,0.012244897959183673,3.8142857142857145
EMC4,0.38571428571428573,0.11836734693877551,2.563265306122449
EMC6,0.2693877551020408,0.24897959183673468,2.1979591836734693
EMC7,0.3877551020408163,0.11632653061224489,2.5673469387755103
EMC8,0.35306122448979593,0.1469387755102041,2.463265306122449
EMD,0.18979591836734694,0.336734693877551,1.989795918367347
EME1,0.5714285714285714,0.04285714285714286,3.0918367346938775
EME2,0.42244897959183675,0.12244897959183673,2.573469387755102
EMG1,0.6204081632653061,0.012244897959183673,3.553061224489796
EML1,0.463265306122449,0.10408163265306122,2.869387755102041
EML4,0.6489795918367347,0.02040816326530612,3.4306122448979592
EMSY,0.4857142857142857,0.07142857142857142,2.842857142857143
ENAH,0.6612244897959184,0.01020408163265306,3.3387755102040817
ENAM,0.363265306122449,0.1489795918367347,2.610204081632653
ENC1,0.1469387755102041,0.3020408163265306,1.920408163265306
ENDOG,0.3653061224489796,0.15306122448979592,2.4959183673469387
ENG,0.3653061224489796,0.15306122448979592,2.5040816326530613
ENGASE,0.5938775510204082,0.05510204081632653,3.163265306122449
ENKUR,0.37551020408163266,0.14081632653061224,2.553061224489796
ENO1,0.3346938775510204,0.1306122448979592,2.410204081632653
ENO2,0.6204081632653061,0.012244897959183673,3.553061224489796
ENO3,0.2653061224489796,0.2530612244897959,2.1897959183673468
ENPEP,0.24489795918367346,0.18571428571428572,2.2
ENPP2,0.7204081632653061,0.01020408163265306,3.842857142857143
ENPP3,0.463265306122449,0.07959183673469387,2.73265306122449
ENPP6,0.21224489795918366,0.2816326530612245,2.0795918367346937
ENPP7,0.5897959183673469,0.05714285714285714,3.1530612244897958
ENSA,0.6918367346938775,0.006122448979591836,3.6142857142857143
ENTPD2,0.37142857142857144,0.1469387755102041,2.5326530612244897
ENTPD3,0.1326530612244898,0.33877551020408164,1.8714285714285714
ENTPD4,0.21836734693877552,0.3306122448979592,2.024489795918367
ENTPD5,0.4142857142857143,0.12857142857142856,2.6510204081632653
ENTPD6,0.5918367346938775,0.03877551020408163,3.342857142857143
ENTPD8,0.373469387755102,0.1469387755102041,2.5326530612244897
ENY2,0.7020408163265306,0.012244897959183673,3.7714285714285714
EOGT,0.10408163265306122,0.373469387755102,1.7673469387755103
EOMES,0.14285714285714285,0.3346938775510204,1.889795918367347
EP300,0.5591836734693878,0.06326530612244897,3.1122448979591835
EPAS1,0.6571428571428571,0.018367346938775512,3.5714285714285716
EPB41,0.3306122448979592,0.12857142857142856,2.3816326530612244
EPB41L1,0.6142857142857143,0.02040816326530612,3.4551020408163264
EPB41L2,0.46122448979591835,0.07959183673469387,2.7285714285714286
EPB41L3,0.5061224489795918,0.07142857142857142,3.016326530612245
EPB41L5,0.5836734693877551,0.02857142857142857,3.1285714285714286
EPC1,0.39183673469387753,0.12653061224489795,2.6183673469387756
EPC2,0.5306122448979592,0.053061224489795916,2.9244897959183676
EPCAM,0.6673469387755102,0.0163265306122449,3.659183673469388
EPGN,0.363265306122449,0.14489795918367346,2.6510204081632653
EPHA1,0.5387755102040817,0.07755102040816327,3.089795918367347
EPHA10,0.3795918367346939,0.1,2.6163265306122447
EPHA2,0.32448979591836735,0.14285714285714285,2.3816326530612244
EPHA3,0.24897959183673468,0.2979591836734694,2.279591836734694
EPHA4,0.40816326530612246,0.10408163265306122,2.6061224489795918
EPHA5,0.363265306122449,0.1469387755102041,2.610204081632653
EPHA7,0.4530612244897959,0.09183673469387756,2.7244897959183674
EPHA8,0.3183673469387755,0.14285714285714285,2.389795918367347
EPHB1,0.7918367346938775,0.024489795918367346,4.179591836734694
EPHB2,0.3163265306122449,0.14285714285714285,2.373469387755102
EPHB3,0.9020408163265307,0.0020408163265306124,6.5
EPHB4,0.5836734693877551,0.036734693877551024,3.436734693877551
EPHB6,0.5387755102040817,0.07346938775510205,3.0979591836734692
EPHX1,0.6591836734693878,0.01020408163265306,3.33265306122449
EPHX2,0.22653061224489796,0.32448979591836735,2.061224489795918
EPM2A,0.46938775510204084,0.0836734693877551,2.720408163265306
EPM2AIP1,0.13877551020408163,0.336734693877551,1.8938775510204082
EPN1,0.5387755102040817,0.061224489795918366,2.9959183673469387
EPN2,0.2897959183673469,0.23469387755102042,2.283673469387755
EPN3,0.5714285714285714,0.04285714285714286,3.095918367346939
EPO,0.5857142857142857,0.036734693877551024,3.451020408163265
EPOR,0.40816326530612246,0.11020408163265306,2.626530612244898
EPPK1,0.7040816326530612,0.02040816326530612,3.789795918367347
EPS15,0.37755102040816324,0.10408163265306122,2.524489795918367
EPS15L1,0.44693877551020406,0.09795918367346938,2.7612244897959184
EPS8L2,0.3346938775510204,0.18775510204081633,2.33265306122449
ERAL1,0.49387755102040815,0.09795918367346938,2.8938775510204082
ERBB2,0.5102040816326531,0.08163265306122448,3.304081632653061
ERBB3,0.5244897959183673,0.0326530612244898,2.926530612244898
ERBB4,0.42857142857142855,0.09591836734693877,2.642857142857143
ERBIN,0.15918367346938775,0.2979591836734694,1.9653061224489796
ERC1,0.6244897959183674,0.02040816326530612,3.526530612244898
ERCC1,0.49795918367346936,0.05918367346938776,2.914285714285714
ERCC2,0.5020408163265306,0.05918367346938776,2.9224489795918367
ERCC3,0.5530612244897959,0.04081632653061224,2.9959183673469387
ERCC4,0.4530612244897959,0.09795918367346938,2.66734693877551
ERCC6,0.37551020408163266,0.1469387755102041,2.4673469387755103
ERCC6L,0.1489795918367347,0.39387755102040817,1.873469387755102
ERCC8,0.1653061224489796,0.2979591836734694,1.993877551020408
EREG,0.363265306122449,0.14489795918367346,2.6510204081632653
ERF,0.5020408163265306,0.0653061224489796,2.953061224489796
ERG28,0.4163265306122449,0.12653061224489795,2.6653061224489796
ERGIC1,0.19795918367346937,0.26326530612244897,2.0306122448979593
ERGIC2,0.6061224489795919,0.02040816326530612,3.5408163265306123
ERGIC3,0.6244897959183674,0.014285714285714285,3.477551020408163
ERH,0.4,0.13877551020408163,2.595918367346939
ERLEC1,0.6714285714285714,0.00816326530612245,3.6489795918367345
ERLIN1,0.3020408163265306,0.17142857142857143,2.2857142857142856
ERMAP,0.40408163265306124,0.09795918367346938,2.6081632653061226
ERN1,0.610204081632653,0.04693877551020408,3.1857142857142855
ERO1A,0.42653061224489797,0.12653061224489795,2.695918367346939
ERO1B,0.6530612244897959,0.012244897959183673,3.33265306122449
ERP27,0.6020408163265306,0.02040816326530612,3.4653061224489794
ERP44,0.37142857142857144,0.15306122448979592,2.5428571428571427
ERRFI1,0.336734693877551,0.1326530612244898,2.4122448979591837
ERVW-1,0.6081632653061224,0.024489795918367346,3.595918367346939
ESAM,0.4142857142857143,0.11836734693877551,2.5795918367346937
ESCO1,0.4897959183673469,0.05714285714285714,2.9081632653061225
ESCO2,0.22857142857142856,0.3224489795918367,2.0693877551020408
ESD,0.21836734693877552,0.26326530612244897,2.0755102040816324
ESF1,0.6020408163265306,0.0326530612244898,3.4081632653061225
ESPL1,0.5265306122448979,0.0326530612244898,2.9326530612244897
ESR1,0.45918367346938777,0.08979591836734693,2.706122448979592
ESR2,0.41020408163265304,0.14081632653061224,2.6285714285714286
ESRP1,0.6714285714285714,0.018367346938775512,3.6183673469387756
ESRP2,0.3979591836734694,0.10612244897959183,2.610204081632653
ESRRA,0.49183673469387756,0.044897959183673466,2.793877551020408
ESRRB,0.4163265306122449,0.12653061224489795,2.6530612244897958
ESRRG,0.6551020408163265,0.012244897959183673,3.3387755102040817
ESS2,0.573469387755102,0.05714285714285714,3.236734693877551
ESYT1,0.5265306122448979,0.0326530612244898,2.9285714285714284
ESYT2,0.5163265306122449,0.10816326530612246,2.9653061224489794
ESYT3,0.8142857142857143,0.0163265306122449,4.351020408163265
ETF1,0.18775510204081633,0.2755102040816326,2.010204081632653
ETFA,0.47959183673469385,0.07346938775510205,2.7775510204081635
ETFB,0.5061224489795918,0.06938775510204082,2.8714285714285714
ETFBKMT,0.6061224489795919,0.018367346938775512,3.5510204081632653
ETFDH,0.2163265306122449,0.23469387755102042,2.1
ETFRF1,0.6142857142857143,0.02040816326530612,3.7
ETHE1,0.5102040816326531,0.061224489795918366,2.9551020408163264
ETNK1,0.6163265306122448,0.018367346938775512,3.706122448979592
ETS1,0.40408163265306124,0.12040816326530612,2.573469387755102
ETS2,0.30612244897959184,0.17346938775510204,2.3448979591836734
ETV1,0.5897959183673469,0.03469387755102041,3.283673469387755
ETV3,0.6816326530612244,0.00816326530612245,3.4714285714285715
ETV4,0.5122448979591837,0.07755102040816327,2.8979591836734695
ETV5,0.8938775510204081,0.006122448979591836,6.191836734693878
ETV6,0.6,0.02040816326530612,3.479591836734694
ETV7,0.4714285714285714,0.07755102040816327,2.7346938775510203
EVA1A,0.6428571428571429,0.006122448979591836,3.404081632653061
EVA1C,0.32448979591836735,0.15510204081632653,2.3653061224489798
EVC,0.27346938775510204,0.23673469387755103,2.210204081632653
EVC2,0.2714285714285714,0.23673469387755103,2.206122448979592
EVI2A,0.4857142857142857,0.10612244897959183,2.8102040816326532
EVI2B,0.48367346938775513,0.10816326530612246,2.8
EVI5,0.34285714285714286,0.11632653061224489,2.4693877551020407
EVL,0.463265306122449,0.10612244897959183,2.86734693877551
EVPL,0.6163265306122448,0.05102040816326531,3.204081632653061
EWSR1,0.5775510204081633,0.053061224489795916,3.2489795918367346
EXO1,0.6469387755102041,0.014285714285714285,3.33265306122449
EXOC1,0.4163265306122449,0.12857142857142856,3.0285714285714285
EXOC2,0.46938775510204084,0.1,2.736734693877551
EXOC3,0.7938775510204081,0.018367346938775512,4.673469387755102
EXOC3L1,0.39387755102040817,0.10816326530612246,2.6020408163265305
EXOC4,0.5306122448979592,0.07346938775510205,3.053061224489796
EXOC5,0.4204081632653061,0.1326530612244898,2.6510204081632653
EXOC6,0.3020408163265306,0.17142857142857143,2.3
EXOC6B,0.636734693877551,0.006122448979591836,3.4020408163265308
EXOC7,0.6142857142857143,0.05102040816326531,3.1979591836734693
EXOC8,0.6530612244897959,0.014285714285714285,3.3244897959183675
EXOSC1,0.2979591836734694,0.17346938775510204,2.273469387755102
EXOSC10,0.3326530612244898,0.14285714285714285,2.377551020408163
EXOSC2,0.37551020408163266,0.1469387755102041,2.520408163265306
EXOSC3,0.32448979591836735,0.2163265306122449,2.5081632653061225
EXOSC4,0.7040816326530612,0.02040816326530612,3.7918367346938777
EXOSC5,0.5102040816326531,0.06326530612244897,2.9938775510204083
EXOSC6,0.39387755102040817,0.11224489795918367,2.5979591836734692
EXOSC7,0.11836734693877551,0.3469387755102041,1.810204081632653
EXOSC8,0.21836734693877552,0.25510204081632654,2.083673469387755
EXOSC9,0.23877551020408164,0.18979591836734694,2.1857142857142855
EXPH5,0.4122448979591837,0.11428571428571428,2.63265306122449
EXT1,0.7204081632653061,0.01020408163265306,3.8244897959183675
EXT2,0.463265306122449,0.09795918367346938,2.730612244897959
EXTL1,0.3183673469387755,0.1489795918367347,2.3653061224489798
EXTL2,0.31020408163265306,0.1326530612244898,2.357142857142857
EXTL3,0.23265306122448978,0.3163265306122449,2.1142857142857143
EYA1,0.610204081632653,0.024489795918367346,3.4714285714285715
EYA2,0.5897959183673469,0.03469387755102041,3.320408163265306
EYA3,0.32653061224489793,0.1306122448979592,2.377551020408163
EYA4,0.46530612244897956,0.08163265306122448,2.7020408163265306
EZH1,0.5040816326530613,0.08571428571428572,2.853061224489796
EZH2,0.5326530612244897,0.08163265306122448,3.0306122448979593
EZR,0.45510204081632655,0.08979591836734693,2.710204081632653
F10,0.3408163265306122,0.21428571428571427,2.6714285714285713
F11,0.21428571428571427,0.2836734693877551,2.0795918367346937
F11R,0.689795918367347,0.006122448979591836,3.630612244897959
F12,0.21020408163265306,0.2653061224489796,2.0653061224489795
F13A1,0.48367346938775513,0.08775510204081632,2.804081632653061
F13B,0.6612244897959184,0.012244897959183673,3.3081632653061224
F2,0.48775510204081635,0.08571428571428572,2.7857142857142856
F2R,0.1510204081632653,0.3040816326530612,1.9224489795918367
F2RL1,0.1510204081632653,0.3040816326530612,1.9224489795918367
F2RL2,0.1510204081632653,0.3040816326530612,1.9224489795918367
F2RL3,0.44693877551020406,0.09591836734693877,2.7387755102040816
F3,0.3346938775510204,0.11632653061224489,2.4346938775510205
F5,0.6816326530612244,0.00816326530612245,3.4918367346938775
F7,0.33877551020408164,0.21428571428571427,2.5775510204081633
F8,0.18979591836734694,0.336734693877551,2.0061224489795917
F9,0.1653061224489796,0.3489795918367347,1.920408163265306
FA2H,0.37142857142857144,0.12448979591836734,2.5387755102040814
FAAH,0.39591836734693875,0.10204081632653061,2.5673469387755103
FAAP100,0.5816326530612245,0.06326530612244897,3.1061224489795918
FAAP24,0.5816326530612245,0.03877551020408163,3.4571428571428573
FABP1,0.6224489795918368,0.02040816326530612,3.220408163265306
FABP2,0.23469387755102042,0.19183673469387755,2.1755102040816325
FABP3,0.3448979591836735,0.12040816326530612,2.414285714285714
FABP4,0.6265306122448979,0.026530612244897958,3.5387755102040814
FABP5,0.6265306122448979,0.02857142857142857,3.5408163265306123
FABP7,0.463265306122449,0.07959183673469387,2.6979591836734693
FADD,0.5775510204081633,0.044897959183673466,5.030612244897959
FADS1,0.4816326530612245,0.04285714285714286,2.76734693877551
FADS2,0.4816326530612245,0.04285714285714286,2.76734693877551
FADS6,0.610204081632653,0.04897959183673469,3.2
FAF1,0.3795918367346939,0.10408163265306122,2.4959183673469387
FAF2,0.20612244897959184,0.2653061224489796,2.048979591836735
FAH,0.4857142857142857,0.0673469387755102,2.804081632653061
FAHD1,0.42244897959183675,0.12244897959183673,2.573469387755102
FAIM,0.8163265306122449,0.0163265306122449,4.353061224489796
FAM110A,0.6061224489795919,0.036734693877551024,3.4081632653061225
FAM110B,0.6020408163265306,0.036734693877551024,3.3836734693877553
FAM110C,0.5877551020408164,0.05918367346938776,3.2448979591836733
FAM120B,0.45714285714285713,0.08979591836734693,2.73265306122449
FAM13A,0.29591836734693877,0.18571428571428572,2.289795918367347
FAM13B,0.18571428571428572,0.27755102040816326,2.0061224489795917
FAM161A,0.6857142857142857,0.0020408163265306124,3.938775510204082
FAM20A,0.6183673469387755,0.04285714285714286,3.220408163265306
FAM20B,0.6653061224489796,0.012244897959183673,3.4020408163265308
FAM20C,0.5918367346938775,0.0326530612244898,3.2755102040816326
FAM220A,0.6040816326530613,0.036734693877551024,3.2714285714285714
FAM3C,0.5530612244897959,0.07142857142857142,3.1755102040816325
FAM83D,0.6020408163265306,0.022448979591836733,3.369387755102041
FAM8A1,0.4857142857142857,0.07551020408163266,2.8142857142857145
FAM98B,0.38571428571428573,0.12040816326530612,2.5551020408163265
FAM9A,0.12857142857142856,0.43673469387755104,1.8346938775510204
FAN1,0.3979591836734694,0.12448979591836734,2.5755102040816324
FANCA,0.3653061224489796,0.14081632653061224,2.5061224489795917
FANCC,0.3693877551020408,0.1510204081632653,2.512244897959184
FANCD2,0.15918367346938775,0.3040816326530612,1.9653061224489796
FANCE,0.47346938775510206,0.07959183673469387,2.720408163265306
FANCF,0.41020408163265304,0.11224489795918367,2.6040816326530614
FANCG,0.37755102040816324,0.19591836734693877,2.763265306122449
FANCI,0.5244897959183673,0.05102040816326531,3.020408163265306
FANCL,0.6836734693877551,0.00816326530612245,3.804081632653061
FANCM,0.4142857142857143,0.13673469387755102,2.646938775510204
FAR1,0.3836734693877551,0.1346938775510204,2.6551020408163266
FAR2,0.6061224489795919,0.02040816326530612,3.546938775510204
FARP1,0.29591836734693877,0.23265306122448978,2.295918367346939
FARP2,0.4061224489795918,0.10612244897959183,2.5918367346938775
FARS2,0.4816326530612245,0.08571428571428572,2.7653061224489797
FARSA,0.4142857142857143,0.10816326530612246,2.679591836734694
FARSB,0.41020408163265304,0.10204081632653061,2.610204081632653
FAS,0.29183673469387755,0.18979591836734694,2.230612244897959
FASLG,0.6816326530612244,0.00816326530612245,3.4612244897959186
FASN,0.5755102040816327,0.07346938775510205,3.081799591002045
FASTK,0.5326530612244897,0.08775510204081632,3.0285714285714285
FASTKD2,0.46122448979591835,0.07959183673469387,2.7387755102040816
FAT1,0.22653061224489796,0.2714285714285714,2.1142857142857143
FAT4,0.23469387755102042,0.19795918367346937,2.163265306122449
FBF1,0.6163265306122448,0.05102040816326531,3.204081632653061
FBH1,0.3816326530612245,0.15510204081632653,2.5387755102040814
FBL,0.5714285714285714,0.05510204081632653,3.553061224489796
FBLIM1,0.32653061224489793,0.14081632653061224,2.3877551020408165
FBLL1,0.18775510204081633,0.2673469387755102,2.020408163265306
FBLN1,0.5326530612244897,0.07959183673469387,3.026530612244898
FBLN2,0.1489795918367347,0.3122448979591837,1.9306122448979592
FBLN5,0.44693877551020406,0.11428571428571428,2.7448979591836733
FBN1,0.42244897959183675,0.11020408163265306,2.6346938775510202
FBN2,0.15306122448979592,0.2938775510204082,1.9285714285714286
FBN3,0.4061224489795918,0.12653061224489795,2.5918367346938775
FBP1,0.373469387755102,0.1510204081632653,2.520408163265306
FBP2,0.373469387755102,0.1510204081632653,2.524489795918367
FBXL12,0.4122448979591837,0.11224489795918367,2.626530612244898
FBXL14,0.6285714285714286,0.018367346938775512,3.5551020408163265
FBXL2,0.14489795918367346,0.3326530612244898,1.9
FBXL20,0.5020408163265306,0.08775510204081632,2.9183673469387754
FBXL3,0.2795918367346939,0.24081632653061225,2.2877551020408164
FBXL4,0.44693877551020406,0.09387755102040816,2.6857142857142855
FBXL5,0.25510204081632654,0.24693877551020407,2.1816326530612247
FBXL7,0.8040816326530612,0.00816326530612245,4.802040816326531
FBXO10,0.32857142857142857,0.21836734693877552,2.526530612244898
FBXO11,0.6673469387755102,0.014285714285714285,3.6551020408163266
FBXO15,0.3551020408163265,0.1816326530612245,2.438775510204082
FBXO17,0.5938775510204082,0.044897959183673466,3.6918367346938776
FBXO2,0.3346938775510204,0.13877551020408163,2.3857142857142857
FBXO21,0.5020408163265306,0.04897959183673469,2.8489795918367347
FBXO22,0.47959183673469385,0.07142857142857142,2.7918367346938777
FBXO25,0.23877551020408164,0.32653061224489793,2.089795918367347
FBXO27,0.5918367346938775,0.044897959183673466,3.6714285714285713
FBXO3,0.4530612244897959,0.1,2.7285714285714286
FBXO31,0.35306122448979593,0.14489795918367346,2.4591836734693877
FBXO38,0.17959183673469387,0.27346938775510204,2.0020408163265304
FBXO4,0.773469387755102,0.018367346938775512,4.561224489795919
FBXO40,0.7693877551020408,0.024489795918367346,3.9653061224489794
FBXO44,0.3346938775510204,0.13877551020408163,2.3857142857142857
FBXO45,0.8816326530612245,0.012244897959183673,5.708163265306123
FBXO5,0.45714285714285713,0.08775510204081632,2.706122448979592
FBXO6,0.3346938775510204,0.13877551020408163,2.3857142857142857
FBXO7,0.5673469387755102,0.05510204081632653,3.206122448979592
FBXO8,0.21020408163265306,0.2612244897959184,2.0714285714285716
FBXO9,0.5224489795918368,0.04897959183673469,3.048979591836735
FBXW11,0.19795918367346937,0.2673469387755102,2.024489795918367
FBXW2,0.3816326530612245,0.1489795918367347,2.5387755102040814
FBXW4,0.3020408163265306,0.16938775510204082,2.2775510204081635
FBXW5,0.37142857142857144,0.1469387755102041,2.5326530612244897
FBXW7,0.22448979591836735,0.23265306122448978,2.1040816326530614
FBXW8,0.5020408163265306,0.04897959183673469,2.8489795918367347
FCAR,0.5285714285714286,0.06326530612244897,2.926530612244898
FCER1A,0.6877551020408164,0.00816326530612245,3.512244897959184
FCER1G,0.689795918367347,0.006122448979591836,3.626530612244898
FCER2,0.4061224489795918,0.12857142857142856,2.5795918367346937
FCF1,0.4163265306122449,0.12857142857142856,2.657142857142857
FCGR1A,0.6795918367346939,0.006122448979591836,3.512244897959184
FCGR2A,0.6918367346938775,0.006122448979591836,3.5979591836734692
FCGR2B,0.6918367346938775,0.006122448979591836,3.5979591836734692
FCGRT,0.4897959183673469,0.06938775510204082,2.830612244897959
FCN1,0.37142857142857144,0.1469387755102041,2.516326530612245
FCN2,0.37142857142857144,0.1469387755102041,2.516326530612245
FCN3,0.3224489795918367,0.13673469387755102,2.369387755102041
FDPS,0.6877551020408164,0.00816326530612245,3.5
FDX1,0.4122448979591837,0.11428571428571428,2.63265306122449
FDX2,0.41020408163265304,0.10816326530612246,2.6408163265306124
FDXR,0.610204081632653,0.04897959183673469,3.2
FECH,0.35714285714285715,0.1653061224489796,2.4571428571428573
FEM1A,0.40408163265306124,0.1346938775510204,2.5448979591836736
FEM1B,0.46938775510204084,0.08163265306122448,2.7448979591836733
FEM1C,0.15306122448979592,0.3,1.920408163265306
FEN1,0.4816326530612245,0.04285714285714286,2.76734693877551
FER,0.15306122448979592,0.3081632653061224,1.9122448979591837
FERD3L,0.5857142857142857,0.036734693877551024,3.2816326530612243
FERMT1,0.6142857142857143,0.030612244897959183,3.4346938775510205
FERMT2,0.42448979591836733,0.12857142857142856,2.6897959183673468
FERMT3,0.49183673469387756,0.044897959183673466,2.8
FES,0.5265306122448979,0.04693877551020408,2.977551020408163
FEZ1,0.4163265306122449,0.11428571428571428,2.5877551020408163
FEZF2,0.10816326530612246,0.35918367346938773,1.8040816326530613
FFAR1,0.6061224489795919,0.04285714285714286,3.5173824130879345
FFAR2,0.6081632653061224,0.04285714285714286,3.5081632653061225
FFAR3,0.6081632653061224,0.04285714285714286,3.516326530612245
FGB,0.22244897959183674,0.23061224489795917,2.1040816326530614
FGD1,0.1489795918367347,0.4061224489795918,1.8693877551020408
FGD2,0.4775510204081633,0.07755102040816327,2.7857142857142856
FGD3,0.3693877551020408,0.1510204081632653,2.522448979591837
FGD4,0.6122448979591837,0.02040816326530612,3.5306122448979593
FGF1,0.1836734693877551,0.27346938775510204,1.9979591836734694
FGF10,0.7673469387755102,0.024489795918367346,4.524489795918368
FGF12,0.889795918367347,0.012244897959183673,5.826530612244898
FGF13,0.1653061224489796,0.3489795918367347,1.9224489795918367
FGF14,0.30612244897959184,0.23061224489795917,2.306122448979592
FGF17,0.22653061224489796,0.32448979591836735,2.0387755102040814
FGF18,0.19387755102040816,0.2673469387755102,2.0183673469387755
FGF19,0.573469387755102,0.04285714285714286,4.957142857142857
FGF2,0.23673469387755103,0.18979591836734694,2.195918367346939
FGF20,0.22857142857142856,0.3224489795918367,2.0448979591836736
FGF22,0.3693877551020408,0.17142857142857143,2.426530612244898
FGF23,0.6204081632653061,0.014285714285714285,3.5448979591836736
FGF3,0.5714285714285714,0.044897959183673466,4.96530612244898
FGF4,0.5714285714285714,0.04285714285714286,4.96734693877551
FGF5,0.3122448979591837,0.1673469387755102,2.3877551020408165
FGF6,0.6224489795918368,0.014285714285714285,3.5408163265306123
FGF7,0.4306122448979592,0.10408163265306122,2.646938775510204
FGF8,0.3020408163265306,0.16938775510204082,2.2775510204081635
FGF9,0.22857142857142856,0.2612244897959184,2.1040816326530614
FGFBP1,0.25510204081632654,0.24693877551020407,2.193877551020408
FGFR1,0.563265306122449,0.09795918367346938,4.685714285714286
FGFR1OP2,0.6122448979591837,0.022448979591836733,3.6163265306122447
FGFR2,0.3326530612244898,0.1469387755102041,2.3877551020408165
FGFR3,0.2714285714285714,0.23673469387755103,2.2346938775510203
FGFR4,0.21020408163265306,0.2673469387755102,2.061224489795918
FGFRL1,0.2693877551020408,0.24285714285714285,2.226530612244898
FGG,0.22244897959183674,0.23061224489795917,2.1040816326530614
FGL1,0.22653061224489796,0.32857142857142857,2.036734693877551
FGR,0.32653061224489793,0.1326530612244898,2.3877551020408165
FH,0.6469387755102041,0.014285714285714285,3.3346938775510204
FHL1,0.1673469387755102,0.3510204081632653,1.9244897959183673
FHL2,0.5816326530612245,0.024489795918367346,3.0918367346938775
FHL5,0.44693877551020406,0.09591836734693877,2.6918367346938776
FHOD1,0.39387755102040817,0.10816326530612246,2.5979591836734692
FIBP,0.5040816326530613,0.044897959183673466,2.8714285714285714
FIG4,0.44285714285714284,0.09795918367346938,2.6877551020408164
FIGLA,0.6428571428571429,0.006122448979591836,3.438775510204082
FIP1L1,0.42653061224489797,0.12448979591836734,2.946938775510204
FIS1,0.5816326530612245,0.036734693877551024,3.4551020408163264
FIZ1,0.5387755102040817,0.061224489795918366,2.9959183673469387
FJX1,0.45918367346938777,0.09387755102040816,2.8938775510204082
FKBP10,0.5040816326530613,0.08571428571428572,2.8489795918367347
FKBP15,0.37142857142857144,0.15714285714285714,2.516326530612245
FKBP1A,0.6081632653061224,0.03469387755102041,3.406122448979592
FKBP1B,0.6306122448979592,0.024489795918367346,3.330612244897959
FKBP3,0.4142857142857143,0.13673469387755102,2.646938775510204
FKBP4,0.6306122448979592,0.014285714285714285,3.5816326530612246
FKBP5,0.47346938775510206,0.07755102040816327,2.7244897959183674
FKBP6,0.5673469387755102,0.036734693877551024,3.2448979591836733
FKBP7,0.5591836734693878,0.04285714285714286,3.1775510204081634
FKBP8,0.47346938775510206,0.07959183673469387,2.8591836734693876
FKBP9,0.5653061224489796,0.05102040816326531,3.2244897959183674
FKBPL,0.47346938775510206,0.07346938775510205,2.753061224489796
FKRP,0.48367346938775513,0.07959183673469387,2.8102040816326532
FKTN,0.3816326530612245,0.1469387755102041,2.5714285714285716
FLAD1,0.6877551020408164,0.00816326530612245,3.5
FLCN,0.2693877551020408,0.2530612244897959,2.1857142857142855
FLG,0.6877551020408164,0.00816326530612245,3.5653061224489795
FLI1,0.4020408163265306,0.12040816326530612,2.5693877551020408
FLII,0.2897959183673469,0.24081632653061225,2.253061224489796
FLNA,0.18979591836734694,0.336734693877551,1.989795918367347
FLNB,0.10612244897959183,0.35918367346938773,1.7959183673469388
FLNC,0.5346938775510204,0.07346938775510205,3.0755102040816324
FLOT1,0.47551020408163264,0.06938775510204082,2.783673469387755
FLOT2,0.49387755102040815,0.09795918367346938,2.8938775510204082
FLRT1,0.49387755102040815,0.044897959183673466,2.804081632653061
FLRT2,0.45102040816326533,0.11428571428571428,2.793877551020408
FLRT3,0.6040816326530613,0.03469387755102041,3.4
FLT1,0.22040816326530613,0.2571428571428571,2.0918367346938775
FLT3,0.22244897959183674,0.25918367346938775,2.0979591836734692
FLT3LG,0.4897959183673469,0.06938775510204082,2.830612244897959
FLT4,0.20612244897959184,0.2612244897959184,2.083673469387755
FMC1,0.5346938775510204,0.07142857142857142,3.0979591836734692
FMN1,0.38979591836734695,0.12040816326530612,2.559183673469388
FMNL1,0.5346938775510204,0.0653061224489796,2.9979591836734696
FMNL2,0.5285714285714286,0.05102040816326531,2.910204081632653
FMNL3,0.5265306122448979,0.0326530612244898,2.904081632653061
FMO1,0.6857142857142857,0.00816326530612245,3.463265306122449
FMO2,0.6857142857142857,0.00816326530612245,3.4612244897959186
FMO3,0.6857142857142857,0.00816326530612245,3.4612244897959186
FMO4,0.6857142857142857,0.00816326530612245,3.463265306122449
FMO5,0.6775510204081633,0.00816326530612245,3.489795918367347
FMOD,0.6571428571428571,0.00816326530612245,3.336734693877551
FMR1,0.17551020408163265,0.34285714285714286,1.9489795918367347
FN1,0.4163265306122449,0.11224489795918367,2.5918367346938775
FNBP1,0.373469387755102,0.1489795918367347,2.520408163265306
FNBP1L,0.33877551020408164,0.11632653061224489,2.446938775510204
FNDC5,0.3673469387755102,0.10816326530612246,2.4571428571428573
FNIP1,0.16122448979591836,0.2938775510204082,1.9326530612244899
FNIP2,0.2163265306122449,0.23469387755102042,2.1
FNTA,0.5428571428571428,0.09387755102040816,3.536734693877551
FNTB,0.40408163265306124,0.14081632653061224,2.6122448979591835
FOLH1,0.4959183673469388,0.06938775510204082,2.7918367346938777
FOLR1,0.5040816326530613,0.0673469387755102,2.9571428571428573
FOS,0.4163265306122449,0.12653061224489795,2.6653061224489796
FOSB,0.49795918367346936,0.061224489795918366,2.9122448979591837
FOSL1,0.5040816326530613,0.044897959183673466,2.8714285714285714
FOSL2,0.6448979591836734,0.014285714285714285,3.373469387755102
FOXA1,0.44693877551020406,0.12244897959183673,2.942857142857143
FOXA2,0.6020408163265306,0.036734693877551024,3.3755102040816327
FOXA3,0.4897959183673469,0.07142857142857142,2.86734693877551
FOXD3,0.36122448979591837,0.10816326530612246,2.510204081632653
FOXE1,0.373469387755102,0.1510204081632653,2.526530612244898
FOXG1,0.42857142857142855,0.12857142857142856,2.7755102040816326
FOXH1,0.7040816326530612,0.022448979591836733,3.7857142857142856
FOXJ1,0.6142857142857143,0.05102040816326531,3.1979591836734693
FOXK1,0.5959183673469388,0.0326530612244898,3.3
FOXK2,0.5653061224489796,0.07755102040816327,3.0448979591836736
FOXM1,0.6306122448979592,0.014285714285714285,3.583673469387755
FOXN1,0.4959183673469388,0.09795918367346938,2.914285714285714
FOXN3,0.4448979591836735,0.11632653061224489,2.7489795918367346
FOXN4,0.5142857142857142,0.053061224489795916,2.836734693877551
FOXO1,0.21224489795918366,0.2612244897959184,2.073469387755102
FOXO3,0.44081632653061226,0.09591836734693877,2.6816326530612247
FOXO4,0.14285714285714285,0.39591836734693875,1.8612244897959183
FOXP2,0.563265306122449,0.05714285714285714,3.2612244897959184
FOXP3,0.14285714285714285,0.4306122448979592,1.8244897959183672
FOXR1,0.41020408163265304,0.11020408163265306,2.589795918367347
FOXRED1,0.4122448979591837,0.11632653061224489,2.5877551020408163
FOXRED2,0.5510204081632653,0.05918367346938776,3.1244897959183673
FPGS,0.3653061224489796,0.15306122448979592,2.5040816326530613
FPR1,0.5102040816326531,0.0673469387755102,2.8836734693877553
FPR2,0.5102040816326531,0.0673469387755102,2.8836734693877553
FRA10AC1,0.3,0.16938775510204082,2.2857142857142856
FRAS1,0.32857142857142857,0.15510204081632653,2.479591836734694
FRAT1,0.3020408163265306,0.17346938775510204,2.279591836734694
FREM2,0.21836734693877552,0.2571428571428571,2.085714285714286
FRG1,0.23469387755102042,0.25918367346938775,2.1387755102040815
FRG2,0.23469387755102042,0.25918367346938775,2.1387755102040815
FRK,0.44693877551020406,0.09183673469387756,2.659183673469388
FRMD1,0.4448979591836735,0.08979591836734693,2.704081632653061
FRMD6,0.42653061224489797,0.12653061224489795,2.6918367346938776
FRS2,0.5510204081632653,0.024489795918367346,3.3102040816326532
FRS3,0.48775510204081635,0.07142857142857142,2.8102040816326532
FSCN1,0.6040816326530613,0.0326530612244898,3.283673469387755
FSHB,0.43673469387755104,0.10204081632653061,2.669387755102041
FSHR,0.6673469387755102,0.012244897959183673,3.6877551020408164
FST,0.21428571428571427,0.2673469387755102,2.1653061224489796
FSTL1,0.7673469387755102,0.02857142857142857,3.9979591836734696
FSTL3,0.3693877551020408,0.17142857142857143,2.426530612244898
FTCD,0.3,0.17551020408163265,2.3469387755102042
FTH1,0.4816326530612245,0.04081632653061224,2.769387755102041
FTL,0.48775510204081635,0.07346938775510205,2.8142857142857145
FTO,0.38571428571428573,0.1306122448979592,2.5714285714285716
FTSJ3,0.6122448979591837,0.04693877551020408,3.1897959183673468
FUBP1,0.35306122448979593,0.11020408163265306,2.489795918367347
FUBP3,0.37551020408163266,0.1469387755102041,2.522448979591837
FUCA1,0.3163265306122449,0.14489795918367346,2.3510204081632655
FUCA2,0.46938775510204084,0.0836734693877551,2.706122448979592
FURIN,0.5244897959183673,0.04693877551020408,2.975510204081633
FUS,0.47959183673469385,0.06326530612244897,2.7653061224489797
FUT2,0.48775510204081635,0.07551020408163266,2.8102040816326532
FUT3,0.40816326530612246,0.1326530612244898,2.5510204081632653
FUT4,0.4326530612244898,0.10612244897959183,2.6510204081632653
FUT7,0.37142857142857144,0.1469387755102041,2.5326530612244897
FUT8,0.40408163265306124,0.14285714285714285,2.610204081632653
FUT9,0.44693877551020406,0.09591836734693877,2.6897959183673468
FUZ,0.4959183673469388,0.0653061224489796,2.840816326530612
FXN,0.3346938775510204,0.1673469387755102,2.4673469387755103
FXR1,0.9081632653061225,0.0020408163265306124,7.030612244897959
FXR2,0.25918367346938775,0.2612244897959184,2.16734693877551
FXYD1,0.6061224489795919,0.04285714285714286,3.4938775510204083
FXYD2,0.40408163265306124,0.11224489795918367,2.5816326530612246
FXYD3,0.6061224489795919,0.04081632653061224,3.4918367346938775
FXYD7,0.6061224489795919,0.04285714285714286,3.4938775510204083
FYCO1,0.11836734693877551,0.3489795918367347,1.8122448979591836
FYN,0.44693877551020406,0.09387755102040816,2.726530612244898
FYTTD1,0.8795918367346939,0.012244897959183673,5.689795918367347
FZD1,0.6061224489795919,0.026530612244897958,3.5387755102040814
FZD10,0.5020408163265306,0.053061224489795916,2.8323108384458076
FZD2,0.5163265306122449,0.07551020408163266,2.9204081632653063
FZD3,0.23265306122448978,0.3163265306122449,2.1142857142857143
FZD4,0.46122448979591835,0.09183673469387756,2.740816326530612
FZD5,0.46530612244897956,0.08163265306122448,2.736734693877551
FZD6,0.6877551020408164,0.0163265306122449,3.695918367346939
FZD7,0.5142857142857142,0.05714285714285714,2.940816326530612
FZD8,0.4061224489795918,0.12244897959183673,2.673469387755102
FZD9,0.5673469387755102,0.036734693877551024,3.2448979591836733
FZR1,0.37755102040816324,0.15306122448979592,2.446938775510204
G3BP1,0.1836734693877551,0.2693877551020408,2.0081632653061225
G3BP2,0.3469387755102041,0.14285714285714285,2.6346938775510202
G6PC3,0.5122448979591837,0.07551020408163266,2.910204081632653
G6PD,0.18979591836734694,0.336734693877551,1.989795918367347
GAA,0.5897959183673469,0.05714285714285714,3.1510204081632653
GAB1,0.23877551020408164,0.21836734693877552,2.220408163265306
GAB2,0.4816326530612245,0.07142857142857142,2.8877551020408165
GABARAP,0.25918367346938775,0.25918367346938775,2.1755102040816325
GABARAPL1,0.6040816326530613,0.014285714285714285,3.5183673469387755
GABARAPL2,0.37142857142857144,0.12857142857142856,2.5714285714285716
GABBR1,0.463265306122449,0.07346938775510205,2.746938775510204
GABBR2,0.373469387755102,0.1510204081632653,2.5306122448979593
GABPA,0.32448979591836735,0.16122448979591836,2.4551020408163264
GABPB1,0.4306122448979592,0.10408163265306122,2.646938775510204
GABPB2,0.6918367346938775,0.00816326530612245,3.573469387755102
GABRA1,0.17551020408163265,0.2673469387755102,2.0
GABRA2,0.32040816326530613,0.18571428571428572,2.4081632653061225
GABRA3,0.18571428571428572,0.3408163265306122,1.9857142857142858
GABRA4,0.32448979591836735,0.18775510204081633,2.438775510204082
GABRA5,0.4122448979591837,0.11632653061224489,2.6346938775510202
GABRA6,0.17551020408163265,0.2673469387755102,2.0
GABRB1,0.32653061224489793,0.18775510204081633,2.4489795918367347
GABRB2,0.17551020408163265,0.2693877551020408,1.9979591836734694
GABRB3,0.4122448979591837,0.11428571428571428,2.6285714285714286
GABRD,0.34285714285714286,0.12653061224489795,2.453061224489796
GABRE,0.1836734693877551,0.3408163265306122,1.9836734693877551
GABRG2,0.17755102040816326,0.2653061224489796,2.0040816326530613
GABRG3,0.41020408163265304,0.11632653061224489,2.6183673469387756
GABRR1,0.4673469387755102,0.07959183673469387,2.7551020408163267
GABRR2,0.4673469387755102,0.07959183673469387,2.7612244897959184
GAD1,0.5387755102040817,0.04285714285714286,3.0306122448979593
GAD2,0.3795918367346939,0.13673469387755102,2.573469387755102
GADD45A,0.3551020408163265,0.10816326530612246,2.4489795918367347
GADD45B,0.37755102040816324,0.15306122448979592,2.451020408163265
GADD45G,0.3653061224489796,0.15306122448979592,2.522448979591837
GADD45GIP1,0.4122448979591837,0.10816326530612246,2.6755102040816325
GAK,0.2693877551020408,0.24285714285714285,2.226530612244898
GAL3ST1,0.5816326530612245,0.053061224489795916,3.304081632653061
GAL3ST2,0.41020408163265304,0.10612244897959183,2.5979591836734692
GALC,0.4448979591836735,0.11224489795918367,2.7448979591836733
GALE,0.3163265306122449,0.14489795918367346,2.3510204081632655
GALK1,0.6163265306122448,0.05102040816326531,3.210204081632653
GALK2,0.4306122448979592,0.10408163265306122,2.646938775510204
GALM,0.6448979591836734,0.02040816326530612,3.3612244897959185
GALNS,0.35714285714285715,0.14489795918367346,2.4673469387755103
GALNT1,0.41020408163265304,0.10612244897959183,2.7285714285714286
GALNT10,0.18571428571428572,0.2673469387755102,2.022448979591837
GALNT11,0.5306122448979592,0.09591836734693877,2.9918367346938775
GALNT12,0.37142857142857144,0.1510204081632653,2.526530612244898
GALNT13,0.5306122448979592,0.05510204081632653,2.9306122448979592
GALNT14,0.6469387755102041,0.0163265306122449,3.389795918367347
GALNT15,0.1469387755102041,0.3224489795918367,1.916326530612245
GALNT16,0.4,0.14081632653061224,2.593877551020408
GALNT18,0.3653061224489796,0.1489795918367347,2.5306122448979593
GALNT2,0.6551020408163265,0.012244897959183673,3.3244897959183675
GALNT3,0.5346938775510204,0.04693877551020408,3.0020408163265304
GALNT4,0.5122448979591837,0.04081632653061224,2.889795918367347
GALNT6,0.5306122448979592,0.03469387755102041,2.916326530612245
GALNT7,0.21020408163265306,0.2612244897959184,2.0714285714285716
GALNT8,0.6244897959183674,0.014285714285714285,3.546938775510204
GALR2,0.6142857142857143,0.053061224489795916,3.195918367346939
GALT,0.37755102040816324,0.19387755102040816,2.730612244897959
GAMT,0.373469387755102,0.15918367346938775,2.436734693877551
GANAB,0.4857142857142857,0.04081632653061224,2.7714285714285714
GAP43,0.7551020408163265,0.0326530612244898,3.9122448979591837
GAPDH,0.6204081632653061,0.014285714285714285,3.559183673469388
GAPDHS,0.6081632653061224,0.044897959183673466,3.5
GAPVD1,0.37755102040816324,0.15306122448979592,2.5142857142857142
GAR1,0.24693877551020407,0.18571428571428572,2.204081632653061
GART,0.32857142857142857,0.15306122448979592,2.389795918367347
GAS1,0.35714285714285715,0.15918367346938775,2.5061224489795917
GAS2,0.40816326530612246,0.11632653061224489,2.593877551020408
GAS2L1,0.5795918367346938,0.053061224489795916,3.2551020408163267
GAS6,0.3408163265306122,0.21836734693877552,2.6
GAST,0.5040816326530613,0.08571428571428572,2.8510204081632655
GATA1,0.14489795918367346,0.42857142857142855,1.8285714285714285
GATA2,0.7795918367346939,0.02040816326530612,3.9693877551020407
GATA3,0.37142857142857144,0.15714285714285714,2.5081632653061225
GATA4,0.22857142857142856,0.3306122448979592,2.0448979591836736
GATA5,0.5816326530612245,0.04693877551020408,3.240816326530612
GATA6,0.4897959183673469,0.06326530612244897,2.9938775510204083
GATAD2A,0.47346938775510206,0.0836734693877551,2.869387755102041
GATAD2B,0.6877551020408164,0.00816326530612245,3.536734693877551
GATB,0.22653061224489796,0.23265306122448978,2.1081632653061226
GATC,0.5040816326530613,0.053061224489795916,2.8285714285714287
GATM,0.40816326530612246,0.11428571428571428,2.6040816326530614
GBA2,0.37551020408163266,0.2,2.783673469387755
GBE1,0.13877551020408163,0.3693877551020408,1.8551020408163266
GBF1,0.3020408163265306,0.17142857142857143,2.2775510204081635
GBP1,0.3448979591836735,0.11836734693877551,2.463265306122449
GBP2,0.3448979591836735,0.11836734693877551,2.463265306122449
GBP3,0.3448979591836735,0.11836734693877551,2.463265306122449
GBP4,0.3448979591836735,0.11836734693877551,2.4591836734693877
GBP5,0.3448979591836735,0.11836734693877551,2.4591836734693877
GBP7,0.3448979591836735,0.11836734693877551,2.463265306122449
GC,0.3673469387755102,0.1469387755102041,2.636734693877551
GCA,0.5346938775510204,0.04897959183673469,3.0142857142857142
GCAT,0.5530612244897959,0.05714285714285714,3.1408163265306124
GCC1,0.5346938775510204,0.07755102040816327,3.048979591836735
GCC2,0.5857142857142857,0.024489795918367346,3.1122448979591835
GCDH,0.4122448979591837,0.10612244897959183,2.679591836734694
GCFC2,0.6428571428571429,0.00816326530612245,3.406122448979592
GCG,0.5346938775510204,0.04897959183673469,3.0142857142857142
GCGR,0.5775510204081633,0.0673469387755102,3.085714285714286
GCH1,0.4163265306122449,0.1326530612244898,2.66734693877551
GCHFR,0.3877551020408163,0.11836734693877551,2.5448979591836736
GCK,0.5673469387755102,0.04693877551020408,3.242857142857143
GCKR,0.6448979591836734,0.014285714285714285,3.377551020408163
GCLM,0.33877551020408164,0.11632653061224489,2.446938775510204
GCN1,0.5040816326530613,0.053061224489795916,2.8244897959183675
GCNT1,0.3489795918367347,0.16326530612244897,2.487755102040816
GCNT2,0.4857142857142857,0.08775510204081632,2.7918367346938777
GCNT3,0.4489795918367347,0.09387755102040816,2.6857142857142855
GCSH,0.36122448979591837,0.14285714285714285,2.4938775510204083
GDA,0.3408163265306122,0.15918367346938775,2.4959183673469387
GDAP1,0.6224489795918368,0.02857142857142857,3.524489795918367
GDE1,0.44285714285714284,0.09591836734693877,2.659183673469388
GDF2,0.3653061224489796,0.14489795918367346,2.4918367346938775
GDF5,0.6265306122448979,0.014285714285714285,3.4816326530612245
GDF7,0.6224489795918368,0.030612244897959183,3.336734693877551
GDF9,0.16326530612244897,0.28775510204081634,1.9469387755102041
GDI1,0.18979591836734694,0.336734693877551,1.989795918367347
GDI2,0.3816326530612245,0.15510204081632653,2.5387755102040814
GDNF,0.789795918367347,0.0163265306122449,4.610204081632653
GDPD1,0.5816326530612245,0.04897959183673469,3.1
GDPD5,0.4897959183673469,0.07142857142857142,2.8551020408163263
GEMIN2,0.4346938775510204,0.12857142857142856,2.7816326530612243
GEMIN4,0.2755102040816326,0.2510204081632653,2.2142857142857144
GEMIN5,0.1836734693877551,0.2693877551020408,2.0142857142857142
GEMIN6,0.6448979591836734,0.02040816326530612,3.3612244897959185
GEMIN7,0.5040816326530613,0.05918367346938776,2.926530612244898
GEMIN8,0.12857142857142856,0.4387755102040816,1.8489795918367347
GEN1,0.6163265306122448,0.030612244897959183,3.330612244897959
GET4,0.5897959183673469,0.03469387755102041,3.253061224489796
GFAP,0.5244897959183673,0.07142857142857142,2.9346938775510205
GFI1,0.34285714285714286,0.11632653061224489,2.4612244897959186
GFI1B,0.37551020408163266,0.15306122448979592,2.520408163265306
GFM1,0.8653061224489796,0.01020408163265306,5.289795918367347
GFM2,0.1469387755102041,0.3040816326530612,1.9183673469387754
GFPT1,0.6489795918367347,0.006122448979591836,3.4918367346938775
GFPT2,0.20612244897959184,0.25918367346938775,2.0877551020408163
GFRA1,0.3224489795918367,0.1510204081632653,2.3448979591836734
GFRA2,0.22653061224489796,0.32448979591836735,2.0387755102040814
GFRA4,0.6183673469387755,0.026530612244897958,3.4081632653061225
GGA1,0.5530612244897959,0.05714285714285714,3.136734693877551
GGA2,0.45102040816326533,0.08163265306122448,2.683673469387755
GGA3,0.6122448979591837,0.04897959183673469,3.2
GGCT,0.5673469387755102,0.044897959183673466,3.2285714285714286
GGCX,0.6408163265306123,0.012244897959183673,3.289795918367347
GGH,0.6061224489795919,0.03877551020408163,3.4714285714285715
GGPS1,0.6551020408163265,0.012244897959183673,3.3285714285714287
GGT1,0.5795918367346938,0.05510204081632653,3.2346938775510203
GGT5,0.5816326530612245,0.05510204081632653,3.2510204081632654
GGT6,0.2612244897959184,0.25510204081632654,2.179591836734694
GGT7,0.6265306122448979,0.0163265306122449,3.487755102040816
GH1,0.6122448979591837,0.04693877551020408,3.193877551020408
GH2,0.6122448979591837,0.04693877551020408,3.193877551020408
GHR,0.773469387755102,0.018367346938775512,4.555102040816327
GHRH,0.6122448979591837,0.022448979591836733,3.4244897959183676
GHRHR,0.5673469387755102,0.044897959183673466,3.2224489795918365
GHRL,0.15714285714285714,0.3081632653061224,1.9653061224489796
GHSR,0.9102040816326531,0.0020408163265306124,6.604081632653061
GID8,0.5816326530612245,0.04693877551020408,3.236734693877551
GIGYF1,0.5877551020408164,0.036734693877551024,3.453061224489796
GIMAP4,0.5306122448979592,0.08571428571428572,3.0285714285714285
GIMAP8,0.5306122448979592,0.08571428571428572,3.0285714285714285
GINS1,0.5959183673469388,0.036734693877551024,3.3469387755102042
GINS2,0.35306122448979593,0.1469387755102041,2.4673469387755103
GINS3,0.39387755102040817,0.12448979591836734,2.5795918367346937
GINS4,0.5285714285714286,0.1,3.5346938775510206
GIP,0.5551020408163265,0.044897959183673466,3.061224489795918
GIPC1,0.4326530612244898,0.10408163265306122,2.769387755102041
GIPC2,0.35306122448979593,0.11020408163265306,2.489795918367347
GIPR,0.49387755102040815,0.0673469387755102,2.879591836734694
GIT1,0.49183673469387756,0.1,2.842857142857143
GIT2,0.5122448979591837,0.053061224489795916,2.836734693877551
GJA1,0.463265306122449,0.07959183673469387,2.6979591836734693
GJA3,0.22653061224489796,0.25918367346938775,2.0795918367346937
GJD3,0.5142857142857142,0.08571428571428572,2.953061224489796
GK,0.1346938775510204,0.43673469387755104,1.846938775510204
GK2,0.3183673469387755,0.1673469387755102,2.4020408163265308
GKAP1,0.3551020408163265,0.1653061224489796,2.489795918367347
GKN2,0.6510204081632653,0.004081632653061225,3.5081632653061225
GLA,0.16938775510204082,0.3673469387755102,1.9551020408163264
GLB1,0.1469387755102041,0.3326530612244898,1.9061224489795918
GLCE,0.46530612244897956,0.07755102040816327,2.746938775510204
GLDC,0.2795918367346939,0.2897959183673469,2.320408163265306
GLE1,0.3653061224489796,0.15306122448979592,2.4979591836734696
GLG1,0.37142857142857144,0.12448979591836734,2.5306122448979593
GLI1,0.5285714285714286,0.0326530612244898,2.938775510204082
GLI2,0.5816326530612245,0.02857142857142857,3.126530612244898
GLI3,0.5673469387755102,0.04897959183673469,3.204081632653061
GLIPR1,0.5142857142857142,0.03877551020408163,2.9122448979591837
GLMN,0.34285714285714286,0.11632653061224489,2.4612244897959186
GLO1,0.47551020408163264,0.07551020408163266,2.7714285714285714
GLOD4,0.2755102040816326,0.2510204081632653,2.2142857142857144
GLP1R,0.47959183673469385,0.07551020408163266,2.773469387755102
GLP2R,0.25918367346938775,0.26326530612244897,2.1857142857142855
GLRA1,0.1816326530612245,0.2693877551020408,2.0081632653061225
GLRA2,0.1326530612244898,0.4346938775510204,1.8551020408163266
GLRA3,0.21020408163265306,0.26326530612244897,2.0775510204081633
GLRB,0.21836734693877552,0.23469387755102042,2.110204081632653
GLRX,0.1469387755102041,0.30612244897959184,1.9346938775510205
GLRX2,0.6469387755102041,0.014285714285714285,3.2857142857142856
GLRX3,0.3326530612244898,0.15918367346938775,2.377551020408163
GLRX5,0.45714285714285713,0.11020408163265306,2.7816326530612243
GLS,0.5489795918367347,0.044897959183673466,3.059183673469388
GLS2,0.5244897959183673,0.0326530612244898,2.926530612244898
GLUD1,0.3020408163265306,0.17142857142857143,2.3
GLUD2,0.1673469387755102,0.3551020408163265,1.9469387755102041
GLUL,0.6653061224489796,0.01020408163265306,3.377551020408163
GLYAT,0.4816326530612245,0.04693877551020408,2.7755102040816326
GLYCTK,0.10612244897959183,0.36122448979591837,1.7775510204081633
GM2A,0.1816326530612245,0.2714285714285714,2.0040816326530613
GMDS,0.47959183673469385,0.08979591836734693,2.8102040816326532
GMEB1,0.3306122448979592,0.12857142857142856,2.3816326530612244
GMEB2,0.5857142857142857,0.044897959183673466,3.246938775510204
GMIP,0.47346938775510206,0.0836734693877551,2.869387755102041
GML,0.7020408163265306,0.02040816326530612,3.806122448979592
GMNN,0.46530612244897956,0.07755102040816327,2.7612244897959184
GMPPA,0.41020408163265304,0.10816326530612246,2.6040816326530614
GMPR,0.4775510204081633,0.08163265306122448,2.806122448979592
GMPR2,0.41836734693877553,0.13673469387755102,2.683673469387755
GMPS,0.863265306122449,0.01020408163265306,5.1204081632653065
GNA11,0.3795918367346939,0.15306122448979592,2.4489795918367347
GNA12,0.5938775510204082,0.0326530612244898,3.2775510204081635
GNA13,0.610204081632653,0.04693877551020408,3.1857142857142855
GNA14,0.3469387755102041,0.16122448979591836,2.4857142857142858
GNA15,0.3795918367346939,0.15306122448979592,2.4489795918367347
GNAI1,0.5714285714285714,0.04081632653061224,3.340816326530612
GNAI2,0.10408163265306122,0.36122448979591837,1.7755102040816326
GNAI3,0.2938775510204082,0.15918367346938775,2.293877551020408
GNAL,0.5081632653061224,0.05918367346938776,2.9591836734693877
GNAO1,0.38571428571428573,0.1326530612244898,2.561224489795918
GNAQ,0.3408163265306122,0.16326530612244897,2.4673469387755103
GNAS,0.5693877551020409,0.04693877551020408,3.2020408163265306
GNAT1,0.10408163265306122,0.36122448979591837,1.7693877551020407
GNAT2,0.2938775510204082,0.15918367346938775,2.293877551020408
GNAT3,0.5755102040816327,0.04285714285714286,3.340816326530612
GNAZ,0.5857142857142857,0.05918367346938776,3.26734693877551
GNB1,0.34285714285714286,0.12653061224489795,2.4551020408163264
GNB2,0.5877551020408164,0.036734693877551024,3.453061224489796
GNB3,0.6224489795918368,0.012244897959183673,3.5551020408163265
GNB4,0.9061224489795918,0.0020408163265306124,6.728571428571429
GNB5,0.43673469387755104,0.11020408163265306,2.6448979591836737
GNE,0.3673469387755102,0.20816326530612245,2.736734693877551
GNG10,0.37551020408163266,0.1510204081632653,2.5306122448979593
GNG11,0.6061224489795919,0.024489795918367346,3.516326530612245
GNG12,0.3551020408163265,0.10816326530612246,2.4489795918367347
GNG13,0.4163265306122449,0.12653061224489795,2.5673469387755103
GNG2,0.42448979591836733,0.12653061224489795,2.6897959183673468
GNG3,0.4897959183673469,0.04081632653061224,2.7755102040816326
GNG4,0.6551020408163265,0.012244897959183673,3.3285714285714287
GNG5,0.3469387755102041,0.11020408163265306,2.4673469387755103
GNG7,0.37755102040816324,0.15306122448979592,2.453061224489796
GNG8,0.48367346938775513,0.07755102040816327,2.820408163265306
GNGT1,0.6061224489795919,0.024489795918367346,3.5510204081632653
GNGT2,0.5571428571428572,0.044897959183673466,3.0653061224489795
GNL1,0.47551020408163264,0.06938775510204082,2.7857142857142856
GNL2,0.3795918367346939,0.1,2.6163265306122447
GNL3,0.10816326530612246,0.363265306122449,1.7775510204081633
GNL3L,0.1489795918367347,0.4061224489795918,1.8693877551020408
GNMT,0.5020408163265306,0.06326530612244897,2.9122448979591837
GNPAT,0.6530612244897959,0.014285714285714285,3.3244897959183675
GNPDA1,0.17959183673469387,0.27346938775510204,1.9918367346938775
GNPDA2,0.3081632653061224,0.20816326530612245,2.3816326530612244
GNPNAT1,0.42653061224489797,0.12653061224489795,2.695918367346939
GNPTAB,0.5081632653061224,0.04285714285714286,2.842857142857143
GNPTG,0.4204081632653061,0.12244897959183673,2.5755102040816324
GNRH1,0.22653061224489796,0.3224489795918367,2.048979591836735
GNRHR,0.35918367346938773,0.1489795918367347,2.589795918367347
GNS,0.5489795918367347,0.030612244897959183,3.110204081632653
GOLGA1,0.3795918367346939,0.1510204081632653,2.522448979591837
GOLGA2,0.363265306122449,0.15306122448979592,2.4918367346938775
GOLGA3,0.4897959183673469,0.04693877551020408,2.8183673469387753
GOLGA4,0.13877551020408163,0.336734693877551,1.8938775510204082
GOLGA5,0.4530612244897959,0.10816326530612246,2.7714285714285714
GOLGA7,0.5285714285714286,0.1,3.5510204081632653
GOLGB1,0.7714285714285715,0.024489795918367346,3.953061224489796
GOLIM4,0.9081632653061225,0.0020408163265306124,6.285714285714286
GOLM1,0.35918367346938773,0.15918367346938775,2.5081632653061225
GOLPH3,0.7836734693877551,0.018367346938775512,4.628571428571429
GOLPH3L,0.6918367346938775,0.006122448979591836,3.6142857142857143
GON4L,0.6795918367346939,0.00816326530612245,3.483673469387755
GOPC,0.4489795918367347,0.08571428571428572,2.66734693877551
GORAB,0.6836734693877551,0.00816326530612245,3.5061224489795917
GORASP1,0.1346938775510204,0.33877551020408164,1.8755102040816327
GORASP2,0.5387755102040817,0.04285714285714286,3.0306122448979593
GOSR1,0.4857142857142857,0.09795918367346938,2.826530612244898
GOSR2,0.5448979591836735,0.05510204081632653,3.010204081632653
GOT1,0.29591836734693877,0.17551020408163265,2.2755102040816326
GOT2,0.39387755102040817,0.12244897959183673,2.5795918367346937
GP1BA,0.26326530612244897,0.25510204081632654,2.183673469387755
GP1BB,0.5755102040816327,0.05510204081632653,3.3102040816326532
GP2,0.4448979591836735,0.09387755102040816,2.663265306122449
GP5,0.8816326530612245,0.014285714285714285,5.636734693877551
GP6,0.5306122448979592,0.06326530612244897,2.9244897959183676
GP9,0.773469387755102,0.02040816326530612,3.9571428571428573
GPA33,0.6795918367346939,0.006122448979591836,3.5183673469387755
GPAA1,0.7040816326530612,0.02040816326530612,3.7918367346938777
GPAM,0.3183673469387755,0.16122448979591836,2.3285714285714287
GPAT3,0.3020408163265306,0.17551020408163265,2.3244897959183675
GPAT4,0.5326530612244897,0.09795918367346938,3.5448979591836736
GPATCH1,0.5816326530612245,0.03877551020408163,3.4326530612244897
GPC1,0.4061224489795918,0.10204081632653061,2.593877551020408
GPC2,0.5918367346938775,0.036734693877551024,3.4612244897959186
GPC3,0.16326530612244897,0.35306122448979593,1.916326530612245
GPC4,0.16326530612244897,0.3510204081632653,1.9183673469387754
GPC5,0.29183673469387755,0.23673469387755103,2.3346938775510204
GPC6,0.2979591836734694,0.23877551020408164,2.3244897959183675
GPCPD1,0.6183673469387755,0.030612244897959183,3.4326530612244897
GPD1,0.5285714285714286,0.0326530612244898,2.9122448979591837
GPD1L,0.14489795918367346,0.3326530612244898,1.9
GPD2,0.5408163265306123,0.04897959183673469,2.9693877551020407
GPHA2,0.5,0.04693877551020408,2.8346938775510204
GPHB5,0.4142857142857143,0.1346938775510204,2.636734693877551
GPHN,0.4020408163265306,0.14285714285714285,2.593877551020408
GPI,0.5979591836734693,0.044897959183673466,3.4306122448979592
GPIHBP1,0.7020408163265306,0.02040816326530612,3.7857142857142856
GPKOW,0.14285714285714285,0.4306122448979592,1.8244897959183672
GPLD1,0.4673469387755102,0.07959183673469387,2.7612244897959184
GPN1,0.6428571428571429,0.014285714285714285,3.373469387755102
GPN3,0.5122448979591837,0.05510204081632653,2.826530612244898
GPNMB,0.5857142857142857,0.036734693877551024,3.363265306122449
GPR119,0.16122448979591836,0.3510204081632653,1.9224489795918367
GPR143,0.12857142857142856,0.44081632653061226,1.8387755102040817
GPR15,0.726530612244898,0.030612244897959183,3.804081632653061
GPR153,0.3346938775510204,0.12653061224489795,2.426530612244898
GPR156,0.7673469387755102,0.02857142857142857,3.977551020408163
GPR161,0.6795918367346939,0.00816326530612245,3.512244897959184
GPR17,0.5551020408163265,0.04081632653061224,2.9979591836734696
GPR180,0.3040816326530612,0.23877551020408164,2.3387755102040817
GPR183,0.3020408163265306,0.23061224489795917,2.306122448979592
GPR20,0.7040816326530612,0.018367346938775512,3.795918367346939
GPR25,0.6591836734693878,0.01020408163265306,3.306122448979592
GPR35,0.4061224489795918,0.10408163265306122,2.5918367346938775
GPR37,0.5469387755102041,0.07551020408163266,3.120408163265306
GPR39,0.5469387755102041,0.04897959183673469,2.9612244897959186
GPR45,0.5816326530612245,0.024489795918367346,3.0877551020408163
GPR50,0.1836734693877551,0.33877551020408164,1.973469387755102
GPR55,0.4020408163265306,0.10204081632653061,2.561224489795918
GPR83,0.4326530612244898,0.10612244897959183,2.646938775510204
GPR84,0.5285714285714286,0.0326530612244898,2.9306122448979592
GPS1,0.5795918367346938,0.07142857142857142,3.0877551020408163
GPS2,0.25918367346938775,0.25918367346938775,2.169387755102041
GPSM1,0.37142857142857144,0.1469387755102041,2.524489795918367
GPSM2,0.2938775510204082,0.15918367346938775,2.2918367346938777
GPT,0.7040816326530612,0.022448979591836733,3.7857142857142856
GPT2,0.3877551020408163,0.1346938775510204,2.561224489795918
GPX1,0.10408163265306122,0.3551020408163265,1.7816326530612245
GPX2,0.40408163265306124,0.14081632653061224,2.6122448979591835
GPX4,0.37142857142857144,0.1673469387755102,2.4285714285714284
GPX7,0.373469387755102,0.10204081632653061,2.4979591836734696
GPX8,0.2,0.2836734693877551,2.1755102040816325
GRAP,0.2857142857142857,0.24081632653061225,2.259183673469388
GRAP2,0.5530612244897959,0.06326530612244897,3.163265306122449
GRB10,0.5755102040816327,0.04897959183673469,3.316326530612245
GRB14,0.5326530612244897,0.04693877551020408,3.0081632653061225
GRB2,0.6122448979591837,0.05102040816326531,3.1979591836734693
GRB7,0.5102040816326531,0.0836734693877551,3.3020408163265307
GREM2,0.6591836734693878,0.014285714285714285,3.410204081632653
GRHL1,0.5959183673469388,0.04693877551020408,3.2346938775510203
GRHPR,0.32857142857142857,0.2163265306122449,2.536734693877551
GRIA1,0.1816326530612245,0.2673469387755102,2.012244897959184
GRIA2,0.21836734693877552,0.23469387755102042,2.110204081632653
GRIA3,0.16938775510204082,0.35714285714285715,1.9081632653061225
GRIA4,0.41836734693877553,0.11020408163265306,2.663265306122449
GRID2,0.2795918367346939,0.18775510204081633,2.2489795918367346
GRID2IP,0.6040816326530613,0.03469387755102041,3.2714285714285714
GRIK1,0.3163265306122449,0.16122448979591836,2.3816326530612244
GRIK2,0.4448979591836735,0.09387755102040816,2.769387755102041
GRIK3,0.3795918367346939,0.10408163265306122,2.589795918367347
GRIK4,0.4122448979591837,0.10816326530612246,2.593877551020408
GRIK5,0.5061224489795918,0.06326530612244897,2.975510204081633
GRIN1,0.373469387755102,0.1469387755102041,2.536734693877551
GRIN2A,0.4489795918367347,0.10204081632653061,2.6775510204081634
GRIN2B,0.6020408163265306,0.018367346938775512,3.4693877551020407
GRIN2C,0.610204081632653,0.04897959183673469,3.2
GRIN2D,0.48775510204081635,0.07551020408163266,2.8102040816326532
GRIN3A,0.373469387755102,0.1469387755102041,2.557142857142857
GRIN3B,0.37142857142857144,0.16938775510204082,2.426530612244898
GRIP1,0.5510204081632653,0.026530612244897958,3.2
GRIP2,0.1489795918367347,0.3224489795918367,1.920408163265306
GRK1,0.3408163265306122,0.21836734693877552,2.572597137014315
GRK2,0.5142857142857142,0.04285714285714286,2.946938775510204
GRK4,0.26326530612244897,0.23469387755102042,2.195918367346939
GRK5,0.32857142857142857,0.14285714285714285,2.3755102040816327
GRK6,0.21020408163265306,0.2653061224489796,2.0653061224489795
GRK7,0.8326530612244898,0.018367346938775512,4.618367346938776
GRM1,0.4673469387755102,0.0836734693877551,2.716326530612245
GRM2,0.10612244897959183,0.36122448979591837,1.7775510204081633
GRM3,0.5959183673469388,0.04081632653061224,3.487755102040816
GRM4,0.4673469387755102,0.08163265306122448,2.704081632653061
GRM5,0.4530612244897959,0.08775510204081632,2.746938775510204
GRM6,0.20816326530612245,0.2653061224489796,2.063265306122449
GRM7,0.16326530612244897,0.30612244897959184,1.9836734693877551
GRM8,0.536734693877551,0.07755102040816327,3.0816326530612246
GRN,0.5122448979591837,0.07551020408163266,2.910204081632653
GRP,0.35714285714285715,0.1673469387755102,2.453061224489796
GRPEL1,0.2693877551020408,0.23265306122448978,2.216326530612245
GRPEL2,0.17959183673469387,0.27346938775510204,2.0
GRPR,0.13877551020408163,0.4326530612244898,1.8775510204081634
GRSF1,0.363265306122449,0.1489795918367347,2.610204081632653
GRWD1,0.48775510204081635,0.07551020408163266,2.8102040816326532
GRXCR1,0.28775510204081634,0.22653061224489796,2.3020408163265307
GSC,0.45510204081632655,0.10816326530612246,2.769387755102041
GSDMB,0.5122448979591837,0.0836734693877551,3.220408163265306
GSK3A,0.5020408163265306,0.0653061224489796,2.953061224489796
GSK3B,0.7653061224489796,0.02857142857142857,3.9571428571428573
GSN,0.3816326530612245,0.15306122448979592,2.5326530612244897
GSPT1,0.45510204081632655,0.09387755102040816,2.693877551020408
GSPT2,0.14081632653061224,0.42653061224489797,1.8428571428571427
GSR,0.2530612244897959,0.3020408163265306,2.1489795918367345
GSTA1,0.5244897959183673,0.04897959183673469,3.0510204081632653
GSTA2,0.5244897959183673,0.04897959183673469,3.046938775510204
GSTA3,0.5244897959183673,0.04897959183673469,3.0510204081632653
GSTA4,0.5224489795918368,0.04897959183673469,3.048979591836735
GSTA5,0.5244897959183673,0.04897959183673469,3.0510204081632653
GSTK1,0.5387755102040817,0.07346938775510205,3.093877551020408
GSTM1,0.2938775510204082,0.15918367346938775,2.293877551020408
GSTM2,0.2938775510204082,0.15918367346938775,2.293877551020408
GSTM3,0.2938775510204082,0.15918367346938775,2.293877551020408
GSTM4,0.2938775510204082,0.15918367346938775,2.293877551020408
GSTM5,0.2938775510204082,0.16122448979591836,2.2918367346938777
GSTO1,0.30612244897959184,0.17142857142857143,2.283673469387755
GSTO2,0.30612244897959184,0.17142857142857143,2.283673469387755
GSTP1,0.5163265306122449,0.04285714285714286,2.983673469387755
GSTT2B,0.5857142857142857,0.05510204081632653,3.263265306122449
GSTZ1,0.42244897959183675,0.12244897959183673,2.6755102040816325
GTF2A1,0.4387755102040816,0.11836734693877551,2.7346938775510203
GTF2A1L,0.6673469387755102,0.012244897959183673,3.6346938775510202
GTF2A2,0.45102040816326533,0.09387755102040816,2.6897959183673468
GTF2B,0.3469387755102041,0.11836734693877551,2.4653061224489794
GTF2E1,0.7673469387755102,0.02857142857142857,3.951020408163265
GTF2E2,0.2530612244897959,0.3040816326530612,2.1530612244897958
GTF2F1,0.40816326530612246,0.1326530612244898,2.559183673469388
GTF2F2,0.21224489795918366,0.2653061224489796,2.0653061224489795
GTF2H1,0.4,0.12857142857142856,2.5510204081632653
GTF2H2,0.15714285714285714,0.3,1.9510204081632654
GTF2H2C,0.15918367346938775,0.3,1.957142857142857
GTF2H3,0.5020408163265306,0.05102040816326531,2.8244897959183675
GTF2H4,0.47551020408163264,0.07142857142857142,2.7755102040816326
GTF2H5,0.45510204081632655,0.08979591836734693,2.7081632653061223
GTF2I,0.5673469387755102,0.03877551020408163,3.2285714285714286
GTF2IRD2,0.5714285714285714,0.03877551020408163,3.236734693877551
GTF2IRD2B,0.5714285714285714,0.03877551020408163,3.242857142857143
GTF3A,0.22040816326530613,0.2510204081632653,2.136734693877551
GTF3C1,0.47551020408163264,0.07142857142857142,2.7775510204081635
GTF3C2,0.6448979591836734,0.014285714285714285,3.377551020408163
GTF3C3,0.5408163265306123,0.044897959183673466,3.0142857142857142
GTF3C4,0.373469387755102,0.1489795918367347,2.524489795918367
GTF3C5,0.37551020408163266,0.15306122448979592,2.520408163265306
GTF3C6,0.4448979591836735,0.09795918367346938,2.66734693877551
GTPBP1,0.5551020408163265,0.05918367346938776,3.1530612244897958
GTPBP10,0.5938775510204082,0.030612244897959183,3.4959183673469387
GTPBP3,0.45102040816326533,0.09591836734693877,2.736734693877551
GTPBP4,0.373469387755102,0.1816326530612245,2.489795918367347
GTSE1,0.5306122448979592,0.07755102040816327,3.012244897959184
GUCA1B,0.4959183673469388,0.0673469387755102,2.8489795918367347
GUCY1A1,0.22244897959183674,0.23061224489795917,2.120408163265306
GUCY1A2,0.41836734693877553,0.11020408163265306,2.646938775510204
GUCY1B1,0.22244897959183674,0.23061224489795917,2.120408163265306
GUCY2C,0.6020408163265306,0.02040816326530612,3.4653061224489794
GUCY2D,0.2612244897959184,0.2653061224489796,2.1755102040816325
GUCY2F,0.17551020408163265,0.35714285714285715,1.9959183673469387
GUF1,0.3081632653061224,0.20816326530612245,2.3816326530612244
GUK1,0.6571428571428571,0.012244897959183673,3.3224489795918366
GULP1,0.5489795918367347,0.044897959183673466,3.0448979591836736
GUSB,0.5653061224489796,0.030612244897959183,3.289795918367347
GXYLT1,0.5408163265306123,0.024489795918367346,2.9959183673469387
GXYLT2,0.10408163265306122,0.3877551020408163,1.7489795918367348
GYG1,0.8489795918367347,0.0163265306122449,4.973469387755102
GYG2,0.1326530612244898,0.44081632653061226,1.8387755102040817
GYPB,0.23877551020408164,0.22040816326530613,2.1755102040816325
GYPC,0.5612244897959183,0.03877551020408163,3.0285714285714285
GYS1,0.48775510204081635,0.07346938775510205,2.8142857142857145
GYS2,0.610204081632653,0.018367346938775512,3.7
GZMA,0.2,0.2836734693877551,2.1755102040816325
GZMB,0.41836734693877553,0.1346938775510204,2.7
GZMH,0.41836734693877553,0.1346938775510204,2.7
GZMK,0.2,0.2836734693877551,2.1653061224489796
GZMM,0.3693877551020408,0.17142857142857143,2.426530612244898
HAAO,0.6510204081632653,0.018367346938775512,3.4489795918367347
HABP2,0.3163265306122449,0.15918367346938775,2.3387755102040817
HACD1,0.37755102040816324,0.15714285714285714,2.5408163265306123
HACD2,0.7755102040816326,0.024489795918367346,3.9693877551020407
HACD4,0.22857142857142856,0.3489795918367347,2.026530612244898
HACE1,0.44285714285714284,0.09387755102040816,2.8183673469387753
HACL1,0.1489795918367347,0.3224489795918367,1.920408163265306
HADH,0.2530612244897959,0.18979591836734694,2.206122448979592
HADHA,0.6408163265306123,0.0163265306122449,3.3489795918367347
HADHB,0.6408163265306123,0.0163265306122449,3.3489795918367347
HAGH,0.42244897959183675,0.12244897959183673,2.573469387755102
HAL,0.5040816326530613,0.04081632653061224,2.869387755102041
HAMP,0.6061224489795919,0.04285714285714286,3.5040816326530613
HAND1,0.18571428571428572,0.2673469387755102,2.0183673469387755
HAND2,0.21224489795918366,0.2612244897959184,2.073469387755102
HAO1,0.6163265306122448,0.02857142857142857,3.487755102040816
HAO2,0.3489795918367347,0.1469387755102041,2.5040816326530613
HAP1,0.5040816326530613,0.08571428571428572,2.8510204081632655
HAPLN1,0.1469387755102041,0.3020408163265306,1.9224489795918367
HARBI1,0.48775510204081635,0.08571428571428572,2.804081632653061
HARS2,0.1836734693877551,0.2714285714285714,2.0020408163265304
HASPIN,0.2693877551020408,0.24897959183673468,2.1979591836734693
HAT1,0.5448979591836735,0.04081632653061224,3.053061224489796
HAUS1,0.3877551020408163,0.1306122448979592,2.630612244897959
HAUS2,0.39591836734693875,0.11836734693877551,2.557142857142857
HAUS3,0.2693877551020408,0.23673469387755103,2.206122448979592
HAUS4,0.42448979591836733,0.12857142857142856,2.7387755102040816
HAUS5,0.6081632653061224,0.044897959183673466,3.5
HAUS6,0.2510204081632653,0.29591836734693877,2.2
HAUS7,0.18571428571428572,0.336734693877551,1.9877551020408164
HAUS8,0.4489795918367347,0.09591836734693877,2.736734693877551
HAVCR1,0.18571428571428572,0.2714285714285714,2.010204081632653
HAVCR2,0.1836734693877551,0.2714285714285714,2.0081632653061225
HAX1,0.689795918367347,0.00816326530612245,3.5346938775510206
HBA1,0.42244897959183675,0.1306122448979592,2.5795918367346937
HBA2,0.42244897959183675,0.1306122448979592,2.5795918367346937
HBB,0.33877551020408164,0.16938775510204082,2.3653061224489798
HBE1,0.33877551020408164,0.16938775510204082,2.369387755102041
HBEGF,0.1836734693877551,0.2714285714285714,2.0020408163265304
HBG1,0.33877551020408164,0.16938775510204082,2.363265306122449
HBP1,0.5653061224489796,0.04693877551020408,3.3285714285714287
HBQ1,0.42244897959183675,0.1306122448979592,2.5795918367346937
HBZ,0.42244897959183675,0.1306122448979592,2.5795918367346937
HCAR1,0.5040816326530613,0.05510204081632653,2.816326530612245
HCCS,0.1306122448979592,0.44081632653061226,1.8326530612244898
HCFC1,0.18571428571428572,0.336734693877551,1.9857142857142858
HCFC2,0.5081632653061224,0.05102040816326531,2.842857142857143
HCLS1,0.7693877551020408,0.024489795918367346,3.9653061224489794
HCN1,0.753061224489796,0.024489795918367346,4.473469387755102
HCN2,0.3693877551020408,0.17142857142857143,2.426530612244898
HCN4,0.46530612244897956,0.07346938775510205,2.7551020408163267
HCRT,0.5,0.08775510204081632,2.840816326530612
HCRTR1,0.35306122448979593,0.11632653061224489,2.4326530612244897
HCRTR2,0.5306122448979592,0.04693877551020408,3.1489795918367345
HCST,0.6040816326530613,0.044897959183673466,3.5081632653061225
HDAC1,0.35918367346938773,0.11224489795918367,2.4448979591836735
HDAC10,0.5122448979591837,0.09591836734693877,2.9571428571428573
HDAC11,0.1489795918367347,0.3122448979591837,1.9306122448979592
HDAC2,0.4489795918367347,0.09183673469387756,2.663265306122449
HDAC3,0.17959183673469387,0.27346938775510204,1.989795918367347
HDAC4,0.4020408163265306,0.1,2.589795918367347
HDAC5,0.5122448979591837,0.07346938775510205,2.9122448979591837
HDAC6,0.14489795918367346,0.42857142857142855,1.8285714285714285
HDAC7,0.5408163265306123,0.030612244897959183,2.9979591836734696
HDAC8,0.1489795918367347,0.39387755102040817,1.873469387755102
HDAC9,0.5857142857142857,0.036734693877551024,3.269387755102041
HDC,0.4306122448979592,0.10408163265306122,2.646938775510204
HDGF,0.6816326530612244,0.00816326530612245,3.4673469387755103
HDLBP,0.40408163265306124,0.10612244897959183,2.583673469387755
HEATR1,0.6530612244897959,0.012244897959183673,3.340816326530612
HEBP1,0.5979591836734693,0.018367346938775512,3.4673469387755103
HEBP2,0.4673469387755102,0.0836734693877551,2.7020408163265306
HECTD3,0.39591836734693875,0.09795918367346938,2.563265306122449
HECW1,0.5653061224489796,0.04693877551020408,3.240816326530612
HECW2,0.5408163265306123,0.04693877551020408,3.0142857142857142
HEG1,0.7795918367346939,0.022448979591836733,3.9693877551020407
HELB,0.5510204081632653,0.02857142857142857,3.1755102040816325
HELLS,0.2979591836734694,0.16938775510204082,2.2816326530612243
HELQ,0.3040816326530612,0.17551020408163265,2.3285714285714287
HELZ,0.6183673469387755,0.04285714285714286,3.206122448979592
HELZ2,0.5857142857142857,0.044897959183673466,3.246938775510204
HENMT1,0.29591836734693877,0.15510204081632653,2.3020408163265307
HERC1,0.46530612244897956,0.08571428571428572,2.7244897959183674
HERC2,0.40816326530612246,0.12040816326530612,2.6040816326530614
HERC3,0.29591836734693877,0.18571428571428572,2.293877551020408
HERC4,0.35306122448979593,0.14489795918367346,2.4244897959183676
HERC5,0.29591836734693877,0.18571428571428572,2.293877551020408
HERC6,0.29591836734693877,0.18571428571428572,2.293877551020408
HERPUD1,0.38979591836734695,0.1326530612244898,2.5816326530612246
HES1,0.8816326530612245,0.014285714285714285,5.661224489795918
HES6,0.4061224489795918,0.09591836734693877,2.5979591836734692
HES7,0.26326530612244897,0.2653061224489796,2.1775510204081634
HESX1,0.10612244897959183,0.35918367346938773,1.779591836734694
HEXA,0.46530612244897956,0.07346938775510205,2.753061224489796
HEXB,0.1469387755102041,0.3040816326530612,1.9183673469387754
HEXIM1,0.5326530612244897,0.0653061224489796,2.951020408163265
HEXIM2,0.5326530612244897,0.0653061224489796,2.951020408163265
HEY1,0.6244897959183674,0.026530612244897958,3.5551020408163265
HEY2,0.45918367346938777,0.07959183673469387,2.86734693877551
HEYL,0.39387755102040817,0.09795918367346938,2.740816326530612
HFE,0.4673469387755102,0.07755102040816327,2.746938775510204
HGD,0.7673469387755102,0.02857142857142857,3.9673469387755103
HGF,0.5714285714285714,0.04285714285714286,3.3285714285714287
HGFAC,0.26326530612244897,0.23673469387755103,2.193877551020408
HGS,0.5795918367346938,0.0673469387755102,3.089795918367347
HHAT,0.6510204081632653,0.01020408163265306,3.320408163265306
HHIP,0.23265306122448978,0.22244897959183674,2.1510204081632653
HIBADH,0.5653061224489796,0.04285714285714286,3.220408163265306
HIBCH,0.5448979591836735,0.044897959183673466,3.048979591836735
HIC1,0.2755102040816326,0.2510204081632653,2.210204081632653
HID1,0.6122448979591837,0.04897959183673469,3.2
HIF1A,0.40816326530612246,0.1326530612244898,2.610204081632653
HIF1AN,0.3020408163265306,0.17142857142857143,2.2918367346938777
HIF3A,0.48775510204081635,0.07551020408163266,2.8285714285714287
HIGD1A,0.12040816326530612,0.3448979591836735,1.8244897959183672
HIKESHI,0.463265306122449,0.08979591836734693,2.753061224489796
HINT1,0.15918367346938775,0.29591836734693877,1.9285714285714286
HIP1,0.573469387755102,0.03877551020408163,3.23265306122449
HIP1R,0.5040816326530613,0.05510204081632653,2.820408163265306
HIPK1,0.2897959183673469,0.16938775510204082,2.3
HIPK2,0.5346938775510204,0.07142857142857142,3.120408163265306
HIPK3,0.45102040816326533,0.1,2.726530612244898
HIPK4,0.5551020408163265,0.05918367346938776,3.5306122448979593
HIRA,0.5755102040816327,0.05510204081632653,3.2653061224489797
HIVEP2,0.46938775510204084,0.0836734693877551,2.706122448979592
HIVEP3,0.4020408163265306,0.1,2.5877551020408163
HJURP,0.39591836734693875,0.10408163265306122,2.548979591836735
HJV,0.6775510204081633,0.00816326530612245,3.483673469387755
HK2,0.6387755102040816,0.00816326530612245,3.4
HK3,0.20816326530612245,0.2653061224489796,2.063265306122449
HKDC1,0.35306122448979593,0.14489795918367346,2.4306122448979592
HLA-A,0.46122448979591835,0.07346938775510205,2.740816326530612
HLA-B,0.47346938775510206,0.07551020408163266,2.763265306122449
HLA-C,0.47346938775510206,0.07551020408163266,2.763265306122449
HLA-DMA,0.47346938775510206,0.07551020408163266,2.7387755102040816
HLA-DMB,0.47346938775510206,0.07551020408163266,2.7387755102040816
HLA-DOA,0.47346938775510206,0.07551020408163266,2.7387755102040816
HLA-DOB,0.47346938775510206,0.07551020408163266,2.7448979591836733
HLA-DPA1,0.4714285714285714,0.07551020408163266,2.730612244897959
HLA-DPB1,0.4714285714285714,0.07551020408163266,2.730612244897959
HLA-DQA1,0.4714285714285714,0.07551020408163266,2.7448979591836733
HLA-DQA2,0.47346938775510206,0.07551020408163266,2.740816326530612
HLA-DQB1,0.47346938775510206,0.07551020408163266,2.7448979591836733
HLA-DQB2,0.47346938775510206,0.07551020408163266,2.740816326530612
HLA-DRA,0.47346938775510206,0.07346938775510205,2.753061224489796
HLA-DRB1,0.47346938775510206,0.07346938775510205,2.7510204081632654
HLA-DRB5,0.47346938775510206,0.07346938775510205,2.7510204081632654
HLA-E,0.4714285714285714,0.06938775510204082,2.775051124744376
HLA-F,0.46122448979591835,0.07551020408163266,2.742857142857143
HLCS,0.31020408163265306,0.1673469387755102,2.3489795918367347
HLTF,0.8489795918367347,0.0163265306122449,4.977551020408163
HLX,0.6591836734693878,0.012244897959183673,3.33265306122449
HM13,0.6551020408163265,0.01020408163265306,3.7224489795918365
HMG20A,0.4816326530612245,0.0673469387755102,2.7857142857142856
HMG20B,0.3795918367346939,0.15306122448979592,2.4489795918367347
HMGA1,0.4673469387755102,0.08163265306122448,2.706122448979592
HMGA2,0.5510204081632653,0.02857142857142857,3.240816326530612
HMGB1,0.23265306122448978,0.24897959183673468,2.120408163265306
HMGB2,0.21020408163265306,0.2612244897959184,2.0714285714285716
HMGB3,0.18571428571428572,0.33877551020408164,1.9755102040816326
HMGCL,0.3163265306122449,0.14489795918367346,2.3510204081632655
HMGCR,0.1469387755102041,0.3040816326530612,1.9183673469387754
HMGCS1,0.7714285714285715,0.018367346938775512,4.546938775510204
HMGCS2,0.3551020408163265,0.13673469387755102,2.6183673469387756
HMGN1,0.29591836734693877,0.17551020408163265,2.3244897959183675
HMGN2,0.31020408163265306,0.1489795918367347,2.3224489795918366
HMGN3,0.4816326530612245,0.0673469387755102,2.8224489795918366
HMGN5,0.1653061224489796,0.3816326530612245,1.9081632653061225
HMGXB4,0.5591836734693878,0.05918367346938776,3.120408163265306
HMMR,0.1816326530612245,0.2673469387755102,2.010204081632653
HMOX1,0.5591836734693878,0.05918367346938776,3.120408163265306
HMOX2,0.4204081632653061,0.11836734693877551,2.6142857142857143
HNF1A,0.5,0.05714285714285714,2.816326530612245
HNF1B,0.49387755102040815,0.09183673469387756,2.842857142857143
HNF4A,0.5897959183673469,0.0326530612244898,3.3102040816326532
HNF4G,0.6183673469387755,0.030612244897959183,3.4979591836734696
HNMT,0.5326530612244897,0.04897959183673469,2.942857142857143
HNRNPA0,0.1836734693877551,0.2795918367346939,2.0081632653061225
HNRNPA1,0.5285714285714286,0.03469387755102041,2.9285714285714284
HNRNPA1L2,0.23673469387755103,0.2673469387755102,2.1183673469387756
HNRNPA2B1,0.5693877551020409,0.04081632653061224,3.23265306122449
HNRNPA3,0.5612244897959183,0.03877551020408163,3.2142857142857144
HNRNPAB,0.20612244897959184,0.2653061224489796,2.059183673469388
HNRNPC,0.4204081632653061,0.12857142857142856,2.7224489795918365
HNRNPD,0.3020408163265306,0.17959183673469387,2.3224489795918366
HNRNPDL,0.3,0.17755102040816326,2.3224489795918366
HNRNPF,0.4061224489795918,0.12448979591836734,2.5979591836734692
HNRNPH1,0.20816326530612245,0.2612244897959184,2.0693877551020408
HNRNPH2,0.16938775510204082,0.3673469387755102,1.9551020408163264
HNRNPH3,0.35306122448979593,0.14285714285714285,2.4346938775510205
HNRNPK,0.3551020408163265,0.16326530612244897,2.4918367346938775
HNRNPL,0.5959183673469388,0.04285714285714286,3.6346938775510202
HNRNPLL,0.6448979591836734,0.02040816326530612,3.3612244897959185
HNRNPM,0.41020408163265304,0.12040816326530612,2.636734693877551
HNRNPR,0.3163265306122449,0.14489795918367346,2.3489795918367347
HNRNPU,0.6551020408163265,0.012244897959183673,3.357142857142857
HNRNPUL1,0.5122448979591837,0.06326530612244897,3.0020408163265304
HNRNPUL2,0.4897959183673469,0.04081632653061224,2.7755102040816326
HOGA1,0.2979591836734694,0.17346938775510204,2.2755102040816326
HOMER1,0.15306122448979592,0.3040816326530612,1.9285714285714286
HOMER2,0.5040816326530613,0.0673469387755102,2.8591836734693876
HOMER3,0.47346938775510206,0.08163265306122448,2.853061224489796
HOOK1,0.3673469387755102,0.10612244897959183,2.5346938775510206
HOOK2,0.4122448979591837,0.10816326530612246,2.6775510204081634
HOOK3,0.5408163265306123,0.09387755102040816,3.5346938775510206
HOPX,0.40816326530612246,0.1326530612244898,2.9224489795918367
HORMAD1,0.6918367346938775,0.006122448979591836,3.6
HOXA10,0.563265306122449,0.04285714285714286,3.226530612244898
HOXA2,0.563265306122449,0.04285714285714286,3.226530612244898
HOXA3,0.563265306122449,0.04285714285714286,3.226530612244898
HOXA5,0.563265306122449,0.04285714285714286,3.226530612244898
HOXA7,0.563265306122449,0.04285714285714286,3.226530612244898
HOXA9,0.563265306122449,0.04285714285714286,3.226530612244898
HOXB1,0.5530612244897959,0.04897959183673469,3.0408163265306123
HOXB13,0.5551020408163265,0.044897959183673466,3.057142857142857
HOXB2,0.5530612244897959,0.04897959183673469,3.0408163265306123
HOXB3,0.5530612244897959,0.04897959183673469,3.0408163265306123
HOXB4,0.5530612244897959,0.04693877551020408,3.044989775051125
HOXB5,0.5510204081632653,0.044897959183673466,3.05327868852459
HOXB6,0.5551020408163265,0.044897959183673466,3.057142857142857
HOXB7,0.5551020408163265,0.044897959183673466,3.057142857142857
HOXB8,0.5551020408163265,0.044897959183673466,3.057142857142857
HOXC13,0.5285714285714286,0.03469387755102041,2.926530612244898
HOXC4,0.5285714285714286,0.03469387755102041,2.926530612244898
HOXC5,0.5285714285714286,0.03469387755102041,2.926530612244898
HOXC6,0.5285714285714286,0.03469387755102041,2.926530612244898
HOXC8,0.5285714285714286,0.03469387755102041,2.926530612244898
HOXC9,0.5285714285714286,0.03469387755102041,2.926530612244898
HOXD1,0.5530612244897959,0.03877551020408163,3.1551020408163266
HOXD3,0.5530612244897959,0.03877551020408163,3.1551020408163266
HOXD4,0.5530612244897959,0.03877551020408163,3.1551020408163266
HOXD9,0.5530612244897959,0.03877551020408163,3.1551020408163266
HP,0.3795918367346939,0.12653061224489795,2.546938775510204
HPD,0.5020408163265306,0.05714285714285714,2.820408163265306
HPGDS,0.2653061224489796,0.18775510204081633,2.2122448979591836
HPN,0.6061224489795919,0.04081632653061224,3.483673469387755
HPR,0.3795918367346939,0.12653061224489795,2.546938775510204
HPRT1,0.1653061224489796,0.3510204081632653,1.920408163265306
HPS1,0.2938775510204082,0.17551020408163265,2.2714285714285714
HPS3,0.8489795918367347,0.0163265306122449,5.016326530612245
HPS4,0.573469387755102,0.05714285714285714,3.2244897959183674
HPS5,0.4,0.12857142857142856,2.5510204081632653
HPS6,0.3020408163265306,0.16938775510204082,2.2775510204081635
HPSE,0.3040816326530612,0.17551020408163265,2.3285714285714287
HPX,0.33877551020408164,0.1653061224489796,2.3653061224489798
HRAS,0.3346938775510204,0.18775510204081633,2.33265306122449
HRC,0.4857142857142857,0.07346938775510205,2.806122448979592
HRG,0.889795918367347,0.01020408163265306,6.06734693877551
HRH1,0.1489795918367347,0.3163265306122449,1.9326530612244899
HRH3,0.5816326530612245,0.04693877551020408,3.2346938775510203
HRH4,0.46530612244897956,0.0836734693877551,2.953061224489796
HRK,0.5020408163265306,0.04897959183673469,2.8489795918367347
HRNR,0.6877551020408164,0.00816326530612245,3.5673469387755103
HS2ST1,0.3489795918367347,0.11020408163265306,2.4673469387755103
HS3ST1,0.2714285714285714,0.23877551020408164,2.2244897959183674
HS3ST2,0.4448979591836735,0.0836734693877551,2.673469387755102
HS3ST3A1,0.26326530612244897,0.25510204081632654,2.1775510204081634
HS3ST3B1,0.2653061224489796,0.2571428571428571,2.1918367346938776
HS6ST1,0.5530612244897959,0.04081632653061224,2.987755102040816
HS6ST2,0.16326530612244897,0.3489795918367347,1.920408163265306
HSBP1,0.35306122448979593,0.1469387755102041,2.477551020408163
HSCB,0.5795918367346938,0.05102040816326531,3.2714285714285714
HSD11B1,0.6530612244897959,0.00816326530612245,3.3346938775510204
HSD11B2,0.39387755102040817,0.10816326530612246,2.593877551020408
HSD17B1,0.5040816326530613,0.08571428571428572,2.8489795918367347
HSD17B10,0.14081632653061224,0.4142857142857143,1.8346938775510204
HSD17B12,0.463265306122449,0.09795918367346938,2.7387755102040816
HSD17B2,0.3653061224489796,0.14285714285714285,2.4979591836734696
HSD17B3,0.37142857142857144,0.1510204081632653,2.516326530612245
HSD17B6,0.5285714285714286,0.0326530612244898,2.938775510204082
HSD17B7,0.6918367346938775,0.006122448979591836,3.5755102040816324
HSD17B8,0.46938775510204084,0.07551020408163266,2.7285714285714286
HSD3B1,0.3489795918367347,0.1469387755102041,2.522448979591837
HSD3B2,0.3489795918367347,0.1469387755102041,2.5142857142857142
HSF1,0.7040816326530612,0.022448979591836733,3.789795918367347
HSF2,0.463265306122449,0.07959183673469387,2.7224489795918365
HSP90AA1,0.463265306122449,0.10816326530612246,2.826530612244898
HSP90AB1,0.49387755102040815,0.0653061224489796,2.8857142857142857
HSP90B1,0.5061224489795918,0.05102040816326531,2.840816326530612
HSPA13,0.3448979591836735,0.15714285714285714,2.5306122448979593
HSPA14,0.373469387755102,0.15510204081632653,2.5183673469387755
HSPA1A,0.47346938775510206,0.07346938775510205,2.757142857142857
HSPA1B,0.47346938775510206,0.07346938775510205,2.757142857142857
HSPA1L,0.47346938775510206,0.07346938775510205,2.757142857142857
HSPA2,0.40816326530612246,0.14081632653061224,2.620408163265306
HSPA4,0.1653061224489796,0.28775510204081634,1.953061224489796
HSPA4L,0.22857142857142856,0.20204081632653062,2.146938775510204
HSPA5,0.37755102040816324,0.15306122448979592,2.5142857142857142
HSPA6,0.6918367346938775,0.006122448979591836,3.5979591836734692
HSPA8,0.41836734693877553,0.11020408163265306,2.6
HSPA9,0.18775510204081633,0.2755102040816326,2.010204081632653
HSPB1,0.573469387755102,0.04081632653061224,3.263265306122449
HSPB2,0.4,0.12244897959183673,2.5653061224489795
HSPB3,0.20204081632653062,0.27755102040816326,2.13265306122449
HSPB7,0.32653061224489793,0.14081632653061224,2.3877551020408165
HSPB8,0.49795918367346936,0.05102040816326531,2.8183673469387753
HSPD1,0.5387755102040817,0.044897959183673466,3.016326530612245
HSPE1,0.5387755102040817,0.044897959183673466,3.016326530612245
HSPG2,0.3163265306122449,0.14081632653061224,2.3918367346938774
HSPH1,0.23061224489795917,0.2510204081632653,2.110204081632653
HTATSF1,0.1673469387755102,0.3510204081632653,1.9244897959183673
HTN1,0.3653061224489796,0.1489795918367347,2.6448979591836737
HTN3,0.3653061224489796,0.1489795918367347,2.6448979591836737
HTR1A,0.15918367346938775,0.29183673469387755,1.973469387755102
HTR1B,0.47551020408163264,0.07142857142857142,2.7918367346938777
HTR1D,0.3163265306122449,0.14489795918367346,2.373469387755102
HTR1E,0.47551020408163264,0.07346938775510205,2.804081632653061
HTR1F,0.21428571428571427,0.3122448979591837,2.1775510204081634
HTR2A,0.21836734693877552,0.2653061224489796,2.0693877551020408
HTR2B,0.4020408163265306,0.10204081632653061,2.561224489795918
HTR2C,0.17142857142857143,0.3510204081632653,1.9714285714285715
HTR3A,0.4020408163265306,0.11224489795918367,2.5775510204081633
HTR3B,0.4020408163265306,0.11224489795918367,2.5775510204081633
HTR3C,0.9020408163265307,0.0020408163265306124,6.753061224489796
HTR3D,0.9020408163265307,0.0020408163265306124,6.761224489795918
HTR3E,0.9020408163265307,0.0020408163265306124,6.746938775510204
HTR4,0.17959183673469387,0.27346938775510204,2.0020408163265304
HTR5A,0.5163265306122449,0.09591836734693877,2.977551020408163
HTR6,0.3142857142857143,0.13877551020408163,2.3510204081632655
HTRA1,0.32857142857142857,0.1489795918367347,2.3816326530612244
HTRA2,0.6408163265306123,0.006122448979591836,3.410204081632653
HTT,0.26326530612244897,0.23673469387755103,2.193877551020408
HUS1,0.573469387755102,0.05102040816326531,3.3020408163265307
HUWE1,0.14285714285714285,0.4122448979591837,1.8387755102040817
HVCN1,0.5122448979591837,0.05510204081632653,2.8285714285714287
HYAL1,0.10408163265306122,0.36122448979591837,1.7755102040816326
HYAL2,0.10408163265306122,0.36122448979591837,1.7755102040816326
HYAL3,0.10408163265306122,0.36122448979591837,1.7755102040816326
HYKK,0.48367346938775513,0.0673469387755102,2.8081632653061224
HYLS1,0.4163265306122449,0.11428571428571428,2.589795918367347
HYOU1,0.41020408163265304,0.11020408163265306,2.5918367346938775
IAPP,0.610204081632653,0.018367346938775512,3.6918367346938776
IARS2,0.6591836734693878,0.012244897959183673,3.3469387755102042
IBA57,0.6571428571428571,0.012244897959183673,3.3224489795918366
IBTK,0.47959183673469385,0.0673469387755102,2.8387755102040817
ICA1,0.6020408163265306,0.03469387755102041,3.2918367346938777
ICAM1,0.41020408163265304,0.10816326530612246,2.636734693877551
ICAM2,0.610204081632653,0.04693877551020408,3.1857142857142855
ICAM3,0.41020408163265304,0.10816326530612246,2.6408163265306124
ICAM4,0.40816326530612246,0.10816326530612246,2.6359918200409
ICAM5,0.40816326530612246,0.10816326530612246,2.6346938775510202
ICE2,0.4530612244897959,0.09387755102040816,2.6918367346938776
ICMT,0.3346938775510204,0.12653061224489795,2.426530612244898
ICOS,0.49795918367346936,0.06326530612244897,2.86734693877551
ICOSLG,0.2938775510204082,0.17346938775510204,2.304081632653061
ID1,0.6551020408163265,0.01020408163265306,3.720408163265306
ID2,0.5979591836734693,0.04693877551020408,3.240816326530612
ID4,0.4857142857142857,0.07551020408163266,2.973469387755102
IDE,0.3,0.17346938775510204,2.2877551020408164
IDH1,0.45714285714285713,0.0836734693877551,2.716326530612245
IDH2,0.5285714285714286,0.04897959183673469,3.0285714285714285
IDH3A,0.4857142857142857,0.0673469387755102,2.8102040816326532
IDH3B,0.6142857142857143,0.02857142857142857,3.4224489795918367
IDH3G,0.18775510204081633,0.336734693877551,1.9877551020408164
IDI1,0.37551020408163266,0.17959183673469387,2.4938775510204083
IDI2,0.373469387755102,0.1816326530612245,2.489795918367347
IDO1,0.5346938775510204,0.10816326530612246,3.6530612244897958
IDS,0.17551020408163265,0.3408163265306122,1.953061224489796
IER3,0.47551020408163264,0.06938775510204082,2.785276073619632
IFI16,0.6877551020408164,0.00816326530612245,3.4918367346938775
IFI27,0.4530612244897959,0.10816326530612246,2.7653061224489797
IFI30,0.4673469387755102,0.08775510204081632,2.816326530612245
IFI35,0.5020408163265306,0.08571428571428572,2.8612244897959185
IFI44,0.35306122448979593,0.11224489795918367,2.4816326530612245
IFI6,0.32653061224489793,0.1326530612244898,2.3877551020408165
IFIT1,0.2938775510204082,0.1836734693877551,2.2510204081632654
IFIT2,0.2938775510204082,0.1836734693877551,2.2489795918367346
IFITM1,0.3346938775510204,0.18571428571428572,2.340816326530612
IFITM3,0.3346938775510204,0.18571428571428572,2.340816326530612
IFNA1,0.22040816326530613,0.37551020408163266,1.9469387755102041
IFNA10,0.22244897959183674,0.3653061224489796,1.9755102040816326
IFNA13,0.22040816326530613,0.37142857142857144,1.9551020408163264
IFNA14,0.22244897959183674,0.3673469387755102,1.9714285714285715
IFNA17,0.22244897959183674,0.3653061224489796,1.9755102040816326
IFNA2,0.22244897959183674,0.3693877551020408,1.9612244897959183
IFNA21,0.22448979591836735,0.36122448979591837,1.9877551020408164
IFNA4,0.22448979591836735,0.363265306122449,1.9816326530612245
IFNA5,0.22040816326530613,0.37142857142857144,1.957142857142857
IFNA7,0.22244897959183674,0.3653061224489796,1.9755102040816326
IFNA8,0.22040816326530613,0.373469387755102,1.9510204081632654
IFNAR1,0.32653061224489793,0.15306122448979592,2.377551020408163
IFNAR2,0.32857142857142857,0.15306122448979592,2.373469387755102
IFNB1,0.22653061224489796,0.3510204081632653,2.014314928425358
IFNE,0.22040816326530613,0.37551020408163266,1.9469387755102041
IFNG,0.5571428571428572,0.024489795918367346,3.2285714285714286
IFNGR1,0.4673469387755102,0.0836734693877551,2.7020408163265306
IFNGR2,0.32653061224489793,0.15306122448979592,2.377551020408163
IFNL1,0.5897959183673469,0.044897959183673466,3.6979591836734693
IFNL2,0.5897959183673469,0.044897959183673466,3.6979591836734693
IFNL3,0.5897959183673469,0.044897959183673466,3.6979591836734693
IFNLR1,0.3142857142857143,0.14489795918367346,2.3469387755102042
IFNW1,0.22448979591836735,0.35918367346938773,1.993877551020408
IFT122,0.7775510204081633,0.02040816326530612,4.002040816326531
IFT172,0.6448979591836734,0.014285714285714285,3.377551020408163
IFT20,0.5,0.09795918367346938,2.9285714285714284
IFT27,0.5510204081632653,0.05918367346938776,3.120408163265306
IFT46,0.41020408163265304,0.11020408163265306,2.5877551020408163
IFT52,0.5897959183673469,0.02857142857142857,3.3122448979591836
IFT57,0.7408163265306122,0.0326530612244898,3.8285714285714287
IFT74,0.2693877551020408,0.3081632653061224,2.3020408163265307
IFT80,0.8673469387755102,0.01020408163265306,5.261224489795918
IFT81,0.5122448979591837,0.05510204081632653,2.836734693877551
IFT88,0.22653061224489796,0.2653061224489796,2.0795918367346937
IGBP1,0.13877551020408163,0.39591836734693875,1.8591836734693878
IGF1,0.5081632653061224,0.04285714285714286,2.8469387755102042
IGF2,0.32857142857142857,0.18775510204081633,2.320408163265306
IGF2BP1,0.5551020408163265,0.044897959183673466,3.061224489795918
IGF2BP2,0.8938775510204081,0.006122448979591836,6.259183673469388
IGF2BP3,0.5857142857142857,0.036734693877551024,3.3551020408163263
IGF2R,0.45510204081632655,0.08775510204081632,2.706122448979592
IGFALS,0.42244897959183675,0.12244897959183673,2.573469387755102
IGFBP1,0.5714285714285714,0.04897959183673469,3.2489795918367346
IGFBP2,0.4122448979591837,0.11224489795918367,2.5918367346938775
IGFBP3,0.5714285714285714,0.04897959183673469,3.2489795918367346
IGFBP4,0.5142857142857142,0.08571428571428572,2.953061224489796
IGFBP5,0.4122448979591837,0.11224489795918367,2.5918367346938775
IGFBP6,0.5265306122448979,0.0326530612244898,2.9285714285714284
IGFBP7,0.4061224489795918,0.1306122448979592,2.877551020408163
IGLL1,0.5857142857142857,0.05918367346938776,3.257142857142857
IGLL5,0.5857142857142857,0.05918367346938776,3.3285714285714287
IGSF1,0.1653061224489796,0.3510204081632653,1.9285714285714286
IGSF5,0.3,0.1836734693877551,2.320408163265306
IGSF8,0.689795918367347,0.006122448979591836,3.5653061224489795
IHH,0.40816326530612246,0.10612244897959183,2.6020408163265305
IK,0.1836734693877551,0.2714285714285714,2.0020408163265304
IKBKB,0.536734693877551,0.09591836734693877,3.6081632653061226
IKBKE,0.6551020408163265,0.00816326530612245,3.306122448979592
IKBKG,0.18979591836734694,0.336734693877551,1.989795918367347
IKZF1,0.573469387755102,0.05102040816326531,3.3285714285714287
IKZF3,0.5122448979591837,0.0836734693877551,3.306122448979592
IKZF4,0.5244897959183673,0.0326530612244898,2.926530612244898
IL10,0.6551020408163265,0.00816326530612245,3.3122448979591836
IL10RA,0.4061224489795918,0.11224489795918367,2.583673469387755
IL10RB,0.32857142857142857,0.15306122448979592,2.373469387755102
IL11,0.536734693877551,0.06326530612244897,2.9714285714285715
IL12A,0.8673469387755102,0.01020408163265306,5.2693877551020405
IL12B,0.17755102040816326,0.2714285714285714,1.9979591836734694
IL12RB1,0.46530612244897956,0.08775510204081632,2.8142857142857145
IL12RB2,0.3510204081632653,0.11020408163265306,2.442857142857143
IL13,0.16326530612244897,0.28775510204081634,1.9469387755102041
IL13RA1,0.17142857142857143,0.35306122448979593,1.9673469387755103
IL13RA2,0.17346938775510204,0.3510204081632653,1.9755102040816326
IL15,0.23877551020408164,0.21836734693877552,2.1612244897959183
IL15RA,0.3795918367346939,0.15510204081632653,2.536734693877551
IL16,0.4959183673469388,0.06938775510204082,2.820408163265306
IL17B,0.17959183673469387,0.27346938775510204,2.0
IL17F,0.5244897959183673,0.04897959183673469,3.0510204081632653
IL17RA,0.5571428571428572,0.07755102040816327,3.1163265306122447
IL17RB,0.10204081632653061,0.36122448979591837,1.7653061224489797
IL17RC,0.15918367346938775,0.3040816326530612,1.9653061224489796
IL17RD,0.10612244897959183,0.36122448979591837,1.7755102040816326
IL17RE,0.15918367346938775,0.3040816326530612,1.9653061224489796
IL18,0.4,0.12040816326530612,2.5673469387755103
IL18BP,0.5040816326530613,0.0653061224489796,2.979591836734694
IL18R1,0.5816326530612245,0.02040816326530612,3.1387755102040815
IL18RAP,0.5816326530612245,0.02040816326530612,3.1387755102040815
IL1A,0.5714285714285714,0.022448979591836733,3.073469387755102
IL1B,0.5693877551020409,0.022448979591836733,3.0693877551020408
IL1F10,0.5714285714285714,0.022448979591836733,3.0795918367346937
IL1R1,0.5816326530612245,0.02040816326530612,3.1346938775510202
IL1R2,0.5816326530612245,0.02040816326530612,3.1346938775510202
IL1RAP,0.8857142857142857,0.0163265306122449,5.9714285714285715
IL1RAPL1,0.1326530612244898,0.44693877551020406,1.8346938775510204
IL1RAPL2,0.17551020408163265,0.363265306122449,1.9959183673469387
IL1RL1,0.5816326530612245,0.02040816326530612,3.136734693877551
IL1RL2,0.5816326530612245,0.02040816326530612,3.1346938775510202
IL1RN,0.5714285714285714,0.022448979591836733,3.093877551020408
IL2,0.23673469387755103,0.18979591836734694,2.183673469387755
IL20RA,0.4673469387755102,0.0836734693877551,2.716326530612245
IL20RB,0.8020408163265306,0.018367346938775512,4.273469387755102
IL22,0.5571428571428572,0.024489795918367346,3.2244897959183674
IL22RA1,0.3142857142857143,0.14489795918367346,2.3469387755102042
IL22RA2,0.4673469387755102,0.0836734693877551,2.704081632653061
IL23A,0.5265306122448979,0.0326530612244898,2.9285714285714284
IL23R,0.3510204081632653,0.11020408163265306,2.442857142857143
IL24,0.6551020408163265,0.00816326530612245,3.3122448979591836
IL25,0.42653061224489797,0.12653061224489795,2.7816326530612243
IL26,0.5571428571428572,0.024489795918367346,3.2244897959183674
IL27,0.4775510204081633,0.061224489795918366,2.795918367346939
IL27RA,0.42857142857142855,0.10408163265306122,2.757142857142857
IL2RA,0.3795918367346939,0.15510204081632653,2.536734693877551
IL2RB,0.5530612244897959,0.05714285714285714,3.1183673469387756
IL2RG,0.14285714285714285,0.39591836734693875,1.8612244897959183
IL32,0.41020408163265304,0.12244897959183673,2.5714285714285716
IL33,0.27755102040816326,0.2897959183673469,2.3285714285714287
IL36RN,0.5714285714285714,0.022448979591836733,3.0795918367346937
IL37,0.5714285714285714,0.022448979591836733,3.073469387755102
IL3RA,0.34285714285714286,0.24285714285714285,2.4673469387755103
IL4,0.16326530612244897,0.28775510204081634,1.9469387755102041
IL4I1,0.4959183673469388,0.0673469387755102,2.8448979591836734
IL4R,0.4714285714285714,0.07142857142857142,2.76734693877551
IL5,0.16326530612244897,0.28775510204081634,1.9469387755102041
IL5RA,0.16938775510204082,0.3163265306122449,1.9795918367346939
IL6,0.5836734693877551,0.036734693877551024,3.3714285714285714
IL6R,0.6918367346938775,0.00816326530612245,3.5326530612244897
IL6ST,0.19183673469387755,0.28775510204081634,2.0653061224489795
IL7,0.6204081632653061,0.030612244897959183,3.5408163265306123
IL7R,0.7836734693877551,0.018367346938775512,4.642857142857143
IL9,0.17346938775510204,0.2816326530612245,1.9775510204081632
IL9R,0.29591836734693877,0.3224489795918367,2.169387755102041
ILF2,0.6877551020408164,0.00816326530612245,3.546938775510204
ILK,0.33877551020408164,0.1653061224489796,2.3653061224489798
ILKAP,0.40816326530612246,0.09591836734693877,2.6020408163265305
IMMT,0.6346938775510204,0.012244897959183673,3.2979591836734694
IMP3,0.4775510204081633,0.07142857142857142,2.7857142857142856
IMP4,0.5489795918367347,0.04693877551020408,2.9693877551020407
IMPA1,0.6265306122448979,0.02857142857142857,3.5346938775510206
IMPA2,0.5122448979591837,0.061224489795918366,2.951020408163265
IMPDH1,0.5346938775510204,0.07346938775510205,3.0755102040816324
IMPDH2,0.10612244897959183,0.3551020408163265,1.7836734693877552
INA,0.3020408163265306,0.17346938775510204,2.2775510204081635
INCENP,0.48367346938775513,0.04081632653061224,2.773469387755102
ING1,0.3346938775510204,0.21428571428571427,2.4285714285714284
ING2,0.21020408163265306,0.2816326530612245,2.083673469387755
ING3,0.5551020408163265,0.06938775510204082,3.1714285714285713
ING4,0.6224489795918368,0.014285714285714285,3.5510204081632653
ING5,0.41020408163265304,0.10612244897959183,2.6
INHA,0.41020408163265304,0.10816326530612246,2.6040816326530614
INHBA,0.5653061224489796,0.04693877551020408,3.1979591836734693
INHBB,0.5836734693877551,0.02857142857142857,3.122448979591837
INHBC,0.5285714285714286,0.0326530612244898,2.938775510204082
INHBE,0.5285714285714286,0.0326530612244898,2.938775510204082
INIP,0.37551020408163266,0.15510204081632653,2.522448979591837
INO80B,0.6408163265306123,0.006122448979591836,3.410204081632653
INO80C,0.41020408163265304,0.10612244897959183,2.7285714285714286
INO80D,0.47551020408163264,0.07346938775510205,2.789795918367347
INO80E,0.47551020408163264,0.0653061224489796,2.7448979591836733
INPP5A,0.336734693877551,0.15918367346938775,2.3857142857142857
INPP5B,0.3816326530612245,0.1,2.620408163265306
INPP5D,0.39591836734693875,0.10204081632653061,2.548979591836735
INPP5E,0.37142857142857144,0.1469387755102041,2.524489795918367
INPP5J,0.5816326530612245,0.05102040816326531,3.3020408163265307
INPP5K,0.27755102040816326,0.2510204081632653,2.2142857142857144
INPPL1,0.5040816326530613,0.0673469387755102,2.963265306122449
INS,0.32857142857142857,0.18775510204081633,2.320408163265306
INSC,0.39591836734693875,0.12857142857142856,2.6
INSIG1,0.5163265306122449,0.09591836734693877,2.9612244897959186
INSIG2,0.5775510204081633,0.026530612244897958,3.093877551020408
INSL3,0.46122448979591835,0.08979591836734693,2.8102040816326532
INSM1,0.6,0.0326530612244898,3.373469387755102
INSR,0.40816326530612246,0.12653061224489795,2.5877551020408163
INSRR,0.6816326530612244,0.00816326530612245,3.4673469387755103
INTS1,0.5897959183673469,0.03469387755102041,3.2489795918367346
INTS10,0.23265306122448978,0.3224489795918367,2.053061224489796
INTS11,0.34285714285714286,0.12653061224489795,2.4551020408163264
INTS12,0.24693877551020407,0.19387755102040816,2.1897959183673468
INTS13,0.6122448979591837,0.022448979591836733,3.6163265306122447
INTS2,0.6020408163265306,0.04693877551020408,3.1653061224489796
INTS3,0.6877551020408164,0.00816326530612245,3.5428571428571427
INTS4,0.48367346938775513,0.06938775510204082,2.8979591836734695
INTS5,0.4857142857142857,0.04081632653061224,2.7714285714285714
INTS6,0.23673469387755103,0.2653061224489796,2.1163265306122447
INTS7,0.6489795918367347,0.01020408163265306,3.3102040816326532
INTS8,0.6693877551020408,0.018367346938775512,3.6142857142857143
INTS9,0.23469387755102042,0.3163265306122449,2.120408163265306
INTU,0.22857142857142856,0.20204081632653062,2.146938775510204
INVS,0.37142857142857144,0.15306122448979592,2.5428571428571427
IP6K1,0.10408163265306122,0.35714285714285715,1.7755102040816326
IP6K2,0.10612244897959183,0.3551020408163265,1.7836734693877552
IP6K3,0.46530612244897956,0.08163265306122448,2.704081632653061
IPCEF1,0.45918367346938777,0.08979591836734693,2.7081632653061223
IPMK,0.3408163265306122,0.15306122448979592,2.3918367346938774
IPO11,0.1673469387755102,0.29183673469387755,1.989795918367347
IPO13,0.4,0.09795918367346938,2.5877551020408163
IPO4,0.4163265306122449,0.1346938775510204,2.693877551020408
IPO5,0.29591836734693877,0.23469387755102042,2.295918367346939
IPO7,0.3326530612244898,0.17142857142857143,2.353061224489796
IPO8,0.6020408163265306,0.022448979591836733,3.546938775510204
IPO9,0.6571428571428571,0.00816326530612245,3.3020408163265307
IPP,0.3979591836734694,0.09795918367346938,2.5714285714285716
IPPK,0.3653061224489796,0.1510204081632653,2.5142857142857142
IQCB1,0.7714285714285715,0.024489795918367346,3.953061224489796
IQCE,0.5918367346938775,0.03469387755102041,3.273469387755102
IQGAP1,0.5244897959183673,0.04897959183673469,2.973469387755102
IQGAP2,0.1510204081632653,0.3040816326530612,1.9224489795918367
IQGAP3,0.6816326530612244,0.00816326530612245,3.4591836734693877
IQSEC1,0.1489795918367347,0.3142857142857143,1.926530612244898
IRAK1,0.18571428571428572,0.336734693877551,1.9857142857142858
IRAK2,0.15918367346938775,0.3040816326530612,1.9653061224489796
IRAK3,0.5469387755102041,0.02857142857142857,3.130612244897959
IREB2,0.48367346938775513,0.0673469387755102,2.8081632653061224
IRF1,0.16326530612244897,0.2857142857142857,1.9489795918367347
IRF2,0.21224489795918366,0.2816326530612245,2.0755102040816324
IRF2BP1,0.48775510204081635,0.07142857142857142,2.850715746421268
IRF2BP2,0.6530612244897959,0.014285714285714285,3.33265306122449
IRF2BPL,0.4204081632653061,0.12653061224489795,2.6714285714285713
IRF3,0.4897959183673469,0.06938775510204082,2.830612244897959
IRF4,0.46938775510204084,0.09795918367346938,2.7387755102040816
IRF5,0.536734693877551,0.07346938775510205,3.0673469387755103
IRF6,0.6510204081632653,0.01020408163265306,3.3285714285714287
IRF7,0.3346938775510204,0.18775510204081633,2.33265306122449
IRF8,0.35306122448979593,0.1469387755102041,2.4591836734693877
IRF9,0.41836734693877553,0.1346938775510204,2.6979591836734693
IRGM,0.1836734693877551,0.2714285714285714,2.0061224489795917
IRS1,0.4,0.1,2.559183673469388
IRS2,0.3326530612244898,0.2163265306122449,2.4857142857142858
IRS4,0.17551020408163265,0.363265306122449,2.059183673469388
IRX1,0.8,0.018367346938775512,4.781632653061225
IRX5,0.38571428571428573,0.1306122448979592,2.5693877551020408
ISCA1,0.35918367346938773,0.15918367346938775,2.5081632653061225
ISCA2,0.4163265306122449,0.12857142857142856,2.657142857142857
ISCU,0.5122448979591837,0.05510204081632653,2.830612244897959
ISG20,0.5224489795918368,0.05102040816326531,2.987755102040816
ISG20L2,0.6816326530612244,0.00816326530612245,3.4673469387755103
ISL1,0.23877551020408164,0.24285714285714285,2.263265306122449
ISL2,0.47959183673469385,0.07346938775510205,2.7775510204081635
ISLR,0.463265306122449,0.07551020408163266,2.7387755102040816
IST1,0.3816326530612245,0.12448979591836734,2.553061224489796
ISX,0.5591836734693878,0.05918367346938776,3.130612244897959
ISY1,0.773469387755102,0.02040816326530612,3.9571428571428573
ISYNA1,0.4714285714285714,0.08163265306122448,2.853061224489796
ITGA1,0.21836734693877552,0.25918367346938775,2.193877551020408
ITGA10,0.6775510204081633,0.00816326530612245,3.473469387755102
ITGA11,0.4673469387755102,0.08163265306122448,2.742857142857143
ITGA2,0.21428571428571427,0.2653061224489796,2.1816326530612247
ITGA2B,0.5122448979591837,0.07551020408163266,2.910204081632653
ITGA3,0.5693877551020409,0.04285714285714286,3.085714285714286
ITGA4,0.5551020408163265,0.04285714285714286,3.0918367346938775
ITGA5,0.5285714285714286,0.0326530612244898,2.9306122448979592
ITGA6,0.5469387755102041,0.03877551020408163,3.1040816326530614
ITGA7,0.5244897959183673,0.0326530612244898,2.9285714285714284
ITGA8,0.37551020408163266,0.15306122448979592,2.5285714285714285
ITGA9,0.13877551020408163,0.336734693877551,1.8938775510204082
ITGAD,0.47551020408163264,0.0653061224489796,2.753061224489796
ITGAE,0.2693877551020408,0.24897959183673468,2.1979591836734693
ITGAL,0.4775510204081633,0.061224489795918366,2.7714285714285714
ITGAM,0.47551020408163264,0.0653061224489796,2.757142857142857
ITGAV,0.5469387755102041,0.04897959183673469,3.0510204081632653
ITGAX,0.47551020408163264,0.0653061224489796,2.753061224489796
ITGB1,0.3979591836734694,0.12653061224489795,2.6346938775510202
ITGB1BP1,0.5959183673469388,0.04693877551020408,3.2346938775510203
ITGB1BP2,0.14285714285714285,0.39387755102040817,1.863265306122449
ITGB2,0.2938775510204082,0.17551020408163265,2.304081632653061
ITGB3,0.5489795918367347,0.05510204081632653,3.0306122448979593
ITGB3BP,0.36122448979591837,0.10816326530612246,2.510204081632653
ITGB4,0.6122448979591837,0.05102040816326531,3.2020408163265306
ITGB5,0.7775510204081633,0.022448979591836733,3.963265306122449
ITGB6,0.536734693877551,0.05102040816326531,2.9938775510204083
ITGB7,0.5265306122448979,0.0326530612244898,2.9285714285714284
ITGB8,0.5877551020408164,0.03469387755102041,3.2775510204081635
ITIH2,0.373469387755102,0.15714285714285714,2.5061224489795917
ITIH3,0.10816326530612246,0.363265306122449,1.7775510204081633
ITIH4,0.10816326530612246,0.363265306122449,1.7775510204081633
ITK,0.1836734693877551,0.2714285714285714,2.0081632653061225
ITLN1,0.689795918367347,0.006122448979591836,3.630612244897959
ITLN2,0.689795918367347,0.006122448979591836,3.630612244897959
ITPA,0.6183673469387755,0.026530612244897958,3.410204081632653
ITPK1,0.4489795918367347,0.10816326530612246,2.746938775510204
ITPKC,0.5306122448979592,0.0673469387755102,3.363265306122449
ITPR1,0.1653061224489796,0.3142857142857143,1.9714285714285715
ITPR2,0.6163265306122448,0.022448979591836733,3.6183673469387756
ITPR3,0.46530612244897956,0.08163265306122448,2.704081632653061
ITSN1,0.32653061224489793,0.15714285714285714,2.377551020408163
ITSN2,0.6306122448979592,0.024489795918367346,3.3285714285714287
IVD,0.38571428571428573,0.11836734693877551,2.5387755102040814
IVL,0.6857142857142857,0.00816326530612245,3.5510204081632653
IVNS1ABP,0.6632653061224489,0.01020408163265306,3.3836734693877553
IWS1,0.5530612244897959,0.04081632653061224,2.9959183673469387
IZUMO1,0.48775510204081635,0.07551020408163266,2.8102040816326532
JADE1,0.23469387755102042,0.20408163265306123,2.159183673469388
JADE2,0.1653061224489796,0.2836734693877551,1.957142857142857
JADE3,0.13673469387755102,0.42857142857142855,1.8142857142857143
JAG1,0.6204081632653061,0.030612244897959183,3.5775510204081633
JAG2,0.463265306122449,0.11020408163265306,2.8489795918367347
JAK1,0.3551020408163265,0.10816326530612246,2.4979591836734696
JAK2,0.2755102040816326,0.29183673469387755,2.336734693877551
JAK3,0.46122448979591835,0.08979591836734693,2.8102040816326532
JAM2,0.32448979591836735,0.16122448979591836,2.453061224489796
JAM3,0.4142857142857143,0.11836734693877551,2.6387755102040815
JAML,0.40816326530612246,0.11020408163265306,2.589795918367347
JARID2,0.47551020408163264,0.08163265306122448,2.7857142857142856
JAZF1,0.563265306122449,0.04285714285714286,3.2346938775510203
JCHAIN,0.363265306122449,0.1489795918367347,2.610204081632653
JDP2,0.4163265306122449,0.12653061224489795,2.6653061224489796
JMJD1C,0.3510204081632653,0.1489795918367347,2.4714285714285715
JMY,0.15306122448979592,0.3040816326530612,1.9285714285714286
JPH2,0.5897959183673469,0.0326530612244898,3.3102040816326532
JPT1,0.6122448979591837,0.04897959183673469,3.2
JPT2,0.4204081632653061,0.12244897959183673,2.5755102040816324
JSRP1,0.37551020408163266,0.15714285714285714,2.442857142857143
JUN,0.3653061224489796,0.10612244897959183,2.5387755102040814
JUNB,0.4122448979591837,0.10816326530612246,2.6775510204081634
JUND,0.46938775510204084,0.08571428571428572,2.820408163265306
JUP,0.5040816326530613,0.08571428571428572,2.8489795918367347
KALRN,0.7775510204081633,0.024489795918367346,3.9591836734693877
KANK1,0.2653061224489796,0.3020408163265306,2.230612244897959
KANSL1,0.5387755102040817,0.061224489795918366,2.989795918367347
KANSL2,0.5306122448979592,0.030612244897959183,2.926530612244898
KANSL3,0.6061224489795919,0.0163265306122449,3.2653061224489797
KAT14,0.6040816326530613,0.030612244897959183,3.3755102040816327
KAT2A,0.5,0.08775510204081632,2.840816326530612
KAT2B,0.1469387755102041,0.32653061224489793,1.920408163265306
KAT5,0.49795918367346936,0.044897959183673466,2.8612244897959185
KAT6A,0.536734693877551,0.09591836734693877,3.6530612244897958
KAT6B,0.363265306122449,0.1489795918367347,2.4489795918367347
KAT7,0.5673469387755102,0.044897959183673466,3.0816326530612246
KAT8,0.47959183673469385,0.06326530612244897,2.7653061224489797
KATNA1,0.45102040816326533,0.09591836734693877,2.673469387755102
KATNAL1,0.23061224489795917,0.2510204081632653,2.110204081632653
KATNAL2,0.3877551020408163,0.13877551020408163,2.622448979591837
KATNB1,0.39183673469387753,0.12653061224489795,2.5755102040816324
KATNBL1,0.38571428571428573,0.11836734693877551,2.563265306122449
KAZN,0.32653061224489793,0.14081632653061224,2.3877551020408165
KBTBD13,0.46530612244897956,0.08571428571428572,2.7183673469387757
KCNA1,0.6224489795918368,0.014285714285714285,3.559183673469388
KCNA10,0.2897959183673469,0.1653061224489796,2.289795918367347
KCNA2,0.2897959183673469,0.1653061224489796,2.289795918367347
KCNA3,0.2897959183673469,0.1653061224489796,2.289795918367347
KCNA4,0.43673469387755104,0.10204081632653061,2.679591836734694
KCNA5,0.6224489795918368,0.014285714285714285,3.5653061224489795
KCNAB1,0.863265306122449,0.01020408163265306,5.140816326530612
KCNAB2,0.336734693877551,0.12653061224489795,2.4224489795918367
KCNAB3,0.2612244897959184,0.26326530612244897,2.1775510204081634
KCNB1,0.5918367346938775,0.0326530612244898,3.3
KCNB2,0.6142857142857143,0.024489795918367346,3.4959183673469387
KCNC1,0.3979591836734694,0.1306122448979592,2.5387755102040814
KCNC2,0.5163265306122449,0.03877551020408163,2.914285714285714
KCNC3,0.5,0.06938775510204082,2.857142857142857
KCNC4,0.29183673469387755,0.16326530612244897,2.2857142857142856
KCND2,0.5571428571428572,0.06938775510204082,3.1816326530612247
KCND3,0.2897959183673469,0.17346938775510204,2.279591836734694
KCNE1,0.32040816326530613,0.1673469387755102,2.3510204081632655
KCNE2,0.3224489795918367,0.1673469387755102,2.357142857142857
KCNE3,0.49387755102040815,0.07142857142857142,2.9326530612244897
KCNE4,0.4061224489795918,0.10408163265306122,2.5775510204081633
KCNE5,0.17346938775510204,0.35714285714285715,1.9775510204081632
KCNF1,0.6,0.04285714285714286,3.2448979591836733
KCNG1,0.5938775510204082,0.030612244897959183,3.3489795918367347
KCNG2,0.33877551020408164,0.20408163265306123,2.357142857142857
KCNG3,0.6510204081632653,0.018367346938775512,3.4489795918367347
KCNG4,0.3510204081632653,0.1510204081632653,2.4673469387755103
KCNH1,0.6510204081632653,0.00816326530612245,3.3142857142857145
KCNH2,0.5326530612244897,0.08775510204081632,3.0285714285714285
KCNH3,0.5265306122448979,0.0326530612244898,2.904081632653061
KCNH5,0.4122448979591837,0.1346938775510204,2.6244897959183673
KCNIP1,0.19387755102040816,0.2653061224489796,2.022448979591837
KCNIP2,0.3020408163265306,0.16938775510204082,2.2775510204081635
KCNIP3,0.6040816326530613,0.0163265306122449,3.230612244897959
KCNIP4,0.2530612244897959,0.2530612244897959,2.163265306122449
KCNJ1,0.4020408163265306,0.12040816326530612,2.5693877551020408
KCNJ11,0.3979591836734694,0.1326530612244898,2.546938775510204
KCNJ12,0.31020408163265306,0.22040816326530613,2.3612244897959185
KCNJ15,0.30612244897959184,0.17142857142857143,2.3469387755102042
KCNJ2,0.6224489795918368,0.04285714285714286,3.226530612244898
KCNJ3,0.5346938775510204,0.053061224489795916,2.946938775510204
KCNJ4,0.5571428571428572,0.05714285714285714,3.159183673469388
KCNJ5,0.4,0.12244897959183673,2.563265306122449
KCNJ6,0.3081632653061224,0.17142857142857143,2.342857142857143
KCNJ8,0.610204081632653,0.018367346938775512,3.7
KCNJ9,0.689795918367347,0.006122448979591836,3.563265306122449
KCNK3,0.6387755102040816,0.014285714285714285,3.357142857142857
KCNK5,0.4816326530612245,0.07551020408163266,2.7775510204081635
KCNK9,0.7,0.014285714285714285,3.806122448979592
KCNMA1,0.35918367346938773,0.14489795918367346,2.438775510204082
KCNMB1,0.19387755102040816,0.26326530612244897,2.0285714285714285
KCNMB2,0.9040816326530612,0.0020408163265306124,6.753061224489796
KCNMB4,0.5510204081632653,0.026530612244897958,3.306122448979592
KCNN1,0.46530612244897956,0.08979591836734693,2.8224489795918366
KCNN2,0.1510204081632653,0.2979591836734694,1.920408163265306
KCNN3,0.6877551020408164,0.00816326530612245,3.4959183673469387
KCNQ1,0.3224489795918367,0.18979591836734694,2.306122448979592
KCNQ2,0.5816326530612245,0.04693877551020408,3.23265306122449
KCNQ3,0.726530612244898,0.00816326530612245,3.877551020408163
KCNQ4,0.4,0.1,2.593877551020408
KCNQ5,0.4857142857142857,0.061224489795918366,2.889795918367347
KCNRG,0.22857142857142856,0.27346938775510204,2.0877551020408163
KCNS2,0.6775510204081633,0.0163265306122449,3.6489795918367345
KCNS3,0.6183673469387755,0.0326530612244898,3.353061224489796
KCNV1,0.7020408163265306,0.012244897959183673,3.793877551020408
KCNV2,0.26326530612244897,0.29591836734693877,2.3102040816326532
KCTD1,0.45102040816326533,0.09387755102040816,3.0673469387755103
KCTD10,0.5142857142857142,0.053061224489795916,2.8387755102040817
KCTD13,0.4775510204081633,0.0653061224489796,2.753061224489796
KCTD15,0.5877551020408164,0.044897959183673466,3.4081632653061225
KCTD3,0.6551020408163265,0.014285714285714285,3.3285714285714287
KCTD5,0.4204081632653061,0.12448979591836734,2.563265306122449
KCTD6,0.10612244897959183,0.35918367346938773,1.7938775510204081
KCTD7,0.5653061224489796,0.030612244897959183,3.336734693877551
KDELR1,0.48775510204081635,0.07755102040816327,2.8081632653061224
KDELR2,0.6040816326530613,0.03469387755102041,3.2714285714285714
KDELR3,0.5571428571428572,0.05714285714285714,3.159183673469388
KDM1A,0.3163265306122449,0.14489795918367346,2.373469387755102
KDM1B,0.48367346938775513,0.07551020408163266,2.842857142857143
KDM2A,0.5142857142857142,0.044897959183673466,2.9326530612244897
KDM2B,0.5,0.05714285714285714,2.816326530612245
KDM3A,0.6346938775510204,0.014285714285714285,3.2775510204081635
KDM4A,0.4020408163265306,0.09795918367346938,2.5918367346938775
KDM4B,0.41020408163265304,0.1326530612244898,2.5673469387755103
KDM4C,0.2755102040816326,0.29183673469387755,2.3142857142857145
KDM5A,0.6142857142857143,0.026530612244897958,3.5408163265306123
KDM5B,0.6571428571428571,0.00816326530612245,3.3081632653061224
KDM6A,0.14081632653061224,0.44081632653061226,1.7979591836734694
KDM6B,0.2612244897959184,0.2612244897959184,2.179591836734694
KDM8,0.46938775510204084,0.07346938775510205,2.7612244897959184
KDR,0.42857142857142855,0.12244897959183673,3.1489795918367345
KEAP1,0.41020408163265304,0.10816326530612246,2.63265306122449
KEL,0.5387755102040817,0.07346938775510205,3.1
KERA,0.5163265306122449,0.04081632653061224,2.9081632653061225
KHDRBS1,0.3551020408163265,0.11224489795918367,2.4346938775510205
KHDRBS2,0.5306122448979592,0.03877551020408163,3.083673469387755
KHDRBS3,0.7204081632653061,0.01020408163265306,3.869387755102041
KHK,0.6428571428571429,0.014285714285714285,3.373469387755102
KHSRP,0.40816326530612246,0.1326530612244898,2.559183673469388
KIAA0319,0.4673469387755102,0.07959183673469387,2.7612244897959184
KIAA0319L,0.3653061224489796,0.10408163265306122,2.4612244897959186
KIAA0513,0.35306122448979593,0.14489795918367346,2.473469387755102
KIAA1549,0.5346938775510204,0.07346938775510205,3.093877551020408
KIAA1549L,0.4530612244897959,0.1,2.730612244897959
KIAA2013,0.3346938775510204,0.14081632653061224,2.3836734693877553
KIDINS220,0.5979591836734693,0.04693877551020408,3.240816326530612
KIF11,0.3,0.17346938775510204,2.2877551020408164
KIF13A,0.4857142857142857,0.07551020408163266,2.8142857142857145
KIF13B,0.24285714285714285,0.3081632653061224,2.1285714285714286
KIF14,0.6591836734693878,0.01020408163265306,3.306122448979592
KIF15,0.11836734693877551,0.3469387755102041,1.810204081632653
KIF16B,0.610204081632653,0.022448979591836733,3.436734693877551
KIF17,0.3122448979591837,0.13877551020408163,2.3448979591836734
KIF18A,0.4346938775510204,0.10204081632653061,2.669387755102041
KIF18B,0.5244897959183673,0.07142857142857142,2.9346938775510205
KIF19,0.610204081632653,0.04897959183673469,3.193877551020408
KIF1A,0.4061224489795918,0.10204081632653061,2.5918367346938775
KIF1B,0.336734693877551,0.13877551020408163,2.3938775510204082
KIF1C,0.2673469387755102,0.2530612244897959,2.1979591836734693
KIF20A,0.18571428571428572,0.27755102040816326,2.0061224489795917
KIF20B,0.3,0.17755102040816326,2.2714285714285714
KIF21A,0.5408163265306123,0.02857142857142857,3.010204081632653
KIF21B,0.6571428571428571,0.01020408163265306,3.3020408163265307
KIF22,0.47959183673469385,0.0653061224489796,2.7551020408163267
KIF23,0.46530612244897956,0.07755102040816327,2.746938775510204
KIF26A,0.45918367346938777,0.10816326530612246,2.8285714285714287
KIF26B,0.6448979591836734,0.014285714285714285,3.340816326530612
KIF27,0.3551020408163265,0.1653061224489796,2.489795918367347
KIF2A,0.1673469387755102,0.28775510204081634,1.993877551020408
KIF2B,0.5714285714285714,0.04285714285714286,3.110204081632653
KIF2C,0.39591836734693875,0.09795918367346938,2.5653061224489795
KIF3A,0.16326530612244897,0.28775510204081634,1.9469387755102041
KIF3B,0.6428571428571429,0.012244897959183673,3.642857142857143
KIF3C,0.6408163265306123,0.0163265306122449,3.3489795918367347
KIF4A,0.13877551020408163,0.39591836734693875,1.8591836734693878
KIF4B,0.1836734693877551,0.2693877551020408,2.0142857142857142
KIF5A,0.5306122448979592,0.0326530612244898,2.9448979591836735
KIF5B,0.39183673469387753,0.12653061224489795,2.620408163265306
KIF5C,0.5326530612244897,0.053061224489795916,2.9285714285714284
KIF6,0.47959183673469385,0.07551020408163266,2.7755102040816326
KIF7,0.5244897959183673,0.04897959183673469,2.975510204081633
KIFAP3,0.6857142857142857,0.00816326530612245,3.5081632653061225
KIFC1,0.4673469387755102,0.07959183673469387,2.710204081632653
KIFC2,0.7040816326530612,0.022448979591836733,3.7857142857142856
KIFC3,0.39183673469387753,0.12653061224489795,2.5755102040816324
KIN,0.373469387755102,0.15714285714285714,2.5061224489795917
KIR2DL1,0.5285714285714286,0.06326530612244897,2.926530612244898
KIR2DL3,0.5285714285714286,0.06326530612244897,2.926530612244898
KIR2DL4,0.5285714285714286,0.06326530612244897,2.926530612244898
KIR3DL1,0.5285714285714286,0.06326530612244897,2.926530612244898
KIR3DL2,0.5285714285714286,0.06326530612244897,2.926530612244898
KIR3DL3,0.5285714285714286,0.06326530612244897,2.926530612244898
KIRREL1,0.6816326530612244,0.01020408163265306,3.4714285714285715
KIRREL2,0.6061224489795919,0.044897959183673466,3.510204081632653
KIRREL3,0.41020408163265304,0.11632653061224489,2.585714285714286
KISS1,0.6612244897959184,0.00816326530612245,3.3510204081632655
KISS1R,0.37142857142857144,0.16938775510204082,2.4306122448979592
KIT,0.42857142857142855,0.12244897959183673,3.1755102040816325
KIZ,0.5959183673469388,0.03469387755102041,3.36734693877551
KL,0.22244897959183674,0.24897959183673468,2.083673469387755
KLB,0.2673469387755102,0.22857142857142856,2.2346938775510203
KLC1,0.46122448979591835,0.11020408163265306,2.8244897959183675
KLC2,0.5040816326530613,0.04693877551020408,2.8938775510204082
KLC3,0.5020408163265306,0.05918367346938776,2.9224489795918367
KLC4,0.5020408163265306,0.06326530612244897,2.9122448979591837
KLF1,0.4122448979591837,0.10816326530612246,2.6775510204081634
KLF15,0.7816326530612245,0.022448979591836733,3.977551020408163
KLF2,0.44285714285714284,0.09795918367346938,2.7510204081632654
KLF4,0.3816326530612245,0.1489795918367347,2.553061224489796
KLF5,0.28775510204081634,0.23265306122448978,2.3489795918367347
KLF6,0.3795918367346939,0.1653061224489796,2.5020408163265304
KLF7,0.46122448979591835,0.07959183673469387,2.742857142857143
KLHDC2,0.42857142857142855,0.12448979591836734,2.693877551020408
KLHDC3,0.5020408163265306,0.06326530612244897,2.9122448979591837
KLHL10,0.5040816326530613,0.08571428571428572,2.8489795918367347
KLHL11,0.5040816326530613,0.08571428571428572,2.8489795918367347
KLHL2,0.21428571428571427,0.24081632653061225,2.0979591836734692
KLHL20,0.6795918367346939,0.00816326530612245,3.438775510204082
KLHL21,0.33877551020408164,0.12653061224489795,2.440816326530612
KLHL22,0.6,0.044897959183673466,3.4918367346938775
KLHL24,0.9061224489795918,0.0020408163265306124,7.061224489795919
KLHL25,0.5102040816326531,0.05918367346938776,2.914285714285714
KLHL3,0.1836734693877551,0.2795918367346939,2.0081632653061225
KLHL41,0.5346938775510204,0.044897959183673466,3.0
KLHL5,0.2653061224489796,0.23265306122448978,2.230612244897959
KLHL9,0.22040816326530613,0.37142857142857144,1.957142857142857
KLK1,0.5081632653061224,0.07142857142857142,2.869387755102041
KLK12,0.5061224489795918,0.06938775510204082,2.869387755102041
KLK13,0.5061224489795918,0.06938775510204082,2.869387755102041
KLK14,0.5061224489795918,0.06938775510204082,2.8755102040816327
KLK3,0.5081632653061224,0.07142857142857142,2.869387755102041
KLK4,0.5061224489795918,0.07142857142857142,2.8653061224489798
KLK5,0.5061224489795918,0.07142857142857142,2.86734693877551
KLK6,0.5061224489795918,0.07142857142857142,2.86734693877551
KLK7,0.5061224489795918,0.07142857142857142,2.86734693877551
KLK8,0.5061224489795918,0.06938775510204082,2.869387755102041
KLKB1,0.21224489795918366,0.2836734693877551,2.0755102040816324
KLRB1,0.6061224489795919,0.014285714285714285,3.5061224489795917
KLRC1,0.6040816326530613,0.014285714285714285,3.5183673469387755
KLRC2,0.6040816326530613,0.014285714285714285,3.5183673469387755
KLRC4,0.6040816326530613,0.014285714285714285,3.5183673469387755
KLRD1,0.6040816326530613,0.014285714285714285,3.5183673469387755
KLRF2,0.6081632653061224,0.014285714285714285,3.5183673469387755
KLRG1,0.6081632653061224,0.014285714285714285,3.516326530612245
KMO,0.6489795918367347,0.014285714285714285,3.336734693877551
KMT2A,0.41020408163265304,0.11020408163265306,2.5877551020408163
KMT2B,0.6081632653061224,0.044897959183673466,3.5040816326530613
KMT2C,0.5265306122448979,0.09795918367346938,2.989795918367347
KMT2D,0.5285714285714286,0.0326530612244898,2.9081632653061225
KMT2E,0.5693877551020409,0.04285714285714286,3.4081632653061225
KMT5A,0.5040816326530613,0.05102040816326531,2.8285714285714287
KMT5B,0.5122448979591837,0.044897959183673466,3.0081632653061225
KNL1,0.38571428571428573,0.11836734693877551,2.5387755102040814
KNTC1,0.5040816326530613,0.05510204081632653,2.8183673469387753
KPNA1,0.7775510204081633,0.022448979591836733,3.963265306122449
KPNA2,0.6204081632653061,0.04081632653061224,3.2244897959183674
KPNA3,0.22653061224489796,0.2714285714285714,2.085714285714286
KPNA4,0.8693877551020408,0.00816326530612245,5.289795918367347
KPNA5,0.44693877551020406,0.09183673469387756,2.659183673469388
KPNA6,0.35714285714285715,0.11224489795918367,2.436734693877551
KPNA7,0.5979591836734693,0.030612244897959183,3.520408163265306
KPNB1,0.5489795918367347,0.04897959183673469,3.036734693877551
KPRP,0.6857142857142857,0.00816326530612245,3.5448979591836736
KPTN,0.47959183673469385,0.08163265306122448,2.783673469387755
KRAS,0.6142857142857143,0.02040816326530612,3.7
KRIT1,0.610204081632653,0.024489795918367346,3.5979591836734692
KRR1,0.5142857142857142,0.03877551020408163,2.9122448979591837
KRT1,0.5265306122448979,0.0326530612244898,2.9244897959183676
KRT10,0.5142857142857142,0.0836734693877551,2.9204081632653063
KRT12,0.5142857142857142,0.0836734693877551,2.9204081632653063
KRT13,0.5040816326530613,0.08571428571428572,2.8510204081632655
KRT14,0.5040816326530613,0.08571428571428572,2.8510204081632655
KRT15,0.5040816326530613,0.08571428571428572,2.8510204081632655
KRT16,0.5040816326530613,0.08571428571428572,2.8510204081632655
KRT17,0.5040816326530613,0.08571428571428572,2.8510204081632655
KRT18,0.5265306122448979,0.0326530612244898,2.9285714285714284
KRT19,0.5040816326530613,0.08571428571428572,2.8510204081632655
KRT2,0.5265306122448979,0.0326530612244898,2.9244897959183676
KRT20,0.5122448979591837,0.0836734693877551,2.9020408163265308
KRT23,0.5122448979591837,0.0836734693877551,2.9020408163265308
KRT24,0.5122448979591837,0.0836734693877551,2.9224489795918367
KRT25,0.5142857142857142,0.0836734693877551,2.9204081632653063
KRT26,0.5142857142857142,0.0836734693877551,2.9204081632653063
KRT27,0.5142857142857142,0.0836734693877551,2.9204081632653063
KRT28,0.5142857142857142,0.0836734693877551,2.9204081632653063
KRT3,0.5265306122448979,0.0326530612244898,2.9244897959183676
KRT31,0.5081632653061224,0.08571428571428572,2.86734693877551
KRT32,0.5040816326530613,0.08571428571428572,2.8510204081632655
KRT33A,0.5061224489795918,0.08775510204081632,2.863265306122449
KRT33B,0.5081632653061224,0.08571428571428572,2.86734693877551
KRT34,0.5081632653061224,0.08571428571428572,2.86734693877551
KRT37,0.5061224489795918,0.08571428571428572,2.8591836734693876
KRT38,0.5061224489795918,0.08571428571428572,2.8591836734693876
KRT39,0.5122448979591837,0.0836734693877551,2.8877551020408165
KRT4,0.5265306122448979,0.0326530612244898,2.9244897959183676
KRT40,0.5122448979591837,0.0836734693877551,2.889795918367347
KRT5,0.5285714285714286,0.0326530612244898,2.9244897959183676
KRT6A,0.5285714285714286,0.0326530612244898,2.9244897959183676
KRT6B,0.5285714285714286,0.0326530612244898,2.9244897959183676
KRT6C,0.5285714285714286,0.0326530612244898,2.9244897959183676
KRT7,0.5306122448979592,0.03469387755102041,2.9183673469387754
KRT71,0.5265306122448979,0.0326530612244898,2.9224489795918367
KRT72,0.5265306122448979,0.0326530612244898,2.9224489795918367
KRT73,0.5265306122448979,0.0326530612244898,2.9224489795918367
KRT74,0.5265306122448979,0.0326530612244898,2.9224489795918367
KRT75,0.5285714285714286,0.0326530612244898,2.9244897959183676
KRT76,0.5265306122448979,0.0326530612244898,2.9244897959183676
KRT78,0.5265306122448979,0.0326530612244898,2.9244897959183676
KRT79,0.5265306122448979,0.0326530612244898,2.9244897959183676
KRT8,0.5265306122448979,0.0326530612244898,2.9244897959183676
KRT80,0.5306122448979592,0.03469387755102041,2.9183673469387754
KRT81,0.5306122448979592,0.0326530612244898,2.926530612244898
KRT83,0.5326530612244897,0.0326530612244898,2.9346938775510205
KRT85,0.5326530612244897,0.0326530612244898,2.938775510204082
KRT86,0.5306122448979592,0.03469387755102041,2.9244897959183676
KRT9,0.5040816326530613,0.08571428571428572,2.8510204081632655
KSR1,0.5061224489795918,0.09387755102040816,2.9591836734693877
KTN1,0.4122448979591837,0.1306122448979592,2.6530612244897958
KYAT1,0.3653061224489796,0.15306122448979592,2.4959183673469387
KYNU,0.5326530612244897,0.04897959183673469,2.946938775510204
L1CAM,0.18571428571428572,0.336734693877551,1.9857142857142858
L2HGDH,0.42448979591836733,0.12448979591836734,2.6755102040816325
L3MBTL1,0.5897959183673469,0.02857142857142857,3.3122448979591836
L3MBTL2,0.5591836734693878,0.06326530612244897,3.1122448979591835
LACRT,0.5285714285714286,0.0326530612244898,2.9244897959183676
LAIR1,0.5265306122448979,0.061224489795918366,2.9448979591836735
LALBA,0.5326530612244897,0.030612244897959183,2.946938775510204
LAMA1,0.49795918367346936,0.07142857142857142,2.9306122448979592
LAMA2,0.45918367346938777,0.0836734693877551,2.7081632653061223
LAMA3,0.4775510204081633,0.07755102040816327,2.951020408163265
LAMA4,0.4489795918367347,0.09387755102040816,2.6612244897959183
LAMA5,0.5795918367346938,0.04693877551020408,3.236734693877551
LAMB1,0.563265306122449,0.04897959183673469,3.326530612244898
LAMB2,0.10612244897959183,0.3551020408163265,1.7836734693877552
LAMB3,0.6530612244897959,0.00816326530612245,3.3346938775510204
LAMC1,0.6653061224489796,0.00816326530612245,3.379591836734694
LAMC2,0.6632653061224489,0.00816326530612245,3.373469387755102
LAMC3,0.37551020408163266,0.1469387755102041,2.526530612244898
LAMP1,0.34285714285714286,0.21428571428571427,2.8081632653061224
LAMP2,0.16938775510204082,0.3551020408163265,1.9469387755102041
LAMTOR1,0.5040816326530613,0.0673469387755102,2.9571428571428573
LAMTOR2,0.6795918367346939,0.00816326530612245,3.4653061224489794
LAMTOR3,0.2612244897959184,0.19183673469387755,2.2081632653061223
LAMTOR5,0.2897959183673469,0.1653061224489796,2.289795918367347
LAP3,0.2530612244897959,0.24897959183673468,2.1755102040816325
LAPTM5,0.33877551020408164,0.12244897959183673,2.4020408163265308
LARGE1,0.5612244897959183,0.061224489795918366,3.1714285714285713
LARGE2,0.47959183673469385,0.08979591836734693,2.7918367346938777
LARP6,0.4673469387755102,0.07551020408163266,2.759183673469388
LARP7,0.23877551020408164,0.1836734693877551,2.1918367346938776
LAS1L,0.1326530612244898,0.4,1.8183673469387756
LASP1,0.49795918367346936,0.08775510204081632,2.889795918367347
LAT,0.47959183673469385,0.06326530612244897,2.76734693877551
LAT2,0.5673469387755102,0.03877551020408163,3.23265306122449
LATS1,0.45102040816326533,0.09591836734693877,2.673469387755102
LATS2,0.22653061224489796,0.2653061224489796,2.073469387755102
LAYN,0.40408163265306124,0.12040816326530612,2.595918367346939
LBP,0.6061224489795919,0.024489795918367346,3.379591836734694
LBR,0.6612244897959184,0.01020408163265306,3.3387755102040817
LCA5,0.47959183673469385,0.0673469387755102,2.820408163265306
LCAT,0.39591836734693875,0.10612244897959183,2.6020408163265305
LCE1A,0.6857142857142857,0.00816326530612245,3.5510204081632653
LCE1B,0.6857142857142857,0.00816326530612245,3.5448979591836736
LCE1C,0.6857142857142857,0.00816326530612245,3.5448979591836736
LCE1D,0.6857142857142857,0.00816326530612245,3.5448979591836736
LCE1E,0.6857142857142857,0.00816326530612245,3.5448979591836736
LCE1F,0.6857142857142857,0.00816326530612245,3.5448979591836736
LCE2A,0.6857142857142857,0.01020408163265306,3.5428571428571427
LCE2B,0.6857142857142857,0.01020408163265306,3.5408163265306123
LCE2C,0.6857142857142857,0.01020408163265306,3.5408163265306123
LCE2D,0.6857142857142857,0.01020408163265306,3.5408163265306123
LCE3A,0.6877551020408164,0.00816326530612245,3.548979591836735
LCE3B,0.6877551020408164,0.00816326530612245,3.548979591836735
LCE3C,0.6877551020408164,0.00816326530612245,3.548979591836735
LCE3D,0.6877551020408164,0.00816326530612245,3.548979591836735
LCE4A,0.6857142857142857,0.01020408163265306,3.5428571428571427
LCE5A,0.6877551020408164,0.00816326530612245,3.548979591836735
LCK,0.35918367346938773,0.11224489795918367,2.4448979591836735
LCLAT1,0.6448979591836734,0.0163265306122449,3.379591836734694
LCN1,0.37142857142857144,0.14285714285714285,2.522448979591837
LCN2,0.363265306122449,0.15306122448979592,2.4918367346938775
LCORL,0.25510204081632654,0.24897959183673468,2.1857142857142855
LCP1,0.21836734693877552,0.2653061224489796,2.073469387755102
LCP2,0.19387755102040816,0.26326530612244897,2.0285714285714285
LCT,0.5326530612244897,0.04897959183673469,2.9285714285714284
LDB1,0.3020408163265306,0.16938775510204082,2.2775510204081635
LDB2,0.2571428571428571,0.2510204081632653,2.183673469387755
LDB3,0.3020408163265306,0.16938775510204082,2.3122448979591836
LDHAL6A,0.4020408163265306,0.12857142857142856,2.5551020408163265
LDHAL6B,0.4530612244897959,0.09591836734693877,2.6897959183673468
LDHB,0.610204081632653,0.018367346938775512,3.7
LDHC,0.4020408163265306,0.12857142857142856,2.5551020408163265
LDHD,0.3693877551020408,0.12653061224489795,2.5775510204081633
LDLR,0.4061224489795918,0.11224489795918367,2.636734693877551
LDLRAP1,0.3142857142857143,0.1489795918367347,2.33265306122449
LEF1,0.25510204081632654,0.18775510204081633,2.210204081632653
LEFTY1,0.6591836734693878,0.01020408163265306,3.33265306122449
LEFTY2,0.6591836734693878,0.01020408163265306,3.33265306122449
LEMD2,0.46530612244897956,0.08163265306122448,2.704081632653061
LEMD3,0.5489795918367347,0.02857142857142857,3.253061224489796
LEO1,0.43673469387755104,0.11020408163265306,2.646938775510204
LEP,0.5346938775510204,0.07346938775510205,3.0755102040816324
LEPR,0.35306122448979593,0.10816326530612246,2.4959183673469387
LEPROT,0.35306122448979593,0.10816326530612246,2.4959183673469387
LETM1,0.2714285714285714,0.23673469387755103,2.2346938775510203
LFNG,0.5918367346938775,0.03469387755102041,3.273469387755102
LGALS1,0.5530612244897959,0.05714285714285714,3.136734693877551
LGALS3,0.4142857142857143,0.1326530612244898,2.6530612244897958
LGALS3BP,0.5959183673469388,0.05510204081632653,3.1653061224489796
LGALS4,0.5959183673469388,0.04285714285714286,3.6346938775510202
LGALS7,0.5959183673469388,0.04285714285714286,3.6346938775510202
LGALS7B,0.5959183673469388,0.04285714285714286,3.6346938775510202
LGALS8,0.6530612244897959,0.012244897959183673,3.336734693877551
LGALS9,0.5061224489795918,0.09387755102040816,2.940816326530612
LGI1,0.3,0.16938775510204082,2.2877551020408164
LGI3,0.22653061224489796,0.32448979591836735,2.0387755102040814
LGMN,0.45102040816326533,0.11020408163265306,2.7714285714285714
LGR4,0.4306122448979592,0.10408163265306122,2.6551020408163266
LGR5,0.5428571428571428,0.02857142857142857,3.1285714285714286
LHCGR,0.6673469387755102,0.012244897959183673,3.636734693877551
LHFPL5,0.47346938775510206,0.07755102040816327,2.7224489795918365
LHPP,0.3306122448979592,0.1510204081632653,2.3836734693877553
LHX1,0.48775510204081635,0.09183673469387756,2.8122448979591836
LHX2,0.3795918367346939,0.15306122448979592,2.524489795918367
LHX3,0.37142857142857144,0.14489795918367346,2.526530612244898
LHX4,0.6673469387755102,0.012244897959183673,3.3714285714285714
LHX6,0.3816326530612245,0.1510204081632653,2.5326530612244897
LHX8,0.35714285714285715,0.10816326530612246,2.4979591836734696
LHX9,0.6571428571428571,0.012244897959183673,3.2979591836734694
LIF,0.5836734693877551,0.053061224489795916,3.293877551020408
LIFR,0.789795918367347,0.0163265306122449,4.608163265306122
LIG1,0.48775510204081635,0.07755102040816327,2.8020408163265307
LIG3,0.49183673469387756,0.09591836734693877,2.836734693877551
LIG4,0.32857142857142857,0.2163265306122449,2.446938775510204
LILRA1,0.5285714285714286,0.06326530612244897,2.9346938775510205
LILRA4,0.5265306122448979,0.061224489795918366,2.946938775510204
LILRB1,0.5285714285714286,0.06326530612244897,2.9346938775510205
LILRB2,0.5244897959183673,0.061224489795918366,2.942857142857143
LILRB3,0.5244897959183673,0.061224489795918366,2.942857142857143
LILRB4,0.5285714285714286,0.06326530612244897,2.9346938775510205
LIMA1,0.5285714285714286,0.0326530612244898,2.914285714285714
LIMD1,0.11836734693877551,0.3489795918367347,1.8081632653061224
LIMK1,0.5673469387755102,0.03877551020408163,3.23265306122449
LIMK2,0.5795918367346938,0.053061224489795916,3.3
LIMS1,0.5857142857142857,0.024489795918367346,3.1122448979591835
LIMS2,0.5551020408163265,0.04081632653061224,2.9979591836734696
LIMS3,0.5795918367346938,0.024489795918367346,3.0920245398773005
LIN28A,0.31020408163265306,0.1489795918367347,2.3224489795918366
LIN28B,0.44285714285714284,0.09387755102040816,2.8469387755102042
LIN37,0.6081632653061224,0.044897959183673466,3.5040816326530613
LIN52,0.4142857142857143,0.12857142857142856,2.6551020408163266
LIN54,0.3040816326530612,0.17346938775510204,2.330612244897959
LIN7A,0.5061224489795918,0.04285714285714286,2.8877551020408165
LIN7B,0.48775510204081635,0.07346938775510205,2.8142857142857145
LIN7C,0.42857142857142855,0.10408163265306122,2.6489795918367345
LIN9,0.6571428571428571,0.012244897959183673,3.3346938775510204
LINGO1,0.48367346938775513,0.0673469387755102,2.7877551020408164
LIPC,0.4530612244897959,0.09795918367346938,2.6918367346938776
LIPE,0.5020408163265306,0.06326530612244897,2.9551020408163264
LIPG,0.3693877551020408,0.1489795918367347,2.4979591836734696
LIPH,0.8938775510204081,0.006122448979591836,6.373469387755102
LIPT1,0.5959183673469388,0.0163265306122449,3.216326530612245
LLGL1,0.2897959183673469,0.24081632653061225,2.253061224489796
LLGL2,0.6142857142857143,0.05102040816326531,3.206122448979592
LMAN1,0.35918367346938773,0.1653061224489796,2.4653061224489794
LMAN2,0.21020408163265306,0.2653061224489796,2.0653061224489795
LMAN2L,0.6061224489795919,0.0163265306122449,3.2510204081632654
LMBR1,0.5224489795918368,0.09591836734693877,2.9918367346938775
LMBR1L,0.5265306122448979,0.0326530612244898,2.906122448979592
LMCD1,0.16122448979591836,0.30612244897959184,1.973469387755102
LMF1,0.4163265306122449,0.12653061224489795,2.5673469387755103
LMF2,0.5020408163265306,0.09795918367346938,2.9204081632653063
LMNA,0.6795918367346939,0.00816326530612245,3.4571428571428573
LMNB1,0.15306122448979592,0.29183673469387755,1.9326530612244899
LMNB2,0.37551020408163266,0.15306122448979592,2.446938775510204
LMO1,0.33877551020408164,0.1653061224489796,2.3653061224489798
LMO2,0.4530612244897959,0.1,2.7285714285714286
LMO4,0.3469387755102041,0.11020408163265306,2.4612244897959186
LMO7,0.2755102040816326,0.23877551020408164,2.2714285714285714
LMOD1,0.6571428571428571,0.00816326530612245,3.3020408163265307
LMTK2,0.5938775510204082,0.0326530612244898,3.479591836734694
LMX1A,0.6857142857142857,0.006122448979591836,3.5510204081632653
LMX1B,0.37142857142857144,0.1510204081632653,2.516326530612245
LNPEP,0.1469387755102041,0.30612244897959184,1.9387755102040816
LNPK,0.5530612244897959,0.03877551020408163,3.1489795918367345
LNX1,0.42653061224489797,0.12244897959183673,2.9938775510204083
LONP1,0.4122448979591837,0.1326530612244898,2.559183673469388
LONP2,0.38979591836734695,0.1306122448979592,2.5693877551020408
LOX,0.1510204081632653,0.29183673469387755,1.9285714285714286
LOXL1,0.46530612244897956,0.07346938775510205,2.742857142857143
LOXL2,0.21836734693877552,0.3306122448979592,2.024489795918367
LOXL3,0.6408163265306123,0.006122448979591836,3.410204081632653
LOXL4,0.29591836734693877,0.17551020408163265,2.2755102040816326
LPA,0.45714285714285713,0.08775510204081632,2.7081632653061223
LPAR1,0.3795918367346939,0.1489795918367347,2.536734693877551
LPAR2,0.47346938775510206,0.0836734693877551,2.869387755102041
LPAR3,0.3469387755102041,0.11020408163265306,2.463265306122449
LPAR4,0.15306122448979592,0.3816326530612245,1.8775510204081634
LPAR6,0.22448979591836735,0.2755102040816326,2.073469387755102
LPCAT1,0.7959183673469388,0.014285714285714285,4.7326530612244895
LPCAT2,0.38571428571428573,0.1326530612244898,2.573469387755102
LPCAT3,0.6183673469387755,0.012244897959183673,3.5408163265306123
LPCAT4,0.3877551020408163,0.11836734693877551,2.5673469387755103
LPGAT1,0.6510204081632653,0.01020408163265306,3.3142857142857145
LPIN1,0.6040816326530613,0.04285714285714286,3.2510204081632654
LPIN2,0.5061224489795918,0.0673469387755102,3.0877551020408163
LPIN3,0.5959183673469388,0.02857142857142857,3.342857142857143
LPXN,0.48367346938775513,0.04693877551020408,2.7775510204081635
LRAT,0.22244897959183674,0.23061224489795917,2.1040816326530614
LRCH3,0.8795918367346939,0.012244897959183673,5.689795918367347
LRCH4,0.5877551020408164,0.036734693877551024,3.453061224489796
LRFN1,0.5897959183673469,0.044897959183673466,3.6979591836734693
LRFN3,0.6061224489795919,0.044897959183673466,3.510204081632653
LRFN4,0.5142857142857142,0.04285714285714286,2.9224489795918367
LRG1,0.4,0.13877551020408163,2.5285714285714285
LRIG1,0.10612244897959183,0.3653061224489796,1.779591836734694
LRIG3,0.5408163265306123,0.030612244897959183,2.9938775510204083
LRP1,0.5285714285714286,0.0326530612244898,2.938775510204082
LRP10,0.42448979591836733,0.12653061224489795,2.740816326530612
LRP12,0.6857142857142857,0.014285714285714285,3.7285714285714286
LRP2BP,0.21428571428571427,0.2795918367346939,2.0979591836734692
LRP5,0.5163265306122449,0.044897959183673466,3.053061224489796
LRP6,0.6020408163265306,0.02040816326530612,3.4959183673469387
LRP8,0.37755102040816324,0.10204081632653061,2.510204081632653
LRPPRC,0.6530612244897959,0.018367346938775512,3.451020408163265
LRRC4,0.5346938775510204,0.07551020408163266,3.0653061224489795
LRRC49,0.4673469387755102,0.07551020408163266,2.759183673469388
LRRC4B,0.5040816326530613,0.06938775510204082,2.8653061224489798
LRRC4C,0.46122448979591835,0.10204081632653061,2.763265306122449
LRRC8A,0.3653061224489796,0.15306122448979592,2.4959183673469387
LRRC8B,0.3448979591836735,0.12040816326530612,2.4571428571428573
LRRC8C,0.3448979591836735,0.12040816326530612,2.4571428571428573
LRRC8D,0.3448979591836735,0.12040816326530612,2.4591836734693877
LRRC8E,0.4061224489795918,0.12857142857142856,2.5877551020408163
LRRFIP1,0.4061224489795918,0.09795918367346938,2.6
LRRK2,0.536734693877551,0.026530612244897958,3.0285714285714285
LRRTM1,0.6387755102040816,0.014285714285714285,3.3816326530612244
LRRTM2,0.1816326530612245,0.2755102040816326,1.993877551020408
LRRTM4,0.6448979591836734,0.00816326530612245,3.416326530612245
LRSAM1,0.3693877551020408,0.1510204081632653,2.510204081632653
LRWD1,0.5755102040816327,0.04081632653061224,3.426530612244898
LSAMP,0.7591836734693878,0.030612244897959183,3.9285714285714284
LSG1,0.8816326530612245,0.014285714285714285,5.640816326530612
LSM1,0.5326530612244897,0.11224489795918367,4.202040816326531
LSM10,0.3693877551020408,0.10204081632653061,2.477551020408163
LSM11,0.17959183673469387,0.2714285714285714,2.0
LSM14A,0.5959183673469388,0.04693877551020408,3.4306122448979592
LSM14B,0.5816326530612245,0.04693877551020408,3.2346938775510203
LSM2,0.47346938775510206,0.07346938775510205,2.757142857142857
LSM3,0.1489795918367347,0.3183673469387755,1.9244897959183673
LSM4,0.46938775510204084,0.0836734693877551,2.842857142857143
LSM5,0.5693877551020409,0.04693877551020408,3.2510204081632654
LSM6,0.23469387755102042,0.22448979591836735,2.1387755102040815
LSM7,0.37551020408163266,0.15510204081632653,2.4448979591836735
LSM8,0.5571428571428572,0.05918367346938776,3.2224489795918365
LSP1,0.3306122448979592,0.18775510204081633,2.3244897959183675
LSR,0.6061224489795919,0.04285714285714286,3.5040816326530613
LSS,0.3,0.17551020408163265,2.342857142857143
LTA,0.47551020408163264,0.07551020408163266,2.76734693877551
LTA4H,0.5040816326530613,0.04081632653061224,2.869387755102041
LTB4R,0.4163265306122449,0.13673469387755102,2.66734693877551
LTB4R2,0.4163265306122449,0.13673469387755102,2.66734693877551
LTBP1,0.6428571428571429,0.02040816326530612,3.363265306122449
LTBP3,0.49795918367346936,0.04693877551020408,2.8591836734693876
LTBP4,0.5387755102040817,0.0673469387755102,3.414285714285714
LTBR,0.6204081632653061,0.014285714285714285,3.5551020408163265
LTC4S,0.21020408163265306,0.2612244897959184,2.0775510204081633
LTF,0.11836734693877551,0.3510204081632653,1.810204081632653
LTV1,0.4714285714285714,0.0836734693877551,2.7081632653061223
LUC7L,0.42244897959183675,0.1306122448979592,2.5795918367346937
LUC7L3,0.573469387755102,0.04285714285714286,3.1081632653061226
LUM,0.5142857142857142,0.03877551020408163,2.9
LURAP1,0.3979591836734694,0.09795918367346938,2.5693877551020408
LUZP4,0.17346938775510204,0.3510204081632653,1.9755102040816326
LY6D,0.7020408163265306,0.02040816326530612,3.8020408163265307
LY6E,0.7020408163265306,0.02040816326530612,3.7857142857142856
LY6G6C,0.47346938775510206,0.07346938775510205,2.759183673469388
LY6H,0.7020408163265306,0.02040816326530612,3.7857142857142856
LY86,0.48367346938775513,0.08775510204081632,2.763265306122449
LY9,0.689795918367347,0.006122448979591836,3.6346938775510202
LY96,0.6224489795918368,0.026530612244897958,3.526530612244898
LYAR,0.2653061224489796,0.23673469387755103,2.1979591836734693
LYL1,0.40816326530612246,0.11020408163265306,2.66734693877551
LYN,0.6,0.036734693877551024,3.416326530612245
LYPD1,0.5469387755102041,0.04897959183673469,2.9591836734693877
LYPD3,0.5102040816326531,0.061224489795918366,2.9591836734693877
LYPD4,0.5081632653061224,0.06326530612244897,2.9959183673469387
LYPD5,0.5081632653061224,0.05918367346938776,2.9346938775510205
LYPLA1,0.5979591836734693,0.044897959183673466,3.3959183673469386
LYPLA2,0.3163265306122449,0.14489795918367346,2.3510204081632655
LYRM2,0.4714285714285714,0.07755102040816327,2.7857142857142856
LYRM4,0.48367346938775513,0.08571428571428572,2.7714285714285714
LYST,0.6551020408163265,0.012244897959183673,3.330612244897959
LYVE1,0.3448979591836735,0.1673469387755102,2.404081632653061
LYZ,0.5530612244897959,0.024489795918367346,3.259183673469388
LZTS2,0.3,0.17142857142857143,2.2755102040816326
LZTS3,0.6183673469387755,0.026530612244897958,3.410204081632653
M6PR,0.6081632653061224,0.014285714285714285,3.516326530612245
MAB21L1,0.21836734693877552,0.25510204081632654,2.083673469387755
MACF1,0.38979591836734695,0.1,2.630612244897959
MACROD1,0.49387755102040815,0.044897959183673466,2.7979591836734694
MAD1L1,0.5897959183673469,0.03469387755102041,3.253061224489796
MAD2L1,0.23265306122448978,0.19183673469387755,2.173469387755102
MAD2L1BP,0.5020408163265306,0.06326530612244897,2.914285714285714
MAD2L2,0.3346938775510204,0.13877551020408163,2.3857142857142857
MADCAM1,0.3693877551020408,0.17142857142857143,2.426530612244898
MADD,0.47959183673469385,0.08775510204081632,2.742857142857143
MAEA,0.2714285714285714,0.24081632653061225,2.230612244897959
MAEL,0.6816326530612244,0.006122448979591836,3.520408163265306
MAF,0.3693877551020408,0.14285714285714285,2.512244897959184
MAF1,0.7040816326530612,0.022448979591836733,3.789795918367347
MAFA,0.7020408163265306,0.02040816326530612,3.789795918367347
MAFB,0.5979591836734693,0.02857142857142857,3.3510204081632655
MAFF,0.5571428571428572,0.05714285714285714,3.159183673469388
MAFG,0.5795918367346938,0.06938775510204082,3.089795918367347
MAFK,0.5897959183673469,0.03469387755102041,3.2489795918367346
MAG,0.6061224489795919,0.04285714285714286,3.5040816326530613
MAGEA1,0.18571428571428572,0.336734693877551,1.9836734693877551
MAGED1,0.14081632653061224,0.42857142857142855,1.8408163265306123
MAGEH1,0.1489795918367347,0.4142857142857143,1.8591836734693878
MAGI1,0.10816326530612246,0.363265306122449,1.7836734693877552
MAGI2,0.5693877551020409,0.04285714285714286,3.3102040816326532
MAGI3,0.28775510204081634,0.16938775510204082,2.295918367346939
MAGOH,0.37755102040816324,0.10204081632653061,2.510204081632653
MAGOHB,0.6061224489795919,0.014285714285714285,3.522448979591837
MAGT1,0.1469387755102041,0.38571428571428573,1.863265306122449
MAIP1,0.5326530612244897,0.05510204081632653,2.9959183673469387
MAK16,0.3142857142857143,0.2530612244897959,2.479591836734694
MAL,0.6040816326530613,0.018367346938775512,3.2142857142857144
MAL2,0.7183673469387755,0.01020408163265306,3.8387755102040817
MALSU1,0.5857142857142857,0.036734693877551024,3.3551020408163263
MAML1,0.21020408163265306,0.2612244897959184,2.0775510204081633
MAML2,0.4306122448979592,0.10612244897959183,2.6387755102040815
MAML3,0.23469387755102042,0.21836734693877552,2.146938775510204
MAN1A1,0.45714285714285713,0.0836734693877551,2.6775510204081634
MAN1A2,0.3122448979591837,0.1673469387755102,2.379591836734694
MAN1B1,0.37142857142857144,0.1469387755102041,2.5326530612244897
MAN1C1,0.3142857142857143,0.1489795918367347,2.33265306122449
MAN2A1,0.15306122448979592,0.30612244897959184,1.916326530612245
MAN2A2,0.5265306122448979,0.04693877551020408,2.977551020408163
MAN2B1,0.4122448979591837,0.10816326530612246,2.6755102040816325
MANEA,0.44693877551020406,0.09591836734693877,2.6897959183673468
MAOA,0.13877551020408163,0.44081632653061226,1.8040816326530613
MAOB,0.13877551020408163,0.44081632653061226,1.8040816326530613
MAP1A,0.40408163265306124,0.11632653061224489,2.5755102040816324
MAP1B,0.15918367346938775,0.3,1.9673469387755103
MAP1LC3A,0.6265306122448979,0.018367346938775512,3.5
MAP1LC3B,0.35306122448979593,0.14489795918367346,2.4591836734693877
MAP1LC3B2,0.5020408163265306,0.04897959183673469,2.8510204081632655
MAP1LC3C,0.6469387755102041,0.014285714285714285,3.3346938775510204
MAP1S,0.46122448979591835,0.09183673469387756,2.773469387755102
MAP2,0.4489795918367347,0.08979591836734693,2.7285714285714286
MAP2K1,0.463265306122449,0.08979591836734693,2.7224489795918365
MAP2K2,0.38979591836734695,0.1469387755102041,2.489795918367347
MAP2K3,0.31020408163265306,0.22040816326530613,2.3653061224489798
MAP2K4,0.2612244897959184,0.25918367346938775,2.1816326530612247
MAP2K5,0.4673469387755102,0.08571428571428572,2.730612244897959
MAP2K6,0.6204081632653061,0.04285714285714286,3.2244897959183674
MAP2K7,0.4061224489795918,0.12857142857142856,2.5877551020408163
MAP3K1,0.17755102040816326,0.29183673469387755,2.0081632653061225
MAP3K10,0.563265306122449,0.05714285714285714,3.5795918367346937
MAP3K11,0.49795918367346936,0.04693877551020408,2.8551020408163263
MAP3K12,0.5265306122448979,0.0326530612244898,2.9346938775510205
MAP3K13,0.8979591836734694,0.004081632653061225,6.453061224489796
MAP3K14,0.536734693877551,0.0653061224489796,3.0061224489795917
MAP3K2,0.5530612244897959,0.04081632653061224,2.9959183673469387
MAP3K20,0.5551020408163265,0.036734693877551024,3.1285714285714286
MAP3K3,0.610204081632653,0.04693877551020408,3.1755102040816325
MAP3K4,0.45714285714285713,0.08775510204081632,2.704081632653061
MAP3K5,0.4673469387755102,0.0836734693877551,2.720408163265306
MAP3K7,0.46938775510204084,0.0836734693877551,2.7612244897959184
MAP3K8,0.38571428571428573,0.1306122448979592,2.610204081632653
MAP4K2,0.49387755102040815,0.04693877551020408,2.8224489795918366
MAP4K4,0.5795918367346938,0.02040816326530612,3.130612244897959
MAP4K5,0.42653061224489797,0.12448979591836734,2.6897959183673468
MAP9,0.22244897959183674,0.23061224489795917,2.120408163265306
MAPK1,0.5918367346938775,0.05714285714285714,3.4122448979591837
MAPK10,0.2938775510204082,0.18775510204081633,2.3020408163265307
MAPK11,0.5122448979591837,0.09591836734693877,2.9571428571428573
MAPK12,0.5122448979591837,0.09591836734693877,2.9571428571428573
MAPK13,0.47346938775510206,0.07755102040816327,2.73265306122449
MAPK14,0.4714285714285714,0.07755102040816327,2.7183673469387757
MAPK15,0.7040816326530612,0.02040816326530612,3.789795918367347
MAPK3,0.47346938775510206,0.06326530612244897,2.742857142857143
MAPK4,0.3673469387755102,0.15306122448979592,2.479591836734694
MAPK6,0.43673469387755104,0.11020408163265306,2.646938775510204
MAPK7,0.2897959183673469,0.23469387755102042,2.283673469387755
MAPK8,0.363265306122449,0.14489795918367346,2.4816326530612245
MAPK8IP1,0.4775510204081633,0.09183673469387756,2.76734693877551
MAPK8IP2,0.5020408163265306,0.10204081632653061,2.9122448979591837
MAPK8IP3,0.42244897959183675,0.12244897959183673,2.573469387755102
MAPK9,0.20612244897959184,0.25918367346938775,2.0877551020408163
MAPKAP1,0.373469387755102,0.15306122448979592,2.5040816326530613
MAPKAPK2,0.6551020408163265,0.00816326530612245,3.304081632653061
MAPKAPK3,0.10408163265306122,0.36122448979591837,1.7755102040816326
MAPKAPK5,0.5142857142857142,0.05714285714285714,2.842857142857143
MAPRE1,0.636734693877551,0.014285714285714285,3.5877551020408163
MAPRE2,0.41020408163265304,0.10612244897959183,2.7142857142857144
MAPRE3,0.6428571428571429,0.014285714285714285,3.373469387755102
MAPT,0.5346938775510204,0.05918367346938776,2.9612244897959186
MARCKS,0.4489795918367347,0.09387755102040816,2.6612244897959183
MARCO,0.5816326530612245,0.026530612244897958,3.1020408163265305
MARK2,0.49183673469387756,0.044897959183673466,2.795918367346939
MARK3,0.463265306122449,0.10816326530612246,2.8346938775510204
MARK4,0.5020408163265306,0.05918367346938776,2.9224489795918367
MARS2,0.5387755102040817,0.044897959183673466,3.024489795918367
MAS1,0.45510204081632655,0.08775510204081632,2.7081632653061223
MASP1,0.889795918367347,0.012244897959183673,5.9918367346938775
MASP2,0.3326530612244898,0.14285714285714285,2.377551020408163
MAST2,0.3979591836734694,0.09795918367346938,2.5714285714285716
MASTL,0.3816326530612245,0.1326530612244898,2.6163265306122447
MAT1A,0.33877551020408164,0.15714285714285714,2.404081632653061
MAT2A,0.6408163265306123,0.012244897959183673,3.289795918367347
MAT2B,0.1816326530612245,0.2673469387755102,2.010204081632653
MATK,0.3836734693877551,0.15306122448979592,2.4571428571428573
MATN1,0.336734693877551,0.12244897959183673,2.3979591836734695
MATN3,0.6244897959183674,0.030612244897959183,3.342857142857143
MATN4,0.5918367346938775,0.03469387755102041,3.3183673469387753
MATR3,0.18571428571428572,0.27346938775510204,2.016326530612245
MAU2,0.47551020408163264,0.0836734693877551,2.877551020408163
MAVS,0.6183673469387755,0.026530612244897958,3.416326530612245
MAX,0.40408163265306124,0.14081632653061224,2.6122448979591835
MBD1,0.3673469387755102,0.15306122448979592,2.479591836734694
MBD2,0.36122448979591837,0.15918367346938775,2.4571428571428573
MBD3,0.37551020408163266,0.15714285714285714,2.4489795918367347
MBD3L1,0.41020408163265304,0.12040816326530612,2.630612244897959
MBD4,0.7775510204081633,0.02040816326530612,3.9918367346938775
MBD5,0.5244897959183673,0.05510204081632653,2.9081632653061225
MBD6,0.5285714285714286,0.0326530612244898,2.938775510204082
MBIP,0.44693877551020406,0.12448979591836734,2.953061224489796
MBL2,0.35306122448979593,0.14489795918367346,2.4285714285714284
MBNL1,0.8612244897959184,0.014285714285714285,5.110204081632653
MBNL2,0.2979591836734694,0.23265306122448978,2.2979591836734694
MBOAT1,0.4775510204081633,0.07755102040816327,2.9489795918367347
MBOAT2,0.5959183673469388,0.04693877551020408,3.236734693877551
MBOAT7,0.5244897959183673,0.06326530612244897,2.940816326530612
MBP,0.3448979591836735,0.19795918367346937,2.3836734693877553
MBTD1,0.5714285714285714,0.04081632653061224,3.1081632653061226
MBTPS1,0.3510204081632653,0.1469387755102041,2.4714285714285715
MBTPS2,0.13877551020408163,0.42857142857142855,1.8816326530612244
MC1R,0.3653061224489796,0.14489795918367346,2.5
MC2R,0.5020408163265306,0.0653061224489796,2.910204081632653
MC3R,0.5693877551020409,0.04285714285714286,3.2183673469387757
MC4R,0.363265306122449,0.15714285714285714,2.475510204081633
MC5R,0.5040816326530613,0.0653061224489796,2.906122448979592
MCAM,0.40816326530612246,0.11020408163265306,2.593047034764826
MCAT,0.5489795918367347,0.07142857142857142,3.0775510204081633
MCC,0.1510204081632653,0.3,1.916326530612245
MCCC1,0.9061224489795918,0.0020408163265306124,7.744897959183674
MCCC2,0.15510204081632653,0.3020408163265306,1.9387755102040816
MCEE,0.6408163265306123,0.006122448979591836,3.4285714285714284
MCEMP1,0.4061224489795918,0.12857142857142856,2.5795918367346937
MCF2,0.1653061224489796,0.3489795918367347,1.920408163265306
MCF2L,0.33877551020408164,0.21428571428571427,2.5714285714285716
MCFD2,0.6653061224489796,0.0163265306122449,3.630612244897959
MCIDAS,0.19795918367346937,0.2836734693877551,2.1714285714285713
MCL1,0.6918367346938775,0.006122448979591836,3.6142857142857143
MCM10,0.37755102040816324,0.15510204081632653,2.522448979591837
MCM2,0.7795918367346939,0.022448979591836733,3.953061224489796
MCM3,0.5244897959183673,0.04897959183673469,3.0510204081632653
MCM3AP,0.3,0.17551020408163265,2.342857142857143
MCM4,0.6040816326530613,0.04081632653061224,3.4448979591836735
MCM5,0.5591836734693878,0.05918367346938776,3.1244897959183673
MCM6,0.5326530612244897,0.04897959183673469,2.9285714285714284
MCM7,0.5918367346938775,0.036734693877551024,3.4612244897959186
MCM8,0.6142857142857143,0.030612244897959183,3.4346938775510205
MCMBP,0.32857142857142857,0.14285714285714285,2.3755102040816327
MCPH1,0.22040816326530613,0.3306122448979592,2.0306122448979593
MCRS1,0.5265306122448979,0.0326530612244898,2.904081632653061
MCTS1,0.16938775510204082,0.3551020408163265,1.9469387755102041
MCU,0.35714285714285715,0.1489795918367347,2.4489795918367347
MCUB,0.24897959183673468,0.18571428571428572,2.206122448979592
MCUR1,0.47346938775510206,0.08163265306122448,2.8102040816326532
MDC1,0.47551020408163264,0.06938775510204082,2.783673469387755
MDGA1,0.47551020408163264,0.07551020408163266,2.76734693877551
MDH1,0.673469387755102,0.004081632653061225,3.7612244897959184
MDH2,0.5755102040816327,0.03877551020408163,3.259183673469388
MDK,0.48775510204081635,0.08775510204081632,2.8020408163265307
MDM2,0.5551020408163265,0.024489795918367346,3.230612244897959
MDM4,0.6591836734693878,0.00816326530612245,3.3469387755102042
MDN1,0.4714285714285714,0.07959183673469387,2.7775510204081635
ME1,0.4816326530612245,0.06938775510204082,2.804081632653061
ME2,0.363265306122449,0.15510204081632653,2.4591836734693877
MEA1,0.5020408163265306,0.06326530612244897,2.9122448979591837
MEAF6,0.37755102040816324,0.10204081632653061,2.6142857142857143
MECP2,0.18571428571428572,0.336734693877551,1.9857142857142858
MECR,0.3306122448979592,0.12857142857142856,2.3816326530612244
MED1,0.5081632653061224,0.0836734693877551,3.0510204081632653
MED10,0.7959183673469388,0.0163265306122449,4.689795918367347
MED11,0.26326530612244897,0.25510204081632654,2.1877551020408164
MED12,0.14285714285714285,0.39591836734693875,1.8612244897959183
MED12L,0.8551020408163266,0.014285714285714285,5.091836734693878
MED13,0.6020408163265306,0.04693877551020408,3.16734693877551
MED13L,0.5020408163265306,0.04897959183673469,2.853061224489796
MED14,0.1306122448979592,0.4489795918367347,1.7816326530612245
MED15,0.6020408163265306,0.044897959183673466,3.4979591836734696
MED16,0.3693877551020408,0.17142857142857143,2.426530612244898
MED17,0.4346938775510204,0.10612244897959183,2.663265306122449
MED18,0.3306122448979592,0.1306122448979592,2.377551020408163
MED19,0.5040816326530613,0.044897959183673466,2.8285714285714287
MED20,0.49183673469387756,0.07142857142857142,2.830612244897959
MED21,0.6122448979591837,0.022448979591836733,3.583673469387755
MED22,0.37551020408163266,0.15306122448979592,2.5183673469387755
MED23,0.463265306122449,0.07959183673469387,2.73265306122449
MED24,0.5102040816326531,0.08571428571428572,3.0020408163265304
MED25,0.4959183673469388,0.0673469387755102,2.8387755102040817
MED26,0.44285714285714284,0.09591836734693877,2.746938775510204
MED27,0.373469387755102,0.1489795918367347,2.522448979591837
MED28,0.2530612244897959,0.24897959183673468,2.1755102040816325
MED29,0.5897959183673469,0.044897959183673466,3.6979591836734693
MED30,0.7204081632653061,0.01020408163265306,3.8285714285714287
MED31,0.25918367346938775,0.25510204081632654,2.1816326530612247
MED4,0.22653061224489796,0.2714285714285714,2.085714285714286
MED6,0.4020408163265306,0.13673469387755102,2.6122448979591835
MED7,0.1836734693877551,0.2714285714285714,2.0081632653061225
MED8,0.4020408163265306,0.09795918367346938,2.610204081632653
MED9,0.2693877551020408,0.24693877551020407,2.1979591836734693
MEF2A,0.5489795918367347,0.053061224489795916,3.0755102040816324
MEF2C,0.14489795918367346,0.3122448979591837,1.9020408163265305
MEF2D,0.6816326530612244,0.00816326530612245,3.4591836734693877
MEFV,0.4122448979591837,0.12244897959183673,2.5714285714285716
MEGF10,0.15306122448979592,0.29183673469387755,1.9326530612244899
MEIG1,0.373469387755102,0.15510204081632653,2.5183673469387755
MEIS1,0.6612244897959184,0.004081632653061225,3.626530612244898
MEIS2,0.38571428571428573,0.11836734693877551,2.557142857142857
MEIS3,0.47959183673469385,0.08163265306122448,2.783673469387755
MELK,0.3510204081632653,0.21224489795918366,2.6816326530612247
MELTF,0.8795918367346939,0.012244897959183673,5.691836734693878
MEMO1,0.6448979591836734,0.018367346938775512,3.377551020408163
MEP1A,0.5020408163265306,0.06326530612244897,2.9816326530612245
MEP1B,0.4306122448979592,0.09795918367346938,2.863265306122449
MEPE,0.2979591836734694,0.1836734693877551,2.3122448979591836
MERTK,0.5755102040816327,0.022448979591836733,3.0693877551020408
MESP2,0.5244897959183673,0.04897959183673469,2.975510204081633
MET,0.5571428571428572,0.06326530612244897,3.246938775510204
METAP1,0.2612244897959184,0.19387755102040816,2.206122448979592
METAP1D,0.5448979591836735,0.04081632653061224,3.057142857142857
METAP2,0.5061224489795918,0.04081632653061224,2.873469387755102
METTL1,0.5346938775510204,0.030612244897959183,2.9979591836734696
METTL14,0.23265306122448978,0.19183673469387755,2.1755102040816325
METTL3,0.42244897959183675,0.12857142857142856,2.730612244897959
MEX3B,0.5,0.06938775510204082,2.840816326530612
MEX3C,0.35714285714285715,0.15714285714285714,2.446938775510204
MFAP1,0.40408163265306124,0.11632653061224489,2.5755102040816324
MFAP2,0.32040816326530613,0.14081632653061224,2.3612244897959185
MFAP3,0.1836734693877551,0.2693877551020408,2.020408163265306
MFAP4,0.2897959183673469,0.23469387755102042,2.283673469387755
MFAP5,0.6081632653061224,0.012244897959183673,3.516326530612245
MFF,0.4020408163265306,0.1,2.563265306122449
MFGE8,0.5224489795918368,0.04897959183673469,2.9959183673469387
MFN1,0.9061224489795918,0.0020408163265306124,6.724489795918367
MFN2,0.3346938775510204,0.14081632653061224,2.3836734693877553
MFNG,0.5530612244897959,0.05714285714285714,3.126530612244898
MFSD10,0.26326530612244897,0.23469387755102042,2.195918367346939
MFSD12,0.3795918367346939,0.15306122448979592,2.4489795918367347
MFSD2A,0.3979591836734694,0.09795918367346938,2.757142857142857
MFSD8,0.23061224489795917,0.20408163265306123,2.1510204081632653
MGA,0.38979591836734695,0.11836734693877551,2.546938775510204
MGAM,0.5346938775510204,0.07346938775510205,3.085714285714286
MGAT1,0.20612244897959184,0.2612244897959184,2.083673469387755
MGAT2,0.4306122448979592,0.12448979591836734,2.6897959183673468
MGAT3,0.5551020408163265,0.06326530612244897,3.1489795918367345
MGAT4A,0.5979591836734693,0.0163265306122449,3.2183673469387757
MGAT4B,0.21020408163265306,0.2612244897959184,2.0775510204081633
MGAT4C,0.5081632653061224,0.03877551020408163,2.9020408163265308
MGAT4D,0.23673469387755103,0.2163265306122449,2.1551020408163266
MGAT5,0.5346938775510204,0.04897959183673469,2.9306122448979592
MGAT5B,0.6040816326530613,0.05714285714285714,3.16734693877551
MGLL,0.7795918367346939,0.022448979591836733,3.963265306122449
MGMT,0.3306122448979592,0.16122448979591836,2.3714285714285714
MGRN1,0.4204081632653061,0.11836734693877551,2.6142857142857143
MGST1,0.5959183673469388,0.018367346938775512,3.4959183673469387
MGST2,0.23469387755102042,0.21836734693877552,2.146938775510204
MGST3,0.6857142857142857,0.006122448979591836,3.5510204081632653
MIA3,0.6591836734693878,0.00816326530612245,3.3387755102040817
MIB1,0.48775510204081635,0.05918367346938776,2.9224489795918367
MIB2,0.34285714285714286,0.12653061224489795,2.4551020408163264
MICA,0.47551020408163264,0.07551020408163266,2.7714285714285714
MICAL1,0.44285714285714284,0.09795918367346938,2.6918367346938776
MICALL1,0.5530612244897959,0.05714285714285714,3.1408163265306124
MICALL2,0.5897959183673469,0.03469387755102041,3.2489795918367346
MICB,0.47551020408163264,0.07551020408163266,2.7714285714285714
MICOS10,0.3142857142857143,0.13877551020408163,2.3510204081632655
MICOS13,0.4122448979591837,0.1306122448979592,2.561224489795918
MICU1,0.35714285714285715,0.1489795918367347,2.446938775510204
MICU2,0.22653061224489796,0.26326530612244897,2.0795918367346937
MICU3,0.22857142857142856,0.3224489795918367,2.046938775510204
MID1,0.12857142857142856,0.44285714285714284,1.8285714285714285
MID1IP1,0.1346938775510204,0.43673469387755104,1.8142857142857143
MIDN,0.37142857142857144,0.1653061224489796,2.4285714285714284
MIEF1,0.5551020408163265,0.06326530612244897,3.1489795918367345
MIEF2,0.2897959183673469,0.24081632653061225,2.253061224489796
MIEN1,0.5102040816326531,0.0836734693877551,3.3020408163265307
MIER1,0.3510204081632653,0.10816326530612246,2.4448979591836735
MIF,0.5857142857142857,0.05510204081632653,3.263265306122449
MIF4GD,0.6122448979591837,0.04897959183673469,3.2
MIGA1,0.35306122448979593,0.11020408163265306,2.4938775510204083
MIGA2,0.363265306122449,0.15306122448979592,2.489795918367347
MINK1,0.26326530612244897,0.25510204081632654,2.1877551020408164
MINPP1,0.29591836734693877,0.18571428571428572,2.2612244897959184
MIS12,0.2612244897959184,0.25510204081632654,2.179591836734694
MIS18BP1,0.4163265306122449,0.13673469387755102,2.6489795918367345
MITF,0.10612244897959183,0.37755102040816324,1.7653061224489797
MKI67,0.3306122448979592,0.15306122448979592,2.3877551020408165
MKKS,0.6204081632653061,0.030612244897959183,3.563265306122449
MKLN1,0.5346938775510204,0.07142857142857142,3.0673469387755103
MKNK1,0.39387755102040817,0.10204081632653061,2.559183673469388
MKNK2,0.373469387755102,0.15918367346938775,2.446938775510204
MKS1,0.5795918367346938,0.04897959183673469,3.095918367346939
MLANA,0.2795918367346939,0.2897959183673469,2.3448979591836734
MLC1,0.5204081632653061,0.09387755102040816,2.9918367346938775
MLEC,0.5020408163265306,0.053061224489795916,2.816326530612245
MLH1,0.13877551020408163,0.336734693877551,1.8918367346938776
MLH3,0.4163265306122449,0.12857142857142856,2.657142857142857
MLLT1,0.4061224489795918,0.1346938775510204,2.5551020408163265
MLLT10,0.373469387755102,0.16122448979591836,2.5346938775510206
MLLT3,0.23673469387755103,0.3224489795918367,2.1183673469387756
MLLT6,0.49795918367346936,0.08775510204081632,2.889795918367347
MLNR,0.22653061224489796,0.27346938775510204,2.0816326530612246
MLPH,0.4061224489795918,0.09795918367346938,2.6
MLST8,0.41836734693877553,0.12244897959183673,2.563265306122449
MLX,0.5040816326530613,0.08571428571428572,2.8489795918367347
MLXIP,0.5020408163265306,0.05714285714285714,2.820408163265306
MLXIPL,0.5653061224489796,0.03877551020408163,3.2489795918367346
MLYCD,0.3510204081632653,0.1469387755102041,2.475510204081633
MMAB,0.5142857142857142,0.053061224489795916,2.8387755102040817
MMACHC,0.39591836734693875,0.1,2.561224489795918
MMADHC,0.5306122448979592,0.05102040816326531,2.926530612244898
MMD,0.5816326530612245,0.04693877551020408,3.1122448979591835
MME,0.8653061224489796,0.01020408163265306,5.179591836734694
MMGT1,0.1673469387755102,0.3510204081632653,1.9244897959183673
MMP1,0.4306122448979592,0.10612244897959183,2.8020408163265307
MMP10,0.4306122448979592,0.10612244897959183,2.8020408163265307
MMP11,0.5857142857142857,0.05918367346938776,3.259183673469388
MMP12,0.42653061224489797,0.10816326530612246,2.806122448979592
MMP13,0.42653061224489797,0.10816326530612246,2.8102040816326532
MMP14,0.42448979591836733,0.12653061224489795,2.740816326530612
MMP15,0.39387755102040817,0.12448979591836734,2.5795918367346937
MMP16,0.6428571428571429,0.024489795918367346,3.5979591836734692
MMP17,0.49387755102040815,0.053061224489795916,2.8122448979591836
MMP2,0.38571428571428573,0.1326530612244898,2.573469387755102
MMP20,0.4306122448979592,0.10408163265306122,2.806122448979592
MMP24,0.6265306122448979,0.014285714285714285,3.487755102040816
MMP25,0.4122448979591837,0.12244897959183673,2.573469387755102
MMP3,0.42653061224489797,0.10816326530612246,2.806122448979592
MMP7,0.4306122448979592,0.10408163265306122,2.806122448979592
MMP8,0.4306122448979592,0.10612244897959183,2.804081632653061
MMP9,0.5897959183673469,0.03469387755102041,3.3081632653061224
MMRN1,0.2979591836734694,0.1816326530612245,2.293877551020408
MMS19,0.2979591836734694,0.17346938775510204,2.273469387755102
MMS22L,0.4448979591836735,0.09591836734693877,2.683673469387755
MMUT,0.5204081632653061,0.053061224489795916,3.0081632653061225
MNAT1,0.4061224489795918,0.14081632653061224,2.5979591836734692
MND1,0.22653061224489796,0.22857142857142856,2.1142857142857143
MNDA,0.6877551020408164,0.00816326530612245,3.4938775510204083
MNS1,0.4448979591836735,0.10408163265306122,2.663265306122449
MOAP1,0.4489795918367347,0.10816326530612246,2.746938775510204
MOB1A,0.6387755102040816,0.006122448979591836,3.4020408163265308
MOB1B,0.363265306122449,0.1489795918367347,2.610204081632653
MOB2,0.3306122448979592,0.18775510204081633,2.3244897959183675
MOB4,0.5387755102040817,0.044897959183673466,3.016326530612245
MOCS2,0.21428571428571427,0.2653061224489796,2.1775510204081634
MOCS3,0.5938775510204082,0.030612244897959183,3.3551020408163263
MOG,0.46122448979591835,0.07551020408163266,2.742857142857143
MOGAT3,0.5816326530612245,0.036734693877551024,3.4551020408163264
MOK,0.463265306122449,0.10816326530612246,2.826530612244898
MON2,0.536734693877551,0.036734693877551024,2.9938775510204083
MORF4L1,0.48367346938775513,0.0673469387755102,2.793877551020408
MOSPD2,0.1306122448979592,0.43673469387755104,1.8551020408163266
MOV10,0.28775510204081634,0.17551020408163265,2.273469387755102
MPDU1,0.25918367346938775,0.2612244897959184,2.16734693877551
MPDZ,0.2673469387755102,0.2938775510204082,2.36734693877551
MPG,0.42244897959183675,0.1306122448979592,2.5795918367346937
MPHOSPH10,0.6408163265306123,0.006122448979591836,3.4285714285714284
MPHOSPH6,0.36122448979591837,0.14489795918367346,2.489795918367347
MPHOSPH8,0.22857142857142856,0.25918367346938775,2.1081632653061226
MPI,0.47346938775510206,0.07346938775510205,2.759183673469388
MPL,0.4020408163265306,0.09795918367346938,2.6020408163265305
MPO,0.5795918367346938,0.04897959183673469,3.1
MPP2,0.5102040816326531,0.07551020408163266,2.906122448979592
MPP7,0.38571428571428573,0.1326530612244898,2.6163265306122447
MPRIP,0.2693877551020408,0.2530612244897959,2.1816326530612247
MPST,0.5510204081632653,0.05918367346938776,3.1142857142857143
MPV17,0.6448979591836734,0.014285714285714285,3.377551020408163
MPZ,0.689795918367347,0.006122448979591836,3.595918367346939
MRAP,0.32448979591836735,0.15510204081632653,2.3653061224489798
MRAP2,0.48367346938775513,0.06938775510204082,2.8122448979591836
MRAS,0.8142857142857143,0.0163265306122449,4.351020408163265
MRC1,0.37755102040816324,0.15714285714285714,2.5387755102040814
MRC2,0.6061224489795919,0.04693877551020408,3.169387755102041
MRE11,0.4326530612244898,0.10612244897959183,2.646938775510204
MRFAP1,0.2714285714285714,0.23265306122448978,2.2183673469387757
MRGBP,0.5816326530612245,0.04693877551020408,3.240816326530612
MRI1,0.4204081632653061,0.10408163265306122,2.73265306122449
MRM1,0.48775510204081635,0.09183673469387756,2.806122448979592
MRM2,0.5897959183673469,0.03469387755102041,3.253061224489796
MRM3,0.2755102040816326,0.2510204081632653,2.2142857142857144
MRPL1,0.3326530612244898,0.15306122448979592,2.510204081632653
MRPL10,0.5510204081632653,0.04897959183673469,3.0428571428571427
MRPL11,0.5081632653061224,0.04693877551020408,2.906122448979592
MRPL12,0.5795918367346938,0.0673469387755102,3.089795918367347
MRPL13,0.7204081632653061,0.01020408163265306,3.853061224489796
MRPL14,0.4959183673469388,0.0653061224489796,2.9020408163265308
MRPL15,0.5979591836734693,0.044897959183673466,3.3959183673469386
MRPL16,0.48367346938775513,0.04897959183673469,2.7714285714285714
MRPL17,0.3408163265306122,0.1653061224489796,2.369387755102041
MRPL18,0.4530612244897959,0.08979591836734693,2.704081632653061
MRPL19,0.6428571428571429,0.00816326530612245,3.406122448979592
MRPL2,0.5020408163265306,0.06326530612244897,2.9122448979591837
MRPL20,0.34285714285714286,0.12653061224489795,2.4551020408163264
MRPL21,0.5326530612244897,0.04285714285714286,3.559183673469388
MRPL22,0.1836734693877551,0.2693877551020408,2.0142857142857142
MRPL23,0.32857142857142857,0.18775510204081633,2.320408163265306
MRPL24,0.6816326530612244,0.00816326530612245,3.4673469387755103
MRPL27,0.5714285714285714,0.04285714285714286,3.0918367346938775
MRPL28,0.42244897959183675,0.12857142857142856,2.5816326530612246
MRPL3,0.7857142857142857,0.022448979591836733,4.079591836734694
MRPL30,0.5959183673469388,0.0163265306122449,3.216326530612245
MRPL32,0.5673469387755102,0.044897959183673466,3.2448979591836733
MRPL33,0.6428571428571429,0.014285714285714285,3.373469387755102
MRPL34,0.45102040816326533,0.09591836734693877,2.736734693877551
MRPL35,0.6346938775510204,0.014285714285714285,3.295918367346939
MRPL36,0.7959183673469388,0.014285714285714285,4.722448979591837
MRPL37,0.3693877551020408,0.10204081632653061,2.4959183673469387
MRPL38,0.6163265306122448,0.05102040816326531,3.210204081632653
MRPL39,0.32448979591836735,0.16326530612244897,2.451020408163265
MRPL4,0.41020408163265304,0.10816326530612246,2.636734693877551
MRPL40,0.5755102040816327,0.05510204081632653,3.269387755102041
MRPL41,0.373469387755102,0.1510204081632653,2.5285714285714285
MRPL42,0.5102040816326531,0.036734693877551024,2.8877551020408165
MRPL43,0.3,0.17142857142857143,2.2755102040816326
MRPL45,0.5,0.08979591836734693,2.8857142857142857
MRPL47,0.9061224489795918,0.0020408163265306124,6.697959183673469
MRPL48,0.4959183673469388,0.06938775510204082,2.916326530612245
MRPL49,0.49795918367346936,0.04897959183673469,2.8346938775510204
MRPL50,0.37551020408163266,0.1510204081632653,2.557142857142857
MRPL51,0.6224489795918368,0.014285714285714285,3.561224489795918
MRPL52,0.42448979591836733,0.12653061224489795,2.740816326530612
MRPL53,0.6408163265306123,0.006122448979591836,3.410204081632653
MRPL54,0.3816326530612245,0.15306122448979592,2.4673469387755103
MRPL55,0.6571428571428571,0.012244897959183673,3.3224489795918366
MRPL57,0.22653061224489796,0.26326530612244897,2.0755102040816324
MRPL58,0.6122448979591837,0.04897959183673469,3.2
MRPL9,0.6877551020408164,0.00816326530612245,3.557142857142857
MRPS10,0.49795918367346936,0.0673469387755102,2.8551020408163263
MRPS11,0.5183673469387755,0.05102040816326531,2.9816326530612245
MRPS12,0.5938775510204082,0.044897959183673466,3.6530612244897958
MRPS14,0.6755102040816326,0.01020408163265306,3.4204081632653063
MRPS15,0.37142857142857144,0.10204081632653061,2.4959183673469387
MRPS16,0.363265306122449,0.14489795918367346,2.463265306122449
MRPS17,0.5897959183673469,0.036734693877551024,3.8755102040816327
MRPS18A,0.5,0.06326530612244897,2.910204081632653
MRPS18B,0.47551020408163264,0.06938775510204082,2.783673469387755
MRPS18C,0.3040816326530612,0.17551020408163265,2.3285714285714287
MRPS2,0.37142857142857144,0.14285714285714285,2.522448979591837
MRPS21,0.689795918367347,0.006122448979591836,3.589795918367347
MRPS22,0.8183673469387756,0.0163265306122449,4.408163265306122
MRPS23,0.5795918367346938,0.04693877551020408,3.0918367346938775
MRPS24,0.5673469387755102,0.04693877551020408,3.242857142857143
MRPS25,0.1489795918367347,0.3224489795918367,1.920408163265306
MRPS26,0.6183673469387755,0.02857142857142857,3.4081632653061225
MRPS27,0.15918367346938775,0.3,1.9673469387755103
MRPS28,0.6265306122448979,0.026530612244897958,3.563265306122449
MRPS30,0.763265306122449,0.02857142857142857,4.524489795918368
MRPS31,0.21020408163265306,0.2612244897959184,2.0714285714285716
MRPS33,0.536734693877551,0.07142857142857142,3.1081632653061226
MRPS34,0.42244897959183675,0.12244897959183673,2.573469387755102
MRPS35,0.6061224489795919,0.022448979591836733,3.536734693877551
MRPS5,0.6020408163265306,0.018367346938775512,3.2081632653061223
MRPS6,0.3224489795918367,0.16326530612244897,2.363265306122449
MRPS7,0.6122448979591837,0.04897959183673469,3.2
MRPS9,0.5816326530612245,0.024489795918367346,3.095918367346939
MRRF,0.3816326530612245,0.1510204081632653,2.5326530612244897
MRTO4,0.3163265306122449,0.13877551020408163,2.357142857142857
MS4A1,0.48775510204081635,0.04285714285714286,2.779591836734694
MS4A2,0.4857142857142857,0.04285714285714286,2.783673469387755
MS4A3,0.4857142857142857,0.04285714285714286,2.783673469387755
MS4A4A,0.4857142857142857,0.04285714285714286,2.783673469387755
MS4A6A,0.4857142857142857,0.04285714285714286,2.783673469387755
MS4A6E,0.4857142857142857,0.04285714285714286,2.7816326530612243
MSH2,0.6673469387755102,0.014285714285714285,3.6530612244897958
MSH3,0.1510204081632653,0.3040816326530612,1.920408163265306
MSH4,0.35714285714285715,0.10816326530612246,2.4959183673469387
MSH5,0.47346938775510206,0.07346938775510205,2.759183673469388
MSH6,0.6673469387755102,0.014285714285714285,3.6530612244897958
MSI1,0.5040816326530613,0.053061224489795916,2.826530612244898
MSL1,0.5122448979591837,0.08571428571428572,2.975510204081633
MSL2,0.7979591836734694,0.02040816326530612,4.248979591836735
MSL3,0.12653061224489795,0.44081632653061226,1.8285714285714285
MSLN,0.41836734693877553,0.12653061224489795,2.5693877551020408
MSMO1,0.21428571428571427,0.24081632653061225,2.0979591836734692
MSN,0.1326530612244898,0.4,1.8183673469387756
MSR1,0.23265306122448978,0.3183673469387755,2.057142857142857
MSRA,0.23265306122448978,0.3306122448979592,2.0673469387755103
MSRB2,0.37755102040816324,0.15510204081632653,2.553061224489796
MSRB3,0.5489795918367347,0.02857142857142857,3.240816326530612
MST1R,0.10408163265306122,0.35714285714285715,1.7755102040816326
MSTN,0.5448979591836735,0.044897959183673466,3.0448979591836736
MSX1,0.2693877551020408,0.23673469387755103,2.2081632653061223
MSX2,0.20204081632653062,0.2653061224489796,2.0306122448979593
MT1M,0.38571428571428573,0.1326530612244898,2.561224489795918
MT2A,0.38571428571428573,0.1326530612244898,2.561224489795918
MTA1,0.46530612244897956,0.11020408163265306,2.8510204081632655
MTA2,0.48367346938775513,0.04285714285714286,2.76734693877551
MTA3,0.6489795918367347,0.018367346938775512,3.446938775510204
MTCH1,0.4775510204081633,0.07755102040816327,2.7857142857142856
MTCH2,0.48367346938775513,0.0836734693877551,2.736734693877551
MTCP1,0.19183673469387755,0.3346938775510204,2.010204081632653
MTDH,0.6795918367346939,0.0163265306122449,3.6510204081632653
MTERF1,0.6081632653061224,0.024489795918367346,3.5326530612244897
MTERF2,0.5081632653061224,0.05102040816326531,2.842857142857143
MTERF3,0.6775510204081633,0.014285714285714285,3.642857142857143
MTERF4,0.4061224489795918,0.10408163265306122,2.5877551020408163
MTF1,0.3816326530612245,0.1,2.620408163265306
MTF2,0.33877551020408164,0.11632653061224489,2.453061224489796
MTFMT,0.46530612244897956,0.08571428571428572,2.7183673469387757
MTG1,0.3448979591836735,0.16122448979591836,2.406122448979592
MTHFD1L,0.45714285714285713,0.09387755102040816,2.6897959183673468
MTHFD2,0.6387755102040816,0.006122448979591836,3.4020408163265308
MTHFD2L,0.363265306122449,0.14489795918367346,2.6448979591836737
MTHFR,0.3346938775510204,0.13877551020408163,2.3857142857142857
MTHFS,0.4857142857142857,0.0673469387755102,2.8
MTIF2,0.6755102040816326,0.00816326530612245,3.673469387755102
MTIF3,0.22040816326530613,0.2510204081632653,2.136734693877551
MTM1,0.17959183673469387,0.3408163265306122,1.9673469387755103
MTMR1,0.1836734693877551,0.3408163265306122,1.973469387755102
MTMR12,0.7836734693877551,0.0163265306122449,4.628571428571429
MTMR14,0.16326530612244897,0.3,1.9775510204081632
MTMR2,0.4306122448979592,0.10816326530612246,2.636734693877551
MTMR3,0.5857142857142857,0.04897959183673469,3.306122448979592
MTMR4,0.5795918367346938,0.04897959183673469,3.1
MTMR6,0.22653061224489796,0.2530612244897959,2.0979591836734692
MTMR7,0.22857142857142856,0.3224489795918367,2.046938775510204
MTMR8,0.13673469387755102,0.4020408163265306,1.8224489795918368
MTMR9,0.22857142857142856,0.3306122448979592,2.0408163265306123
MTNR1A,0.22244897959183674,0.27346938775510204,2.1142857142857143
MTNR1B,0.4387755102040816,0.10204081632653061,2.683673469387755
MTO1,0.48367346938775513,0.0673469387755102,2.8387755102040817
MTOR,0.3326530612244898,0.14285714285714285,2.379591836734694
MTR,0.6530612244897959,0.012244897959183673,3.3612244897959185
MTREX,0.19387755102040816,0.2857142857142857,2.0795918367346937
MTRF1,0.20816326530612245,0.2673469387755102,2.063265306122449
MTRF1L,0.45714285714285713,0.08979591836734693,2.704081632653061
MTRR,0.7979591836734694,0.014285714285714285,4.73469387755102
MTSS1,0.7285714285714285,0.01020408163265306,3.8938775510204082
MTTP,0.2612244897959184,0.19387755102040816,2.2122448979591836
MTUS1,0.22857142857142856,0.32448979591836735,2.0448979591836736
MTX1,0.6877551020408164,0.00816326530612245,3.5020408163265304
MTX2,0.5530612244897959,0.03877551020408163,3.1551020408163266
MUC12,0.5816326530612245,0.036734693877551024,3.438775510204082
MUC13,0.7795918367346939,0.022448979591836733,3.9693877551020407
MUC15,0.4204081632653061,0.10612244897959183,2.620408163265306
MUC16,0.4122448979591837,0.12040816326530612,2.620408163265306
MUC20,0.8816326530612245,0.012244897959183673,5.642857142857143
MUC3A,0.5836734693877551,0.036734693877551024,3.436734693877551
MUC4,0.8816326530612245,0.012244897959183673,5.642857142857143
MUC5AC,0.3306122448979592,0.18979591836734694,2.3231083844580778
MUC5B,0.3326530612244898,0.18979591836734694,2.3224489795918366
MUC6,0.3306122448979592,0.18775510204081633,2.3244897959183675
MUC7,0.363265306122449,0.1489795918367347,2.6244897959183673
MUCL1,0.5285714285714286,0.0326530612244898,2.9244897959183676
MUL1,0.3142857142857143,0.13877551020408163,2.3469387755102042
MUS81,0.5,0.044897959183673466,2.8653061224489798
MUSK,0.3816326530612245,0.1489795918367347,2.5408163265306123
MUTYH,0.39591836734693875,0.1,2.561224489795918
MVB12A,0.45510204081632655,0.09387755102040816,2.757142857142857
MVB12B,0.37142857142857144,0.1510204081632653,2.5040816326530613
MVD,0.3551020408163265,0.14489795918367346,2.463265306122449
MVP,0.47959183673469385,0.0653061224489796,2.7551020408163267
MX1,0.2979591836734694,0.18571428571428572,2.2877551020408164
MX2,0.3,0.18571428571428572,2.3102040816326532
MXD1,0.6428571428571429,0.006122448979591836,3.451020408163265
MXD4,0.2693877551020408,0.23673469387755103,2.206122448979592
MYADM,0.5224489795918368,0.0653061224489796,2.936734693877551
MYB,0.4714285714285714,0.0836734693877551,2.7244897959183674
MYBBP1A,0.25918367346938775,0.25510204081632654,2.1755102040816325
MYBL1,0.6142857142857143,0.02857142857142857,3.4571428571428573
MYBL2,0.5897959183673469,0.02857142857142857,3.3142857142857145
MYBPC1,0.5081632653061224,0.04285714285714286,2.842857142857143
MYBPC2,0.5,0.06938775510204082,2.857142857142857
MYBPC3,0.4775510204081633,0.08775510204081632,2.7387755102040816
MYBPH,0.6571428571428571,0.00816326530612245,3.330612244897959
MYCBP,0.38571428571428573,0.1,2.6183673469387756
MYCBP2,0.2795918367346939,0.24081632653061225,2.2877551020408164
MYCBPAP,0.5714285714285714,0.04285714285714286,3.095918367346939
MYCN,0.610204081632653,0.036734693877551024,3.3918367346938774
MYD88,0.13877551020408163,0.336734693877551,1.8938775510204082
MYF5,0.5081632653061224,0.04285714285714286,2.8918367346938774
MYF6,0.5081632653061224,0.04285714285714286,2.889795918367347
MYH1,0.25918367346938775,0.2612244897959184,2.173469387755102
MYH10,0.26326530612244897,0.2653061224489796,2.173469387755102
MYH11,0.44693877551020406,0.1,2.6979591836734693
MYH13,0.25918367346938775,0.25918367346938775,2.1877551020408164
MYH15,0.7408163265306122,0.0326530612244898,3.826530612244898
MYH2,0.25918367346938775,0.2612244897959184,2.173469387755102
MYH3,0.2571428571428571,0.2612244897959184,2.169387755102041
MYH4,0.25918367346938775,0.2612244897959184,2.1775510204081634
MYH6,0.42653061224489797,0.12653061224489795,2.7816326530612243
MYH7,0.42653061224489797,0.12857142857142856,2.779591836734694
MYH7B,0.6265306122448979,0.014285714285714285,3.475510204081633
MYH8,0.25918367346938775,0.2612244897959184,2.1775510204081634
MYH9,0.5510204081632653,0.05918367346938776,3.1163265306122447
MYL1,0.4530612244897959,0.08979591836734693,2.7020408163265306
MYL10,0.5795918367346938,0.036734693877551024,3.438775510204082
MYL12A,0.5081632653061224,0.0653061224489796,3.085714285714286
MYL12B,0.5081632653061224,0.0653061224489796,3.085714285714286
MYL2,0.5122448979591837,0.05510204081632653,2.830612244897959
MYL3,0.11428571428571428,0.35306122448979593,1.7979591836734694
MYL4,0.5510204081632653,0.05510204081632653,3.024489795918367
MYL5,0.2693877551020408,0.24285714285714285,2.2244897959183674
MYL6,0.5265306122448979,0.0326530612244898,2.9285714285714284
MYL6B,0.5265306122448979,0.0326530612244898,2.9285714285714284
MYL7,0.5673469387755102,0.04693877551020408,3.242857142857143
MYL9,0.6142857142857143,0.02040816326530612,3.4346938775510205
MYLIP,0.47959183673469385,0.08163265306122448,2.8081632653061224
MYLK,0.7755102040816326,0.024489795918367346,3.9693877551020407
MYLK2,0.6551020408163265,0.01020408163265306,3.7142857142857144
MYLK3,0.3877551020408163,0.1346938775510204,2.561224489795918
MYO10,0.8061224489795918,0.00816326530612245,4.808163265306122
MYO18A,0.49183673469387756,0.09795918367346938,2.8816326530612244
MYO18B,0.5775510204081633,0.05510204081632653,3.2346938775510203
MYO1A,0.5285714285714286,0.0326530612244898,2.938775510204082
MYO5A,0.43673469387755104,0.10612244897959183,2.6489795918367345
MYO5B,0.3693877551020408,0.1489795918367347,2.4979591836734696
MYO6,0.4816326530612245,0.06326530612244897,2.7979591836734694
MYO7A,0.48775510204081635,0.07142857142857142,2.9122448979591837
MYO7B,0.5530612244897959,0.04081632653061224,2.9959183673469387
MYO9A,0.4673469387755102,0.07346938775510205,2.746938775510204
MYO9B,0.4489795918367347,0.09591836734693877,2.736734693877551
MYOC,0.6816326530612244,0.00816326530612245,3.453061224489796
MYOCD,0.25918367346938775,0.25918367346938775,2.1755102040816325
MYOD1,0.3979591836734694,0.1306122448979592,2.5387755102040814
MYOF,0.3,0.17142857142857143,2.2918367346938777
MYOG,0.6571428571428571,0.00816326530612245,3.330612244897959
MYOM1,0.5081632653061224,0.0673469387755102,3.083673469387755
MYOM2,0.22653061224489796,0.32857142857142857,2.0346938775510206
MYOT,0.1836734693877551,0.2795918367346939,1.9979591836734694
MYOZ1,0.363265306122449,0.14489795918367346,2.463265306122449
MYOZ2,0.23673469387755103,0.19183673469387755,2.179591836734694
MYOZ3,0.1836734693877551,0.2714285714285714,2.0061224489795917
MYPN,0.35306122448979593,0.14489795918367346,2.4306122448979592
MYRIP,0.1346938775510204,0.3408163265306122,1.8714285714285714
MYSM1,0.3653061224489796,0.10612244897959183,2.5346938775510206
MYT1,0.5877551020408164,0.04285714285714286,3.2551020408163267
MYT1L,0.5959183673469388,0.05714285714285714,3.26734693877551
MZB1,0.18571428571428572,0.27346938775510204,2.016326530612245
MZF1,0.5265306122448979,0.06938775510204082,2.977551020408163
MZT1,0.2795918367346939,0.23265306122448978,2.3142857142857145
MZT2A,0.5448979591836735,0.04693877551020408,2.9489795918367347
MZT2B,0.5489795918367347,0.04693877551020408,2.9693877551020407
NAA10,0.18571428571428572,0.336734693877551,1.9857142857142858
NAA11,0.3183673469387755,0.1673469387755102,2.410204081632653
NAA15,0.23469387755102042,0.21836734693877552,2.1489795918367345
NAA16,0.20816326530612245,0.2673469387755102,2.063265306122449
NAA20,0.6,0.030612244897959183,3.369387755102041
NAA25,0.5122448979591837,0.05714285714285714,2.842857142857143
NAA30,0.4204081632653061,0.1326530612244898,2.6530612244897958
NAA35,0.35918367346938773,0.15918367346938775,2.5081632653061225
NAA38,0.2612244897959184,0.2612244897959184,2.179591836734694
NAA50,0.7489795918367347,0.0326530612244898,3.8448979591836734
NAB1,0.5489795918367347,0.044897959183673466,3.063265306122449
NAB2,0.5285714285714286,0.0326530612244898,2.938775510204082
NABP1,0.5530612244897959,0.044897959183673466,3.053061224489796
NABP2,0.5265306122448979,0.0326530612244898,2.9285714285714284
NACA,0.5285714285714286,0.0326530612244898,2.938775510204082
NACA2,0.6040816326530613,0.04693877551020408,3.163265306122449
NACAD,0.5673469387755102,0.04693877551020408,3.242857142857143
NACC1,0.40816326530612246,0.11020408163265306,2.66734693877551
NADK,0.34285714285714286,0.12653061224489795,2.4551020408163264
NADK2,0.7836734693877551,0.018367346938775512,4.630612244897959
NADSYN1,0.5244897959183673,0.05714285714285714,3.336734693877551
NAE1,0.39591836734693875,0.10816326530612246,2.6040816326530614
NAF1,0.21428571428571427,0.23469387755102042,2.1040816326530614
NAGA,0.5571428571428572,0.0673469387755102,3.093877551020408
NAGK,0.6408163265306123,0.006122448979591836,3.4285714285714284
NAGLU,0.5040816326530613,0.08571428571428572,2.8489795918367347
NAGPA,0.4204081632653061,0.11224489795918367,2.622448979591837
NAIF1,0.363265306122449,0.15306122448979592,2.4918367346938775
NAIP,0.15714285714285714,0.3,1.9510204081632654
NAMPT,0.5693877551020409,0.04693877551020408,3.3959183673469386
NANOG,0.610204081632653,0.012244897959183673,3.522448979591837
NANOS1,0.32653061224489793,0.14285714285714285,2.372188139059305
NANOS2,0.48775510204081635,0.07142857142857142,2.8489795918367347
NANOS3,0.42857142857142855,0.10408163265306122,2.763265306122449
NANS,0.37142857142857144,0.15306122448979592,2.522448979591837
NAP1L1,0.5163265306122449,0.03877551020408163,2.914285714285714
NAP1L4,0.32857142857142857,0.1836734693877551,2.3244897959183675
NAPA,0.47959183673469385,0.08163265306122448,2.783673469387755
NAPB,0.6020408163265306,0.036734693877551024,3.377551020408163
NAPEPLD,0.5795918367346938,0.03877551020408163,3.442857142857143
NAPG,0.5,0.0673469387755102,2.9081632653061225
NAPRT,0.7020408163265306,0.02040816326530612,3.7857142857142856
NAPSA,0.5,0.06938775510204082,2.857142857142857
NARS2,0.47959183673469385,0.07142857142857142,2.8224489795918366
NASP,0.3979591836734694,0.09795918367346938,2.5653061224489795
NAT10,0.4530612244897959,0.09591836734693877,2.7285714285714286
NAT2,0.22653061224489796,0.32653061224489793,2.0387755102040814
NAT8,0.6387755102040816,0.01020408163265306,3.3979591836734695
NAT8L,0.2673469387755102,0.23673469387755103,2.2024539877300615
NAV1,0.6571428571428571,0.01020408163265306,3.2979591836734694
NAXE,0.6816326530612244,0.00816326530612245,3.4571428571428573
NBEA,0.22040816326530613,0.2530612244897959,2.0877551020408163
NBEAL2,0.11428571428571428,0.35306122448979593,1.7959183673469388
NBN,0.6489795918367347,0.018367346938775512,3.5795918367346937
NCALD,0.689795918367347,0.014285714285714285,3.7
NCAM1,0.4020408163265306,0.11632653061224489,2.573469387755102
NCAN,0.4714285714285714,0.0836734693877551,2.8551020408163263
NCAPD2,0.6204081632653061,0.014285714285714285,3.559183673469388
NCAPD3,0.4142857142857143,0.11836734693877551,2.636734693877551
NCAPG,0.25510204081632654,0.24897959183673468,2.1857142857142855
NCAPG2,0.5163265306122449,0.10612244897959183,2.9673469387755103
NCAPH,0.6061224489795919,0.0163265306122449,3.263265306122449
NCAPH2,0.5020408163265306,0.09795918367346938,2.9204081632653063
NCBP1,0.373469387755102,0.1510204081632653,2.526530612244898
NCBP2,0.8795918367346939,0.012244897959183673,5.685714285714286
NCEH1,0.9102040816326531,0.0020408163265306124,6.546938775510204
NCF1,0.5693877551020409,0.04081632653061224,3.230612244897959
NCF2,0.6653061224489796,0.01020408163265306,3.3755102040816327
NCF4,0.5510204081632653,0.05918367346938776,3.120408163265306
NCK1,0.8020408163265306,0.018367346938775512,4.2693877551020405
NCK2,0.5857142857142857,0.022448979591836733,3.1020408163265305
NCKAP1,0.5530612244897959,0.04285714285714286,3.1061224489795918
NCKAP1L,0.5285714285714286,0.0326530612244898,2.9306122448979592
NCKIPSD,0.10612244897959183,0.3551020408163265,1.7836734693877552
NCL,0.4020408163265306,0.10204081632653061,2.561224489795918
NCLN,0.3795918367346939,0.15306122448979592,2.4489795918367347
NCOA1,0.6306122448979592,0.022448979591836733,3.3244897959183675
NCOA2,0.6142857142857143,0.026530612244897958,3.4714285714285715
NCOA3,0.5877551020408164,0.036734693877551024,3.2918367346938777
NCOA4,0.37755102040816324,0.14081632653061224,2.522448979591837
NCOA5,0.5897959183673469,0.03469387755102041,3.3081632653061224
NCOA6,0.6265306122448979,0.018367346938775512,3.487755102040816
NCOA7,0.45918367346938777,0.07959183673469387,2.8591836734693876
NCOR1,0.2693877551020408,0.2530612244897959,2.1857142857142855
NCOR2,0.5020408163265306,0.053061224489795916,2.8122448979591836
NCR1,0.5285714285714286,0.06326530612244897,2.926530612244898
NCR2,0.4857142857142857,0.07346938775510205,2.8
NCR3,0.47551020408163264,0.07551020408163266,2.76734693877551
NCR3LG1,0.3979591836734694,0.1326530612244898,2.546938775510204
NCS1,0.373469387755102,0.1489795918367347,2.522448979591837
NCSTN,0.689795918367347,0.006122448979591836,3.583673469387755
NDC1,0.373469387755102,0.10204081632653061,2.5040816326530613
NDC80,0.5061224489795918,0.0673469387755102,3.1142857142857143
NDE1,0.44693877551020406,0.1,2.7
NDEL1,0.26326530612244897,0.2653061224489796,2.173469387755102
NDFIP1,0.1816326530612245,0.27346938775510204,1.993877551020408
NDOR1,0.373469387755102,0.1469387755102041,2.536734693877551
NDRG1,0.7244897959183674,0.01020408163265306,3.8755102040816327
NDRG2,0.42448979591836733,0.12857142857142856,2.73265306122449
NDRG3,0.6142857142857143,0.02040816326530612,3.4224489795918367
NDST1,0.1836734693877551,0.27346938775510204,2.0040816326530613
NDST2,0.36122448979591837,0.14489795918367346,2.451020408163265
NDUFA1,0.17346938775510204,0.35306122448979593,1.963265306122449
NDUFA10,0.4,0.1,2.5877551020408163
NDUFA11,0.40816326530612246,0.1326530612244898,2.5510204081632653
NDUFA12,0.5061224489795918,0.03877551020408163,2.8755102040816327
NDUFA13,0.47346938775510206,0.0836734693877551,2.869387755102041
NDUFA2,0.18571428571428572,0.2714285714285714,2.0040816326530613
NDUFA3,0.5244897959183673,0.06326530612244897,2.9346938775510205
NDUFA4,0.5877551020408164,0.036734693877551024,3.2918367346938777
NDUFA5,0.5469387755102041,0.07551020408163266,3.126530612244898
NDUFA6,0.5571428571428572,0.0673469387755102,3.093877551020408
NDUFA7,0.4061224489795918,0.12653061224489795,2.5918367346938775
NDUFA8,0.3816326530612245,0.1510204081632653,2.5326530612244897
NDUFA9,0.6244897959183674,0.014285714285714285,3.548979591836735
NDUFAB1,0.45102040816326533,0.08163265306122448,2.683673469387755
NDUFAF1,0.38979591836734695,0.11632653061224489,2.548979591836735
NDUFAF2,0.1673469387755102,0.29591836734693877,2.0061224489795917
NDUFAF3,0.10612244897959183,0.3551020408163265,1.7836734693877552
NDUFAF4,0.44285714285714284,0.09795918367346938,2.683673469387755
NDUFAF5,0.6020408163265306,0.0326530612244898,3.4081632653061225
NDUFAF6,0.6714285714285714,0.018367346938775512,3.6244897959183673
NDUFAF7,0.6428571428571429,0.02040816326530612,3.3510204081632655
NDUFB1,0.44693877551020406,0.11428571428571428,2.746938775510204
NDUFB10,0.4204081632653061,0.12244897959183673,2.5673469387755103
NDUFB11,0.13673469387755102,0.42857142857142855,1.8183673469387756
NDUFB2,0.536734693877551,0.07142857142857142,3.122448979591837
NDUFB3,0.5285714285714286,0.053061224489795916,2.9959183673469387
NDUFB4,0.7673469387755102,0.02857142857142857,3.9673469387755103
NDUFB5,0.9061224489795918,0.0020408163265306124,6.697959183673469
NDUFB6,0.3469387755102041,0.21224489795918366,2.610204081632653
NDUFB7,0.4326530612244898,0.10408163265306122,2.7653061224489797
NDUFB8,0.3020408163265306,0.17142857142857143,2.2918367346938777
NDUFB9,0.7285714285714285,0.01020408163265306,3.8918367346938774
NDUFC1,0.23469387755102042,0.21836734693877552,2.1489795918367345
NDUFC2,0.48367346938775513,0.06938775510204082,2.8918367346938774
NDUFS2,0.689795918367347,0.006122448979591836,3.626530612244898
NDUFS3,0.48367346938775513,0.08571428571428572,2.753061224489796
NDUFS4,0.20816326530612245,0.2714285714285714,2.1183673469387756
NDUFS5,0.38571428571428573,0.1,2.6285714285714286
NDUFS6,0.7959183673469388,0.014285714285714285,4.722448979591837
NDUFS7,0.373469387755102,0.15918367346938775,2.436734693877551
NDUFS8,0.5142857142857142,0.04285714285714286,3.016326530612245
NDUFV1,0.5163265306122449,0.04285714285714286,2.983673469387755
NDUFV2,0.49795918367346936,0.07346938775510205,2.9306122448979592
NDUFV3,0.2897959183673469,0.1816326530612245,2.295918367346939
NECAP1,0.6081632653061224,0.012244897959183673,3.510204081632653
NECAP2,0.3224489795918367,0.14081632653061224,2.3755102040816327
NECTIN1,0.4142857142857143,0.11020408163265306,2.593877551020408
NECTIN2,0.5081632653061224,0.05714285714285714,2.940816326530612
NECTIN3,0.7510204081632653,0.03469387755102041,3.842857142857143
NECTIN4,0.689795918367347,0.006122448979591836,3.626530612244898
NEDD1,0.5122448979591837,0.04081632653061224,2.8836734693877553
NEDD4,0.44285714285714284,0.10408163265306122,2.669387755102041
NEDD4L,0.35714285714285715,0.1653061224489796,2.453061224489796
NEDD8,0.41836734693877553,0.13673469387755102,2.683673469387755
NEDD9,0.48775510204081635,0.08571428571428572,2.830612244897959
NEFL,0.22244897959183674,0.32448979591836735,2.0428571428571427
NEFM,0.22244897959183674,0.32448979591836735,2.0428571428571427
NEGR1,0.35918367346938773,0.10612244897959183,2.463265306122449
NEIL1,0.4775510204081633,0.07142857142857142,2.7857142857142856
NEIL2,0.22857142857142856,0.3306122448979592,2.0448979591836736
NEIL3,0.20816326530612245,0.2673469387755102,2.0714285714285716
NEK2,0.6510204081632653,0.00816326530612245,3.316326530612245
NEK6,0.3795918367346939,0.15306122448979592,2.524489795918367
NEK7,0.6571428571428571,0.012244897959183673,3.2918367346938777
NEK8,0.49387755102040815,0.09795918367346938,2.8938775510204082
NEK9,0.4163265306122449,0.12653061224489795,2.6653061224489796
NELFA,0.2693877551020408,0.23673469387755103,2.23265306122449
NELFB,0.373469387755102,0.1469387755102041,2.536734693877551
NELFCD,0.5693877551020409,0.044897959183673466,3.2020408163265306
NELFE,0.4714285714285714,0.07346938775510205,2.746938775510204
NELL1,0.40408163265306124,0.11428571428571428,2.5877551020408163
NELL2,0.536734693877551,0.02857142857142857,2.989795918367347
NEMF,0.42653061224489797,0.12448979591836734,2.6918367346938776
NEMP1,0.5285714285714286,0.0326530612244898,2.938775510204082
NEO1,0.46530612244897956,0.07346938775510205,2.7551020408163267
NEPRO,0.746938775510204,0.03469387755102041,3.8591836734693876
NES,0.6816326530612244,0.00816326530612245,3.4673469387755103
NET1,0.3816326530612245,0.15306122448979592,2.5408163265306123
NEU1,0.47346938775510206,0.07346938775510205,2.757142857142857
NEU2,0.39387755102040817,0.10408163265306122,2.5448979591836736
NEU3,0.49183673469387756,0.07142857142857142,2.879591836734694
NEU4,0.41020408163265304,0.10612244897959183,2.5979591836734692
NEURL1,0.3020408163265306,0.17346938775510204,2.2775510204081635
NEURL2,0.5897959183673469,0.03469387755102041,3.3122448979591836
NEUROD1,0.5530612244897959,0.04285714285714286,3.0877551020408163
NEUROD4,0.5265306122448979,0.0326530612244898,2.9306122448979592
NEUROG2,0.23877551020408164,0.1836734693877551,2.192229038854806
NEUROG3,0.35306122448979593,0.14489795918367346,2.4285714285714284
NF1,0.48367346938775513,0.10612244897959183,2.804081632653061
NF2,0.5857142857142857,0.04897959183673469,3.2857142857142856
NFAM1,0.5551020408163265,0.06938775510204082,3.089795918367347
NFASC,0.6571428571428571,0.00816326530612245,3.3448979591836734
NFATC1,0.3408163265306122,0.20408163265306123,2.3612244897959185
NFATC2,0.5816326530612245,0.030612244897959183,3.306122448979592
NFATC2IP,0.47959183673469385,0.06326530612244897,2.7653061224489797
NFATC3,0.3979591836734694,0.10612244897959183,2.610204081632653
NFATC4,0.4163265306122449,0.1346938775510204,2.669387755102041
NFE2,0.5285714285714286,0.03469387755102041,2.9285714285714284
NFE2L1,0.5530612244897959,0.04897959183673469,3.0448979591836736
NFE2L2,0.5653061224489796,0.04081632653061224,3.2
NFIA,0.3673469387755102,0.10612244897959183,2.5326530612244897
NFIB,0.2612244897959184,0.3020408163265306,2.320408163265306
NFIC,0.37755102040816324,0.15306122448979592,2.446938775510204
NFIL3,0.363265306122449,0.1510204081632653,2.5183673469387755
NFIX,0.4122448979591837,0.11020408163265306,2.673469387755102
NFKB1,0.2571428571428571,0.19183673469387755,2.195918367346939
NFKB2,0.3020408163265306,0.17142857142857143,2.2775510204081635
NFKBIA,0.44693877551020406,0.12244897959183673,2.8448979591836734
NFKBIB,0.5938775510204082,0.044897959183673466,3.6612244897959183
NFKBIE,0.49387755102040815,0.0653061224489796,2.8857142857142857
NFKBIZ,0.7408163265306122,0.030612244897959183,3.8142857142857145
NFRKB,0.40408163265306124,0.12244897959183673,2.5693877551020408
NFS1,0.6224489795918368,0.0163265306122449,3.4714285714285715
NFU1,0.6489795918367347,0.006122448979591836,3.4857142857142858
NFX1,0.3836734693877551,0.19387755102040816,2.7244897959183674
NFYA,0.48367346938775513,0.07142857142857142,2.7857142857142856
NFYB,0.5081632653061224,0.05102040816326531,2.842857142857143
NFYC,0.4,0.1,2.6040816326530614
NGB,0.42244897959183675,0.12244897959183673,2.6755102040816325
NGDN,0.42448979591836733,0.12857142857142856,2.7714285714285714
NGEF,0.39387755102040817,0.10408163265306122,2.546938775510204
NGF,0.28775510204081634,0.16938775510204082,2.3020408163265307
NGFR,0.5673469387755102,0.044897959183673466,3.0816326530612246
NGLY1,0.14489795918367346,0.3306122448979592,1.8979591836734695
NGRN,0.5306122448979592,0.04897959183673469,3.036734693877551
NHEJ1,0.41020408163265304,0.10612244897959183,2.6040816326530614
NHLRC1,0.48367346938775513,0.07551020408163266,2.842857142857143
NHLRC3,0.21836734693877552,0.2571428571428571,2.085714285714286
NHP2,0.20816326530612245,0.2653061224489796,2.059183673469388
NICN1,0.10408163265306122,0.35714285714285715,1.7755102040816326
NID1,0.6530612244897959,0.012244897959183673,3.3244897959183675
NID2,0.42448979591836733,0.12653061224489795,2.6877551020408164
NIF3L1,0.5285714285714286,0.053061224489795916,2.9959183673469387
NIFK,0.5816326530612245,0.02857142857142857,3.1183673469387756
NIN,0.42653061224489797,0.12448979591836734,2.6897959183673468
NINJ1,0.3693877551020408,0.15306122448979592,2.5183673469387755
NINL,0.5959183673469388,0.036734693877551024,3.33265306122449
NIP7,0.39183673469387753,0.11428571428571428,2.593877551020408
NIPA1,0.44081632653061226,0.10408163265306122,2.7244897959183674
NIPA2,0.44081632653061226,0.10204081632653061,2.726530612244898
NIPAL4,0.1836734693877551,0.2714285714285714,2.0081632653061225
NIPBL,0.7857142857142857,0.018367346938775512,4.606122448979592
NIPSNAP1,0.5857142857142857,0.04897959183673469,3.2857142857142856
NIPSNAP3A,0.38571428571428573,0.1489795918367347,2.5795918367346937
NKAIN4,0.5816326530612245,0.04693877551020408,3.236734693877551
NKAP,0.17142857142857143,0.35306122448979593,1.9612244897959183
NKD1,0.3877551020408163,0.1306122448979592,2.5714285714285716
NKD2,0.7938775510204081,0.014285714285714285,4.718367346938775
NKG7,0.5061224489795918,0.06938775510204082,2.8714285714285714
NKTR,0.12244897959183673,0.3448979591836735,1.8285714285714285
NKX2-1,0.4448979591836735,0.12448979591836734,3.0020408163265304
NKX2-2,0.5959183673469388,0.03469387755102041,3.3653061224489798
NKX2-5,0.19591836734693877,0.2653061224489796,2.026530612244898
NKX3-1,0.22040816326530613,0.3306122448979592,2.0285714285714285
NKX3-2,0.2612244897959184,0.24489795918367346,2.204081632653061
NKX6-1,0.3,0.1816326530612245,2.316326530612245
NLE1,0.49183673469387756,0.09591836734693877,2.8285714285714287
NLGN1,0.9102040816326531,0.0020408163265306124,6.544897959183674
NLGN2,0.25918367346938775,0.25918367346938775,2.169387755102041
NLGN3,0.14285714285714285,0.39591836734693875,1.8612244897959183
NLGN4X,0.1346938775510204,0.4346938775510204,1.8612244897959183
NLK,0.5040816326530613,0.09795918367346938,2.936734693877551
NLN,0.15714285714285714,0.3,1.9591836734693877
NLRC3,0.41020408163265304,0.12244897959183673,2.5693877551020408
NLRC4,0.6448979591836734,0.018367346938775512,3.377551020408163
NLRC5,0.39183673469387753,0.1326530612244898,2.5673469387755103
NLRP1,0.2612244897959184,0.25510204081632654,2.179591836734694
NLRP12,0.5224489795918368,0.0653061224489796,2.9244897959183676
NLRP3,0.6510204081632653,0.012244897959183673,3.342857142857143
NLRP6,0.3346938775510204,0.18571428571428572,2.340816326530612
NLRP9,0.5346938775510204,0.06326530612244897,2.989795918367347
NLRX1,0.40816326530612246,0.11020408163265306,2.5877551020408163
NMB,0.5061224489795918,0.061224489795918366,2.8836734693877553
NMD3,0.8734693877551021,0.00816326530612245,5.3244897959183675
NME1,0.5714285714285714,0.04285714285714286,3.1040816326530614
NME2,0.5714285714285714,0.04081632653061224,3.1061224489795918
NME3,0.42244897959183675,0.12244897959183673,2.573469387755102
NME4,0.42244897959183675,0.12857142857142856,2.5816326530612246
NME6,0.10612244897959183,0.3551020408163265,1.7877551020408162
NME7,0.6836734693877551,0.00816326530612245,3.520408163265306
NME8,0.5693877551020409,0.04897959183673469,3.1918367346938776
NMI,0.5285714285714286,0.05102040816326531,2.910204081632653
NMNAT1,0.3346938775510204,0.1346938775510204,2.3979591836734695
NMNAT2,0.6632653061224489,0.00816326530612245,3.373469387755102
NMNAT3,0.8224489795918367,0.0163265306122449,4.440816326530612
NMRAL1,0.4204081632653061,0.11836734693877551,2.6142857142857143
NMT1,0.5285714285714286,0.06938775510204082,2.946938775510204
NMT2,0.373469387755102,0.15510204081632653,2.5183673469387755
NMU,0.42448979591836733,0.12653061224489795,3.273469387755102
NMUR2,0.1816326530612245,0.2693877551020408,2.010204081632653
NNMT,0.40408163265306124,0.11224489795918367,2.5816326530612246
NNT,0.7714285714285715,0.018367346938775512,4.551020408163265
NOA1,0.4061224489795918,0.1306122448979592,2.8816326530612244
NOB1,0.39387755102040817,0.11428571428571428,2.6040816326530614
NOC2L,0.34285714285714286,0.12653061224489795,2.4551020408163264
NOC3L,0.3,0.16938775510204082,2.289795918367347
NOC4L,0.4897959183673469,0.05102040816326531,2.8102040816326532
NOCT,0.23469387755102042,0.21836734693877552,2.146938775510204
NOD1,0.5673469387755102,0.044897959183673466,3.230612244897959
NOD2,0.3877551020408163,0.1306122448979592,2.5714285714285716
NODAL,0.3551020408163265,0.14489795918367346,2.436734693877551
NOG,0.5755102040816327,0.04693877551020408,3.1122448979591835
NOL10,0.6,0.04285714285714286,3.2448979591836733
NOL11,0.6204081632653061,0.04285714285714286,3.2224489795918365
NOL12,0.5530612244897959,0.05714285714285714,3.136734693877551
NOL3,0.39387755102040817,0.10816326530612246,2.6020408163265305
NOL6,0.37755102040816324,0.19795918367346937,2.6877551020408164
NOL7,0.47551020408163264,0.08163265306122448,2.8142857142857145
NOL8,0.3653061224489796,0.1510204081632653,2.522448979591837
NOL9,0.33877551020408164,0.12653061224489795,2.440816326530612
NOLC1,0.3020408163265306,0.16938775510204082,2.2775510204081635
NOM1,0.5204081632653061,0.09591836734693877,2.9857142857142858
NOMO2,0.4448979591836735,0.09591836734693877,2.6714285714285713
NOMO3,0.44693877551020406,0.09591836734693877,2.66734693877551
NONO,0.14285714285714285,0.39591836734693875,1.8612244897959183
NOP10,0.3877551020408163,0.11836734693877551,2.5673469387755103
NOP14,0.26326530612244897,0.23469387755102042,2.195918367346939
NOP16,0.20612244897959184,0.2653061224489796,2.048979591836735
NOP2,0.6204081632653061,0.014285714285714285,3.561224489795918
NOP53,0.4816326530612245,0.08163265306122448,2.7918367346938777
NOP56,0.6142857142857143,0.02857142857142857,3.4224489795918367
NOP58,0.5122448979591837,0.05918367346938776,2.9816326530612245
NOS1,0.5020408163265306,0.04897959183673469,2.842857142857143
NOS2,0.5061224489795918,0.09591836734693877,2.9346938775510205
NOS3,0.5326530612244897,0.08775510204081632,3.0285714285714285
NOSIP,0.4897959183673469,0.06938775510204082,2.830612244897959
NOSTRIN,0.5326530612244897,0.044897959183673466,2.9816326530612245
NOTCH2,0.363265306122449,0.1306122448979592,2.6040816326530614
NOTCH3,0.44285714285714284,0.1,2.804081632653061
NOTCH4,0.47346938775510206,0.07346938775510205,2.753061224489796
NOTUM,0.5795918367346938,0.06938775510204082,3.089795918367347
NOX1,0.1673469387755102,0.3653061224489796,1.9469387755102041
NOX4,0.4489795918367347,0.08979591836734693,2.759183673469388
NOX5,0.4673469387755102,0.07959183673469387,2.7489795918367346
NOXA1,0.373469387755102,0.1469387755102041,2.5326530612244897
NOXO1,0.4204081632653061,0.12244897959183673,2.5673469387755103
NPAS2,0.5836734693877551,0.0163265306122449,3.136734693877551
NPB,0.5795918367346938,0.06938775510204082,3.089795918367347
NPBWR2,0.5877551020408164,0.04285714285714286,3.2489795918367346
NPC1,0.4816326530612245,0.07346938775510205,2.9571428571428573
NPC1L1,0.5653061224489796,0.04693877551020408,3.2285714285714286
NPC2,0.4163265306122449,0.12857142857142856,2.657142857142857
NPDC1,0.37142857142857144,0.1469387755102041,2.5326530612244897
NPEPL1,0.5693877551020409,0.04693877551020408,3.2020408163265306
NPFF,0.5265306122448979,0.0326530612244898,2.9346938775510205
NPFFR1,0.3551020408163265,0.14489795918367346,2.4346938775510205
NPFFR2,0.3653061224489796,0.1469387755102041,2.646938775510204
NPHP1,0.5795918367346938,0.026530612244897958,3.085714285714286
NPHP3,0.7816326530612245,0.024489795918367346,4.085714285714285
NPHP4,0.3408163265306122,0.12653061224489795,2.4285714285714284
NPHS1,0.6061224489795919,0.044897959183673466,3.510204081632653
NPHS2,0.6653061224489796,0.012244897959183673,3.4122448979591837
NPL,0.6653061224489796,0.00816326530612245,3.389795918367347
NPLOC4,0.5795918367346938,0.0653061224489796,3.1
NPM1,0.19387755102040816,0.2673469387755102,2.0183673469387755
NPM2,0.22653061224489796,0.32448979591836735,2.0387755102040814
NPM3,0.3020408163265306,0.16938775510204082,2.2775510204081635
NPNT,0.24693877551020407,0.19387755102040816,2.1897959183673468
NPPA,0.3346938775510204,0.14081632653061224,2.3836734693877553
NPPB,0.3346938775510204,0.14081632653061224,2.3836734693877553
NPPC,0.4,0.10204081632653061,2.5551020408163265
NPR1,0.6877551020408164,0.00816326530612245,3.546938775510204
NPRL2,0.10408163265306122,0.36122448979591837,1.7755102040816326
NPSR1,0.5673469387755102,0.04897959183673469,3.2224489795918365
NPTN,0.46530612244897956,0.07346938775510205,2.7448979591836733
NPY,0.5795918367346938,0.036734693877551024,3.2489795918367346
NPY1R,0.21224489795918366,0.23469387755102042,2.0979591836734692
NPY2R,0.22244897959183674,0.23061224489795917,2.120408163265306
NQO1,0.39387755102040817,0.11428571428571428,2.5979591836734692
NR0B1,0.1346938775510204,0.44081632653061226,1.8448979591836734
NR0B2,0.3163265306122449,0.14285714285714285,2.336734693877551
NR1D1,0.5102040816326531,0.08571428571428572,2.979591836734694
NR1D2,0.14285714285714285,0.32857142857142857,1.8959183673469389
NR1H2,0.5,0.06938775510204082,2.857142857142857
NR1H3,0.47959183673469385,0.08775510204081632,2.742857142857143
NR1H4,0.5061224489795918,0.044897959183673466,2.8346938775510204
NR1I2,0.7653061224489796,0.02857142857142857,3.953061224489796
NR1I3,0.689795918367347,0.006122448979591836,3.595918367346939
NR2C1,0.5061224489795918,0.04081632653061224,2.873469387755102
NR2C2,0.1489795918367347,0.3224489795918367,1.920408163265306
NR2C2AP,0.4714285714285714,0.0836734693877551,2.8489795918367347
NR2E1,0.44081632653061226,0.09591836734693877,2.66734693877551
NR2E3,0.4673469387755102,0.07346938775510205,2.746938775510204
NR2F1,0.14489795918367346,0.30612244897959184,1.9183673469387754
NR2F2,0.5469387755102041,0.04897959183673469,3.048979591836735
NR2F6,0.4489795918367347,0.09591836734693877,2.7346938775510203
NR3C1,0.1836734693877551,0.27346938775510204,2.0040816326530613
NR3C2,0.23673469387755103,0.22448979591836735,2.1448979591836737
NR4A1,0.5326530612244897,0.03469387755102041,2.9204081632653063
NR4A2,0.5408163265306123,0.04897959183673469,2.9693877551020407
NR4A3,0.37142857142857144,0.15306122448979592,2.5408163265306123
NR5A1,0.3795918367346939,0.15306122448979592,2.524489795918367
NR5A2,0.6591836734693878,0.00816326530612245,3.306122448979592
NR6A1,0.3795918367346939,0.15306122448979592,2.522448979591837
NRAS,0.29183673469387755,0.1673469387755102,2.3
NRBF2,0.3489795918367347,0.14489795918367346,2.520408163265306
NRBP1,0.6448979591836734,0.014285714285714285,3.377551020408163
NRCAM,0.5653061224489796,0.04897959183673469,3.3346938775510204
NRF1,0.5346938775510204,0.07346938775510205,3.073469387755102
NRG1,0.2795918367346939,0.2816326530612245,2.3142857142857145
NRG2,0.18571428571428572,0.2714285714285714,2.0183673469387755
NRG3,0.32040816326530613,0.15918367346938775,2.3448979591836734
NRG4,0.47959183673469385,0.07142857142857142,2.7918367346938777
NRIP1,0.3510204081632653,0.15918367346938775,2.548979591836735
NRL,0.41836734693877553,0.1346938775510204,2.7
NRN1,0.4816326530612245,0.08775510204081632,2.8020408163265307
NRN1L,0.39387755102040817,0.10816326530612246,2.6020408163265305
NRP1,0.4020408163265306,0.12653061224489795,2.6346938775510202
NRP2,0.47551020408163264,0.07551020408163266,2.795918367346939
NRXN1,0.6693877551020408,0.012244897959183673,3.636734693877551
NRXN3,0.4387755102040816,0.11836734693877551,2.7387755102040816
NSA2,0.1469387755102041,0.3040816326530612,1.9183673469387754
NSD2,0.2693877551020408,0.23673469387755103,2.23265306122449
NSD3,0.5653061224489796,0.09795918367346938,4.757142857142857
NSDHL,0.1836734693877551,0.3408163265306122,1.9775510204081632
NSF,0.5408163265306123,0.05918367346938776,3.0020408163265304
NSFL1C,0.610204081632653,0.0326530612244898,3.410204081632653
NSL1,0.6510204081632653,0.01020408163265306,3.3122448979591836
NSMAF,0.6,0.036734693877551024,3.3959183673469386
NSMCE1,0.46938775510204084,0.07346938775510205,2.7612244897959184
NSMCE2,0.7346938775510204,0.01020408163265306,3.9081632653061225
NSMCE3,0.4020408163265306,0.12040816326530612,2.589795918367347
NSMCE4A,0.32857142857142857,0.1489795918367347,2.3816326530612244
NSUN2,0.7959183673469388,0.0163265306122449,4.685714285714286
NSUN4,0.3979591836734694,0.1,2.5714285714285716
NT5C,0.6122448979591837,0.04897959183673469,3.2
NT5C1A,0.39387755102040817,0.09795918367346938,2.740816326530612
NT5C1B,0.6204081632653061,0.0326530612244898,3.3612244897959185
NT5C2,0.3,0.17346938775510204,2.2755102040816326
NT5E,0.4775510204081633,0.07142857142857142,2.8081632653061224
NTAN1,0.44693877551020406,0.1,2.6551020408163266
NTF3,0.6224489795918368,0.012244897959183673,3.5653061224489795
NTF4,0.48775510204081635,0.07346938775510205,2.815950920245399
NTHL1,0.4204081632653061,0.12244897959183673,2.5673469387755103
NTM,0.4122448979591837,0.12040816326530612,2.636734693877551
NTMT1,0.37142857142857144,0.1489795918367347,2.510204081632653
NTN1,0.2612244897959184,0.2653061224489796,2.2
NTN4,0.5040816326530613,0.04081632653061224,2.869387755102041
NTNG1,0.29591836734693877,0.15714285714285714,2.3387755102040817
NTNG2,0.373469387755102,0.1489795918367347,2.522448979591837
NTPCR,0.6510204081632653,0.012244897959183673,3.316326530612245
NTRK1,0.6816326530612244,0.00816326530612245,3.4673469387755103
NTRK2,0.35714285714285715,0.16326530612244897,2.5
NTS,0.5061224489795918,0.04081632653061224,2.8979591836734695
NTSR1,0.5816326530612245,0.04693877551020408,3.240816326530612
NUAK1,0.5081632653061224,0.05102040816326531,2.842857142857143
NUB1,0.536734693877551,0.08775510204081632,3.0346938775510206
NUBP1,0.45510204081632655,0.09591836734693877,2.679591836734694
NUBP2,0.42244897959183675,0.12244897959183673,2.573469387755102
NUBPL,0.4326530612244898,0.12653061224489795,2.7489795918367346
NUCB1,0.48775510204081635,0.07346938775510205,2.8142857142857145
NUCKS1,0.6530612244897959,0.00816326530612245,3.3102040816326532
NUDC,0.3163265306122449,0.14285714285714285,2.336734693877551
NUDT1,0.5897959183673469,0.03469387755102041,3.253061224489796
NUDT12,0.1489795918367347,0.3040816326530612,1.9142857142857144
NUDT14,0.463265306122449,0.11020408163265306,2.8489795918367347
NUDT16,0.7857142857142857,0.022448979591836733,4.079591836734694
NUDT16L1,0.4204081632653061,0.11224489795918367,2.620408163265306
NUDT19,0.5836734693877551,0.03877551020408163,3.4612244897959186
NUDT2,0.3795918367346939,0.19387755102040816,2.726530612244898
NUDT21,0.3877551020408163,0.1306122448979592,2.5653061224489795
NUDT3,0.46938775510204084,0.08163265306122448,2.7122448979591836
NUDT5,0.37755102040816324,0.15306122448979592,2.5387755102040814
NUDT7,0.3653061224489796,0.1306122448979592,2.5285714285714285
NUDT8,0.5142857142857142,0.04285714285714286,2.979591836734694
NUDT9,0.29591836734693877,0.1836734693877551,2.3102040816326532
NUF2,0.689795918367347,0.006122448979591836,3.5551020408163265
NUFIP1,0.21020408163265306,0.2673469387755102,2.063265306122449
NUFIP2,0.49387755102040815,0.1,2.8714285714285714
NUMA1,0.5040816326530613,0.0653061224489796,2.975510204081633
NUMB,0.40816326530612246,0.12857142857142856,2.636734693877551
NUMBL,0.5306122448979592,0.0673469387755102,3.3551020408163263
NUP107,0.5551020408163265,0.024489795918367346,3.2387755102040816
NUP133,0.6571428571428571,0.012244897959183673,3.3285714285714287
NUP153,0.4857142857142857,0.07551020408163266,2.8142857142857145
NUP155,0.7836734693877551,0.018367346938775512,4.624489795918367
NUP160,0.4816326530612245,0.08163265306122448,2.73265306122449
NUP188,0.3653061224489796,0.15306122448979592,2.4959183673469387
NUP205,0.5326530612244897,0.07346938775510205,3.0755102040816324
NUP210,0.1489795918367347,0.3122448979591837,1.9306122448979592
NUP214,0.37551020408163266,0.1469387755102041,2.526530612244898
NUP37,0.5081632653061224,0.04285714285714286,2.8448979591836734
NUP43,0.45102040816326533,0.09591836734693877,2.6775510204081634
NUP50,0.5346938775510204,0.07959183673469387,3.024489795918367
NUP54,0.3408163265306122,0.14285714285714285,2.563265306122449
NUP58,0.22653061224489796,0.2530612244897959,2.0979591836734692
NUP62,0.4959183673469388,0.0673469387755102,2.8448979591836734
NUP62CL,0.17755102040816326,0.36122448979591837,2.036734693877551
NUP85,0.6122448979591837,0.04897959183673469,3.2
NUP88,0.26326530612244897,0.25510204081632654,2.1877551020408164
NUP93,0.38979591836734695,0.1326530612244898,2.5693877551020408
NUP98,0.336734693877551,0.17959183673469387,2.3489795918367347
NUSAP1,0.38979591836734695,0.11632653061224489,2.548979591836735
NUTF2,0.39387755102040817,0.10816326530612246,2.6020408163265305
NVL,0.6612244897959184,0.01020408163265306,3.340816326530612
NXF1,0.4897959183673469,0.04081632653061224,2.7775510204081635
NXF2,0.17346938775510204,0.3653061224489796,1.969387755102041
NXF3,0.17551020408163265,0.3673469387755102,1.9816326530612245
NXPH3,0.5673469387755102,0.044897959183673466,3.0816326530612246
NXT1,0.6040816326530613,0.036734693877551024,3.379591836734694
NXT2,0.17551020408163265,0.3551020408163265,1.9979591836734694
OAS1,0.5102040816326531,0.053061224489795916,2.8755102040816327
OAS2,0.5102040816326531,0.053061224489795916,2.853061224489796
OAS3,0.5102040816326531,0.053061224489795916,2.853061224489796
OASL,0.5020408163265306,0.05714285714285714,2.820408163265306
OAT,0.3306122448979592,0.1489795918367347,2.3836734693877553
OAZ1,0.37551020408163266,0.15510204081632653,2.4448979591836735
OAZ2,0.46530612244897956,0.08775510204081632,2.716326530612245
OAZ3,0.6877551020408164,0.00816326530612245,3.557142857142857
OBSCN,0.6571428571428571,0.012244897959183673,3.3224489795918366
OBSL1,0.41020408163265304,0.10816326530612246,2.6040816326530614
OCA2,0.41020408163265304,0.12040816326530612,2.6081632653061226
OCLN,0.15714285714285714,0.3020408163265306,1.9448979591836735
OCRL,0.15714285714285714,0.35306122448979593,1.9122448979591837
ODF1,0.6877551020408164,0.0163265306122449,3.7
ODF2,0.3653061224489796,0.15306122448979592,2.4979591836734696
OFD1,0.12857142857142856,0.44081632653061226,1.8428571428571427
OGA,0.3020408163265306,0.16938775510204082,2.2775510204081635
OGDH,0.5653061224489796,0.04693877551020408,3.226530612244898
OGDHL,0.3693877551020408,0.1469387755102041,2.453061224489796
OGG1,0.16326530612244897,0.3,1.9775510204081632
OGN,0.3653061224489796,0.1510204081632653,2.516326530612245
OGT,0.14489795918367346,0.39183673469387753,1.8714285714285714
OIP5,0.38979591836734695,0.11632653061224489,2.548979591836735
OLA1,0.5510204081632653,0.03877551020408163,3.13265306122449
OLFM4,0.23877551020408164,0.27346938775510204,2.1244897959183673
OLIG1,0.32857142857142857,0.15510204081632653,2.3714285714285714
OLIG2,0.32653061224489793,0.15510204081632653,2.363265306122449
OLR1,0.6040816326530613,0.014285714285714285,3.5183673469387755
OMA1,0.3673469387755102,0.10612244897959183,2.536734693877551
OMG,0.48367346938775513,0.10816326530612246,2.8
ONECUT1,0.43673469387755104,0.10816326530612246,2.646938775510204
ONECUT2,0.35918367346938773,0.1653061224489796,2.4591836734693877
ONECUT3,0.373469387755102,0.15714285714285714,2.446938775510204
OOEP,0.48367346938775513,0.0673469387755102,2.826530612244898
OPA1,0.8836734693877552,0.012244897959183673,5.708163265306123
OPCML,0.40816326530612246,0.12040816326530612,2.622448979591837
OPHN1,0.13673469387755102,0.3979591836734694,1.8285714285714285
OPLAH,0.7040816326530612,0.02040816326530612,3.7918367346938777
OPN1LW,0.18775510204081633,0.336734693877551,1.9877551020408164
OPN1SW,0.5346938775510204,0.07346938775510205,3.0755102040816324
OPN4,0.3020408163265306,0.16938775510204082,2.3122448979591836
OPRD1,0.3306122448979592,0.12857142857142856,2.3816326530612244
OPRK1,0.5959183673469388,0.04693877551020408,3.3877551020408165
OPRL1,0.5877551020408164,0.04285714285714286,3.2489795918367346
OPRM1,0.46122448979591835,0.08979591836734693,2.710204081632653
OPTN,0.37755102040816324,0.15510204081632653,2.524489795918367
OR10AG1,0.5020408163265306,0.04081632653061224,2.8510204081632655
OR10J1,0.6877551020408164,0.00816326530612245,3.512244897959184
OR2F2,0.5387755102040817,0.07755102040816327,3.1061224489795918
OR2W3,0.6510204081632653,0.014285714285714285,3.342857142857143
OR3A1,0.2714285714285714,0.2510204081632653,2.2020408163265306
OR4N2,0.4387755102040816,0.12244897959183673,2.8020408163265307
OR4X1,0.4897959183673469,0.07551020408163266,2.7510204081632654
OR51B6,0.33877551020408164,0.16938775510204082,2.369387755102041
OR51E1,0.33877551020408164,0.17142857142857143,2.3591836734693876
OR51E2,0.33877551020408164,0.17142857142857143,2.3591836734693876
OR51F2,0.33877551020408164,0.17142857142857143,2.3591836734693876
OR5F1,0.5020408163265306,0.04081632653061224,2.8510204081632655
OR7D4,0.4122448979591837,0.12040816326530612,2.6244897959183673
OR7G3,0.41020408163265304,0.12040816326530612,2.622448979591837
ORAI2,0.5755102040816327,0.04081632653061224,3.426530612244898
ORAI3,0.47959183673469385,0.06326530612244897,2.773469387755102
ORC1,0.373469387755102,0.10204081632653061,2.4938775510204083
ORC2,0.5285714285714286,0.053061224489795916,2.9959183673469387
ORC3,0.47346938775510206,0.07346938775510205,2.789795918367347
ORC4,0.5265306122448979,0.05510204081632653,2.916326530612245
ORC5,0.573469387755102,0.04693877551020408,3.406122448979592
ORC6,0.3877551020408163,0.1346938775510204,2.561224489795918
ORM1,0.37551020408163266,0.15306122448979592,2.520408163265306
ORM2,0.37551020408163266,0.15306122448979592,2.520408163265306
ORMDL1,0.5448979591836735,0.044897959183673466,3.0510204081632653
ORMDL2,0.5244897959183673,0.0326530612244898,2.926530612244898
ORMDL3,0.5122448979591837,0.0836734693877551,3.220408163265306
OS9,0.5326530612244897,0.0326530612244898,2.9612244897959186
OSBP,0.48367346938775513,0.04897959183673469,2.773469387755102
OSBP2,0.5795918367346938,0.053061224489795916,3.3020408163265307
OSBPL1A,0.4673469387755102,0.08163265306122448,2.9306122448979592
OSBPL5,0.3326530612244898,0.1816326530612245,2.336734693877551
OSCAR,0.5244897959183673,0.06326530612244897,2.9346938775510205
OSGEPL1,0.5448979591836735,0.044897959183673466,3.0510204081632653
OSM,0.5836734693877551,0.053061224489795916,3.2979591836734694
OSMR,0.789795918367347,0.014285714285714285,4.610204081632653
OST4,0.6428571428571429,0.014285714285714285,3.373469387755102
OSTC,0.25510204081632654,0.18775510204081633,2.2122448979591836
OSTM1,0.44081632653061226,0.09591836734693877,2.66734693877551
OTC,0.1346938775510204,0.44081632653061226,1.8122448979591836
OTUB1,0.49387755102040815,0.044897959183673466,2.7979591836734694
OTUD5,0.14489795918367346,0.42857142857142855,1.8285714285714285
OTUD7A,0.39387755102040817,0.12244897959183673,2.5653061224489795
OTUD7B,0.6877551020408164,0.006122448979591836,3.5693877551020408
OTX2,0.41836734693877553,0.1306122448979592,2.6510204081632653
OVCA2,0.2755102040816326,0.2510204081632653,2.210204081632653
OVGP1,0.2897959183673469,0.16938775510204082,2.279591836734694
OXA1L,0.42244897959183675,0.12857142857142856,2.736734693877551
OXCT1,0.773469387755102,0.018367346938775512,4.571428571428571
OXCT2,0.39591836734693875,0.09795918367346938,2.7387755102040816
OXER1,0.6510204081632653,0.018367346938775512,3.4489795918367347
OXNAD1,0.1469387755102041,0.3224489795918367,1.916326530612245
OXSM,0.14285714285714285,0.3306122448979592,1.8959183673469389
OXT,0.6183673469387755,0.02857142857142857,3.4081632653061225
OXTR,0.16122448979591836,0.30612244897959184,1.9755102040816326
P2RX1,0.2673469387755102,0.2510204081632653,2.195918367346939
P2RX2,0.4897959183673469,0.04897959183673469,2.816326530612245
P2RX3,0.5040816326530613,0.04285714285714286,2.8469387755102042
P2RX4,0.5,0.05714285714285714,2.820408163265306
P2RX5,0.2693877551020408,0.24897959183673468,2.1979591836734693
P2RX6,0.6061224489795919,0.044897959183673466,3.630612244897959
P2RX7,0.5020408163265306,0.05714285714285714,2.820408163265306
P2RY1,0.8653061224489796,0.012244897959183673,5.106122448979592
P2RY12,0.8571428571428571,0.014285714285714285,5.083673469387755
P2RY13,0.8551020408163266,0.014285714285714285,5.083673469387755
P2RY14,0.8551020408163266,0.014285714285714285,5.087755102040816
P2RY2,0.5040816326530613,0.06938775510204082,2.9714285714285715
P2RY4,0.13877551020408163,0.39591836734693875,1.8591836734693878
P2RY6,0.5040816326530613,0.06938775510204082,2.9714285714285715
P2RY8,0.34285714285714286,0.24081632653061225,2.4551020408163264
P3H2,0.8918367346938776,0.014285714285714285,5.995918367346939
P3H3,0.6224489795918368,0.012244897959183673,3.5551020408163265
P4HA1,0.35918367346938773,0.1489795918367347,2.451020408163265
P4HA2,0.16326530612244897,0.28775510204081634,1.9469387755102041
P4HA3,0.49387755102040815,0.07142857142857142,2.938775510204082
P4HB,0.5775510204081633,0.0673469387755102,3.0877551020408163
PA2G4,0.5244897959183673,0.0326530612244898,2.926530612244898
PAAF1,0.49183673469387756,0.07142857142857142,2.9285714285714284
PABPC1,0.6877551020408164,0.014285714285714285,3.6816326530612247
PABPC3,0.22857142857142856,0.25510204081632654,2.0979591836734692
PABPC4,0.39387755102040817,0.09795918367346938,2.7387755102040816
PABPC5,0.16938775510204082,0.3816326530612245,1.963265306122449
PABPN1,0.42857142857142855,0.12857142857142856,2.7816326530612243
PACS1,0.5040816326530613,0.04693877551020408,2.8877551020408165
PACSIN1,0.4673469387755102,0.07959183673469387,2.7122448979591836
PACSIN2,0.5489795918367347,0.07346938775510205,3.0775510204081633
PACSIN3,0.47959183673469385,0.08775510204081632,2.730612244897959
PADI2,0.3183673469387755,0.14285714285714285,2.357142857142857
PAF1,0.5897959183673469,0.044897959183673466,3.6979591836734693
PAFAH1B1,0.2755102040816326,0.2510204081632653,2.210204081632653
PAFAH1B2,0.4,0.11224489795918367,2.573469387755102
PAFAH1B3,0.5020408163265306,0.0653061224489796,2.953061224489796
PAG1,0.6265306122448979,0.02857142857142857,3.561224489795918
PAH,0.5081632653061224,0.044897959183673466,2.840816326530612
PAICS,0.41020408163265304,0.1326530612244898,2.9020408163265308
PAIP1,0.7714285714285715,0.018367346938775512,4.555102040816327
PAIP2,0.18571428571428572,0.27346938775510204,2.016326530612245
PAIP2B,0.6408163265306123,0.006122448979591836,3.4285714285714284
PAK1,0.4857142857142857,0.07142857142857142,2.906122448979592
PAK1IP1,0.48775510204081635,0.08571428571428572,2.795918367346939
PAK2,0.8795918367346939,0.012244897959183673,5.681632653061224
PAK3,0.17346938775510204,0.3551020408163265,1.9816326530612245
PAK4,0.5897959183673469,0.044897959183673466,3.679591836734694
PAK5,0.6204081632653061,0.0326530612244898,3.487755102040816
PAK6,0.38571428571428573,0.11836734693877551,2.5387755102040814
PALB2,0.45102040816326533,0.08163265306122448,2.683673469387755
PAM16,0.41836734693877553,0.11836734693877551,2.610204081632653
PAN2,0.5265306122448979,0.0326530612244898,2.9285714285714284
PAN3,0.22244897959183674,0.25918367346938775,2.0979591836734692
PANK1,0.3,0.1816326530612245,2.263265306122449
PANK2,0.6183673469387755,0.026530612244897958,3.416326530612245
PANK4,0.34285714285714286,0.12448979591836734,2.4714285714285715
PANX1,0.4346938775510204,0.10612244897959183,2.6510204081632653
PAOX,0.3448979591836735,0.15918367346938775,2.4081632653061225
PAPOLA,0.46122448979591835,0.10816326530612246,2.8183673469387753
PAPOLB,0.5959183673469388,0.0326530612244898,3.3
PAPOLG,0.689795918367347,0.0020408163265306124,4.012244897959183
PAPPA,0.37755102040816324,0.1469387755102041,2.5285714285714285
PAPPA2,0.6714285714285714,0.01020408163265306,3.406122448979592
PAPSS1,0.2530612244897959,0.18979591836734694,2.206122448979592
PAPSS2,0.29183673469387755,0.19591836734693877,2.2387755102040816
PAQR3,0.3224489795918367,0.1653061224489796,2.4326530612244897
PAQR5,0.46530612244897956,0.07755102040816327,2.746938775510204
PAQR8,0.5244897959183673,0.04693877551020408,3.048979591836735
PARD3,0.4020408163265306,0.12857142857142856,2.6142857142857143
PARD3B,0.47959183673469385,0.07551020408163266,2.7979591836734694
PARD6A,0.39387755102040817,0.10816326530612246,2.5979591836734692
PARD6B,0.5918367346938775,0.030612244897959183,3.3244897959183675
PARD6G,0.3326530612244898,0.21020408163265306,2.3346938775510204
PARG,0.3693877551020408,0.1469387755102041,2.453061224489796
PARK7,0.336734693877551,0.1326530612244898,2.4122448979591837
PARL,0.9061224489795918,0.0020408163265306124,6.912244897959184
PARN,0.4489795918367347,0.09795918367346938,2.659183673469388
PARP1,0.6591836734693878,0.012244897959183673,3.3448979591836734
PARP12,0.536734693877551,0.06938775510204082,3.1244897959183673
PARP14,0.7775510204081633,0.022448979591836733,3.963265306122449
PARP2,0.4326530612244898,0.12040816326530612,2.7918367346938777
PARP3,0.10612244897959183,0.36122448979591837,1.7775510204081633
PARP4,0.22244897959183674,0.25510204081632654,2.089795918367347
PARP9,0.7775510204081633,0.022448979591836733,3.963265306122449
PARPBP,0.5081632653061224,0.04285714285714286,2.8448979591836734
PARS2,0.37142857142857144,0.1,2.4938775510204083
PARVA,0.373469387755102,0.14285714285714285,2.593877551020408
PARVB,0.5448979591836735,0.07959183673469387,3.0551020408163265
PARVG,0.5428571428571428,0.07959183673469387,3.053061224489796
PASD1,0.1816326530612245,0.3408163265306122,1.969387755102041
PASK,0.4061224489795918,0.10408163265306122,2.5877551020408163
PATJ,0.3653061224489796,0.10612244897959183,2.520408163265306
PATL1,0.48367346938775513,0.04897959183673469,2.7714285714285714
PAWR,0.5102040816326531,0.036734693877551024,2.9
PAX2,0.3,0.17142857142857143,2.289795918367347
PAX3,0.40816326530612246,0.10204081632653061,2.6081632653061226
PAX4,0.5346938775510204,0.07551020408163266,3.0510204081632653
PAX5,0.33877551020408164,0.2163265306122449,2.610204081632653
PAX6,0.44693877551020406,0.1,2.73265306122449
PAX7,0.3142857142857143,0.14081632653061224,2.353061224489796
PAX8,0.5714285714285714,0.022448979591836733,3.1
PAX9,0.44693877551020406,0.12448979591836734,3.024489795918367
PAXBP1,0.32448979591836735,0.15510204081632653,2.3653061224489798
PAXIP1,0.5163265306122449,0.09591836734693877,2.977551020408163
PBRM1,0.10816326530612246,0.363265306122449,1.7775510204081633
PBX1,0.6857142857142857,0.006122448979591836,3.5918367346938775
PBX2,0.47346938775510206,0.07346938775510205,2.753061224489796
PBX3,0.37142857142857144,0.15306122448979592,2.5020408163265304
PBX4,0.47346938775510206,0.0836734693877551,2.869387755102041
PC,0.5142857142857142,0.04285714285714286,2.9285714285714284
PCBD1,0.3551020408163265,0.14285714285714285,2.438775510204082
PCBP1,0.6428571428571429,0.006122448979591836,3.4346938775510205
PCBP2,0.5265306122448979,0.0326530612244898,2.9346938775510205
PCCA,0.3020408163265306,0.23265306122448978,2.3020408163265307
PCCB,0.7959183673469388,0.018367346938775512,4.238775510204082
PCDH15,0.3510204081632653,0.15510204081632653,2.438775510204082
PCDHA10,0.1816326530612245,0.2755102040816326,1.9877551020408164
PCDHA11,0.1816326530612245,0.2755102040816326,1.9877551020408164
PCDHA4,0.1816326530612245,0.2755102040816326,1.9877551020408164
PCDHA7,0.1816326530612245,0.2755102040816326,1.9877551020408164
PCDHA9,0.1816326530612245,0.2755102040816326,1.9877551020408164
PCF11,0.4775510204081633,0.08571428571428572,2.7816326530612243
PCGF1,0.6408163265306123,0.006122448979591836,3.410204081632653
PCGF2,0.49795918367346936,0.08775510204081632,2.889795918367347
PCGF3,0.2693877551020408,0.24285714285714285,2.2244897959183674
PCGF5,0.3,0.17755102040816326,2.2755102040816326
PCGF6,0.3020408163265306,0.17346938775510204,2.2775510204081635
PCK1,0.5714285714285714,0.044897959183673466,3.2224489795918365
PCK2,0.41836734693877553,0.1346938775510204,2.7
PCLAF,0.46530612244897956,0.08775510204081632,2.716326530612245
PCLO,0.5775510204081633,0.03877551020408163,3.3938775510204082
PCM1,0.22653061224489796,0.32857142857142857,2.036734693877551
PCMT1,0.45102040816326533,0.09795918367346938,2.6755102040816325
PCNA,0.6183673469387755,0.03469387755102041,3.404081632653061
PCNT,0.3020408163265306,0.17346938775510204,2.3653061224489798
PCOLCE,0.5877551020408164,0.036734693877551024,3.453061224489796
PCOLCE2,0.8346938775510204,0.02040816326530612,4.626530612244898
PCSK1,0.1489795918367347,0.3040816326530612,1.9469387755102041
PCSK2,0.6040816326530613,0.024489795918367346,3.4020408163265308
PCSK5,0.3469387755102041,0.16326530612244897,2.4816326530612245
PCSK6,0.5551020408163265,0.05714285714285714,3.048979591836735
PCSK9,0.37142857142857144,0.1,2.5142857142857142
PCTP,0.5775510204081633,0.044897959183673466,3.1061224489795918
PCYOX1L,0.17959183673469387,0.27346938775510204,2.0
PCYT1A,0.8816326530612245,0.012244897959183673,5.710204081632653
PCYT1B,0.13877551020408163,0.4326530612244898,1.8979591836734695
PDC,0.6632653061224489,0.01020408163265306,3.3979591836734695
PDCD1,0.41020408163265304,0.10612244897959183,2.5979591836734692
PDCD10,0.9081632653061225,0.0020408163265306124,6.204081632653061
PDCD11,0.3020408163265306,0.17346938775510204,2.2775510204081635
PDCD1LG2,0.2857142857142857,0.28775510204081634,2.3877551020408165
PDCD2L,0.6,0.044897959183673466,3.4346938775510205
PDCD4,0.3122448979591837,0.16326530612244897,2.3183673469387753
PDCD5,0.5816326530612245,0.03877551020408163,3.473469387755102
PDCD6,0.7938775510204081,0.018367346938775512,4.673469387755102
PDCD6IP,0.14285714285714285,0.3346938775510204,1.8959183673469389
PDCD7,0.46530612244897956,0.08571428571428572,2.7183673469387757
PDCL3,0.5857142857142857,0.0163265306122449,3.1489795918367345
PDE10A,0.45510204081632655,0.09183673469387756,2.6979591836734693
PDE1A,0.5530612244897959,0.04285714285714286,3.083673469387755
PDE1B,0.5285714285714286,0.0326530612244898,2.9244897959183676
PDE1C,0.5673469387755102,0.04693877551020408,3.242857142857143
PDE2A,0.5102040816326531,0.0653061224489796,2.9918367346938775
PDE3A,0.6081632653061224,0.0163265306122449,3.585714285714286
PDE3B,0.39183673469387753,0.1326530612244898,2.6775510204081634
PDE4A,0.41020408163265304,0.10816326530612246,2.6408163265306124
PDE4B,0.3510204081632653,0.10816326530612246,2.4448979591836735
PDE4D,0.17142857142857143,0.2979591836734694,1.9959183673469387
PDE4DIP,0.6775510204081633,0.00816326530612245,3.4714285714285715
PDE6A,0.1816326530612245,0.27346938775510204,2.0020408163265304
PDE6B,0.2693877551020408,0.24285714285714285,2.2244897959183674
PDE6G,0.5775510204081633,0.0653061224489796,3.089795918367347
PDE7A,0.6122448979591837,0.030612244897959183,3.483673469387755
PDE7B,0.46938775510204084,0.0836734693877551,2.720408163265306
PDF,0.39183673469387753,0.11428571428571428,2.593877551020408
PDGFA,0.5897959183673469,0.0326530612244898,3.2740286298568506
PDGFB,0.5530612244897959,0.061224489795918366,3.1510204081632653
PDGFC,0.22040816326530613,0.23469387755102042,2.1122448979591835
PDGFD,0.42448979591836733,0.10816326530612246,2.679591836734694
PDGFRA,0.42653061224489797,0.12244897959183673,3.1489795918367345
PDGFRB,0.1836734693877551,0.27346938775510204,2.0040816326530613
PDHA2,0.2612244897959184,0.18979591836734694,2.2183673469387757
PDHB,0.10612244897959183,0.35918367346938773,1.7938775510204081
PDHX,0.45918367346938777,0.09183673469387756,2.769387755102041
PDIA2,0.42244897959183675,0.1306122448979592,2.5807770961145193
PDIA3,0.40408163265306124,0.11632653061224489,2.5755102040816324
PDIA4,0.5306122448979592,0.08163265306122448,3.036734693877551
PDIA5,0.773469387755102,0.022448979591836733,3.973469387755102
PDIA6,0.6,0.04285714285714286,3.2448979591836733
PDK1,0.5469387755102041,0.03877551020408163,3.1040816326530614
PDK2,0.5714285714285714,0.04285714285714286,3.093877551020408
PDK4,0.5938775510204082,0.030612244897959183,3.4693877551020407
PDLIM1,0.3020408163265306,0.16938775510204082,2.279591836734694
PDLIM2,0.22040816326530613,0.32653061224489793,2.0408163265306123
PDLIM3,0.21428571428571427,0.2795918367346939,2.0979591836734692
PDLIM5,0.2653061224489796,0.18775510204081633,2.2142857142857144
PDLIM7,0.21020408163265306,0.2653061224489796,2.0653061224489795
PDP1,0.6653061224489796,0.018367346938775512,3.6020408163265305
PDP2,0.39591836734693875,0.10816326530612246,2.6040816326530614
PDPK1,0.4204081632653061,0.12448979591836734,2.563265306122449
PDPN,0.3306122448979592,0.13877551020408163,2.3938775510204082
PDPR,0.39387755102040817,0.11224489795918367,2.5979591836734692
PDRG1,0.6530612244897959,0.01020408163265306,3.7224489795918365
PDS5A,0.2714285714285714,0.22857142857142856,2.246938775510204
PDS5B,0.22448979591836735,0.24897959183673468,2.0877551020408163
PDSS1,0.3836734693877551,0.12857142857142856,2.6142857142857143
PDSS2,0.4448979591836735,0.09387755102040816,2.693877551020408
PDX1,0.22040816326530613,0.2571428571428571,2.0918367346938775
PDXK,0.29183673469387755,0.17755102040816326,2.3
PDXP,0.5530612244897959,0.05714285714285714,3.136734693877551
PDYN,0.6142857142857143,0.02857142857142857,3.4204081632653063
PDZD11,0.13877551020408163,0.39591836734693875,1.8591836734693878
PDZD7,0.3,0.17142857142857143,2.2755102040816326
PDZK1,0.6775510204081633,0.00816326530612245,3.473469387755102
PEA15,0.689795918367347,0.006122448979591836,3.553061224489796
PEAK1,0.4816326530612245,0.0673469387755102,2.789795918367347
PEBP1,0.4959183673469388,0.05102040816326531,2.8244897959183675
PECAM1,0.610204081632653,0.04693877551020408,3.1816326530612247
PECR,0.4122448979591837,0.11224489795918367,2.593877551020408
PEF1,0.35306122448979593,0.11632653061224489,2.4326530612244897
PELI1,0.673469387755102,0.004081632653061225,3.683673469387755
PELI2,0.4163265306122449,0.1306122448979592,2.683673469387755
PELI3,0.5081632653061224,0.04693877551020408,2.906122448979592
PELO,0.2163265306122449,0.25918367346938775,2.2
PELP1,0.26326530612244897,0.25510204081632654,2.1877551020408164
PEMT,0.2693877551020408,0.24693877551020407,2.1979591836734693
PENK,0.5938775510204082,0.036734693877551024,3.3816326530612244
PER1,0.26326530612244897,0.2653061224489796,2.1775510204081634
PER2,0.4061224489795918,0.09591836734693877,2.5979591836734692
PER3,0.336734693877551,0.1306122448979592,2.414285714285714
PERP,0.4673469387755102,0.0836734693877551,2.7020408163265306
PES1,0.5816326530612245,0.053061224489795916,3.3020408163265307
PEX1,0.6081632653061224,0.024489795918367346,3.595918367346939
PEX10,0.3448979591836735,0.12448979591836734,2.473469387755102
PEX11A,0.5244897959183673,0.04897959183673469,2.975510204081633
PEX11B,0.6775510204081633,0.00816326530612245,3.473469387755102
PEX11G,0.40816326530612246,0.12653061224489795,2.583673469387755
PEX13,0.6857142857142857,0.0020408163265306124,3.9857142857142858
PEX14,0.3326530612244898,0.14285714285714285,2.379591836734694
PEX16,0.4775510204081633,0.09183673469387756,2.76734693877551
PEX19,0.689795918367347,0.006122448979591836,3.5775510204081633
PEX2,0.6204081632653061,0.0326530612244898,3.516326530612245
PEX26,0.5653061224489796,0.0653061224489796,3.1653061224489796
PEX3,0.46938775510204084,0.0836734693877551,2.706122448979592
PEX5,0.6142857142857143,0.012244897959183673,3.526530612244898
PEX5L,0.9081632653061225,0.0020408163265306124,6.7326530612244895
PEX6,0.5020408163265306,0.06326530612244897,2.9122448979591837
PEX7,0.4673469387755102,0.0836734693877551,2.716326530612245
PF4,0.3653061224489796,0.14285714285714285,2.657142857142857
PF4V1,0.3673469387755102,0.14285714285714285,2.66734693877551
PFAS,0.26326530612244897,0.2653061224489796,2.179591836734694
PFDN1,0.1836734693877551,0.2714285714285714,2.0020408163265304
PFDN2,0.689795918367347,0.006122448979591836,3.626530612244898
PFDN4,0.5836734693877551,0.0326530612244898,3.2714285714285714
PFDN5,0.5265306122448979,0.0326530612244898,2.9326530612244897
PFDN6,0.46938775510204084,0.07959183673469387,2.7285714285714286
PFKFB1,0.1469387755102041,0.4142857142857143,1.8591836734693878
PFKFB2,0.6551020408163265,0.00816326530612245,3.3102040816326532
PFKFB3,0.37755102040816324,0.15918367346938775,2.5306122448979593
PFKFB4,0.10612244897959183,0.3551020408163265,1.7836734693877552
PFKL,0.2938775510204082,0.17346938775510204,2.306122448979592
PFKM,0.5346938775510204,0.030612244897959183,2.9816326530612245
PFKP,0.3795918367346939,0.1673469387755102,2.5
PFN1,0.2653061224489796,0.2530612244897959,2.1897959183673468
PFN2,0.8530612244897959,0.014285714285714285,5.046938775510204
PGAM1,0.2979591836734694,0.17346938775510204,2.273469387755102
PGAM5,0.4897959183673469,0.04897959183673469,2.816326530612245
PGAP1,0.5408163265306123,0.044897959183673466,3.0142857142857142
PGAP2,0.336734693877551,0.17959183673469387,2.3448979591836734
PGAP3,0.5102040816326531,0.08163265306122448,3.257142857142857
PGBD1,0.463265306122449,0.07755102040816327,2.7387755102040816
PGD,0.3346938775510204,0.13877551020408163,2.3857142857142857
PGF,0.41836734693877553,0.12857142857142856,2.6612244897959183
PGGT1B,0.1510204081632653,0.3,1.9183673469387754
PGK1,0.1469387755102041,0.38571428571428573,1.863265306122449
PGK2,0.5244897959183673,0.053061224489795916,3.036734693877551
PGLS,0.45714285714285713,0.09183673469387756,2.759183673469388
PGLYRP1,0.48775510204081635,0.07142857142857142,2.842857142857143
PGLYRP3,0.6877551020408164,0.00816326530612245,3.5653061224489795
PGLYRP4,0.6877551020408164,0.00816326530612245,3.5653061224489795
PGM1,0.36122448979591837,0.10816326530612246,2.516326530612245
PGM2,0.2653061224489796,0.23673469387755103,2.2224489795918365
PGM2L1,0.49387755102040815,0.07142857142857142,2.938775510204082
PGM5,0.3346938775510204,0.1673469387755102,2.463265306122449
PGR,0.4326530612244898,0.10408163265306122,2.683673469387755
PGRMC1,0.17346938775510204,0.35306122448979593,1.963265306122449
PGS1,0.5979591836734693,0.05510204081632653,3.1714285714285713
PHACTR3,0.5693877551020409,0.044897959183673466,3.204081632653061
PHAX,0.1510204081632653,0.29183673469387755,1.9285714285714286
PHB2,0.6204081632653061,0.012244897959183673,3.553061224489796
PHC1,0.6081632653061224,0.014285714285714285,3.516326530612245
PHC2,0.3673469387755102,0.10408163265306122,2.463265306122449
PHC3,0.9102040816326531,0.0020408163265306124,6.481632653061224
PHETA1,0.5122448979591837,0.05510204081632653,2.830612244897959
PHETA2,0.5571428571428572,0.0673469387755102,3.093877551020408
PHF1,0.4673469387755102,0.07959183673469387,2.710204081632653
PHF10,0.4530612244897959,0.09183673469387756,2.7244897959183674
PHF11,0.22653061224489796,0.27346938775510204,2.0816326530612246
PHF12,0.49387755102040815,0.09795918367346938,2.8938775510204082
PHF13,0.33877551020408164,0.12653061224489795,2.440816326530612
PHF19,0.3816326530612245,0.1489795918367347,2.5387755102040814
PHF2,0.3673469387755102,0.15306122448979592,2.510204081632653
PHF20,0.6183673469387755,0.02040816326530612,3.4653061224489794
PHF21A,0.4816326530612245,0.08775510204081632,2.795918367346939
PHF5A,0.5612244897959183,0.06326530612244897,3.110204081632653
PHGDH,0.35306122448979593,0.13877551020408163,2.6081632653061226
PHKA1,0.1489795918367347,0.39387755102040817,1.873469387755102
PHKA2,0.14081632653061224,0.42653061224489797,1.8918367346938776
PHKB,0.38979591836734695,0.1326530612244898,2.5653061224489795
PHKG1,0.5897959183673469,0.036734693877551024,3.8
PHLDA1,0.5163265306122449,0.03877551020408163,2.916326530612245
PHLDA2,0.32857142857142857,0.1836734693877551,2.3244897959183675
PHLDA3,0.6551020408163265,0.01020408163265306,3.3
PHLPP1,0.3653061224489796,0.16122448979591836,2.479591836734694
PHLPP2,0.3836734693877551,0.12448979591836734,2.548979591836735
PHPT1,0.37142857142857144,0.1469387755102041,2.5326530612244897
PHYH,0.37755102040816324,0.15306122448979592,2.524489795918367
PHYKPL,0.20612244897959184,0.2653061224489796,2.059183673469388
PI3,0.5897959183673469,0.03469387755102041,3.316326530612245
PI4K2A,0.2979591836734694,0.17551020408163265,2.273469387755102
PI4K2B,0.25510204081632654,0.24693877551020407,2.183673469387755
PI4KA,0.6040816326530613,0.04693877551020408,3.4938775510204083
PI4KB,0.6918367346938775,0.00816326530612245,3.561224489795918
PIANP,0.6224489795918368,0.014285714285714285,3.5510204081632653
PIAS1,0.4673469387755102,0.08571428571428572,2.7387755102040816
PIAS2,0.3877551020408163,0.13673469387755102,2.626530612244898
PIAS3,0.6775510204081633,0.00816326530612245,3.473469387755102
PIAS4,0.3877551020408163,0.1510204081632653,2.483673469387755
PICALM,0.463265306122449,0.08979591836734693,2.759183673469388
PICK1,0.5551020408163265,0.05714285714285714,3.1551020408163266
PIDD1,0.3346938775510204,0.18775510204081633,2.33265306122449
PIF1,0.46530612244897956,0.08775510204081632,2.716326530612245
PIGA,0.1326530612244898,0.4326530612244898,1.8673469387755102
PIGB,0.44081632653061226,0.10408163265306122,2.6653061224489796
PIGC,0.6836734693877551,0.00816326530612245,3.4673469387755103
PIGF,0.6591836734693878,0.018367346938775512,3.622448979591837
PIGG,0.2693877551020408,0.24489795918367346,2.2244897959183674
PIGH,0.4020408163265306,0.14285714285714285,2.6
PIGK,0.3510204081632653,0.11224489795918367,2.479591836734694
PIGL,0.2693877551020408,0.2530612244897959,2.1857142857142855
PIGM,0.689795918367347,0.00816326530612245,3.5448979591836736
PIGN,0.3693877551020408,0.15918367346938775,2.4857142857142858
PIGO,0.37755102040816324,0.19591836734693877,2.763265306122449
PIGP,0.3081632653061224,0.1673469387755102,2.3448979591836734
PIGQ,0.4204081632653061,0.12653061224489795,2.5714285714285716
PIGR,0.6551020408163265,0.00816326530612245,3.3122448979591836
PIGS,0.49387755102040815,0.09795918367346938,2.9
PIGT,0.5918367346938775,0.03469387755102041,3.3183673469387753
PIGU,0.6265306122448979,0.018367346938775512,3.5
PIGV,0.31020408163265306,0.1489795918367347,2.3224489795918366
PIGW,0.4897959183673469,0.09387755102040816,2.806122448979592
PIGX,0.8795918367346939,0.012244897959183673,5.714285714285714
PIGY,0.29591836734693877,0.18571428571428572,2.293877551020408
PIH1D1,0.4897959183673469,0.06938775510204082,2.830612244897959
PIK3AP1,0.2979591836734694,0.17346938775510204,2.2714285714285714
PIK3C2A,0.3979591836734694,0.1306122448979592,2.548979591836735
PIK3C2B,0.6612244897959184,0.00816326530612245,3.353061224489796
PIK3C3,0.4,0.12448979591836734,2.642857142857143
PIK3CA,0.9061224489795918,0.0020408163265306124,6.736734693877551
PIK3CB,0.8163265306122449,0.0163265306122449,4.355102040816327
PIK3CD,0.3346938775510204,0.1346938775510204,2.3979591836734695
PIK3CG,0.563265306122449,0.04693877551020408,3.326530612244898
PIK3R1,0.15306122448979592,0.3081632653061224,1.9326530612244899
PIK3R2,0.4673469387755102,0.08775510204081632,2.816326530612245
PIK3R3,0.3979591836734694,0.09795918367346938,2.5714285714285716
PIK3R4,0.7816326530612245,0.022448979591836733,4.03265306122449
PIK3R5,0.26326530612244897,0.2653061224489796,2.204081632653061
PIK3R6,0.26326530612244897,0.2653061224489796,2.179591836734694
PIKFYVE,0.45714285714285713,0.08571428571428572,2.7142857142857144
PILRA,0.5918367346938775,0.036734693877551024,3.4591836734693877
PIM1,0.47959183673469385,0.07755102040816327,2.795918367346939
PIMREG,0.25918367346938775,0.25510204081632654,2.1816326530612247
PIN1,0.4122448979591837,0.11224489795918367,2.626530612244898
PINK1,0.3122448979591837,0.13877551020408163,2.3448979591836734
PINX1,0.22653061224489796,0.3346938775510204,2.0346938775510206
PIP,0.5387755102040817,0.07346938775510205,3.0979591836734692
PIP4K2B,0.5,0.08775510204081632,2.8938775510204082
PIP4K2C,0.5326530612244897,0.0326530612244898,2.951020408163265
PIP4P1,0.4306122448979592,0.12040816326530612,2.789795918367347
PIP4P2,0.6530612244897959,0.02040816326530612,3.593877551020408
PIP5K1A,0.6918367346938775,0.00816326530612245,3.561224489795918
PIP5K1B,0.3346938775510204,0.1673469387755102,2.4673469387755103
PIP5K1C,0.3816326530612245,0.15306122448979592,2.4673469387755103
PIP5KL1,0.3653061224489796,0.15306122448979592,2.5040816326530613
PIPOX,0.49183673469387756,0.09795918367346938,2.8877551020408165
PIR,0.1346938775510204,0.4326530612244898,1.8714285714285714
PISD,0.573469387755102,0.05102040816326531,3.246938775510204
PITPNA,0.27755102040816326,0.2510204081632653,2.2142857142857144
PITPNM1,0.5183673469387755,0.04285714285714286,2.9857142857142858
PITPNM3,0.25918367346938775,0.25510204081632654,2.1816326530612247
PITRM1,0.37755102040816324,0.1673469387755102,2.4959183673469387
PITX1,0.1673469387755102,0.2836734693877551,1.9653061224489796
PITX3,0.3020408163265306,0.16938775510204082,2.2775510204081635
PIWIL1,0.5,0.05510204081632653,2.826530612244898
PIWIL2,0.22040816326530613,0.32653061224489793,2.0408163265306123
PIWIL4,0.4326530612244898,0.10612244897959183,2.646938775510204
PJA1,0.14081632653061224,0.3979591836734694,1.853061224489796
PJA2,0.15306122448979592,0.3081632653061224,1.9122448979591837
PKD1,0.4204081632653061,0.12244897959183673,2.5673469387755103
PKD1L3,0.3816326530612245,0.12448979591836734,2.553061224489796
PKD2,0.2979591836734694,0.1836734693877551,2.306122448979592
PKD2L1,0.3020408163265306,0.17142857142857143,2.2918367346938777
PKIA,0.6183673469387755,0.0326530612244898,3.536734693877551
PKLR,0.6877551020408164,0.00816326530612245,3.5
PKM,0.4673469387755102,0.07346938775510205,2.7551020408163267
PKMYT1,0.4163265306122449,0.12244897959183673,2.557142857142857
PKN1,0.4306122448979592,0.10408163265306122,2.76734693877551
PKN2,0.3469387755102041,0.11836734693877551,2.4653061224489794
PKN3,0.3653061224489796,0.15306122448979592,2.4979591836734696
PKNOX1,0.28775510204081634,0.1816326530612245,2.289795918367347
PKNOX2,0.4163265306122449,0.11632653061224489,2.585714285714286
PKP1,0.6571428571428571,0.01020408163265306,3.306122448979592
PKP2,0.6122448979591837,0.0163265306122449,3.512244897959184
PKP3,0.3346938775510204,0.18571428571428572,2.340816326530612
PKP4,0.5408163265306123,0.05102040816326531,2.9816326530612245
PLA2G10,0.44693877551020406,0.09795918367346938,2.657142857142857
PLA2G12A,0.24897959183673468,0.18571428571428572,2.206122448979592
PLA2G12B,0.35714285714285715,0.1489795918367347,2.4489795918367347
PLA2G15,0.3979591836734694,0.10612244897959183,2.610204081632653
PLA2G1B,0.5040816326530613,0.053061224489795916,2.826530612244898
PLA2G2A,0.3142857142857143,0.13877551020408163,2.3510204081632655
PLA2G3,0.5816326530612245,0.05102040816326531,3.3020408163265307
PLA2G4A,0.6612244897959184,0.01020408163265306,3.404081632653061
PLA2G4D,0.38979591836734695,0.11428571428571428,2.5510204081632653
PLA2G5,0.3142857142857143,0.13877551020408163,2.3510204081632655
PLA2G6,0.5571428571428572,0.05714285714285714,3.163265306122449
PLA2G7,0.5020408163265306,0.06326530612244897,2.9816326530612245
PLA2R1,0.5387755102040817,0.05102040816326531,2.9918367346938775
PLAGL1,0.4714285714285714,0.0836734693877551,2.7122448979591836
PLAT,0.5387755102040817,0.09591836734693877,3.6142857142857143
PLAU,0.35918367346938773,0.1469387755102041,2.446938775510204
PLAUR,0.5081632653061224,0.05918367346938776,2.938775510204082
PLB1,0.6448979591836734,0.014285714285714285,3.3755102040816327
PLCB1,0.6142857142857143,0.02857142857142857,3.4714285714285715
PLCB2,0.38571428571428573,0.11836734693877551,2.5387755102040814
PLCB3,0.49183673469387756,0.044897959183673466,2.8020408163265307
PLCB4,0.6163265306122448,0.030612244897959183,3.4938775510204083
PLCD1,0.13673469387755102,0.33877551020408164,1.883673469387755
PLCD3,0.5326530612244897,0.0653061224489796,2.951020408163265
PLCD4,0.4122448979591837,0.10612244897959183,2.6061224489795918
PLCE1,0.3020408163265306,0.1673469387755102,2.295918367346939
PLCG1,0.5979591836734693,0.02857142857142857,3.357142857142857
PLCG2,0.363265306122449,0.14285714285714285,2.4959183673469387
PLCH1,0.863265306122449,0.01020408163265306,5.126530612244898
PLCZ1,0.6081632653061224,0.0163265306122449,3.6
PLD1,0.9102040816326531,0.0020408163265306124,6.548979591836734
PLD2,0.26326530612244897,0.25510204081632654,2.1918367346938776
PLD3,0.5551020408163265,0.05918367346938776,3.5306122448979593
PLEC,0.7040816326530612,0.02040816326530612,3.7877551020408164
PLEK,0.6530612244897959,0.004081632653061225,3.524489795918367
PLEKHA1,0.3306122448979592,0.1489795918367347,2.3836734693877553
PLEKHA2,0.5510204081632653,0.1,4.128571428571429
PLEKHA7,0.3979591836734694,0.1306122448979592,2.5551020408163265
PLEKHG2,0.5877551020408164,0.044897959183673466,3.6775510204081634
PLEKHG5,0.33877551020408164,0.12653061224489795,2.440816326530612
PLEKHG6,0.6183673469387755,0.014285714285714285,3.557142857142857
PLEKHM1,0.536734693877551,0.0653061224489796,3.0040816326530613
PLEKHM2,0.32653061224489793,0.14081632653061224,2.3877551020408165
PLG,0.45714285714285713,0.08775510204081632,2.7081632653061223
PLIN1,0.5244897959183673,0.04897959183673469,2.975510204081633
PLIN2,0.2530612244897959,0.2938775510204082,2.204081632653061
PLIN3,0.4061224489795918,0.1326530612244898,2.5510204081632653
PLIN5,0.4,0.13877551020408163,2.5285714285714285
PLK1,0.45102040816326533,0.08163265306122448,2.683673469387755
PLK2,0.17755102040816326,0.29183673469387755,2.016326530612245
PLK3,0.39591836734693875,0.09795918367346938,2.5653061224489795
PLK4,0.22857142857142856,0.20408163265306123,2.1448979591836737
PLLP,0.39183673469387753,0.12857142857142856,2.5755102040816324
PLN,0.45510204081632655,0.08163265306122448,2.6755102040816325
PLOD1,0.3346938775510204,0.14081632653061224,2.3836734693877553
PLOD2,0.8367346938775511,0.018367346938775512,4.797959183673469
PLOD3,0.5816326530612245,0.036734693877551024,3.4551020408163264
PLP1,0.17346938775510204,0.3673469387755102,1.9755102040816326
PLP2,0.14285714285714285,0.4306122448979592,1.8244897959183672
PLPBP,0.5040816326530613,0.1306122448979592,3.975510204081633
PLPP1,0.19387755102040816,0.2836734693877551,2.0816326530612246
PLPP2,0.3653061224489796,0.17346938775510204,2.4326530612244897
PLPP3,0.373469387755102,0.1,2.5040816326530613
PLPP4,0.3306122448979592,0.14285714285714285,2.373469387755102
PLPP6,0.2693877551020408,0.29183673469387755,2.3
PLPPR2,0.40816326530612246,0.11020408163265306,2.626530612244898
PLPPR3,0.3693877551020408,0.17142857142857143,2.426530612244898
PLRG1,0.22244897959183674,0.23061224489795917,2.1040816326530614
PLS3,0.17142857142857143,0.3510204081632653,1.9755102040816326
PLSCR1,0.8387755102040816,0.018367346938775512,4.8040816326530615
PLTP,0.5897959183673469,0.03469387755102041,3.3122448979591836
PLXNA1,0.7795918367346939,0.024489795918367346,3.9489795918367347
PLXNA2,0.6530612244897959,0.00816326530612245,3.3142857142857145
PLXNA3,0.18979591836734694,0.336734693877551,1.989795918367347
PLXNA4,0.5306122448979592,0.07346938775510205,3.057142857142857
PLXNB1,0.10612244897959183,0.3551020408163265,1.7836734693877552
PLXNB2,0.5081632653061224,0.09795918367346938,2.9346938775510205
PLXNB3,0.18775510204081633,0.336734693877551,1.9877551020408164
PLXNC1,0.5061224489795918,0.036734693877551024,2.8816326530612244
PLXND1,0.7775510204081633,0.02040816326530612,4.002040816326531
PMAIP1,0.35714285714285715,0.16326530612244897,2.4551020408163264
PMCH,0.5081632653061224,0.04285714285714286,2.8448979591836734
PMEL,0.5244897959183673,0.0326530612244898,2.926530612244898
PMEPA1,0.5714285714285714,0.044897959183673466,3.216326530612245
PMF1,0.6795918367346939,0.00816326530612245,3.4551020408163264
PML,0.46530612244897956,0.07346938775510205,2.742857142857143
PMM1,0.5591836734693878,0.0653061224489796,3.1061224489795918
PMM2,0.44081632653061226,0.10204081632653061,2.669387755102041
PMP2,0.6265306122448979,0.026530612244897958,3.5387755102040814
PMP22,0.2673469387755102,0.2530612244897959,2.2
PMPCA,0.37142857142857144,0.1469387755102041,2.524489795918367
PMPCB,0.5795918367346938,0.03877551020408163,3.4448979591836735
PMS1,0.5448979591836735,0.044897959183673466,3.0510204081632653
PMS2,0.6040816326530613,0.0326530612244898,3.279591836734694
PMVK,0.6877551020408164,0.00816326530612245,3.5
PNISR,0.4448979591836735,0.09387755102040816,2.673469387755102
PNKD,0.4122448979591837,0.10816326530612246,2.6163265306122447
PNKP,0.4959183673469388,0.0673469387755102,2.8448979591836734
PNLIP,0.32653061224489793,0.1510204081632653,2.3510204081632655
PNLIPRP1,0.32653061224489793,0.1510204081632653,2.3510204081632655
PNMA2,0.22040816326530613,0.32857142857142857,2.0387755102040814
PNMT,0.5102040816326531,0.08163265306122448,3.257142857142857
PNN,0.4346938775510204,0.12857142857142856,2.783673469387755
PNO1,0.6591836734693878,0.004081632653061225,3.5510204081632653
PNP,0.4306122448979592,0.12040816326530612,2.789795918367347
PNPLA2,0.3346938775510204,0.18775510204081633,2.33265306122449
PNPLA3,0.5428571428571428,0.07755102040816327,3.059183673469388
PNPLA6,0.40408163265306124,0.12857142857142856,2.5693877551020408
PNPO,0.5530612244897959,0.04693877551020408,3.048979591836735
PNPT1,0.6755102040816326,0.00816326530612245,3.693877551020408
PNRC2,0.3163265306122449,0.14489795918367346,2.3510204081632655
POC5,0.1469387755102041,0.3081632653061224,1.9142857142857144
PODXL2,0.7795918367346939,0.022448979591836733,3.953061224489796
POFUT1,0.6448979591836734,0.012244897959183673,3.6530612244897958
POFUT2,0.2938775510204082,0.17346938775510204,2.3285714285714287
POGLUT1,0.7653061224489796,0.02857142857142857,3.9489795918367347
POGZ,0.6918367346938775,0.00816326530612245,3.563265306122449
POLA1,0.13673469387755102,0.4326530612244898,1.889795918367347
POLA2,0.5,0.04693877551020408,2.842857142857143
POLB,0.536734693877551,0.09591836734693877,3.6020408163265305
POLD1,0.5,0.06938775510204082,2.857142857142857
POLD2,0.5673469387755102,0.04693877551020408,3.242857142857143
POLD3,0.49183673469387756,0.07142857142857142,2.906122448979592
POLD4,0.5163265306122449,0.04285714285714286,2.983673469387755
POLDIP3,0.5551020408163265,0.06938775510204082,3.093877551020408
POLE,0.4897959183673469,0.04897959183673469,2.816326530612245
POLE2,0.4306122448979592,0.12448979591836734,2.6897959183673468
POLE3,0.37142857142857144,0.15714285714285714,2.512244897959184
POLE4,0.6408163265306123,0.006122448979591836,3.406122448979592
POLG,0.5244897959183673,0.05102040816326531,3.020408163265306
POLG2,0.610204081632653,0.04693877551020408,3.1816326530612247
POLH,0.5020408163265306,0.06326530612244897,2.914285714285714
POLI,0.36122448979591837,0.15918367346938775,2.4571428571428573
POLK,0.1469387755102041,0.3081632653061224,1.9142857142857144
POLL,0.3,0.17142857142857143,2.273469387755102
POLM,0.5673469387755102,0.04693877551020408,3.242857142857143
POLN,0.2693877551020408,0.23673469387755103,2.206122448979592
POLQ,0.7693877551020408,0.024489795918367346,3.9591836734693877
POLR1A,0.636734693877551,0.012244897959183673,3.306122448979592
POLR1B,0.573469387755102,0.022448979591836733,3.073469387755102
POLR1D,0.22040816326530613,0.25510204081632654,2.1040816326530614
POLR1E,0.32653061224489793,0.21836734693877552,2.522448979591837
POLR2B,0.4061224489795918,0.1306122448979592,2.8816326530612244
POLR2C,0.39183673469387753,0.12857142857142856,2.5755102040816324
POLR2D,0.5530612244897959,0.04081632653061224,2.989795918367347
POLR2E,0.37142857142857144,0.1673469387755102,2.4285714285714284
POLR2F,0.5551020408163265,0.05714285714285714,3.1530612244897958
POLR2G,0.49183673469387756,0.04081632653061224,2.7816326530612243
POLR2H,0.9020408163265307,0.0020408163265306124,6.510204081632653
POLR2I,0.6040816326530613,0.044897959183673466,3.520408163265306
POLR2J,0.5755102040816327,0.04081632653061224,3.426530612244898
POLR2J2,0.5755102040816327,0.04081632653061224,3.426530612244898
POLR2J3,0.5755102040816327,0.04081632653061224,3.426530612244898
POLR2K,0.6857142857142857,0.0163265306122449,3.6979591836734693
POLR2L,0.3326530612244898,0.18979591836734694,2.3244897959183675
POLR2M,0.44693877551020406,0.09795918367346938,2.679591836734694
POLR3A,0.35306122448979593,0.14285714285714285,2.4326530612244897
POLR3B,0.5081632653061224,0.05102040816326531,2.8387755102040817
POLR3C,0.6775510204081633,0.00816326530612245,3.473469387755102
POLR3D,0.22448979591836735,0.32448979591836735,2.046938775510204
POLR3E,0.44081632653061226,0.09183673469387756,2.646938775510204
POLR3F,0.6020408163265306,0.02857142857142857,3.379591836734694
POLR3G,0.14489795918367346,0.3122448979591837,1.9
POLR3GL,0.6775510204081633,0.00816326530612245,3.473469387755102
POLR3H,0.5612244897959183,0.06326530612244897,3.110204081632653
POLR3K,0.42244897959183675,0.1306122448979592,2.5795918367346937
POLRMT,0.3693877551020408,0.17142857142857143,2.426530612244898
POM121,0.5693877551020409,0.03469387755102041,3.226530612244898
POMC,0.6346938775510204,0.018367346938775512,3.3346938775510204
POMGNT1,0.3979591836734694,0.09795918367346938,2.5693877551020408
POMGNT2,0.12040816326530612,0.3448979591836735,1.8244897959183672
POMK,0.5408163265306123,0.09387755102040816,3.5346938775510206
POMP,0.22040816326530613,0.25918367346938775,2.0918367346938775
POMT1,0.3795918367346939,0.1469387755102041,2.5408163265306123
POMT2,0.42244897959183675,0.12244897959183673,2.6755102040816325
PON1,0.5979591836734693,0.02857142857142857,3.475510204081633
PON3,0.5959183673469388,0.02857142857142857,3.473469387755102
POP1,0.6775510204081633,0.0163265306122449,3.646938775510204
POP4,0.5795918367346938,0.03877551020408163,3.6408163265306124
POP5,0.5020408163265306,0.053061224489795916,2.8244897959183675
POP7,0.5857142857142857,0.036734693877551024,3.451020408163265
POR,0.5775510204081633,0.036734693877551024,3.263265306122449
PORCN,0.14285714285714285,0.42857142857142855,1.8265306122448979
POT1,0.5448979591836735,0.07551020408163266,3.126530612244898
POU1F1,0.20816326530612245,0.32448979591836735,2.230612244897959
POU2AF1,0.40816326530612246,0.11632653061224489,2.6142857142857143
POU2F1,0.6795918367346939,0.006122448979591836,3.522448979591837
POU2F2,0.5040816326530613,0.06326530612244897,2.9612244897959186
POU3F2,0.44693877551020406,0.09387755102040816,2.679591836734694
POU4F1,0.27755102040816326,0.24285714285714285,2.257142857142857
POU4F2,0.23469387755102042,0.22448979591836735,2.13265306122449
POU5F1,0.47346938775510206,0.07551020408163266,2.7653061224489797
PPA1,0.3551020408163265,0.14489795918367346,2.4346938775510205
PPA2,0.24897959183673468,0.19387755102040816,2.1918367346938776
PPARA,0.5306122448979592,0.07959183673469387,3.010204081632653
PPARD,0.47346938775510206,0.07959183673469387,2.720408163265306
PPARG,0.1489795918367347,0.31020408163265306,1.9387755102040816
PPARGC1A,0.2612244897959184,0.24693877551020407,2.1877551020408164
PPARGC1B,0.1816326530612245,0.27346938775510204,2.0020408163265304
PPAT,0.41020408163265304,0.1326530612244898,2.9020408163265308
PPBP,0.3653061224489796,0.14285714285714285,2.657142857142857
PPCDC,0.47346938775510206,0.07346938775510205,2.7612244897959184
PPCS,0.4,0.09795918367346938,2.5979591836734692
PPFIA1,0.5775510204081633,0.044897959183673466,5.040816326530612
PPFIA2,0.5040816326530613,0.04081632653061224,2.8816326530612244
PPFIA3,0.4857142857142857,0.07346938775510205,2.806122448979592
PPFIA4,0.6571428571428571,0.00816326530612245,3.330612244897959
PPFIBP1,0.6061224489795919,0.022448979591836733,3.5387755102040814
PPIA,0.5653061224489796,0.04693877551020408,3.230612244897959
PPIB,0.46530612244897956,0.08775510204081632,2.720408163265306
PPID,0.2163265306122449,0.23469387755102042,2.1
PPIE,0.39591836734693875,0.09795918367346938,2.7387755102040816
PPIF,0.3469387755102041,0.15306122448979592,2.4285714285714284
PPIG,0.5346938775510204,0.044897959183673466,3.0
PPIH,0.4020408163265306,0.09795918367346938,2.6061224489795918
PPIL1,0.4775510204081633,0.07755102040816327,2.779591836734694
PPIL2,0.5938775510204082,0.05510204081632653,3.4244897959183676
PPIL3,0.5285714285714286,0.053061224489795916,2.9959183673469387
PPIL4,0.45102040816326533,0.09591836734693877,2.673469387755102
PPIP5K1,0.40408163265306124,0.11632653061224489,2.5755102040816324
PPIP5K2,0.1489795918367347,0.3040816326530612,1.9142857142857144
PPL,0.42244897959183675,0.11224489795918367,2.6244897959183673
PPM1A,0.4122448979591837,0.14285714285714285,2.610204081632653
PPM1B,0.6551020408163265,0.02040816326530612,3.453061224489796
PPM1D,0.5979591836734693,0.05102040816326531,3.13265306122449
PPM1K,0.29591836734693877,0.1836734693877551,2.295918367346939
PPM1L,0.8734693877551021,0.00816326530612245,5.322448979591837
PPOX,0.689795918367347,0.006122448979591836,3.626530612244898
PPP1CA,0.5183673469387755,0.04285714285714286,2.9857142857142858
PPP1CB,0.6469387755102041,0.014285714285714285,3.3959183673469386
PPP1CC,0.5122448979591837,0.05510204081632653,2.8285714285714287
PPP1R10,0.47551020408163264,0.06938775510204082,2.783673469387755
PPP1R12A,0.5122448979591837,0.03877551020408163,2.9081632653061225
PPP1R12B,0.6571428571428571,0.00816326530612245,3.306122448979592
PPP1R12C,0.5326530612244897,0.06326530612244897,2.9571428571428573
PPP1R13B,0.46122448979591835,0.11020408163265306,2.8244897959183675
PPP1R13L,0.5,0.05918367346938776,2.9183673469387754
PPP1R14A,0.6040816326530613,0.04081632653061224,3.6897959183673468
PPP1R14B,0.49183673469387756,0.044897959183673466,2.8020408163265307
PPP1R14C,0.45918367346938777,0.09795918367346938,2.6877551020408164
PPP1R14D,0.3877551020408163,0.11836734693877551,2.5448979591836736
PPP1R15A,0.48775510204081635,0.07346938775510205,2.8122448979591836
PPP1R15B,0.6612244897959184,0.00816326530612245,3.353061224489796
PPP1R16B,0.6020408163265306,0.022448979591836733,3.369387755102041
PPP1R17,0.5673469387755102,0.04693877551020408,3.226530612244898
PPP1R18,0.47346938775510206,0.06938775510204082,2.7811860940695294
PPP1R1B,0.5102040816326531,0.08163265306122448,3.257142857142857
PPP1R3A,0.563265306122449,0.05714285714285714,3.3020408163265307
PPP1R3C,0.3,0.17755102040816326,2.283673469387755
PPP1R3D,0.5693877551020409,0.044897959183673466,3.2122448979591836
PPP1R3E,0.42857142857142855,0.12857142857142856,2.7816326530612243
PPP1R3F,0.14285714285714285,0.4306122448979592,1.8244897959183672
PPP1R7,0.4061224489795918,0.10408163265306122,2.5877551020408163
PPP1R8,0.32653061224489793,0.1306122448979592,2.3836734693877553
PPP1R9A,0.5979591836734693,0.02857142857142857,3.4591836734693877
PPP1R9B,0.573469387755102,0.04285714285714286,3.095918367346939
PPP2CA,0.1653061224489796,0.2836734693877551,1.957142857142857
PPP2CB,0.2530612244897959,0.3020408163265306,2.1489795918367345
PPP2R1A,0.5142857142857142,0.0653061224489796,2.8959183673469386
PPP2R1B,0.4,0.12244897959183673,2.5653061224489795
PPP2R2A,0.22244897959183674,0.32857142857142857,2.0408163265306123
PPP2R2B,0.1816326530612245,0.27755102040816326,2.0020408163265304
PPP2R2C,0.2693877551020408,0.23469387755102042,2.210204081632653
PPP2R2D,0.3326530612244898,0.15714285714285714,2.3816326530612244
PPP2R3A,0.7979591836734694,0.02040816326530612,4.236734693877551
PPP2R3B,0.3326530612244898,0.24693877551020407,2.4653061224489794
PPP2R3C,0.44693877551020406,0.12244897959183673,2.8387755102040817
PPP2R5A,0.6510204081632653,0.01020408163265306,3.3122448979591836
PPP2R5B,0.5,0.04693877551020408,2.8346938775510204
PPP2R5C,0.463265306122449,0.10612244897959183,2.842857142857143
PPP2R5D,0.5020408163265306,0.06326530612244897,2.9122448979591837
PPP2R5E,0.4142857142857143,0.13877551020408163,2.63265306122449
PPP3CA,0.26326530612244897,0.19183673469387755,2.210204081632653
PPP3CB,0.3653061224489796,0.14489795918367346,2.4673469387755103
PPP3CC,0.22040816326530613,0.32653061224489793,2.0408163265306123
PPP3R1,0.6591836734693878,0.004081632653061225,3.5510204081632653
PPP4C,0.47551020408163264,0.06326530612244897,2.746938775510204
PPP4R1,0.49387755102040815,0.07959183673469387,2.8938775510204082
PPP4R2,0.10408163265306122,0.3877551020408163,1.7489795918367348
PPP4R3A,0.4448979591836735,0.11632653061224489,2.740816326530612
PPP4R3B,0.6755102040816326,0.00816326530612245,3.6877551020408164
PPP4R4,0.4530612244897959,0.10816326530612246,2.7653061224489797
PPP5C,0.48775510204081635,0.07551020408163266,2.8285714285714287
PPP6C,0.37755102040816324,0.15306122448979592,2.5142857142857142
PPP6R1,0.5326530612244897,0.06326530612244897,2.9571428571428573
PPP6R2,0.5020408163265306,0.09795918367346938,2.9204081632653063
PPP6R3,0.5163265306122449,0.044897959183673466,3.1020408163265305
PPRC1,0.3020408163265306,0.16938775510204082,2.2775510204081635
PPT1,0.39591836734693875,0.09795918367346938,2.742857142857143
PPT2,0.47346938775510206,0.07346938775510205,2.753061224489796
PPTC7,0.5122448979591837,0.05510204081632653,2.826530612244898
PPWD1,0.15510204081632653,0.2979591836734694,1.953061224489796
PQBP1,0.14489795918367346,0.42857142857142855,1.8285714285714285
PRC1,0.5265306122448979,0.04693877551020408,2.973469387755102
PRCC,0.6816326530612244,0.00816326530612245,3.4673469387755103
PRCP,0.4775510204081633,0.0836734693877551,2.783673469387755
PRDM1,0.44285714285714284,0.09591836734693877,2.746938775510204
PRDM14,0.6122448979591837,0.026530612244897958,3.4653061224489794
PRDM16,0.33877551020408164,0.12653061224489795,2.438775510204082
PRDM4,0.5102040816326531,0.053061224489795916,2.836734693877551
PRDM6,0.1510204081632653,0.2897959183673469,1.9306122448979592
PRDM7,0.3653061224489796,0.14489795918367346,2.5
PRDM9,0.7959183673469388,0.018367346938775512,4.76530612244898
PRDX1,0.39591836734693875,0.1,2.561224489795918
PRDX2,0.4122448979591837,0.10816326530612246,2.6775510204081634
PRDX3,0.32653061224489793,0.14285714285714285,2.373469387755102
PRDX4,0.1346938775510204,0.4326530612244898,1.889795918367347
PRDX5,0.49183673469387756,0.044897959183673466,2.793877551020408
PRDX6,0.6816326530612244,0.00816326530612245,3.442857142857143
PREB,0.6428571428571429,0.014285714285714285,3.373469387755102
PRELID1,0.21020408163265306,0.2653061224489796,2.0653061224489795
PRELID3A,0.5020408163265306,0.06326530612244897,2.9326530612244897
PRELID3B,0.5693877551020409,0.044897959183673466,3.2020408163265306
PRELP,0.6571428571428571,0.00816326530612245,3.336734693877551
PREP,0.4448979591836735,0.09591836734693877,2.842857142857143
PREPL,0.6551020408163265,0.02040816326530612,3.4612244897959186
PREX1,0.5918367346938775,0.0326530612244898,3.283673469387755
PRF1,0.3551020408163265,0.14285714285714285,2.438775510204082
PRG2,0.5040816326530613,0.04285714285714286,2.8469387755102042
PRH2,0.6061224489795919,0.014285714285714285,3.5183673469387755
PRICKLE1,0.536734693877551,0.026530612244897958,2.9959183673469387
PRICKLE2,0.10612244897959183,0.35918367346938773,1.7959183673469388
PRIM1,0.5285714285714286,0.0326530612244898,2.938775510204082
PRIM2,0.5408163265306123,0.044897959183673466,3.1122448979591835
PRKAA1,0.7755102040816326,0.0163265306122449,4.571428571428571
PRKAA2,0.373469387755102,0.1,2.5040816326530613
PRKAB1,0.5,0.053061224489795916,2.8183673469387753
PRKAB2,0.6775510204081633,0.00816326530612245,3.489795918367347
PRKACA,0.42857142857142855,0.10408163265306122,2.7653061224489797
PRKACB,0.3448979591836735,0.11020408163265306,2.453061224489796
PRKACG,0.3346938775510204,0.1673469387755102,2.4673469387755103
PRKAG1,0.5306122448979592,0.030612244897959183,2.916326530612245
PRKAG2,0.5306122448979592,0.09387755102040816,3.0326530612244897
PRKAG3,0.4122448979591837,0.10612244897959183,2.6061224489795918
PRKAR1A,0.6183673469387755,0.04285714285714286,3.220408163265306
PRKAR1B,0.5897959183673469,0.0326530612244898,3.2714285714285714
PRKAR2A,0.10612244897959183,0.3551020408163265,1.7836734693877552
PRKAR2B,0.563265306122449,0.04693877551020408,3.320408163265306
PRKCA,0.6183673469387755,0.04285714285714286,3.204081632653061
PRKCD,0.10612244897959183,0.363265306122449,1.773469387755102
PRKCE,0.6571428571428571,0.02040816326530612,3.553061224489796
PRKCG,0.5224489795918368,0.0653061224489796,2.936734693877551
PRKCH,0.4061224489795918,0.13673469387755102,2.6
PRKCI,0.9102040816326531,0.0020408163265306124,6.4918367346938775
PRKCQ,0.37755102040816324,0.15714285714285714,2.5306122448979593
PRKCSH,0.40816326530612246,0.11020408163265306,2.6163265306122447
PRKCZ,0.3448979591836735,0.12448979591836734,2.487755102040816
PRKD1,0.42857142857142855,0.12653061224489795,2.7244897959183674
PRKD2,0.4816326530612245,0.07959183673469387,2.806122448979592
PRKD3,0.6428571428571429,0.02040816326530612,3.3510204081632655
PRKDC,0.6040816326530613,0.03877551020408163,3.446938775510204
PRKG1,0.36122448979591837,0.14489795918367346,2.4612244897959186
PRKG2,0.3020408163265306,0.17755102040816326,2.353061224489796
PRKN,0.45510204081632655,0.08775510204081632,2.7
PRKRA,0.5591836734693878,0.04285714285714286,3.1775510204081634
PRKRIP1,0.5755102040816327,0.04081632653061224,3.426530612244898
PRKX,0.1326530612244898,0.44285714285714284,1.846938775510204
PRL,0.47346938775510206,0.07959183673469387,2.806122448979592
PRLR,0.7775510204081633,0.018367346938775512,4.604081632653061
PRM1,0.45510204081632655,0.09591836734693877,2.726530612244898
PRM2,0.45510204081632655,0.09591836734693877,2.726530612244898
PRMT1,0.4897959183673469,0.06938775510204082,2.830612244897959
PRMT3,0.40816326530612246,0.11428571428571428,2.5877551020408163
PRMT5,0.42448979591836733,0.12857142857142856,2.7387755102040816
PRMT6,0.2938775510204082,0.15510204081632653,2.3510204081632655
PRMT7,0.4020408163265306,0.10612244897959183,2.6163265306122447
PRMT8,0.6244897959183674,0.014285714285714285,3.5551020408163265
PRND,0.6163265306122448,0.030612244897959183,3.4020408163265308
PRNP,0.6163265306122448,0.030612244897959183,3.4020408163265308
PROC,0.5530612244897959,0.04081632653061224,2.9959183673469387
PROCR,0.6285714285714286,0.014285714285714285,3.479591836734694
PRODH,0.5714285714285714,0.05918367346938776,3.2183673469387757
PROKR2,0.6163265306122448,0.0326530612244898,3.426530612244898
PROM1,0.25510204081632654,0.24693877551020407,2.193877551020408
PROP1,0.20816326530612245,0.2653061224489796,2.059183673469388
PROS1,0.7061224489795919,0.05102040816326531,3.8816326530612244
PROX1,0.6489795918367347,0.014285714285714285,3.3102040816326532
PROZ,0.3408163265306122,0.21428571428571427,2.6714285714285713
PRPF18,0.37755102040816324,0.15306122448979592,2.524489795918367
PRPF19,0.48367346938775513,0.04285714285714286,2.7714285714285714
PRPF3,0.689795918367347,0.006122448979591836,3.593877551020408
PRPF31,0.5244897959183673,0.06326530612244897,2.9346938775510205
PRPF38A,0.373469387755102,0.10204081632653061,2.4938775510204083
PRPF38B,0.29591836734693877,0.15510204081632653,2.3020408163265307
PRPF39,0.4142857142857143,0.13673469387755102,2.646938775510204
PRPF4,0.37142857142857144,0.15714285714285714,2.512244897959184
PRPF40A,0.5285714285714286,0.05102040816326531,2.910204081632653
PRPF40B,0.5265306122448979,0.0326530612244898,2.904081632653061
PRPF6,0.5857142857142857,0.04285714285714286,3.246938775510204
PRPF8,0.27755102040816326,0.2510204081632653,2.2122448979591836
PRPH2,0.5020408163265306,0.0653061224489796,2.8653061224489798
PRPS1,0.17755102040816326,0.36122448979591837,2.036734693877551
PRPSAP1,0.6142857142857143,0.053061224489795916,3.193877551020408
PRPSAP2,0.28775510204081634,0.24285714285714285,2.26734693877551
PRRC1,0.15306122448979592,0.2938775510204082,1.9285714285714286
PRRT2,0.47959183673469385,0.0653061224489796,2.7551020408163267
PRSS1,0.5408163265306123,0.07142857142857142,3.1020408163265305
PRSS21,0.4163265306122449,0.12653061224489795,2.553061224489796
PRSS23,0.46122448979591835,0.09183673469387756,2.740816326530612
PRSS3,0.37551020408163266,0.19795918367346937,2.6653061224489796
PRTN3,0.3693877551020408,0.17142857142857143,2.426530612244898
PRUNE1,0.6918367346938775,0.00816326530612245,3.573469387755102
PSAP,0.35306122448979593,0.1489795918367347,2.438775510204082
PSAT1,0.34285714285714286,0.16326530612244897,2.4653061224489794
PSCA,0.7020408163265306,0.02040816326530612,3.8020408163265307
PSD,0.3020408163265306,0.17142857142857143,2.2775510204081635
PSEN1,0.4061224489795918,0.12857142857142856,2.63265306122449
PSEN2,0.6571428571428571,0.012244897959183673,3.3224489795918366
PSENEN,0.6081632653061224,0.044897959183673466,3.5040816326530613
PSG1,0.5040816326530613,0.06326530612244897,2.946938775510204
PSG11,0.5040816326530613,0.061224489795918366,2.9591836734693877
PSG3,0.5020408163265306,0.06326530612244897,2.938775510204082
PSG4,0.5040816326530613,0.061224489795918366,2.9571428571428573
PSG5,0.5040816326530613,0.061224489795918366,2.9571428571428573
PSG6,0.5020408163265306,0.06326530612244897,2.9489795918367347
PSG8,0.5040816326530613,0.06326530612244897,2.946938775510204
PSG9,0.5061224489795918,0.061224489795918366,2.9591836734693877
PSIP1,0.26326530612244897,0.29183673469387755,2.2755102040816326
PSMA1,0.38979591836734695,0.1326530612244898,2.683673469387755
PSMA2,0.5673469387755102,0.044897959183673466,3.2448979591836733
PSMA3,0.4142857142857143,0.1346938775510204,2.6408163265306124
PSMA4,0.48367346938775513,0.0673469387755102,2.8081632653061224
PSMA5,0.2938775510204082,0.15918367346938775,2.293877551020408
PSMA6,0.44693877551020406,0.12244897959183673,2.8387755102040817
PSMA7,0.5816326530612245,0.04693877551020408,3.2346938775510203
PSMB1,0.45714285714285713,0.08979591836734693,2.73265306122449
PSMB10,0.39591836734693875,0.10612244897959183,2.6020408163265305
PSMB11,0.42857142857142855,0.12857142857142856,2.742857142857143
PSMB2,0.3653061224489796,0.10408163265306122,2.4612244897959186
PSMB3,0.49795918367346936,0.08775510204081632,2.8938775510204082
PSMB4,0.6918367346938775,0.00816326530612245,3.563265306122449
PSMB5,0.42653061224489797,0.12857142857142856,2.7387755102040816
PSMB6,0.26326530612244897,0.25510204081632654,2.1918367346938776
PSMB7,0.3795918367346939,0.15306122448979592,2.524489795918367
PSMB8,0.47346938775510206,0.07551020408163266,2.7448979591836733
PSMB9,0.47346938775510206,0.07551020408163266,2.7448979591836733
PSMC1,0.4489795918367347,0.11632653061224489,2.7551020408163267
PSMC2,0.5795918367346938,0.03877551020408163,3.4489795918367347
PSMC3,0.48367346938775513,0.08775510204081632,2.7489795918367346
PSMC4,0.5673469387755102,0.05714285714285714,3.5306122448979593
PSMC5,0.6122448979591837,0.04693877551020408,3.1897959183673468
PSMC6,0.42653061224489797,0.12653061224489795,2.695918367346939
PSMD1,0.4020408163265306,0.10204081632653061,2.561224489795918
PSMD10,0.17755102040816326,0.36122448979591837,2.073469387755102
PSMD11,0.49183673469387756,0.09387755102040816,2.8469387755102042
PSMD12,0.6163265306122448,0.04285714285714286,3.2081632653061223
PSMD13,0.3346938775510204,0.18571428571428572,2.340816326530612
PSMD14,0.5346938775510204,0.05102040816326531,2.9673469387755103
PSMD2,0.9020408163265307,0.0020408163265306124,6.510204081632653
PSMD3,0.5122448979591837,0.0836734693877551,3.089795918367347
PSMD4,0.6918367346938775,0.00816326530612245,3.561224489795918
PSMD5,0.3816326530612245,0.1489795918367347,2.5387755102040814
PSMD6,0.10612244897959183,0.35918367346938773,1.7959183673469388
PSMD7,0.373469387755102,0.12448979591836734,2.5387755102040814
PSMD8,0.6020408163265306,0.04285714285714286,3.66734693877551
PSMD9,0.5020408163265306,0.05714285714285714,2.820408163265306
PSME1,0.41836734693877553,0.1346938775510204,2.6979591836734693
PSME2,0.41836734693877553,0.1346938775510204,2.6979591836734693
PSME3,0.5020408163265306,0.08571428571428572,2.8591836734693876
PSME4,0.6693877551020408,0.01020408163265306,3.6408163265306124
PSMF1,0.6081632653061224,0.03469387755102041,3.4020408163265308
PSMG1,0.3020408163265306,0.17551020408163265,2.336734693877551
PSMG2,0.5040816326530613,0.0653061224489796,2.9306122448979592
PSPC1,0.22857142857142856,0.25918367346938775,2.1081632653061226
PSPH,0.5897959183673469,0.036734693877551024,3.8387755102040817
PSPN,0.40816326530612246,0.1326530612244898,2.559183673469388
PSRC1,0.2938775510204082,0.15918367346938775,2.293877551020408
PSTPIP1,0.4816326530612245,0.06938775510204082,2.7877551020408164
PSTPIP2,0.3877551020408163,0.1306122448979592,2.6408163265306124
PTAFR,0.32857142857142857,0.1326530612244898,2.377551020408163
PTBP1,0.3693877551020408,0.17142857142857143,2.426530612244898
PTBP2,0.32857142857142857,0.12040816326530612,2.4224489795918367
PTCD3,0.636734693877551,0.012244897959183673,3.306122448979592
PTCH1,0.37142857142857144,0.15306122448979592,2.5142857142857142
PTCH2,0.39591836734693875,0.09795918367346938,2.5653061224489795
PTCRA,0.5020408163265306,0.06326530612244897,2.9122448979591837
PTDSS1,0.6775510204081633,0.014285714285714285,3.642857142857143
PTDSS2,0.3346938775510204,0.18775510204081633,2.3387755102040817
PTEN,0.2857142857142857,0.19795918367346937,2.210204081632653
PTF1A,0.37755102040816324,0.15510204081632653,2.553061224489796
PTGDR,0.42653061224489797,0.12653061224489795,2.695918367346939
PTGDR2,0.48367346938775513,0.04285714285714286,2.769387755102041
PTGDS,0.37142857142857144,0.1469387755102041,2.5326530612244897
PTGER1,0.4326530612244898,0.10408163265306122,2.769387755102041
PTGER2,0.42653061224489797,0.12653061224489795,2.695918367346939
PTGER3,0.35714285714285715,0.10816326530612246,2.4693877551020407
PTGER4,0.7795918367346939,0.0163265306122449,4.581632653061225
PTGES,0.37142857142857144,0.1489795918367347,2.5183673469387755
PTGES2,0.363265306122449,0.15306122448979592,2.4918367346938775
PTGES3,0.5285714285714286,0.0326530612244898,2.938775510204082
PTGES3L-AARSD1,0.5020408163265306,0.08571428571428572,2.8612244897959185
PTGFR,0.35306122448979593,0.11224489795918367,2.489795918367347
PTGFRN,0.28775510204081634,0.17551020408163265,2.306122448979592
PTGIR,0.48367346938775513,0.07755102040816327,2.820408163265306
PTGIS,0.5918367346938775,0.0326530612244898,3.3
PTGS1,0.3795918367346939,0.1510204081632653,2.5306122448979593
PTGS2,0.6612244897959184,0.01020408163265306,3.4
PTH,0.3816326530612245,0.1326530612244898,2.626530612244898
PTH1R,0.11428571428571428,0.35306122448979593,1.7979591836734694
PTH2R,0.45510204081632655,0.08775510204081632,2.710204081632653
PTHLH,0.6061224489795919,0.022448979591836733,3.5387755102040814
PTK2,0.6959183673469388,0.0163265306122449,3.7877551020408164
PTK2B,0.22653061224489796,0.32653061224489793,2.059183673469388
PTK6,0.5857142857142857,0.044897959183673466,3.246938775510204
PTMA,0.4020408163265306,0.10204081632653061,2.561224489795918
PTN,0.5326530612244897,0.07346938775510205,3.0755102040816324
PTOV1,0.4959183673469388,0.0673469387755102,2.8387755102040817
PTP4A3,0.7040816326530612,0.018367346938775512,3.795918367346939
PTPA,0.363265306122449,0.15306122448979592,2.489795918367347
PTPMT1,0.48367346938775513,0.08571428571428572,2.753061224489796
PTPN1,0.5938775510204082,0.030612244897959183,3.3285714285714287
PTPN11,0.5122448979591837,0.05510204081632653,2.8755102040816327
PTPN12,0.573469387755102,0.04081632653061224,3.26734693877551
PTPN13,0.29591836734693877,0.18571428571428572,2.3081632653061224
PTPN14,0.6469387755102041,0.014285714285714285,3.3081632653061224
PTPN18,0.5489795918367347,0.04693877551020408,2.9693877551020407
PTPN2,0.5020408163265306,0.0673469387755102,2.9224489795918367
PTPN21,0.44285714285714284,0.11428571428571428,2.726530612244898
PTPN22,0.28775510204081634,0.16938775510204082,2.2979591836734694
PTPN23,0.11428571428571428,0.35306122448979593,1.8
PTPN3,0.3795918367346939,0.1510204081632653,2.5408163265306123
PTPN4,0.5816326530612245,0.02857142857142857,3.0979591836734692
PTPN5,0.4020408163265306,0.12448979591836734,2.559183673469388
PTPN6,0.6204081632653061,0.012244897959183673,3.553061224489796
PTPN7,0.6551020408163265,0.00816326530612245,3.2979591836734694
PTPN9,0.47551020408163264,0.07142857142857142,2.779591836734694
PTPRB,0.5489795918367347,0.026530612244897958,3.2489795918367346
PTPRC,0.6530612244897959,0.014285714285714285,3.279591836734694
PTPRCAP,0.5183673469387755,0.04285714285714286,2.9857142857142858
PTPRD,0.2755102040816326,0.3,2.2714285714285714
PTPRE,0.3306122448979592,0.15306122448979592,2.3877551020408165
PTPRF,0.4020408163265306,0.09795918367346938,2.610204081632653
PTPRJ,0.48775510204081635,0.07959183673469387,2.7387755102040816
PTPRK,0.45918367346938777,0.0836734693877551,2.7081632653061223
PTPRM,0.5,0.07346938775510205,2.940816326530612
PTPRN,0.41020408163265304,0.10612244897959183,2.6040816326530614
PTPRN2,0.5204081632653061,0.1,2.979591836734694
PTPRO,0.5979591836734693,0.02040816326530612,3.4591836734693877
PTPRR,0.5469387755102041,0.02857142857142857,3.2346938775510203
PTPRU,0.3306122448979592,0.12857142857142856,2.3816326530612244
PTPRZ1,0.5530612244897959,0.07346938775510205,3.1755102040816325
PTRH2,0.5897959183673469,0.05102040816326531,3.1081632653061226
PTS,0.4020408163265306,0.12040816326530612,2.5693877551020408
PTTG1,0.17959183673469387,0.2693877551020408,2.0020408163265304
PTX3,0.8653061224489796,0.012244897959183673,5.171428571428572
PUF60,0.7040816326530612,0.02040816326530612,3.789795918367347
PUM1,0.33877551020408164,0.12040816326530612,2.4020408163265308
PUM2,0.6244897959183674,0.030612244897959183,3.3448979591836734
PUM3,0.26326530612244897,0.29591836734693877,2.3102040816326532
PURA,0.1836734693877551,0.2714285714285714,2.0020408163265304
PURB,0.5653061224489796,0.04693877551020408,3.230612244897959
PUS1,0.49387755102040815,0.053061224489795916,2.8122448979591836
PVR,0.5122448979591837,0.05714285714285714,2.953061224489796
PWP1,0.5102040816326531,0.053061224489795916,2.842857142857143
PWP2,0.2938775510204082,0.17346938775510204,2.304081632653061
PXN,0.5040816326530613,0.053061224489795916,2.8244897959183675
PYCARD,0.4775510204081633,0.0653061224489796,2.7612244897959184
PYCR1,0.5795918367346938,0.06938775510204082,3.089795918367347
PYCR2,0.6591836734693878,0.01020408163265306,3.33265306122449
PYDC1,0.4775510204081633,0.0653061224489796,2.7612244897959184
PYGB,0.5918367346938775,0.03877551020408163,3.3448979591836734
PYGL,0.42653061224489797,0.12448979591836734,2.6857142857142855
PYGM,0.49387755102040815,0.04693877551020408,2.8183673469387753
PYGO1,0.44285714285714284,0.10408163265306122,2.6653061224489796
PYGO2,0.6877551020408164,0.00816326530612245,3.5
PYM1,0.5244897959183673,0.0326530612244898,2.926530612244898
PYY,0.5102040816326531,0.07755102040816327,2.9
QDPR,0.2510204081632653,0.24897959183673468,2.173469387755102
QKI,0.45918367346938777,0.09183673469387756,2.695918367346939
QPCT,0.6428571428571429,0.02040816326530612,3.3510204081632655
QPRT,0.47959183673469385,0.0653061224489796,2.7551020408163267
QRFPR,0.23877551020408164,0.18979591836734694,2.1857142857142855
QRSL1,0.4448979591836735,0.09183673469387756,2.8551020408163263
QSOX1,0.6653061224489796,0.012244897959183673,3.3714285714285714
QTRT1,0.4122448979591837,0.10816326530612246,2.6244897959183673
QTRT2,0.746938775510204,0.03469387755102041,3.8448979591836734
RAB10,0.6408163265306123,0.0163265306122449,3.3489795918367347
RAB11A,0.46530612244897956,0.08775510204081632,2.7244897959183674
RAB11B,0.41020408163265304,0.12244897959183673,2.630612244897959
RAB11FIP1,0.5122448979591837,0.12448979591836734,3.9346938775510205
RAB11FIP2,0.32653061224489793,0.1489795918367347,2.3612244897959185
RAB11FIP3,0.42244897959183675,0.12857142857142856,2.5816326530612246
RAB11FIP4,0.4857142857142857,0.10204081632653061,2.816326530612245
RAB11FIP5,0.6387755102040816,0.006122448979591836,3.4020408163265308
RAB13,0.6877551020408164,0.00816326530612245,3.5408163265306123
RAB14,0.3836734693877551,0.1510204081632653,2.536734693877551
RAB15,0.40408163265306124,0.14081632653061224,2.6122448979591835
RAB17,0.4061224489795918,0.09795918367346938,2.6
RAB18,0.3836734693877551,0.1326530612244898,2.6244897959183673
RAB1A,0.6653061224489796,0.004081632653061225,3.6408163265306124
RAB1B,0.5040816326530613,0.04693877551020408,2.8938775510204082
RAB21,0.5326530612244897,0.030612244897959183,3.0918367346938775
RAB22A,0.5693877551020409,0.044897959183673466,3.206122448979592
RAB23,0.5387755102040817,0.04693877551020408,3.1163265306122447
RAB24,0.21020408163265306,0.2653061224489796,2.0653061224489795
RAB25,0.6795918367346939,0.00816326530612245,3.4653061224489794
RAB27A,0.4387755102040816,0.10408163265306122,2.663265306122449
RAB27B,0.363265306122449,0.16122448979591836,2.4673469387755103
RAB29,0.6530612244897959,0.00816326530612245,3.3020408163265307
RAB2A,0.6061224489795919,0.03469387755102041,3.4244897959183676
RAB2B,0.42244897959183675,0.12857142857142856,2.730612244897959
RAB30,0.4775510204081633,0.0836734693877551,2.783673469387755
RAB31,0.49387755102040815,0.07755102040816327,2.8877551020408165
RAB32,0.4673469387755102,0.08571428571428572,2.7081632653061223
RAB33A,0.16326530612244897,0.3510204081632653,1.9244897959183673
RAB33B,0.23469387755102042,0.21836734693877552,2.1489795918367345
RAB34,0.49387755102040815,0.09795918367346938,2.8938775510204082
RAB35,0.5040816326530613,0.053061224489795916,2.8244897959183675
RAB36,0.5857142857142857,0.05918367346938776,3.2755102040816326
RAB37,0.610204081632653,0.04897959183673469,3.2
RAB39B,0.19591836734693877,0.3346938775510204,2.016326530612245
RAB3A,0.4673469387755102,0.08571428571428572,2.8183673469387753
RAB3B,0.37551020408163266,0.10204081632653061,2.4959183673469387
RAB3C,0.17551020408163265,0.29183673469387755,2.010204081632653
RAB3D,0.4061224489795918,0.11020408163265306,2.620408163265306
RAB3GAP1,0.5306122448979592,0.04897959183673469,2.9224489795918367
RAB3GAP2,0.6591836734693878,0.012244897959183673,3.3469387755102042
RAB3IP,0.5489795918367347,0.026530612244897958,3.2755102040816326
RAB40A,0.17346938775510204,0.3693877551020408,1.973469387755102
RAB40AL,0.17551020408163265,0.3673469387755102,1.973469387755102
RAB40B,0.563265306122449,0.08163265306122448,3.0306122448979593
RAB40C,0.4204081632653061,0.12653061224489795,2.5714285714285716
RAB43,0.773469387755102,0.02040816326530612,3.9571428571428573
RAB4A,0.6571428571428571,0.012244897959183673,3.3285714285714287
RAB4B,0.5244897959183673,0.0673469387755102,3.3102040816326532
RAB5A,0.1469387755102041,0.32448979591836735,1.9224489795918367
RAB5B,0.5244897959183673,0.0326530612244898,2.926530612244898
RAB5C,0.5,0.08775510204081632,2.840816326530612
RAB6A,0.5,0.06938775510204082,2.9224489795918367
RAB6B,0.7877551020408163,0.024489795918367346,4.118367346938776
RAB7A,0.7775510204081633,0.02040816326530612,3.963265306122449
RAB7B,0.6530612244897959,0.00816326530612245,3.3020408163265307
RAB8A,0.44081632653061226,0.09795918367346938,2.7489795918367346
RAB9A,0.12857142857142856,0.44081632653061226,1.8448979591836734
RABEP1,0.26326530612244897,0.25510204081632654,2.1877551020408164
RABEPK,0.37755102040816324,0.15306122448979592,2.5142857142857142
RABGAP1,0.37755102040816324,0.1489795918367347,2.526530612244898
RAC1,0.6040816326530613,0.036734693877551024,3.2714285714285714
RAC2,0.5530612244897959,0.05714285714285714,3.1183673469387756
RAC3,0.5795918367346938,0.07142857142857142,3.0918367346938775
RACGAP1,0.5285714285714286,0.0326530612244898,2.9122448979591837
RACK1,0.20612244897959184,0.2612244897959184,2.0795918367346937
RAD1,0.7755102040816326,0.02040816326530612,4.59795918367347
RAD17,0.16122448979591836,0.3020408163265306,1.9510204081632654
RAD18,0.16122448979591836,0.3081632653061224,1.9714285714285715
RAD21,0.7204081632653061,0.01020408163265306,3.816326530612245
RAD21L1,0.6081632653061224,0.03469387755102041,3.3959183673469386
RAD23A,0.4122448979591837,0.10816326530612246,2.6755102040816325
RAD23B,0.3816326530612245,0.1489795918367347,2.553061224489796
RAD50,0.16326530612244897,0.28775510204081634,1.9469387755102041
RAD51,0.3877551020408163,0.11836734693877551,2.5408163265306123
RAD51AP1,0.6244897959183674,0.014285714285714285,3.5551020408163265
RAD51B,0.4020408163265306,0.14081632653061224,2.6163265306122447
RAD51C,0.5795918367346938,0.04897959183673469,3.095918367346939
RAD51D,0.49183673469387756,0.09591836734693877,2.8285714285714287
RAD52,0.6244897959183674,0.022448979591836733,3.559183673469388
RAD54B,0.6693877551020408,0.018367346938775512,3.6163265306122447
RAD54L,0.3979591836734694,0.09795918367346938,2.5693877551020408
RAD9A,0.5163265306122449,0.04285714285714286,2.983673469387755
RAD9B,0.5122448979591837,0.05510204081632653,2.826530612244898
RAE1,0.5714285714285714,0.044897959183673466,3.257142857142857
RAET1E,0.45102040816326533,0.09795918367346938,2.6775510204081634
RAET1G,0.45510204081632655,0.09795918367346938,2.6857142857142855
RAF1,0.1489795918367347,0.3122448979591837,1.936734693877551
RAG1,0.45714285714285713,0.09387755102040816,2.830612244897959
RAI1,0.2795918367346939,0.24285714285714285,2.230612244897959
RAI14,0.7755102040816326,0.02040816326530612,4.595918367346939
RALA,0.5693877551020409,0.04693877551020408,3.2
RALB,0.5836734693877551,0.02857142857142857,3.122448979591837
RALBP1,0.49183673469387756,0.07755102040816327,2.8938775510204082
RALGAPA2,0.5959183673469388,0.03469387755102041,3.36734693877551
RALGAPB,0.6040816326530613,0.024489795918367346,3.3857142857142857
RALGDS,0.37551020408163266,0.15306122448979592,2.520408163265306
RALGPS2,0.6653061224489796,0.012244897959183673,3.4
RALY,0.6285714285714286,0.018367346938775512,3.489795918367347
RAMP1,0.4061224489795918,0.09795918367346938,2.6
RAMP2,0.5040816326530613,0.08571428571428572,2.853061224489796
RAMP3,0.5673469387755102,0.04693877551020408,3.242857142857143
RAN,0.5,0.04897959183673469,2.830612244897959
RANBP1,0.5836734693877551,0.04897959183673469,3.3591836734693876
RANBP10,0.39387755102040817,0.10816326530612246,2.6020408163265305
RANBP2,0.5836734693877551,0.024489795918367346,3.0979591836734692
RANBP3,0.40816326530612246,0.1326530612244898,2.5510204081632653
RANBP6,0.2816326530612245,0.2897959183673469,2.353061224489796
RANBP9,0.47551020408163264,0.08163265306122448,2.8142857142857145
RANGAP1,0.5591836734693878,0.06326530612244897,3.1122448979591835
RANGRF,0.26326530612244897,0.2653061224489796,2.179591836734694
RAP1A,0.2897959183673469,0.16938775510204082,2.279591836734694
RAP1B,0.5551020408163265,0.024489795918367346,3.2387755102040816
RAP1GAP,0.3122448979591837,0.14081632653061224,2.342857142857143
RAP1GAP2,0.2755102040816326,0.2510204081632653,2.210204081632653
RAP2A,0.3,0.23265306122448978,2.3020408163265307
RAP2B,0.8673469387755102,0.012244897959183673,5.114285714285714
RAP2C,0.16326530612244897,0.3510204081632653,1.9183673469387754
RAPGEF1,0.37755102040816324,0.1469387755102041,2.5408163265306123
RAPGEF2,0.2163265306122449,0.23469387755102042,2.0979591836734692
RAPGEF3,0.5408163265306123,0.030612244897959183,2.9979591836734696
RAPGEF4,0.5530612244897959,0.036734693877551024,3.120408163265306
RAPGEF5,0.5877551020408164,0.036734693877551024,3.3816326530612244
RAPGEF6,0.15918367346938775,0.2938775510204082,1.9285714285714286
RAPH1,0.5061224489795918,0.061224489795918366,2.9224489795918367
RAPSN,0.48367346938775513,0.08571428571428572,2.753061224489796
RARA,0.5142857142857142,0.08571428571428572,2.953061224489796
RARB,0.14489795918367346,0.3306122448979592,1.8979591836734695
RARG,0.5265306122448979,0.0326530612244898,2.9326530612244897
RARRES2,0.5285714285714286,0.08571428571428572,3.022448979591837
RARS2,0.47346938775510206,0.07346938775510205,2.789795918367347
RASA1,0.14489795918367346,0.31020408163265306,1.9020408163265305
RASA2,0.8285714285714286,0.018367346938775512,4.571428571428571
RASA3,0.33877551020408164,0.22040816326530613,2.5510204081632653
RASA4,0.5755102040816327,0.04081632653061224,3.426530612244898
RASAL1,0.5102040816326531,0.053061224489795916,2.853061224489796
RASAL2,0.6693877551020408,0.012244897959183673,3.3979591836734695
RASAL3,0.4448979591836735,0.09795918367346938,2.7979591836734694
RASD1,0.2693877551020408,0.24693877551020407,2.1979591836734693
RASD2,0.5591836734693878,0.05918367346938776,3.1285714285714286
RASGRF1,0.48367346938775513,0.0673469387755102,2.795918367346939
RASGRF2,0.1489795918367347,0.3040816326530612,1.9224489795918367
RASGRP1,0.38571428571428573,0.12040816326530612,2.5551020408163265
RASGRP2,0.49387755102040815,0.04693877551020408,2.8183673469387753
RASGRP3,0.6428571428571429,0.018367346938775512,3.3653061224489798
RASGRP4,0.6040816326530613,0.04285714285714286,3.642857142857143
RASIP1,0.48775510204081635,0.07551020408163266,2.8102040816326532
RASL10A,0.5795918367346938,0.053061224489795916,3.2551020408163267
RASSF1,0.10408163265306122,0.36122448979591837,1.7755102040816326
RASSF2,0.6163265306122448,0.0326530612244898,3.404081632653061
RASSF5,0.6551020408163265,0.00816326530612245,3.3020408163265307
RAX2,0.3816326530612245,0.15306122448979592,2.453061224489796
RB1,0.22448979591836735,0.2755102040816326,2.073469387755102
RB1CC1,0.5938775510204082,0.04897959183673469,3.4551020408163264
RBBP4,0.3653061224489796,0.11020408163265306,2.453061224489796
RBBP5,0.6571428571428571,0.00816326530612245,3.3448979591836734
RBBP6,0.4673469387755102,0.07755102040816327,2.7714285714285714
RBBP7,0.13877551020408163,0.4326530612244898,1.883673469387755
RBBP8,0.49183673469387756,0.0653061224489796,3.1244897959183673
RBBP9,0.6020408163265306,0.02857142857142857,3.379591836734694
RBCK1,0.6061224489795919,0.03877551020408163,3.4
RBFOX1,0.4387755102040816,0.10204081632653061,2.673469387755102
RBFOX2,0.5551020408163265,0.05918367346938776,3.126530612244898
RBL1,0.6122448979591837,0.022448979591836733,3.4122448979591837
RBL2,0.3877551020408163,0.12857142857142856,2.5693877551020408
RBM10,0.13673469387755102,0.4306122448979592,1.816326530612245
RBM12,0.6224489795918368,0.0163265306122449,3.4714285714285715
RBM14,0.5142857142857142,0.04285714285714286,2.9326530612244897
RBM15,0.29183673469387755,0.16326530612244897,2.2918367346938777
RBM15B,0.10612244897959183,0.363265306122449,1.7755102040816326
RBM17,0.3795918367346939,0.15510204081632653,2.536734693877551
RBM19,0.5081632653061224,0.053061224489795916,2.8510204081632655
RBM22,0.1836734693877551,0.2714285714285714,2.0061224489795917
RBM23,0.42448979591836733,0.12857142857142856,2.7387755102040816
RBM24,0.4775510204081633,0.07959183673469387,2.7877551020408164
RBM25,0.4061224489795918,0.12857142857142856,2.63265306122449
RBM28,0.5346938775510204,0.07346938775510205,3.0755102040816324
RBM34,0.6551020408163265,0.012244897959183673,3.326530612244898
RBM38,0.5714285714285714,0.044897959183673466,3.257142857142857
RBM39,0.6224489795918368,0.0163265306122449,3.477551020408163
RBM4,0.5142857142857142,0.04285714285714286,2.9204081632653063
RBM42,0.6081632653061224,0.044897959183673466,3.5
RBM45,0.5571428571428572,0.04285714285714286,3.1816326530612247
RBM4B,0.5142857142857142,0.04285714285714286,2.9204081632653063
RBM5,0.10408163265306122,0.36122448979591837,1.7693877551020407
RBM8A,0.6775510204081633,0.00816326530612245,3.473469387755102
RBMX,0.16938775510204082,0.3489795918367347,1.9285714285714286
RBP2,0.8244897959183674,0.0163265306122449,4.438775510204081
RBP4,0.2979591836734694,0.17142857142857143,2.3
RBP5,0.6183673469387755,0.012244897959183673,3.548979591836735
RBPJ,0.25510204081632654,0.24693877551020407,2.242857142857143
RBPJL,0.5918367346938775,0.03469387755102041,3.3183673469387753
RBPMS,0.2510204081632653,0.3040816326530612,2.1489795918367345
RBSN,0.1489795918367347,0.3224489795918367,1.920408163265306
RBX1,0.5591836734693878,0.06326530612244897,3.1122448979591835
RC3H1,0.6795918367346939,0.00816326530612245,3.440816326530612
RCAN1,0.3142857142857143,0.1673469387755102,2.3469387755102042
RCC1,0.3306122448979592,0.12857142857142856,2.3816326530612244
RCC2,0.3163265306122449,0.14285714285714285,2.3551020408163263
RCCD1,0.5265306122448979,0.04693877551020408,2.973469387755102
RCE1,0.5142857142857142,0.04285714285714286,2.9224489795918367
RCHY1,0.3510204081632653,0.14285714285714285,2.63265306122449
RCL1,0.2755102040816326,0.2897959183673469,2.342857142857143
RCN1,0.4489795918367347,0.1,2.7224489795918365
RCOR1,0.46122448979591835,0.10816326530612246,2.8346938775510204
RCOR2,0.49183673469387756,0.044897959183673466,2.795918367346939
RCOR3,0.6510204081632653,0.00816326530612245,3.316326530612245
RCSD1,0.6795918367346939,0.006122448979591836,3.5142857142857142
RDH10,0.6224489795918368,0.026530612244897958,3.520408163265306
RDH11,0.4020408163265306,0.14285714285714285,2.6
RDH13,0.5326530612244897,0.06326530612244897,2.9571428571428573
RDH14,0.6204081632653061,0.0326530612244898,3.3612244897959185
RDH5,0.5244897959183673,0.0326530612244898,2.926530612244898
REC8,0.41836734693877553,0.1346938775510204,2.6979591836734693
RECK,0.3693877551020408,0.20408163265306123,2.757142857142857
RECQL,0.610204081632653,0.018367346938775512,3.6816326530612247
RECQL4,0.7040816326530612,0.022448979591836733,3.7857142857142856
RECQL5,0.6122448979591837,0.05102040816326531,3.2020408163265306
REEP1,0.6346938775510204,0.014285714285714285,3.2775510204081635
REEP2,0.18775510204081633,0.2755102040816326,2.010204081632653
REEP3,0.3489795918367347,0.1469387755102041,2.475510204081633
REEP4,0.22653061224489796,0.32448979591836735,2.0387755102040814
REEP5,0.1510204081632653,0.3020408163265306,1.916326530612245
REEP6,0.37755102040816324,0.15714285714285714,2.451020408163265
REG1A,0.6387755102040816,0.012244897959183673,3.416326530612245
REG1B,0.6408163265306123,0.01020408163265306,3.4204081632653063
REG3A,0.6387755102040816,0.012244897959183673,3.4204081632653063
REL,0.6877551020408164,0.0020408163265306124,4.018367346938776
RELA,0.49795918367346936,0.04693877551020408,2.8591836734693876
RELB,0.5040816326530613,0.05918367346938776,2.926530612244898
RELN,0.5816326530612245,0.04081632653061224,3.442857142857143
RELT,0.5040816326530613,0.06938775510204082,2.973469387755102
REN,0.6612244897959184,0.00816326530612245,3.3510204081632655
REP15,0.6061224489795919,0.022448979591836733,3.536734693877551
REPIN1,0.5285714285714286,0.08571428571428572,3.022448979591837
REPS1,0.4673469387755102,0.0836734693877551,2.710204081632653
REPS2,0.14081632653061224,0.4306122448979592,1.8938775510204082
RER1,0.3448979591836735,0.12448979591836734,2.473469387755102
RERE,0.3346938775510204,0.12857142857142856,2.4122448979591837
REST,0.4061224489795918,0.1306122448979592,2.8857142857142857
RET,0.41020408163265304,0.12448979591836734,2.6122448979591835
RETN,0.4061224489795918,0.12857142857142856,2.5795918367346937
RETREG1,0.8020408163265306,0.01020408163265306,4.795918367346939
RETSAT,0.6408163265306123,0.012244897959183673,3.2918367346938777
REV1,0.5938775510204082,0.018367346938775512,3.204081632653061
REV3L,0.44693877551020406,0.09387755102040816,2.695918367346939
REXO1,0.373469387755102,0.15918367346938775,2.4448979591836735
REXO2,0.40408163265306124,0.11020408163265306,2.583673469387755
REXO4,0.37551020408163266,0.15306122448979592,2.5183673469387755
REXO5,0.4448979591836735,0.09387755102040816,2.663265306122449
RFC1,0.2673469387755102,0.23265306122448978,2.23265306122449
RFC2,0.5673469387755102,0.03877551020408163,3.23265306122449
RFC3,0.21836734693877552,0.2510204081632653,2.0795918367346937
RFC4,0.889795918367347,0.01020408163265306,6.03265306122449
RFC5,0.4959183673469388,0.04897959183673469,2.826530612244898
RFFL,0.49183673469387756,0.09591836734693877,2.836734693877551
RFK,0.3489795918367347,0.16326530612244897,2.487755102040816
RFT1,0.10816326530612246,0.36122448979591837,1.7816326530612245
RFWD3,0.37142857142857144,0.12448979591836734,2.5306122448979593
RFX2,0.40816326530612246,0.1326530612244898,2.557142857142857
RFX3,0.2653061224489796,0.29591836734693877,2.263265306122449
RFX5,0.6918367346938775,0.00816326530612245,3.561224489795918
RFX6,0.44693877551020406,0.09183673469387756,2.659183673469388
RFX7,0.44081632653061226,0.10408163265306122,2.6612244897959183
RFXANK,0.4714285714285714,0.0836734693877551,2.8489795918367347
RFXAP,0.2163265306122449,0.25918367346938775,2.0755102040816324
RGCC,0.21020408163265306,0.2673469387755102,2.0653061224489795
RGMA,0.5306122448979592,0.04693877551020408,2.9979591836734696
RGMB,0.1469387755102041,0.30612244897959184,1.916326530612245
RGPD8,0.573469387755102,0.022448979591836733,3.073469387755102
RGR,0.30612244897959184,0.1653061224489796,2.3081632653061224
RGS1,0.6510204081632653,0.012244897959183673,3.3
RGS10,0.32857142857142857,0.14285714285714285,2.3755102040816327
RGS11,0.42244897959183675,0.1306122448979592,2.5795918367346937
RGS12,0.26326530612244897,0.23673469387755103,2.193877551020408
RGS13,0.6489795918367347,0.012244897959183673,3.2979591836734694
RGS14,0.21020408163265306,0.2673469387755102,2.063265306122449
RGS16,0.6653061224489796,0.00816326530612245,3.389795918367347
RGS17,0.45714285714285713,0.08979591836734693,2.704081632653061
RGS18,0.6530612244897959,0.012244897959183673,3.3020408163265307
RGS19,0.5877551020408164,0.04285714285714286,3.2489795918367346
RGS2,0.6448979591836734,0.014285714285714285,3.2857142857142856
RGS20,0.6,0.044897959183673466,3.3938775510204082
RGS22,0.6836734693877551,0.0163265306122449,3.6897959183673468
RGS3,0.373469387755102,0.15714285714285714,2.516326530612245
RGS4,0.689795918367347,0.006122448979591836,3.5448979591836736
RGS5,0.689795918367347,0.006122448979591836,3.5510204081632653
RGS6,0.4061224489795918,0.12653061224489795,2.63265306122449
RGS7,0.6510204081632653,0.0163265306122449,3.353061224489796
RGS7BP,0.15714285714285714,0.2938775510204082,1.973469387755102
RGS8,0.6653061224489796,0.00816326530612245,3.3877551020408165
RGS9,0.610204081632653,0.04693877551020408,3.1877551020408164
RGS9BP,0.5816326530612245,0.03877551020408163,3.460122699386503
RGSL1,0.6653061224489796,0.00816326530612245,3.3816326530612244
RHAG,0.5224489795918368,0.053061224489795916,3.022448979591837
RHBDD1,0.4,0.1,2.559183673469388
RHBDF1,0.42244897959183675,0.1306122448979592,2.5795918367346937
RHBDF2,0.6142857142857143,0.053061224489795916,3.193877551020408
RHEB,0.5346938775510204,0.08775510204081632,3.0408163265306123
RHNO1,0.6306122448979592,0.014285714285714285,3.583673469387755
RHO,0.7775510204081633,0.02040816326530612,4.002040816326531
RHOA,0.10408163265306122,0.3551020408163265,1.7816326530612245
RHOB,0.6224489795918368,0.030612244897959183,3.342857142857143
RHOBTB1,0.3489795918367347,0.14285714285714285,2.451020408163265
RHOBTB2,0.21836734693877552,0.3306122448979592,2.024489795918367
RHOBTB3,0.1469387755102041,0.30612244897959184,1.9346938775510205
RHOC,0.28775510204081634,0.17551020408163265,2.273469387755102
RHOD,0.5142857142857142,0.044897959183673466,2.936734693877551
RHOF,0.5,0.05714285714285714,2.816326530612245
RHOG,0.336734693877551,0.17959183673469387,2.3448979591836734
RHOH,0.27755102040816326,0.22857142857142856,2.2551020408163267
RHOQ,0.6571428571428571,0.018367346938775512,3.5816326530612246
RHOT1,0.49183673469387756,0.09795918367346938,2.83265306122449
RHOT2,0.41836734693877553,0.12653061224489795,2.5693877551020408
RHOU,0.6571428571428571,0.012244897959183673,3.3244897959183675
RHOV,0.3877551020408163,0.11836734693877551,2.5448979591836736
RHPN2,0.5816326530612245,0.03877551020408163,3.4571428571428573
RIC8A,0.3346938775510204,0.18571428571428572,2.340816326530612
RIC8B,0.5081632653061224,0.05102040816326531,2.8387755102040817
RICTOR,0.7877551020408163,0.014285714285714285,4.604081632653061
RIF1,0.5265306122448979,0.05102040816326531,2.906122448979592
RILP,0.27755102040816326,0.2510204081632653,2.2122448979591836
RIMKLA,0.4,0.09795918367346938,2.5979591836734692
RIMKLB,0.6061224489795919,0.014285714285714285,3.512244897959184
RIMS1,0.48775510204081635,0.061224489795918366,2.826530612244898
RIMS2,0.6857142857142857,0.0163265306122449,3.7183673469387757
RIN1,0.5061224489795918,0.04693877551020408,2.906122448979592
RING1,0.46938775510204084,0.07551020408163266,2.7285714285714286
RINT1,0.5693877551020409,0.04285714285714286,3.3612244897959185
RIOK1,0.4857142857142857,0.08571428571428572,2.769387755102041
RIOX1,0.41020408163265304,0.12857142857142856,2.6408163265306124
RIPK1,0.4816326530612245,0.08979591836734693,2.753061224489796
RIPK2,0.6469387755102041,0.018367346938775512,3.5775510204081633
RIPK3,0.4163265306122449,0.13673469387755102,2.66734693877551
RIT1,0.6775510204081633,0.00816326530612245,3.475510204081633
RIT2,0.38979591836734695,0.12653061224489795,2.6346938775510202
RLBP1,0.5244897959183673,0.04897959183673469,3.022448979591837
RLIM,0.1469387755102041,0.39387755102040817,1.8755102040816327
RMDN2,0.6428571428571429,0.02040816326530612,3.3612244897959185
RMDN3,0.3877551020408163,0.11836734693877551,2.5408163265306123
RMI1,0.3551020408163265,0.16326530612244897,2.4918367346938775
RMI2,0.45510204081632655,0.09591836734693877,2.726530612244898
RNASE2,0.42244897959183675,0.12857142857142856,2.7259713701431494
RNASE3,0.42448979591836733,0.12857142857142856,2.7510204081632654
RNASEH1,0.5959183673469388,0.04897959183673469,3.240816326530612
RNASEH2A,0.4122448979591837,0.10816326530612246,2.6775510204081634
RNASEH2B,0.23673469387755103,0.2693877551020408,2.1122448979591835
RNASEH2C,0.49795918367346936,0.044897959183673466,2.8612244897959185
RND1,0.5306122448979592,0.030612244897959183,2.916326530612245
RND2,0.5020408163265306,0.08571428571428572,2.8591836734693876
RND3,0.5326530612244897,0.05102040816326531,2.9285714285714284
RNF103,0.6326530612244898,0.0163265306122449,3.2551020408163267
RNF11,0.3795918367346939,0.10408163265306122,2.526530612244898
RNF111,0.4530612244897959,0.09591836734693877,2.6897959183673468
RNF115,0.6775510204081633,0.00816326530612245,3.473469387755102
RNF123,0.10408163265306122,0.35714285714285715,1.7755102040816326
RNF125,0.4306122448979592,0.09795918367346938,2.8653061224489798
RNF128,0.17755102040816326,0.36122448979591837,2.036734693877551
RNF13,0.8530612244897959,0.014285714285714285,5.046938775510204
RNF130,0.20816326530612245,0.2612244897959184,2.073469387755102
RNF135,0.48367346938775513,0.10204081632653061,2.8081632653061224
RNF138,0.4306122448979592,0.09795918367346938,2.8653061224489798
RNF139,0.7285714285714285,0.01020408163265306,3.8918367346938774
RNF14,0.17959183673469387,0.27346938775510204,1.9918367346938775
RNF144A,0.5979591836734693,0.044897959183673466,3.2448979591836733
RNF144B,0.48367346938775513,0.07551020408163266,2.842857142857143
RNF146,0.46122448979591835,0.0836734693877551,2.8142857142857145
RNF152,0.3673469387755102,0.15918367346938775,2.4857142857142858
RNF168,0.8816326530612245,0.012244897959183673,5.708163265306123
RNF17,0.22653061224489796,0.25510204081632654,2.095918367346939
RNF182,0.47346938775510206,0.08163265306122448,2.8102040816326532
RNF185,0.5795918367346938,0.053061224489795916,3.295918367346939
RNF187,0.6571428571428571,0.012244897959183673,3.3224489795918366
RNF19A,0.6857142857142857,0.014285714285714285,3.6918367346938776
RNF19B,0.3673469387755102,0.10816326530612246,2.4571428571428573
RNF2,0.6632653061224489,0.01020408163265306,3.3836734693877553
RNF20,0.373469387755102,0.1489795918367347,2.5551020408163265
RNF213,0.5918367346938775,0.05714285714285714,3.1551020408163266
RNF216,0.6040816326530613,0.0326530612244898,3.283673469387755
RNF220,0.39591836734693875,0.09795918367346938,2.5714285714285716
RNF24,0.6183673469387755,0.026530612244897958,3.416326530612245
RNF25,0.4122448979591837,0.10612244897959183,2.6061224489795918
RNF31,0.41836734693877553,0.1346938775510204,2.6979591836734693
RNF32,0.5224489795918368,0.09591836734693877,2.989795918367347
RNF34,0.5,0.05714285714285714,2.816326530612245
RNF4,0.2693877551020408,0.23469387755102042,2.2081632653061223
RNF40,0.4816326530612245,0.06326530612244897,2.779591836734694
RNF41,0.5265306122448979,0.0326530612244898,2.9285714285714284
RNF43,0.5795918367346938,0.04897959183673469,3.1
RNF5,0.47346938775510206,0.07346938775510205,2.753061224489796
RNF6,0.22244897959183674,0.2510204081632653,2.1020408163265305
RNF7,0.8306122448979592,0.018367346938775512,4.581632653061225
RNF8,0.4775510204081633,0.07551020408163266,2.7918367346938777
RNGTT,0.4673469387755102,0.07959183673469387,2.746938775510204
RNH1,0.3346938775510204,0.18775510204081633,2.33265306122449
RNMT,0.5061224489795918,0.0653061224489796,2.9122448979591837
RNPEP,0.6551020408163265,0.00816326530612245,3.2979591836734694
RNPS1,0.4204081632653061,0.12244897959183673,2.5653061224489795
RO60,0.6469387755102041,0.014285714285714285,3.2857142857142856
ROBO1,0.12448979591836734,0.37755102040816324,1.8040816326530613
ROBO2,0.11224489795918367,0.3836734693877551,1.7714285714285714
ROBO3,0.4142857142857143,0.11836734693877551,2.5795918367346937
ROBO4,0.4142857142857143,0.11836734693877551,2.5795918367346937
ROCK1,0.4897959183673469,0.05510204081632653,2.8959183673469386
ROCK2,0.6020408163265306,0.04285714285714286,3.2448979591836733
ROM1,0.48367346938775513,0.04285714285714286,2.76734693877551
ROMO1,0.6204081632653061,0.0163265306122449,3.470347648261759
ROPN1L,0.7979591836734694,0.014285714285714285,4.755102040816326
ROR1,0.35918367346938773,0.10816326530612246,2.5040816326530613
ROR2,0.3653061224489796,0.1510204081632653,2.520408163265306
RORA,0.4530612244897959,0.09387755102040816,2.693877551020408
RORB,0.3448979591836735,0.16122448979591836,2.4979591836734696
RORC,0.6877551020408164,0.00816326530612245,3.5673469387755103
RP1L1,0.22857142857142856,0.3326530612244898,2.0408163265306123
RP2,0.13877551020408163,0.42857142857142855,1.8183673469387756
RP9,0.5673469387755102,0.05102040816326531,3.2122448979591836
RPA1,0.2755102040816326,0.2510204081632653,2.210204081632653
RPA2,0.32653061224489793,0.1306122448979592,2.377551020408163
RPA3,0.6020408163265306,0.03469387755102041,3.283673469387755
RPA4,0.1653061224489796,0.3816326530612245,1.926530612244898
RPAIN,0.2612244897959184,0.25510204081632654,2.179591836734694
RPAP1,0.38979591836734695,0.11632653061224489,2.548979591836735
RPAP2,0.34285714285714286,0.11632653061224489,2.4612244897959186
RPE,0.45102040816326533,0.08979591836734693,2.730612244897959
RPE65,0.3551020408163265,0.10612244897959183,2.451020408163265
RPF1,0.3469387755102041,0.11020408163265306,2.4673469387755103
RPF2,0.44693877551020406,0.09591836734693877,2.673469387755102
RPGRIP1,0.4204081632653061,0.12857142857142856,2.7244897959183674
RPH3A,0.5102040816326531,0.053061224489795916,2.8755102040816327
RPH3AL,0.27755102040816326,0.25918367346938775,2.2285714285714286
RPIA,0.6204081632653061,0.022448979591836733,3.2224489795918365
RPL10A,0.47346938775510206,0.07959183673469387,2.720408163265306
RPL10L,0.4204081632653061,0.1346938775510204,2.663265306122449
RPL11,0.3163265306122449,0.14489795918367346,2.3510204081632655
RPL12,0.3693877551020408,0.1510204081632653,2.510204081632653
RPL13,0.35918367346938773,0.14081632653061224,2.4816326530612245
RPL13A,0.4897959183673469,0.06938775510204082,2.830612244897959
RPL14,0.1326530612244898,0.33877551020408164,1.8714285714285714
RPL15,0.14285714285714285,0.32857142857142857,1.8959183673469389
RPL18,0.48775510204081635,0.07551020408163266,2.8102040816326532
RPL18A,0.463265306122449,0.08979591836734693,2.8183673469387753
RPL19,0.5,0.08775510204081632,2.916326530612245
RPL21,0.22448979591836735,0.2510204081632653,2.1408163265306124
RPL22,0.3346938775510204,0.12653061224489795,2.426530612244898
RPL22L1,0.9102040816326531,0.0020408163265306124,6.463265306122449
RPL23,0.49795918367346936,0.08775510204081632,2.889795918367347
RPL23A,0.49387755102040815,0.09795918367346938,2.8938775510204082
RPL24,0.7428571428571429,0.030612244897959183,3.8122448979591836
RPL26,0.26326530612244897,0.2653061224489796,2.1714285714285713
RPL26L1,0.19795918367346937,0.26326530612244897,2.0306122448979593
RPL27,0.5020408163265306,0.08571428571428572,2.8612244897959185
RPL27A,0.33877551020408164,0.1673469387755102,2.363265306122449
RPL28,0.536734693877551,0.06326530612244897,2.9714285714285715
RPL29,0.10612244897959183,0.36122448979591837,1.7775510204081633
RPL3,0.5530612244897959,0.06326530612244897,3.1489795918367345
RPL30,0.6775510204081633,0.0163265306122449,3.646938775510204
RPL31,0.5836734693877551,0.0163265306122449,3.1387755102040815
RPL32,0.1489795918367347,0.3122448979591837,1.9306122448979592
RPL34,0.25510204081632654,0.18775510204081633,2.2122448979591836
RPL35,0.3795918367346939,0.1510204081632653,2.522448979591837
RPL36,0.4122448979591837,0.1306122448979592,2.561224489795918
RPL36A,0.16938775510204082,0.3673469387755102,1.9551020408163264
RPL36AL,0.4306122448979592,0.12448979591836734,2.6897959183673468
RPL37,0.7755102040816326,0.0163265306122449,4.569387755102041
RPL37A,0.4122448979591837,0.11224489795918367,2.5918367346938775
RPL38,0.610204081632653,0.04897959183673469,3.193877551020408
RPL39,0.17346938775510204,0.35306122448979593,1.963265306122449
RPL39L,0.8877551020408163,0.012244897959183673,6.038775510204082
RPL3L,0.4204081632653061,0.12244897959183673,2.5673469387755103
RPL4,0.463265306122449,0.08979591836734693,2.7224489795918365
RPL41,0.5244897959183673,0.0326530612244898,2.926530612244898
RPL5,0.34285714285714286,0.11632653061224489,2.4612244897959186
RPL6,0.5122448979591837,0.05510204081632653,2.8755102040816327
RPL7,0.6204081632653061,0.026530612244897958,3.5183673469387755
RPL7A,0.37551020408163266,0.15306122448979592,2.5183673469387755
RPL7L1,0.5020408163265306,0.06326530612244897,2.9122448979591837
RPL8,0.7040816326530612,0.022448979591836733,3.7918367346938777
RPL9,0.2653061224489796,0.22857142857142856,2.230612244897959
RPLP0,0.5040816326530613,0.053061224489795916,2.8244897959183675
RPLP1,0.46530612244897956,0.07755102040816327,2.746938775510204
RPLP2,0.3346938775510204,0.18775510204081633,2.33265306122449
RPN1,0.7775510204081633,0.02040816326530612,3.963265306122449
RPN2,0.6122448979591837,0.022448979591836733,3.4204081632653063
RPP14,0.10612244897959183,0.35918367346938773,1.7938775510204081
RPP21,0.4673469387755102,0.07142857142857142,2.7551020408163267
RPP25,0.47346938775510206,0.07346938775510205,2.759183673469388
RPP30,0.3,0.17755102040816326,2.2755102040816326
RPP38,0.373469387755102,0.15510204081632653,2.5183673469387755
RPP40,0.48367346938775513,0.08571428571428572,2.7653061224489797
RPRD1A,0.41020408163265304,0.10816326530612246,2.73265306122449
RPRD1B,0.6061224489795919,0.026530612244897958,3.373469387755102
RPRD2,0.689795918367347,0.006122448979591836,3.5918367346938775
RPS10,0.4673469387755102,0.07959183673469387,2.7122448979591836
RPS11,0.4897959183673469,0.06938775510204082,2.830612244897959
RPS12,0.46530612244897956,0.07959183673469387,2.706122448979592
RPS13,0.3979591836734694,0.1306122448979592,2.548979591836735
RPS14,0.1836734693877551,0.27346938775510204,2.0040816326530613
RPS15,0.37551020408163266,0.15918367346938775,2.446938775510204
RPS15A,0.44285714285714284,0.09795918367346938,2.663265306122449
RPS16,0.5857142857142857,0.044897959183673466,3.65439672801636
RPS18,0.4673469387755102,0.07755102040816327,2.7244897959183674
RPS19,0.5081632653061224,0.06326530612244897,2.9959183673469387
RPS19BP1,0.5551020408163265,0.06326530612244897,3.1489795918367345
RPS2,0.4204081632653061,0.12244897959183673,2.5673469387755103
RPS20,0.5979591836734693,0.036734693877551024,3.406122448979592
RPS21,0.5795918367346938,0.04693877551020408,3.236734693877551
RPS23,0.1469387755102041,0.3020408163265306,1.9224489795918367
RPS24,0.35306122448979593,0.14489795918367346,2.4306122448979592
RPS25,0.41020408163265304,0.11020408163265306,2.589795918367347
RPS26,0.5244897959183673,0.0326530612244898,2.926530612244898
RPS27A,0.6755102040816326,0.00816326530612245,3.673469387755102
RPS27L,0.46530612244897956,0.08571428571428572,2.7224489795918365
RPS28,0.4061224489795918,0.12653061224489795,2.5918367346938775
RPS29,0.4306122448979592,0.12448979591836734,2.6897959183673468
RPS3,0.4897959183673469,0.07142857142857142,2.8551020408163263
RPS3A,0.22857142857142856,0.23061224489795917,2.110204081632653
RPS4X,0.1489795918367347,0.39387755102040817,1.873469387755102
RPS5,0.5265306122448979,0.0673469387755102,2.9571428571428573
RPS6,0.2510204081632653,0.2979591836734694,2.195918367346939
RPS6KA1,0.31020408163265306,0.1489795918367347,2.3224489795918366
RPS6KA2,0.44693877551020406,0.08979591836734693,2.6897959183673468
RPS6KA3,0.1346938775510204,0.42857142857142855,1.8693877551020408
RPS6KA4,0.49183673469387756,0.044897959183673466,2.793877551020408
RPS6KA5,0.4489795918367347,0.11632653061224489,2.763265306122449
RPS6KA6,0.16122448979591836,0.3816326530612245,1.8959183673469389
RPS6KB1,0.5938775510204082,0.05102040816326531,3.1285714285714286
RPS6KB2,0.5183673469387755,0.04285714285714286,2.9857142857142858
RPS8,0.39591836734693875,0.09795918367346938,2.5653061224489795
RPS9,0.5244897959183673,0.061224489795918366,2.942857142857143
RPSA,0.1346938775510204,0.33877551020408164,1.8755102040816327
RPTOR,0.5877551020408164,0.05714285714285714,3.120408163265306
RPUSD4,0.4122448979591837,0.11632653061224489,2.5877551020408163
RRAGA,0.2510204081632653,0.29591836734693877,2.2
RRAGB,0.1469387755102041,0.41020408163265304,1.8673469387755102
RRAGC,0.38571428571428573,0.1,2.6183673469387756
RRAGD,0.4714285714285714,0.07755102040816327,2.773469387755102
RRAS,0.4897959183673469,0.06938775510204082,2.830612244897959
RRAS2,0.38979591836734695,0.1326530612244898,2.6918367346938776
RRBP1,0.6061224489795919,0.02857142857142857,3.379591836734694
RRH,0.24693877551020407,0.18571428571428572,2.204081632653061
RRM1,0.336734693877551,0.17959183673469387,2.3448979591836734
RRM2,0.5979591836734693,0.04693877551020408,3.2387755102040816
RRM2B,0.6877551020408164,0.0163265306122449,3.7
RRN3,0.4448979591836735,0.1,2.6530612244897958
RRP1,0.2938775510204082,0.17755102040816326,2.304081632653061
RRP12,0.3,0.17346938775510204,2.2755102040816326
RRP15,0.6571428571428571,0.012244897959183673,3.33265306122449
RRP1B,0.29183673469387755,0.17755102040816326,2.3
RRP36,0.5020408163265306,0.06326530612244897,2.9122448979591837
RRP8,0.33877551020408164,0.1653061224489796,2.3653061224489798
RRP9,0.10612244897959183,0.36122448979591837,1.7775510204081633
RRS1,0.6122448979591837,0.030612244897959183,3.4489795918367347
RSAD2,0.5979591836734693,0.044897959183673466,3.246938775510204
RSF1,0.4857142857142857,0.06938775510204082,2.9020408163265308
RSL1D1,0.45510204081632655,0.09591836734693877,2.6918367346938776
RSL24D1,0.4387755102040816,0.10408163265306122,2.663265306122449
RSPH9,0.5020408163265306,0.06326530612244897,2.914285714285714
RSPO1,0.3795918367346939,0.1,2.6183673469387756
RSRC1,0.8653061224489796,0.01020408163265306,5.281632653061225
RSU1,0.37755102040816324,0.15918367346938775,2.5326530612244897
RTCA,0.3142857142857143,0.12857142857142856,2.3714285714285714
RTCB,0.5693877551020409,0.05510204081632653,3.210204081632653
RTEL1,0.5857142857142857,0.044897959183673466,3.246938775510204
RTF1,0.38979591836734695,0.11632653061224489,2.548979591836735
RTKN,0.6408163265306123,0.006122448979591836,3.410204081632653
RTN1,0.4142857142857143,0.13673469387755102,2.6244897959183673
RTN3,0.49183673469387756,0.044897959183673466,2.795918367346939
RTN4,0.6755102040816326,0.00816326530612245,3.6551020408163266
RTN4IP1,0.4448979591836735,0.09387755102040816,2.853061224489796
RTN4R,0.5857142857142857,0.04693877551020408,3.3612244897959185
RTN4RL1,0.2755102040816326,0.2510204081632653,2.210204081632653
RTP2,0.889795918367347,0.012244897959183673,6.030612244897959
RTP4,0.889795918367347,0.012244897959183673,6.036734693877551
RTRAF,0.42448979591836733,0.12653061224489795,2.6877551020408164
RUBCN,0.8795918367346939,0.012244897959183673,5.689795918367347
RUFY1,0.20816326530612245,0.2612244897959184,2.0693877551020408
RUFY3,0.363265306122449,0.1489795918367347,2.610204081632653
RUNX1,0.31020408163265306,0.17346938775510204,2.3489795918367347
RUNX1T1,0.6612244897959184,0.018367346938775512,3.5979591836734692
RUNX2,0.5,0.0653061224489796,2.963265306122449
RUNX3,0.3183673469387755,0.1469387755102041,2.3489795918367347
RUSC1,0.6877551020408164,0.00816326530612245,3.5
RUSC2,0.37755102040816324,0.19591836734693877,2.783673469387755
RUVBL1,0.7795918367346939,0.022448979591836733,3.9673469387755103
RUVBL2,0.4897959183673469,0.07346938775510205,2.8183673469387753
RWDD3,0.3326530612244898,0.11836734693877551,2.438775510204082
RXFP1,0.2163265306122449,0.23469387755102042,2.1
RXFP3,0.7795918367346939,0.018367346938775512,4.618367346938776
RXFP4,0.6775510204081633,0.00816326530612245,3.473469387755102
RXRA,0.37142857142857144,0.1489795918367347,2.5142857142857142
RXRB,0.46938775510204084,0.07551020408163266,2.7285714285714286
RXRG,0.6857142857142857,0.006122448979591836,3.5510204081632653
RYBP,0.10408163265306122,0.38979591836734695,1.7489795918367348
RYK,0.7857142857142857,0.024489795918367346,4.116326530612245
RYR1,0.6020408163265306,0.04285714285714286,3.646938775510204
RYR2,0.6591836734693878,0.014285714285714285,3.3836734693877553
RYR3,0.38979591836734695,0.11632653061224489,2.5693877551020408
S100A1,0.6877551020408164,0.00816326530612245,3.5428571428571427
S100A10,0.689795918367347,0.00816326530612245,3.5653061224489795
S100A11,0.689795918367347,0.00816326530612245,3.5653061224489795
S100A12,0.6857142857142857,0.00816326530612245,3.5428571428571427
S100A14,0.6877551020408164,0.00816326530612245,3.5428571428571427
S100A16,0.6877551020408164,0.00816326530612245,3.5428571428571427
S100A4,0.6857142857142857,0.00816326530612245,3.5428571428571427
S100A6,0.6857142857142857,0.00816326530612245,3.5428571428571427
S100A7,0.6857142857142857,0.00816326530612245,3.5428571428571427
S100A8,0.6857142857142857,0.00816326530612245,3.5428571428571427
S100A9,0.6857142857142857,0.00816326530612245,3.5428571428571427
S100B,0.3040816326530612,0.17551020408163265,2.373469387755102
S100G,0.13877551020408163,0.4326530612244898,1.883673469387755
S100P,0.2714285714285714,0.23265306122448978,2.2183673469387757
S100PBP,0.3673469387755102,0.10816326530612246,2.4571428571428573
S1PR1,0.31020408163265306,0.1326530612244898,2.357142857142857
S1PR3,0.363265306122449,0.15306122448979592,2.5142857142857142
S1PR4,0.3795918367346939,0.15306122448979592,2.4489795918367347
S1PR5,0.40816326530612246,0.11020408163265306,2.6285714285714286
SAA1,0.4,0.12857142857142856,2.5510204081632653
SACM1L,0.11836734693877551,0.3489795918367347,1.8081632653061224
SAE1,0.4816326530612245,0.08163265306122448,2.7877551020408164
SAFB,0.4122448979591837,0.1306122448979592,2.561224489795918
SAFB2,0.4122448979591837,0.1306122448979592,2.561224489795918
SALL1,0.3877551020408163,0.12857142857142856,2.5714285714285716
SALL3,0.3408163265306122,0.20408163265306123,2.363265306122449
SALL4,0.5877551020408164,0.02857142857142857,3.316326530612245
SAMD8,0.363265306122449,0.1489795918367347,2.451020408163265
SAMHD1,0.6122448979591837,0.022448979591836733,3.416326530612245
SAMM50,0.5428571428571428,0.07755102040816327,3.059183673469388
SAP130,0.5530612244897959,0.04081632653061224,2.989795918367347
SAP18,0.22653061224489796,0.26326530612244897,2.0775510204081633
SAP25,0.5877551020408164,0.036734693877551024,3.453061224489796
SAP30,0.21020408163265306,0.2612244897959184,2.0714285714285716
SAP30BP,0.6122448979591837,0.05102040816326531,3.2020408163265306
SAP30L,0.18571428571428572,0.2673469387755102,2.0183673469387755
SAR1A,0.3551020408163265,0.14285714285714285,2.436734693877551
SAR1B,0.1653061224489796,0.2836734693877551,1.957142857142857
SARAF,0.24897959183673468,0.3020408163265306,2.157142857142857
SARM1,0.5,0.09795918367346938,2.9224489795918367
SARNP,0.5244897959183673,0.0326530612244898,2.926530612244898
SARS2,0.5938775510204082,0.044897959183673466,3.6530612244897958
SART1,0.5040816326530613,0.044897959183673466,2.86734693877551
SART3,0.5122448979591837,0.05510204081632653,2.830612244897959
SASS6,0.3142857142857143,0.12857142857142856,2.377551020408163
SAT1,0.1346938775510204,0.4326530612244898,1.889795918367347
SAT2,0.2612244897959184,0.2612244897959184,2.1714285714285713
SATB1,0.1510204081632653,0.32040816326530613,1.9244897959183673
SATB2,0.5387755102040817,0.05102040816326531,2.983673469387755
SAV1,0.42653061224489797,0.12448979591836734,2.6897959183673468
SBDS,0.5653061224489796,0.030612244897959183,3.326530612244898
SBF1,0.5020408163265306,0.09795918367346938,2.9204081632653063
SBF2,0.3326530612244898,0.17346938775510204,2.3469387755102042
SC5D,0.4142857142857143,0.10612244897959183,2.595918367346939
SCAF1,0.4897959183673469,0.06938775510204082,2.830612244897959
SCAF11,0.536734693877551,0.030612244897959183,3.0061224489795917
SCAF8,0.45714285714285713,0.08775510204081632,2.706122448979592
SCAI,0.37755102040816324,0.1510204081632653,2.516326530612245
SCAMP1,0.15306122448979592,0.3040816326530612,1.9285714285714286
SCAMP2,0.47346938775510206,0.07346938775510205,2.7612244897959184
SCAND1,0.6163265306122448,0.02040816326530612,3.4673469387755103
SCAP,0.11428571428571428,0.35306122448979593,1.8
SCARA3,0.22653061224489796,0.32448979591836735,2.061224489795918
SCARA5,0.22857142857142856,0.3224489795918367,2.0693877551020408
SCARB1,0.5020408163265306,0.053061224489795916,2.8102040816326532
SCARB2,0.3408163265306122,0.14285714285714285,2.573469387755102
SCARF2,0.6,0.04285714285714286,3.489795918367347
SCCPDH,0.6530612244897959,0.012244897959183673,3.3469387755102042
SCD,0.3020408163265306,0.17142857142857143,2.2918367346938777
SCD5,0.3020408163265306,0.17755102040816326,2.3244897959183675
SCFD1,0.42448979591836733,0.12653061224489795,2.7142857142857144
SCG2,0.4,0.10408163265306122,2.5693877551020408
SCG3,0.43673469387755104,0.10612244897959183,2.659183673469388
SCG5,0.38979591836734695,0.12040816326530612,2.563265306122449
SCGB1A1,0.4816326530612245,0.04285714285714286,2.7653061224489797
SCGB3A2,0.1816326530612245,0.2755102040816326,2.0040816326530613
SCLT1,0.23673469387755103,0.20408163265306123,2.159183673469388
SCLY,0.40816326530612246,0.09591836734693877,2.6020408163265305
SCML2,0.13673469387755102,0.42857142857142855,1.8673469387755102
SCN10A,0.13673469387755102,0.33877551020408164,1.8775510204081634
SCN1A,0.5346938775510204,0.04693877551020408,3.0081632653061225
SCN1B,0.6040816326530613,0.04285714285714286,3.4673469387755103
SCN2A,0.5346938775510204,0.04693877551020408,3.0142857142857142
SCN2B,0.40816326530612246,0.11020408163265306,2.589795918367347
SCN3A,0.536734693877551,0.04693877551020408,3.0020408163265304
SCN3B,0.4163265306122449,0.11224489795918367,2.595918367346939
SCN4A,0.6122448979591837,0.04693877551020408,3.193877551020408
SCN4B,0.40816326530612246,0.11020408163265306,2.589795918367347
SCN5A,0.13673469387755102,0.336734693877551,1.879591836734694
SCN8A,0.5306122448979592,0.03469387755102041,2.914285714285714
SCNN1A,0.6183673469387755,0.014285714285714285,3.553061224489796
SCNN1B,0.4489795918367347,0.0836734693877551,2.669387755102041
SCNN1D,0.34285714285714286,0.12653061224489795,2.4551020408163264
SCNN1G,0.4489795918367347,0.0836734693877551,2.6714285714285713
SCO1,0.2571428571428571,0.2612244897959184,2.169387755102041
SCO2,0.5020408163265306,0.09795918367346938,2.9204081632653063
SCOC,0.23673469387755103,0.2163265306122449,2.1551020408163266
SCP2,0.37551020408163266,0.10204081632653061,2.5061224489795917
SCPEP1,0.5775510204081633,0.04693877551020408,3.093877551020408
SCRIB,0.7040816326530612,0.02040816326530612,3.789795918367347
SCTR,0.5795918367346938,0.02857142857142857,3.083673469387755
SCUBE2,0.336734693877551,0.1673469387755102,2.3612244897959185
SCUBE3,0.47346938775510206,0.07959183673469387,2.720408163265306
SCYL1,0.49795918367346936,0.04693877551020408,2.8591836734693876
SCYL2,0.5081632653061224,0.04285714285714286,2.8387755102040817
SDAD1,0.3448979591836735,0.14285714285714285,2.6122448979591835
SDC1,0.6244897959183674,0.030612244897959183,3.342857142857143
SDC2,0.6755102040816326,0.0163265306122449,3.646938775510204
SDC3,0.3408163265306122,0.12244897959183673,2.4020408163265308
SDC4,0.5918367346938775,0.03469387755102041,3.3183673469387753
SDCBP,0.6,0.036734693877551024,3.3959183673469386
SDCCAG8,0.6530612244897959,0.012244897959183673,3.3448979591836734
SDF2,0.49183673469387756,0.09795918367346938,2.8938775510204082
SDF2L1,0.5938775510204082,0.05510204081632653,3.4346938775510205
SDHA,0.7938775510204081,0.018367346938775512,4.673469387755102
SDHAF1,0.6061224489795919,0.044897959183673466,3.526530612244898
SDHAF2,0.4816326530612245,0.04285714285714286,2.769387755102041
SDHAF3,0.5938775510204082,0.0326530612244898,3.475510204081633
SDHAF4,0.5,0.05714285714285714,2.904081632653061
SDHB,0.32040816326530613,0.14285714285714285,2.3591836734693876
SDHC,0.689795918367347,0.006122448979591836,3.595918367346939
SDHD,0.4,0.12040816326530612,2.5673469387755103
SDR16C5,0.5959183673469388,0.036734693877551024,3.3836734693877553
SDR9C7,0.5285714285714286,0.0326530612244898,2.938775510204082
SEC11A,0.5061224489795918,0.061224489795918366,2.8857142857142857
SEC11C,0.35714285714285715,0.1673469387755102,2.453061224489796
SEC13,0.15714285714285714,0.3081632653061224,1.9653061224489796
SEC14L1,0.6020408163265306,0.05510204081632653,3.1775510204081634
SEC16A,0.37142857142857144,0.1469387755102041,2.522448979591837
SEC22A,0.7755102040816326,0.022448979591836733,3.975510204081633
SEC22B,0.363265306122449,0.1306122448979592,2.5428571428571427
SEC22C,0.12244897959183673,0.3448979591836735,1.8285714285714285
SEC23A,0.4346938775510204,0.12857142857142856,2.7816326530612243
SEC23B,0.6,0.02857142857142857,3.377551020408163
SEC23IP,0.32857142857142857,0.14285714285714285,2.3755102040816327
SEC24A,0.1653061224489796,0.2836734693877551,1.957142857142857
SEC24B,0.24897959183673468,0.18571428571428572,2.206122448979592
SEC24C,0.36122448979591837,0.1469387755102041,2.4489795918367347
SEC24D,0.23265306122448978,0.19183673469387755,2.1755102040816325
SEC31A,0.3040816326530612,0.17551020408163265,2.3285714285714287
SEC31B,0.3020408163265306,0.17142857142857143,2.2918367346938777
SEC61A1,0.7795918367346939,0.022448979591836733,3.9673469387755103
SEC61A2,0.3795918367346939,0.1510204081632653,2.5448979591836736
SEC61B,0.37142857142857144,0.1510204081632653,2.526530612244898
SEC62,0.9102040816326531,0.0020408163265306124,6.546938775510204
SEC63,0.44285714285714284,0.09591836734693877,2.679591836734694
SECISBP2,0.3653061224489796,0.15306122448979592,2.522448979591837
SECTM1,0.573469387755102,0.07755102040816327,3.0714285714285716
SEH1L,0.5,0.0653061224489796,2.916326530612245
SEL1L,0.4387755102040816,0.11836734693877551,2.736734693877551
SELE,0.6816326530612244,0.00816326530612245,3.487755102040816
SELENOI,0.6408163265306123,0.0163265306122449,3.357142857142857
SELENOK,0.10204081632653061,0.36122448979591837,1.7693877551020407
SELENON,0.3163265306122449,0.1489795918367347,2.363265306122449
SELENOP,0.773469387755102,0.018367346938775512,4.555102040816327
SELENOS,0.5551020408163265,0.05510204081632653,3.0510204081632653
SELL,0.6816326530612244,0.00816326530612245,3.4918367346938775
SELP,0.6816326530612244,0.00816326530612245,3.4918367346938775
SELPLG,0.5122448979591837,0.053061224489795916,2.83265306122449
SEM1,0.5979591836734693,0.030612244897959183,3.473469387755102
SEMA3A,0.5816326530612245,0.04081632653061224,3.4122448979591837
SEMA3B,0.10408163265306122,0.36122448979591837,1.7755102040816326
SEMA3C,0.573469387755102,0.04081632653061224,3.2979591836734694
SEMA3F,0.10408163265306122,0.36122448979591837,1.7693877551020407
SEMA4A,0.6795918367346939,0.00816326530612245,3.4571428571428573
SEMA4B,0.5306122448979592,0.04897959183673469,3.0387755102040814
SEMA4D,0.3653061224489796,0.15306122448979592,2.522448979591837
SEMA4F,0.6408163265306123,0.006122448979591836,3.410204081632653
SEMA4G,0.3,0.17142857142857143,2.2755102040816326
SEMA6A,0.15714285714285714,0.29591836734693877,1.9306122448979592
SEMA6D,0.4204081632653061,0.11020408163265306,2.6285714285714286
SEMA7A,0.46530612244897956,0.07551020408163266,2.7448979591836733
SEMG1,0.5897959183673469,0.03469387755102041,3.316326530612245
SENP1,0.5346938775510204,0.030612244897959183,2.9816326530612245
SENP2,0.8938775510204081,0.006122448979591836,6.273469387755102
SENP3,0.25918367346938775,0.2612244897959184,2.16734693877551
SENP5,0.8795918367346939,0.012244897959183673,5.685714285714286
SENP6,0.4857142857142857,0.06326530612244897,2.8102040816326532
SENP7,0.7408163265306122,0.0326530612244898,3.793877551020408
SEPSECS,0.2571428571428571,0.24693877551020407,2.1857142857142855
SERBP1,0.3510204081632653,0.11020408163265306,2.442857142857143
SERGEF,0.39591836734693875,0.1306122448979592,2.536734693877551
SERINC3,0.5897959183673469,0.0326530612244898,3.3102040816326532
SERINC5,0.1510204081632653,0.3040816326530612,1.920408163265306
SERP1,0.8551020408163266,0.014285714285714285,5.069387755102041
SERPINA1,0.45510204081632655,0.10816326530612246,2.7775510204081635
SERPINA10,0.45510204081632655,0.10816326530612246,2.769387755102041
SERPINA3,0.45510204081632655,0.10816326530612246,2.7775510204081635
SERPINA4,0.45510204081632655,0.10816326530612246,2.7775510204081635
SERPINA5,0.45510204081632655,0.10816326530612246,2.7775510204081635
SERPINA7,0.17551020408163265,0.363265306122449,1.9836734693877551
SERPINB1,0.4816326530612245,0.08979591836734693,2.793877551020408
SERPINB13,0.3673469387755102,0.16122448979591836,2.487755102040816
SERPINB2,0.3653061224489796,0.16122448979591836,2.4857142857142858
SERPINB3,0.3653061224489796,0.16122448979591836,2.4857142857142858
SERPINB4,0.3653061224489796,0.16122448979591836,2.4857142857142858
SERPINB5,0.3673469387755102,0.16122448979591836,2.4857142857142858
SERPINB6,0.47959183673469385,0.08979591836734693,2.789795918367347
SERPINB8,0.3653061224489796,0.16122448979591836,2.483673469387755
SERPINC1,0.6795918367346939,0.00816326530612245,3.440816326530612
SERPIND1,0.6040816326530613,0.04693877551020408,3.5142857142857142
SERPINE1,0.5816326530612245,0.036734693877551024,3.4551020408163264
SERPINE2,0.3979591836734694,0.10408163265306122,2.557142857142857
SERPINF1,0.27755102040816326,0.2510204081632653,2.2122448979591836
SERPINF2,0.27755102040816326,0.2510204081632653,2.2122448979591836
SERPING1,0.5061224489795918,0.04285714285714286,2.8469387755102042
SERPINH1,0.4897959183673469,0.07346938775510205,2.857142857142857
SERTAD3,0.5489795918367347,0.061224489795918366,3.4938775510204083
SESN2,0.3306122448979592,0.1306122448979592,2.377551020408163
SESN3,0.4326530612244898,0.10612244897959183,2.646938775510204
SET,0.3653061224489796,0.15306122448979592,2.4979591836734696
SETD1A,0.47959183673469385,0.06326530612244897,2.773469387755102
SETD1B,0.5,0.05714285714285714,2.816326530612245
SETD2,0.11428571428571428,0.35306122448979593,1.7959183673469388
SETD6,0.39387755102040817,0.12448979591836734,2.5775510204081633
SETD7,0.23469387755102042,0.21836734693877552,2.146938775510204
SETDB1,0.6918367346938775,0.00816326530612245,3.573469387755102
SETDB2,0.22653061224489796,0.27346938775510204,2.0816326530612246
SETMAR,0.1673469387755102,0.3142857142857143,1.973469387755102
SETX,0.373469387755102,0.1489795918367347,2.522448979591837
SEZ6L,0.5755102040816327,0.05510204081632653,3.226530612244898
SEZ6L2,0.4775510204081633,0.0653061224489796,2.753061224489796
SF1,0.49387755102040815,0.04693877551020408,2.8183673469387753
SF3A1,0.5836734693877551,0.053061224489795916,3.3102040816326532
SF3A2,0.37551020408163266,0.15714285714285714,2.442857142857143
SF3A3,0.3816326530612245,0.10204081632653061,2.6183673469387756
SF3B1,0.5408163265306123,0.044897959183673466,3.0183673469387755
SF3B2,0.5040816326530613,0.04693877551020408,2.877551020408163
SF3B3,0.39183673469387753,0.11632653061224489,2.5816326530612246
SF3B4,0.6857142857142857,0.006122448979591836,3.5551020408163265
SF3B5,0.4714285714285714,0.0836734693877551,2.7142857142857144
SF3B6,0.6306122448979592,0.024489795918367346,3.330612244897959
SFI1,0.5755102040816327,0.05102040816326531,3.2510204081632654
SFN,0.3122448979591837,0.14285714285714285,2.330612244897959
SFPQ,0.3653061224489796,0.10408163265306122,2.4612244897959186
SFR1,0.30612244897959184,0.17142857142857143,2.283673469387755
SFRP1,0.5285714285714286,0.1,3.4714285714285715
SFRP2,0.22244897959183674,0.23061224489795917,2.1
SFRP4,0.5693877551020409,0.04897959183673469,3.1918367346938776
SFRP5,0.2979591836734694,0.17551020408163265,2.279591836734694
SFSWAP,0.49387755102040815,0.053061224489795916,2.8142857142857145
SFTPA1,0.3448979591836735,0.15306122448979592,2.4204081632653063
SFTPA2,0.3448979591836735,0.15306122448979592,2.4204081632653063
SFTPB,0.6387755102040816,0.012244897959183673,3.2877551020408164
SFTPC,0.22653061224489796,0.32448979591836735,2.0387755102040814
SFTPD,0.3448979591836735,0.15306122448979592,2.4183673469387754
SFXN1,0.20204081632653062,0.2673469387755102,2.036734693877551
SFXN2,0.2979591836734694,0.17551020408163265,2.2714285714285714
SGCA,0.573469387755102,0.04285714285714286,3.095918367346939
SGCB,0.4020408163265306,0.12653061224489795,2.914285714285714
SGCD,0.18571428571428572,0.2714285714285714,2.012244897959184
SGCE,0.6,0.02857142857142857,3.487755102040816
SGCG,0.23061224489795917,0.2571428571428571,2.089795918367347
SGCZ,0.23469387755102042,0.3183673469387755,2.0693877551020408
SGF29,0.4775510204081633,0.061224489795918366,2.7816326530612243
SGIP1,0.35306122448979593,0.10816326530612246,2.442857142857143
SGK1,0.4673469387755102,0.08775510204081632,2.720408163265306
SGMS1,0.363265306122449,0.14489795918367346,2.4551020408163264
SGMS2,0.25510204081632654,0.18979591836734694,2.2081632653061223
SGO1,0.1469387755102041,0.32448979591836735,1.9224489795918367
SGO2,0.5285714285714286,0.05102040816326531,3.010204081632653
SGPL1,0.3551020408163265,0.14285714285714285,2.438775510204082
SGPP1,0.41020408163265304,0.14081632653061224,2.6244897959183673
SGSH,0.5918367346938775,0.05714285714285714,3.1530612244897958
SGSM1,0.5775510204081633,0.05510204081632653,3.226530612244898
SGSM3,0.5591836734693878,0.06326530612244897,3.1653061224489796
SGTA,0.37755102040816324,0.15306122448979592,2.446938775510204
SH2B1,0.47959183673469385,0.06326530612244897,2.7653061224489797
SH2B2,0.5755102040816327,0.04081632653061224,3.426530612244898
SH2B3,0.5122448979591837,0.05510204081632653,2.830612244897959
SH2D1A,0.1673469387755102,0.35306122448979593,1.9122448979591837
SH2D2A,0.6816326530612244,0.00816326530612245,3.4673469387755103
SH2D3C,0.3653061224489796,0.15306122448979592,2.5040816326530613
SH2D4A,0.22857142857142856,0.32653061224489793,2.0387755102040814
SH3BGRL3,0.3142857142857143,0.1489795918367347,2.330612244897959
SH3BP5,0.1489795918367347,0.3224489795918367,1.920408163265306
SH3GL1,0.39591836734693875,0.14489795918367346,2.510204081632653
SH3GL2,0.2530612244897959,0.3040816326530612,2.2
SH3GL3,0.5061224489795918,0.0653061224489796,2.86734693877551
SH3GLB1,0.3448979591836735,0.11020408163265306,2.4591836734693877
SH3GLB2,0.3653061224489796,0.15306122448979592,2.4959183673469387
SH3KBP1,0.13673469387755102,0.4306122448979592,1.8775510204081634
SH3PXD2A,0.3020408163265306,0.17346938775510204,2.2775510204081635
SH3PXD2B,0.19591836734693877,0.2653061224489796,2.024489795918367
SH3RF1,0.20408163265306123,0.2510204081632653,2.0755102040816324
SHANK1,0.5081632653061224,0.06938775510204082,2.8755102040816327
SHARPIN,0.7040816326530612,0.022448979591836733,3.789795918367347
SHB,0.3163265306122449,0.22653061224489796,2.446938775510204
SHBG,0.2612244897959184,0.2612244897959184,2.1714285714285713
SHC1,0.6877551020408164,0.00816326530612245,3.5
SHC4,0.42244897959183675,0.10816326530612246,2.630612244897959
SHH,0.5183673469387755,0.09591836734693877,2.973469387755102
SHISA5,0.10612244897959183,0.3551020408163265,1.7836734693877552
SHMT1,0.29183673469387755,0.24081632653061225,2.2612244897959184
SHMT2,0.5285714285714286,0.0326530612244898,2.938775510204082
SHOC2,0.3122448979591837,0.16326530612244897,2.3183673469387753
SHPRH,0.46938775510204084,0.0836734693877551,2.7183673469387757
SHQ1,0.10408163265306122,0.3877551020408163,1.7489795918367348
SHROOM3,0.33877551020408164,0.14489795918367346,2.5551020408163265
SHTN1,0.32653061224489793,0.1510204081632653,2.357142857142857
SI,0.8938775510204081,0.004081632653061225,5.846938775510204
SIAH1,0.38979591836734695,0.1306122448979592,2.5693877551020408
SIAH2,0.8551020408163266,0.014285714285714285,5.071428571428571
SIGIRR,0.3346938775510204,0.18571428571428572,2.340816326530612
SIGLEC1,0.6183673469387755,0.026530612244897958,3.4122448979591837
SIGLEC14,0.5102040816326531,0.0673469387755102,2.8836734693877553
SIGMAR1,0.37755102040816324,0.19387755102040816,2.730612244897959
SIK1,0.29183673469387755,0.17959183673469387,2.2979591836734694
SIK2,0.4020408163265306,0.12040816326530612,2.5918367346938775
SIK3,0.4,0.11224489795918367,2.573469387755102
SIKE1,0.29183673469387755,0.16938775510204082,2.304081632653061
SIL1,0.1816326530612245,0.27346938775510204,1.9979591836734694
SIM1,0.4448979591836735,0.09591836734693877,2.8285714285714287
SIM2,0.31020408163265306,0.1673469387755102,2.3489795918367347
SIN3A,0.4775510204081633,0.07142857142857142,2.7857142857142856
SIN3B,0.44693877551020406,0.09591836734693877,2.7387755102040816
SIPA1,0.49795918367346936,0.04693877551020408,2.8591836734693876
SIPA1L1,0.4061224489795918,0.12857142857142856,2.630612244897959
SIRPA,0.6122448979591837,0.0326530612244898,3.4122448979591837
SIRPB1,0.610204081632653,0.0326530612244898,3.410204081632653
SIRPG,0.610204081632653,0.0326530612244898,3.410204081632653
SIRT1,0.35306122448979593,0.14489795918367346,2.4244897959183676
SIRT2,0.5959183673469388,0.04285714285714286,3.669387755102041
SIRT3,0.3346938775510204,0.18571428571428572,2.340816326530612
SIRT4,0.5040816326530613,0.053061224489795916,2.826530612244898
SIRT5,0.47551020408163264,0.08163265306122448,2.8142857142857145
SIRT6,0.38979591836734695,0.1469387755102041,2.489795918367347
SIRT7,0.5795918367346938,0.06938775510204082,3.089795918367347
SIVA1,0.463265306122449,0.10816326530612246,2.8551020408163263
SIX2,0.6551020408163265,0.02040816326530612,3.463265306122449
SIX3,0.6551020408163265,0.02040816326530612,3.463265306122449
SIX4,0.4061224489795918,0.14081632653061224,2.5979591836734692
SIX5,0.49183673469387756,0.0673469387755102,2.8755102040816327
SIX6,0.4122448979591837,0.14081632653061224,2.6122448979591835
SKA1,0.3673469387755102,0.15306122448979592,2.479591836734694
SKA2,0.5795918367346938,0.04897959183673469,3.0979591836734692
SKA3,0.22653061224489796,0.26326530612244897,2.0755102040816324
SKAP1,0.5530612244897959,0.04897959183673469,3.0448979591836736
SKAP2,0.5673469387755102,0.04285714285714286,3.23265306122449
SKI,0.3448979591836735,0.12448979591836734,2.487755102040816
SKIL,0.9102040816326531,0.0020408163265306124,6.4918367346938775
SKP1,0.1653061224489796,0.2836734693877551,1.957142857142857
SKP2,0.7836734693877551,0.018367346938775512,4.630612244897959
SLA,0.7244897959183674,0.01020408163265306,3.879591836734694
SLA2,0.6142857142857143,0.02040816326530612,3.4346938775510205
SLAIN2,0.3489795918367347,0.1653061224489796,2.522448979591837
SLAMF1,0.689795918367347,0.006122448979591836,3.626530612244898
SLAMF6,0.689795918367347,0.006122448979591836,3.6061224489795918
SLBP,0.27346938775510204,0.23673469387755103,2.236734693877551
SLC10A1,0.4,0.13673469387755102,2.6040816326530614
SLC11A2,0.5306122448979592,0.03469387755102041,2.914285714285714
SLC12A1,0.4204081632653061,0.11020408163265306,2.63265306122449
SLC12A2,0.15306122448979592,0.2938775510204082,1.9285714285714286
SLC12A3,0.38979591836734695,0.1326530612244898,2.5693877551020408
SLC12A5,0.5897959183673469,0.03469387755102041,3.3081632653061224
SLC12A6,0.38571428571428573,0.11836734693877551,2.563265306122449
SLC13A5,0.25918367346938775,0.2571428571428571,2.179591836734694
SLC15A4,0.5081632653061224,0.05102040816326531,2.842857142857143
SLC15A5,0.5959183673469388,0.018367346938775512,3.4857142857142858
SLC16A1,0.28775510204081634,0.17346938775510204,2.2857142857142856
SLC16A13,0.25918367346938775,0.25918367346938775,2.179591836734694
SLC16A2,0.1469387755102041,0.39387755102040817,1.8653061224489795
SLC16A3,0.573469387755102,0.07551020408163266,3.0714285714285716
SLC16A4,0.2897959183673469,0.1653061224489796,2.2857142857142856
SLC16A7,0.536734693877551,0.03469387755102041,3.0346938775510206
SLC17A1,0.4673469387755102,0.07959183673469387,2.753061224489796
SLC17A7,0.4897959183673469,0.07142857142857142,2.8285714285714287
SLC17A8,0.5061224489795918,0.044897959183673466,2.8346938775510204
SLC18A1,0.23265306122448978,0.3224489795918367,2.053061224489796
SLC18A3,0.37551020408163266,0.1469387755102041,2.4673469387755103
SLC19A1,0.29183673469387755,0.17551020408163265,2.3224489795918366
SLC1A1,0.2693877551020408,0.29183673469387755,2.3
SLC1A2,0.45714285714285713,0.09387755102040816,2.8510204081632655
SLC20A2,0.5408163265306123,0.09591836734693877,3.6142857142857143
SLC22A1,0.45510204081632655,0.08775510204081632,2.706122448979592
SLC22A12,0.49183673469387756,0.04693877551020408,2.8081632653061224
SLC22A17,0.42653061224489797,0.12857142857142856,2.779591836734694
SLC22A2,0.45510204081632655,0.08775510204081632,2.706122448979592
SLC22A7,0.5020408163265306,0.06326530612244897,2.9204081632653063
SLC22A8,0.4897959183673469,0.04285714285714286,2.7775510204081635
SLC24A5,0.4204081632653061,0.11020408163265306,2.63265306122449
SLC25A12,0.5448979591836735,0.04081632653061224,3.053061224489796
SLC25A13,0.5979591836734693,0.030612244897959183,3.4693877551020407
SLC25A14,0.16122448979591836,0.3510204081632653,1.9224489795918367
SLC25A16,0.35306122448979593,0.14285714285714285,2.4326530612244897
SLC25A17,0.5591836734693878,0.06326530612244897,3.1122448979591835
SLC25A20,0.10612244897959183,0.3551020408163265,1.7836734693877552
SLC25A21,0.4448979591836735,0.12857142857142856,2.9979591836734696
SLC25A24,0.29591836734693877,0.15510204081632653,2.3081632653061224
SLC25A25,0.363265306122449,0.15306122448979592,2.4918367346938775
SLC25A26,0.10816326530612246,0.3653061224489796,1.7816326530612245
SLC25A27,0.5020408163265306,0.06326530612244897,2.975510204081633
SLC25A28,0.2979591836734694,0.17346938775510204,2.279591836734694
SLC25A3,0.5061224489795918,0.04081632653061224,2.840816326530612
SLC25A31,0.22857142857142856,0.20204081632653062,2.146938775510204
SLC25A4,0.21428571428571427,0.2816326530612245,2.095918367346939
SLC25A5,0.17346938775510204,0.35306122448979593,1.963265306122449
SLC25A6,0.3408163265306122,0.24285714285714285,2.4651639344262297
SLC26A6,0.10612244897959183,0.3551020408163265,1.7836734693877552
SLC27A1,0.45510204081632655,0.09387755102040816,2.757142857142857
SLC27A2,0.4306122448979592,0.10408163265306122,2.646938775510204
SLC27A5,0.5265306122448979,0.06938775510204082,2.9551020408163264
SLC29A1,0.49387755102040815,0.0653061224489796,2.8857142857142857
SLC2A1,0.40408163265306124,0.09795918367346938,2.6163265306122447
SLC2A14,0.610204081632653,0.012244897959183673,3.522448979591837
SLC2A2,0.9102040816326531,0.0020408163265306124,6.463265306122449
SLC2A3,0.6081632653061224,0.012244897959183673,3.510204081632653
SLC2A5,0.3346938775510204,0.1306122448979592,2.406122448979592
SLC2A8,0.3693877551020408,0.1510204081632653,2.510204081632653
SLC2A9,0.2653061224489796,0.24081632653061225,2.216326530612245
SLC30A1,0.6510204081632653,0.00816326530612245,3.316326530612245
SLC30A10,0.6591836734693878,0.012244897959183673,3.3489795918367347
SLC30A4,0.40816326530612246,0.11428571428571428,2.6040816326530614
SLC30A5,0.15918367346938775,0.3020408163265306,1.9489795918367347
SLC30A6,0.6448979591836734,0.018367346938775512,3.377551020408163
SLC30A7,0.31020408163265306,0.1326530612244898,2.357142857142857
SLC30A8,0.7204081632653061,0.01020408163265306,3.820408163265306
SLC30A9,0.27755102040816326,0.22857142857142856,2.279591836734694
SLC31A1,0.37142857142857144,0.15714285714285714,2.512244897959184
SLC32A1,0.6040816326530613,0.024489795918367346,3.3714285714285714
SLC35A1,0.47346938775510206,0.07346938775510205,2.789795918367347
SLC35A2,0.14489795918367346,0.42857142857142855,1.8285714285714285
SLC35A3,0.3142857142857143,0.1306122448979592,2.369387755102041
SLC35B1,0.5673469387755102,0.044897959183673466,3.0816326530612246
SLC35B2,0.49387755102040815,0.0653061224489796,2.8857142857142857
SLC35B4,0.5306122448979592,0.07551020408163266,3.057142857142857
SLC35C1,0.4775510204081633,0.09183673469387756,2.7653061224489797
SLC35C2,0.5897959183673469,0.03469387755102041,3.3183673469387753
SLC35E3,0.5551020408163265,0.024489795918367346,3.240816326530612
SLC35G5,0.22857142857142856,0.3306122448979592,2.0408163265306123
SLC38A9,0.19183673469387755,0.28775510204081634,2.063265306122449
SLC39A1,0.6877551020408164,0.00816326530612245,3.5408163265306123
SLC39A10,0.5428571428571428,0.044897959183673466,3.020408163265306
SLC39A11,0.6163265306122448,0.04285714285714286,3.206122448979592
SLC39A13,0.4816326530612245,0.08775510204081632,2.746938775510204
SLC39A14,0.22040816326530613,0.32653061224489793,2.0408163265306123
SLC39A2,0.42448979591836733,0.12857142857142856,2.73265306122449
SLC39A4,0.7040816326530612,0.022448979591836733,3.789795918367347
SLC39A5,0.5265306122448979,0.0326530612244898,2.9285714285714284
SLC39A6,0.41020408163265304,0.11020408163265306,2.726530612244898
SLC39A7,0.46938775510204084,0.07551020408163266,2.7285714285714286
SLC39A8,0.25918367346938775,0.19183673469387755,2.1979591836734693
SLC39A9,0.4,0.13877551020408163,2.595918367346939
SLC3A1,0.6571428571428571,0.02040816326530612,3.463265306122449
SLC3A2,0.4897959183673469,0.04081632653061224,2.7775510204081635
SLC40A1,0.5448979591836735,0.044897959183673466,3.048979591836735
SLC44A2,0.4122448979591837,0.10816326530612246,2.6244897959183673
SLC45A2,0.7795918367346939,0.018367346938775512,4.618367346938776
SLC47A1,0.2938775510204082,0.23265306122448978,2.293877551020408
SLC4A1,0.5122448979591837,0.07346938775510205,2.9122448979591837
SLC4A4,0.3653061224489796,0.1469387755102041,2.6387755102040815
SLC4A7,0.14081632653061224,0.3326530612244898,1.8959183673469389
SLC51A,0.8816326530612245,0.012244897959183673,5.710204081632653
SLC51B,0.46530612244897956,0.08571428571428572,2.7183673469387757
SLC5A1,0.573469387755102,0.053061224489795916,3.216326530612245
SLC5A2,0.47346938775510206,0.0653061224489796,2.742857142857143
SLC5A4,0.573469387755102,0.053061224489795916,3.216326530612245
SLC5A6,0.6448979591836734,0.014285714285714285,3.377551020408163
SLC5A7,0.5836734693877551,0.024489795918367346,3.1142857142857143
SLC5A8,0.5061224489795918,0.04285714285714286,2.830612244897959
SLC6A1,0.1510204081632653,0.3142857142857143,1.9428571428571428
SLC6A17,0.29183673469387755,0.16326530612244897,2.2857142857142856
SLC6A3,0.7938775510204081,0.014285714285714285,4.724489795918367
SLC6A4,0.4857142857142857,0.1,2.820408163265306
SLC6A9,0.4,0.09795918367346938,2.5877551020408163
SLC7A10,0.5816326530612245,0.03877551020408163,3.436734693877551
SLC7A11,0.23877551020408164,0.21836734693877552,2.1816326530612247
SLC7A5,0.35306122448979593,0.14489795918367346,2.4591836734693877
SLC7A6,0.3979591836734694,0.10612244897959183,2.610204081632653
SLC7A7,0.42244897959183675,0.12857142857142856,2.736734693877551
SLC7A8,0.42857142857142855,0.12857142857142856,2.773469387755102
SLC7A9,0.5836734693877551,0.03877551020408163,3.4693877551020407
SLC8A1,0.6448979591836734,0.02040816326530612,3.406122448979592
SLC8A2,0.47959183673469385,0.08163265306122448,2.783673469387755
SLC8A3,0.4,0.13673469387755102,2.6061224489795918
SLC9A1,0.3163265306122449,0.14081632653061224,2.3448979591836734
SLC9A2,0.5816326530612245,0.02040816326530612,3.13265306122449
SLC9A3,0.7938775510204081,0.018367346938775512,4.673469387755102
SLC9A5,0.39387755102040817,0.10816326530612246,2.5979591836734692
SLCO1A2,0.610204081632653,0.018367346938775512,3.6918367346938776
SLCO1B1,0.610204081632653,0.018367346938775512,3.6816326530612247
SLCO1C1,0.610204081632653,0.018367346938775512,3.593877551020408
SLCO4C1,0.1489795918367347,0.3040816326530612,1.9224489795918367
SLF1,0.1469387755102041,0.30612244897959184,1.9306122448979592
SLIRP,0.42448979591836733,0.12244897959183673,2.679591836734694
SLIT1,0.3,0.17346938775510204,2.2755102040816326
SLIT2,0.2571428571428571,0.2530612244897959,2.169387755102041
SLIT3,0.19387755102040816,0.26326530612244897,2.0285714285714285
SLITRK1,0.2755102040816326,0.24489795918367346,2.2448979591836733
SLITRK5,0.2857142857142857,0.23265306122448978,2.2775510204081635
SLK,0.3040816326530612,0.17142857142857143,2.2816326530612243
SLMAP,0.10408163265306122,0.35918367346938773,1.7877551020408162
SLN,0.4163265306122449,0.11224489795918367,2.6530612244897958
SLPI,0.5918367346938775,0.03469387755102041,3.3183673469387753
SLTM,0.4530612244897959,0.09591836734693877,2.6897959183673468
SLU7,0.17959183673469387,0.2693877551020408,2.0020408163265304
SLURP1,0.7020408163265306,0.02040816326530612,3.8020408163265307
SLX4,0.41020408163265304,0.12244897959183673,2.5693877551020408
SMAD1,0.23265306122448978,0.22244897959183674,2.1551020408163266
SMAD2,0.3836734693877551,0.14081632653061224,2.593877551020408
SMAD3,0.4673469387755102,0.08979591836734693,2.740816326530612
SMAD4,0.36122448979591837,0.15510204081632653,2.4551020408163264
SMAD5,0.17551020408163265,0.2816326530612245,1.9816326530612245
SMAD6,0.46530612244897956,0.09183673469387756,2.7224489795918365
SMAD7,0.3795918367346939,0.14285714285714285,2.6061224489795918
SMAD9,0.2163265306122449,0.25918367346938775,2.0755102040816324
SMAP1,0.4959183673469388,0.05714285714285714,2.8918367346938774
SMAP2,0.4,0.09795918367346938,2.704081632653061
SMARCA1,0.15714285714285714,0.35306122448979593,1.9122448979591837
SMARCA2,0.2673469387755102,0.29591836734693877,2.2612244897959184
SMARCA4,0.4061224489795918,0.11020408163265306,2.6387755102040815
SMARCA5,0.23877551020408164,0.21836734693877552,2.220408163265306
SMARCAD1,0.2673469387755102,0.18775510204081633,2.2142857142857144
SMARCAL1,0.4122448979591837,0.11224489795918367,2.5918367346938775
SMARCB1,0.5857142857142857,0.05714285714285714,3.259183673469388
SMARCC1,0.11224489795918367,0.3551020408163265,1.7959183673469388
SMARCC2,0.5265306122448979,0.0326530612244898,2.9285714285714284
SMARCD1,0.5285714285714286,0.0326530612244898,2.9122448979591837
SMARCD2,0.6122448979591837,0.04693877551020408,3.1897959183673468
SMARCD3,0.5326530612244897,0.08775510204081632,3.0285714285714285
SMARCE1,0.5122448979591837,0.0836734693877551,2.9224489795918367
SMC1A,0.14081632653061224,0.4142857142857143,1.8346938775510204
SMC1B,0.5326530612244897,0.07959183673469387,3.022448979591837
SMC2,0.3816326530612245,0.1469387755102041,2.5775510204081633
SMC3,0.3122448979591837,0.16326530612244897,2.3142857142857145
SMC4,0.8673469387755102,0.01020408163265306,5.2673469387755105
SMC5,0.336734693877551,0.16326530612244897,2.477551020408163
SMC6,0.6163265306122448,0.030612244897959183,3.330612244897959
SMCHD1,0.5040816326530613,0.0673469387755102,3.0755102040816324
SMDT1,0.5571428571428572,0.0673469387755102,3.093877551020408
SMG1,0.44285714285714284,0.09795918367346938,2.663265306122449
SMG5,0.6795918367346939,0.00816326530612245,3.4551020408163264
SMG6,0.2755102040816326,0.2510204081632653,2.210204081632653
SMG7,0.6653061224489796,0.00816326530612245,3.377551020408163
SMG9,0.5081632653061224,0.05918367346938776,2.938775510204082
SMN1,0.15714285714285714,0.3,1.9510204081632654
SMN2,0.15714285714285714,0.3,1.9510204081632654
SMNDC1,0.3122448979591837,0.1653061224489796,2.3102040816326532
SMO,0.536734693877551,0.07346938775510205,3.0775510204081633
SMOX,0.6163265306122448,0.030612244897959183,3.414285714285714
SMPD1,0.33877551020408164,0.1653061224489796,2.3653061224489798
SMPD2,0.44285714285714284,0.09795918367346938,2.6918367346938776
SMPD3,0.4020408163265306,0.10612244897959183,2.6285714285714286
SMPD4,0.5489795918367347,0.04693877551020408,2.9693877551020407
SMPDL3A,0.463265306122449,0.07959183673469387,2.6979591836734693
SMS,0.13877551020408163,0.42857142857142855,1.8816326530612244
SMTN,0.5816326530612245,0.05102040816326531,3.3020408163265307
SMTNL1,0.5040816326530613,0.04285714285714286,2.8448979591836734
SMU1,0.373469387755102,0.19591836734693877,2.6897959183673468
SMUG1,0.5285714285714286,0.03469387755102041,2.926530612244898
SMURF1,0.5979591836734693,0.030612244897959183,3.520408163265306
SMURF2,0.610204081632653,0.04693877551020408,3.1816326530612247
SMYD1,0.6224489795918368,0.02040816326530612,3.220408163265306
SMYD2,0.6469387755102041,0.014285714285714285,3.3081632653061224
SMYD3,0.6428571428571429,0.018367346938775512,3.3469387755102042
SNAI1,0.5959183673469388,0.030612244897959183,3.3183673469387753
SNAI2,0.6040816326530613,0.036734693877551024,3.453061224489796
SNAI3,0.3551020408163265,0.14489795918367346,2.463265306122449
SNAP23,0.39387755102040817,0.11836734693877551,2.553061224489796
SNAP25,0.6163265306122448,0.03469387755102041,3.5285714285714285
SNAP29,0.6061224489795919,0.044897959183673466,3.5142857142857142
SNAP47,0.6571428571428571,0.012244897959183673,3.3224489795918366
SNAP91,0.48367346938775513,0.06938775510204082,2.8122448979591836
SNAPC1,0.40816326530612246,0.1346938775510204,2.6081632653061226
SNAPC2,0.4061224489795918,0.12857142857142856,2.5877551020408163
SNAPC3,0.2653061224489796,0.29183673469387755,2.2816326530612243
SNAPC4,0.37142857142857144,0.1469387755102041,2.524489795918367
SNAPC5,0.463265306122449,0.08979591836734693,2.7224489795918365
SNAPIN,0.6877551020408164,0.00816326530612245,3.5428571428571427
SNCA,0.3,0.1836734693877551,2.295918367346939
SNCAIP,0.1510204081632653,0.29183673469387755,1.9285714285714286
SNCB,0.20612244897959184,0.2673469387755102,2.046938775510204
SND1,0.5346938775510204,0.07551020408163266,3.048979591836735
SNF8,0.5551020408163265,0.044897959183673466,3.061224489795918
SNIP1,0.3795918367346939,0.1,2.6163265306122447
SNRNP200,0.6061224489795919,0.0163265306122449,3.263265306122449
SNRNP35,0.5020408163265306,0.05102040816326531,2.8244897959183675
SNRNP40,0.3408163265306122,0.12244897959183673,2.4020408163265308
SNRNP48,0.48367346938775513,0.08571428571428572,2.763265306122449
SNRNP70,0.48775510204081635,0.07346938775510205,2.8142857142857145
SNRPA,0.5306122448979592,0.0653061224489796,3.3653061224489798
SNRPA1,0.5551020408163265,0.05510204081632653,3.0510204081632653
SNRPB,0.6122448979591837,0.02857142857142857,3.416326530612245
SNRPB2,0.6081632653061224,0.022448979591836733,3.4183673469387754
SNRPC,0.46938775510204084,0.07959183673469387,2.716326530612245
SNRPD1,0.4897959183673469,0.05714285714285714,2.9081632653061225
SNRPD2,0.49387755102040815,0.0673469387755102,2.879591836734694
SNRPD3,0.5795918367346938,0.05510204081632653,3.2346938775510203
SNRPE,0.6591836734693878,0.00816326530612245,3.3469387755102042
SNRPF,0.5040816326530613,0.04081632653061224,2.869387755102041
SNRPG,0.6428571428571429,0.006122448979591836,3.4244897959183676
SNRPN,0.42244897959183675,0.10612244897959183,2.6653061224489796
SNTA1,0.6346938775510204,0.014285714285714285,3.516326530612245
SNTB1,0.7204081632653061,0.01020408163265306,3.840816326530612
SNTB2,0.39183673469387753,0.11428571428571428,2.593877551020408
SNTG2,0.5938775510204082,0.05510204081632653,3.253061224489796
SNU13,0.5591836734693878,0.0653061224489796,3.1
SNUPN,0.4775510204081633,0.07142857142857142,2.7816326530612243
SNURF,0.42244897959183675,0.10612244897959183,2.6653061224489796
SNW1,0.42448979591836733,0.12244897959183673,2.679591836734694
SNX1,0.46530612244897956,0.08775510204081632,2.7183673469387757
SNX11,0.5530612244897959,0.04897959183673469,3.0448979591836736
SNX12,0.14285714285714285,0.39591836734693875,1.863265306122449
SNX17,0.6448979591836734,0.014285714285714285,3.377551020408163
SNX18,0.20204081632653062,0.27755102040816326,2.1408163265306124
SNX2,0.1510204081632653,0.2897959183673469,1.9306122448979592
SNX20,0.3877551020408163,0.1306122448979592,2.5714285714285716
SNX24,0.1510204081632653,0.2897959183673469,1.9306122448979592
SNX27,0.6877551020408164,0.00816326530612245,3.561224489795918
SNX3,0.44081632653061226,0.09591836734693877,2.66734693877551
SNX4,0.7816326530612245,0.022448979591836733,3.977551020408163
SNX5,0.6061224489795919,0.030612244897959183,3.377551020408163
SNX6,0.44285714285714284,0.12448979591836734,2.806122448979592
SNX7,0.3142857142857143,0.12857142857142856,2.389795918367347
SNX8,0.5918367346938775,0.03469387755102041,3.257142857142857
SNX9,0.45510204081632655,0.08979591836734693,2.7020408163265306
SOAT1,0.6653061224489796,0.012244897959183673,3.410204081632653
SOAT2,0.5265306122448979,0.0326530612244898,2.9285714285714284
SOCS1,0.45510204081632655,0.09591836734693877,2.726530612244898
SOCS2,0.5102040816326531,0.036734693877551024,2.8877551020408165
SOCS3,0.5979591836734693,0.05510204081632653,3.1714285714285713
SOCS6,0.36122448979591837,0.1673469387755102,2.440816326530612
SOD1,0.32653061224489793,0.16122448979591836,2.3653061224489798
SOD2,0.4530612244897959,0.08979591836734693,2.706122448979592
SOD3,0.25918367346938775,0.24897959183673468,2.1857142857142855
SOHLH1,0.37142857142857144,0.14489795918367346,2.524489795918367
SOHLH2,0.2163265306122449,0.25918367346938775,2.0755102040816324
SON,0.32857142857142857,0.15306122448979592,2.389795918367347
SORBS1,0.2979591836734694,0.17346938775510204,2.2714285714285714
SORBS3,0.22040816326530613,0.32653061224489793,2.0408163265306123
SORD,0.4061224489795918,0.11632653061224489,2.573469387755102
SORL1,0.4142857142857143,0.10612244897959183,2.595918367346939
SORT1,0.2938775510204082,0.15918367346938775,2.293877551020408
SOS2,0.42448979591836733,0.12448979591836734,2.6755102040816325
SOST,0.5102040816326531,0.07959183673469387,2.9020408163265308
SOSTDC1,0.5918367346938775,0.036734693877551024,3.306122448979592
SOX1,0.3346938775510204,0.21428571428571427,2.4714285714285715
SOX10,0.5530612244897959,0.05714285714285714,3.1408163265306124
SOX13,0.6591836734693878,0.00816326530612245,3.3469387755102042
SOX17,0.5979591836734693,0.04285714285714286,3.3938775510204082
SOX2,0.9081632653061225,0.0020408163265306124,7.802040816326531
SOX3,0.16938775510204082,0.3489795918367347,1.9244897959183673
SOX4,0.4775510204081633,0.07755102040816327,2.8183673469387753
SOX5,0.610204081632653,0.02040816326530612,3.642857142857143
SOX6,0.3979591836734694,0.1326530612244898,2.561224489795918
SOX9,0.6163265306122448,0.04285714285714286,3.216326530612245
SP1,0.5265306122448979,0.0326530612244898,2.9326530612244897
SP100,0.4020408163265306,0.1,2.561224489795918
SP110,0.4,0.1,2.557142857142857
SP3,0.5510204081632653,0.03877551020408163,3.1244897959183673
SP7,0.5265306122448979,0.0326530612244898,2.9326530612244897
SPA17,0.4163265306122449,0.11836734693877551,2.583673469387755
SPACA4,0.48775510204081635,0.07551020408163266,2.8102040816326532
SPAG1,0.6857142857142857,0.0163265306122449,3.695918367346939
SPAG16,0.41836734693877553,0.10204081632653061,2.6061224489795918
SPAG17,0.3183673469387755,0.15714285714285714,2.406122448979592
SPAG4,0.6224489795918368,0.0163265306122449,3.4714285714285715
SPAG5,0.49183673469387756,0.09795918367346938,2.8918367346938774
SPAG6,0.37551020408163266,0.15510204081632653,2.5448979591836736
SPAG7,0.2673469387755102,0.2530612244897959,2.1979591836734693
SPAG9,0.5714285714285714,0.04285714285714286,3.1040816326530614
SPARC,0.1836734693877551,0.2714285714285714,2.0061224489795917
SPARCL1,0.29591836734693877,0.1836734693877551,2.3102040816326532
SPART,0.2163265306122449,0.25918367346938775,2.0755102040816324
SPATA13,0.22040816326530613,0.25510204081632654,2.085714285714286
SPATA2,0.5979591836734693,0.030612244897959183,3.3244897959183675
SPATC1,0.7040816326530612,0.02040816326530612,3.7877551020408164
SPC24,0.4061224489795918,0.11224489795918367,2.636734693877551
SPC25,0.5346938775510204,0.044897959183673466,2.9918367346938775
SPCS1,0.10816326530612246,0.363265306122449,1.7775510204081633
SPCS2,0.49183673469387756,0.07142857142857142,2.8938775510204082
SPCS3,0.20612244897959184,0.2653061224489796,2.061224489795918
SPDL1,0.19183673469387755,0.2612244897959184,2.0285714285714285
SPDYA,0.6448979591836734,0.014285714285714285,3.4
SPECC1,0.29591836734693877,0.22857142857142856,2.3224489795918366
SPEN,0.32653061224489793,0.14081632653061224,2.3877551020408165
SPG11,0.40408163265306124,0.11836734693877551,2.5673469387755103
SPG7,0.36122448979591837,0.14081632653061224,2.483673469387755
SPHK1,0.6142857142857143,0.053061224489795916,3.193877551020408
SPHK2,0.48775510204081635,0.07551020408163266,2.8102040816326532
SPHKAP,0.3979591836734694,0.1,2.5551020408163265
SPI1,0.4775510204081633,0.08775510204081632,2.7387755102040816
SPIB,0.5,0.06938775510204082,2.857142857142857
SPIC,0.5061224489795918,0.04285714285714286,2.8387755102040817
SPICE1,0.7489795918367347,0.0326530612244898,3.8489795918367347
SPIN1,0.363265306122449,0.15510204081632653,2.512244897959184
SPINK1,0.1816326530612245,0.2755102040816326,2.0040816326530613
SPINK2,0.40816326530612246,0.1326530612244898,2.951020408163265
SPINK5,0.17959183673469387,0.27755102040816326,1.9959183673469387
SPINK6,0.17959183673469387,0.27346938775510204,2.0020408163265304
SPINK9,0.17959183673469387,0.27346938775510204,2.0020408163265304
SPINT1,0.3877551020408163,0.11836734693877551,2.5448979591836736
SPINT2,0.6040816326530613,0.04081632653061224,3.6897959183673468
SPIRE1,0.5020408163265306,0.06326530612244897,2.9346938775510205
SPIRE2,0.3653061224489796,0.14489795918367346,2.5
SPN,0.47959183673469385,0.0653061224489796,2.7551020408163267
SPNS1,0.47959183673469385,0.06326530612244897,2.76734693877551
SPNS3,0.25918367346938775,0.25510204081632654,2.1755102040816325
SPO11,0.5714285714285714,0.044897959183673466,3.257142857142857
SPOCK3,0.21224489795918366,0.24897959183673468,2.0795918367346937
SPON1,0.38571428571428573,0.1346938775510204,2.646938775510204
SPOP,0.5673469387755102,0.044897959183673466,3.0816326530612246
SPOPL,0.5346938775510204,0.04693877551020408,2.946938775510204
SPP1,0.2979591836734694,0.1836734693877551,2.306122448979592
SPP2,0.39591836734693875,0.10408163265306122,2.548979591836735
SPPL2A,0.42857142857142855,0.10612244897959183,2.642857142857143
SPPL2B,0.37551020408163266,0.15306122448979592,2.446938775510204
SPPL3,0.49795918367346936,0.05918367346938776,2.8020408163265307
SPR,0.6387755102040816,0.006122448979591836,3.404081632653061
SPRED1,0.3836734693877551,0.12040816326530612,2.548979591836735
SPRED2,0.6653061224489796,0.004081632653061225,3.6244897959183673
SPRED3,0.6,0.04285714285714286,3.668711656441718
SPRR1A,0.6857142857142857,0.00816326530612245,3.5510204081632653
SPRR1B,0.6857142857142857,0.00816326530612245,3.5510204081632653
SPRR2A,0.6857142857142857,0.00816326530612245,3.5510204081632653
SPRR2E,0.6857142857142857,0.00816326530612245,3.5551020408163265
SPRR2G,0.6857142857142857,0.00816326530612245,3.553061224489796
SPRR3,0.6857142857142857,0.00816326530612245,3.5510204081632653
SPRTN,0.6530612244897959,0.014285714285714285,3.3244897959183675
SPRY1,0.23673469387755103,0.18979591836734694,2.183673469387755
SPRY2,0.27346938775510204,0.24897959183673468,2.236734693877551
SPRY3,0.20816326530612245,0.38571428571428573,1.9061224489795918
SPRY4,0.1816326530612245,0.27346938775510204,1.9918367346938775
SPSB1,0.336734693877551,0.1306122448979592,2.4122448979591837
SPSB4,0.826530612244898,0.018367346938775512,4.493877551020408
SPTAN1,0.3653061224489796,0.15306122448979592,2.4979591836734696
SPTBN1,0.673469387755102,0.00816326530612245,3.6489795918367345
SPTBN2,0.5142857142857142,0.04285714285714286,2.9204081632653063
SPTBN4,0.5428571428571428,0.06326530612244897,3.4244897959183676
SPTBN5,0.38979591836734695,0.11632653061224489,2.548979591836735
SPTLC1,0.3653061224489796,0.1510204081632653,2.522448979591837
SPTLC2,0.42244897959183675,0.12244897959183673,2.6755102040816325
SPTLC3,0.610204081632653,0.0326530612244898,3.4326530612244897
SPTSSA,0.44285714285714284,0.12448979591836734,2.806122448979592
SPTSSB,0.8714285714285714,0.00816326530612245,5.344897959183673
SQLE,0.7306122448979592,0.01020408163265306,3.904081632653061
SQOR,0.41020408163265304,0.11428571428571428,2.6142857142857143
SQSTM1,0.21020408163265306,0.2612244897959184,2.0775510204081633
SRA1,0.1836734693877551,0.2714285714285714,2.0020408163265304
SRC,0.6122448979591837,0.022448979591836733,3.4224489795918367
SRCAP,0.47959183673469385,0.061224489795918366,2.7714285714285714
SRCIN1,0.5,0.08775510204081632,2.8877551020408165
SRD5A2,0.6428571428571429,0.018367346938775512,3.379591836734694
SRD5A3,0.42448979591836733,0.12244897959183673,3.23265306122449
SREBF1,0.2795918367346939,0.24081632653061225,2.23265306122449
SREBF2,0.5571428571428572,0.0653061224489796,3.0979591836734692
SREK1,0.15714285714285714,0.2979591836734694,1.9612244897959183
SRF,0.5040816326530613,0.06326530612244897,2.916326530612245
SRGAP1,0.5428571428571428,0.0326530612244898,3.073469387755102
SRGAP2,0.6551020408163265,0.00816326530612245,3.306122448979592
SRGAP3,0.16326530612244897,0.30612244897959184,1.9755102040816326
SRGN,0.35306122448979593,0.14285714285714285,2.4326530612244897
SRI,0.5918367346938775,0.036734693877551024,3.473469387755102
SRL,0.41836734693877553,0.11836734693877551,2.5877551020408163
SRM,0.3326530612244898,0.14285714285714285,2.377551020408163
SRP14,0.3836734693877551,0.12040816326530612,2.5346938775510206
SRP19,0.1510204081632653,0.3020408163265306,1.916326530612245
SRP54,0.44693877551020406,0.12244897959183673,2.8387755102040817
SRP68,0.6163265306122448,0.05102040816326531,3.204081632653061
SRP9,0.6591836734693878,0.01020408163265306,3.33265306122449
SRPK1,0.4714285714285714,0.07755102040816327,2.7183673469387757
SRPK2,0.5693877551020409,0.04285714285714286,3.369387755102041
SRPRA,0.4122448979591837,0.11632653061224489,2.5877551020408163
SRPRB,0.7877551020408163,0.024489795918367346,4.108163265306122
SRPX2,0.1673469387755102,0.3673469387755102,1.9428571428571428
SRR,0.2755102040816326,0.2510204081632653,2.2122448979591836
SRRM1,0.3163265306122449,0.1469387755102041,2.3510204081632655
SRRM2,0.4204081632653061,0.12448979591836734,2.563265306122449
SRRM4,0.4959183673469388,0.05102040816326531,2.816326530612245
SRRT,0.5836734693877551,0.036734693877551024,3.436734693877551
SRSF1,0.5775510204081633,0.04897959183673469,3.0877551020408163
SRSF10,0.3163265306122449,0.14489795918367346,2.3510204081632655
SRSF11,0.3551020408163265,0.10816326530612246,2.4693877551020407
SRSF12,0.4673469387755102,0.07959183673469387,2.746938775510204
SRSF2,0.6061224489795919,0.05714285714285714,3.1676891615541924
SRSF3,0.4775510204081633,0.07551020408163266,2.7551020408163267
SRSF4,0.3306122448979592,0.12857142857142856,2.3816326530612244
SRSF5,0.4,0.13877551020408163,2.6020408163265305
SRSF6,0.5897959183673469,0.02857142857142857,3.3122448979591836
SRSF7,0.6448979591836734,0.02040816326530612,3.3612244897959185
SRSF8,0.4306122448979592,0.10612244897959183,2.642857142857143
SRSF9,0.5040816326530613,0.053061224489795916,2.8285714285714287
SRXN1,0.6040816326530613,0.036734693877551024,3.404081632653061
SS18,0.4530612244897959,0.09387755102040816,3.012244897959184
SS18L1,0.5816326530612245,0.04693877551020408,3.2346938775510203
SSB,0.536734693877551,0.044897959183673466,2.9979591836734696
SSBP1,0.5346938775510204,0.07346938775510205,3.0918367346938775
SSBP2,0.1469387755102041,0.3040816326530612,1.9142857142857144
SSBP4,0.4714285714285714,0.08163265306122448,2.853061224489796
SSH1,0.5142857142857142,0.053061224489795916,2.8346938775510204
SSH2,0.49387755102040815,0.10204081632653061,2.8469387755102042
SSH3,0.5163265306122449,0.04285714285714286,2.977551020408163
SSNA1,0.373469387755102,0.1469387755102041,2.536734693877551
SSPN,0.6142857142857143,0.02040816326530612,3.6551020408163266
SSR1,0.48775510204081635,0.08571428571428572,2.7714285714285714
SSR2,0.6775510204081633,0.00816326530612245,3.4612244897959186
SSR3,0.863265306122449,0.01020408163265306,5.140816326530612
SSR4,0.18775510204081633,0.336734693877551,1.9877551020408164
SSRP1,0.5040816326530613,0.04285714285714286,2.853061224489796
SSTR1,0.4346938775510204,0.1326530612244898,2.8244897959183675
SSTR2,0.6142857142857143,0.044897959183673466,3.206122448979592
SSTR3,0.5530612244897959,0.05714285714285714,3.1183673469387756
SSTR5,0.41836734693877553,0.12448979591836734,2.5714285714285716
SSU72,0.34285714285714286,0.12653061224489795,2.4551020408163264
SSX1,0.14081632653061224,0.42857142857142855,1.8224489795918368
SSX2,0.14081632653061224,0.42448979591836733,1.8204081632653062
SSX2B,0.14081632653061224,0.42448979591836733,1.8204081632653062
SSX2IP,0.3469387755102041,0.11020408163265306,2.4653061224489794
SSX3,0.14081632653061224,0.42857142857142855,1.8224489795918368
SSX7,0.14081632653061224,0.42448979591836733,1.8204081632653062
ST13,0.5591836734693878,0.06326530612244897,3.1122448979591835
ST14,0.40816326530612246,0.12244897959183673,2.5714285714285716
ST3GAL1,0.726530612244898,0.012244897959183673,3.879591836734694
ST3GAL2,0.39183673469387753,0.11428571428571428,2.583673469387755
ST3GAL3,0.4,0.09795918367346938,2.5877551020408163
ST3GAL4,0.4122448979591837,0.11632653061224489,2.5877551020408163
ST3GAL5,0.636734693877551,0.012244897959183673,3.2918367346938777
ST3GAL6,0.7285714285714285,0.030612244897959183,3.8081632653061224
ST6GAL1,0.8877551020408163,0.01020408163265306,6.036734693877551
ST6GAL2,0.5795918367346938,0.022448979591836733,3.1040816326530614
ST6GALNAC1,0.6081632653061224,0.05714285714285714,3.169387755102041
ST6GALNAC2,0.610204081632653,0.05510204081632653,3.1775510204081634
ST6GALNAC3,0.3510204081632653,0.11224489795918367,2.475510204081633
ST6GALNAC4,0.3653061224489796,0.15306122448979592,2.5040816326530613
ST6GALNAC5,0.3510204081632653,0.11224489795918367,2.479591836734694
ST8SIA1,0.6142857142857143,0.018367346938775512,3.710204081632653
ST8SIA2,0.5306122448979592,0.04693877551020408,2.9959183673469387
ST8SIA4,0.1489795918367347,0.3,1.9224489795918367
ST8SIA5,0.3877551020408163,0.13673469387755102,2.630612244897959
STAB1,0.10612244897959183,0.363265306122449,1.7755102040816326
STAB2,0.5061224489795918,0.04897959183673469,2.842857142857143
STAC,0.13877551020408163,0.336734693877551,1.8959183673469389
STAG1,0.7979591836734694,0.018367346938775512,4.253061224489796
STAG2,0.1673469387755102,0.35306122448979593,1.9122448979591837
STAG3,0.5918367346938775,0.036734693877551024,3.4612244897959186
STAM,0.37755102040816324,0.15714285714285714,2.5408163265306123
STAM2,0.5265306122448979,0.05102040816326531,2.906122448979592
STAMBP,0.6387755102040816,0.00816326530612245,3.4
STAP1,0.35918367346938773,0.1489795918367347,2.5816326530612246
STAP2,0.39591836734693875,0.14489795918367346,2.510204081632653
STAR,0.5306122448979592,0.11224489795918367,4.106122448979592
STARD13,0.22244897959183674,0.2510204081632653,2.0816326530612246
STARD3,0.5102040816326531,0.08163265306122448,3.257142857142857
STARD3NL,0.5714285714285714,0.04693877551020408,3.1918367346938776
STARD8,0.13877551020408163,0.3979591836734694,1.8306122448979592
STAT1,0.5489795918367347,0.044897959183673466,3.059183673469388
STAT2,0.5265306122448979,0.0326530612244898,2.9285714285714284
STAT3,0.5,0.08775510204081632,2.840816326530612
STAT4,0.5489795918367347,0.044897959183673466,3.0510204081632653
STAT5A,0.5,0.08775510204081632,2.840816326530612
STAT5B,0.5,0.08775510204081632,2.840816326530612
STAT6,0.5285714285714286,0.0326530612244898,2.938775510204082
STATH,0.3653061224489796,0.1489795918367347,2.6448979591836737
STAU1,0.5918367346938775,0.0326530612244898,3.289795918367347
STBD1,0.3408163265306122,0.14285714285714285,2.5775510204081633
STC2,0.19591836734693877,0.2653061224489796,2.026530612244898
STEAP3,0.5775510204081633,0.02857142857142857,3.0918367346938775
STH,0.536734693877551,0.05918367346938776,2.973469387755102
STIL,0.39183673469387753,0.10612244897959183,2.5428571428571427
STIM1,0.33877551020408164,0.17755102040816326,2.3469387755102042
STIM2,0.25510204081632654,0.24897959183673468,2.240816326530612
STIP1,0.49183673469387756,0.044897959183673466,2.8
STK10,0.19591836734693877,0.2673469387755102,2.022448979591837
STK11,0.373469387755102,0.1653061224489796,2.438775510204082
STK24,0.2979591836734694,0.23469387755102042,2.3
STK25,0.40816326530612246,0.10612244897959183,2.595918367346939
STK26,0.1653061224489796,0.3489795918367347,1.9224489795918367
STK3,0.6755102040816326,0.018367346938775512,3.6448979591836737
STK35,0.6142857142857143,0.02857142857142857,3.414285714285714
STK36,0.4122448979591837,0.10612244897959183,2.6061224489795918
STK38,0.47551020408163264,0.07755102040816327,2.7489795918367346
STK38L,0.6081632653061224,0.022448979591836733,3.546938775510204
STK39,0.5326530612244897,0.044897959183673466,2.9938775510204083
STK4,0.5897959183673469,0.03469387755102041,3.3020408163265307
STK40,0.3693877551020408,0.10204081632653061,2.477551020408163
STMN1,0.3163265306122449,0.1489795918367347,2.363265306122449
STMN4,0.22244897959183674,0.32448979591836735,2.053061224489796
STN1,0.3040816326530612,0.17142857142857143,2.2816326530612243
STOM,0.3816326530612245,0.15306122448979592,2.5326530612244897
STOML2,0.37755102040816324,0.19591836734693877,2.763265306122449
STOML3,0.21836734693877552,0.2571428571428571,2.085714285714286
STON1,0.6673469387755102,0.012244897959183673,3.6285714285714286
STON2,0.4387755102040816,0.11836734693877551,2.7346938775510203
STRA6,0.463265306122449,0.07551020408163266,2.7387755102040816
STRA8,0.5326530612244897,0.07551020408163266,3.0693877551020408
STRADA,0.610204081632653,0.04693877551020408,3.1755102040816325
STRADB,0.5163265306122449,0.05918367346938776,2.9346938775510205
STRAP,0.5979591836734693,0.02040816326530612,3.463265306122449
STRBP,0.3795918367346939,0.1510204081632653,2.526530612244898
STRIP1,0.29183673469387755,0.16326530612244897,2.2857142857142856
STRIP2,0.536734693877551,0.07346938775510205,3.0755102040816324
STRN,0.6448979591836734,0.02040816326530612,3.353061224489796
STRN3,0.42448979591836733,0.12448979591836734,2.716326530612245
STRN4,0.4816326530612245,0.07959183673469387,2.806122448979592
STS,0.1306122448979592,0.44081632653061226,1.846938775510204
STT3A,0.4142857142857143,0.11428571428571428,2.5877551020408163
STT3B,0.14285714285714285,0.3346938775510204,1.8979591836734695
STUB1,0.41836734693877553,0.12653061224489795,2.5693877551020408
STX10,0.41020408163265304,0.11020408163265306,2.669387755102041
STX11,0.46938775510204084,0.0836734693877551,2.7122448979591836
STX12,0.32653061224489793,0.1306122448979592,2.389795918367347
STX16,0.5693877551020409,0.044897959183673466,3.204081632653061
STX17,0.37142857142857144,0.15306122448979592,2.5428571428571427
STX18,0.2653061224489796,0.23673469387755103,2.1979591836734693
STX19,0.7061224489795919,0.05102040816326531,3.86734693877551
STX1A,0.563265306122449,0.03877551020408163,3.240816326530612
STX1B,0.47959183673469385,0.06326530612244897,2.773469387755102
STX2,0.5,0.05102040816326531,2.8285714285714287
STX3,0.48367346938775513,0.04897959183673469,2.7714285714285714
STX4,0.47959183673469385,0.06326530612244897,2.773469387755102
STX5,0.4897959183673469,0.04081632653061224,2.7775510204081635
STX6,0.6632653061224489,0.012244897959183673,3.3653061224489798
STX7,0.463265306122449,0.08163265306122448,2.7081632653061223
STX8,0.2612244897959184,0.26326530612244897,2.195918367346939
STXBP1,0.3693877551020408,0.1510204081632653,2.510204081632653
STXBP2,0.4061224489795918,0.12857142857142856,2.5795918367346937
STXBP3,0.29591836734693877,0.15714285714285714,2.295918367346939
STXBP4,0.573469387755102,0.04285714285714286,3.093877551020408
STXBP5,0.463265306122449,0.08979591836734693,2.695918367346939
STXBP5L,0.7693877551020408,0.026530612244897958,3.942857142857143
STXBP6,0.4163265306122449,0.14081632653061224,2.704081632653061
SUB1,0.7795918367346939,0.018367346938775512,4.622448979591836
SUCLG1,0.636734693877551,0.014285714285714285,3.3
SUCLG2,0.10612244897959183,0.373469387755102,1.7673469387755103
SUCNR1,0.8591836734693877,0.014285714285714285,5.087755102040816
SUDS3,0.4959183673469388,0.04897959183673469,2.826530612244898
SUFU,0.3020408163265306,0.17142857142857143,2.2816326530612243
SUGP1,0.4775510204081633,0.0836734693877551,2.879591836734694
SUGT1,0.23673469387755103,0.2673469387755102,2.1183673469387756
SULT1A2,0.4775510204081633,0.061224489795918366,2.7816326530612243
SULT1E1,0.3653061224489796,0.1469387755102041,2.646938775510204
SULT2A1,0.48367346938775513,0.07755102040816327,2.795918367346939
SULT2B1,0.48775510204081635,0.07551020408163266,2.8102040816326532
SULT4A1,0.5428571428571428,0.07755102040816327,3.061224489795918
SUMF1,0.1673469387755102,0.31020408163265306,1.9755102040816326
SUMF2,0.5897959183673469,0.036734693877551024,3.8
SUMO1,0.5122448979591837,0.05918367346938776,2.9816326530612245
SUMO2,0.6122448979591837,0.04897959183673469,3.2
SUMO3,0.2938775510204082,0.17551020408163265,2.304081632653061
SUN1,0.5897959183673469,0.03469387755102041,3.253061224489796
SUN2,0.5551020408163265,0.05918367346938776,3.1510204081632653
SUOX,0.5244897959183673,0.0326530612244898,2.926530612244898
SUPT16H,0.42244897959183675,0.12857142857142856,2.730612244897959
SUPT20H,0.22040816326530613,0.25510204081632654,2.089795918367347
SUPT3H,0.4959183673469388,0.0653061224489796,2.9551020408163264
SUPT4H1,0.5795918367346938,0.04897959183673469,3.1
SUPT5H,0.5877551020408164,0.044897959183673466,3.6346938775510202
SUPT6H,0.49183673469387756,0.09795918367346938,2.8938775510204082
SUPT7L,0.6428571428571429,0.014285714285714285,3.373469387755102
SUPV3L1,0.35306122448979593,0.14489795918367346,2.4306122448979592
SURF1,0.37551020408163266,0.15306122448979592,2.5183673469387755
SURF4,0.37551020408163266,0.15306122448979592,2.5183673469387755
SURF6,0.37551020408163266,0.15306122448979592,2.5183673469387755
SUV39H1,0.14285714285714285,0.42857142857142855,1.8265306122448979
SUV39H2,0.373469387755102,0.15510204081632653,2.5183673469387755
SUZ12,0.49183673469387756,0.09795918367346938,2.8346938775510204
SV2A,0.6857142857142857,0.006122448979591836,3.553061224489796
SV2B,0.5265306122448979,0.04693877551020408,2.973469387755102
SVIL,0.38571428571428573,0.1326530612244898,2.6183673469387756
SVIP,0.40816326530612246,0.11836734693877551,2.5816326530612246
SWSAP1,0.40816326530612246,0.11020408163265306,2.626530612244898
SYBU,0.7,0.012244897959183673,3.7612244897959184
SYCE1,0.3448979591836735,0.16326530612244897,2.406122448979592
SYCE2,0.4142857142857143,0.10816326530612246,2.679591836734694
SYCE3,0.5020408163265306,0.10204081632653061,2.916326530612245
SYCN,0.5897959183673469,0.044897959183673466,3.679591836734694
SYCP1,0.2897959183673469,0.16938775510204082,2.304081632653061
SYCP2,0.5693877551020409,0.044897959183673466,3.2122448979591836
SYCP3,0.5081632653061224,0.04285714285714286,2.842857142857143
SYDE1,0.4448979591836735,0.1,2.7918367346938777
SYDE2,0.3469387755102041,0.11020408163265306,2.463265306122449
SYF2,0.3163265306122449,0.1489795918367347,2.3346938775510204
SYK,0.363265306122449,0.1510204081632653,2.5183673469387755
SYMPK,0.4897959183673469,0.07142857142857142,2.86734693877551
SYN1,0.14081632653061224,0.4326530612244898,1.8224489795918368
SYN2,0.1489795918367347,0.31020408163265306,1.9387755102040816
SYN3,0.5693877551020409,0.05510204081632653,3.193877551020408
SYNC,0.3653061224489796,0.11020408163265306,2.453061224489796
SYNCRIP,0.4775510204081633,0.07142857142857142,2.8102040816326532
SYNE1,0.45918367346938777,0.08979591836734693,2.706122448979592
SYNE2,0.41020408163265304,0.14081632653061224,2.6244897959183673
SYNE4,0.6061224489795919,0.044897959183673466,3.526530612244898
SYNGAP1,0.4673469387755102,0.07959183673469387,2.710204081632653
SYNGR1,0.5551020408163265,0.06326530612244897,3.1489795918367345
SYNGR2,0.6020408163265306,0.05510204081632653,3.1857142857142855
SYNJ1,0.32448979591836735,0.15510204081632653,2.3653061224489798
SYNJ2,0.45510204081632655,0.08979591836734693,2.7020408163265306
SYNJ2BP,0.4020408163265306,0.13673469387755102,2.6081632653061226
SYNM,0.5469387755102041,0.05102040816326531,3.0795918367346937
SYNPO,0.1836734693877551,0.2714285714285714,2.0061224489795917
SYNPR,0.10816326530612246,0.36122448979591837,1.7979591836734694
SYNRG,0.4959183673469388,0.08979591836734693,2.842857142857143
SYP,0.14285714285714285,0.4306122448979592,1.8244897959183672
SYS1,0.5918367346938775,0.03469387755102041,3.3183673469387753
SYT1,0.5102040816326531,0.036734693877551024,2.889795918367347
SYT10,0.6061224489795919,0.0163265306122449,3.510204081632653
SYT11,0.6795918367346939,0.00816326530612245,3.483673469387755
SYT12,0.5142857142857142,0.04285714285714286,2.938775510204082
SYT2,0.6571428571428571,0.00816326530612245,3.3081632653061224
SYT3,0.5081632653061224,0.06938775510204082,2.8755102040816327
SYT4,0.38979591836734695,0.12653061224489795,2.6408163265306124
SYT5,0.5326530612244897,0.06326530612244897,2.9571428571428573
SYT6,0.2897959183673469,0.17142857142857143,2.2979591836734694
SYT7,0.4816326530612245,0.044897959183673466,2.763265306122449
SYT9,0.336734693877551,0.1653061224489796,2.36734693877551
SYTL1,0.32040816326530613,0.13877551020408163,2.363265306122449
SYTL2,0.46122448979591835,0.09183673469387756,2.7510204081632654
SYTL4,0.1673469387755102,0.3673469387755102,1.9428571428571428
SYVN1,0.49795918367346936,0.04897959183673469,2.8346938775510204
SZT2,0.4020408163265306,0.09795918367346938,2.6
TAAR1,0.46530612244897956,0.08163265306122448,2.7081632653061223
TAAR9,0.463265306122449,0.08163265306122448,2.7081632653061223
TAB1,0.5551020408163265,0.06326530612244897,3.1489795918367345
TAB2,0.4530612244897959,0.09387755102040816,2.6775510204081634
TAB3,0.13877551020408163,0.43673469387755104,1.8510204081632653
TAC1,0.5918367346938775,0.0326530612244898,3.487755102040816
TACC1,0.5551020408163265,0.1,4.248979591836735
TACC2,0.32857142857142857,0.1489795918367347,2.3816326530612244
TACC3,0.2714285714285714,0.23673469387755103,2.2346938775510203
TACO1,0.610204081632653,0.04693877551020408,3.1755102040816325
TACR1,0.6408163265306123,0.006122448979591836,3.406122448979592
TACR2,0.35306122448979593,0.14489795918367346,2.4306122448979592
TACR3,0.2571428571428571,0.19183673469387755,2.2020408163265306
TADA1,0.6816326530612244,0.006122448979591836,3.520408163265306
TADA2A,0.4959183673469388,0.08979591836734693,2.826530612244898
TADA2B,0.2714285714285714,0.23265306122448978,2.2183673469387757
TADA3,0.16326530612244897,0.3,1.9775510204081632
TAF1,0.14285714285714285,0.39387755102040817,1.863265306122449
TAF10,0.3408163265306122,0.1653061224489796,2.369387755102041
TAF11,0.4714285714285714,0.08163265306122448,2.716326530612245
TAF12,0.3306122448979592,0.12857142857142856,2.3816326530612244
TAF13,0.2938775510204082,0.15918367346938775,2.293877551020408
TAF15,0.49387755102040815,0.09387755102040816,2.8102040816326532
TAF1A,0.6591836734693878,0.00816326530612245,3.3387755102040817
TAF1B,0.5959183673469388,0.04897959183673469,3.23265306122449
TAF1C,0.3510204081632653,0.1510204081632653,2.4673469387755103
TAF1D,0.4346938775510204,0.10612244897959183,2.663265306122449
TAF2,0.7204081632653061,0.01020408163265306,3.842857142857143
TAF3,0.37142857142857144,0.15918367346938775,2.5020408163265304
TAF4,0.5816326530612245,0.04693877551020408,3.236734693877551
TAF4B,0.45510204081632655,0.09387755102040816,3.0775510204081633
TAF5,0.3020408163265306,0.17346938775510204,2.2775510204081635
TAF5L,0.6571428571428571,0.012244897959183673,3.3285714285714287
TAF6,0.5918367346938775,0.036734693877551024,3.4612244897959186
TAF6L,0.49183673469387756,0.04081632653061224,2.7816326530612243
TAF7,0.17959183673469387,0.2755102040816326,1.9857142857142858
TAF7L,0.16938775510204082,0.3653061224489796,1.9489795918367347
TAF8,0.49183673469387756,0.06938775510204082,2.840816326530612
TAF9,0.16122448979591836,0.3020408163265306,1.9510204081632654
TAF9B,0.1489795918367347,0.38571428571428573,1.8653061224489795
TAGAP,0.4530612244897959,0.09183673469387756,2.704081632653061
TAGLN,0.4,0.11224489795918367,2.573469387755102
TAL1,0.39183673469387753,0.10612244897959183,2.5428571428571427
TALDO1,0.3346938775510204,0.18775510204081633,2.33265306122449
TAMM41,0.1489795918367347,0.3122448979591837,1.936734693877551
TANC1,0.536734693877551,0.05102040816326531,2.9816326530612245
TANK,0.5346938775510204,0.053061224489795916,2.9673469387755103
TAOK1,0.49183673469387756,0.1,2.853061224489796
TAOK2,0.47551020408163264,0.0653061224489796,2.7448979591836733
TAOK3,0.4959183673469388,0.05102040816326531,2.8244897959183675
TAP1,0.47346938775510206,0.07551020408163266,2.7448979591836733
TAPBP,0.46938775510204084,0.07959183673469387,2.720408163265306
TARBP2,0.5265306122448979,0.0326530612244898,2.9346938775510205
TARDBP,0.3326530612244898,0.14285714285714285,2.377551020408163
TARS2,0.6918367346938775,0.006122448979591836,3.6142857142857143
TAS1R1,0.33877551020408164,0.12653061224489795,2.440816326530612
TAS1R2,0.3142857142857143,0.14081632653061224,2.353061224489796
TAS1R3,0.34285714285714286,0.12653061224489795,2.4551020408163264
TAS2R10,0.6061224489795919,0.014285714285714285,3.5183673469387755
TAS2R19,0.6061224489795919,0.014285714285714285,3.516326530612245
TAS2R5,0.5346938775510204,0.07346938775510205,3.0918367346938775
TAS2R7,0.6061224489795919,0.014285714285714285,3.5183673469387755
TATDN1,0.7285714285714285,0.01020408163265306,3.8918367346938774
TAX1BP1,0.5653061224489796,0.04285714285714286,3.2244897959183674
TAX1BP3,0.2693877551020408,0.24897959183673468,2.1979591836734693
TBC1D1,0.2653061224489796,0.23673469387755103,2.2224489795918365
TBC1D10A,0.5836734693877551,0.053061224489795916,3.3
TBC1D15,0.5306122448979592,0.030612244897959183,3.0408163265306123
TBC1D2,0.373469387755102,0.1510204081632653,2.526530612244898
TBC1D20,0.6040816326530613,0.03877551020408163,3.3918367346938774
TBC1D25,0.14285714285714285,0.42857142857142855,1.8265306122448979
TBC1D31,0.7244897959183674,0.012244897959183673,3.8510204081632655
TBC1D4,0.27755102040816326,0.23877551020408164,2.2775510204081635
TBC1D7,0.4775510204081633,0.0836734693877551,2.7714285714285714
TBCA,0.15306122448979592,0.30612244897959184,1.9285714285714286
TBCB,0.6040816326530613,0.044897959183673466,3.520408163265306
TBCC,0.5020408163265306,0.0653061224489796,2.8653061224489798
TBCD,0.563265306122449,0.0836734693877551,3.024489795918367
TBCE,0.6551020408163265,0.012244897959183673,3.3285714285714287
TBCEL,0.4142857142857143,0.10816326530612246,2.593877551020408
TBK1,0.5448979591836735,0.0326530612244898,3.0775510204081633
TBL1XR1,0.9061224489795918,0.0020408163265306124,6.66734693877551
TBL3,0.4204081632653061,0.12244897959183673,2.5673469387755103
TBP,0.45714285714285713,0.08979591836734693,2.73265306122449
TBPL1,0.46530612244897956,0.0836734693877551,2.7122448979591836
TBPL2,0.4142857142857143,0.1306122448979592,2.6551020408163266
TBR1,0.5326530612244897,0.05102040816326531,2.973469387755102
TBX18,0.48367346938775513,0.06938775510204082,2.816326530612245
TBX19,0.6816326530612244,0.00816326530612245,3.5142857142857142
TBX2,0.6040816326530613,0.04897959183673469,3.1530612244897958
TBX20,0.5673469387755102,0.04693877551020408,3.220408163265306
TBX21,0.5489795918367347,0.04897959183673469,3.0387755102040814
TBX22,0.16122448979591836,0.3836734693877551,1.8938775510204082
TBX3,0.5061224489795918,0.05510204081632653,2.857142857142857
TBX4,0.6040816326530613,0.04693877551020408,3.157142857142857
TBX5,0.5061224489795918,0.05510204081632653,2.8510204081632655
TBXA2R,0.3795918367346939,0.15306122448979592,2.4489795918367347
TCAP,0.5102040816326531,0.08163265306122448,3.257142857142857
TCEA1,0.5979591836734693,0.044897959183673466,3.3959183673469386
TCEA2,0.5877551020408164,0.04285714285714286,3.2489795918367346
TCEA3,0.3163265306122449,0.14489795918367346,2.353061224489796
TCEAL1,0.17346938775510204,0.3673469387755102,1.9755102040816326
TCEAL4,0.17346938775510204,0.3693877551020408,1.973469387755102
TCEAL6,0.17142857142857143,0.3653061224489796,1.9612244897959183
TCEAL7,0.17346938775510204,0.3693877551020408,1.973469387755102
TCERG1,0.1816326530612245,0.2755102040816326,2.0040816326530613
TCF12,0.4448979591836735,0.10408163265306122,2.669387755102041
TCF19,0.47346938775510206,0.07551020408163266,2.7653061224489797
TCF20,0.5571428571428572,0.06938775510204082,3.0918367346938775
TCF21,0.46530612244897956,0.08163265306122448,2.716326530612245
TCF25,0.3653061224489796,0.14489795918367346,2.5
TCF3,0.37551020408163266,0.15714285714285714,2.4489795918367347
TCF4,0.36122448979591837,0.1653061224489796,2.4591836734693877
TCF7,0.1653061224489796,0.2836734693877551,1.957142857142857
TCF7L1,0.6408163265306123,0.012244897959183673,3.2979591836734694
TCF7L2,0.32040816326530613,0.15714285714285714,2.3448979591836734
TCHH,0.689795918367347,0.00816326530612245,3.5693877551020408
TCIRG1,0.5142857142857142,0.04285714285714286,3.016326530612245
TCL1A,0.45510204081632655,0.11020408163265306,2.7816326530612243
TCP1,0.4530612244897959,0.08979591836734693,2.704081632653061
TCP11,0.4714285714285714,0.08163265306122448,2.716326530612245
TCTN1,0.5122448979591837,0.05510204081632653,2.8285714285714287
TCTN2,0.5020408163265306,0.05102040816326531,2.8244897959183675
TCTN3,0.3,0.17142857142857143,2.2816326530612243
TDG,0.5061224489795918,0.05102040816326531,2.840816326530612
TDO2,0.22244897959183674,0.23061224489795917,2.120408163265306
TDP1,0.4489795918367347,0.11632653061224489,2.753061224489796
TDP2,0.4673469387755102,0.07755102040816327,2.763265306122449
TDRD1,0.3163265306122449,0.15714285714285714,2.342857142857143
TDRD5,0.6653061224489796,0.012244897959183673,3.4081632653061225
TDRD6,0.5020408163265306,0.06326530612244897,2.9816326530612245
TDRD7,0.37142857142857144,0.1510204081632653,2.522448979591837
TDRD9,0.46122448979591835,0.11020408163265306,2.8244897959183675
TDRKH,0.6877551020408164,0.00816326530612245,3.557142857142857
TEAD1,0.373469387755102,0.13877551020408163,2.5979591836734692
TEAD2,0.48775510204081635,0.07346938775510205,2.8122448979591836
TEAD3,0.47346938775510206,0.07959183673469387,2.720408163265306
TEAD4,0.6285714285714286,0.014285714285714285,3.5775510204081633
TEC,0.3489795918367347,0.1673469387755102,2.5326530612244897
TECPR1,0.5938775510204082,0.0326530612244898,3.473469387755102
TECR,0.4306122448979592,0.10408163265306122,2.7612244897959184
TEFM,0.4857142857142857,0.1,2.8183673469387753
TEK,0.2714285714285714,0.30612244897959184,2.3836734693877553
TELO2,0.4204081632653061,0.12244897959183673,2.5755102040816324
TEN1,0.6163265306122448,0.05102040816326531,3.204081632653061
TENT2,0.15306122448979592,0.3040816326530612,1.9285714285714286
TENT4A,0.7959183673469388,0.0163265306122449,4.685714285714286
TEP1,0.4306122448979592,0.12040816326530612,2.789795918367347
TERF1,0.6183673469387755,0.026530612244897958,3.5142857142857142
TERF2,0.39183673469387753,0.11428571428571428,2.595918367346939
TERF2IP,0.37142857142857144,0.12857142857142856,2.5551020408163265
TERT,0.7938775510204081,0.014285714285714285,4.7306122448979595
TES,0.5612244897959183,0.061224489795918366,3.293877551020408
TESC,0.5020408163265306,0.04897959183673469,2.8489795918367347
TET1,0.35306122448979593,0.14285714285714285,2.4326530612244897
TEX10,0.37142857142857144,0.15510204081632653,2.5448979591836736
TEX101,0.5081632653061224,0.061224489795918366,2.9612244897959186
TEX14,0.5795918367346938,0.04897959183673469,3.095918367346939
TEX264,0.10612244897959183,0.36122448979591837,1.7775510204081633
TEX35,0.6673469387755102,0.012244897959183673,3.3918367346938774
TF,0.7877551020408163,0.024489795918367346,4.108163265306122
TFAM,0.3408163265306122,0.15306122448979592,2.3918367346938774
TFAP2B,0.5204081632653061,0.053061224489795916,3.024489795918367
TFAP2C,0.573469387755102,0.04285714285714286,3.2285714285714286
TFAP2D,0.5204081632653061,0.053061224489795916,3.0408163265306123
TFAP4,0.41836734693877553,0.11836734693877551,2.610204081632653
TFB1M,0.45714285714285713,0.08775510204081632,2.7448979591836733
TFB2M,0.6510204081632653,0.014285714285714285,3.3387755102040817
TFDP1,0.34285714285714286,0.21836734693877552,2.7122448979591836
TFDP2,0.8326530612244898,0.018367346938775512,4.614285714285714
TFDP3,0.16326530612244897,0.3510204081632653,1.9183673469387754
TFE3,0.14489795918367346,0.4306122448979592,1.8265306122448979
TFEB,0.48775510204081635,0.07142857142857142,2.8102040816326532
TFF1,0.2938775510204082,0.18979591836734694,2.283673469387755
TFG,0.7387755102040816,0.0326530612244898,3.8081632653061224
TFIP11,0.573469387755102,0.05714285714285714,3.2244897959183674
TFPI,0.5510204081632653,0.04693877551020408,3.0510204081632653
TFPT,0.5244897959183673,0.06326530612244897,2.9346938775510205
TFR2,0.5877551020408164,0.036734693877551024,3.453061224489796
TFRC,0.8816326530612245,0.012244897959183673,5.681632653061224
TG,0.7244897959183674,0.01020408163265306,3.879591836734694
TGFA,0.6428571428571429,0.006122448979591836,3.4224489795918367
TGFB1,0.5102040816326531,0.06326530612244897,2.9959183673469387
TGFB1I1,0.47346938775510206,0.0653061224489796,2.742857142857143
TGFB2,0.6571428571428571,0.012244897959183673,3.33265306122449
TGFB3,0.4142857142857143,0.12653061224489795,2.6530612244897958
TGFBI,0.17551020408163265,0.2816326530612245,1.9857142857142858
TGFBR1,0.37142857142857144,0.1510204081632653,2.526530612244898
TGFBR2,0.14285714285714285,0.336734693877551,1.8816326530612244
TGFBR3,0.34285714285714286,0.11632653061224489,2.4571428571428573
TGFBRAP1,0.5816326530612245,0.024489795918367346,3.0877551020408163
TGIF1,0.5081632653061224,0.0673469387755102,3.0714285714285716
TGIF2,0.6142857142857143,0.02040816326530612,3.4346938775510205
TGIF2LX,0.15714285714285714,0.3836734693877551,1.9408163265306122
TGM1,0.4163265306122449,0.13673469387755102,2.659183673469388
TGM2,0.6061224489795919,0.026530612244897958,3.36734693877551
TGM5,0.4020408163265306,0.11632653061224489,2.5673469387755103
TGOLN2,0.6408163265306123,0.012244897959183673,3.2918367346938777
TGS1,0.5979591836734693,0.036734693877551024,3.4122448979591837
TH,0.32857142857142857,0.18775510204081633,2.320408163265306
THAP1,0.5408163265306123,0.09387755102040816,3.5346938775510206
THAP11,0.39387755102040817,0.10816326530612246,2.6020408163265305
THAP7,0.6061224489795919,0.044897959183673466,3.626530612244898
THBD,0.6020408163265306,0.03877551020408163,3.3918367346938774
THBS1,0.3836734693877551,0.12040816326530612,2.536734693877551
THBS2,0.4489795918367347,0.08979591836734693,2.710204081632653
THBS3,0.6877551020408164,0.00816326530612245,3.5020408163265304
THBS4,0.1510204081632653,0.3040816326530612,1.920408163265306
THEM4,0.6877551020408164,0.00816326530612245,3.5673469387755103
THEMIS,0.46122448979591835,0.0836734693877551,2.759183673469388
THOC1,0.5081632653061224,0.0673469387755102,3.0408163265306123
THOC2,0.1673469387755102,0.3551020408163265,1.9122448979591837
THOC3,0.20408163265306123,0.2673469387755102,2.0448979591836736
THOC5,0.5816326530612245,0.05102040816326531,3.269387755102041
THOC6,0.4142857142857143,0.12244897959183673,2.5551020408163265
THOC7,0.10612244897959183,0.36122448979591837,1.7918367346938775
THRA,0.5102040816326531,0.08571428571428572,2.9918367346938775
THRAP3,0.3693877551020408,0.10204081632653061,2.477551020408163
THRB,0.14489795918367346,0.32857142857142857,1.9
THRSP,0.48367346938775513,0.06938775510204082,2.8918367346938774
THSD7A,0.5877551020408164,0.03469387755102041,3.283673469387755
THTPA,0.42448979591836733,0.12857142857142856,2.7183673469387757
THY1,0.41020408163265304,0.11020408163265306,2.589795918367347
TIA1,0.6428571428571429,0.006122448979591836,3.4244897959183676
TIAL1,0.32857142857142857,0.14285714285714285,2.3755102040816327
TIAM1,0.32040816326530613,0.16326530612244897,2.3489795918367347
TIAM2,0.45714285714285713,0.08775510204081632,2.7448979591836733
TICAM1,0.40408163265306124,0.1326530612244898,2.546938775510204
TICAM2,0.15306122448979592,0.3,1.920408163265306
TICRR,0.5244897959183673,0.04897959183673469,3.024489795918367
TIGD3,0.49795918367346936,0.04897959183673469,2.8387755102040817
TIGIT,0.7489795918367347,0.030612244897959183,3.857142857142857
TIMELESS,0.5244897959183673,0.0326530612244898,2.926530612244898
TIMM10,0.5040816326530613,0.04285714285714286,2.8448979591836734
TIMM10B,0.33877551020408164,0.1653061224489796,2.3653061224489798
TIMM13,0.37551020408163266,0.15306122448979592,2.446938775510204
TIMM17A,0.6551020408163265,0.00816326530612245,3.2979591836734694
TIMM17B,0.14489795918367346,0.42857142857142855,1.8285714285714285
TIMM21,0.3551020408163265,0.1816326530612245,2.4571428571428573
TIMM22,0.27755102040816326,0.2510204081632653,2.210204081632653
TIMM23,0.37755102040816324,0.14081632653061224,2.522448979591837
TIMM44,0.4061224489795918,0.12857142857142856,2.5877551020408163
TIMM50,0.5877551020408164,0.044897959183673466,3.63265306122449
TIMM8A,0.16938775510204082,0.3653061224489796,1.9489795918367347
TIMM8B,0.4,0.12040816326530612,2.5673469387755103
TIMM9,0.4142857142857143,0.1346938775510204,2.6387755102040815
TIMMDC1,0.7653061224489796,0.02857142857142857,3.9489795918367347
TIMP1,0.14081632653061224,0.4326530612244898,1.8224489795918368
TIMP2,0.5979591836734693,0.05510204081632653,3.1653061224489796
TIMP3,0.5653061224489796,0.05510204081632653,3.179591836734694
TINF2,0.4163265306122449,0.13673469387755102,2.659183673469388
TIPIN,0.463265306122449,0.08979591836734693,2.7224489795918365
TIPRL,0.6795918367346939,0.00816326530612245,3.512244897959184
TIRAP,0.4122448979591837,0.11632653061224489,2.5877551020408163
TJAP1,0.5040816326530613,0.06326530612244897,2.9244897959183676
TJP1,0.4020408163265306,0.12040816326530612,2.589795918367347
TJP2,0.336734693877551,0.1673469387755102,2.473469387755102
TJP3,0.3816326530612245,0.15306122448979592,2.4673469387755103
TK1,0.5979591836734693,0.05510204081632653,3.173469387755102
TK2,0.39387755102040817,0.11020408163265306,2.595918367346939
TKFC,0.4816326530612245,0.04285714285714286,2.769387755102041
TKT,0.10612244897959183,0.363265306122449,1.773469387755102
TKTL1,0.18979591836734694,0.336734693877551,1.989795918367347
TKTL2,0.21224489795918366,0.23469387755102042,2.0979591836734692
TLE1,0.35714285714285715,0.1653061224489796,2.487755102040816
TLE2,0.3795918367346939,0.15306122448979592,2.4489795918367347
TLE3,0.46530612244897956,0.07551020408163266,2.753061224489796
TLE4,0.3469387755102041,0.16326530612244897,2.473469387755102
TLE6,0.3795918367346939,0.15306122448979592,2.4489795918367347
TLK1,0.5408163265306123,0.04285714285714286,3.0428571428571427
TLK2,0.6061224489795919,0.04693877551020408,3.1653061224489796
TLL1,0.21224489795918366,0.24285714285714285,2.093877551020408
TLL2,0.2979591836734694,0.17346938775510204,2.273469387755102
TLN1,0.37551020408163266,0.2,2.783673469387755
TLN2,0.46530612244897956,0.08775510204081632,2.716326530612245
TLR1,0.2673469387755102,0.23469387755102042,2.230612244897959
TLR10,0.2673469387755102,0.23469387755102042,2.230612244897959
TLR2,0.22244897959183674,0.23061224489795917,2.1
TLR3,0.2163265306122449,0.27755102040816326,2.1061224489795918
TLR4,0.3816326530612245,0.14285714285714285,2.5448979591836736
TLR7,0.1306122448979592,0.44081632653061226,1.8510204081632653
TLR8,0.1306122448979592,0.4387755102040816,1.853061224489796
TLR9,0.10612244897959183,0.36122448979591837,1.7775510204081633
TM6SF2,0.47551020408163264,0.0836734693877551,2.8755102040816327
TM7SF2,0.49795918367346936,0.04897959183673469,2.8346938775510204
TM9SF4,0.6489795918367347,0.01020408163265306,3.659183673469388
TMBIM1,0.4122448979591837,0.10816326530612246,2.6163265306122447
TMC6,0.6020408163265306,0.05510204081632653,3.1857142857142855
TMC8,0.6020408163265306,0.05510204081632653,3.1857142857142855
TMCO1,0.6857142857142857,0.006122448979591836,3.5510204081632653
TMED1,0.41020408163265304,0.10816326530612246,2.646938775510204
TMED10,0.4163265306122449,0.12653061224489795,2.6653061224489796
TMED2,0.5020408163265306,0.05102040816326531,2.8244897959183675
TMED3,0.48367346938775513,0.0673469387755102,2.7979591836734694
TMED4,0.5653061224489796,0.04693877551020408,3.226530612244898
TMED5,0.33877551020408164,0.11632653061224489,2.453061224489796
TMED7,0.15306122448979592,0.3,1.920408163265306
TMED9,0.21224489795918366,0.2653061224489796,2.0673469387755103
TMEM11,0.31020408163265306,0.22040816326530613,2.36734693877551
TMEM115,0.10408163265306122,0.36122448979591837,1.7755102040816326
TMEM138,0.4816326530612245,0.04285714285714286,2.769387755102041
TMEM147,0.6081632653061224,0.044897959183673466,3.5
TMEM17,0.6836734693877551,0.004081632653061225,3.9020408163265308
TMEM176A,0.5326530612244897,0.08775510204081632,3.0326530612244897
TMEM176B,0.5326530612244897,0.08775510204081632,3.0326530612244897
TMEM179B,0.4897959183673469,0.04081632653061224,2.7775510204081635
TMEM18,0.5897959183673469,0.05918367346938776,3.2448979591836733
TMEM199,0.5,0.09795918367346938,2.9224489795918367
TMEM216,0.4816326530612245,0.04285714285714286,2.769387755102041
TMEM219,0.4775510204081633,0.0653061224489796,2.753061224489796
TMEM231,0.37142857142857144,0.12653061224489795,2.5816326530612246
TMEM258,0.4816326530612245,0.04285714285714286,2.76734693877551
TMEM30A,0.48367346938775513,0.0653061224489796,2.8081632653061224
TMEM43,0.1489795918367347,0.3183673469387755,1.9244897959183673
TMEM50A,0.3163265306122449,0.1489795918367347,2.3346938775510204
TMEM63A,0.6591836734693878,0.01020408163265306,3.33265306122449
TMEM67,0.6653061224489796,0.018367346938775512,3.6020408163265305
TMEM86B,0.5326530612244897,0.06326530612244897,2.9571428571428573
TMEM97,0.5,0.09795918367346938,2.9224489795918367
TMF1,0.10408163265306122,0.373469387755102,1.7673469387755103
TMLHE,0.19183673469387755,0.37755102040816324,1.9142857142857144
TMOD1,0.373469387755102,0.1510204081632653,2.526530612244898
TMOD2,0.43673469387755104,0.10612244897959183,2.659183673469388
TMOD3,0.4387755102040816,0.10612244897959183,2.663265306122449
TMOD4,0.6918367346938775,0.00816326530612245,3.573469387755102
TMPO,0.5061224489795918,0.04081632653061224,2.8469387755102042
TMPRSS2,0.2979591836734694,0.18571428571428572,2.2877551020408164
TMPRSS6,0.5510204081632653,0.05918367346938776,3.1142857142857143
TMSB4X,0.1306122448979592,0.4387755102040816,1.853061224489796
TMX1,0.42857142857142855,0.12448979591836734,2.6918367346938776
TNC,0.37755102040816324,0.1469387755102041,2.5346938775510206
TNF,0.47551020408163264,0.07551020408163266,2.76734693877551
TNFAIP1,0.5,0.09795918367346938,2.9285714285714284
TNFAIP3,0.4673469387755102,0.0836734693877551,2.7
TNFAIP8,0.1510204081632653,0.29591836734693877,1.9224489795918367
TNFRSF10A,0.21836734693877552,0.3306122448979592,2.024489795918367
TNFRSF10B,0.21836734693877552,0.3306122448979592,2.024489795918367
TNFRSF10C,0.21836734693877552,0.3306122448979592,2.024489795918367
TNFRSF10D,0.21836734693877552,0.3306122448979592,2.024489795918367
TNFRSF11A,0.3653061224489796,0.15918367346938775,2.4816326530612245
TNFRSF11B,0.7183673469387755,0.01020408163265306,3.8591836734693876
TNFRSF12A,0.4142857142857143,0.12244897959183673,2.5551020408163265
TNFRSF13B,0.2693877551020408,0.2530612244897959,2.1857142857142855
TNFRSF13C,0.5571428571428572,0.0673469387755102,3.095918367346939
TNFRSF14,0.34285714285714286,0.12448979591836734,2.463265306122449
TNFRSF17,0.45510204081632655,0.09387755102040816,2.693877551020408
TNFRSF18,0.34285714285714286,0.12653061224489795,2.4551020408163264
TNFRSF1A,0.6183673469387755,0.014285714285714285,3.557142857142857
TNFRSF1B,0.3326530612244898,0.14081632653061224,2.3836734693877553
TNFRSF21,0.5102040816326531,0.05918367346938776,2.9979591836734696
TNFRSF25,0.336734693877551,0.12653061224489795,2.436734693877551
TNFRSF4,0.34285714285714286,0.12653061224489795,2.4551020408163264
TNFRSF6B,0.5857142857142857,0.044897959183673466,3.2510204081632654
TNFRSF8,0.3346938775510204,0.14081632653061224,2.3836734693877553
TNFSF10,0.9102040816326531,0.0020408163265306124,6.589795918367347
TNFSF11,0.21224489795918366,0.2673469387755102,2.063265306122449
TNFSF12,0.25918367346938775,0.2612244897959184,2.16734693877551
TNFSF13,0.25918367346938775,0.2612244897959184,2.16734693877551
TNFSF13B,0.32857142857142857,0.2163265306122449,2.446938775510204
TNFSF14,0.4061224489795918,0.1326530612244898,2.557142857142857
TNFSF15,0.37755102040816324,0.1489795918367347,2.536734693877551
TNFSF18,0.6816326530612244,0.00816326530612245,3.4591836734693877
TNFSF4,0.6816326530612244,0.00816326530612245,3.4551020408163264
TNFSF8,0.37755102040816324,0.1489795918367347,2.5346938775510206
TNFSF9,0.4061224489795918,0.1346938775510204,2.5551020408163265
TNIK,0.9102040816326531,0.0020408163265306124,6.502040816326531
TNIP1,0.1816326530612245,0.2714285714285714,2.0040816326530613
TNIP2,0.2673469387755102,0.23469387755102042,2.2081632653061223
TNK2,0.8816326530612245,0.012244897959183673,5.644897959183673
TNKS,0.22653061224489796,0.32857142857142857,2.061224489795918
TNKS1BP1,0.5040816326530613,0.04285714285714286,2.853061224489796
TNKS2,0.3,0.17755102040816326,2.283673469387755
TNNC1,0.10612244897959183,0.36122448979591837,1.7775510204081633
TNNC2,0.5897959183673469,0.03469387755102041,3.293877551020408
TNNI1,0.6571428571428571,0.01020408163265306,3.3020408163265307
TNNI2,0.3306122448979592,0.18775510204081633,2.3244897959183675
TNNI3,0.5326530612244897,0.06326530612244897,2.9571428571428573
TNNI3K,0.35306122448979593,0.10816326530612246,2.4816326530612245
TNNT1,0.5326530612244897,0.06326530612244897,2.9571428571428573
TNNT3,0.3306122448979592,0.18775510204081633,2.3244897959183675
TNP1,0.41020408163265304,0.11020408163265306,2.6032719836400817
TNP2,0.45510204081632655,0.09591836734693877,2.726530612244898
TNPO1,0.15510204081632653,0.3,1.9469387755102041
TNPO2,0.4122448979591837,0.10816326530612246,2.6775510204081634
TNPO3,0.536734693877551,0.07346938775510205,3.0673469387755103
TNR,0.673469387755102,0.01020408163265306,3.416326530612245
TNRC6A,0.4673469387755102,0.07755102040816327,2.763265306122449
TNRC6B,0.5591836734693878,0.0653061224489796,3.1653061224489796
TNS1,0.41020408163265304,0.11020408163265306,2.5918367346938775
TNS2,0.5265306122448979,0.0326530612244898,2.9285714285714284
TNS3,0.573469387755102,0.05102040816326531,3.2857142857142856
TNS4,0.5163265306122449,0.0836734693877551,2.940816326530612
TNXB,0.4714285714285714,0.07346938775510205,2.746938775510204
TOB2,0.5612244897959183,0.06326530612244897,3.1163265306122447
TOE1,0.39591836734693875,0.1,2.561224489795918
TOLLIP,0.3326530612244898,0.18979591836734694,2.3224489795918366
TOM1,0.5591836734693878,0.05918367346938776,3.120408163265306
TOMM20,0.6551020408163265,0.012244897959183673,3.326530612244898
TOMM20L,0.4142857142857143,0.1346938775510204,2.6387755102040815
TOMM22,0.5551020408163265,0.05918367346938776,3.1510204081632653
TOMM34,0.5897959183673469,0.03469387755102041,3.3020408163265307
TOMM40,0.5081632653061224,0.05714285714285714,2.940816326530612
TOMM40L,0.689795918367347,0.006122448979591836,3.595918367346939
TOMM5,0.32653061224489793,0.21836734693877552,2.5142857142857142
TOMM6,0.48775510204081635,0.07142857142857142,2.8102040816326532
TOMM7,0.5836734693877551,0.036734693877551024,3.3612244897959185
TOMM70,0.7326530612244898,0.0326530612244898,3.8020408163265307
TONSL,0.7040816326530612,0.022448979591836733,3.789795918367347
TOP1,0.5979591836734693,0.02857142857142857,3.357142857142857
TOP1MT,0.7020408163265306,0.02040816326530612,3.7857142857142856
TOP2A,0.5142857142857142,0.08571428571428572,2.953061224489796
TOP2B,0.14489795918367346,0.3306122448979592,1.8979591836734695
TOP3B,0.5918367346938775,0.05510204081632653,3.330612244897959
TOPBP1,0.7877551020408163,0.024489795918367346,4.104081632653061
TOPORS,0.3469387755102041,0.21224489795918366,2.610204081632653
TOR1A,0.37142857142857144,0.1489795918367347,2.5183673469387755
TOR1AIP1,0.6653061224489796,0.01020408163265306,3.3816326530612244
TOR1AIP2,0.6653061224489796,0.01020408163265306,3.3816326530612244
TOR1B,0.37142857142857144,0.1489795918367347,2.5183673469387755
TOR4A,0.37142857142857144,0.1469387755102041,2.5276073619631902
TOX2,0.5897959183673469,0.030612244897959183,3.320408163265306
TOX4,0.42244897959183675,0.12857142857142856,2.730612244897959
TP53,0.2612244897959184,0.2612244897959184,2.1714285714285713
TP53AIP1,0.4,0.12244897959183673,2.563265306122449
TP53BP1,0.40408163265306124,0.11632653061224489,2.5714285714285716
TP53BP2,0.6612244897959184,0.00816326530612245,3.3448979591836734
TP53INP1,0.6693877551020408,0.018367346938775512,3.622448979591837
TP53INP2,0.6265306122448979,0.018367346938775512,3.5
TP53RK,0.5897959183673469,0.03469387755102041,3.3224489795918366
TP63,0.8938775510204081,0.012244897959183673,6.036734693877551
TP73,0.3408163265306122,0.12857142857142856,2.440816326530612
TPD52,0.6265306122448979,0.026530612244897958,3.5653061224489795
TPD52L1,0.46530612244897956,0.07755102040816327,2.9122448979591837
TPD52L2,0.5857142857142857,0.04285714285714286,3.246938775510204
TPGS1,0.3693877551020408,0.17142857142857143,2.426530612244898
TPGS2,0.4122448979591837,0.11020408163265306,2.7
TPH1,0.3979591836734694,0.12857142857142856,2.5448979591836736
TPH2,0.5306122448979592,0.030612244897959183,3.0448979591836736
TPI1,0.6224489795918368,0.012244897959183673,3.5551020408163265
TPK1,0.5428571428571428,0.07551020408163266,3.110204081632653
TPM1,0.46530612244897956,0.08571428571428572,2.7224489795918365
TPM2,0.37551020408163266,0.2,2.783673469387755
TPM3,0.689795918367347,0.00816326530612245,3.536734693877551
TPM4,0.44081632653061226,0.09795918367346938,2.7489795918367346
TPO,0.5938775510204082,0.05510204081632653,3.2551020408163267
TPP2,0.3020408163265306,0.23061224489795917,2.353061224489796
TPPP,0.7959183673469388,0.0163265306122449,4.702040816326531
TPR,0.6653061224489796,0.01020408163265306,3.4020408163265308
TPRKB,0.6387755102040816,0.01020408163265306,3.3979591836734695
TPRN,0.373469387755102,0.1469387755102041,2.536734693877551
TPSAB1,0.4204081632653061,0.12244897959183673,2.5755102040816324
TPST1,0.5653061224489796,0.030612244897959183,3.3102040816326532
TPST2,0.5755102040816327,0.05714285714285714,3.230612244897959
TPT1,0.21428571428571427,0.2653061224489796,2.0673469387755103
TPX2,0.6551020408163265,0.01020408163265306,3.716326530612245
TRA2A,0.5857142857142857,0.036734693877551024,3.3510204081632655
TRA2B,0.8938775510204081,0.006122448979591836,6.236734693877551
TRADD,0.39387755102040817,0.10816326530612246,2.6020408163265305
TRAF1,0.3816326530612245,0.1489795918367347,2.5387755102040814
TRAF2,0.37142857142857144,0.1469387755102041,2.5326530612244897
TRAF3,0.45918367346938777,0.11020408163265306,2.826530612244898
TRAF3IP1,0.4020408163265306,0.09795918367346938,2.5918367346938775
TRAF3IP3,0.6510204081632653,0.00816326530612245,3.330612244897959
TRAF5,0.6510204081632653,0.00816326530612245,3.316326530612245
TRAF6,0.45918367346938777,0.09387755102040816,2.83265306122449
TRAF7,0.41836734693877553,0.12244897959183673,2.5644171779141103
TRAIP,0.10408163265306122,0.35714285714285715,1.7755102040816326
TRAK1,0.12448979591836734,0.34285714285714286,1.8326530612244898
TRAK2,0.5163265306122449,0.05918367346938776,2.9306122448979592
TRAM1,0.6122448979591837,0.024489795918367346,3.4653061224489794
TRAPPC1,0.2612244897959184,0.26326530612244897,2.1775510204081634
TRAPPC10,0.2938775510204082,0.17346938775510204,2.3081632653061224
TRAPPC11,0.21020408163265306,0.2816326530612245,2.083673469387755
TRAPPC12,0.5959183673469388,0.04897959183673469,3.2489795918367346
TRAPPC2,0.12857142857142856,0.44081632653061226,1.8448979591836734
TRAPPC2B,0.5265306122448979,0.0673469387755102,2.9551020408163264
TRAPPC2L,0.35714285714285715,0.14489795918367346,2.4673469387755103
TRAPPC3,0.3693877551020408,0.10204081632653061,2.473469387755102
TRAPPC3L,0.44693877551020406,0.09183673469387756,2.659183673469388
TRAPPC4,0.41020408163265304,0.11020408163265306,2.589795918367347
TRAPPC5,0.4061224489795918,0.12857142857142856,2.5795918367346937
TRAPPC6A,0.5020408163265306,0.05918367346938776,2.9224489795918367
TRAPPC6B,0.4346938775510204,0.12857142857142856,2.783673469387755
TRAPPC8,0.4387755102040816,0.09795918367346938,2.8714285714285714
TRAT1,0.7408163265306122,0.0326530612244898,3.8551020408163263
TRDMT1,0.37755102040816324,0.15918367346938775,2.536734693877551
TRDN,0.463265306122449,0.07959183673469387,2.7979591836734694
TREH,0.4122448979591837,0.11020408163265306,2.5918367346938775
TREM1,0.48367346938775513,0.07346938775510205,2.8
TREM2,0.48367346938775513,0.07346938775510205,2.793877551020408
TREML1,0.48367346938775513,0.07346938775510205,2.793877551020408
TREML2,0.48367346938775513,0.07346938775510205,2.793877551020408
TRERF1,0.4959183673469388,0.0673469387755102,2.8489795918367347
TRH,0.7795918367346939,0.02040816326530612,4.018367346938776
TRHR,0.7020408163265306,0.012244897959183673,3.7979591836734694
TRIAP1,0.5040816326530613,0.053061224489795916,2.8285714285714287
TRIB1,0.7346938775510204,0.012244897959183673,3.914285714285714
TRIB2,0.6142857142857143,0.04081632653061224,3.293877551020408
TRIB3,0.6061224489795919,0.03877551020408163,3.4
TRIL,0.5653061224489796,0.044897959183673466,3.236734693877551
TRIM10,0.463265306122449,0.07346938775510205,2.7387755102040816
TRIM11,0.6571428571428571,0.012244897959183673,3.3224489795918366
TRIM13,0.22857142857142856,0.27346938775510204,2.0877551020408163
TRIM14,0.37142857142857144,0.15306122448979592,2.522448979591837
TRIM17,0.6571428571428571,0.012244897959183673,3.3224489795918366
TRIM2,0.22857142857142856,0.22857142857142856,2.1183673469387756
TRIM21,0.33877551020408164,0.17551020408163265,2.3510204081632655
TRIM22,0.33877551020408164,0.16938775510204082,2.363265306122449
TRIM23,0.15714285714285714,0.2979591836734694,1.9612244897959183
TRIM24,0.5346938775510204,0.07551020408163266,3.0877551020408163
TRIM25,0.5775510204081633,0.04693877551020408,3.095918367346939
TRIM27,0.46530612244897956,0.07551020408163266,2.753061224489796
TRIM28,0.5265306122448979,0.06938775510204082,2.9551020408163264
TRIM29,0.4142857142857143,0.10816326530612246,2.595918367346939
TRIM3,0.33877551020408164,0.1653061224489796,2.3653061224489798
TRIM31,0.463265306122449,0.07346938775510205,2.742857142857143
TRIM32,0.37755102040816324,0.1469387755102041,2.5285714285714285
TRIM33,0.29183673469387755,0.1673469387755102,2.3
TRIM35,0.22244897959183674,0.32448979591836735,2.053061224489796
TRIM36,0.1510204081632653,0.3,1.9183673469387754
TRIM37,0.5795918367346938,0.04897959183673469,3.0979591836734692
TRIM4,0.5938775510204082,0.03469387755102041,3.4918367346938775
TRIM41,0.20612244897959184,0.2612244897959184,2.0795918367346937
TRIM45,0.3,0.16938775510204082,2.3591836734693876
TRIM5,0.33877551020408164,0.16938775510204082,2.363265306122449
TRIM50,0.5673469387755102,0.036734693877551024,3.2448979591836733
TRIM56,0.5816326530612245,0.036734693877551024,3.438775510204082
TRIM59,0.8673469387755102,0.01020408163265306,5.279591836734694
TRIM6,0.3408163265306122,0.17346938775510204,2.3653061224489798
TRIM63,0.3183673469387755,0.1489795918367347,2.3653061224489798
TRIM68,0.33877551020408164,0.17142857142857143,2.3591836734693876
TRIM69,0.4061224489795918,0.11632653061224489,2.573469387755102
TRIM7,0.20612244897959184,0.2612244897959184,2.089795918367347
TRIM71,0.1469387755102041,0.3326530612244898,1.9061224489795918
TRIM72,0.4775510204081633,0.0653061224489796,2.7612244897959184
TRIM8,0.3,0.17346938775510204,2.2755102040816326
TRIM9,0.42448979591836733,0.12653061224489795,2.6816326530612247
TRIO,0.8081632653061225,0.00816326530612245,4.8428571428571425
TRIP10,0.40408163265306124,0.1326530612244898,2.561224489795918
TRIP11,0.44693877551020406,0.11428571428571428,2.7448979591836733
TRIP13,0.7938775510204081,0.0163265306122449,4.716326530612245
TRIP4,0.46530612244897956,0.08775510204081632,2.716326530612245
TRIP6,0.5836734693877551,0.036734693877551024,3.436734693877551
TRMT10C,0.7408163265306122,0.0326530612244898,3.8
TRMT112,0.49183673469387756,0.044897959183673466,2.793877551020408
TRMT6,0.6142857142857143,0.030612244897959183,3.4346938775510205
TRMT61A,0.463265306122449,0.11020408163265306,2.8285714285714287
TRNAU1AP,0.3306122448979592,0.12857142857142856,2.3816326530612244
TRNT1,0.16938775510204082,0.3163265306122449,1.9795918367346939
TRO,0.1469387755102041,0.4122448979591837,1.8612244897959183
TROAP,0.5265306122448979,0.0326530612244898,2.906122448979592
TRPA1,0.6122448979591837,0.024489795918367346,3.475510204081633
TRPC1,0.8367346938775511,0.018367346938775512,4.636734693877551
TRPC3,0.23877551020408164,0.18979591836734694,2.1857142857142855
TRPC4,0.21836734693877552,0.25510204081632654,2.1020408163265305
TRPC4AP,0.6265306122448979,0.014285714285714285,3.475510204081633
TRPC5,0.17142857142857143,0.3551020408163265,1.9612244897959183
TRPC6,0.4346938775510204,0.10408163265306122,2.795918367346939
TRPC7,0.17551020408163265,0.2816326530612245,1.9816326530612245
TRPM2,0.2938775510204082,0.17346938775510204,2.306122448979592
TRPM4,0.4857142857142857,0.07346938775510205,2.806122448979592
TRPM8,0.39591836734693875,0.10408163265306122,2.548979591836735
TRPS1,0.7163265306122449,0.01020408163265306,3.793877551020408
TRPV1,0.2693877551020408,0.2510204081632653,2.1979591836734693
TRPV2,0.2693877551020408,0.2530612244897959,2.1897959183673468
TRPV4,0.5122448979591837,0.053061224489795916,2.836734693877551
TRPV5,0.5387755102040817,0.07346938775510205,3.0979591836734692
TRPV6,0.5387755102040817,0.07346938775510205,3.0979591836734692
TRRAP,0.5959183673469388,0.030612244897959183,3.512244897959184
TSC1,0.37551020408163266,0.1510204081632653,2.522448979591837
TSC2,0.4204081632653061,0.12244897959183673,2.5673469387755103
TSEN15,0.6632653061224489,0.00816326530612245,3.379591836734694
TSEN2,0.1489795918367347,0.31020408163265306,1.9387755102040816
TSEN34,0.5244897959183673,0.06326530612244897,2.940816326530612
TSEN54,0.6142857142857143,0.05102040816326531,3.206122448979592
TSFM,0.5346938775510204,0.030612244897959183,3.0
TSG101,0.4020408163265306,0.12857142857142856,2.5551020408163265
TSHB,0.2897959183673469,0.17142857142857143,2.3
TSHR,0.44081632653061226,0.11836734693877551,2.736734693877551
TSHZ1,0.3489795918367347,0.19183673469387755,2.404081632653061
TSLP,0.15714285714285714,0.3040816326530612,1.926530612244898
TSN,0.5816326530612245,0.02857142857142857,3.1183673469387756
TSNARE1,0.7,0.02040816326530612,3.7979591836734694
TSNAX,0.6530612244897959,0.012244897959183673,3.3244897959183675
TSNAXIP1,0.39387755102040817,0.10816326530612246,2.6020408163265305
TSPAN12,0.5551020408163265,0.06938775510204082,3.1714285714285713
TSPAN14,0.3326530612244898,0.15714285714285714,2.377551020408163
TSPAN3,0.4816326530612245,0.06938775510204082,2.7877551020408164
TSPAN7,0.1326530612244898,0.44081632653061226,1.8081632653061224
TSPO,0.5489795918367347,0.07142857142857142,3.0775510204081633
TSPOAP1,0.5795918367346938,0.04897959183673469,3.1
TSPYL2,0.14081632653061224,0.4142857142857143,1.8346938775510204
TSR1,0.2755102040816326,0.2510204081632653,2.2122448979591836
TST,0.5510204081632653,0.05918367346938776,3.1142857142857143
TTBK2,0.39591836734693875,0.11836734693877551,2.557142857142857
TTC19,0.2714285714285714,0.2530612244897959,2.1897959183673468
TTC21B,0.5346938775510204,0.04693877551020408,3.0081632653061225
TTC5,0.4346938775510204,0.12040816326530612,2.8020408163265307
TTF1,0.373469387755102,0.1489795918367347,2.522448979591837
TTK,0.47551020408163264,0.0673469387755102,2.8183673469387753
TTLL1,0.5510204081632653,0.07142857142857142,3.085714285714286
TTLL5,0.4163265306122449,0.12653061224489795,2.663265306122449
TTN,0.5571428571428572,0.04285714285714286,3.1653061224489796
TTR,0.43673469387755104,0.09795918367346938,2.8816326530612244
TUB,0.33877551020408164,0.16326530612244897,2.3653061224489798
TUBA1A,0.5265306122448979,0.0326530612244898,2.906122448979592
TUBA1B,0.5265306122448979,0.0326530612244898,2.906122448979592
TUBA1C,0.5265306122448979,0.0326530612244898,2.906122448979592
TUBA3E,0.5489795918367347,0.04693877551020408,2.9693877551020407
TUBA4A,0.41020408163265304,0.10612244897959183,2.6040816326530614
TUBA8,0.5653061224489796,0.0653061224489796,3.159183673469388
TUBAL3,0.3795918367346939,0.15306122448979592,2.546938775510204
TUBB,0.47551020408163264,0.06938775510204082,2.783673469387755
TUBB1,0.5693877551020409,0.044897959183673466,3.2020408163265306
TUBB2A,0.4816326530612245,0.08979591836734693,2.753061224489796
TUBB2B,0.4816326530612245,0.08979591836734693,2.753061224489796
TUBB3,0.3653061224489796,0.14489795918367346,2.5
TUBB4A,0.40816326530612246,0.1326530612244898,2.559183673469388
TUBB4B,0.373469387755102,0.1469387755102041,2.536734693877551
TUBB6,0.5040816326530613,0.06326530612244897,2.9346938775510205
TUBB8,0.37142857142857144,0.18979591836734694,2.4693877551020407
TUBD1,0.5938775510204082,0.05102040816326531,3.1244897959183673
TUBE1,0.4489795918367347,0.09387755102040816,2.6857142857142855
TUBG1,0.5040816326530613,0.08571428571428572,2.8489795918367347
TUBG2,0.5040816326530613,0.08571428571428572,2.8489795918367347
TUBGCP2,0.3448979591836735,0.15714285714285714,2.410204081632653
TUBGCP3,0.336734693877551,0.21428571428571427,2.522448979591837
TUBGCP4,0.40408163265306124,0.11632653061224489,2.5714285714285716
TUBGCP5,0.44081632653061226,0.10204081632653061,2.726530612244898
TUBGCP6,0.5122448979591837,0.09591836734693877,2.9571428571428573
TUFM,0.47959183673469385,0.06326530612244897,2.7653061224489797
TUFT1,0.689795918367347,0.00816326530612245,3.561224489795918
TULP3,0.6306122448979592,0.014285714285714285,3.583673469387755
TULP4,0.45510204081632655,0.08979591836734693,2.7081632653061223
TUSC3,0.23265306122448978,0.3183673469387755,2.061224489795918
TUT1,0.4816326530612245,0.04285714285714286,2.7653061224489797
TUT4,0.373469387755102,0.10204081632653061,2.4938775510204083
TVP23B,0.2897959183673469,0.24285714285714285,2.2551020408163267
TWF1,0.5326530612244897,0.02857142857142857,2.977551020408163
TWF2,0.10612244897959183,0.36122448979591837,1.7775510204081633
TWIST1,0.5857142857142857,0.036734693877551024,3.2816326530612243
TWIST2,0.4020408163265306,0.09795918367346938,2.595918367346939
TWNK,0.3,0.17142857142857143,2.2755102040816326
TWSG1,0.4959183673469388,0.07551020408163266,2.9122448979591837
TXK,0.3469387755102041,0.17755102040816326,2.5142857142857142
TXLNA,0.35714285714285715,0.11224489795918367,2.436734693877551
TXLNB,0.4673469387755102,0.0836734693877551,2.706122448979592
TXLNG,0.13877551020408163,0.4326530612244898,1.883673469387755
TXN,0.3795918367346939,0.1489795918367347,2.5448979591836736
TXN2,0.5510204081632653,0.05918367346938776,3.1244897959183673
TXNDC12,0.37551020408163266,0.10204081632653061,2.4959183673469387
TXNDC16,0.42653061224489797,0.12857142857142856,2.693877551020408
TXNDC17,0.25918367346938775,0.25510204081632654,2.1816326530612247
TXNDC5,0.48367346938775513,0.08571428571428572,2.789795918367347
TXNIP,0.6775510204081633,0.00816326530612245,3.473469387755102
TXNL1,0.363265306122449,0.1653061224489796,2.4673469387755103
TXNL4A,0.336734693877551,0.20816326530612245,2.3489795918367347
TXNL4B,0.3795918367346939,0.12653061224489795,2.546938775510204
TXNRD1,0.5081632653061224,0.05102040816326531,2.842857142857143
TXNRD2,0.5816326530612245,0.05102040816326531,3.330612244897959
TYK2,0.41020408163265304,0.10816326530612246,2.6408163265306124
TYMP,0.5020408163265306,0.09795918367346938,2.9204081632653063
TYMS,0.5163265306122449,0.061224489795918366,3.1040816326530614
TYR,0.4489795918367347,0.08979591836734693,2.746938775510204
TYRO3,0.38979591836734695,0.11632653061224489,2.548979591836735
TYROBP,0.6040816326530613,0.044897959183673466,3.5081632653061225
TYRP1,0.2673469387755102,0.29591836734693877,2.3020408163265307
TYSND1,0.3551020408163265,0.14285714285714285,2.436734693877551
U2AF1,0.28775510204081634,0.17959183673469387,2.2918367346938777
U2AF1L4,0.6081632653061224,0.044897959183673466,3.5040816326530613
U2AF2,0.5387755102040817,0.061224489795918366,2.9959183673469387
U2SURP,0.8346938775510204,0.02040816326530612,4.636734693877551
UAP1,0.6918367346938775,0.006122448979591836,3.583673469387755
UBA2,0.6020408163265306,0.044897959183673466,3.436734693877551
UBA3,0.10408163265306122,0.373469387755102,1.7673469387755103
UBA5,0.7816326530612245,0.024489795918367346,4.085714285714285
UBA52,0.47551020408163264,0.07959183673469387,2.8653061224489798
UBA6,0.35918367346938773,0.1489795918367347,2.5816326530612246
UBA7,0.10408163265306122,0.35714285714285715,1.7755102040816326
UBAC1,0.37142857142857144,0.14489795918367346,2.524489795918367
UBAC2,0.3020408163265306,0.23061224489795917,2.306122448979592
UBAP1,0.3795918367346939,0.19387755102040816,2.7387755102040816
UBAP2L,0.689795918367347,0.00816326530612245,3.5346938775510206
UBASH3A,0.2938775510204082,0.18979591836734694,2.2877551020408164
UBB,0.2714285714285714,0.2530612244897959,2.193877551020408
UBC,0.5020408163265306,0.053061224489795916,2.8102040816326532
UBD,0.463265306122449,0.07346938775510205,2.746938775510204
UBE2A,0.17346938775510204,0.35306122448979593,1.963265306122449
UBE2B,0.1653061224489796,0.2836734693877551,1.957142857142857
UBE2C,0.5897959183673469,0.03469387755102041,3.293877551020408
UBE2D1,0.3408163265306122,0.15306122448979592,2.3918367346938774
UBE2D2,0.18571428571428572,0.27346938775510204,2.016326530612245
UBE2D3,0.2571428571428571,0.19387755102040816,2.195918367346939
UBE2E1,0.14285714285714285,0.32857142857142857,1.8959183673469389
UBE2E2,0.14285714285714285,0.32857142857142857,1.8959183673469389
UBE2E3,0.5551020408163265,0.04285714285714286,3.1
UBE2F,0.4061224489795918,0.09795918367346938,2.5979591836734692
UBE2G2,0.2938775510204082,0.17551020408163265,2.304081632653061
UBE2I,0.4204081632653061,0.12244897959183673,2.5755102040816324
UBE2J1,0.46938775510204084,0.07755102040816327,2.7653061224489797
UBE2J2,0.34285714285714286,0.12653061224489795,2.4551020408163264
UBE2K,0.2673469387755102,0.22857142857142856,2.236734693877551
UBE2L3,0.6,0.05510204081632653,3.4571428571428573
UBE2L6,0.5040816326530613,0.04285714285714286,2.8448979591836734
UBE2M,0.5265306122448979,0.06938775510204082,2.977551020408163
UBE2N,0.5102040816326531,0.036734693877551024,2.8877551020408165
UBE2Q2,0.4775510204081633,0.07142857142857142,2.789795918367347
UBE2S,0.536734693877551,0.06326530612244897,2.9693877551020407
UBE2V1,0.5959183673469388,0.030612244897959183,3.3183673469387753
UBE2V2,0.6040816326530613,0.04081632653061224,3.442857142857143
UBE2W,0.6224489795918368,0.026530612244897958,3.526530612244898
UBE2Z,0.5551020408163265,0.044897959183673466,3.061224489795918
UBE3C,0.5183673469387755,0.09795918367346938,2.975510204081633
UBE3D,0.4775510204081633,0.06938775510204082,2.8
UBE4A,0.41020408163265304,0.11020408163265306,2.5918367346938775
UBE4B,0.3346938775510204,0.1346938775510204,2.3979591836734695
UBIAD1,0.3326530612244898,0.14081632653061224,2.3816326530612244
UBL3,0.22448979591836735,0.2510204081632653,2.0979591836734692
UBL4A,0.18979591836734694,0.336734693877551,1.989795918367347
UBL4B,0.29183673469387755,0.16326530612244897,2.2857142857142856
UBL5,0.4122448979591837,0.11224489795918367,2.626530612244898
UBLCP1,0.17755102040816326,0.2714285714285714,1.9979591836734694
UBN1,0.4204081632653061,0.11224489795918367,2.620408163265306
UBOX5,0.6183673469387755,0.026530612244897958,3.410204081632653
UBQLN1,0.3551020408163265,0.16326530612244897,2.489795918367347
UBQLN2,0.14489795918367346,0.4020408163265306,1.8551020408163266
UBQLN4,0.6795918367346939,0.00816326530612245,3.463265306122449
UBR1,0.3979591836734694,0.11836734693877551,2.559183673469388
UBR2,0.5,0.0673469387755102,2.8612244897959185
UBR4,0.3163265306122449,0.13877551020408163,2.357142857142857
UBR5,0.6877551020408164,0.0163265306122449,3.7
UBTF,0.5122448979591837,0.07346938775510205,2.9122448979591837
UBXN1,0.48775510204081635,0.04081632653061224,2.773469387755102
UBXN2A,0.6285714285714286,0.026530612244897958,3.326530612244898
UBXN2B,0.6,0.036734693877551024,3.3959183673469386
UBXN4,0.5326530612244897,0.04897959183673469,2.9285714285714284
UBXN7,0.8816326530612245,0.012244897959183673,5.714285714285714
UCHL1,0.27755102040816326,0.23061224489795917,2.273469387755102
UCHL3,0.2755102040816326,0.24081632653061225,2.269387755102041
UCHL5,0.6428571428571429,0.014285714285714285,3.2775510204081635
UCK1,0.3795918367346939,0.1469387755102041,2.5408163265306123
UCKL1,0.5857142857142857,0.04285714285714286,3.246938775510204
UCN,0.6448979591836734,0.014285714285714285,3.377551020408163
UCN3,0.3816326530612245,0.15306122448979592,2.548979591836735
UCP1,0.23673469387755103,0.2163265306122449,2.1551020408163266
UCP2,0.49387755102040815,0.07142857142857142,2.936734693877551
UCP3,0.49387755102040815,0.07142857142857142,2.936734693877551
UFD1,0.5755102040816327,0.05510204081632653,3.2775510204081635
UFL1,0.44693877551020406,0.09591836734693877,2.6918367346938776
UFM1,0.21836734693877552,0.25510204081632654,2.0877551020408163
UFSP2,0.21428571428571427,0.2795918367346939,2.0979591836734692
UGCG,0.3795918367346939,0.1510204081632653,2.536734693877551
UGDH,0.2653061224489796,0.22857142857142856,2.230612244897959
UGGT1,0.5530612244897959,0.04081632653061224,2.987755102040816
UGP2,0.673469387755102,0.004081632653061225,3.7510204081632654
UGT1A1,0.39591836734693875,0.10408163265306122,2.546938775510204
UGT1A10,0.39591836734693875,0.10408163265306122,2.546938775510204
UGT1A3,0.39591836734693875,0.10408163265306122,2.546938775510204
UGT1A4,0.39591836734693875,0.10408163265306122,2.546938775510204
UGT1A6,0.39591836734693875,0.10408163265306122,2.546938775510204
UGT1A7,0.39591836734693875,0.10408163265306122,2.546938775510204
UGT1A8,0.3979591836734694,0.10408163265306122,2.5551020408163265
UGT1A9,0.39591836734693875,0.10408163265306122,2.546938775510204
UGT2A3,0.3653061224489796,0.1469387755102041,2.7224489795918365
UGT2B11,0.3653061224489796,0.1469387755102041,2.7224489795918365
UGT2B15,0.3673469387755102,0.1469387755102041,2.6387755102040815
UGT2B7,0.3653061224489796,0.1469387755102041,2.720408163265306
UGT8,0.23469387755102042,0.1816326530612245,2.1897959183673468
UHRF1,0.4061224489795918,0.1326530612244898,2.5510204081632653
UHRF2,0.2795918367346939,0.29183673469387755,2.3285714285714287
UIMC1,0.20816326530612245,0.2653061224489796,2.063265306122449
ULBP1,0.45714285714285713,0.09795918367346938,2.6877551020408164
ULBP2,0.45510204081632655,0.09795918367346938,2.6857142857142855
ULBP3,0.45918367346938777,0.09795918367346938,2.6877551020408164
ULK1,0.49387755102040815,0.053061224489795916,2.8122448979591836
ULK2,0.2897959183673469,0.23061224489795917,2.293877551020408
ULK3,0.47346938775510206,0.07551020408163266,2.759183673469388
UMOD,0.4448979591836735,0.09387755102040816,2.663265306122449
UMPS,0.7775510204081633,0.022448979591836733,3.963265306122449
UNC119,0.49387755102040815,0.09795918367346938,2.9
UNC119B,0.5020408163265306,0.053061224489795916,2.816326530612245
UNC13A,0.45918367346938777,0.09387755102040816,2.7612244897959184
UNC13B,0.37755102040816324,0.19591836734693877,2.7775510204081635
UNC13D,0.6163265306122448,0.05102040816326531,3.210204081632653
UNC45A,0.5265306122448979,0.04693877551020408,2.973469387755102
UNC45B,0.49183673469387756,0.09591836734693877,2.8285714285714287
UNC5A,0.20816326530612245,0.2653061224489796,2.063265306122449
UNC5B,0.3551020408163265,0.14285714285714285,2.438775510204082
UNC5C,0.25918367346938775,0.18979591836734694,2.204081632653061
UNC93B1,0.5142857142857142,0.04285714285714286,3.0081632653061225
UNG,0.5142857142857142,0.05510204081632653,2.8346938775510204
UNKL,0.4204081632653061,0.12244897959183673,2.5755102040816324
UPF1,0.4714285714285714,0.08163265306122448,2.8591836734693876
UPF2,0.3816326530612245,0.15306122448979592,2.546938775510204
UPF3A,0.336734693877551,0.22040816326530613,2.440816326530612
UPF3B,0.17346938775510204,0.35306122448979593,1.963265306122449
UPK1B,0.7653061224489796,0.030612244897959183,3.946938775510204
UPK2,0.41020408163265304,0.11020408163265306,2.589795918367347
UPK3A,0.5326530612244897,0.07959183673469387,3.022448979591837
UPP1,0.5714285714285714,0.05102040816326531,3.2979591836734694
UPP2,0.5387755102040817,0.04897959183673469,2.977551020408163
UPRT,0.1489795918367347,0.39591836734693875,1.8755102040816327
UQCC1,0.6265306122448979,0.014285714285714285,3.475510204081633
UQCC2,0.46530612244897956,0.08163265306122448,2.704081632653061
UQCR10,0.5857142857142857,0.04897959183673469,3.2877551020408164
UQCR11,0.37551020408163266,0.15714285714285714,2.4489795918367347
UQCRB,0.6775510204081633,0.014285714285714285,3.642857142857143
UQCRC1,0.10612244897959183,0.3551020408163265,1.7836734693877552
UQCRC2,0.44081632653061226,0.09183673469387756,2.646938775510204
UQCRFS1,0.5714285714285714,0.03877551020408163,3.66734693877551
UQCRH,0.3979591836734694,0.09795918367346938,2.5693877551020408
UQCRQ,0.16326530612244897,0.28775510204081634,1.9469387755102041
URB1,0.32448979591836735,0.15510204081632653,2.3653061224489798
URB2,0.6571428571428571,0.012244897959183673,3.3285714285714287
URI1,0.5816326530612245,0.03877551020408163,3.6653061224489796
UROD,0.39591836734693875,0.09795918367346938,2.563265306122449
UROS,0.3326530612244898,0.1510204081632653,2.3979591836734695
USE1,0.4489795918367347,0.09591836734693877,2.7346938775510203
USF1,0.689795918367347,0.006122448979591836,3.630612244897959
USF2,0.6061224489795919,0.04285714285714286,3.5040816326530613
USH1C,0.3979591836734694,0.1306122448979592,2.5387755102040814
USH1G,0.610204081632653,0.04897959183673469,3.2
USH2A,0.6551020408163265,0.012244897959183673,3.3346938775510204
USO1,0.3469387755102041,0.14285714285714285,2.6346938775510202
USP1,0.3653061224489796,0.10612244897959183,2.516326530612245
USP10,0.35306122448979593,0.1489795918367347,2.4653061224489794
USP11,0.13673469387755102,0.4306122448979592,1.816326530612245
USP14,0.5061224489795918,0.0673469387755102,3.0346938775510206
USP16,0.3183673469387755,0.1673469387755102,2.379591836734694
USP17L1,0.22040816326530613,0.32653061224489793,2.0306122448979593
USP17L2,0.22653061224489796,0.32857142857142857,2.0448979591836736
USP17L5,0.2693877551020408,0.23673469387755103,2.2008196721311477
USP18,0.5653061224489796,0.0653061224489796,3.159183673469388
USP19,0.10612244897959183,0.3551020408163265,1.7836734693877552
USP2,0.41020408163265304,0.11020408163265306,2.589795918367347
USP21,0.689795918367347,0.006122448979591836,3.626530612244898
USP22,0.30612244897959184,0.22244897959183674,2.3489795918367347
USP25,0.3510204081632653,0.15510204081632653,2.5693877551020408
USP26,0.16326530612244897,0.3489795918367347,1.920408163265306
USP28,0.4,0.11428571428571428,2.573469387755102
USP3,0.4673469387755102,0.08571428571428572,2.726530612244898
USP30,0.5142857142857142,0.05510204081632653,2.8346938775510204
USP33,0.35306122448979593,0.10816326530612246,2.487755102040816
USP37,0.4122448979591837,0.10816326530612246,2.6040816326530614
USP39,0.6387755102040816,0.012244897959183673,3.2877551020408164
USP4,0.10408163265306122,0.3551020408163265,1.7816326530612245
USP44,0.5061224489795918,0.04081632653061224,2.873469387755102
USP47,0.373469387755102,0.14489795918367346,2.548979591836735
USP48,0.3122448979591837,0.14081632653061224,2.342857142857143
USP49,0.4897959183673469,0.07142857142857142,2.8285714285714287
USP5,0.6224489795918368,0.012244897959183673,3.5551020408163265
USP6,0.26326530612244897,0.25510204081632654,2.1877551020408164
USP7,0.44285714285714284,0.10204081632653061,2.6714285714285713
USP8,0.42857142857142855,0.10612244897959183,2.642857142857143
USP9X,0.1306122448979592,0.45102040816326533,1.773469387755102
UST,0.45714285714285713,0.09183673469387756,2.6816326530612247
UTF1,0.3448979591836735,0.15714285714285714,2.406122448979592
UTP11,0.3816326530612245,0.10204081632653061,2.6183673469387756
UTP14A,0.16122448979591836,0.35306122448979593,1.920408163265306
UTP14C,0.23877551020408164,0.2653061224489796,2.1285714285714286
UTP15,0.1489795918367347,0.3020408163265306,1.926530612244898
UTP18,0.5714285714285714,0.04081632653061224,3.1061224489795918
UTP20,0.5061224489795918,0.04285714285714286,2.8285714285714287
UTP23,0.7204081632653061,0.01020408163265306,3.816326530612245
UTP25,0.6510204081632653,0.01020408163265306,3.33265306122449
UTP3,0.363265306122449,0.1489795918367347,2.610204081632653
UTP4,0.39183673469387753,0.11428571428571428,2.585714285714286
UTP6,0.49183673469387756,0.09795918367346938,2.8346938775510204
UTRN,0.46938775510204084,0.0836734693877551,2.7122448979591836
UVRAG,0.48775510204081635,0.07142857142857142,2.853061224489796
UXS1,0.5857142857142857,0.022448979591836733,3.1122448979591835
UXT,0.14081632653061224,0.4326530612244898,1.8224489795918368
VAC14,0.38979591836734695,0.11428571428571428,2.5795918367346937
VAMP1,0.6224489795918368,0.014285714285714285,3.561224489795918
VAMP2,0.26326530612244897,0.2653061224489796,2.1775510204081634
VAMP3,0.336734693877551,0.1306122448979592,2.414285714285714
VAMP4,0.6816326530612244,0.00816326530612245,3.4551020408163264
VAMP5,0.6408163265306123,0.012244897959183673,3.289795918367347
VAMP7,0.29591836734693877,0.3224489795918367,2.169387755102041
VAMP8,0.6408163265306123,0.012244897959183673,3.289795918367347
VANGL1,0.2857142857142857,0.17346938775510204,2.289795918367347
VANGL2,0.689795918367347,0.006122448979591836,3.589795918367347
VAPA,0.49387755102040815,0.07551020408163266,2.889795918367347
VAPB,0.5693877551020409,0.044897959183673466,3.206122448979592
VARS2,0.47551020408163264,0.07142857142857142,2.7755102040816326
VASN,0.41836734693877553,0.11836734693877551,2.610204081632653
VASP,0.4959183673469388,0.06326530612244897,2.904081632653061
VAT1,0.5020408163265306,0.08571428571428572,2.8612244897959185
VAV1,0.40408163265306124,0.1306122448979592,2.563265306122449
VAV2,0.373469387755102,0.1510204081632653,2.522448979591837
VAV3,0.29591836734693877,0.15510204081632653,2.3122448979591836
VAX1,0.32448979591836735,0.1510204081632653,2.3510204081632655
VBP1,0.19183673469387755,0.3346938775510204,2.010204081632653
VCAM1,0.3142857142857143,0.1306122448979592,2.3714285714285714
VCAN,0.14489795918367346,0.3020408163265306,1.9183673469387754
VCL,0.35918367346938773,0.1489795918367347,2.4448979591836735
VCP,0.37755102040816324,0.19591836734693877,2.763265306122449
VCPIP1,0.6142857142857143,0.02857142857142857,3.4571428571428573
VDAC1,0.16326530612244897,0.2836734693877551,1.9551020408163264
VDAC2,0.3653061224489796,0.1489795918367347,2.453061224489796
VDAC3,0.536734693877551,0.09591836734693877,3.6081632653061226
VDR,0.5387755102040817,0.030612244897959183,2.989795918367347
VEGFB,0.49183673469387756,0.044897959183673466,2.8020408163265307
VEGFC,0.20612244897959184,0.2653061224489796,2.061224489795918
VEGFD,0.1326530612244898,0.4326530612244898,1.8673469387755102
VENTX,0.3448979591836735,0.15714285714285714,2.406122448979592
VEZT,0.5061224489795918,0.04081632653061224,2.873469387755102
VGF,0.5816326530612245,0.036734693877551024,3.4551020408163264
VGLL1,0.1673469387755102,0.3510204081632653,1.9244897959183673
VGLL2,0.4489795918367347,0.08775510204081632,2.6653061224489796
VGLL3,0.19795918367346937,0.336734693877551,2.136734693877551
VGLL4,0.14285714285714285,0.32653061224489793,1.8979591836734695
VHL,0.15918367346938775,0.3040816326530612,1.9653061224489796
VHLL,0.6795918367346939,0.00816326530612245,3.4551020408163264
VIM,0.37755102040816324,0.15918367346938775,2.5387755102040814
VIP,0.45918367346938777,0.08979591836734693,2.706122448979592
VIPAS39,0.42244897959183675,0.12244897959183673,2.6755102040816325
VIPR1,0.12244897959183673,0.3448979591836735,1.8285714285714285
VIPR2,0.5163265306122449,0.10816326530612246,2.9693877551020407
VIRMA,0.673469387755102,0.018367346938775512,3.620408163265306
VKORC1,0.47959183673469385,0.06326530612244897,2.773469387755102
VKORC1L1,0.5673469387755102,0.030612244897959183,3.2979591836734694
VLDLR,0.26326530612244897,0.29591836734693877,2.3081632653061224
VMA21,0.1836734693877551,0.33877551020408164,1.9755102040816326
VMP1,0.5897959183673469,0.05102040816326531,3.1081632653061226
VN1R1,0.5265306122448979,0.0673469387755102,2.9551020408163264
VNN2,0.46530612244897956,0.07959183673469387,2.706122448979592
VPREB1,0.5938775510204082,0.05714285714285714,3.33265306122449
VPS11,0.41020408163265304,0.11020408163265306,2.5918367346938775
VPS16,0.6163265306122448,0.02857142857142857,3.426530612244898
VPS18,0.3877551020408163,0.11632653061224489,2.546938775510204
VPS25,0.5040816326530613,0.08571428571428572,2.853061224489796
VPS26A,0.35306122448979593,0.14285714285714285,2.4326530612244897
VPS26B,0.4122448979591837,0.12244897959183673,2.630612244897959
VPS26C,0.3081632653061224,0.1673469387755102,2.3448979591836734
VPS28,0.7040816326530612,0.022448979591836733,3.789795918367347
VPS29,0.5122448979591837,0.05510204081632653,2.826530612244898
VPS33A,0.5040816326530613,0.05510204081632653,2.8183673469387753
VPS33B,0.5265306122448979,0.04693877551020408,2.973469387755102
VPS35,0.3877551020408163,0.1346938775510204,2.561224489795918
VPS35L,0.44285714285714284,0.09591836734693877,2.663265306122449
VPS36,0.23673469387755103,0.2673469387755102,2.1183673469387756
VPS37A,0.22857142857142856,0.3224489795918367,2.046938775510204
VPS37B,0.5040816326530613,0.05510204081632653,2.820408163265306
VPS37C,0.48367346938775513,0.04285714285714286,2.773469387755102
VPS37D,0.5653061224489796,0.03877551020408163,3.2489795918367346
VPS39,0.39183673469387753,0.11428571428571428,2.5551020408163265
VPS41,0.5693877551020409,0.04693877551020408,3.195918367346939
VPS4A,0.39183673469387753,0.11428571428571428,2.593877551020408
VPS4B,0.3653061224489796,0.16122448979591836,2.477551020408163
VPS51,0.49795918367346936,0.04897959183673469,2.8346938775510204
VPS52,0.4673469387755102,0.07755102040816327,2.7244897959183674
VPS53,0.2755102040816326,0.2510204081632653,2.2142857142857144
VPS72,0.6918367346938775,0.00816326530612245,3.573469387755102
VRK1,0.46530612244897956,0.10816326530612246,2.83265306122449
VRK3,0.49387755102040815,0.06938775510204082,2.8387755102040817
VSIG4,0.1326530612244898,0.4,1.8224489795918368
VTA1,0.4714285714285714,0.08163265306122448,2.7142857142857144
VTCN1,0.3,0.16938775510204082,2.3591836734693876
VTI1A,0.3183673469387755,0.16122448979591836,2.336734693877551
VTI1B,0.4020408163265306,0.14285714285714285,2.6
VTN,0.5,0.09795918367346938,2.9224489795918367
VWA1,0.34285714285714286,0.12653061224489795,2.4551020408163264
VWA8,0.21020408163265306,0.2673469387755102,2.0653061224489795
VWF,0.6183673469387755,0.014285714285714285,3.5510204081632653
WAC,0.38571428571428573,0.1326530612244898,2.6163265306122447
WAPL,0.3020408163265306,0.16938775510204082,2.3122448979591836
WARS2,0.3469387755102041,0.14489795918367346,2.4938775510204083
WAS,0.14285714285714285,0.42857142857142855,1.8265306122448979
WASF1,0.4448979591836735,0.09795918367346938,2.6897959183673468
WASF2,0.32448979591836735,0.13673469387755102,2.3755102040816327
WASF3,0.22244897959183674,0.2510204081632653,2.095918367346939
WASHC1,0.2653061224489796,0.30612244897959184,2.220408163265306
WASHC2A,0.3653061224489796,0.1489795918367347,2.4448979591836735
WASHC2C,0.3816326530612245,0.13877551020408163,2.5285714285714285
WASHC3,0.5081632653061224,0.04285714285714286,2.8448979591836734
WASHC4,0.5081632653061224,0.05102040816326531,2.842857142857143
WASHC5,0.7306122448979592,0.01020408163265306,3.904081632653061
WASL,0.5469387755102041,0.07551020408163266,3.126530612244898
WBP11,0.6020408163265306,0.02040816326530612,3.4653061224489794
WBP4,0.20816326530612245,0.2673469387755102,2.063265306122449
WDFY3,0.3,0.17959183673469387,2.3183673469387753
WDHD1,0.4142857142857143,0.1326530612244898,2.6510204081632653
WDR1,0.2693877551020408,0.24081632653061225,2.2244897959183674
WDR11,0.3306122448979592,0.14285714285714285,2.373469387755102
WDR12,0.5102040816326531,0.05918367346938776,2.9693877551020407
WDR19,0.2673469387755102,0.23265306122448978,2.23265306122449
WDR26,0.6632653061224489,0.01020408163265306,3.3551020408163263
WDR3,0.3183673469387755,0.15714285714285714,2.406122448979592
WDR33,0.5551020408163265,0.04081632653061224,2.9938775510204083
WDR35,0.6244897959183674,0.030612244897959183,3.336734693877551
WDR4,0.2897959183673469,0.1816326530612245,2.295918367346939
WDR43,0.6469387755102041,0.014285714285714285,3.4020408163265308
WDR48,0.1346938775510204,0.33877551020408164,1.8755102040816327
WDR5,0.373469387755102,0.1489795918367347,2.522448979591837
WDR62,0.6040816326530613,0.044897959183673466,3.520408163265306
WDR74,0.4897959183673469,0.04081632653061224,2.7775510204081635
WDR75,0.5469387755102041,0.044897959183673466,3.0510204081632653
WDR77,0.2897959183673469,0.16938775510204082,2.279591836734694
WDR82,0.10612244897959183,0.36122448979591837,1.7775510204081633
WDR83,0.4122448979591837,0.10816326530612246,2.6755102040816325
WDR83OS,0.4122448979591837,0.10816326530612246,2.6755102040816325
WDTC1,0.32040816326530613,0.13877551020408163,2.363265306122449
WEE1,0.3306122448979592,0.16938775510204082,2.3510204081632655
WFIKKN2,0.5714285714285714,0.04285714285714286,3.1040816326530614
WFS1,0.2714285714285714,0.23469387755102042,2.2122448979591836
WHAMM,0.5040816326530613,0.0673469387755102,2.8591836734693876
WHRN,0.37551020408163266,0.1510204081632653,2.5285714285714285
WIF1,0.5489795918367347,0.02857142857142857,3.2
WIPF1,0.5530612244897959,0.03877551020408163,3.130612244897959
WIPF2,0.5122448979591837,0.08571428571428572,2.975510204081633
WIPF3,0.5653061224489796,0.044897959183673466,3.226530612244898
WIPI1,0.6163265306122448,0.044897959183673466,3.2142857142857144
WIPI2,0.6,0.0326530612244898,3.2877551020408164
WIZ,0.4448979591836735,0.09795918367346938,2.7979591836734694
WLS,0.3551020408163265,0.10612244897959183,2.451020408163265
WNK1,0.6244897959183674,0.022448979591836733,3.563265306122449
WNK2,0.3693877551020408,0.15306122448979592,2.5183673469387755
WNK3,0.1469387755102041,0.40816326530612246,1.8653061224489795
WNK4,0.5040816326530613,0.08571428571428572,2.853061224489796
WNT1,0.5306122448979592,0.030612244897959183,2.916326530612245
WNT10B,0.5306122448979592,0.030612244897959183,2.916326530612245
WNT11,0.48775510204081635,0.07142857142857142,2.8469387755102042
WNT16,0.5530612244897959,0.07142857142857142,3.179591836734694
WNT2,0.5571428571428572,0.061224489795918366,3.2551020408163267
WNT2B,0.28775510204081634,0.17142857142857143,2.279591836734694
WNT3,0.5428571428571428,0.05714285714285714,3.0081632653061225
WNT3A,0.6571428571428571,0.012244897959183673,3.3224489795918366
WNT4,0.3142857142857143,0.14081632653061224,2.3836734693877553
WNT5A,0.10816326530612246,0.3653061224489796,1.7897959183673469
WNT5B,0.6285714285714286,0.018367346938775512,3.5551020408163265
WNT6,0.40816326530612246,0.10612244897959183,2.6020408163265305
WNT7A,0.1489795918367347,0.3163265306122449,1.926530612244898
WNT7B,0.5326530612244897,0.07959183673469387,3.022448979591837
WRAP73,0.3408163265306122,0.12653061224489795,2.442857142857143
WRN,0.25510204081632654,0.29591836734693877,2.1612244897959183
WRNIP1,0.4816326530612245,0.08979591836734693,2.795918367346939
WT1,0.4530612244897959,0.1,2.740816326530612
WTAP,0.4530612244897959,0.08979591836734693,2.706122448979592
WTIP,0.6020408163265306,0.044897959183673466,3.436734693877551
WWC1,0.18979591836734694,0.26326530612244897,2.036734693877551
WWOX,0.363265306122449,0.13673469387755102,2.510204081632653
WWP1,0.6346938775510204,0.026530612244897958,3.5673469387755103
WWP2,0.39387755102040817,0.11224489795918367,2.6061224489795918
WWTR1,0.8510204081632653,0.014285714285714285,5.03469387755102
XAB2,0.4061224489795918,0.12857142857142856,2.5795918367346937
XAF1,0.25918367346938775,0.2571428571428571,2.1857142857142855
XBP1,0.5795918367346938,0.05102040816326531,3.2714285714285714
XCL1,0.6816326530612244,0.00816326530612245,3.520408163265306
XCL2,0.6816326530612244,0.00816326530612245,3.5142857142857142
XDH,0.6469387755102041,0.0163265306122449,3.3857142857142857
XIAP,0.1673469387755102,0.35714285714285715,1.9081632653061225
XIRP1,0.1346938775510204,0.33877551020408164,1.8755102040816327
XK,0.1326530612244898,0.44081632653061226,1.8081632653061224
XPA,0.373469387755102,0.1510204081632653,2.526530612244898
XPC,0.1489795918367347,0.3183673469387755,1.9244897959183673
XPO1,0.6857142857142857,0.0020408163265306124,3.9020408163265308
XPO4,0.22857142857142856,0.26326530612244897,2.083673469387755
XPO5,0.5040816326530613,0.06326530612244897,2.916326530612245
XPO6,0.47959183673469385,0.06326530612244897,2.8142857142857145
XPO7,0.22653061224489796,0.32448979591836735,2.0387755102040814
XPOT,0.5428571428571428,0.0326530612244898,3.063265306122449
XPR1,0.6653061224489796,0.012244897959183673,3.36734693877551
XRCC1,0.5081632653061224,0.061224489795918366,2.942857142857143
XRCC2,0.5244897959183673,0.09795918367346938,2.987755102040816
XRCC3,0.46122448979591835,0.11020408163265306,2.8244897959183675
XRCC4,0.1489795918367347,0.3020408163265306,1.926530612244898
XRCC5,0.4122448979591837,0.11224489795918367,2.593877551020408
XRCC6,0.5591836734693878,0.0653061224489796,3.1
XRN1,0.8326530612244898,0.018367346938775512,4.614285714285714
XRN2,0.5959183673469388,0.03469387755102041,3.3653061224489798
XYLT1,0.4489795918367347,0.09591836734693877,2.6714285714285713
YAF2,0.5408163265306123,0.024489795918367346,2.9816326530612245
YAP1,0.4346938775510204,0.10612244897959183,2.826530612244898
YARS2,0.6122448979591837,0.018367346938775512,3.5020408163265304
YBX1,0.4020408163265306,0.09795918367346938,2.6061224489795918
YBX3,0.6061224489795919,0.014285714285714285,3.5183673469387755
YEATS2,0.9061224489795918,0.0020408163265306124,7.010204081632653
YEATS4,0.5530612244897959,0.024489795918367346,3.259183673469388
YES1,0.5122448979591837,0.06326530612244897,3.0877551020408163
YIF1A,0.5040816326530613,0.04693877551020408,2.8938775510204082
YIF1B,0.6040816326530613,0.04285714285714286,3.6857142857142855
YIPF1,0.373469387755102,0.10204081632653061,2.5040816326530613
YIPF2,0.40816326530612246,0.10816326530612246,2.6448979591836737
YIPF3,0.5040816326530613,0.06326530612244897,2.9244897959183676
YIPF4,0.6448979591836734,0.018367346938775512,3.377551020408163
YIPF5,0.1836734693877551,0.27346938775510204,2.0183673469387755
YIPF6,0.13673469387755102,0.3979591836734694,1.8265306122448979
YKT6,0.5673469387755102,0.04693877551020408,3.242857142857143
YLPM1,0.41836734693877553,0.12857142857142856,2.659183673469388
YME1L1,0.3836734693877551,0.1326530612244898,2.622448979591837
YOD1,0.6551020408163265,0.00816326530612245,3.3102040816326532
YPEL1,0.5938775510204082,0.05510204081632653,3.4244897959183676
YRDC,0.3795918367346939,0.1,2.6142857142857143
YTHDC1,0.3673469387755102,0.1469387755102041,2.6387755102040815
YWHAB,0.5897959183673469,0.03469387755102041,3.3020408163265307
YWHAE,0.27755102040816326,0.2510204081632653,2.2142857142857144
YWHAG,0.573469387755102,0.04081632653061224,3.2755102040816326
YWHAH,0.573469387755102,0.053061224489795916,3.2183673469387757
YWHAQ,0.5959183673469388,0.04897959183673469,3.2346938775510203
YWHAZ,0.689795918367347,0.014285714285714285,3.6775510204081634
YY1,0.463265306122449,0.10816326530612246,2.853061224489796
YY1AP1,0.6836734693877551,0.00816326530612245,3.489795918367347
YY2,0.13877551020408163,0.42857142857142855,1.8816326530612244
ZAP70,0.6020408163265306,0.0163265306122449,3.2448979591836733
ZBED1,0.3448979591836735,0.23469387755102042,2.4693877551020407
ZBP1,0.5714285714285714,0.044897959183673466,3.216326530612245
ZBTB14,0.5102040816326531,0.07142857142857142,3.0306122448979593
ZBTB16,0.40408163265306124,0.11020408163265306,2.583673469387755
ZBTB17,0.32653061224489793,0.14081632653061224,2.3877551020408165
ZBTB18,0.6551020408163265,0.012244897959183673,3.3510204081632655
ZBTB22,0.4673469387755102,0.07959183673469387,2.7137014314928427
ZBTB32,0.6081632653061224,0.044897959183673466,3.5040816326530613
ZBTB33,0.16938775510204082,0.3551020408163265,1.9469387755102041
ZBTB38,0.8285714285714286,0.018367346938775512,4.557142857142857
ZBTB7B,0.6877551020408164,0.00816326530612245,3.5
ZC3H15,0.5469387755102041,0.05102040816326531,3.0551020408163265
ZC3H18,0.3551020408163265,0.14489795918367346,2.463265306122449
ZC3H3,0.7020408163265306,0.02040816326530612,3.789795918367347
ZC3H8,0.5755102040816327,0.022448979591836733,3.0755102040816324
ZC3HAV1,0.5346938775510204,0.07142857142857142,3.0979591836734692
ZCCHC7,0.3326530612244898,0.2163265306122449,2.561224489795918
ZCCHC8,0.5040816326530613,0.05510204081632653,2.8183673469387753
ZCRB1,0.5387755102040817,0.026530612244897958,2.977551020408163
ZDHHC17,0.5142857142857142,0.04081632653061224,2.906122448979592
ZDHHC21,0.2612244897959184,0.3040816326530612,2.3142857142857145
ZDHHC8,0.5816326530612245,0.04897959183673469,3.3551020408163263
ZDHHC9,0.15918367346938775,0.35306122448979593,1.9183673469387754
ZEB2,0.5285714285714286,0.053061224489795916,2.9244897959183676
ZER1,0.3653061224489796,0.15306122448979592,2.4979591836734696
ZFAND2B,0.41020408163265304,0.10612244897959183,2.6040816326530614
ZFHX3,0.373469387755102,0.12448979591836734,2.5346938775510206
ZFP1,0.3693877551020408,0.12653061224489795,2.5775510204081633
ZFP14,0.6040816326530613,0.04897959183673469,3.536734693877551
ZFP2,0.21020408163265306,0.2653061224489796,2.083673469387755
ZFP28,0.5306122448979592,0.0653061224489796,2.951020408163265
ZFP36,0.5857142857142857,0.044897959183673466,3.653688524590164
ZFP36L1,0.40408163265306124,0.13877551020408163,2.6061224489795918
ZFP36L2,0.6510204081632653,0.018367346938775512,3.4326530612244897
ZFP37,0.373469387755102,0.15714285714285714,2.5183673469387755
ZFP69B,0.4,0.09795918367346938,2.6897959183673468
ZFP90,0.39387755102040817,0.11020408163265306,2.6020408163265305
ZFPM1,0.3551020408163265,0.14489795918367346,2.463265306122449
ZFPM2,0.6918367346938775,0.014285714285714285,3.76734693877551
ZFR,0.7836734693877551,0.0163265306122449,4.630612244897959
ZFYVE16,0.1510204081632653,0.3040816326530612,1.920408163265306
ZFYVE26,0.4020408163265306,0.14285714285714285,2.6040816326530614
ZFYVE27,0.2979591836734694,0.17551020408163265,2.279591836734694
ZFYVE28,0.2693877551020408,0.23673469387755103,2.206122448979592
ZFYVE9,0.373469387755102,0.10204081632653061,2.4938775510204083
ZG16,0.47959183673469385,0.0653061224489796,2.7551020408163267
ZGPAT,0.5857142857142857,0.044897959183673466,3.2510204081632654
ZHX1,0.7244897959183674,0.012244897959183673,3.853061224489796
ZIC3,0.16938775510204082,0.3489795918367347,1.9306122448979592
ZIK1,0.5224489795918368,0.0653061224489796,2.9489795918367347
ZIM3,0.5285714285714286,0.0673469387755102,2.9612244897959186
ZKSCAN1,0.5918367346938775,0.036734693877551024,3.4612244897959186
ZKSCAN3,0.463265306122449,0.07755102040816327,2.7387755102040816
ZKSCAN4,0.463265306122449,0.07755102040816327,2.7387755102040816
ZKSCAN5,0.5959183673469388,0.03469387755102041,3.5040816326530613
ZKSCAN7,0.12040816326530612,0.3469387755102041,1.8142857142857143
ZKSCAN8,0.46530612244897956,0.07755102040816327,2.740816326530612
ZMAT2,0.1836734693877551,0.2714285714285714,2.0020408163265304
ZMAT5,0.5857142857142857,0.04897959183673469,3.2877551020408164
ZMIZ1,0.3469387755102041,0.15306122448979592,2.4306122448979592
ZMIZ2,0.5653061224489796,0.04693877551020408,3.230612244897959
ZMPSTE24,0.3979591836734694,0.09795918367346938,2.695918367346939
ZMYM2,0.22653061224489796,0.25918367346938775,2.089795918367347
ZMYM3,0.14285714285714285,0.39591836734693875,1.8612244897959183
ZMYND11,0.37142857142857144,0.18979591836734694,2.4693877551020407
ZMYND8,0.5918367346938775,0.036734693877551024,3.3346938775510204
ZNF10,0.48367346938775513,0.04693877551020408,2.806122448979592
ZNF100,0.463265306122449,0.08571428571428572,2.8346938775510204
ZNF101,0.47346938775510206,0.0836734693877551,2.869387755102041
ZNF112,0.5142857142857142,0.05714285714285714,2.9938775510204083
ZNF114,0.48775510204081635,0.07755102040816327,2.8081632653061224
ZNF12,0.6061224489795919,0.03469387755102041,3.273469387755102
ZNF124,0.6510204081632653,0.014285714285714285,3.3387755102040817
ZNF131,0.7714285714285715,0.018367346938775512,4.538775510204082
ZNF133,0.6061224489795919,0.02857142857142857,3.3816326530612244
ZNF135,0.5285714285714286,0.0653061224489796,2.9591836734693877
ZNF136,0.41020408163265304,0.10816326530612246,2.659183673469388
ZNF138,0.573469387755102,0.030612244897959183,3.295918367346939
ZNF140,0.4857142857142857,0.04693877551020408,2.8102040816326532
ZNF143,0.3326530612244898,0.17142857142857143,2.353061224489796
ZNF155,0.5102040816326531,0.05918367346938776,2.9489795918367347
ZNF157,0.14081632653061224,0.4326530612244898,1.8224489795918368
ZNF160,0.5163265306122449,0.0673469387755102,2.8877551020408165
ZNF169,0.37142857142857144,0.1510204081632653,2.522448979591837
ZNF17,0.5244897959183673,0.06938775510204082,2.9489795918367347
ZNF174,0.41020408163265304,0.12244897959183673,2.5693877551020408
ZNF175,0.5102040816326531,0.0673469387755102,2.8836734693877553
ZNF18,0.2612244897959184,0.25918367346938775,2.1816326530612247
ZNF184,0.4673469387755102,0.07959183673469387,2.7387755102040816
ZNF185,0.1836734693877551,0.3408163265306122,1.9816326530612245
ZNF189,0.37551020408163266,0.1510204081632653,2.557142857142857
ZNF19,0.3836734693877551,0.12040816326530612,2.553061224489796
ZNF195,0.3326530612244898,0.1816326530612245,2.3346938775510204
ZNF2,0.6020408163265306,0.0163265306122449,3.2122448979591836
ZNF20,0.41020408163265304,0.11020408163265306,2.657142857142857
ZNF200,0.4122448979591837,0.12244897959183673,2.5714285714285716
ZNF202,0.41836734693877553,0.11224489795918367,2.5979591836734692
ZNF205,0.41020408163265304,0.12244897959183673,2.5693877551020408
ZNF207,0.49183673469387756,0.09387755102040816,2.8469387755102042
ZNF208,0.4714285714285714,0.08163265306122448,2.8714285714285714
ZNF211,0.5204081632653061,0.0673469387755102,2.936734693877551
ZNF212,0.5285714285714286,0.08163265306122448,3.0306122448979593
ZNF213,0.41020408163265304,0.12244897959183673,2.5693877551020408
ZNF214,0.33877551020408164,0.1673469387755102,2.36734693877551
ZNF215,0.33877551020408164,0.1653061224489796,2.373469387755102
ZNF217,0.5877551020408164,0.0326530612244898,3.2918367346938777
ZNF219,0.42244897959183675,0.12857142857142856,2.7244897959183674
ZNF221,0.5102040816326531,0.05918367346938776,2.9448979591836735
ZNF223,0.5102040816326531,0.05918367346938776,2.942857142857143
ZNF224,0.5102040816326531,0.05918367346938776,2.942857142857143
ZNF225,0.5102040816326531,0.05714285714285714,2.9448979591836735
ZNF226,0.5102040816326531,0.05714285714285714,2.951020408163265
ZNF227,0.5102040816326531,0.05714285714285714,2.951020408163265
ZNF230,0.5102040816326531,0.05918367346938776,2.9489795918367347
ZNF234,0.5102040816326531,0.05714285714285714,2.951020408163265
ZNF235,0.5142857142857142,0.05714285714285714,2.975510204081633
ZNF24,0.4122448979591837,0.10408163265306122,2.7183673469387757
ZNF25,0.4122448979591837,0.12244897959183673,2.679591836734694
ZNF250,0.7040816326530612,0.022448979591836733,3.7918367346938777
ZNF253,0.47959183673469385,0.0836734693877551,2.9122448979591837
ZNF254,0.47551020408163264,0.07755102040816327,2.877551020408163
ZNF256,0.5244897959183673,0.0673469387755102,2.951020408163265
ZNF257,0.46938775510204084,0.0836734693877551,2.863265306122449
ZNF26,0.48775510204081635,0.04693877551020408,2.8142857142857145
ZNF263,0.41020408163265304,0.12244897959183673,2.5693877551020408
ZNF264,0.5285714285714286,0.0673469387755102,2.9612244897959186
ZNF266,0.4142857142857143,0.12040816326530612,2.6285714285714286
ZNF267,0.47346938775510206,0.0653061224489796,2.7448979591836733
ZNF268,0.48367346938775513,0.04693877551020408,2.806122448979592
ZNF274,0.5244897959183673,0.0673469387755102,2.953061224489796
ZNF28,0.5163265306122449,0.0653061224489796,2.889795918367347
ZNF280A,0.5877551020408164,0.061224489795918366,3.306122448979592
ZNF280B,0.5877551020408164,0.061224489795918366,3.306122448979592
ZNF282,0.5285714285714286,0.08163265306122448,3.0306122448979593
ZNF286A,0.2693877551020408,0.2530612244897959,2.1897959183673468
ZNF30,0.6040816326530613,0.04081632653061224,3.4693877551020407
ZNF300,0.1836734693877551,0.2714285714285714,2.0061224489795917
ZNF302,0.6020408163265306,0.04285714285714286,3.440816326530612
ZNF304,0.5265306122448979,0.0673469387755102,2.9551020408163264
ZNF311,0.46530612244897956,0.07551020408163266,2.753061224489796
ZNF317,0.4122448979591837,0.12040816326530612,2.6244897959183673
ZNF32,0.3979591836734694,0.12857142857142856,2.5673469387755103
ZNF320,0.5163265306122449,0.0653061224489796,2.889795918367347
ZNF324,0.5265306122448979,0.06938775510204082,2.9551020408163264
ZNF324B,0.5265306122448979,0.06938775510204082,2.9551020408163264
ZNF326,0.3448979591836735,0.12040816326530612,2.4591836734693877
ZNF331,0.5224489795918368,0.0653061224489796,2.904081632653061
ZNF333,0.43673469387755104,0.10408163265306122,2.7755102040816326
ZNF334,0.5897959183673469,0.03469387755102041,3.3183673469387753
ZNF335,0.5897959183673469,0.03469387755102041,3.3081632653061224
ZNF337,0.5938775510204082,0.03877551020408163,3.3285714285714287
ZNF33A,0.4122448979591837,0.12448979591836734,2.6775510204081634
ZNF33B,0.40408163265306124,0.12857142857142856,2.6142857142857143
ZNF34,0.7040816326530612,0.022448979591836733,3.7857142857142856
ZNF343,0.6122448979591837,0.02857142857142857,3.410204081632653
ZNF350,0.5142857142857142,0.0653061224489796,2.8959183673469386
ZNF354A,0.20612244897959184,0.2653061224489796,2.073469387755102
ZNF354C,0.20816326530612245,0.2653061224489796,2.063265306122449
ZNF362,0.3693877551020408,0.10408163265306122,2.4653061224489794
ZNF37A,0.4142857142857143,0.12448979591836734,2.679591836734694
ZNF382,0.6040816326530613,0.04693877551020408,3.589795918367347
ZNF383,0.5979591836734693,0.044897959183673466,3.5673469387755103
ZNF384,0.6224489795918368,0.014285714285714285,3.5510204081632653
ZNF385A,0.5285714285714286,0.0326530612244898,2.9306122448979592
ZNF394,0.5959183673469388,0.0326530612244898,3.5061224489795917
ZNF396,0.4122448979591837,0.10408163265306122,2.7183673469387757
ZNF398,0.5285714285714286,0.08163265306122448,3.0306122448979593
ZNF41,0.14081632653061224,0.4326530612244898,1.8224489795918368
ZNF415,0.5163265306122449,0.0673469387755102,2.8857142857142857
ZNF416,0.5244897959183673,0.0653061224489796,2.953061224489796
ZNF417,0.5224489795918368,0.0673469387755102,2.9489795918367347
ZNF419,0.5265306122448979,0.0673469387755102,2.9551020408163264
ZNF420,0.6,0.044897959183673466,3.5510204081632653
ZNF423,0.38571428571428573,0.12857142857142856,2.5816326530612246
ZNF426,0.4122448979591837,0.11836734693877551,2.6183673469387756
ZNF430,0.463265306122449,0.08775510204081632,2.869387755102041
ZNF431,0.463265306122449,0.08775510204081632,2.8244897959183675
ZNF432,0.5142857142857142,0.0653061224489796,2.8959183673469386
ZNF433,0.41020408163265304,0.11020408163265306,2.657142857142857
ZNF436,0.3163265306122449,0.14489795918367346,2.353061224489796
ZNF439,0.41020408163265304,0.11020408163265306,2.6448979591836737
ZNF440,0.41020408163265304,0.11020408163265306,2.6448979591836737
ZNF441,0.41020408163265304,0.11020408163265306,2.6530612244897958
ZNF442,0.4122448979591837,0.10816326530612246,2.6714285714285713
ZNF443,0.4122448979591837,0.10816326530612246,2.6714285714285713
ZNF445,0.12040816326530612,0.3469387755102041,1.8142857142857143
ZNF446,0.5265306122448979,0.06938775510204082,2.9551020408163264
ZNF45,0.5081632653061224,0.05918367346938776,2.9326530612244897
ZNF451,0.536734693877551,0.04693877551020408,3.120408163265306
ZNF454,0.21020408163265306,0.2653061224489796,2.083673469387755
ZNF460,0.5285714285714286,0.0673469387755102,2.9612244897959186
ZNF461,0.6040816326530613,0.04693877551020408,3.589795918367347
ZNF462,0.3877551020408163,0.1489795918367347,2.5673469387755103
ZNF467,0.5285714285714286,0.0836734693877551,3.026530612244898
ZNF468,0.5163265306122449,0.0653061224489796,2.889795918367347
ZNF471,0.5306122448979592,0.0653061224489796,2.951020408163265
ZNF473,0.49387755102040815,0.06938775510204082,2.8387755102040817
ZNF479,0.5897959183673469,0.03469387755102041,3.559183673469388
ZNF480,0.5142857142857142,0.0653061224489796,2.889795918367347
ZNF483,0.37755102040816324,0.1510204081632653,2.5326530612244897
ZNF484,0.3693877551020408,0.1510204081632653,2.522448979591837
ZNF485,0.4,0.12653061224489795,2.5714285714285716
ZNF490,0.41020408163265304,0.10816326530612246,2.673469387755102
ZNF493,0.46530612244897956,0.08775510204081632,2.8244897959183675
ZNF496,0.6510204081632653,0.014285714285714285,3.340816326530612
ZNF500,0.4204081632653061,0.11224489795918367,2.620408163265306
ZNF510,0.373469387755102,0.15306122448979592,2.522448979591837
ZNF514,0.6020408163265306,0.018367346938775512,3.2081632653061223
ZNF516,0.3469387755102041,0.19591836734693877,2.3918367346938774
ZNF517,0.7040816326530612,0.022448979591836733,3.7918367346938777
ZNF519,0.5040816326530613,0.0653061224489796,2.9122448979591837
ZNF521,0.45714285714285713,0.0836734693877551,2.963265306122449
ZNF526,0.5020408163265306,0.0653061224489796,2.953061224489796
ZNF529,0.6020408163265306,0.04693877551020408,3.5653061224489795
ZNF544,0.5244897959183673,0.0673469387755102,2.953061224489796
ZNF547,0.5265306122448979,0.0673469387755102,2.9551020408163264
ZNF549,0.5244897959183673,0.0653061224489796,2.953061224489796
ZNF551,0.5224489795918368,0.0673469387755102,2.9448979591836735
ZNF552,0.5244897959183673,0.0653061224489796,2.9551020408163264
ZNF554,0.37755102040816324,0.15306122448979592,2.446938775510204
ZNF555,0.37755102040816324,0.15306122448979592,2.446938775510204
ZNF556,0.37755102040816324,0.15306122448979592,2.446938775510204
ZNF557,0.4061224489795918,0.12653061224489795,2.5816326530612246
ZNF559,0.4142857142857143,0.12040816326530612,2.626530612244898
ZNF561,0.4122448979591837,0.11632653061224489,2.620408163265306
ZNF562,0.41020408163265304,0.11428571428571428,2.620408163265306
ZNF564,0.4142857142857143,0.10816326530612246,2.6816326530612247
ZNF566,0.6040816326530613,0.04897959183673469,3.5551020408163265
ZNF567,0.6040816326530613,0.04693877551020408,3.589795918367347
ZNF569,0.5979591836734693,0.04285714285714286,3.5448979591836736
ZNF582,0.5326530612244897,0.0653061224489796,2.9571428571428573
ZNF585A,0.6,0.04285714285714286,3.553061224489796
ZNF585B,0.6,0.04285714285714286,3.6040816326530614
ZNF587,0.5244897959183673,0.0653061224489796,2.9571428571428573
ZNF589,0.10612244897959183,0.3551020408163265,1.7877551020408162
ZNF592,0.5061224489795918,0.061224489795918366,2.8857142857142857
ZNF593,0.3163265306122449,0.1489795918367347,2.3612244897959185
ZNF596,0.24081632653061225,0.32653061224489793,2.1183673469387756
ZNF597,0.41020408163265304,0.12244897959183673,2.5693877551020408
ZNF599,0.6020408163265306,0.04285714285714286,3.451020408163265
ZNF600,0.5163265306122449,0.0653061224489796,2.889795918367347
ZNF605,0.48775510204081635,0.04693877551020408,2.8142857142857145
ZNF606,0.5244897959183673,0.0673469387755102,2.946938775510204
ZNF607,0.5979591836734693,0.04285714285714286,3.5510204081632653
ZNF611,0.5142857142857142,0.0653061224489796,2.8857142857142857
ZNF613,0.5142857142857142,0.0653061224489796,2.8959183673469386
ZNF614,0.5142857142857142,0.0653061224489796,2.8959183673469386
ZNF615,0.5142857142857142,0.0653061224489796,2.8959183673469386
ZNF616,0.5142857142857142,0.0653061224489796,2.8959183673469386
ZNF620,0.1326530612244898,0.33877551020408164,1.8714285714285714
ZNF621,0.1326530612244898,0.3408163265306122,1.8693877551020408
ZNF622,0.8040816326530612,0.00816326530612245,4.808163265306122
ZNF624,0.2673469387755102,0.2530612244897959,2.183673469387755
ZNF625,0.41020408163265304,0.10816326530612246,2.659183673469388
ZNF626,0.4673469387755102,0.08979591836734693,2.8510204081632655
ZNF627,0.41020408163265304,0.11020408163265306,2.6530612244897958
ZNF638,0.6408163265306123,0.006122448979591836,3.414285714285714
ZNF641,0.5326530612244897,0.030612244897959183,2.942857142857143
ZNF649,0.5142857142857142,0.0653061224489796,2.8959183673469386
ZNF653,0.40816326530612246,0.11020408163265306,2.6285714285714286
ZNF655,0.5959183673469388,0.03469387755102041,3.5040816326530613
ZNF658,0.34285714285714286,0.16326530612244897,2.489795918367347
ZNF660,0.12040816326530612,0.3469387755102041,1.8142857142857143
ZNF662,0.12040816326530612,0.3448979591836735,1.8244897959183672
ZNF664,0.5020408163265306,0.053061224489795916,2.816326530612245
ZNF665,0.5163265306122449,0.0653061224489796,2.8877551020408165
ZNF668,0.47959183673469385,0.06326530612244897,2.773469387755102
ZNF669,0.6530612244897959,0.014285714285714285,3.340816326530612
ZNF670,0.6530612244897959,0.012244897959183673,3.340816326530612
ZNF671,0.5244897959183673,0.0653061224489796,2.951020408163265
ZNF675,0.47551020408163264,0.07959183673469387,2.8714285714285714
ZNF676,0.4673469387755102,0.08163265306122448,2.869387755102041
ZNF678,0.6571428571428571,0.012244897959183673,3.3224489795918366
ZNF679,0.5836734693877551,0.030612244897959183,3.306122448979592
ZNF684,0.4,0.09795918367346938,2.610204081632653
ZNF687,0.6918367346938775,0.00816326530612245,3.561224489795918
ZNF689,0.47959183673469385,0.061224489795918366,2.773469387755102
ZNF69,0.41020408163265304,0.11020408163265306,2.663265306122449
ZNF691,0.40408163265306124,0.09795918367346938,2.6081632653061226
ZNF692,0.6428571428571429,0.014285714285714285,3.3183673469387753
ZNF696,0.7020408163265306,0.02040816326530612,3.7857142857142856
ZNF699,0.4122448979591837,0.12040816326530612,2.6244897959183673
ZNF7,0.7040816326530612,0.022448979591836733,3.7918367346938777
ZNF70,0.5857142857142857,0.05918367346938776,3.259183673469388
ZNF701,0.5122448979591837,0.0653061224489796,2.889795918367347
ZNF703,0.49795918367346936,0.1346938775510204,3.8020408163265307
ZNF705G,0.22040816326530613,0.32653061224489793,2.0306122448979593
ZNF707,0.7040816326530612,0.02040816326530612,3.789795918367347
ZNF708,0.463265306122449,0.08979591836734693,2.8020408163265307
ZNF71,0.5306122448979592,0.0653061224489796,3.0693877551020408
ZNF710,0.5265306122448979,0.04897959183673469,3.0142857142857142
ZNF711,0.15918367346938775,0.3816326530612245,1.9387755102040816
ZNF714,0.463265306122449,0.08775510204081632,2.863265306122449
ZNF716,0.5918367346938775,0.0326530612244898,3.5326530612244897
ZNF721,0.2693877551020408,0.24489795918367346,2.2244897959183674
ZNF724,0.4775510204081633,0.07755102040816327,2.889795918367347
ZNF726,0.47551020408163264,0.07551020408163266,2.879591836734694
ZNF732,0.2693877551020408,0.24489795918367346,2.2224489795918365
ZNF738,0.46530612244897956,0.08775510204081632,2.8183673469387753
ZNF74,0.5959183673469388,0.04693877551020408,3.4306122448979592
ZNF740,0.5265306122448979,0.0326530612244898,2.9285714285714284
ZNF746,0.5285714285714286,0.0836734693877551,3.0306122448979593
ZNF747,0.47959183673469385,0.061224489795918366,2.773469387755102
ZNF75A,0.41020408163265304,0.12244897959183673,2.5693877551020408
ZNF76,0.47346938775510206,0.07959183673469387,2.720408163265306
ZNF764,0.47959183673469385,0.061224489795918366,2.773469387755102
ZNF77,0.37755102040816324,0.15306122448979592,2.446938775510204
ZNF770,0.39591836734693875,0.11632653061224489,2.595918367346939
ZNF771,0.47959183673469385,0.061224489795918366,2.769387755102041
ZNF773,0.5265306122448979,0.0653061224489796,2.9571428571428573
ZNF774,0.5244897959183673,0.04897959183673469,2.975510204081633
ZNF775,0.5285714285714286,0.08571428571428572,3.022448979591837
ZNF785,0.47959183673469385,0.061224489795918366,2.773469387755102
ZNF786,0.5285714285714286,0.08163265306122448,3.0326530612244897
ZNF79,0.3693877551020408,0.1510204081632653,2.510204081632653
ZNF790,0.6040816326530613,0.04693877551020408,3.5816326530612246
ZNF791,0.41020408163265304,0.10816326530612246,2.673469387755102
ZNF792,0.6040816326530613,0.04285714285714286,3.4673469387755103
ZNF804B,0.5897959183673469,0.0326530612244898,3.463265306122449
ZNF830,0.49387755102040815,0.09591836734693877,2.8387755102040817
ZNF860,0.14489795918367346,0.3326530612244898,1.9020408163265305
ZNF875,0.5959183673469388,0.04285714285714286,3.520408163265306
ZNF92,0.5693877551020409,0.0326530612244898,3.3102040816326532
ZNF99,0.46530612244897956,0.08163265306122448,2.8959183673469386
ZNHIT6,0.3448979591836735,0.11020408163265306,2.4571428571428573
ZNRF1,0.3693877551020408,0.12653061224489795,2.5795918367346937
ZNRF2,0.5673469387755102,0.044897959183673466,3.230612244897959
ZNRF3,0.5795918367346938,0.05102040816326531,3.2653061224489797
ZP2,0.4448979591836735,0.08979591836734693,2.657142857142857
ZP3,0.573469387755102,0.04081632653061224,3.273469387755102
ZP4,0.6653061224489796,0.014285714285714285,3.4122448979591837
ZPR1,0.4,0.11224489795918367,2.5775510204081633
ZRANB1,0.3306122448979592,0.1510204081632653,2.3857142857142857
ZRANB2,0.35714285714285715,0.11020408163265306,2.4693877551020407
ZRSR2,0.13673469387755102,0.4326530612244898,1.879591836734694
ZSCAN22,0.5244897959183673,0.0673469387755102,2.9489795918367347
ZSCAN25,0.5959183673469388,0.03469387755102041,3.5040816326530613
ZSWIM7,0.2714285714285714,0.2530612244897959,2.1897959183673468
ZW10,0.4,0.11428571428571428,2.573469387755102
ZWILCH,0.463265306122449,0.08979591836734693,2.7224489795918365
ZWINT,0.3408163265306122,0.15306122448979592,2.3967280163599183
ZYX,0.5387755102040817,0.07551020408163266,3.0918367346938775
