gene,amp_freq,del_freq,mean_cnv
A1BG,0.2222222222222222,0.0,2.4213836477987423
A1CF,0.20964360587002095,0.0440251572327044,2.3333333333333335
A2M,0.16981132075471697,0.0880503144654088,2.247379454926625
A4GALT,0.20545073375262055,0.033542976939203356,2.3333333333333335
A4GNT,0.2746331236897275,0.008385744234800839,2.607966457023061
AAAS,0.22851153039832284,0.0020964360587002098,2.440251572327044
AACS,0.22012578616352202,0.050314465408805034,2.40251572327044
AADAT,0.22431865828092243,0.020964360587002098,2.392033542976939
AAK1,0.20964360587002095,0.025157232704402517,2.360587002096436
AAMP,0.22431865828092243,0.012578616352201259,2.4046121593291403
AANAT,0.23270440251572327,0.020964360587002098,2.4213836477987423
AAR2,0.22851153039832284,0.016771488469601678,2.4318658280922434
AARS2,0.22851153039832284,0.010482180293501049,2.406708595387841
AARSD1,0.20545073375262055,0.06289308176100629,2.3123689727463312
AASDHPPT,0.2222222222222222,0.039832285115303984,2.3878406708595388
AASS,0.27253668763102723,0.014675052410901468,2.542976939203354
AATF,0.20964360587002095,0.031446540880503145,2.3542976939203353
ABAT,0.24737945492662475,0.0,2.459119496855346
ABCA1,0.2578616352201258,0.0041928721174004195,2.5283018867924527
ABCA2,0.25366876310272535,0.0,2.5136268343815513
ABCA7,0.2138364779874214,0.014675052410901468,2.3668763102725365
ABCB1,0.2830188679245283,0.0020964360587002098,2.6247379454926625
ABCB10,0.22431865828092243,0.06289308176100629,2.3752620545073375
ABCB4,0.2830188679245283,0.0020964360587002098,2.6184486373165616
ABCB6,0.22012578616352202,0.020964360587002098,2.3857442348008386
ABCB7,0.008385744234800839,0.779874213836478,1.2327044025157232
ABCC1,0.24528301886792453,0.0020964360587002098,2.457023060796646
ABCC11,0.20545073375262055,0.06918238993710692,2.3270440251572326
ABCC3,0.22431865828092243,0.008385744234800839,2.4213836477987423
ABCC8,0.23270440251572327,0.0020964360587002098,2.429769392033543
ABCC9,0.18658280922431866,0.08176100628930817,2.2830188679245285
ABCD1,0.010482180293501049,0.7840670859538784,1.230607966457023
ABCD2,0.2180293501048218,0.0041928721174004195,2.419287211740042
ABCD3,0.20125786163522014,0.05660377358490566,2.29979035639413
ABCD4,0.21174004192872117,0.027253668763102725,2.3647798742138364
ABCE1,0.22431865828092243,0.010482180293501049,2.40041928721174
ABCF1,0.22851153039832284,0.0020964360587002098,2.4255765199161425
ABCG1,0.21593291404612158,0.03773584905660377,2.3710691823899372
ABCG2,0.22641509433962265,0.018867924528301886,2.3962264150943398
ABCG4,0.22012578616352202,0.05241090146750524,2.3710691823899372
ABCG8,0.2180293501048218,0.04612159329140461,2.352201257861635
ABHD12,0.22012578616352202,0.020964360587002098,2.4129979035639413
ABHD5,0.2180293501048218,0.0041928721174004195,2.4360587002096437
ABHD6,0.22431865828092243,0.012578616352201259,2.4318658280922434
ABI1,0.22012578616352202,0.029350104821802937,2.3815513626834384
ABI2,0.2180293501048218,0.010482180293501049,2.40251572327044
ABI3,0.23060796645702306,0.006289308176100629,2.438155136268344
ABL1,0.25157232704402516,0.008385744234800839,2.492662473794549
ABL2,0.22641509433962265,0.014675052410901468,2.438155136268344
ABLIM2,0.21593291404612158,0.014675052410901468,2.389937106918239
ABLIM3,0.22641509433962265,0.006289308176100629,2.4213836477987423
ABR,0.16142557651991615,0.07547169811320754,2.209643605870021
ABRA,0.3689727463312369,0.014675052410901468,2.9245283018867925
ABRAXAS1,0.22012578616352202,0.006289308176100629,2.40041928721174
ABRAXAS2,0.19916142557651992,0.039832285115303984,2.3123689727463312
ABT1,0.22431865828092243,0.012578616352201259,2.406708595387841
ABTB1,0.2746331236897275,0.014675052410901468,2.5765199161425576
ACAA1,0.2222222222222222,0.0041928721174004195,2.440251572327044
ACAA2,0.16981132075471697,0.11740041928721175,2.1949685534591197
ACACA,0.21174004192872117,0.027253668763102725,2.360587002096436
ACACB,0.2348008385744235,0.010482180293501049,2.442348008385744
ACAD10,0.23689727463312368,0.012578616352201259,2.438155136268344
ACAD8,0.22641509433962265,0.020964360587002098,2.429769392033543
ACAD9,0.2746331236897275,0.012578616352201259,2.5660377358490565
ACADL,0.2180293501048218,0.010482180293501049,2.40041928721174
ACADM,0.1928721174004193,0.03773584905660377,2.3060796645702304
ACADS,0.24109014675052412,0.023060796645702306,2.4318658280922434
ACADSB,0.19077568134171907,0.041928721174004195,2.29769392033543
ACADVL,0.1278825995807128,0.16771488469601678,2.0545073375262053
ACAN,0.20964360587002095,0.008385744234800839,2.3815513626834384
ACAT1,0.22431865828092243,0.05450733752620545,2.3815513626834384
ACAT2,0.19916142557651992,0.03563941299790356,2.3354297693920336
ACBD3,0.2222222222222222,0.05660377358490566,2.3815513626834384
ACBD6,0.23060796645702306,0.012578616352201259,2.4444444444444446
ACE,0.23270440251572327,0.010482180293501049,2.4339622641509435
ACE2,0.014675052410901468,0.7651991614255765,1.2620545073375262
ACER1,0.2138364779874214,0.016771488469601678,2.379454926624738
ACER2,0.21174004192872117,0.016771488469601678,2.392033542976939
ACER3,0.25366876310272535,0.0020964360587002098,2.488469601677149
ACHE,0.2851153039832285,0.006289308176100629,2.614736842105263
ACIN1,0.21174004192872117,0.008385744234800839,2.392033542976939
ACKR1,0.23270440251572327,0.031446540880503145,2.438155136268344
ACKR2,0.2222222222222222,0.0041928721174004195,2.4465408805031448
ACKR3,0.21174004192872117,0.023060796645702306,2.3668763102725365
ACLY,0.20754716981132076,0.05870020964360587,2.3144654088050314
ACMSD,0.16142557651991615,0.09224318658280922,2.20125786163522
ACO1,0.21593291404612158,0.020964360587002098,2.410901467505241
ACO2,0.20964360587002095,0.027253668763102725,2.350104821802935
ACOT1,0.21593291404612158,0.025157232704402517,2.3731656184486374
ACOT11,0.19916142557651992,0.03563941299790356,2.3249475890985325
ACOT12,0.1928721174004193,0.07337526205450734,2.2851153039832286
ACOT13,0.22851153039832284,0.008385744234800839,2.4150943396226414
ACOT2,0.21593291404612158,0.025157232704402517,2.3731656184486374
ACOT4,0.21593291404612158,0.023060796645702306,2.3752620545073375
ACOT7,0.20125786163522014,0.025157232704402517,2.3333333333333335
ACOT8,0.23270440251572327,0.008385744234800839,2.4737945492662474
ACOX1,0.23270440251572327,0.016771488469601678,2.4255765199161425
ACOX2,0.22641509433962265,0.012578616352201259,2.4339622641509435
ACOX3,0.21593291404612158,0.014675052410901468,2.389937106918239
ACP1,0.23060796645702306,0.0041928721174004195,2.429769392033543
ACP2,0.2180293501048218,0.05450733752620545,2.358490566037736
ACP5,0.2138364779874214,0.014675052410901468,2.3752620545073375
ACR,0.20335429769392033,0.041928721174004195,2.3249475890985325
ACSBG1,0.20754716981132076,0.014675052410901468,2.368972746331237
ACSF3,0.13626834381551362,0.23689727463312368,1.9958071278825995
ACSL1,0.21593291404612158,0.012578616352201259,2.3773584905660377
ACSL3,0.22012578616352202,0.023060796645702306,2.3836477987421385
ACSL4,0.006289308176100629,0.779874213836478,1.2264150943396226
ACSL5,0.19916142557651992,0.04612159329140461,2.29769392033543
ACSM1,0.23689727463312368,0.008385744234800839,2.438155136268344
ACSM2B,0.23689727463312368,0.006289308176100629,2.440251572327044
ACSM5,0.2348008385744235,0.006289308176100629,2.438155136268344
ACSS1,0.2180293501048218,0.020964360587002098,2.406708595387841
ACSS2,0.22851153039832284,0.012578616352201259,2.4255765199161425
ACSS3,0.2389937106918239,0.010482180293501049,2.4737945492662474
ACTA1,0.22431865828092243,0.0649895178197065,2.3731656184486374
ACTBL2,0.16771488469601678,0.129979035639413,2.1740041928721174
ACTC1,0.20545073375262055,0.03563941299790356,2.3438155136268346
ACTG1,0.22431865828092243,0.014675052410901468,2.4129979035639413
ACTG2,0.21174004192872117,0.027253668763102725,2.3626834381551363
ACTL6A,0.2641509433962264,0.006289308176100629,2.5681341719077566
ACTL6B,0.2893081761006289,0.006289308176100629,2.6247379454926625
ACTL7A,0.25366876310272535,0.0,2.49895178197065
ACTN1,0.21174004192872117,0.025157232704402517,2.3647798742138364
ACTN2,0.23060796645702306,0.05660377358490566,2.3941299790356396
ACTN3,0.2620545073375262,0.0,2.509433962264151
ACTN4,0.22012578616352202,0.010482180293501049,2.406708595387841
ACTR10,0.22012578616352202,0.006289308176100629,2.40041928721174
ACTR1A,0.1928721174004193,0.07127882599580712,2.257861635220126
ACTR1B,0.22641509433962265,0.006289308176100629,2.4129979035639413
ACTR2,0.21593291404612158,0.027253668763102725,2.3773584905660377
ACTR3,0.20754716981132076,0.029350104821802937,2.358490566037736
ACTR3B,0.259958071278826,0.020964360587002098,2.509433962264151
ACTR3C,0.27044025157232704,0.008385744234800839,2.542976939203354
ACTR5,0.22851153039832284,0.014675052410901468,2.4213836477987423
ACTR6,0.25157232704402516,0.012578616352201259,2.4863731656184487
ACTR8,0.2180293501048218,0.014675052410901468,2.419287211740042
ACVR1,0.1949685534591195,0.05450733752620545,2.3144654088050314
ACVR1B,0.22851153039832284,0.0041928721174004195,2.442348008385744
ACVR1C,0.1949685534591195,0.05241090146750524,2.3186582809224316
ACVR2A,0.1740041928721174,0.09643605870020965,2.2264150943396226
ACVR2B,0.2222222222222222,0.0,2.4465408805031448
ACVRL1,0.22851153039832284,0.0041928721174004195,2.442348008385744
ACY1,0.22012578616352202,0.018867924528301886,2.419287211740042
ACYP2,0.2222222222222222,0.025157232704402517,2.3815513626834384
ADA,0.23270440251572327,0.008385744234800839,2.448637316561845
ADAM10,0.20754716981132076,0.029350104821802937,2.3333333333333335
ADAM11,0.19077568134171907,0.1111111111111111,2.243186582809224
ADAM12,0.19916142557651992,0.041928721174004195,2.3165618448637315
ADAM15,0.259958071278826,0.0041928721174004195,2.5157232704402515
ADAM17,0.22851153039832284,0.0,2.4276729559748427
ADAM19,0.23270440251572327,0.008385744234800839,2.4360587002096437
ADAM2,0.17819706498951782,0.22641509433962265,2.1551362683438153
ADAM21,0.21174004192872117,0.020964360587002098,2.368972746331237
ADAM22,0.28721174004192873,0.0020964360587002098,2.6247379454926625
ADAM28,0.0859538784067086,0.4129979035639413,1.729559748427673
ADAM30,0.22641509433962265,0.014675052410901468,2.4318658280922434
ADAM8,0.1970649895178197,0.05450733752620545,2.291404612159329
ADAM9,0.18448637316561844,0.22641509433962265,2.1719077568134173
ADAMTS1,0.21174004192872117,0.027253668763102725,2.410901467505241
ADAMTS12,0.23270440251572327,0.018867924528301886,2.4716981132075473
ADAMTS13,0.2578616352201258,0.0020964360587002098,2.5262054507337526
ADAMTS18,0.14046121593291405,0.25366876310272535,1.9958071278825995
ADAMTS2,0.23060796645702306,0.0020964360587002098,2.438155136268344
ADAMTS4,0.23270440251572327,0.029350104821802937,2.440251572327044
ADAMTS5,0.21174004192872117,0.031446540880503145,2.4046121593291403
ADAMTS7,0.20754716981132076,0.010482180293501049,2.3731656184486374
ADAMTSL1,0.2138364779874214,0.025157232704402517,2.3815513626834384
ADAMTSL2,0.2578616352201258,0.0020964360587002098,2.5052410901467503
ADAMTSL3,0.20964360587002095,0.010482180293501049,2.3815513626834384
ADAMTSL5,0.2138364779874214,0.027253668763102725,2.352201257861635
ADAP1,0.27253668763102723,0.016771488469601678,2.551362683438155
ADAP2,0.20754716981132076,0.027253668763102725,2.356394129979036
ADAR,0.259958071278826,0.0020964360587002098,2.5220125786163523
ADCY1,0.2809224318658281,0.006289308176100629,2.5786163522012577
ADCY10,0.23270440251572327,0.025157232704402517,2.4213836477987423
ADCY2,0.22851153039832284,0.012578616352201259,2.4779874213836477
ADCY3,0.23060796645702306,0.008385744234800839,2.4255765199161425
ADCY5,0.2641509433962264,0.012578616352201259,2.5178197064989516
ADCY6,0.2138364779874214,0.0041928721174004195,2.4129979035639413
ADCY7,0.16771488469601678,0.12159329140461216,2.190775681341719
ADCY8,0.36268343815513626,0.012578616352201259,2.8721174004192873
ADCY9,0.24109014675052412,0.010482180293501049,2.438155136268344
ADCYAP1,0.20754716981132076,0.05870020964360587,2.331236897274633
ADD1,0.21593291404612158,0.016771488469601678,2.379454926624738
ADD2,0.20754716981132076,0.025157232704402517,2.3542976939203353
ADD3,0.20545073375262055,0.04612159329140461,2.308176100628931
ADGRA2,0.18448637316561844,0.2222222222222222,2.1740041928721174
ADGRB1,0.33962264150943394,0.020964360587002098,2.7756813417190775
ADGRE5,0.2180293501048218,0.010482180293501049,2.389937106918239
ADGRF5,0.22431865828092243,0.014675052410901468,2.408805031446541
ADGRG3,0.16142557651991615,0.13626834381551362,2.157232704402516
ADGRL1,0.2180293501048218,0.012578616352201259,2.3857442348008386
ADGRL2,0.19916142557651992,0.050314465408805034,2.3123689727463312
ADGRL3,0.21174004192872117,0.025157232704402517,2.3752620545073375
ADH1A,0.2222222222222222,0.014675052410901468,2.40041928721174
ADH1B,0.2222222222222222,0.014675052410901468,2.40041928721174
ADH1C,0.2222222222222222,0.014675052410901468,2.40041928721174
ADH4,0.22012578616352202,0.014675052410901468,2.39832285115304
ADH5,0.22012578616352202,0.014675052410901468,2.39832285115304
ADH7,0.2222222222222222,0.014675052410901468,2.40041928721174
ADHFE1,0.3417190775681342,0.012578616352201259,2.8763102725366876
ADI1,0.2348008385744235,0.0020964360587002098,2.4339622641509435
ADIPOQ,0.25157232704402516,0.014675052410901468,2.4821802935010484
ADIPOR1,0.24109014675052412,0.0041928721174004195,2.4863731656184487
ADIPOR2,0.1949685534591195,0.07337526205450734,2.3144654088050314
ADK,0.1949685534591195,0.05870020964360587,2.3039832285115303
ADM,0.22641509433962265,0.006289308176100629,2.4171907756813416
ADNP,0.24109014675052412,0.0020964360587002098,2.4675052410901466
ADO,0.2138364779874214,0.041928721174004195,2.358490566037736
ADORA1,0.24109014675052412,0.0041928721174004195,2.4863731656184487
ADORA2A,0.20964360587002095,0.029350104821802937,2.348008385744235
ADORA2B,0.1719077568134172,0.07547169811320754,2.230607966457023
ADPGK,0.20964360587002095,0.014675052410901468,2.3710691823899372
ADRA1A,0.0880503144654088,0.39622641509433965,1.750524109014675
ADRA1B,0.2348008385744235,0.006289308176100629,2.440251572327044
ADRA1D,0.22012578616352202,0.039832285115303984,2.379454926624738
ADRA2A,0.20545073375262055,0.05241090146750524,2.30188679245283
ADRA2B,0.2222222222222222,0.008385744234800839,2.4046121593291403
ADRA2C,0.21593291404612158,0.020964360587002098,2.3773584905660377
ADRB1,0.20125786163522014,0.039832285115303984,2.3123689727463312
ADRB2,0.22641509433962265,0.008385744234800839,2.4171907756813416
ADRB3,0.18658280922431866,0.22012578616352202,2.169811320754717
ADRM1,0.24109014675052412,0.0020964360587002098,2.459119496855346
ADSL,0.20964360587002095,0.025157232704402517,2.352201257861635
AEBP2,0.1949685534591195,0.09014675052410902,2.2851153039832286
AFAP1,0.21593291404612158,0.014675052410901468,2.389937106918239
AFDN,0.20125786163522014,0.050314465408805034,2.3186582809224316
AFF1,0.22641509433962265,0.016771488469601678,2.3962264150943398
AFF4,0.21174004192872117,0.029350104821802937,2.3710691823899372
AFG3L2,0.21174004192872117,0.04821802935010482,2.356394129979036
AFMID,0.23270440251572327,0.025157232704402517,2.4150943396226414
AGA,0.22012578616352202,0.025157232704402517,2.3773584905660377
AGAP2,0.2180293501048218,0.0020964360587002098,2.4360587002096437
AGER,0.23270440251572327,0.0041928721174004195,2.4276729559748427
AGFG1,0.2180293501048218,0.016771488469601678,2.389937106918239
AGGF1,0.17819706498951782,0.10062893081761007,2.2243186582809225
AGL,0.20335429769392033,0.04612159329140461,2.3165618448637315
AGMAT,0.20754716981132076,0.025157232704402517,2.341719077568134
AGMO,0.2809224318658281,0.018867924528301886,2.5786163522012577
AGO1,0.20335429769392033,0.012578616352201259,2.3542976939203353
AGO2,0.3417190775681342,0.025157232704402517,2.7840670859538785
AGO3,0.20335429769392033,0.012578616352201259,2.3542976939203353
AGO4,0.20335429769392033,0.012578616352201259,2.3542976939203353
AGPAT1,0.23270440251572327,0.0041928721174004195,2.4276729559748427
AGPAT2,0.2557651991614256,0.0020964360587002098,2.5052410901467503
AGPAT3,0.22012578616352202,0.03563941299790356,2.389937106918239
AGPAT4,0.1970649895178197,0.039832285115303984,2.3270440251572326
AGPAT5,0.12159329140461216,0.31236897274633124,1.9056603773584906
AGPS,0.19916142557651992,0.04612159329140461,2.3228511530398324
AGR2,0.28721174004192873,0.016771488469601678,2.5870020964360587
AGR3,0.28721174004192873,0.016771488469601678,2.5870020964360587
AGRN,0.2138364779874214,0.014675052410901468,2.3647798742138364
AGRP,0.16352201257861634,0.1488469601677149,2.153039832285115
AGT,0.22641509433962265,0.06079664570230608,2.379454926624738
AGTR1,0.2746331236897275,0.010482180293501049,2.5681341719077566
AGTR2,0.008385744234800839,0.7777777777777778,1.230607966457023
AGTRAP,0.1970649895178197,0.029350104821802937,2.3207547169811322
AGXT,0.2138364779874214,0.023060796645702306,2.3668763102725365
AGXT2,0.23270440251572327,0.018867924528301886,2.4737945492662474
AHCTF1,0.23270440251572327,0.018867924528301886,2.457023060796646
AHCY,0.2348008385744235,0.012578616352201259,2.4339622641509435
AHCYL1,0.20545073375262055,0.033542976939203356,2.3438155136268346
AHCYL2,0.259958071278826,0.016771488469601678,2.5136268343815513
AHI1,0.21174004192872117,0.023060796645702306,2.360587002096436
AHNAK,0.23060796645702306,0.006289308176100629,2.448637316561845
AHR,0.28721174004192873,0.016771488469601678,2.5870020964360587
AHRR,0.2348008385744235,0.006289308176100629,2.488469601677149
AHSA1,0.2138364779874214,0.018867924528301886,2.3773584905660377
AHSG,0.25157232704402516,0.012578616352201259,2.4842767295597485
AHSP,0.23060796645702306,0.010482180293501049,2.4171907756813416
AICDA,0.16981132075471697,0.09224318658280922,2.243186582809224
AIF1,0.23060796645702306,0.0041928721174004195,2.4234800838574424
AIFM1,0.010482180293501049,0.779874213836478,1.2348008385744236
AIFM2,0.21174004192872117,0.039832285115303984,2.348008385744235
AIM2,0.23270440251572327,0.033542976939203356,2.4360587002096437
AIMP1,0.22012578616352202,0.023060796645702306,2.3857442348008386
AIMP2,0.27882599580712786,0.010482180293501049,2.5681341719077566
AIP,0.2641509433962264,0.0,2.5345911949685536
AIPL1,0.14255765199161424,0.1278825995807128,2.1236897274633124
AJAP1,0.21174004192872117,0.023060796645702306,2.350104821802935
AJUBA,0.2138364779874214,0.008385744234800839,2.3962264150943398
AK2,0.21174004192872117,0.012578616352201259,2.3647798742138364
AK3,0.20964360587002095,0.03773584905660377,2.360587002096436
AK4,0.18448637316561844,0.041928721174004195,2.280922431865828
AK5,0.19916142557651992,0.050314465408805034,2.3039832285115303
AK8,0.25366876310272535,0.006289308176100629,2.49685534591195
AKAP1,0.22641509433962265,0.020964360587002098,2.4129979035639413
AKAP10,0.20335429769392033,0.027253668763102725,2.350104821802935
AKAP12,0.20754716981132076,0.025157232704402517,2.3542976939203353
AKAP13,0.20964360587002095,0.010482180293501049,2.3815513626834384
AKAP14,0.008385744234800839,0.779874213836478,1.228511530398323
AKAP3,0.18867924528301888,0.07547169811320754,2.3039832285115303
AKAP4,0.008385744234800839,0.7756813417190775,1.2368972746331237
AKAP5,0.21593291404612158,0.016771488469601678,2.3815513626834384
AKAP7,0.22851153039832284,0.023060796645702306,2.392033542976939
AKAP8,0.2222222222222222,0.0020964360587002098,2.4150943396226414
AKAP8L,0.2222222222222222,0.0020964360587002098,2.4150943396226414
AKAP9,0.2914046121593291,0.0,2.649895178197065
AKIRIN1,0.21174004192872117,0.012578616352201259,2.368972746331237
AKIRIN2,0.13626834381551362,0.2620545073375262,1.9853249475890986
AKR1A1,0.20754716981132076,0.018867924528301886,2.352201257861635
AKR1B1,0.2746331236897275,0.012578616352201259,2.5660377358490565
AKR1C1,0.2138364779874214,0.027253668763102725,2.3626834381551363
AKR1C2,0.2138364779874214,0.027253668763102725,2.3626834381551363
AKR1C3,0.2138364779874214,0.027253668763102725,2.360587002096436
AKR1C4,0.21593291404612158,0.027253668763102725,2.3626834381551363
AKR1D1,0.2746331236897275,0.010482180293501049,2.561844863731656
AKR7A2,0.20545073375262055,0.023060796645702306,2.3459119496855347
AKR7A3,0.20545073375262055,0.023060796645702306,2.3459119496855347
AKT1,0.2180293501048218,0.014675052410901468,2.39832285115304
AKT1S1,0.2180293501048218,0.008385744234800839,2.4150943396226414
AKT2,0.21174004192872117,0.012578616352201259,2.392033542976939
AKT3,0.2431865828092243,0.016771488469601678,2.469601677148847
AKTIP,0.1740041928721174,0.13417190775681342,2.180293501048218
ALAD,0.2620545073375262,0.0,2.5220125786163523
ALAS1,0.22012578616352202,0.018867924528301886,2.419287211740042
ALB,0.2348008385744235,0.006289308176100629,2.440251572327044
ALCAM,0.2389937106918239,0.016771488469601678,2.4654088050314464
ALDH18A1,0.18029350104821804,0.08385744234800839,2.230607966457023
ALDH1A1,0.23689727463312368,0.018867924528301886,2.438155136268344
ALDH1A2,0.20964360587002095,0.029350104821802937,2.331236897274633
ALDH1A3,0.20964360587002095,0.010482180293501049,2.3815513626834384
ALDH1B1,0.22641509433962265,0.012578616352201259,2.448637316561845
ALDH1L1,0.27044025157232704,0.010482180293501049,2.547169811320755
ALDH1L2,0.24109014675052412,0.010482180293501049,2.461215932914046
ALDH2,0.2348008385744235,0.012578616352201259,2.4360587002096437
ALDH3A1,0.20335429769392033,0.025157232704402517,2.341719077568134
ALDH3A2,0.20125786163522014,0.025157232704402517,2.341719077568134
ALDH3B1,0.2620545073375262,0.0,2.5283018867924527
ALDH4A1,0.20335429769392033,0.025157232704402517,2.3375262054507338
ALDH5A1,0.23060796645702306,0.008385744234800839,2.4171907756813416
ALDH6A1,0.21174004192872117,0.027253668763102725,2.3626834381551363
ALDH9A1,0.23060796645702306,0.03563941299790356,2.4234800838574424
ALDOC,0.21174004192872117,0.016771488469601678,2.3731656184486374
ALG1,0.24737945492662475,0.0,2.457023060796646
ALG10,0.2138364779874214,0.033542976939203356,2.3710691823899372
ALG10B,0.2180293501048218,0.012578616352201259,2.410901467505241
ALG11,0.12159329140461216,0.2809224318658281,1.9161425576519917
ALG12,0.20545073375262055,0.039832285115303984,2.3291404612159328
ALG13,0.006289308176100629,0.7777777777777778,1.228511530398323
ALG14,0.19916142557651992,0.05870020964360587,2.293501048218029
ALG2,0.259958071278826,0.008385744234800839,2.509433962264151
ALG3,0.25157232704402516,0.010482180293501049,2.490566037735849
ALG5,0.1509433962264151,0.1970649895178197,2.0628930817610063
ALG8,0.2578616352201258,0.0020964360587002098,2.50104821802935
ALG9,0.2138364779874214,0.05870020964360587,2.358490566037736
ALK,0.22641509433962265,0.012578616352201259,2.4150943396226414
ALKBH1,0.20964360587002095,0.020964360587002098,2.368972746331237
ALKBH2,0.2348008385744235,0.010482180293501049,2.438155136268344
ALKBH3,0.2222222222222222,0.04821802935010482,2.3731656184486374
ALKBH4,0.27672955974842767,0.016771488469601678,2.5870020964360587
ALKBH5,0.1970649895178197,0.039832285115303984,2.3291404612159328
ALKBH7,0.2138364779874214,0.014675052410901468,2.3815513626834384
ALKBH8,0.22851153039832284,0.04821802935010482,2.3962264150943398
ALMS1,0.2138364779874214,0.020964360587002098,2.3731656184486374
ALOX12,0.13626834381551362,0.1509433962264151,2.090146750524109
ALOX15,0.15932914046121593,0.09224318658280922,2.1844863731656186
ALOX15B,0.12368972746331237,0.16142557651991615,2.0461215932914047
ALOX5,0.20545073375262055,0.041928721174004195,2.3354297693920336
ALOX5AP,0.20335429769392033,0.07127882599580712,2.289308176100629
ALPG,0.2180293501048218,0.020964360587002098,2.3815513626834384
ALPI,0.2180293501048218,0.025157232704402517,2.3773584905660377
ALPL,0.20754716981132076,0.025157232704402517,2.348008385744235
ALPP,0.2180293501048218,0.020964360587002098,2.3815513626834384
ALS2,0.2138364779874214,0.014675052410901468,2.392033542976939
ALS2CL,0.21593291404612158,0.020964360587002098,2.4129979035639413
ALYREF,0.22641509433962265,0.008385744234800839,2.4234800838574424
AMACR,0.23060796645702306,0.016771488469601678,2.4675052410901466
AMBN,0.23060796645702306,0.010482180293501049,2.4150943396226414
AMBP,0.259958071278826,0.0,2.509433962264151
AMBRA1,0.21174004192872117,0.04821802935010482,2.358490566037736
AMD1,0.1488469601677149,0.20125786163522014,2.0754716981132075
AMDHD1,0.24737945492662475,0.0041928721174004195,2.50104821802935
AMELX,0.014675052410901468,0.7714884696016772,1.259958071278826
AMFR,0.16352201257861634,0.1320754716981132,2.169811320754717
AMH,0.21174004192872117,0.029350104821802937,2.348008385744235
AMHR2,0.22641509433962265,0.0020964360587002098,2.438155136268344
AMN,0.22012578616352202,0.014675052410901468,2.39832285115304
AMOT,0.008385744234800839,0.7777777777777778,1.2327044025157232
AMOTL1,0.24109014675052412,0.018867924528301886,2.4465408805031448
AMPD1,0.2138364779874214,0.031446540880503145,2.3668763102725365
AMPD3,0.22641509433962265,0.0041928721174004195,2.419287211740042
AMPH,0.2830188679245283,0.0020964360587002098,2.59748427672956
AMT,0.2222222222222222,0.014675052410901468,2.4255765199161425
AMTN,0.22851153039832284,0.010482180293501049,2.4129979035639413
AMY1A,0.20125786163522014,0.029350104821802937,2.3354297693920336
AMY1B,0.20335429769392033,0.029350104821802937,2.3375262054507338
AMY1C,0.20335429769392033,0.029350104821802937,2.3375262054507338
ANAPC1,0.20335429769392033,0.023060796645702306,2.3542976939203353
ANAPC10,0.22431865828092243,0.010482180293501049,2.40041928721174
ANAPC11,0.22641509433962265,0.008385744234800839,2.4234800838574424
ANAPC13,0.27672955974842767,0.006289308176100629,2.59748427672956
ANAPC15,0.24737945492662475,0.0041928721174004195,2.4758909853249476
ANAPC16,0.20335429769392033,0.03773584905660377,2.3354297693920336
ANAPC2,0.25366876310272535,0.0,2.5136268343815513
ANAPC4,0.2180293501048218,0.039832285115303984,2.3647798742138364
ANAPC5,0.23689727463312368,0.023060796645702306,2.4276729559748427
ANAPC7,0.23060796645702306,0.010482180293501049,2.4318658280922434
ANG,0.21174004192872117,0.012578616352201259,2.3815513626834384
ANGPT1,0.3710691823899371,0.012578616352201259,2.930817610062893
ANGPT2,0.12159329140461216,0.31236897274633124,1.9056603773584906
ANGPT4,0.22012578616352202,0.03563941299790356,2.3815513626834384
ANGPTL3,0.20125786163522014,0.041928721174004195,2.3207547169811322
ANGPTL4,0.2138364779874214,0.008385744234800839,2.3815513626834384
ANK1,0.16981132075471697,0.2138364779874214,2.140461215932914
ANK2,0.20754716981132076,0.018867924528301886,2.3668763102725365
ANK3,0.21593291404612158,0.04612159329140461,2.3647798742138364
ANKFY1,0.16142557651991615,0.09014675052410902,2.188679245283019
ANKLE2,0.2138364779874214,0.039832285115303984,2.3647798742138364
ANKMY2,0.28721174004192873,0.014675052410901468,2.589098532494759
ANKRA2,0.16981132075471697,0.11949685534591195,2.1949685534591197
ANKRD1,0.1740041928721174,0.11949685534591195,2.1823899371069184
ANKRD2,0.1949685534591195,0.07547169811320754,2.257861635220126
ANKRD27,0.2222222222222222,0.0041928721174004195,2.419287211740042
ANKRD28,0.22012578616352202,0.012578616352201259,2.4318658280922434
ANKRD49,0.24109014675052412,0.016771488469601678,2.4465408805031448
ANKS4B,0.2348008385744235,0.008385744234800839,2.438155136268344
ANKS6,0.2557651991614256,0.006289308176100629,2.50314465408805
ANLN,0.28721174004192873,0.0020964360587002098,2.6352201257861636
ANO1,0.259958071278826,0.0,2.5283018867924527
ANO10,0.22012578616352202,0.0041928721174004195,2.442348008385744
ANO6,0.2138364779874214,0.012578616352201259,2.40041928721174
ANO8,0.2180293501048218,0.0,2.4129979035639413
ANOS1,0.016771488469601678,0.7693920335429769,1.2620545073375262
ANP32A,0.20754716981132076,0.014675052410901468,2.3647798742138364
ANP32B,0.259958071278826,0.006289308176100629,2.509433962264151
ANP32E,0.25366876310272535,0.0,2.5324947589098534
ANPEP,0.2138364779874214,0.008385744234800839,2.3857442348008386
ANTXR1,0.20754716981132076,0.027253668763102725,2.356394129979036
ANTXR2,0.22431865828092243,0.006289308176100629,2.4171907756813416
ANXA1,0.23689727463312368,0.018867924528301886,2.438155136268344
ANXA11,0.1949685534591195,0.07127882599580712,2.293501048218029
ANXA2,0.20754716981132076,0.020964360587002098,2.358490566037736
ANXA5,0.21174004192872117,0.039832285115303984,2.350104821802935
ANXA6,0.2222222222222222,0.0020964360587002098,2.419287211740042
ANXA7,0.1970649895178197,0.041928721174004195,2.3249475890985325
AOC1,0.27044025157232704,0.012578616352201259,2.547169811320755
AOC2,0.20545073375262055,0.06708595387840671,2.308176100628931
AOC3,0.20545073375262055,0.06708595387840671,2.308176100628931
AOPEP,0.259958071278826,0.008385744234800839,2.50104821802935
AOX1,0.22641509433962265,0.008385744234800839,2.4129979035639413
AP1AR,0.21593291404612158,0.016771488469601678,2.3878406708595388
AP1B1,0.1970649895178197,0.031446540880503145,2.3228511530398324
AP1G1,0.1509433962264151,0.23270440251572327,2.0440251572327046
AP1G2,0.2180293501048218,0.006289308176100629,2.4046121593291403
AP1M1,0.22012578616352202,0.0020964360587002098,2.408805031446541
AP1M2,0.2138364779874214,0.008385744234800839,2.3815513626834384
AP1S1,0.2809224318658281,0.008385744234800839,2.5953878406708597
AP1S2,0.014675052410901468,0.7610062893081762,1.2662473794549267
AP1S3,0.2180293501048218,0.020964360587002098,2.3857442348008386
AP2A1,0.22012578616352202,0.0041928721174004195,2.4213836477987423
AP2A2,0.23060796645702306,0.012578616352201259,2.410901467505241
AP2B1,0.21174004192872117,0.027253668763102725,2.360587002096436
AP2M1,0.25157232704402516,0.010482180293501049,2.490566037735849
AP2S1,0.21174004192872117,0.020964360587002098,2.3878406708595388
AP3B1,0.17819706498951782,0.09853249475890985,2.2327044025157234
AP3B2,0.20964360587002095,0.010482180293501049,2.3815513626834384
AP3M1,0.1970649895178197,0.05241090146750524,2.3123689727463312
AP3M2,0.18029350104821804,0.20545073375262055,2.169811320754717
AP3S1,0.18448637316561844,0.06918238993710692,2.2872117400419287
AP3S2,0.21174004192872117,0.008385744234800839,2.3836477987421385
AP4B1,0.21174004192872117,0.027253668763102725,2.3647798742138364
AP4E1,0.20335429769392033,0.025157232704402517,2.339622641509434
AP4M1,0.2851153039832285,0.008385744234800839,2.6121593291404612
AP4S1,0.21593291404612158,0.0041928721174004195,2.40041928721174
AP5M1,0.22012578616352202,0.006289308176100629,2.39832285115304
APAF1,0.25157232704402516,0.010482180293501049,2.4947589098532497
APBA1,0.2389937106918239,0.010482180293501049,2.457023060796646
APBB1,0.22851153039832284,0.008385744234800839,2.4213836477987423
APBB1IP,0.22012578616352202,0.031446540880503145,2.379454926624738
APBB2,0.21174004192872117,0.039832285115303984,2.348008385744235
APC,0.1928721174004193,0.07547169811320754,2.2872117400419287
APC2,0.2138364779874214,0.025157232704402517,2.3542976939203353
APCS,0.23270440251572327,0.029350104821802937,2.442348008385744
APEH,0.22431865828092243,0.012578616352201259,2.429769392033543
APEX1,0.20964360587002095,0.012578616352201259,2.3773584905660377
APEX2,0.008385744234800839,0.7756813417190775,1.2368972746331237
APH1A,0.25366876310272535,0.0,2.5324947589098534
APH1B,0.20545073375262055,0.012578616352201259,2.360587002096436
API5,0.22641509433962265,0.04821802935010482,2.3836477987421385
APIP,0.22851153039832284,0.025157232704402517,2.40251572327044
APLF,0.20964360587002095,0.027253668763102725,2.3626834381551363
APLNR,0.22641509433962265,0.014675052410901468,2.419287211740042
APLP1,0.21593291404612158,0.0041928721174004195,2.406708595387841
APLP2,0.23060796645702306,0.03563941299790356,2.4213836477987423
APOA1,0.20964360587002095,0.06289308176100629,2.341719077568134
APOA2,0.23270440251572327,0.031446540880503145,2.438155136268344
APOA4,0.20964360587002095,0.06079664570230608,2.3438155136268346
APOA5,0.20964360587002095,0.05870020964360587,2.3459119496855347
APOB,0.22431865828092243,0.0041928721174004195,2.4171907756813416
APOBEC1,0.18029350104821804,0.07966457023060797,2.2746331236897275
APOBEC3A,0.20754716981132076,0.020964360587002098,2.358490566037736
APOBEC3F,0.20754716981132076,0.020964360587002098,2.358490566037736
APOBEC3G,0.20754716981132076,0.020964360587002098,2.358490566037736
APOC1,0.2138364779874214,0.010482180293501049,2.3941299790356396
APOC2,0.2138364779874214,0.010482180293501049,2.3941299790356396
APOC3,0.20964360587002095,0.06289308176100629,2.341719077568134
APOC4,0.2138364779874214,0.010482180293501049,2.3941299790356396
APOE,0.2138364779874214,0.010482180293501049,2.3941299790356396
APOF,0.2222222222222222,0.0041928721174004195,2.440251572327044
APOH,0.23270440251572327,0.010482180293501049,2.4339622641509435
APOL1,0.21593291404612158,0.023060796645702306,2.368972746331237
APOM,0.23270440251572327,0.0041928721174004195,2.4276729559748427
APOO,0.010482180293501049,0.7693920335429769,1.2536687631027255
APOOL,0.006289308176100629,0.7777777777777778,1.2243186582809225
APP,0.20964360587002095,0.025157232704402517,2.408805031446541
APPBP2,0.2222222222222222,0.012578616352201259,2.4171907756813416
APPL1,0.22431865828092243,0.010482180293501049,2.4360587002096437
APRT,0.13626834381551362,0.23689727463312368,1.9937106918238994
APTX,0.22012578616352202,0.018867924528301886,2.4255765199161425
AQP1,0.29350104821802936,0.0020964360587002098,2.647798742138365
AQP10,0.2578616352201258,0.0,2.5241090146750524
AQP11,0.2557651991614256,0.0020964360587002098,2.49685534591195
AQP2,0.21593291404612158,0.0020964360587002098,2.4234800838574424
AQP3,0.22012578616352202,0.014675052410901468,2.4318658280922434
AQP4,0.1761006289308176,0.08385744234800839,2.243186582809224
AQP5,0.21593291404612158,0.0020964360587002098,2.4234800838574424
AQP8,0.23689727463312368,0.010482180293501049,2.4360587002096437
AQR,0.20545073375262055,0.03563941299790356,2.3438155136268346
AR,0.014675052410901468,0.7756813417190775,1.2557651991614256
ARAP1,0.24737945492662475,0.0041928721174004195,2.4779874213836477
ARAP2,0.21593291404612158,0.03563941299790356,2.3668763102725365
ARAP3,0.2222222222222222,0.012578616352201259,2.408805031446541
ARCN1,0.21593291404612158,0.05241090146750524,2.3626834381551363
AREL1,0.21174004192872117,0.025157232704402517,2.3668763102725365
ARF3,0.21593291404612158,0.0041928721174004195,2.4171907756813416
ARF4,0.2222222222222222,0.010482180293501049,2.4339622641509435
ARF5,0.25366876310272535,0.027253668763102725,2.488469601677149
ARF6,0.22851153039832284,0.0041928721174004195,2.4171907756813416
ARFGAP1,0.24109014675052412,0.0041928721174004195,2.459119496855346
ARFGAP2,0.2180293501048218,0.05450733752620545,2.358490566037736
ARFGAP3,0.20335429769392033,0.03563941299790356,2.3291404612159328
ARFGEF1,0.34591194968553457,0.010482180293501049,2.888888888888889
ARFGEF2,0.2348008385744235,0.006289308176100629,2.448637316561845
ARFIP1,0.22012578616352202,0.010482180293501049,2.40251572327044
ARFIP2,0.22851153039832284,0.008385744234800839,2.4213836477987423
ARFRP1,0.24109014675052412,0.0041928721174004195,2.459119496855346
ARG1,0.22851153039832284,0.023060796645702306,2.392033542976939
ARG2,0.20964360587002095,0.020964360587002098,2.3668763102725365
ARGLU1,0.1928721174004193,0.07966457023060797,2.2683438155136266
ARHGAP1,0.21593291404612158,0.05241090146750524,2.360587002096436
ARHGAP10,0.22012578616352202,0.008385744234800839,2.40251572327044
ARHGAP11A,0.20545073375262055,0.033542976939203356,2.341719077568134
ARHGAP12,0.20964360587002095,0.04821802935010482,2.3438155136268346
ARHGAP15,0.1719077568134172,0.09643605870020965,2.2159329140461215
ARHGAP17,0.23689727463312368,0.012578616352201259,2.4339622641509435
ARHGAP19,0.1928721174004193,0.07547169811320754,2.2557651991614254
ARHGAP21,0.21593291404612158,0.031446540880503145,2.379454926624738
ARHGAP22,0.20545073375262055,0.041928721174004195,2.3270440251572326
ARHGAP24,0.22012578616352202,0.014675052410901468,2.3962264150943398
ARHGAP25,0.20754716981132076,0.025157232704402517,2.358490566037736
ARHGAP28,0.2138364779874214,0.05660377358490566,2.356394129979036
ARHGAP29,0.20125786163522014,0.05660377358490566,2.2955974842767297
ARHGAP30,0.23270440251572327,0.031446540880503145,2.438155136268344
ARHGAP31,0.24737945492662475,0.023060796645702306,2.480083857442348
ARHGAP32,0.22851153039832284,0.033542976939203356,2.4171907756813416
ARHGAP36,0.010482180293501049,0.779874213836478,1.2348008385744236
ARHGAP39,0.33752620545073375,0.025157232704402517,2.7651991614255764
ARHGAP4,0.010482180293501049,0.7819706498951782,1.2327044025157232
ARHGAP44,0.15513626834381553,0.0859538784067086,2.190775681341719
ARHGAP45,0.2138364779874214,0.014675052410901468,2.3668763102725365
ARHGAP5,0.2180293501048218,0.008385744234800839,2.39832285115304
ARHGAP6,0.014675052410901468,0.7714884696016772,1.259958071278826
ARHGAP8,0.19916142557651992,0.04821802935010482,2.310272536687631
ARHGAP9,0.2180293501048218,0.006289308176100629,2.429769392033543
ARHGDIA,0.22641509433962265,0.010482180293501049,2.4213836477987423
ARHGDIB,0.18238993710691823,0.10482180293501048,2.257861635220126
ARHGDIG,0.24109014675052412,0.012578616352201259,2.442348008385744
ARHGEF1,0.21174004192872117,0.016771488469601678,2.3857442348008386
ARHGEF10,0.1320754716981132,0.2914046121593291,1.9832285115303983
ARHGEF10L,0.20125786163522014,0.029350104821802937,2.331236897274633
ARHGEF11,0.23270440251572327,0.029350104821802937,2.442348008385744
ARHGEF12,0.21593291404612158,0.05450733752620545,2.3647798742138364
ARHGEF15,0.13417190775681342,0.12159329140461216,2.109014675052411
ARHGEF16,0.21174004192872117,0.016771488469601678,2.3626834381551363
ARHGEF17,0.25157232704402516,0.0020964360587002098,2.488469601677149
ARHGEF18,0.21593291404612158,0.014675052410901468,2.3773584905660377
ARHGEF2,0.2389937106918239,0.016771488469601678,2.4654088050314464
ARHGEF25,0.22012578616352202,0.0,2.440251572327044
ARHGEF28,0.16981132075471697,0.12159329140461216,2.192872117400419
ARHGEF3,0.22431865828092243,0.012578616352201259,2.4339622641509435
ARHGEF4,0.17819706498951782,0.07756813417190776,2.243186582809224
ARHGEF40,0.21174004192872117,0.012578616352201259,2.3815513626834384
ARHGEF5,0.27672955974842767,0.012578616352201259,2.5681341719077566
ARHGEF6,0.010482180293501049,0.7777777777777778,1.2368972746331237
ARHGEF7,0.1928721174004193,0.06289308176100629,2.29769392033543
ARHGEF9,0.010482180293501049,0.779874213836478,1.2327044025157232
ARID1A,0.20754716981132076,0.016771488469601678,2.352201257861635
ARID1B,0.20754716981132076,0.031446540880503145,2.352201257861635
ARID2,0.21593291404612158,0.012578616352201259,2.4046121593291403
ARID3A,0.2138364779874214,0.014675052410901468,2.3668763102725365
ARID4A,0.22012578616352202,0.006289308176100629,2.40041928721174
ARID5B,0.2138364779874214,0.0440251572327044,2.3731656184486374
ARIH1,0.20964360587002095,0.014675052410901468,2.3710691823899372
ARIH2,0.22012578616352202,0.018867924528301886,2.4171907756813416
ARL1,0.2431865828092243,0.006289308176100629,2.4675052410901466
ARL13B,0.24528301886792453,0.012578616352201259,2.4675052410901466
ARL2,0.24109014675052412,0.0020964360587002098,2.4779874213836477
ARL2BP,0.15932914046121593,0.14046121593291405,2.146750524109015
ARL3,0.1928721174004193,0.06918238993710692,2.259958071278826
ARL4D,0.20125786163522014,0.07966457023060797,2.289308176100629
ARL6,0.2431865828092243,0.012578616352201259,2.4737945492662474
ARL6IP5,0.21593291404612158,0.033542976939203356,2.40041928721174
ARL8A,0.23689727463312368,0.008385744234800839,2.4675052410901466
ARL8B,0.2180293501048218,0.03563941299790356,2.39832285115304
ARNT,0.2557651991614256,0.0,2.5345911949685536
ARNT2,0.20754716981132076,0.008385744234800839,2.3773584905660377
ARPC1A,0.2893081761006289,0.008385744234800839,2.6268343815513626
ARPC1B,0.2893081761006289,0.008385744234800839,2.6268343815513626
ARPC2,0.22431865828092243,0.012578616352201259,2.4046121593291403
ARPC3,0.23060796645702306,0.010482180293501049,2.4318658280922434
ARPC4,0.20754716981132076,0.04612159329140461,2.3710691823899372
ARPC5,0.23270440251572327,0.014675052410901468,2.440251572327044
ARPC5L,0.259958071278826,0.0020964360587002098,2.538784067085954
ARPP19,0.1970649895178197,0.025157232704402517,2.3270440251572326
ARR3,0.010482180293501049,0.779874213836478,1.2389937106918238
ARRB1,0.25366876310272535,0.0020964360587002098,2.490566037735849
ARRB2,0.15932914046121593,0.09224318658280922,2.1844863731656186
ARRDC3,0.1928721174004193,0.10062893081761007,2.257861635220126
ARSA,0.20545073375262055,0.041928721174004195,2.3291404612159328
ARSB,0.1761006289308176,0.09643605870020965,2.230607966457023
ARSG,0.22431865828092243,0.014675052410901468,2.419287211740042
ARSI,0.2222222222222222,0.0041928721174004195,2.4171907756813416
ARSK,0.19077568134171907,0.1111111111111111,2.243186582809224
ART3,0.22851153039832284,0.0041928721174004195,2.4276729559748427
ASAH1,0.10272536687631027,0.38155136268343814,1.8050314465408805
ASAP1,0.36268343815513626,0.012578616352201259,2.8846960167714886
ASAP2,0.23060796645702306,0.0,2.4276729559748427
ASAP3,0.20335429769392033,0.033542976939203356,2.3270440251572326
ASB6,0.24947589098532494,0.0041928721174004195,2.4947589098532497
ASB8,0.21174004192872117,0.012578616352201259,2.3962264150943398
ASCC1,0.20125786163522014,0.03773584905660377,2.331236897274633
ASCC3,0.13836477987421383,0.21593291404612158,2.0356394129979036
ASCL1,0.2431865828092243,0.010482180293501049,2.469601677148847
ASCL2,0.23060796645702306,0.014675052410901468,2.4150943396226414
ASCL3,0.22851153039832284,0.0041928721174004195,2.4234800838574424
ASF1A,0.15723270440251572,0.15513626834381553,2.1320754716981134
ASF1B,0.2180293501048218,0.012578616352201259,2.3857442348008386
ASGR1,0.1278825995807128,0.16771488469601678,2.0545073375262053
ASGR2,0.129979035639413,0.15932914046121593,2.0670859538784065
ASH1L,0.24947589098532494,0.006289308176100629,2.490566037735849
ASH2L,0.18448637316561844,0.2222222222222222,2.169811320754717
ASIC1,0.21593291404612158,0.0020964360587002098,2.4234800838574424
ASIC2,0.20754716981132076,0.025157232704402517,2.356394129979036
ASIC3,0.27044025157232704,0.012578616352201259,2.547169811320755
ASL,0.2809224318658281,0.0,2.59748427672956
ASNS,0.2914046121593291,0.0,2.641509433962264
ASPA,0.15932914046121593,0.07756813417190776,2.20335429769392
ASPH,0.31865828092243187,0.020964360587002098,2.756813417190776
ASPHD1,0.23270440251572327,0.010482180293501049,2.4234800838574424
ASPM,0.2389937106918239,0.012578616352201259,2.459119496855346
ASRGL1,0.23060796645702306,0.006289308176100629,2.448637316561845
ASS1,0.25157232704402516,0.010482180293501049,2.4947589098532497
ASXL1,0.23270440251572327,0.008385744234800839,2.442348008385744
ASXL2,0.22851153039832284,0.012578616352201259,2.410901467505241
ASZ1,0.2662473794549266,0.020964360587002098,2.538784067085954
ATAD2,0.3689727463312369,0.0020964360587002098,2.890985324947589
ATAD3A,0.20964360587002095,0.016771488469601678,2.358490566037736
ATAD5,0.20754716981132076,0.027253668763102725,2.356394129979036
ATF1,0.21593291404612158,0.0020964360587002098,2.419287211740042
ATF2,0.20125786163522014,0.05241090146750524,2.3186582809224316
ATF3,0.22851153039832284,0.03773584905660377,2.4171907756813416
ATF4,0.20545073375262055,0.020964360587002098,2.3542976939203353
ATF6,0.2348008385744235,0.031446540880503145,2.4360587002096437
ATF6B,0.23270440251572327,0.0041928721174004195,2.4276729559748427
ATF7,0.22641509433962265,0.0020964360587002098,2.438155136268344
ATF7IP,0.1761006289308176,0.12159329140461216,2.2285115303983227
ATF7IP2,0.24737945492662475,0.0041928721174004195,2.4549266247379453
ATG10,0.19916142557651992,0.04821802935010482,2.3207547169811322
ATG101,0.22851153039832284,0.0041928721174004195,2.442348008385744
ATG12,0.18448637316561844,0.06918238993710692,2.2872117400419287
ATG13,0.2138364779874214,0.05241090146750524,2.358490566037736
ATG14,0.2180293501048218,0.006289308176100629,2.39832285115304
ATG16L1,0.22012578616352202,0.029350104821802937,2.3752620545073375
ATG16L2,0.24737945492662475,0.0041928721174004195,2.4779874213836477
ATG3,0.24109014675052412,0.027253668763102725,2.452830188679245
ATG4A,0.006289308176100629,0.779874213836478,1.2243186582809225
ATG4B,0.2138364779874214,0.020964360587002098,2.3731656184486374
ATG4C,0.1970649895178197,0.0440251572327044,2.310272536687631
ATG4D,0.2138364779874214,0.008385744234800839,2.3815513626834384
ATG5,0.14255765199161424,0.21174004192872117,2.048218029350105
ATG7,0.20964360587002095,0.03563941299790356,2.379454926624738
ATG9A,0.22012578616352202,0.020964360587002098,2.3857442348008386
ATIC,0.2180293501048218,0.016771488469601678,2.3941299790356396
ATL1,0.22851153039832284,0.0041928721174004195,2.4150943396226414
ATL3,0.2389937106918239,0.0041928721174004195,2.4654088050314464
ATM,0.22431865828092243,0.06079664570230608,2.3773584905660377
ATMIN,0.13626834381551362,0.2620545073375262,1.9748427672955975
ATN1,0.17819706498951782,0.07966457023060797,2.2725366876310273
ATOH1,0.2180293501048218,0.018867924528301886,2.389937106918239
ATOH7,0.21593291404612158,0.03773584905660377,2.360587002096436
ATOX1,0.22012578616352202,0.008385744234800839,2.4129979035639413
ATP11A,0.1928721174004193,0.07127882599580712,2.2767295597484276
ATP11B,0.259958071278826,0.012578616352201259,2.5157232704402515
ATP12A,0.20125786163522014,0.031446540880503145,2.3333333333333335
ATP13A2,0.20335429769392033,0.025157232704402517,2.3375262054507338
ATP1A1,0.21593291404612158,0.023060796645702306,2.389937106918239
ATP1A2,0.23270440251572327,0.027253668763102725,2.442348008385744
ATP1A3,0.21174004192872117,0.020964360587002098,2.3815513626834384
ATP1A4,0.23270440251572327,0.027253668763102725,2.442348008385744
ATP1B1,0.22851153039832284,0.027253668763102725,2.4213836477987423
ATP1B2,0.11949685534591195,0.19077568134171907,2.0125786163522013
ATP1B3,0.2746331236897275,0.008385744234800839,2.6037735849056602
ATP1B4,0.008385744234800839,0.779874213836478,1.228511530398323
ATP23,0.21593291404612158,0.0020964360587002098,2.4339622641509435
ATP2A1,0.23270440251572327,0.008385744234800839,2.4276729559748427
ATP2A2,0.23060796645702306,0.010482180293501049,2.4318658280922434
ATP2A3,0.16142557651991615,0.08385744234800839,2.19706498951782
ATP2B1,0.24737945492662475,0.0041928721174004195,2.488469601677149
ATP2B4,0.2389937106918239,0.0020964360587002098,2.4863731656184487
ATP4A,0.2180293501048218,0.0041928721174004195,2.408805031446541
ATP4B,0.1928721174004193,0.07127882599580712,2.2788259958071277
ATP5F1A,0.1719077568134172,0.11740041928721175,2.20125786163522
ATP5F1B,0.2222222222222222,0.0041928721174004195,2.440251572327044
ATP5F1C,0.2180293501048218,0.031446540880503145,2.360587002096436
ATP5F1D,0.21174004192872117,0.016771488469601678,2.361344537815126
ATP5F1E,0.2389937106918239,0.0041928721174004195,2.461215932914046
ATP5IF1,0.20545073375262055,0.020964360587002098,2.3438155136268346
ATP5MC1,0.23270440251572327,0.006289308176100629,2.440251572327044
ATP5MC2,0.22641509433962265,0.0020964360587002098,2.438155136268344
ATP5MC3,0.20125786163522014,0.05241090146750524,2.3186582809224316
ATP5ME,0.2222222222222222,0.016771488469601678,2.3815513626834384
ATP5MF,0.2893081761006289,0.008385744234800839,2.6268343815513626
ATP5MG,0.21593291404612158,0.05450733752620545,2.360587002096436
ATP5PB,0.20964360587002095,0.033542976939203356,2.352201257861635
ATP5PD,0.23060796645702306,0.016771488469601678,2.4213836477987423
ATP5PF,0.21174004192872117,0.025157232704402517,2.4129979035639413
ATP5PO,0.2222222222222222,0.016771488469601678,2.4171907756813416
ATP6AP1,0.010482180293501049,0.7819706498951782,1.2327044025157232
ATP6AP2,0.010482180293501049,0.7756813417190775,1.2473794549266248
ATP6V0A1,0.20335429769392033,0.06918238993710692,2.2955974842767297
ATP6V0A2,0.22431865828092243,0.039832285115303984,2.3836477987421385
ATP6V0A4,0.2746331236897275,0.010482180293501049,2.557651991614256
ATP6V0B,0.20754716981132076,0.012578616352201259,2.358490566037736
ATP6V0C,0.24947589098532494,0.0041928721174004195,2.4675052410901466
ATP6V0D1,0.16352201257861634,0.1488469601677149,2.153039832285115
ATP6V0D2,0.36268343815513626,0.010482180293501049,2.90146750524109
ATP6V0E1,0.23060796645702306,0.0041928721174004195,2.440251572327044
ATP6V0E2,0.27044025157232704,0.008385744234800839,2.542976939203354
ATP6V1A,0.24109014675052412,0.025157232704402517,2.448637316561845
ATP6V1B1,0.20964360587002095,0.027253668763102725,2.356394129979036
ATP6V1B2,0.09433962264150944,0.4109014675052411,1.7442348008385744
ATP6V1C1,0.3689727463312369,0.0041928721174004195,2.9161425576519915
ATP6V1C2,0.23060796645702306,0.0041928721174004195,2.4276729559748427
ATP6V1D,0.2138364779874214,0.020964360587002098,2.3752620545073375
ATP6V1E1,0.20335429769392033,0.03773584905660377,2.331236897274633
ATP6V1E2,0.22012578616352202,0.033542976939203356,2.3710691823899372
ATP6V1F,0.2620545073375262,0.018867924528301886,2.5178197064989516
ATP6V1G1,0.2578616352201258,0.0,2.50314465408805
ATP6V1G2,0.23060796645702306,0.006289308176100629,2.4213836477987423
ATP6V1G3,0.2389937106918239,0.010482180293501049,2.461215932914046
ATP6V1H,0.31027253668763105,0.029350104821802937,2.7169811320754715
ATP7A,0.006289308176100629,0.779874213836478,1.2264150943396226
ATP7B,0.12159329140461216,0.2830188679245283,1.9140461215932913
ATP8A1,0.21174004192872117,0.039832285115303984,2.356394129979036
ATP8B2,0.259958071278826,0.0,2.5262054507337526
ATP8B4,0.20754716981132076,0.027253668763102725,2.341719077568134
ATPAF1,0.20545073375262055,0.027253668763102725,2.3375262054507338
ATPAF2,0.1949685534591195,0.04612159329140461,2.310272536687631
ATR,0.2746331236897275,0.006289308176100629,2.6037735849056602
ATRIP,0.22012578616352202,0.020964360587002098,2.4150943396226414
ATRN,0.2180293501048218,0.03563941299790356,2.3815513626834384
ATRX,0.006289308176100629,0.779874213836478,1.2264150943396226
ATXN1,0.22641509433962265,0.010482180293501049,2.406708595387841
ATXN10,0.19916142557651992,0.05241090146750524,2.3039832285115303
ATXN1L,0.1509433962264151,0.2348008385744235,2.041928721174004
ATXN2L,0.23270440251572327,0.008385744234800839,2.4276729559748427
ATXN3L,0.010482180293501049,0.7735849056603774,1.249475890985325
ATXN7L3,0.18867924528301888,0.14255765199161424,2.20125786163522
AUH,0.259958071278826,0.010482180293501049,2.492662473794549
AUP1,0.20964360587002095,0.020964360587002098,2.3647798742138364
AURKA,0.23689727463312368,0.008385744234800839,2.461215932914046
AURKAIP1,0.21174004192872117,0.014675052410901468,2.3626834381551363
AURKB,0.13417190775681342,0.13626834381551362,2.092243186582809
AURKC,0.22431865828092243,0.0020964360587002098,2.438155136268344
AVIL,0.2180293501048218,0.0020964360587002098,2.4360587002096437
AVP,0.21593291404612158,0.033542976939203356,2.3773584905660377
AVPR1A,0.22851153039832284,0.006289308176100629,2.4444444444444446
AVPR1B,0.24109014675052412,0.016771488469601678,2.4716981132075473
AXIN1,0.24109014675052412,0.012578616352201259,2.442348008385744
AXIN2,0.22851153039832284,0.012578616352201259,2.4255765199161425
AXL,0.21174004192872117,0.018867924528301886,2.3836477987421385
AZGP1,0.2851153039832285,0.010482180293501049,2.6142557651991614
AZI2,0.22431865828092243,0.008385744234800839,2.4318658280922434
AZIN1,0.3689727463312369,0.0041928721174004195,2.9245283018867925
AZIN2,0.21174004192872117,0.012578616352201259,2.3647798742138364
AZU1,0.2138364779874214,0.014675052410901468,2.3668763102725365
B3GALNT1,0.27253668763102723,0.008385744234800839,2.5681341719077566
B3GALNT2,0.22641509433962265,0.06918238993710692,2.3731656184486374
B3GALT1,0.1970649895178197,0.05450733752620545,2.3165618448637315
B3GALT2,0.22851153039832284,0.025157232704402517,2.429769392033543
B3GALT4,0.22641509433962265,0.0020964360587002098,2.419287211740042
B3GALT5,0.16352201257861634,0.18029350104821804,2.1341719077568135
B3GALT6,0.21174004192872117,0.014675052410901468,2.3626834381551363
B3GAT1,0.22431865828092243,0.020964360587002098,2.4234800838574424
B3GAT2,0.18658280922431866,0.1090146750524109,2.2348008385744236
B3GAT3,0.23060796645702306,0.006289308176100629,2.448637316561845
B3GLCT,0.19077568134171907,0.0880503144654088,2.247379454926625
B3GNT2,0.22012578616352202,0.031446540880503145,2.3773584905660377
B3GNT3,0.22012578616352202,0.0,2.4150943396226414
B3GNT4,0.23689727463312368,0.029350104821802937,2.429769392033543
B3GNT5,0.2578616352201258,0.010482180293501049,2.511530398322851
B3GNT7,0.2180293501048218,0.016771488469601678,2.3878406708595388
B3GNT8,0.21174004192872117,0.018867924528301886,2.3836477987421385
B3GNT9,0.16352201257861634,0.1488469601677149,2.153039832285115
B4GALNT1,0.2180293501048218,0.0,2.438155136268344
B4GALNT2,0.23060796645702306,0.006289308176100629,2.438155136268344
B4GALT1,0.2222222222222222,0.018867924528301886,2.429769392033543
B4GALT2,0.20754716981132076,0.012578616352201259,2.358490566037736
B4GALT3,0.23270440251572327,0.029350104821802937,2.440251572327044
B4GALT4,0.24947589098532494,0.025157232704402517,2.4863731656184487
B4GALT5,0.23689727463312368,0.006289308176100629,2.459119496855346
B4GALT6,0.18029350104821804,0.10062893081761007,2.230607966457023
B4GALT7,0.22641509433962265,0.0,2.438155136268344
B4GAT1,0.259958071278826,0.0020964360587002098,2.5136268343815513
B9D1,0.20125786163522014,0.029350104821802937,2.3459119496855347
B9D2,0.21174004192872117,0.018867924528301886,2.3836477987421385
BAAT,0.2641509433962264,0.006289308176100629,2.547169811320755
BABAM1,0.2180293501048218,0.0,2.4129979035639413
BABAM2,0.22851153039832284,0.012578616352201259,2.4171907756813416
BACE1,0.21174004192872117,0.06289308176100629,2.348008385744235
BACH1,0.21174004192872117,0.020964360587002098,2.392033542976939
BACH2,0.13626834381551362,0.2641509433962264,1.9811320754716981
BAD,0.2389937106918239,0.0041928721174004195,2.4716981132075473
BAG3,0.19077568134171907,0.039832285115303984,2.30188679245283
BAG4,0.18448637316561844,0.22431865828092243,2.1677148846960166
BAG5,0.22012578616352202,0.014675052410901468,2.39832285115304
BAG6,0.23270440251572327,0.0041928721174004195,2.4276729559748427
BAHD1,0.1949685534591195,0.0440251572327044,2.3144654088050314
BAIAP2,0.2222222222222222,0.014675052410901468,2.410901467505241
BAIAP2L1,0.2893081761006289,0.006289308176100629,2.6352201257861636
BAK1,0.22431865828092243,0.0020964360587002098,2.4171907756813416
BAMBI,0.20754716981132076,0.031446540880503145,2.358490566037736
BANF1,0.259958071278826,0.0,2.5136268343815513
BANF2,0.20754716981132076,0.027253668763102725,2.3815513626834384
BANP,0.129979035639413,0.2557651991614256,1.9643605870020964
BAP1,0.22012578616352202,0.018867924528301886,2.419287211740042
BARD1,0.2138364779874214,0.010482180293501049,2.3941299790356396
BARX1,0.259958071278826,0.008385744234800839,2.50104821802935
BATF,0.20964360587002095,0.025157232704402517,2.3626834381551363
BATF2,0.24109014675052412,0.0020964360587002098,2.4779874213836477
BATF3,0.22851153039832284,0.03773584905660377,2.4150943396226414
BAX,0.21174004192872117,0.014675052410901468,2.3962264150943398
BAZ1A,0.22431865828092243,0.006289308176100629,2.4129979035639413
BAZ1B,0.2851153039832285,0.0,2.6037735849056602
BAZ2A,0.2222222222222222,0.0041928721174004195,2.440251572327044
BBC3,0.21174004192872117,0.031446540880503145,2.3773584905660377
BBIP1,0.20545073375262055,0.05241090146750524,2.30188679245283
BBOX1,0.23689727463312368,0.006289308176100629,2.4339622641509435
BBS1,0.2620545073375262,0.0,2.509433962264151
BBS12,0.20964360587002095,0.04612159329140461,2.3375262054507338
BBS2,0.16352201257861634,0.1320754716981132,2.169811320754717
BBS4,0.20964360587002095,0.014675052410901468,2.3710691823899372
BBS5,0.1928721174004193,0.05660377358490566,2.30188679245283
BBS7,0.21174004192872117,0.041928721174004195,2.3459119496855347
BBS9,0.2893081761006289,0.0,2.649895178197065
BCAN,0.23270440251572327,0.016771488469601678,2.4549266247379453
BCAP31,0.010482180293501049,0.7840670859538784,1.230607966457023
BCAR1,0.14465408805031446,0.24947589098532494,2.010482180293501
BCAS2,0.2138364779874214,0.031446540880503145,2.3647798742138364
BCAS3,0.22851153039832284,0.008385744234800839,2.4339622641509435
BCAS4,0.24109014675052412,0.0020964360587002098,2.4675052410901466
BCAT1,0.1970649895178197,0.07756813417190776,2.3060796645702304
BCAT2,0.21174004192872117,0.014675052410901468,2.3962264150943398
BCCIP,0.19916142557651992,0.041928721174004195,2.3144654088050314
BCHE,0.2914046121593291,0.008385744234800839,2.6142557651991614
BCKDHA,0.21174004192872117,0.018867924528301886,2.3836477987421385
BCKDHB,0.15723270440251572,0.19077568134171907,2.10062893081761
BCKDK,0.22851153039832284,0.010482180293501049,2.4171907756813416
BCL11A,0.21593291404612158,0.033542976939203356,2.3647798742138364
BCL11B,0.2180293501048218,0.018867924528301886,2.3857442348008386
BCL2,0.15513626834381553,0.1530398322851153,2.1278825995807127
BCL2A1,0.20754716981132076,0.008385744234800839,2.3773584905660377
BCL2L1,0.2348008385744235,0.006289308176100629,2.452830188679245
BCL2L10,0.20335429769392033,0.025157232704402517,2.339622641509434
BCL2L11,0.20335429769392033,0.027253668763102725,2.348008385744235
BCL2L13,0.20125786163522014,0.039832285115303984,2.3249475890985325
BCL2L14,0.15723270440251572,0.14465408805031446,2.142557651991614
BCL3,0.2138364779874214,0.012578616352201259,2.392033542976939
BCL6,0.2620545073375262,0.020964360587002098,2.492662473794549
BCL9,0.24528301886792453,0.0041928721174004195,2.509433962264151
BCL9L,0.2180293501048218,0.05450733752620545,2.3647798742138364
BCLAF1,0.20964360587002095,0.023060796645702306,2.358490566037736
BCO1,0.13836477987421383,0.2641509433962264,1.9748427672955975
BCOR,0.010482180293501049,0.7735849056603774,1.249475890985325
BCORL1,0.010482180293501049,0.779874213836478,1.2348008385744236
BCR,0.20754716981132076,0.023060796645702306,2.350104821802935
BCS1L,0.2222222222222222,0.020964360587002098,2.389937106918239
BDH1,0.24109014675052412,0.031446540880503145,2.4339622641509435
BDH2,0.22431865828092243,0.014675052410901468,2.40041928721174
BDKRB1,0.21593291404612158,0.020964360587002098,2.379454926624738
BDKRB2,0.21593291404612158,0.020964360587002098,2.379454926624738
BDNF,0.2348008385744235,0.006289308176100629,2.429769392033543
BDP1,0.16352201257861634,0.1278825995807128,2.169811320754717
BECN1,0.20545073375262055,0.06708595387840671,2.308176100628931
BEST2,0.2138364779874214,0.014675052410901468,2.3773584905660377
BET1,0.2893081761006289,0.0020964360587002098,2.643605870020964
BET1L,0.23060796645702306,0.012578616352201259,2.410901467505241
BEX1,0.006289308176100629,0.779874213836478,1.2264150943396226
BEX2,0.006289308176100629,0.779874213836478,1.2243186582809225
BEX3,0.006289308176100629,0.779874213836478,1.2243186582809225
BFSP1,0.20754716981132076,0.027253668763102725,2.379454926624738
BFSP2,0.27044025157232704,0.008385744234800839,2.5639412997903563
BGLAP,0.23689727463312368,0.016771488469601678,2.461215932914046
BGN,0.010482180293501049,0.7819706498951782,1.2327044025157232
BHLHE40,0.2180293501048218,0.031446540880503145,2.4046121593291403
BHLHE41,0.20125786163522014,0.07337526205450734,2.3186582809224316
BHMT,0.1761006289308176,0.09643605870020965,2.2327044025157234
BHMT2,0.1740041928721174,0.09643605870020965,2.2285115303983227
BICD2,0.259958071278826,0.008385744234800839,2.49685534591195
BID,0.20125786163522014,0.039832285115303984,2.3249475890985325
BIK,0.20125786163522014,0.039832285115303984,2.3249475890985325
BIN1,0.1740041928721174,0.07127882599580712,2.2452830188679247
BIN3,0.08385744234800839,0.42348008385744235,1.7085953878406708
BIRC2,0.2389937106918239,0.03773584905660377,2.4171907756813416
BIRC3,0.2389937106918239,0.03773584905660377,2.4171907756813416
BIRC5,0.23270440251572327,0.025157232704402517,2.4150943396226414
BIRC7,0.24109014675052412,0.0041928721174004195,2.459119496855346
BLK,0.11530398322851153,0.3438155136268344,1.870020964360587
BLM,0.21174004192872117,0.006289308176100629,2.3878406708595388
BLMH,0.20964360587002095,0.018867924528301886,2.3731656184486374
BLNK,0.18238993710691823,0.08385744234800839,2.2285115303983227
BLOC1S1,0.22641509433962265,0.006289308176100629,2.450733752620545
BLOC1S2,0.1928721174004193,0.08176100628930817,2.247379454926625
BLOC1S3,0.2138364779874214,0.012578616352201259,2.392033542976939
BLOC1S4,0.2180293501048218,0.016771488469601678,2.3941299790356396
BLOC1S5,0.2138364779874214,0.033542976939203356,2.356394129979036
BLOC1S6,0.20125786163522014,0.03563941299790356,2.3207547169811322
BLVRA,0.2809224318658281,0.0041928721174004195,2.593291404612159
BLVRB,0.21174004192872117,0.012578616352201259,2.392033542976939
BLZF1,0.23060796645702306,0.027253668763102725,2.4234800838574424
BMF,0.1949685534591195,0.041928721174004195,2.3165618448637315
BMI1,0.2138364779874214,0.031446540880503145,2.3752620545073375
BMP1,0.0859538784067086,0.42138364779874216,1.719077568134172
BMP10,0.20754716981132076,0.025157232704402517,2.358490566037736
BMP15,0.008385744234800839,0.779874213836478,1.2327044025157232
BMP2,0.2222222222222222,0.029350104821802937,2.3941299790356396
BMP4,0.22431865828092243,0.006289308176100629,2.408805031446541
BMP6,0.21593291404612158,0.033542976939203356,2.358490566037736
BMP7,0.2389937106918239,0.008385744234800839,2.4675052410901466
BMPER,0.28721174004192873,0.0,2.631027253668763
BMPR1A,0.1740041928721174,0.14046121593291405,2.1761006289308176
BMPR1B,0.22431865828092243,0.016771488469601678,2.40251572327044
BMPR2,0.2180293501048218,0.010482180293501049,2.40251572327044
BMS1,0.21593291404612158,0.03773584905660377,2.358490566037736
BMX,0.014675052410901468,0.7631027253668763,1.2662473794549267
BNIP1,0.23060796645702306,0.0041928721174004195,2.440251572327044
BNIP3,0.1970649895178197,0.04612159329140461,2.30188679245283
BNIP3L,0.08385744234800839,0.39622641509433965,1.7442348008385744
BOC,0.24109014675052412,0.025157232704402517,2.448637316561845
BOD1,0.22851153039832284,0.0,2.442348008385744
BOK,0.2138364779874214,0.020964360587002098,2.3773584905660377
BOLA1,0.25157232704402516,0.0,2.5283018867924527
BOLL,0.22012578616352202,0.006289308176100629,2.408805031446541
BOP1,0.33752620545073375,0.023060796645702306,2.7735849056603774
BPI,0.22641509433962265,0.016771488469601678,2.419287211740042
BPIFA1,0.23689727463312368,0.012578616352201259,2.440251572327044
BPIFB3,0.23689727463312368,0.010482180293501049,2.442348008385744
BPNT1,0.22851153039832284,0.04612159329140461,2.4150943396226414
BPTF,0.22641509433962265,0.010482180293501049,2.4255765199161425
BRAF,0.27882599580712786,0.010482180293501049,2.5723270440251573
BRAP,0.2348008385744235,0.012578616352201259,2.4339622641509435
BRAT1,0.2809224318658281,0.014675052410901468,2.5639412997903563
BRCA1,0.20335429769392033,0.0649895178197065,2.3060796645702304
BRCA2,0.1740041928721174,0.129979035639413,2.1719077568134173
BRCC3,0.010482180293501049,0.7819706498951782,1.2327044025157232
BRD1,0.20545073375262055,0.039832285115303984,2.3291404612159328
BRD3,0.2557651991614256,0.0020964360587002098,2.50314465408805
BRD4,0.2222222222222222,0.0020964360587002098,2.4150943396226414
BRD7,0.16771488469601678,0.12159329140461216,2.190775681341719
BRD8,0.2222222222222222,0.016771488469601678,2.4046121593291403
BRF2,0.18448637316561844,0.2222222222222222,2.1740041928721174
BRI3,0.2914046121593291,0.006289308176100629,2.639412997903564
BRINP1,0.25366876310272535,0.0,2.507337526205451
BRIP1,0.23689727463312368,0.008385744234800839,2.530398322851153
BRIX1,0.2348008385744235,0.020964360587002098,2.4737945492662474
BRK1,0.20545073375262055,0.039832285115303984,2.3731656184486374
BRMS1,0.259958071278826,0.0020964360587002098,2.5136268343815513
BRMS1L,0.23270440251572327,0.006289308176100629,2.4213836477987423
BROX,0.22851153039832284,0.05241090146750524,2.406708595387841
BRPF1,0.20754716981132076,0.04612159329140461,2.3710691823899372
BRPF3,0.22431865828092243,0.008385744234800839,2.410901467505241
BRSK1,0.23060796645702306,0.0,2.4360587002096437
BRWD1,0.16561844863731656,0.18238993710691823,2.1362683438155137
BSCL2,0.23270440251572327,0.0041928721174004195,2.450733752620545
BSG,0.21174004192872117,0.014675052410901468,2.3647798742138364
BSN,0.22431865828092243,0.014675052410901468,2.4276729559748427
BST1,0.2180293501048218,0.020964360587002098,2.379454926624738
BST2,0.22012578616352202,0.0,2.4171907756813416
BTAF1,0.17819706498951782,0.1111111111111111,2.192872117400419
BTBD1,0.20964360587002095,0.010482180293501049,2.3815513626834384
BTBD2,0.21174004192872117,0.027253668763102725,2.350104821802935
BTBD6,0.2180293501048218,0.014675052410901468,2.39832285115304
BTC,0.23060796645702306,0.006289308176100629,2.429769392033543
BTD,0.22012578616352202,0.012578616352201259,2.4318658280922434
BTF3,0.16981132075471697,0.11949685534591195,2.1949685534591197
BTG1,0.25157232704402516,0.0,2.50104821802935
BTG3,0.21593291404612158,0.031446540880503145,2.392033542976939
BTK,0.006289308176100629,0.7777777777777778,1.228511530398323
BTLA,0.24109014675052412,0.027253668763102725,2.452830188679245
BTN1A1,0.22431865828092243,0.014675052410901468,2.40251572327044
BTN2A1,0.22431865828092243,0.014675052410901468,2.40041928721174
BTN3A1,0.22431865828092243,0.014675052410901468,2.40041928721174
BTN3A2,0.22431865828092243,0.014675052410901468,2.40041928721174
BTRC,0.18867924528301888,0.07547169811320754,2.247379454926625
BUB1,0.20964360587002095,0.023060796645702306,2.358490566037736
BUB1B,0.1949685534591195,0.041928721174004195,2.3165618448637315
BUB3,0.1928721174004193,0.039832285115303984,2.3039832285115303
BUD13,0.20964360587002095,0.05870020964360587,2.3459119496855347
BUD31,0.2893081761006289,0.008385744234800839,2.6268343815513626
BYSL,0.22851153039832284,0.006289308176100629,2.419287211740042
BZW1,0.22012578616352202,0.008385744234800839,2.406708595387841
C11ORF54,0.24528301886792453,0.018867924528301886,2.452830188679245
C15ORF48,0.20125786163522014,0.03773584905660377,2.3186582809224316
C1D,0.20964360587002095,0.029350104821802937,2.3626834381551363
C1GALT1,0.2809224318658281,0.012578616352201259,2.5744234800838575
C1GALT1C1,0.008385744234800839,0.779874213836478,1.228511530398323
C1QA,0.20964360587002095,0.025157232704402517,2.3438155136268346
C1QBP,0.1509433962264151,0.1090146750524109,2.1551362683438153
C1QC,0.20964360587002095,0.025157232704402517,2.3438155136268346
C1S,0.17819706498951782,0.07966457023060797,2.2725366876310273
C2,0.2348008385744235,0.0020964360587002098,2.4318658280922434
C2CD2,0.21593291404612158,0.041928721174004195,2.368972746331237
C2CD3,0.25366876310272535,0.0041928721174004195,2.488469601677149
C2ORF49,0.2180293501048218,0.012578616352201259,2.3941299790356396
C3,0.2138364779874214,0.014675052410901468,2.379454926624738
C3AR1,0.18029350104821804,0.08385744234800839,2.270440251572327
C4A,0.23270440251572327,0.0020964360587002098,2.429769392033543
C4B,0.23270440251572327,0.0020964360587002098,2.429769392033543
C4BPA,0.22851153039832284,0.014675052410901468,2.452830188679245
C4BPB,0.23060796645702306,0.014675052410901468,2.457023060796646
C5,0.25366876310272535,0.006289308176100629,2.49685534591195
C5AR1,0.21174004192872117,0.031446540880503145,2.3752620545073375
C6,0.2348008385744235,0.008385744234800839,2.4758909853249476
C6ORF120,0.20335429769392033,0.039832285115303984,2.3354297693920336
C7,0.23689727463312368,0.006289308176100629,2.4821802935010484
C8A,0.19916142557651992,0.039832285115303984,2.3207547169811322
C8B,0.19916142557651992,0.039832285115303984,2.3207547169811322
C9,0.23270440251572327,0.010482180293501049,2.4779874213836477
C9ORF72,0.21174004192872117,0.023060796645702306,2.3962264150943398
CA1,0.3668763102725367,0.008385744234800839,2.920335429769392
CA2,0.36477987421383645,0.008385744234800839,2.9161425576519915
CA9,0.23060796645702306,0.010482180293501049,2.448637316561845
CAB39,0.22012578616352202,0.018867924528301886,2.3878406708595388
CAB39L,0.11530398322851153,0.29559748427672955,1.8867924528301887
CABIN1,0.20754716981132076,0.027253668763102725,2.348008385744235
CABLES1,0.18029350104821804,0.07547169811320754,2.262054507337526
CABS1,0.2222222222222222,0.014675052410901468,2.3962264150943398
CABYR,0.17819706498951782,0.08385744234800839,2.249475890985325
CACNA1A,0.21593291404612158,0.012578616352201259,2.3815513626834384
CACNA1B,0.25366876310272535,0.0,2.5052410901467503
CACNA1C,0.1949685534591195,0.07337526205450734,2.3144654088050314
CACNA1D,0.2180293501048218,0.016771488469601678,2.419287211740042
CACNA1E,0.23060796645702306,0.014675052410901468,2.448637316561845
CACNA1F,0.012578616352201259,0.7735849056603774,1.251572327044025
CACNA1G,0.22431865828092243,0.008385744234800839,2.4213836477987423
CACNA1H,0.24528301886792453,0.010482180293501049,2.448637316561845
CACNA1I,0.20545073375262055,0.023060796645702306,2.350104821802935
CACNA1S,0.23689727463312368,0.008385744234800839,2.4675052410901466
CACNA2D1,0.2809224318658281,0.012578616352201259,2.59958071278826
CACNA2D2,0.2222222222222222,0.016771488469601678,2.4255765199161425
CACNB1,0.21174004192872117,0.029350104821802937,2.358490566037736
CACNB2,0.2138364779874214,0.03563941299790356,2.3626834381551363
CACNB3,0.2138364779874214,0.0041928721174004195,2.4129979035639413
CACNB4,0.18867924528301888,0.06918238993710692,2.280922431865828
CACNG1,0.23270440251572327,0.010482180293501049,2.4339622641509435
CACNG2,0.2180293501048218,0.023060796645702306,2.368972746331237
CACNG3,0.2348008385744235,0.014675052410901468,2.4318658280922434
CACNG4,0.23270440251572327,0.010482180293501049,2.4339622641509435
CACNG5,0.23270440251572327,0.010482180293501049,2.4339622641509435
CACNG6,0.23060796645702306,0.0,2.4360587002096437
CACNG7,0.23060796645702306,0.0,2.4318658280922434
CACTIN,0.20964360587002095,0.031446540880503145,2.352201257861635
CACYBP,0.22641509433962265,0.018867924528301886,2.438155136268344
CAD,0.22641509433962265,0.008385744234800839,2.4213836477987423
CADM1,0.20754716981132076,0.06289308176100629,2.3375262054507338
CADM3,0.23270440251572327,0.031446540880503145,2.438155136268344
CADPS,0.22851153039832284,0.020964360587002098,2.4339622641509435
CALCA,0.22641509433962265,0.0041928721174004195,2.4213836477987423
CALCOCO1,0.22641509433962265,0.0020964360587002098,2.438155136268344
CALCOCO2,0.23270440251572327,0.006289308176100629,2.440251572327044
CALCRL,0.20545073375262055,0.03563941299790356,2.352201257861635
CALD1,0.27672955974842767,0.012578616352201259,2.5681341719077566
CALM1,0.2180293501048218,0.025157232704402517,2.3773584905660377
CALM2,0.2222222222222222,0.031446540880503145,2.3773584905660377
CALM3,0.21174004192872117,0.016771488469601678,2.3857442348008386
CALML5,0.21593291404612158,0.027253668763102725,2.3647798742138364
CALML6,0.21174004192872117,0.016771488469601678,2.3626834381551363
CALR,0.2138364779874214,0.014675052410901468,2.3773584905660377
CALR3,0.22012578616352202,0.0041928721174004195,2.406708595387841
CALU,0.2620545073375262,0.018867924528301886,2.5178197064989516
CALY,0.1970649895178197,0.05450733752620545,2.291404612159329
CAMK1,0.20754716981132076,0.04612159329140461,2.3710691823899372
CAMK1D,0.20964360587002095,0.039832285115303984,2.348008385744235
CAMK1G,0.22851153039832284,0.031446540880503145,2.438155136268344
CAMK2A,0.2222222222222222,0.0041928721174004195,2.4171907756813416
CAMK2B,0.2809224318658281,0.006289308176100629,2.5870020964360587
CAMK2D,0.20754716981132076,0.018867924528301886,2.3668763102725365
CAMK2G,0.1970649895178197,0.04821802935010482,2.3207547169811322
CAMK2N2,0.25157232704402516,0.010482180293501049,2.490566037735849
CAMK4,0.18658280922431866,0.0859538784067086,2.2683438155136266
CAMKK1,0.16142557651991615,0.08176100628930817,2.19916142557652
CAMKK2,0.23689727463312368,0.023060796645702306,2.4276729559748427
CAMKMT,0.2138364779874214,0.039832285115303984,2.352201257861635
CAMLG,0.2180293501048218,0.025157232704402517,2.3878406708595388
CAMP,0.2180293501048218,0.018867924528301886,2.4150943396226414
CAMSAP1,0.2557651991614256,0.0020964360587002098,2.507337526205451
CAMSAP3,0.21593291404612158,0.012578616352201259,2.379454926624738
CAND1,0.23689727463312368,0.008385744234800839,2.457023060796646
CAND2,0.22431865828092243,0.008385744234800839,2.438155136268344
CANT1,0.22851153039832284,0.018867924528301886,2.4150943396226414
CANX,0.23060796645702306,0.0020964360587002098,2.440251572327044
CAP1,0.21174004192872117,0.010482180293501049,2.3710691823899372
CAP2,0.22851153039832284,0.0041928721174004195,2.4150943396226414
CAPG,0.22641509433962265,0.014675052410901468,2.4046121593291403
CAPN1,0.24528301886792453,0.0020964360587002098,2.4821802935010484
CAPN10,0.2138364779874214,0.023060796645702306,2.3668763102725365
CAPN11,0.22851153039832284,0.010482180293501049,2.410901467505241
CAPN2,0.22851153039832284,0.05660377358490566,2.392033542976939
CAPN3,0.1949685534591195,0.03773584905660377,2.3165618448637315
CAPN6,0.006289308176100629,0.7777777777777778,1.2264150943396226
CAPN7,0.22012578616352202,0.010482180293501049,2.4318658280922434
CAPN8,0.22851153039832284,0.05660377358490566,2.392033542976939
CAPNS1,0.21593291404612158,0.0041928721174004195,2.406708595387841
CAPNS2,0.16561844863731656,0.129979035639413,2.1740041928721174
CAPRIN1,0.22851153039832284,0.023060796645702306,2.406708595387841
CAPZA1,0.20964360587002095,0.029350104821802937,2.358490566037736
CAPZA2,0.2662473794549266,0.016771488469601678,2.542976939203354
CAPZA3,0.1970649895178197,0.09224318658280922,2.29979035639413
CAPZB,0.20545073375262055,0.023060796645702306,2.3459119496855347
CARD10,0.2138364779874214,0.018867924528301886,2.3668763102725365
CARD11,0.2809224318658281,0.010482180293501049,2.5723270440251573
CARD14,0.22431865828092243,0.016771488469601678,2.410901467505241
CARD6,0.23689727463312368,0.006289308176100629,2.4821802935010484
CARD8,0.2138364779874214,0.023060796645702306,2.392033542976939
CARD9,0.2557651991614256,0.0020964360587002098,2.509433962264151
CARF,0.21593291404612158,0.012578616352201259,2.39832285115304
CARM1,0.2138364779874214,0.008385744234800839,2.3815513626834384
CARMIL1,0.22641509433962265,0.008385744234800839,2.408805031446541
CARS2,0.20125786163522014,0.06079664570230608,2.308176100628931
CARTPT,0.16352201257861634,0.1278825995807128,2.1761006289308176
CASC3,0.20964360587002095,0.041928721174004195,2.348008385744235
CASK,0.008385744234800839,0.7777777777777778,1.2431865828092243
CASP1,0.22641509433962265,0.03773584905660377,2.392033542976939
CASP10,0.2180293501048218,0.010482180293501049,2.40251572327044
CASP14,0.22012578616352202,0.0041928721174004195,2.4046121593291403
CASP2,0.27672955974842767,0.014675052410901468,2.5660377358490565
CASP3,0.22012578616352202,0.012578616352201259,2.3815513626834384
CASP4,0.22851153039832284,0.03563941299790356,2.40041928721174
CASP6,0.2180293501048218,0.008385744234800839,2.3962264150943398
CASP7,0.20335429769392033,0.041928721174004195,2.3144654088050314
CASP8,0.21593291404612158,0.010482180293501049,2.40041928721174
CASP9,0.20754716981132076,0.023060796645702306,2.3438155136268346
CASQ2,0.21593291404612158,0.025157232704402517,2.379454926624738
CASR,0.2578616352201258,0.014675052410901468,2.509433962264151
CASZ1,0.20125786163522014,0.041928721174004195,2.310272536687631
CAT,0.23060796645702306,0.023060796645702306,2.410901467505241
CATSPER1,0.259958071278826,0.0,2.5157232704402515
CATSPER2,0.1970649895178197,0.03773584905660377,2.3123689727463312
CATSPER4,0.20964360587002095,0.014675052410901468,2.356394129979036
CAV1,0.2662473794549266,0.014675052410901468,2.540880503144654
CAV2,0.2662473794549266,0.012578616352201259,2.542976939203354
CAV3,0.22012578616352202,0.033542976939203356,2.3962264150943398
CAVIN1,0.20754716981132076,0.06918238993710692,2.30188679245283
CAVIN2,0.2180293501048218,0.008385744234800839,2.406708595387841
CBFA2T2,0.23689727463312368,0.010482180293501049,2.442348008385744
CBFA2T3,0.13417190775681342,0.23689727463312368,1.9916142557651992
CBL,0.2180293501048218,0.05241090146750524,2.368972746331237
CBLIF,0.2389937106918239,0.006289308176100629,2.4549266247379453
CBLL1,0.2746331236897275,0.014675052410901468,2.561844863731656
CBLN1,0.18867924528301888,0.08385744234800839,2.2955974842767297
CBR1,0.21593291404612158,0.020964360587002098,2.406708595387841
CBR3,0.21593291404612158,0.020964360587002098,2.406708595387841
CBR4,0.2222222222222222,0.016771488469601678,2.3962264150943398
CBS,0.22012578616352202,0.03563941299790356,2.3878406708595388
CBX1,0.22641509433962265,0.008385744234800839,2.419287211740042
CBX2,0.22431865828092243,0.018867924528301886,2.408805031446541
CBX3,0.2914046121593291,0.0020964360587002098,2.641509433962264
CBX4,0.22431865828092243,0.018867924528301886,2.408805031446541
CBX5,0.2222222222222222,0.0020964360587002098,2.4360587002096437
CBX6,0.20754716981132076,0.020964360587002098,2.358490566037736
CBX7,0.20545073375262055,0.020964360587002098,2.3542976939203353
CBX8,0.22431865828092243,0.018867924528301886,2.408805031446541
CC2D1A,0.2180293501048218,0.012578616352201259,2.3836477987421385
CC2D2A,0.22012578616352202,0.020964360587002098,2.3878406708595388
CCAR1,0.21593291404612158,0.033542976939203356,2.3668763102725365
CCAR2,0.08385744234800839,0.42348008385744235,1.7085953878406708
CCDC106,0.23060796645702306,0.0,2.438155136268344
CCDC115,0.17819706498951782,0.07547169811320754,2.2452830188679247
CCDC136,0.2620545073375262,0.018867924528301886,2.5178197064989516
CCDC181,0.23060796645702306,0.027253668763102725,2.4234800838574424
CCDC40,0.22431865828092243,0.018867924528301886,2.408805031446541
CCDC59,0.23689727463312368,0.008385744234800839,2.4716981132075473
CCDC6,0.21174004192872117,0.0440251572327044,2.360587002096436
CCDC62,0.22641509433962265,0.029350104821802937,2.39832285115304
CCDC8,0.21174004192872117,0.016771488469601678,2.3857442348008386
CCDC86,0.23270440251572327,0.0041928721174004195,2.450733752620545
CCDC88A,0.2222222222222222,0.025157232704402517,2.379454926624738
CCDC88C,0.22012578616352202,0.025157232704402517,2.379454926624738
CCDC91,0.20754716981132076,0.06289308176100629,2.3354297693920336
CCIN,0.22641509433962265,0.010482180293501049,2.442348008385744
CCK,0.22431865828092243,0.0041928721174004195,2.450733752620545
CCKAR,0.21593291404612158,0.041928721174004195,2.352201257861635
CCKBR,0.22851153039832284,0.008385744234800839,2.4213836477987423
CCL1,0.20754716981132076,0.031446540880503145,2.348008385744235
CCL11,0.20754716981132076,0.031446540880503145,2.348008385744235
CCL13,0.20754716981132076,0.031446540880503145,2.348008385744235
CCL15,0.21174004192872117,0.029350104821802937,2.360587002096436
CCL16,0.21174004192872117,0.029350104821802937,2.360587002096436
CCL17,0.15932914046121593,0.14255765199161424,2.1446540880503147
CCL18,0.20964360587002095,0.029350104821802937,2.356394129979036
CCL19,0.22431865828092243,0.010482180293501049,2.4339622641509435
CCL2,0.20754716981132076,0.031446540880503145,2.348008385744235
CCL20,0.2180293501048218,0.016771488469601678,2.392033542976939
CCL21,0.22641509433962265,0.010482180293501049,2.438155136268344
CCL22,0.15932914046121593,0.14255765199161424,2.1446540880503147
CCL24,0.27882599580712786,0.0020964360587002098,2.589098532494759
CCL25,0.2138364779874214,0.010482180293501049,2.379454926624738
CCL26,0.2809224318658281,0.0,2.5953878406708597
CCL27,0.22431865828092243,0.010482180293501049,2.4339622641509435
CCL28,0.23270440251572327,0.014675052410901468,2.4633123689727463
CCL3,0.20964360587002095,0.029350104821802937,2.356394129979036
CCL4,0.20964360587002095,0.029350104821802937,2.356394129979036
CCL4L2,0.20964360587002095,0.029350104821802937,2.356394129979036
CCL7,0.20754716981132076,0.031446540880503145,2.348008385744235
CCL8,0.20754716981132076,0.031446540880503145,2.348008385744235
CCM2,0.2809224318658281,0.0041928721174004195,2.580712788259958
CCN1,0.20125786163522014,0.039832285115303984,2.3144654088050314
CCN2,0.23060796645702306,0.020964360587002098,2.39832285115304
CCNA1,0.15513626834381553,0.18448637316561844,2.088050314465409
CCNA2,0.21174004192872117,0.039832285115303984,2.350104821802935
CCNB1,0.16142557651991615,0.13626834381551362,2.153039832285115
CCNB2,0.20754716981132076,0.027253668763102725,2.3459119496855347
CCNB3,0.008385744234800839,0.7756813417190775,1.2368972746331237
CCNC,0.13626834381551362,0.21593291404612158,2.0314465408805034
CCND1,0.2641509433962264,0.0,2.538784067085954
CCND2,0.19077568134171907,0.07547169811320754,2.3060796645702304
CCND3,0.22851153039832284,0.006289308176100629,2.419287211740042
CCNDBP1,0.1928721174004193,0.039832285115303984,2.308176100628931
CCNE1,0.21593291404612158,0.006289308176100629,2.4129979035639413
CCNE2,0.3668763102725367,0.012578616352201259,2.9245283018867925
CCNF,0.24947589098532494,0.0041928721174004195,2.4675052410901466
CCNG1,0.22851153039832284,0.008385744234800839,2.4318658280922434
CCNH,0.1928721174004193,0.09014675052410902,2.2746331236897275
CCNL1,0.27253668763102723,0.006289308176100629,2.559748427672956
CCNL2,0.21174004192872117,0.014675052410901468,2.3626834381551363
CCNO,0.16981132075471697,0.11949685534591195,2.1949685534591197
CCNT1,0.2138364779874214,0.0041928721174004195,2.4129979035639413
CCNT2,0.16142557651991615,0.09224318658280922,2.20125786163522
CCNY,0.21593291404612158,0.033542976939203356,2.3668763102725365
CCP110,0.24109014675052412,0.0020964360587002098,2.452830188679245
CCR1,0.2180293501048218,0.016771488469601678,2.419287211740042
CCR10,0.20125786163522014,0.06918238993710692,2.2955974842767297
CCR3,0.2180293501048218,0.016771488469601678,2.419287211740042
CCR4,0.22431865828092243,0.0041928721174004195,2.4444444444444446
CCR5,0.2180293501048218,0.020964360587002098,2.4150943396226414
CCR6,0.20335429769392033,0.04612159329140461,2.3291404612159328
CCR7,0.20964360587002095,0.041928721174004195,2.341719077568134
CCR8,0.22012578616352202,0.0,2.442348008385744
CCR9,0.2180293501048218,0.016771488469601678,2.4213836477987423
CCRL2,0.2180293501048218,0.020964360587002098,2.4150943396226414
CCS,0.2620545073375262,0.0,2.5136268343815513
CCT2,0.2431865828092243,0.0,2.480083857442348
CCT3,0.2348008385744235,0.016771488469601678,2.459119496855346
CCT4,0.2138364779874214,0.033542976939203356,2.3647798742138364
CCT5,0.23270440251572327,0.008385744234800839,2.4863731656184487
CCT6A,0.2809224318658281,0.0041928721174004195,2.5786163522012577
CCT6B,0.20754716981132076,0.029350104821802937,2.350104821802935
CCT7,0.2138364779874214,0.020964360587002098,2.3731656184486374
CCT8,0.20754716981132076,0.025157232704402517,2.379454926624738
CCZ1,0.27882599580712786,0.010482180293501049,2.5681341719077566
CD101,0.22012578616352202,0.018867924528301886,2.406708595387841
CD109,0.18029350104821804,0.1278825995807128,2.20335429769392
CD14,0.22431865828092243,0.010482180293501049,2.4129979035639413
CD151,0.23060796645702306,0.012578616352201259,2.410901467505241
CD160,0.2389937106918239,0.0041928721174004195,2.50104821802935
CD163,0.17819706498951782,0.07966457023060797,2.2725366876310273
CD177,0.21174004192872117,0.025157232704402517,2.3731656184486374
CD180,0.1740041928721174,0.1278825995807128,2.1781970649895177
CD19,0.23270440251572327,0.008385744234800839,2.4276729559748427
CD1A,0.23270440251572327,0.03563941299790356,2.438155136268344
CD1B,0.23270440251572327,0.03563941299790356,2.438155136268344
CD1C,0.23270440251572327,0.03563941299790356,2.438155136268344
CD1D,0.23060796645702306,0.033542976939203356,2.4339622641509435
CD1E,0.23060796645702306,0.03563941299790356,2.4360587002096437
CD2,0.22012578616352202,0.016771488469601678,2.408805031446541
CD200,0.2431865828092243,0.029350104821802937,2.452830188679245
CD200R1,0.2431865828092243,0.027253668763102725,2.452830188679245
CD207,0.20964360587002095,0.025157232704402517,2.358490566037736
CD209,0.21593291404612158,0.014675052410901468,2.3773584905660377
CD22,0.22012578616352202,0.0041928721174004195,2.4171907756813416
CD226,0.15513626834381553,0.1530398322851153,2.1236897274633124
CD24,0.14675052410901468,0.21593291404612158,2.050314465408805
CD244,0.23270440251572327,0.033542976939203356,2.4360587002096437
CD247,0.22641509433962265,0.031446540880503145,2.406708595387841
CD248,0.259958071278826,0.0020964360587002098,2.5136268343815513
CD27,0.18029350104821804,0.07966457023060797,2.2767295597484276
CD274,0.20964360587002095,0.03773584905660377,2.3626834381551363
CD28,0.2180293501048218,0.014675052410901468,2.39832285115304
CD2AP,0.2222222222222222,0.014675052410901468,2.408805031446541
CD2BP2,0.23060796645702306,0.008385744234800839,2.4213836477987423
CD300A,0.22851153039832284,0.016771488469601678,2.4171907756813416
CD300E,0.23060796645702306,0.014675052410901468,2.4213836477987423
CD300LB,0.22851153039832284,0.016771488469601678,2.4171907756813416
CD300LF,0.23060796645702306,0.014675052410901468,2.4234800838574424
CD33,0.22641509433962265,0.0041928721174004195,2.429769392033543
CD34,0.22851153039832284,0.020964360587002098,2.452830188679245
CD36,0.27672955974842767,0.010482180293501049,2.59958071278826
CD38,0.21593291404612158,0.020964360587002098,2.3752620545073375
CD3D,0.21593291404612158,0.05660377358490566,2.358490566037736
CD3E,0.21593291404612158,0.05660377358490566,2.358490566037736
CD3G,0.21593291404612158,0.05660377358490566,2.358490566037736
CD4,0.18238993710691823,0.07756813417190776,2.2830188679245285
CD40,0.23270440251572327,0.010482180293501049,2.4716981132075473
CD40LG,0.010482180293501049,0.7777777777777778,1.2368972746331237
CD44,0.22851153039832284,0.025157232704402517,2.40251572327044
CD46,0.23060796645702306,0.016771488469601678,2.459119496855346
CD47,0.24109014675052412,0.018867924528301886,2.4633123689727463
CD48,0.23270440251572327,0.031446540880503145,2.438155136268344
CD5,0.23270440251572327,0.0041928721174004195,2.450733752620545
CD53,0.20754716981132076,0.033542976939203356,2.3438155136268346
CD55,0.22851153039832284,0.014675052410901468,2.452830188679245
CD58,0.2180293501048218,0.020964360587002098,2.39832285115304
CD59,0.23060796645702306,0.020964360587002098,2.410901467505241
CD6,0.23270440251572327,0.0041928721174004195,2.450733752620545
CD63,0.22641509433962265,0.006289308176100629,2.457023060796646
CD68,0.12159329140461216,0.19077568134171907,2.0167714884696015
CD69,0.16981132075471697,0.1111111111111111,2.220125786163522
CD7,0.23060796645702306,0.008385744234800839,2.448637316561845
CD70,0.2138364779874214,0.014675052410901468,2.379454926624738
CD72,0.23060796645702306,0.010482180293501049,2.448637316561845
CD74,0.2222222222222222,0.0041928721174004195,2.4171907756813416
CD79A,0.21174004192872117,0.016771488469601678,2.3857442348008386
CD79B,0.22851153039832284,0.010482180293501049,2.4255765199161425
CD80,0.24737945492662475,0.020964360587002098,2.4821802935010484
CD81,0.23060796645702306,0.014675052410901468,2.4150943396226414
CD83,0.22431865828092243,0.008385744234800839,2.4046121593291403
CD86,0.2578616352201258,0.014675052410901468,2.509433962264151
CD8A,0.22012578616352202,0.020964360587002098,2.389937106918239
CD8B,0.22012578616352202,0.020964360587002098,2.389937106918239
CD9,0.18448637316561844,0.07966457023060797,2.2830188679245285
CD93,0.22431865828092243,0.025157232704402517,2.4150943396226414
CD96,0.24109014675052412,0.029350104821802937,2.448637316561845
CD99,0.2851153039832285,0.031446540880503145,2.547169811320755
CDA,0.20964360587002095,0.025157232704402517,2.3459119496855347
CDC14A,0.20545073375262055,0.04612159329140461,2.3291404612159328
CDC14B,0.2620545073375262,0.014675052410901468,2.50104821802935
CDC16,0.1928721174004193,0.06918238993710692,2.280922431865828
CDC20,0.20545073375262055,0.014675052410901468,2.3542976939203353
CDC23,0.2222222222222222,0.016771488469601678,2.4046121593291403
CDC25A,0.2180293501048218,0.020964360587002098,2.4129979035639413
CDC25B,0.2180293501048218,0.03773584905660377,2.379454926624738
CDC25C,0.2222222222222222,0.016771488469601678,2.40251572327044
CDC26,0.259958071278826,0.0,2.507337526205451
CDC27,0.21593291404612158,0.04612159329140461,2.3542976939203353
CDC34,0.21174004192872117,0.014675052410901468,2.3647798742138364
CDC37,0.2138364779874214,0.008385744234800839,2.3815513626834384
CDC37L1,0.20964360587002095,0.039832285115303984,2.358490566037736
CDC40,0.1488469601677149,0.19916142557651992,2.0754716981132075
CDC42,0.20964360587002095,0.025157232704402517,2.3438155136268346
CDC42BPA,0.2222222222222222,0.05870020964360587,2.3836477987421385
CDC42BPB,0.22012578616352202,0.014675052410901468,2.39832285115304
CDC42EP2,0.24528301886792453,0.0020964360587002098,2.4821802935010484
CDC42EP3,0.21593291404612158,0.0440251572327044,2.358490566037736
CDC42EP5,0.23270440251572327,0.0,2.4360587002096437
CDC45,0.20125786163522014,0.031446540880503145,2.3291404612159328
CDC5L,0.22641509433962265,0.010482180293501049,2.40251572327044
CDC6,0.21174004192872117,0.03773584905660377,2.3542976939203353
CDC7,0.20545073375262055,0.04821802935010482,2.3228511530398324
CDC73,0.22851153039832284,0.025157232704402517,2.429769392033543
CDCA2,0.08176100628930817,0.39832285115303984,1.7442348008385744
CDCA5,0.2431865828092243,0.0020964360587002098,2.480083857442348
CDCA7,0.1970649895178197,0.05450733752620545,2.3039832285115303
CDCA8,0.20754716981132076,0.012578616352201259,2.358490566037736
CDCP1,0.2180293501048218,0.012578616352201259,2.4234800838574424
CDH1,0.16142557651991615,0.16981132075471697,2.119496855345912
CDH10,0.23689727463312368,0.014675052410901468,2.4947589098532497
CDH11,0.16561844863731656,0.14046121593291405,2.1719077568134173
CDH12,0.24109014675052412,0.016771488469601678,2.50314465408805
CDH13,0.13626834381551362,0.2662473794549266,1.9727463312368974
CDH15,0.13626834381551362,0.23689727463312368,1.9958071278825995
CDH17,0.36268343815513626,0.014675052410901468,2.9245283018867925
CDH18,0.2348008385744235,0.016771488469601678,2.492662473794549
CDH2,0.18029350104821804,0.09224318658280922,2.238993710691824
CDH23,0.19916142557651992,0.03773584905660377,2.3249475890985325
CDH24,0.21174004192872117,0.008385744234800839,2.392033542976939
CDH3,0.16142557651991615,0.16771488469601678,2.1215932914046123
CDH4,0.2431865828092243,0.006289308176100629,2.4633123689727463
CDH5,0.16352201257861634,0.14465408805031446,2.157232704402516
CDH6,0.22851153039832284,0.006289308176100629,2.4821802935010484
CDH7,0.15723270440251572,0.15723270440251572,2.1257861635220126
CDH8,0.16142557651991615,0.13417190775681342,2.169811320754717
CDH9,0.2348008385744235,0.012578616352201259,2.49685534591195
CDHR1,0.18448637316561844,0.09433962264150944,2.241090146750524
CDHR2,0.23060796645702306,0.0,2.4360587002096437
CDHR5,0.23060796645702306,0.012578616352201259,2.410901467505241
CDIPT,0.23270440251572327,0.010482180293501049,2.4234800838574424
CDK1,0.21593291404612158,0.04821802935010482,2.3626834381551363
CDK11A,0.21174004192872117,0.016771488469601678,2.3626834381551363
CDK11B,0.21174004192872117,0.016771488469601678,2.3626834381551363
CDK12,0.21174004192872117,0.031446540880503145,2.438155136268344
CDK13,0.2851153039832285,0.0041928721174004195,2.59748427672956
CDK14,0.28721174004192873,0.0020964360587002098,2.620545073375262
CDK2,0.22431865828092243,0.006289308176100629,2.450733752620545
CDK20,0.25366876310272535,0.010482180293501049,2.4821802935010484
CDK2AP1,0.22431865828092243,0.03563941299790356,2.3878406708595388
CDK4,0.2180293501048218,0.0020964360587002098,2.4360587002096437
CDK5,0.27044025157232704,0.012578616352201259,2.547169811320755
CDK5R1,0.20754716981132076,0.023060796645702306,2.360587002096436
CDK5R2,0.2222222222222222,0.020964360587002098,2.389937106918239
CDK5RAP2,0.25366876310272535,0.0041928721174004195,2.5052410901467503
CDK6,0.2914046121593291,0.0,2.6457023060796647
CDK7,0.16352201257861634,0.13836477987421383,2.157232704402516
CDK8,0.21174004192872117,0.023060796645702306,2.3626834381551363
CDK9,0.2641509433962264,0.0,2.538784067085954
CDKL5,0.014675052410901468,0.7651991614255765,1.2578616352201257
CDKN1A,0.2222222222222222,0.0041928721174004195,2.410901467505241
CDKN1B,0.1488469601677149,0.16142557651991615,2.1132075471698113
CDKN1C,0.22641509433962265,0.014675052410901468,2.408805031446541
CDKN2A,0.20754716981132076,0.039832285115303984,2.358490566037736
CDKN2AIP,0.2180293501048218,0.010482180293501049,2.3815513626834384
CDKN2B,0.20754716981132076,0.041928721174004195,2.356394129979036
CDKN2C,0.19916142557651992,0.041928721174004195,2.3144654088050314
CDKN2D,0.2138364779874214,0.008385744234800839,2.3815513626834384
CDKN3,0.2222222222222222,0.006289308176100629,2.406708595387841
CDO1,0.18448637316561844,0.06918238993710692,2.2872117400419287
CDON,0.2222222222222222,0.04612159329140461,2.392033542976939
CDS1,0.22431865828092243,0.008385744234800839,2.40041928721174
CDS2,0.22012578616352202,0.03563941299790356,2.379454926624738
CDSN,0.22851153039832284,0.0041928721174004195,2.4234800838574424
CDT1,0.13417190775681342,0.23689727463312368,1.9894957983193278
CDX1,0.2222222222222222,0.0041928721174004195,2.4171907756813416
CDX2,0.2138364779874214,0.029350104821802937,2.358490566037736
CDX4,0.008385744234800839,0.7819706498951782,1.228511530398323
CDYL,0.20754716981132076,0.033542976939203356,2.339622641509434
CEACAM1,0.20964360587002095,0.027253668763102725,2.368972746331237
CEACAM3,0.21174004192872117,0.016771488469601678,2.3857442348008386
CEACAM5,0.21174004192872117,0.018867924528301886,2.3836477987421385
CEACAM6,0.21174004192872117,0.018867924528301886,2.3836477987421385
CEACAM7,0.21174004192872117,0.018867924528301886,2.3836477987421385
CEACAM8,0.20964360587002095,0.027253668763102725,2.368972746331237
CEBPA,0.2222222222222222,0.006289308176100629,2.4171907756813416
CEBPB,0.2389937106918239,0.006289308176100629,2.4633123689727463
CEBPD,0.2809224318658281,0.0440251572327044,2.620545073375262
CEBPG,0.2222222222222222,0.006289308176100629,2.4171907756813416
CEBPZ,0.2138364779874214,0.039832285115303984,2.360587002096436
CECR2,0.20335429769392033,0.041928721174004195,2.3270440251572326
CELF1,0.2180293501048218,0.050314465408805034,2.3647798742138364
CELF2,0.21174004192872117,0.03563941299790356,2.3542976939203353
CELSR1,0.19916142557651992,0.04612159329140461,2.3039832285115303
CELSR2,0.20754716981132076,0.029350104821802937,2.3459119496855347
CENPA,0.22851153039832284,0.008385744234800839,2.4234800838574424
CENPB,0.2180293501048218,0.03773584905660377,2.379454926624738
CENPC,0.2222222222222222,0.016771488469601678,2.3941299790356396
CENPE,0.22431865828092243,0.012578616352201259,2.40251572327044
CENPF,0.23270440251572327,0.039832285115303984,2.4255765199161425
CENPH,0.16352201257861634,0.13626834381551362,2.157232704402516
CENPI,0.006289308176100629,0.7777777777777778,1.228511530398323
CENPK,0.1761006289308176,0.1320754716981132,2.188679245283019
CENPL,0.22012578616352202,0.020964360587002098,2.4255765199161425
CENPM,0.20545073375262055,0.029350104821802937,2.339622641509434
CENPN,0.13626834381551362,0.2620545073375262,1.9748427672955975
CENPO,0.23060796645702306,0.008385744234800839,2.4255765199161425
CENPP,0.259958071278826,0.010482180293501049,2.4947589098532497
CENPQ,0.22431865828092243,0.010482180293501049,2.410901467505241
CENPS,0.19916142557651992,0.041928721174004195,2.308176100628931
CENPT,0.16352201257861634,0.15513626834381553,2.146750524109015
CENPU,0.22012578616352202,0.012578616352201259,2.3815513626834384
CENPW,0.1949685534591195,0.06289308176100629,2.2955974842767297
CENPX,0.22641509433962265,0.008385744234800839,2.4234800838574424
CEP120,0.20125786163522014,0.03773584905660377,2.350104821802935
CEP131,0.2222222222222222,0.014675052410901468,2.410901467505241
CEP135,0.2138364779874214,0.014675052410901468,2.3857442348008386
CEP152,0.20125786163522014,0.029350104821802937,2.3291404612159328
CEP162,0.14255765199161424,0.24528301886792453,2.010482180293501
CEP164,0.21174004192872117,0.06079664570230608,2.350104821802935
CEP170,0.2431865828092243,0.018867924528301886,2.4675052410901466
CEP192,0.21593291404612158,0.050314465408805034,2.3626834381551363
CEP250,0.23270440251572327,0.012578616352201259,2.4339622641509435
CEP290,0.2431865828092243,0.006289308176100629,2.4821802935010484
CEP295,0.24528301886792453,0.018867924528301886,2.452830188679245
CEP350,0.23060796645702306,0.012578616352201259,2.448637316561845
CEP41,0.2641509433962264,0.016771488469601678,2.5262054507337526
CEP55,0.1761006289308176,0.10272536687631027,2.20125786163522
CEP57,0.2348008385744235,0.020964360587002098,2.438155136268344
CEP70,0.2746331236897275,0.008385744234800839,2.6058700209643604
CEP72,0.2348008385744235,0.006289308176100629,2.488469601677149
CEP76,0.2138364779874214,0.04821802935010482,2.358490566037736
CEP78,0.24737945492662475,0.018867924528301886,2.457023060796646
CEP89,0.2222222222222222,0.0041928721174004195,2.419287211740042
CEP97,0.24109014675052412,0.016771488469601678,2.461215932914046
CEPT1,0.20964360587002095,0.031446540880503145,2.3542976939203353
CER1,0.2138364779874214,0.027253668763102725,2.392033542976939
CERK,0.20125786163522014,0.041928721174004195,2.310272536687631
CERS2,0.2557651991614256,0.0,2.5345911949685536
CERS3,0.20964360587002095,0.010482180293501049,2.3815513626834384
CERS4,0.2138364779874214,0.008385744234800839,2.3815513626834384
CERS5,0.2138364779874214,0.0020964360587002098,2.4171907756813416
CERS6,0.1970649895178197,0.05241090146750524,2.3144654088050314
CES1,0.16352201257861634,0.1320754716981132,2.1677148846960166
CES4A,0.16352201257861634,0.1488469601677149,2.153039832285115
CETN1,0.20545073375262055,0.06079664570230608,2.3249475890985325
CETN2,0.012578616352201259,0.7840670859538784,1.2327044025157232
CETN3,0.1949685534591195,0.10482180293501048,2.2536687631027252
CETP,0.16352201257861634,0.14046121593291405,2.1635220125786163
CFAP45,0.23689727463312368,0.025157232704402517,2.452830188679245
CFAP52,0.14675052410901468,0.1069182389937107,2.1446540880503147
CFB,0.2348008385744235,0.0020964360587002098,2.4318658280922434
CFD,0.2138364779874214,0.014675052410901468,2.3668763102725365
CFH,0.2348008385744235,0.014675052410901468,2.452830188679245
CFHR1,0.2348008385744235,0.016771488469601678,2.450733752620545
CFHR2,0.2348008385744235,0.016771488469601678,2.450733752620545
CFHR3,0.2348008385744235,0.016771488469601678,2.450733752620545
CFHR4,0.2348008385744235,0.016771488469601678,2.450733752620545
CFHR5,0.23689727463312368,0.016771488469601678,2.452830188679245
CFI,0.2180293501048218,0.008385744234800839,2.3962264150943398
CFL1,0.259958071278826,0.0,2.511530398322851
CFL2,0.22431865828092243,0.006289308176100629,2.4129979035639413
CFLAR,0.2180293501048218,0.010482180293501049,2.40251572327044
CFP,0.012578616352201259,0.7756813417190775,1.2410901467505242
CFTR,0.2662473794549266,0.020964360587002098,2.538784067085954
CGA,0.129979035639413,0.26834381551362685,1.960167714884696
CGGBP1,0.23060796645702306,0.020964360587002098,2.4339622641509435
CGN,0.24947589098532494,0.0,2.5283018867924527
CGNL1,0.20335429769392033,0.03563941299790356,2.3123689727463312
CH25H,0.16561844863731656,0.16142557651991615,2.1215932914046123
CHAF1A,0.21174004192872117,0.020964360587002098,2.3647798742138364
CHAF1B,0.2180293501048218,0.023060796645702306,2.406708595387841
CHAMP1,0.1928721174004193,0.06918238993710692,2.280922431865828
CHAT,0.20964360587002095,0.0440251572327044,2.3333333333333335
CHCHD1,0.1970649895178197,0.04612159329140461,2.3207547169811322
CHCHD10,0.20754716981132076,0.025157232704402517,2.350104821802935
CHCHD2,0.2809224318658281,0.0041928721174004195,2.5786163522012577
CHCHD3,0.27044025157232704,0.010482180293501049,2.549266247379455
CHCHD4,0.2222222222222222,0.010482180293501049,2.438155136268344
CHCHD7,0.3039832285115304,0.014675052410901468,2.7274633123689727
CHD1,0.16771488469601678,0.15513626834381553,2.1153039832285114
CHD1L,0.2431865828092243,0.0041928721174004195,2.50314465408805
CHD3,0.11740041928721175,0.18029350104821804,2.0167714884696015
CHD4,0.18029350104821804,0.07966457023060797,2.2767295597484276
CHD5,0.20545073375262055,0.029350104821802937,2.3354297693920336
CHD7,0.3018867924528302,0.033542976939203356,2.689727463312369
CHD9,0.1719077568134172,0.13417190775681342,2.1781970649895177
CHDH,0.2180293501048218,0.014675052410901468,2.419287211740042
CHEK1,0.22431865828092243,0.0440251572327044,2.3962264150943398
CHEK2,0.19077568134171907,0.041928721174004195,2.3039832285115303
CHERP,0.22012578616352202,0.0041928721174004195,2.406708595387841
CHFR,0.2138364779874214,0.039832285115303984,2.3647798742138364
CHGA,0.22012578616352202,0.029350104821802937,2.3710691823899372
CHGB,0.2180293501048218,0.033542976939203356,2.3773584905660377
CHI3L1,0.24109014675052412,0.0041928721174004195,2.4863731656184487
CHIA,0.20964360587002095,0.031446540880503145,2.3542976939203353
CHID1,0.23060796645702306,0.012578616352201259,2.410901467505241
CHIT1,0.2389937106918239,0.0041928721174004195,2.4842767295597485
CHKA,0.2620545073375262,0.0,2.5283018867924527
CHKB,0.20335429769392033,0.0440251572327044,2.3207547169811322
CHL1,0.22012578616352202,0.020964360587002098,2.419287211740042
CHM,0.006289308176100629,0.7777777777777778,1.220125786163522
CHML,0.23689727463312368,0.025157232704402517,2.450733752620545
CHMP1A,0.14255765199161424,0.23060796645702306,2.010482180293501
CHMP1B,0.21174004192872117,0.05241090146750524,2.352201257861635
CHMP2A,0.2222222222222222,0.0020964360587002098,2.419287211740042
CHMP2B,0.2348008385744235,0.014675052410901468,2.450733752620545
CHMP4A,0.2180293501048218,0.008385744234800839,2.4046121593291403
CHMP4B,0.23689727463312368,0.010482180293501049,2.440251572327044
CHMP4C,0.36058700209643607,0.0020964360587002098,2.951781970649895
CHMP5,0.2222222222222222,0.014675052410901468,2.4339622641509435
CHMP6,0.2222222222222222,0.014675052410901468,2.410901467505241
CHMP7,0.08176100628930817,0.42348008385744235,1.7127882599580713
CHN1,0.20335429769392033,0.04612159329140461,2.331236897274633
CHN2,0.2893081761006289,0.0020964360587002098,2.6331236897274635
CHP1,0.1970649895178197,0.03773584905660377,2.3228511530398324
CHP2,0.23689727463312368,0.008385744234800839,2.440251572327044
CHPF,0.22012578616352202,0.023060796645702306,2.3836477987421385
CHPF2,0.27044025157232704,0.012578616352201259,2.547169811320755
CHPT1,0.2431865828092243,0.008385744234800839,2.4654088050314464
CHRAC1,0.3417190775681342,0.025157232704402517,2.7840670859538785
CHRD,0.25157232704402516,0.010482180293501049,2.490566037735849
CHRDL1,0.008385744234800839,0.7777777777777778,1.228511530398323
CHRDL2,0.25366876310272535,0.0041928721174004195,2.488469601677149
CHRM1,0.23060796645702306,0.008385744234800839,2.442348008385744
CHRM2,0.27672955974842767,0.010482180293501049,2.570230607966457
CHRM3,0.2348008385744235,0.04821802935010482,2.4255765199161425
CHRM4,0.21174004192872117,0.04821802935010482,2.358490566037736
CHRM5,0.20545073375262055,0.03773584905660377,2.339622641509434
CHRNA1,0.20335429769392033,0.04821802935010482,2.3291404612159328
CHRNA2,0.09643605870020965,0.38784067085953877,1.7840670859538783
CHRNA3,0.20545073375262055,0.010482180293501049,2.3710691823899372
CHRNA4,0.24109014675052412,0.0041928721174004195,2.459119496855346
CHRNA5,0.20545073375262055,0.010482180293501049,2.3710691823899372
CHRNA7,0.20545073375262055,0.033542976939203356,2.341719077568134
CHRNA9,0.2138364779874214,0.039832285115303984,2.358490566037736
CHRNB1,0.12368972746331237,0.18238993710691823,2.029350104821803
CHRNB2,0.259958071278826,0.0020964360587002098,2.5241090146750524
CHRNB3,0.1970649895178197,0.17819706498951782,2.230607966457023
CHRNB4,0.20545073375262055,0.010482180293501049,2.3710691823899372
CHRND,0.2180293501048218,0.023060796645702306,2.379454926624738
CHST1,0.21593291404612158,0.04821802935010482,2.3668763102725365
CHST10,0.22012578616352202,0.006289308176100629,2.408805031446541
CHST11,0.24109014675052412,0.008385744234800839,2.4633123689727463
CHST12,0.27882599580712786,0.016771488469601678,2.561844863731656
CHST13,0.27253668763102723,0.012578616352201259,2.551362683438155
CHST14,0.1949685534591195,0.0440251572327044,2.3144654088050314
CHST15,0.1949685534591195,0.041928721174004195,2.3060796645702304
CHST3,0.20125786163522014,0.03773584905660377,2.331236897274633
CHST4,0.1509433962264151,0.22641509433962265,2.050314465408805
CHST6,0.14046121593291405,0.24947589098532494,1.9979035639412999
CHST7,0.012578616352201259,0.7756813417190775,1.249475890985325
CHST8,0.22012578616352202,0.008385744234800839,2.4150943396226414
CHSY1,0.20545073375262055,0.014675052410901468,2.3752620545073375
CHSY3,0.21174004192872117,0.027253668763102725,2.3773584905660377
CHTF18,0.2389937106918239,0.012578616352201259,2.4360587002096437
CHTF8,0.15932914046121593,0.1740041928721174,2.1153039832285114
CHTOP,0.2557651991614256,0.0,2.519916142557652
CHUK,0.1928721174004193,0.08176100628930817,2.247379454926625
CIAO1,0.2222222222222222,0.006289308176100629,2.406708595387841
CIAPIN1,0.15932914046121593,0.14046121593291405,2.146750524109015
CIB1,0.21174004192872117,0.006289308176100629,2.3878406708595388
CIC,0.20754716981132076,0.031446540880503145,2.358490566037736
CIDEA,0.21174004192872117,0.050314465408805034,2.3542976939203353
CIDEB,0.22012578616352202,0.008385744234800839,2.406708595387841
CIDEC,0.20754716981132076,0.04612159329140461,2.3710691823899372
CIITA,0.24737945492662475,0.0041928721174004195,2.457023060796646
CILP,0.20545073375262055,0.014675052410901468,2.356394129979036
CINP,0.22431865828092243,0.016771488469601678,2.40041928721174
CIR1,0.19916142557651992,0.05450733752620545,2.308176100628931
CIRBP,0.21174004192872117,0.016771488469601678,2.360587002096436
CISD1,0.20964360587002095,0.04612159329140461,2.3354297693920336
CISD2,0.22431865828092243,0.016771488469601678,2.39832285115304
CISD3,0.21174004192872117,0.031446540880503145,2.358490566037736
CIT,0.24737945492662475,0.018867924528301886,2.448637316561845
CITED1,0.008385744234800839,0.7777777777777778,1.2348008385744236
CITED2,0.20964360587002095,0.023060796645702306,2.356394129979036
CITED4,0.20964360587002095,0.010482180293501049,2.3668763102725365
CKAP2,0.1278825995807128,0.2641509433962264,1.9412997903563942
CKAP2L,0.20545073375262055,0.018867924528301886,2.3626834381551363
CKAP4,0.2389937106918239,0.010482180293501049,2.452830188679245
CKAP5,0.21593291404612158,0.05241090146750524,2.360587002096436
CKB,0.22012578616352202,0.014675052410901468,2.39832285115304
CKLF,0.16352201257861634,0.14675052410901468,2.1551362683438153
CKM,0.2138364779874214,0.012578616352201259,2.392033542976939
CKMT1A,0.1970649895178197,0.03773584905660377,2.3123689727463312
CKMT1B,0.1970649895178197,0.03773584905660377,2.3123689727463312
CKMT2,0.18867924528301888,0.07547169811320754,2.2767295597484276
CKS1B,0.259958071278826,0.0041928721174004195,2.5157232704402515
CLASP1,0.18658280922431866,0.0649895178197065,2.2767295597484276
CLASP2,0.2222222222222222,0.0041928721174004195,2.440251572327044
CLCA1,0.20125786163522014,0.03773584905660377,2.3144654088050314
CLCA2,0.20125786163522014,0.03773584905660377,2.3144654088050314
CLCA4,0.20125786163522014,0.03773584905660377,2.3144654088050314
CLCF1,0.2641509433962264,0.0,2.5345911949685536
CLCN6,0.1970649895178197,0.029350104821802937,2.3207547169811322
CLCN7,0.24528301886792453,0.010482180293501049,2.448637316561845
CLDN1,0.259958071278826,0.025157232704402517,2.4821802935010484
CLDN10,0.17819706498951782,0.09643605870020965,2.2264150943396226
CLDN11,0.2893081761006289,0.0020964360587002098,2.6289308176100628
CLDN14,0.22012578616352202,0.020964360587002098,2.410901467505241
CLDN15,0.2809224318658281,0.008385744234800839,2.5953878406708597
CLDN16,0.259958071278826,0.025157232704402517,2.4821802935010484
CLDN17,0.21593291404612158,0.016771488469601678,2.40251572327044
CLDN18,0.2746331236897275,0.008385744234800839,2.610062893081761
CLDN19,0.20545073375262055,0.012578616352201259,2.356394129979036
CLDN2,0.006289308176100629,0.779874213836478,1.2243186582809225
CLDN22,0.2180293501048218,0.010482180293501049,2.3815513626834384
CLDN23,0.11949685534591195,0.3270440251572327,1.8930817610062893
CLDN3,0.2830188679245283,0.0,2.59958071278826
CLDN4,0.2830188679245283,0.0,2.59958071278826
CLDN5,0.20125786163522014,0.031446540880503145,2.3354297693920336
CLDN6,0.24947589098532494,0.0041928721174004195,2.461215932914046
CLDN7,0.12578616352201258,0.1740041928721174,2.0440251572327046
CLDN8,0.21593291404612158,0.016771488469601678,2.40251572327044
CLDN9,0.24947589098532494,0.0041928721174004195,2.461215932914046
CLEC10A,0.129979035639413,0.15932914046121593,2.0670859538784065
CLEC12A,0.16981132075471697,0.11320754716981132,2.2180293501048216
CLEC14A,0.2348008385744235,0.0020964360587002098,2.4339622641509435
CLEC1B,0.16771488469601678,0.11320754716981132,2.2138364779874213
CLEC2A,0.16981132075471697,0.11320754716981132,2.2180293501048216
CLEC2D,0.16981132075471697,0.10482180293501048,2.2264150943396226
CLEC3B,0.2180293501048218,0.012578616352201259,2.4234800838574424
CLEC4C,0.18029350104821804,0.07966457023060797,2.2746331236897275
CLEC4D,0.1719077568134172,0.09014675052410902,2.249475890985325
CLEC4E,0.1719077568134172,0.09014675052410902,2.249475890985325
CLEC4G,0.21593291404612158,0.014675052410901468,2.3773584905660377
CLEC4M,0.21593291404612158,0.012578616352201259,2.379454926624738
CLEC5A,0.27882599580712786,0.010482180293501049,2.559748427672956
CLEC6A,0.1719077568134172,0.0880503144654088,2.251572327044025
CLEC7A,0.16771488469601678,0.11949685534591195,2.207547169811321
CLGN,0.22431865828092243,0.010482180293501049,2.40251572327044
CLIC1,0.2348008385744235,0.0041928721174004195,2.429769392033543
CLIC2,0.018867924528301886,0.7693920335429769,1.2536687631027255
CLIC3,0.25366876310272535,0.0,2.5136268343815513
CLIC4,0.20964360587002095,0.025157232704402517,2.3438155136268346
CLIC5,0.22431865828092243,0.012578616352201259,2.408805031446541
CLIC6,0.2222222222222222,0.023060796645702306,2.408805031446541
CLINT1,0.23270440251572327,0.010482180293501049,2.4360587002096437
CLIP1,0.22851153039832284,0.031446540880503145,2.410901467505241
CLIP2,0.2809224318658281,0.0,2.5953878406708597
CLIP3,0.21593291404612158,0.0041928721174004195,2.4046121593291403
CLK1,0.22012578616352202,0.008385744234800839,2.406708595387841
CLK2,0.2557651991614256,0.0020964360587002098,2.540880503144654
CLK3,0.20335429769392033,0.023060796645702306,2.3542976939203353
CLK4,0.22851153039832284,0.0020964360587002098,2.438155136268344
CLN3,0.23689727463312368,0.008385744234800839,2.4318658280922434
CLN5,0.1509433962264151,0.1928721174004193,2.056603773584906
CLN6,0.20545073375262055,0.016771488469601678,2.360587002096436
CLN8,0.1320754716981132,0.2914046121593291,1.9832285115303983
CLNS1A,0.2557651991614256,0.0020964360587002098,2.49685534591195
CLOCK,0.2138364779874214,0.012578616352201259,2.3878406708595388
CLP1,0.22431865828092243,0.012578616352201259,2.419287211740042
CLPP,0.2138364779874214,0.016771488469601678,2.379454926624738
CLPS,0.2222222222222222,0.008385744234800839,2.408805031446541
CLPX,0.20545073375262055,0.014675052410901468,2.356394129979036
CLRN1,0.27672955974842767,0.008385744234800839,2.580712788259958
CLSPN,0.20335429769392033,0.012578616352201259,2.3542976939203353
CLSTN1,0.19916142557651992,0.033542976939203356,2.3228511530398324
CLTA,0.22641509433962265,0.010482180293501049,2.442348008385744
CLTB,0.23060796645702306,0.0,2.4360587002096437
CLTCL1,0.19916142557651992,0.031446540880503145,2.3291404612159328
CLU,0.09853249475890985,0.37945492662473795,1.7966457023060796
CLUAP1,0.24528301886792453,0.0041928721174004195,2.452830188679245
CLVS1,0.31446540880503143,0.020964360587002098,2.7232704402515724
CLVS2,0.18658280922431866,0.10272536687631027,2.2327044025157234
CMA1,0.2180293501048218,0.006289308176100629,2.406708595387841
CMAS,0.19077568134171907,0.08176100628930817,2.289308176100629
CMC2,0.13626834381551362,0.2620545073375262,1.9748427672955975
CMC4,0.010482180293501049,0.7819706498951782,1.2327044025157232
CMIP,0.14046121593291405,0.259958071278826,1.9811320754716981
CMKLR1,0.2431865828092243,0.010482180293501049,2.4549266247379453
CMPK1,0.20125786163522014,0.033542976939203356,2.3249475890985325
CMTM2,0.16352201257861634,0.14675052410901468,2.1551362683438153
CMTM3,0.16352201257861634,0.14675052410901468,2.1551362683438153
CMTM4,0.16352201257861634,0.14675052410901468,2.1551362683438153
CMTM5,0.21593291404612158,0.006289308176100629,2.40041928721174
CMTM6,0.2222222222222222,0.006289308176100629,2.4360587002096437
CMTM7,0.2222222222222222,0.006289308176100629,2.4360587002096437
CMTM8,0.22431865828092243,0.008385744234800839,2.4360587002096437
CMTR1,0.22431865828092243,0.0020964360587002098,2.4129979035639413
CMYA5,0.17819706498951782,0.09224318658280922,2.238993710691824
CNBP,0.2746331236897275,0.014675052410901468,2.589098532494759
CNDP1,0.1530398322851153,0.14465408805031446,2.1215932914046123
CNDP2,0.1530398322851153,0.14465408805031446,2.1215932914046123
CNEP1R1,0.1740041928721174,0.1090146750524109,2.2327044025157234
CNGA1,0.2138364779874214,0.023060796645702306,2.379454926624738
CNGB1,0.16352201257861634,0.1320754716981132,2.1740041928721174
CNGB3,0.36058700209643607,0.016771488469601678,2.8867924528301887
CNIH1,0.2222222222222222,0.006289308176100629,2.406708595387841
CNIH2,0.259958071278826,0.0020964360587002098,2.5136268343815513
CNIH3,0.22851153039832284,0.05660377358490566,2.3878406708595388
CNKSR1,0.20964360587002095,0.014675052410901468,2.356394129979036
CNKSR2,0.008385744234800839,0.7735849056603774,1.2348008385744236
CNN1,0.2138364779874214,0.014675052410901468,2.3752620545073375
CNN2,0.2138364779874214,0.014675052410901468,2.3668763102725365
CNNM1,0.1928721174004193,0.07966457023060797,2.2536687631027252
CNNM3,0.22431865828092243,0.006289308176100629,2.408805031446541
CNNM4,0.22431865828092243,0.006289308176100629,2.408805031446541
CNOT1,0.15723270440251572,0.13417190775681342,2.1635220125786163
CNOT10,0.2222222222222222,0.0041928721174004195,2.440251572327044
CNOT11,0.22012578616352202,0.006289308176100629,2.406708595387841
CNOT2,0.2431865828092243,0.0,2.480083857442348
CNOT3,0.23270440251572327,0.0,2.438155136268344
CNOT4,0.27882599580712786,0.012578616352201259,2.5681341719077566
CNOT6,0.22851153039832284,0.0041928721174004195,2.438155136268344
CNOT6L,0.23060796645702306,0.008385744234800839,2.4234800838574424
CNOT7,0.1069182389937107,0.3584905660377358,1.8406708595387842
CNOT8,0.23270440251572327,0.006289308176100629,2.4318658280922434
CNOT9,0.22431865828092243,0.016771488469601678,2.3962264150943398
CNPY3,0.22641509433962265,0.008385744234800839,2.4150943396226414
CNR1,0.13417190775681342,0.2620545073375262,1.9832285115303983
CNR2,0.20335429769392033,0.031446540880503145,2.331236897274633
CNTF,0.23060796645702306,0.008385744234800839,2.4318658280922434
CNTFR,0.22431865828092243,0.010482180293501049,2.438155136268344
CNTLN,0.2138364779874214,0.031446540880503145,2.3836477987421385
CNTN1,0.22012578616352202,0.008385744234800839,2.408805031446541
CNTN2,0.24737945492662475,0.0020964360587002098,2.490566037735849
CNTN3,0.2180293501048218,0.04821802935010482,2.3878406708595388
CNTN4,0.22641509433962265,0.027253668763102725,2.4276729559748427
CNTN5,0.24109014675052412,0.033542976939203356,2.4276729559748427
CNTNAP1,0.20125786163522014,0.06918238993710692,2.2955974842767297
CNTNAP2,0.27253668763102723,0.010482180293501049,2.561844863731656
CNTRL,0.25366876310272535,0.006289308176100629,2.5283018867924527
COA5,0.22431865828092243,0.006289308176100629,2.410901467505241
COA6,0.23060796645702306,0.07547169811320754,2.3773584905660377
COG1,0.22641509433962265,0.018867924528301886,2.4150943396226414
COG2,0.22641509433962265,0.06079664570230608,2.379454926624738
COG3,0.1111111111111111,0.3018867924528302,1.8742138364779874
COG4,0.16142557651991615,0.20125786163522014,2.092243186582809
COG5,0.2746331236897275,0.014675052410901468,2.5660377358490565
COG6,0.129979035639413,0.2557651991614256,1.9538784067085955
COG7,0.2348008385744235,0.0041928721174004195,2.442348008385744
COG8,0.15932914046121593,0.1740041928721174,2.1153039832285114
COIL,0.22851153039832284,0.018867924528301886,2.4171907756813416
COL10A1,0.16352201257861634,0.1740041928721174,2.1132075471698113
COL11A1,0.20335429769392033,0.029350104821802937,2.3354297693920336
COL12A1,0.18029350104821804,0.129979035639413,2.20335429769392
COL13A1,0.2138364779874214,0.03773584905660377,2.3542976939203353
COL14A1,0.36477987421383645,0.006289308176100629,2.888888888888889
COL16A1,0.22012578616352202,0.012578616352201259,2.3731656184486374
COL18A1,0.21593291404612158,0.03563941299790356,2.3857442348008386
COL1A1,0.22431865828092243,0.006289308176100629,2.4213836477987423
COL1A2,0.2893081761006289,0.0020964360587002098,2.643605870020964
COL20A1,0.24109014675052412,0.0041928721174004195,2.459119496855346
COL23A1,0.22851153039832284,0.0020964360587002098,2.438155136268344
COL25A1,0.22012578616352202,0.008385744234800839,2.40041928721174
COL26A1,0.27882599580712786,0.012578616352201259,2.593291404612159
COL2A1,0.21174004192872117,0.012578616352201259,2.3941299790356396
COL3A1,0.2138364779874214,0.018867924528301886,2.3878406708595388
COL4A1,0.20125786163522014,0.06289308176100629,2.3039832285115303
COL4A2,0.20125786163522014,0.06289308176100629,2.3039832285115303
COL4A3,0.2180293501048218,0.018867924528301886,2.3878406708595388
COL4A4,0.2180293501048218,0.020964360587002098,2.3836477987421385
COL4A5,0.006289308176100629,0.779874213836478,1.2243186582809225
COL4A6,0.006289308176100629,0.779874213836478,1.2243186582809225
COL5A1,0.2578616352201258,0.0020964360587002098,2.530398322851153
COL5A2,0.2138364779874214,0.018867924528301886,2.3878406708595388
COL5A3,0.21593291404612158,0.006289308176100629,2.3857442348008386
COL6A1,0.21593291404612158,0.03563941299790356,2.3857442348008386
COL6A2,0.21593291404612158,0.03563941299790356,2.3857442348008386
COL6A3,0.21174004192872117,0.023060796645702306,2.3668763102725365
COL7A1,0.22012578616352202,0.020964360587002098,2.4150943396226414
COL8A1,0.24109014675052412,0.014675052410901468,2.461215932914046
COL8A2,0.20335429769392033,0.012578616352201259,2.3542976939203353
COL9A1,0.18658280922431866,0.1090146750524109,2.2348008385744236
COL9A2,0.21174004192872117,0.010482180293501049,2.3710691823899372
COLEC10,0.3710691823899371,0.0020964360587002098,2.920335429769392
COLEC11,0.2348008385744235,0.0020964360587002098,2.4339622641509435
COLEC12,0.20545073375262055,0.06079664570230608,2.3249475890985325
COLGALT1,0.22012578616352202,0.0,2.4150943396226414
COLGALT2,0.23270440251572327,0.016771488469601678,2.4444444444444446
COLQ,0.22012578616352202,0.012578616352201259,2.4318658280922434
COMMD1,0.21593291404612158,0.031446540880503145,2.3731656184486374
COMMD4,0.20545073375262055,0.020964360587002098,2.358490566037736
COMMD5,0.33752620545073375,0.025157232704402517,2.7651991614255764
COMMD6,0.14465408805031446,0.20125786163522014,2.039832285115304
COMP,0.2180293501048218,0.0020964360587002098,2.410901467505241
COMT,0.20545073375262055,0.029350104821802937,2.339622641509434
COPA,0.23060796645702306,0.029350104821802937,2.438155136268344
COPB1,0.22641509433962265,0.0041928721174004195,2.419287211740042
COPB2,0.27672955974842767,0.010482180293501049,2.610062893081761
COPE,0.2180293501048218,0.0020964360587002098,2.410901467505241
COPG1,0.2746331236897275,0.014675052410901468,2.5870020964360587
COPG2,0.2641509433962264,0.016771488469601678,2.5262054507337526
COPRS,0.20754716981132076,0.031446540880503145,2.352201257861635
COPS2,0.20125786163522014,0.027253668763102725,2.3333333333333335
COPS3,0.18658280922431866,0.05450733752620545,2.2788259958071277
COPS4,0.22012578616352202,0.008385744234800839,2.39832285115304
COPS5,0.34591194968553457,0.010482180293501049,2.8867924528301887
COPS6,0.2851153039832285,0.008385744234800839,2.6121593291404612
COPS7A,0.18029350104821804,0.07966457023060797,2.2767295597484276
COPS7B,0.2180293501048218,0.020964360587002098,2.3836477987421385
COPS8,0.21174004192872117,0.023060796645702306,2.3668763102725365
COPZ1,0.2222222222222222,0.0020964360587002098,2.4360587002096437
COPZ2,0.22641509433962265,0.008385744234800839,2.419287211740042
COQ2,0.22012578616352202,0.006289308176100629,2.40251572327044
COQ3,0.13417190775681342,0.2180293501048218,2.0272536687631026
COQ4,0.259958071278826,0.0,2.5345911949685536
COQ5,0.23689727463312368,0.027253668763102725,2.419287211740042
COQ6,0.2138364779874214,0.025157232704402517,2.3668763102725365
COQ7,0.2431865828092243,0.0,2.457023060796646
COQ8B,0.21174004192872117,0.014675052410901468,2.3878406708595388
COQ9,0.15932914046121593,0.14046121593291405,2.146750524109015
CORIN,0.2138364779874214,0.020964360587002098,2.379454926624738
CORO1A,0.23060796645702306,0.008385744234800839,2.4213836477987423
CORO1B,0.2641509433962264,0.0,2.5345911949685536
CORO1C,0.2389937106918239,0.010482180293501049,2.448637316561845
CORT,0.20125786163522014,0.041928721174004195,2.310272536687631
COX10,0.16142557651991615,0.07756813417190776,2.211740041928721
COX11,0.2222222222222222,0.012578616352201259,2.419287211740042
COX14,0.2138364779874214,0.0020964360587002098,2.4171907756813416
COX15,0.19077568134171907,0.07966457023060797,2.243186582809224
COX16,0.21174004192872117,0.020964360587002098,2.368972746331237
COX17,0.24737945492662475,0.020964360587002098,2.4758909853249476
COX18,0.2348008385744235,0.0041928721174004195,2.4675052410901466
COX19,0.27253668763102723,0.016771488469601678,2.551362683438155
COX20,0.23689727463312368,0.018867924528301886,2.4549266247379453
COX4I1,0.1278825995807128,0.27672955974842767,1.9392033542976939
COX4I2,0.2348008385744235,0.006289308176100629,2.452830188679245
COX5A,0.20545073375262055,0.020964360587002098,2.358490566037736
COX5B,0.22641509433962265,0.006289308176100629,2.4129979035639413
COX6A1,0.24109014675052412,0.025157232704402517,2.429769392033543
COX6A2,0.22851153039832284,0.010482180293501049,2.4171907756813416
COX6B2,0.23060796645702306,0.0,2.4360587002096437
COX6C,0.3689727463312369,0.0020964360587002098,2.939203354297694
COX7A2,0.18029350104821804,0.129979035639413,2.20335429769392
COX7A2L,0.2138364779874214,0.041928721174004195,2.352201257861635
COX7C,0.1949685534591195,0.0859538784067086,2.2788259958071277
COX8A,0.2389937106918239,0.0041928721174004195,2.4716981132075473
CP,0.2746331236897275,0.012578616352201259,2.570230607966457
CPA1,0.2641509433962264,0.016771488469601678,2.5262054507337526
CPA2,0.2641509433962264,0.016771488469601678,2.5262054507337526
CPB2,0.1069182389937107,0.3081761006289308,1.8616352201257862
CPD,0.20964360587002095,0.023060796645702306,2.368972746331237
CPE,0.23060796645702306,0.014675052410901468,2.40251572327044
CPEB1,0.20964360587002095,0.010482180293501049,2.3815513626834384
CPLX1,0.2222222222222222,0.014675052410901468,2.3836477987421385
CPLX2,0.23060796645702306,0.0020964360587002098,2.4339622641509435
CPLX3,0.20335429769392033,0.023060796645702306,2.3542976939203353
CPLX4,0.16142557651991615,0.1509433962264151,2.150943396226415
CPM,0.2431865828092243,0.0020964360587002098,2.4716981132075473
CPN1,0.1928721174004193,0.07966457023060797,2.247379454926625
CPN2,0.24109014675052412,0.025157232704402517,2.440251572327044
CPNE3,0.36268343815513626,0.014675052410901468,2.8951781970649897
CPS1,0.21593291404612158,0.012578616352201259,2.3941299790356396
CPSF1,0.33752620545073375,0.025157232704402517,2.7714884696016773
CPSF2,0.2180293501048218,0.033542976939203356,2.3668763102725365
CPSF3,0.22851153039832284,0.0,2.4276729559748427
CPSF4,0.2893081761006289,0.008385744234800839,2.6268343815513626
CPSF6,0.24528301886792453,0.0020964360587002098,2.4758909853249476
CPSF7,0.23270440251572327,0.0041928721174004195,2.452830188679245
CPT1A,0.2620545073375262,0.0041928721174004195,2.5241090146750524
CPT2,0.20754716981132076,0.04612159329140461,2.3249475890985325
CR1,0.22851153039832284,0.016771488469601678,2.4549266247379453
CR2,0.22851153039832284,0.016771488469601678,2.4549266247379453
CRABP1,0.20545073375262055,0.010482180293501049,2.3710691823899372
CRABP2,0.23270440251572327,0.018867924528301886,2.452830188679245
CRACR2A,0.1928721174004193,0.07547169811320754,2.308176100628931
CRADD,0.24737945492662475,0.0,2.50104821802935
CRAMP1,0.24947589098532494,0.008385744234800839,2.459119496855346
CRAT,0.2578616352201258,0.0020964360587002098,2.507337526205451
CRB1,0.24109014675052412,0.012578616352201259,2.461215932914046
CRB3,0.2138364779874214,0.014675052410901468,2.3773584905660377
CRBN,0.22851153039832284,0.027253668763102725,2.429769392033543
CRCP,0.2809224318658281,0.0,2.59748427672956
CREB1,0.22431865828092243,0.010482180293501049,2.408805031446541
CREB3,0.23060796645702306,0.010482180293501049,2.448637316561845
CREB3L1,0.21174004192872117,0.04821802935010482,2.358490566037736
CREB3L2,0.27672955974842767,0.010482180293501049,2.5639412997903563
CREB3L3,0.20964360587002095,0.018867924528301886,2.3647798742138364
CREB3L4,0.2578616352201258,0.0,2.5241090146750524
CREB5,0.2914046121593291,0.0020964360587002098,2.6373165618448637
CREBBP,0.2431865828092243,0.0041928721174004195,2.448637316561845
CREBZF,0.24737945492662475,0.008385744234800839,2.4654088050314464
CREG1,0.22641509433962265,0.031446540880503145,2.4046121593291403
CRELD2,0.20545073375262055,0.039832285115303984,2.3291404612159328
CREM,0.21593291404612158,0.033542976939203356,2.3668763102725365
CRH,0.3438155136268344,0.012578616352201259,2.880503144654088
CRHBP,0.1761006289308176,0.10062893081761007,2.2222222222222223
CRHR1,0.1970649895178197,0.08385744234800839,2.280922431865828
CRHR2,0.29350104821802936,0.0020964360587002098,2.647798742138365
CRIP1,0.2180293501048218,0.014675052410901468,2.39832285115304
CRISP2,0.2222222222222222,0.010482180293501049,2.406708595387841
CRISP3,0.2222222222222222,0.010482180293501049,2.406708595387841
CRK,0.16352201257861634,0.07756813417190776,2.209643605870021
CRKL,0.20964360587002095,0.025157232704402517,2.350104821802935
CRLF1,0.2180293501048218,0.0020964360587002098,2.410901467505241
CRLF2,0.27672955974842767,0.033542976939203356,2.50104821802935
CRLS1,0.2180293501048218,0.031446540880503145,2.379454926624738
CRMP1,0.2180293501048218,0.018867924528301886,2.3878406708595388
CRNKL1,0.2138364779874214,0.025157232704402517,2.392033542976939
CRNN,0.24737945492662475,0.006289308176100629,2.511530398322851
CROT,0.2851153039832285,0.0020964360587002098,2.620545073375262
CRP,0.23689727463312368,0.027253668763102725,2.448637316561845
CRTAM,0.2180293501048218,0.04612159329140461,2.3731656184486374
CRTAP,0.22431865828092243,0.0020964360587002098,2.4465408805031448
CRTC1,0.2180293501048218,0.0020964360587002098,2.410901467505241
CRTC2,0.2578616352201258,0.0,2.5241090146750524
CRTC3,0.21174004192872117,0.006289308176100629,2.3878406708595388
CRX,0.2138364779874214,0.027253668763102725,2.3815513626834384
CRY1,0.24528301886792453,0.010482180293501049,2.4675052410901466
CRY2,0.21593291404612158,0.04821802935010482,2.3668763102725365
CRYAA,0.22012578616352202,0.03773584905660377,2.3857442348008386
CRYAB,0.2138364779874214,0.05870020964360587,2.358490566037736
CRYBA1,0.2138364779874214,0.018867924528301886,2.3710691823899372
CRYGC,0.2222222222222222,0.010482180293501049,2.40251572327044
CRYL1,0.21593291404612158,0.039832285115303984,2.3647798742138364
CRYM,0.2348008385744235,0.008385744234800839,2.438155136268344
CRYZ,0.1928721174004193,0.03563941299790356,2.308176100628931
CS,0.2222222222222222,0.0041928721174004195,2.440251572327044
CSAD,0.22851153039832284,0.0020964360587002098,2.442348008385744
CSDE1,0.2138364779874214,0.031446540880503145,2.3668763102725365
CSE1L,0.2348008385744235,0.006289308176100629,2.448637316561845
CSF1,0.20754716981132076,0.033542976939203356,2.3438155136268346
CSF1R,0.2222222222222222,0.0041928721174004195,2.4171907756813416
CSF2,0.2180293501048218,0.025157232704402517,2.3857442348008386
CSF2RB,0.21593291404612158,0.025157232704402517,2.3647798742138364
CSF3,0.20964360587002095,0.039832285115303984,2.350104821802935
CSF3R,0.20754716981132076,0.014675052410901468,2.358490566037736
CSGALNACT1,0.09224318658280922,0.39832285115303984,1.750524109014675
CSGALNACT2,0.2138364779874214,0.039832285115303984,2.350104821802935
CSH1,0.22851153039832284,0.010482180293501049,2.4255765199161425
CSK,0.20335429769392033,0.023060796645702306,2.3542976939203353
CSN1S1,0.21593291404612158,0.014675052410901468,2.389937106918239
CSN2,0.21593291404612158,0.014675052410901468,2.389937106918239
CSN3,0.2222222222222222,0.014675052410901468,2.3962264150943398
CSNK1A1,0.22431865828092243,0.0041928721174004195,2.4213836477987423
CSNK1A1L,0.1509433962264151,0.20125786163522014,2.056603773584906
CSNK1D,0.23060796645702306,0.008385744234800839,2.448637316561845
CSNK1E,0.21174004192872117,0.018867924528301886,2.3647798742138364
CSNK1G1,0.20335429769392033,0.012578616352201259,2.360587002096436
CSNK1G2,0.21174004192872117,0.029350104821802937,2.348008385744235
CSNK1G3,0.20125786163522014,0.03563941299790356,2.352201257861635
CSNK2A1,0.2180293501048218,0.033542976939203356,2.3878406708595388
CSNK2A2,0.16352201257861634,0.1320754716981132,2.1740041928721174
CSNK2B,0.23270440251572327,0.0041928721174004195,2.4276729559748427
CSPG4,0.20545073375262055,0.016771488469601678,2.360587002096436
CSPG5,0.21593291404612158,0.025157232704402517,2.408805031446541
CSPP1,0.34591194968553457,0.010482180293501049,2.890985324947589
CSRP1,0.2348008385744235,0.008385744234800839,2.4654088050314464
CSRP3,0.23270440251572327,0.0041928721174004195,2.4255765199161425
CST1,0.22431865828092243,0.023060796645702306,2.4171907756813416
CST3,0.22431865828092243,0.023060796645702306,2.4171907756813416
CST4,0.22431865828092243,0.023060796645702306,2.4171907756813416
CST6,0.259958071278826,0.0,2.5136268343815513
CSTA,0.2578616352201258,0.012578616352201259,2.511530398322851
CSTB,0.22012578616352202,0.03563941299790356,2.3878406708595388
CSTF1,0.23689727463312368,0.008385744234800839,2.461215932914046
CSTF2,0.006289308176100629,0.7777777777777778,1.228511530398323
CSTF2T,0.20754716981132076,0.039832285115303984,2.3354297693920336
CSTF3,0.22851153039832284,0.023060796645702306,2.406708595387841
CTAG1A,0.010482180293501049,0.7819706498951782,1.2327044025157232
CTAG1B,0.010482180293501049,0.7819706498951782,1.2327044025157232
CTBP1,0.22641509433962265,0.014675052410901468,2.408805031446541
CTBP2,0.19916142557651992,0.04612159329140461,2.3060796645702304
CTBS,0.1970649895178197,0.04612159329140461,2.30188679245283
CTCF,0.16352201257861634,0.1530398322851153,2.148846960167715
CTDNEP1,0.12578616352201258,0.1719077568134172,2.046218487394958
CTDP1,0.15932914046121593,0.1509433962264151,2.1257861635220126
CTDSP1,0.22431865828092243,0.012578616352201259,2.4046121593291403
CTDSP2,0.2180293501048218,0.0020964360587002098,2.4360587002096437
CTF1,0.23060796645702306,0.010482180293501049,2.4213836477987423
CTH,0.20125786163522014,0.03773584905660377,2.3123689727463312
CTIF,0.16771488469601678,0.11740041928721175,2.192872117400419
CTNNA1,0.2222222222222222,0.018867924528301886,2.40251572327044
CTNNA2,0.2222222222222222,0.018867924528301886,2.4046121593291403
CTNNA3,0.21593291404612158,0.03773584905660377,2.3626834381551363
CTNNB1,0.22431865828092243,0.0020964360587002098,2.450733752620545
CTNNBIP1,0.19916142557651992,0.033542976939203356,2.3228511530398324
CTNNBL1,0.22641509433962265,0.016771488469601678,2.4234800838574424
CTNND1,0.22431865828092243,0.012578616352201259,2.419287211740042
CTNND2,0.22641509433962265,0.008385744234800839,2.4842767295597485
CTPS2,0.014675052410901468,0.7610062893081762,1.2620545073375262
CTR9,0.22641509433962265,0.006289308176100629,2.4171907756813416
CTRB1,0.14465408805031446,0.24947589098532494,2.010482180293501
CTRB2,0.14465408805031446,0.24947589098532494,2.010482180293501
CTRL,0.16352201257861634,0.15513626834381553,2.1446540880503147
CTSA,0.23270440251572327,0.008385744234800839,2.4737945492662474
CTSB,0.11320754716981132,0.33542976939203356,1.8658280922431867
CTSC,0.24737945492662475,0.014675052410901468,2.469601677148847
CTSD,0.23060796645702306,0.014675052410901468,2.4129979035639413
CTSE,0.24109014675052412,0.016771488469601678,2.4716981132075473
CTSF,0.2620545073375262,0.0,2.509433962264151
CTSG,0.2180293501048218,0.006289308176100629,2.406708595387841
CTSH,0.20754716981132076,0.010482180293501049,2.3731656184486374
CTSK,0.2557651991614256,0.0,2.5345911949685536
CTSL,0.25366876310272535,0.010482180293501049,2.4821802935010484
CTSO,0.21593291404612158,0.012578616352201259,2.3836477987421385
CTSS,0.2557651991614256,0.0,2.5345911949685536
CTSV,0.2620545073375262,0.012578616352201259,2.50314465408805
CTSZ,0.2389937106918239,0.0041928721174004195,2.461215932914046
CTTN,0.2578616352201258,0.0041928721174004195,2.5157232704402515
CTTNBP2,0.2662473794549266,0.018867924528301886,2.542976939203354
CTTNBP2NL,0.20964360587002095,0.031446540880503145,2.356394129979036
CTU1,0.22431865828092243,0.008385744234800839,2.4234800838574424
CTU2,0.13417190775681342,0.24737945492662475,1.979035639412998
CUBN,0.21593291404612158,0.03563941299790356,2.3647798742138364
CUEDC2,0.19077568134171907,0.06918238993710692,2.2557651991614254
CUL1,0.26834381551362685,0.008385744234800839,2.549266247379455
CUL2,0.21593291404612158,0.03773584905660377,2.3626834381551363
CUL3,0.2180293501048218,0.018867924528301886,2.3857442348008386
CUL4A,0.1928721174004193,0.07547169811320754,2.2746331236897275
CUL4B,0.008385744234800839,0.779874213836478,1.228511530398323
CUL5,0.22641509433962265,0.05450733752620545,2.3878406708595388
CUL9,0.22851153039832284,0.008385744234800839,2.419287211740042
CUX1,0.2746331236897275,0.018867924528301886,2.5786163522012577
CWC15,0.24109014675052412,0.020964360587002098,2.450733752620545
CWC22,0.20335429769392033,0.0440251572327044,2.339622641509434
CWC27,0.18029350104821804,0.1278825995807128,2.19916142557652
CX3CL1,0.15932914046121593,0.14255765199161424,2.1446540880503147
CX3CR1,0.22012578616352202,0.0,2.442348008385744
CXADR,0.2180293501048218,0.031446540880503145,2.3941299790356396
CXCL1,0.23060796645702306,0.008385744234800839,2.4318658280922434
CXCL10,0.22851153039832284,0.0041928721174004195,2.4276729559748427
CXCL11,0.22851153039832284,0.0041928721174004195,2.4276729559748427
CXCL12,0.20335429769392033,0.039832285115303984,2.3354297693920336
CXCL13,0.23060796645702306,0.008385744234800839,2.4234800838574424
CXCL14,0.22012578616352202,0.020964360587002098,2.40041928721174
CXCL16,0.15723270440251572,0.09014675052410902,2.1823899371069184
CXCL2,0.22851153039832284,0.008385744234800839,2.4276729559748427
CXCL3,0.23060796645702306,0.008385744234800839,2.438155136268344
CXCL5,0.23060796645702306,0.008385744234800839,2.438155136268344
CXCL6,0.23060796645702306,0.008385744234800839,2.4318658280922434
CXCL8,0.23060796645702306,0.008385744234800839,2.4339622641509435
CXCL9,0.22851153039832284,0.0041928721174004195,2.4276729559748427
CXCR1,0.22431865828092243,0.012578616352201259,2.4046121593291403
CXCR2,0.22431865828092243,0.012578616352201259,2.4046121593291403
CXCR3,0.008385744234800839,0.779874213836478,1.2327044025157232
CXCR4,0.16142557651991615,0.09014675052410902,2.209643605870021
CXCR5,0.21593291404612158,0.05450733752620545,2.360587002096436
CXCR6,0.2180293501048218,0.016771488469601678,2.4213836477987423
CXXC1,0.16771488469601678,0.12368972746331237,2.1865828092243187
CXXC5,0.22641509433962265,0.016771488469601678,2.408805031446541
CYB5A,0.1509433962264151,0.14465408805031446,2.119496855345912
CYB5B,0.15932914046121593,0.18029350104821804,2.109014675052411
CYB5R1,0.24109014675052412,0.0041928721174004195,2.4863731656184487
CYB5R2,0.23060796645702306,0.012578616352201259,2.4171907756813416
CYB5R3,0.20754716981132076,0.031446540880503145,2.339622641509434
CYBA,0.1320754716981132,0.25157232704402516,1.9727463312368974
CYBB,0.012578616352201259,0.7672955974842768,1.2557651991614256
CYBRD1,0.1970649895178197,0.04821802935010482,2.3228511530398324
CYC1,0.33752620545073375,0.023060796645702306,2.7777777777777777
CYCS,0.2914046121593291,0.0020964360587002098,2.6457023060796647
CYFIP1,0.2222222222222222,0.010482180293501049,2.4255765199161425
CYGB,0.23270440251572327,0.020964360587002098,2.4213836477987423
CYLC1,0.006289308176100629,0.7819706498951782,1.2222222222222223
CYLC2,0.2578616352201258,0.006289308176100629,2.5241090146750524
CYLD,0.16981132075471697,0.12159329140461216,2.192872117400419
CYP11A1,0.20125786163522014,0.023060796645702306,2.352201257861635
CYP11B1,0.33962264150943394,0.020964360587002098,2.7756813417190775
CYP11B2,0.33962264150943394,0.020964360587002098,2.7756813417190775
CYP17A1,0.19077568134171907,0.07337526205450734,2.251572327044025
CYP19A1,0.20335429769392033,0.025157232704402517,2.339622641509434
CYP1A1,0.20335429769392033,0.023060796645702306,2.3542976939203353
CYP1A2,0.20335429769392033,0.023060796645702306,2.3542976939203353
CYP1B1,0.21593291404612158,0.0440251572327044,2.356394129979036
CYP24A1,0.2431865828092243,0.008385744234800839,2.4633123689727463
CYP26A1,0.17819706498951782,0.10062893081761007,2.211740041928721
CYP27A1,0.2222222222222222,0.020964360587002098,2.389937106918239
CYP2A13,0.21174004192872117,0.018867924528301886,2.3836477987421385
CYP2A6,0.21174004192872117,0.016771488469601678,2.3857442348008386
CYP2A7,0.21174004192872117,0.016771488469601678,2.3857442348008386
CYP2B6,0.21174004192872117,0.018867924528301886,2.3836477987421385
CYP2C18,0.17819706498951782,0.08176100628930817,2.2285115303983227
CYP2C19,0.17819706498951782,0.0859538784067086,2.2243186582809225
CYP2C8,0.18029350104821804,0.0859538784067086,2.2264150943396226
CYP2C9,0.18029350104821804,0.0859538784067086,2.2264150943396226
CYP2E1,0.1970649895178197,0.05870020964360587,2.2872117400419287
CYP2J2,0.20545073375262055,0.0440251572327044,2.3228511530398324
CYP2S1,0.21174004192872117,0.018867924528301886,2.3836477987421385
CYP3A4,0.2851153039832285,0.010482180293501049,2.6121593291404612
CYP3A5,0.2893081761006289,0.006289308176100629,2.6289308176100628
CYP4A11,0.20335429769392033,0.027253668763102725,2.3354297693920336
CYP4A22,0.20125786163522014,0.031446540880503145,2.3291404612159328
CYP4F2,0.22012578616352202,0.0041928721174004195,2.406708595387841
CYP4F22,0.22012578616352202,0.0020964360587002098,2.410901467505241
CYP4F8,0.22012578616352202,0.0020964360587002098,2.410901467505241
CYP51A1,0.2914046121593291,0.0,2.649895178197065
CYP7B1,0.33962264150943394,0.014675052410901468,2.842767295597484
CYP8B1,0.2222222222222222,0.0041928721174004195,2.4465408805031448
CYREN,0.27882599580712786,0.014675052410901468,2.5681341719077566
CYTH2,0.21174004192872117,0.018867924528301886,2.392033542976939
CYTH3,0.27882599580712786,0.010482180293501049,2.5681341719077566
CYTH4,0.2138364779874214,0.020964360587002098,2.3647798742138364
D2HGDH,0.21174004192872117,0.020964360587002098,2.3626834381551363
DAAM1,0.22012578616352202,0.018867924528301886,2.3857442348008386
DAB2,0.23060796645702306,0.014675052410901468,2.4675052410901466
DAB2IP,0.2557651991614256,0.006289308176100629,2.509433962264151
DACH1,0.13836477987421383,0.22431865828092243,2.0
DACT1,0.22012578616352202,0.010482180293501049,2.3962264150943398
DAD1,0.21174004192872117,0.010482180293501049,2.389937106918239
DAO,0.24109014675052412,0.010482180293501049,2.452830188679245
DAOA,0.1928721174004193,0.08385744234800839,2.2641509433962264
DAP3,0.24109014675052412,0.010482180293501049,2.4758909853249476
DAPK1,0.25366876310272535,0.010482180293501049,2.4821802935010484
DAPK2,0.20335429769392033,0.014675052410901468,2.358490566037736
DAPK3,0.20964360587002095,0.018867924528301886,2.3647798742138364
DAPP1,0.2222222222222222,0.014675052410901468,2.39832285115304
DAXX,0.22641509433962265,0.0020964360587002098,2.419287211740042
DAZAP1,0.2138364779874214,0.020964360587002098,2.358490566037736
DAZL,0.2180293501048218,0.012578616352201259,2.4276729559748427
DBF4,0.2830188679245283,0.0020964360587002098,2.6184486373165616
DBF4B,0.19077568134171907,0.11320754716981132,2.241090146750524
DBH,0.2578616352201258,0.0020964360587002098,2.5052410901467503
DBN1,0.22851153039832284,0.0,2.442348008385744
DBNL,0.2809224318658281,0.006289308176100629,2.5870020964360587
DBP,0.20964360587002095,0.014675052410901468,2.392033542976939
DBR1,0.2746331236897275,0.008385744234800839,2.607966457023061
DBT,0.20335429769392033,0.04821802935010482,2.3186582809224316
DCAF1,0.2222222222222222,0.016771488469601678,2.4255765199161425
DCAF10,0.22851153039832284,0.010482180293501049,2.452830188679245
DCAF11,0.2180293501048218,0.006289308176100629,2.406708595387841
DCAF12,0.2222222222222222,0.016771488469601678,2.429769392033543
DCAF13,0.3689727463312369,0.0041928721174004195,2.9266247379454926
DCAF16,0.2180293501048218,0.023060796645702306,2.3752620545073375
DCAF17,0.19916142557651992,0.04821802935010482,2.3249475890985325
DCAF4,0.2138364779874214,0.023060796645702306,2.3731656184486374
DCAF5,0.20964360587002095,0.020964360587002098,2.368972746331237
DCAF6,0.23060796645702306,0.023060796645702306,2.419287211740042
DCAF7,0.23060796645702306,0.010482180293501049,2.4276729559748427
DCAF8,0.23270440251572327,0.027253668763102725,2.442348008385744
DCC,0.16981132075471697,0.12368972746331237,2.1865828092243187
DCK,0.23270440251572327,0.010482180293501049,2.4213836477987423
DCLRE1A,0.20125786163522014,0.041928721174004195,2.310272536687631
DCLRE1C,0.2138364779874214,0.039832285115303984,2.360587002096436
DCN,0.24947589098532494,0.0,2.4947589098532497
DCP1A,0.2180293501048218,0.016771488469601678,2.4171907756813416
DCP1B,0.1949685534591195,0.07337526205450734,2.3144654088050314
DCP2,0.1928721174004193,0.07337526205450734,2.289308176100629
DCPS,0.2222222222222222,0.0440251572327044,2.3941299790356396
DCT,0.1740041928721174,0.1090146750524109,2.2180293501048216
DCTD,0.2180293501048218,0.014675052410901468,2.3773584905660377
DCTN1,0.21174004192872117,0.023060796645702306,2.3668763102725365
DCTN2,0.2180293501048218,0.0020964360587002098,2.4339622641509435
DCTN3,0.22431865828092243,0.010482180293501049,2.4339622641509435
DCTN4,0.2222222222222222,0.0041928721174004195,2.4171907756813416
DCTN5,0.2348008385744235,0.008385744234800839,2.438155136268344
DCTN6,0.11320754716981132,0.32914046121593293,1.8867924528301887
DCTPP1,0.22851153039832284,0.010482180293501049,2.418067226890756
DCUN1D1,0.2578616352201258,0.010482180293501049,2.511530398322851
DCUN1D3,0.2348008385744235,0.006289308176100629,2.440251572327044
DCXR,0.22641509433962265,0.008385744234800839,2.4234800838574424
DDAH2,0.2348008385744235,0.0041928721174004195,2.429769392033543
DDB1,0.23270440251572327,0.0041928721174004195,2.452830188679245
DDB2,0.2180293501048218,0.05450733752620545,2.358490566037736
DDC,0.27253668763102723,0.016771488469601678,2.549266247379455
DDHD1,0.22431865828092243,0.006289308176100629,2.4129979035639413
DDHD2,0.18448637316561844,0.2222222222222222,2.169811320754717
DDIT3,0.2180293501048218,0.0041928721174004195,2.4327731092436973
DDIT4,0.20335429769392033,0.03773584905660377,2.3354297693920336
DDIT4L,0.22012578616352202,0.016771488469601678,2.3962264150943398
DDN,0.21593291404612158,0.0041928721174004195,2.4171907756813416
DDO,0.1488469601677149,0.1970649895178197,2.0817610062893084
DDOST,0.20964360587002095,0.025157232704402517,2.3459119496855347
DDRGK1,0.21593291404612158,0.033542976939203356,2.3773584905660377
DDX1,0.2222222222222222,0.008385744234800839,2.408805031446541
DDX11,0.21174004192872117,0.05870020964360587,2.3459119496855347
DDX17,0.21174004192872117,0.018867924528301886,2.3647798742138364
DDX18,0.20335429769392033,0.05660377358490566,2.3123689727463312
DDX19A,0.16142557651991615,0.19916142557651992,2.0943396226415096
DDX19B,0.16142557651991615,0.1970649895178197,2.0964360587002098
DDX20,0.20964360587002095,0.033542976939203356,2.352201257861635
DDX21,0.21593291404612158,0.033542976939203356,2.3647798742138364
DDX23,0.21593291404612158,0.0041928721174004195,2.4171907756813416
DDX24,0.2222222222222222,0.025157232704402517,2.3815513626834384
DDX25,0.2222222222222222,0.04612159329140461,2.392033542976939
DDX28,0.16352201257861634,0.15513626834381553,2.1446540880503147
DDX31,0.25366876310272535,0.006289308176100629,2.49685534591195
DDX39A,0.2180293501048218,0.010482180293501049,2.389937106918239
DDX39B,0.23060796645702306,0.006289308176100629,2.4213836477987423
DDX3X,0.008385744234800839,0.779874213836478,1.2410901467505242
DDX4,0.16771488469601678,0.1320754716981132,2.1761006289308176
DDX41,0.22641509433962265,0.0,2.438155136268344
DDX42,0.22851153039832284,0.010482180293501049,2.4255765199161425
DDX46,0.2180293501048218,0.025157232704402517,2.3878406708595388
DDX47,0.1530398322851153,0.14675052410901468,2.140461215932914
DDX5,0.23060796645702306,0.010482180293501049,2.429769392033543
DDX50,0.21593291404612158,0.033542976939203356,2.3647798742138364
DDX51,0.21593291404612158,0.039832285115303984,2.3668763102725365
DDX52,0.20754716981132076,0.025157232704402517,2.358490566037736
DDX54,0.23689727463312368,0.014675052410901468,2.438155136268344
DDX56,0.27882599580712786,0.008385744234800839,2.5765199161425576
DDX6,0.21593291404612158,0.05450733752620545,2.360587002096436
DECR1,0.36477987421383645,0.010482180293501049,2.9350104821802936
DECR2,0.24109014675052412,0.012578616352201259,2.442348008385744
DEF6,0.2222222222222222,0.010482180293501049,2.4046121593291403
DEFA1,0.12159329140461216,0.31236897274633124,1.9056603773584906
DEFA1B,0.12159329140461216,0.31236897274633124,1.9056603773584906
DEFA3,0.12159329140461216,0.31236897274633124,1.9056603773584906
DEFA5,0.12159329140461216,0.31027253668763105,1.9077568134171907
DEFA6,0.12159329140461216,0.31027253668763105,1.9077568134171907
DEFB1,0.12159329140461216,0.31446540880503143,1.9035639412997905
DEFB104A,0.12368972746331237,0.3165618448637317,1.9140461215932913
DEFB104B,0.12368972746331237,0.3165618448637317,1.9140461215932913
DEFB121,0.2348008385744235,0.006289308176100629,2.452830188679245
DEFB4A,0.12368972746331237,0.3165618448637317,1.9140461215932913
DEFB4B,0.12368972746331237,0.31446540880503143,1.9161425576519917
DEGS1,0.22851153039832284,0.05450733752620545,2.389937106918239
DENND1A,0.2578616352201258,0.0020964360587002098,2.5136268343815513
DENND1B,0.24109014675052412,0.010482180293501049,2.4633123689727463
DENND1C,0.2138364779874214,0.014675052410901468,2.379454926624738
DENND4A,0.20545073375262055,0.014675052410901468,2.358490566037736
DENND4C,0.21174004192872117,0.016771488469601678,2.392033542976939
DENND5A,0.22851153039832284,0.006289308176100629,2.419287211740042
DEPDC1,0.20335429769392033,0.03773584905660377,2.331236897274633
DEPDC1B,0.17819706498951782,0.11320754716981132,2.20335429769392
DEPP1,0.20754716981132076,0.039832285115303984,2.341719077568134
DEPTOR,0.36477987421383645,0.006289308176100629,2.8867924528301887
DERL1,0.3710691823899371,0.006289308176100629,2.888888888888889
DERL2,0.14675052410901468,0.11320754716981132,2.1446540880503147
DERL3,0.20545073375262055,0.027253668763102725,2.3459119496855347
DES,0.22012578616352202,0.023060796645702306,2.3836477987421385
DET1,0.20964360587002095,0.008385744234800839,2.3815513626834384
DFFA,0.20125786163522014,0.041928721174004195,2.310272536687631
DFFB,0.21174004192872117,0.016771488469601678,2.358490566037736
DGAT1,0.33752620545073375,0.025157232704402517,2.7714884696016773
DGAT2,0.25366876310272535,0.0020964360587002098,2.490566037735849
DGCR8,0.20754716981132076,0.029350104821802937,2.3438155136268346
DGKB,0.2830188679245283,0.016771488469601678,2.580712788259958
DGKQ,0.22431865828092243,0.014675052410901468,2.3878406708595388
DGLUCY,0.22012578616352202,0.023060796645702306,2.3815513626834384
DGUOK,0.21174004192872117,0.027253668763102725,2.3626834381551363
DHCR24,0.19916142557651992,0.03563941299790356,2.3249475890985325
DHCR7,0.24947589098532494,0.006289308176100629,2.4758909853249476
DHFR2,0.24528301886792453,0.012578616352201259,2.4675052410901466
DHODH,0.1509433962264151,0.24737945492662475,2.0272536687631026
DHPS,0.2138364779874214,0.014675052410901468,2.3773584905660377
DHRS1,0.22012578616352202,0.008385744234800839,2.406708595387841
DHRS3,0.20545073375262055,0.029350104821802937,2.3333333333333335
DHRS4,0.2180293501048218,0.006289308176100629,2.406708595387841
DHRS7B,0.20754716981132076,0.025157232704402517,2.356394129979036
DHRS9,0.1949685534591195,0.05660377358490566,2.3039832285115303
DHTKD1,0.21174004192872117,0.039832285115303984,2.352201257861635
DHX15,0.2180293501048218,0.03563941299790356,2.3626834381551363
DHX16,0.22851153039832284,0.0041928721174004195,2.4234800838574424
DHX32,0.19916142557651992,0.041928721174004195,2.3144654088050314
DHX33,0.1488469601677149,0.1111111111111111,2.150943396226415
DHX35,0.22641509433962265,0.014675052410901468,2.419287211740042
DHX36,0.27253668763102723,0.016771488469601678,2.561844863731656
DHX38,0.1488469601677149,0.25157232704402516,2.0209643605870022
DHX58,0.20754716981132076,0.0649895178197065,2.3060796645702304
DHX8,0.1970649895178197,0.09433962264150944,2.2662473794549265
DHX9,0.23270440251572327,0.012578616352201259,2.4444444444444446
DIAPH2,0.006289308176100629,0.7756813417190775,1.228511530398323
DICER1,0.2180293501048218,0.023060796645702306,2.379454926624738
DIDO1,0.24109014675052412,0.0020964360587002098,2.459119496855346
DIMT1,0.17819706498951782,0.11949685534591195,2.2054507337526204
DIO2,0.22431865828092243,0.016771488469601678,2.406708595387841
DIO3,0.2222222222222222,0.018867924528301886,2.3962264150943398
DIS3,0.1320754716981132,0.2222222222222222,1.9958071278825995
DIS3L,0.20545073375262055,0.014675052410901468,2.358490566037736
DISC1,0.22431865828092243,0.06708595387840671,2.3668763102725365
DISP1,0.22851153039832284,0.05241090146750524,2.406708595387841
DISP3,0.1970649895178197,0.031446540880503145,2.3165618448637315
DKC1,0.010482180293501049,0.7819706498951782,1.2327044025157232
DKK1,0.20754716981132076,0.0440251572327044,2.3333333333333335
DLAT,0.2138364779874214,0.05870020964360587,2.358490566037736
DLC1,0.1111111111111111,0.350104821802935,1.8616352201257862
DLD,0.27253668763102723,0.012578616352201259,2.559748427672956
DLG1,0.2431865828092243,0.031446540880503145,2.438155136268344
DLG2,0.2431865828092243,0.008385744234800839,2.461215932914046
DLG3,0.010482180293501049,0.779874213836478,1.2389937106918238
DLG4,0.1278825995807128,0.16771488469601678,2.0545073375262053
DLGAP2,0.1320754716981132,0.2893081761006289,1.9811320754716981
DLGAP3,0.20335429769392033,0.012578616352201259,2.3542976939203353
DLGAP4,0.22851153039832284,0.016771488469601678,2.4318658280922434
DLGAP5,0.2180293501048218,0.006289308176100629,2.39832285115304
DLK1,0.2222222222222222,0.018867924528301886,2.3962264150943398
DLL1,0.20335429769392033,0.03773584905660377,2.3375262054507338
DLL4,0.1970649895178197,0.03773584905660377,2.3228511530398324
DLST,0.21174004192872117,0.025157232704402517,2.3668763102725365
DLX1,0.1970649895178197,0.04821802935010482,2.3207547169811322
DLX3,0.22641509433962265,0.006289308176100629,2.4213836477987423
DLX6,0.29350104821802936,0.0041928721174004195,2.639412997903564
DMAC2L,0.22641509433962265,0.0041928721174004195,2.4129979035639413
DMAP1,0.20964360587002095,0.012578616352201259,2.360587002096436
DMBT1,0.1949685534591195,0.03773584905660377,2.3060796645702304
DMC1,0.20964360587002095,0.018867924528301886,2.3626834381551363
DMD,0.0041928721174004195,0.779874213836478,1.2180293501048218
DMGDH,0.1761006289308176,0.09643605870020965,2.2327044025157234
DMP1,0.22641509433962265,0.018867924528301886,2.39832285115304
DMPK,0.2138364779874214,0.012578616352201259,2.3941299790356396
DMTN,0.0859538784067086,0.42138364779874216,1.719077568134172
DMXL2,0.20335429769392033,0.025157232704402517,2.341719077568134
DNA2,0.2180293501048218,0.03773584905660377,2.3647798742138364
DNAAF1,0.13417190775681342,0.27253668763102723,1.9559748427672956
DNAAF2,0.22641509433962265,0.0041928721174004195,2.4150943396226414
DNAAF4,0.20125786163522014,0.029350104821802937,2.331236897274633
DNAH1,0.22012578616352202,0.018867924528301886,2.419287211740042
DNAH10,0.22431865828092243,0.039832285115303984,2.3836477987421385
DNAH11,0.2893081761006289,0.008385744234800839,2.610062893081761
DNAH12,0.2222222222222222,0.010482180293501049,2.4339622641509435
DNAH14,0.22431865828092243,0.05660377358490566,2.3815513626834384
DNAH17,0.23270440251572327,0.025157232704402517,2.4150943396226414
DNAH2,0.11949685534591195,0.18448637316561844,2.018867924528302
DNAH3,0.2348008385744235,0.006289308176100629,2.440251572327044
DNAH6,0.2222222222222222,0.014675052410901468,2.4046121593291403
DNAH7,0.2222222222222222,0.010482180293501049,2.406708595387841
DNAH8,0.22431865828092243,0.0020964360587002098,2.4150943396226414
DNAH9,0.1509433962264151,0.09433962264150944,2.169811320754717
DNAI1,0.22431865828092243,0.014675052410901468,2.4339622641509435
DNAI2,0.22641509433962265,0.016771488469601678,2.4150943396226414
DNAJA1,0.2222222222222222,0.018867924528301886,2.429769392033543
DNAJA2,0.21174004192872117,0.06079664570230608,2.3542976939203353
DNAJA3,0.2431865828092243,0.010482180293501049,2.440251572327044
DNAJA4,0.20545073375262055,0.012578616352201259,2.368972746331237
DNAJB1,0.2180293501048218,0.010482180293501049,2.392033542976939
DNAJB11,0.25157232704402516,0.012578616352201259,2.4842767295597485
DNAJB12,0.20545073375262055,0.03563941299790356,2.341719077568134
DNAJB2,0.22012578616352202,0.020964360587002098,2.3857442348008386
DNAJB4,0.1970649895178197,0.05241090146750524,2.29979035639413
DNAJB5,0.22851153039832284,0.010482180293501049,2.442348008385744
DNAJB6,0.27044025157232704,0.014675052410901468,2.540880503144654
DNAJB9,0.26834381551362685,0.014675052410901468,2.547169811320755
DNAJC1,0.21174004192872117,0.031446540880503145,2.3647798742138364
DNAJC10,0.20125786163522014,0.041928721174004195,2.3354297693920336
DNAJC11,0.20125786163522014,0.027253668763102725,2.331236897274633
DNAJC15,0.129979035639413,0.27882599580712786,1.928721174004193
DNAJC19,0.259958071278826,0.010482180293501049,2.5220125786163523
DNAJC2,0.2809224318658281,0.012578616352201259,2.60167714884696
DNAJC3,0.18029350104821804,0.09643605870020965,2.230607966457023
DNAJC4,0.2389937106918239,0.0041928721174004195,2.4716981132075473
DNAJC5,0.24109014675052412,0.006289308176100629,2.457023060796646
DNAJC6,0.18658280922431866,0.041928721174004195,2.2851153039832286
DNAJC7,0.20754716981132076,0.06289308176100629,2.310272536687631
DNAJC8,0.20545073375262055,0.020964360587002098,2.3438155136268346
DNAL4,0.20754716981132076,0.020964360587002098,2.358490566037736
DNALI1,0.20754716981132076,0.014675052410901468,2.356394129979036
DNASE1L1,0.010482180293501049,0.7819706498951782,1.2327044025157232
DNASE2,0.2138364779874214,0.014675052410901468,2.3773584905660377
DND1,0.22431865828092243,0.010482180293501049,2.4129979035639413
DNER,0.2180293501048218,0.018867924528301886,2.3878406708595388
DNLZ,0.2557651991614256,0.0020964360587002098,2.509433962264151
DNM1,0.2620545073375262,0.0,2.5366876310272537
DNM1L,0.21593291404612158,0.050314465408805034,2.3626834381551363
DNM2,0.2138364779874214,0.008385744234800839,2.3815513626834384
DNM3,0.2222222222222222,0.023060796645702306,2.4234800838574424
DNMBP,0.1928721174004193,0.07966457023060797,2.2452830188679247
DNMT1,0.2138364779874214,0.006289308176100629,2.3836477987421385
DNMT3A,0.23270440251572327,0.012578616352201259,2.4213836477987423
DNMT3B,0.2348008385744235,0.006289308176100629,2.442348008385744
DNMT3L,0.2180293501048218,0.03563941299790356,2.3878406708595388
DNTT,0.18238993710691823,0.08176100628930817,2.230607966457023
DNTTIP1,0.23270440251572327,0.008385744234800839,2.4737945492662474
DNTTIP2,0.1970649895178197,0.05660377358490566,2.2872117400419287
DOC2A,0.23060796645702306,0.008385744234800839,2.4213836477987423
DOC2B,0.16352201257861634,0.07756813417190776,2.211740041928721
DOCK1,0.1970649895178197,0.0440251572327044,2.310272536687631
DOCK11,0.008385744234800839,0.7777777777777778,1.230607966457023
DOCK3,0.2222222222222222,0.014675052410901468,2.4276729559748427
DOCK4,0.27044025157232704,0.014675052410901468,2.551362683438155
DOCK5,0.08176100628930817,0.39832285115303984,1.7442348008385744
DOCK6,0.2138364779874214,0.012578616352201259,2.3773584905660377
DOCK7,0.20125786163522014,0.041928721174004195,2.3207547169811322
DOCK8,0.20964360587002095,0.03773584905660377,2.3647798742138364
DOK1,0.20964360587002095,0.020964360587002098,2.3647798742138364
DOK2,0.0859538784067086,0.42138364779874216,1.719077568134172
DOK7,0.2138364779874214,0.016771488469601678,2.3815513626834384
DOLK,0.2578616352201258,0.0,2.509433962264151
DOLPP1,0.2578616352201258,0.0,2.509433962264151
DOP1A,0.15513626834381553,0.23060796645702306,2.048218029350105
DOP1B,0.21593291404612158,0.023060796645702306,2.4046121593291403
DOT1L,0.21174004192872117,0.029350104821802937,2.348008385744235
DPAGT1,0.22012578616352202,0.05241090146750524,2.3710691823899372
DPEP1,0.14255765199161424,0.23060796645702306,2.010482180293501
DPEP2,0.16352201257861634,0.15513626834381553,2.1446540880503147
DPF1,0.22012578616352202,0.008385744234800839,2.408805031446541
DPF2,0.24737945492662475,0.0020964360587002098,2.4842767295597485
DPH1,0.16352201257861634,0.07756813417190776,2.209643605870021
DPH2,0.20754716981132076,0.012578616352201259,2.358490566037736
DPH3,0.2180293501048218,0.010482180293501049,2.4318658280922434
DPM1,0.2389937106918239,0.0020964360587002098,2.4654088050314464
DPM2,0.2641509433962264,0.0,2.538784067085954
DPM3,0.2578616352201258,0.0020964360587002098,2.5136268343815513
DPP4,0.1928721174004193,0.05450733752620545,2.3144654088050314
DPP6,0.259958071278826,0.016771488469601678,2.5157232704402515
DPP7,0.25366876310272535,0.0,2.5136268343815513
DPP8,0.20754716981132076,0.014675052410901468,2.360587002096436
DPP9,0.2138364779874214,0.016771488469601678,2.3710691823899372
DPPA4,0.24109014675052412,0.027253668763102725,2.4549266247379453
DPT,0.23270440251572327,0.027253668763102725,2.4276729559748427
DPY30,0.2222222222222222,0.029350104821802937,2.3857442348008386
DPYD,0.19916142557651992,0.050314465408805034,2.3060796645702304
DPYS,0.3668763102725367,0.010482180293501049,2.9035639412997902
DPYSL2,0.0880503144654088,0.39622641509433965,1.750524109014675
DPYSL3,0.22641509433962265,0.010482180293501049,2.4150943396226414
DPYSL4,0.1970649895178197,0.04821802935010482,2.29769392033543
DPYSL5,0.22851153039832284,0.008385744234800839,2.4234800838574424
DR1,0.1928721174004193,0.05870020964360587,2.2788259958071277
DRAP1,0.259958071278826,0.0,2.511530398322851
DRAXIN,0.1970649895178197,0.029350104821802937,2.3207547169811322
DRD1,0.22851153039832284,0.0,2.438155136268344
DRD2,0.20545073375262055,0.06708595387840671,2.331236897274633
DRD3,0.24109014675052412,0.023060796645702306,2.461215932914046
DRD4,0.23060796645702306,0.012578616352201259,2.410901467505241
DRD5,0.22641509433962265,0.016771488469601678,2.40251572327044
DRG1,0.20125786163522014,0.029350104821802937,2.3375262054507338
DRG2,0.1949685534591195,0.0440251572327044,2.3228511530398324
DROSHA,0.23270440251572327,0.008385744234800839,2.4779874213836477
DSC1,0.17819706498951782,0.10062893081761007,2.2285115303983227
DSC2,0.17819706498951782,0.10062893081761007,2.2285115303983227
DSC3,0.17819706498951782,0.10062893081761007,2.2285115303983227
DSCAM,0.16561844863731656,0.18448637316561844,2.1320754716981134
DSCC1,0.36477987421383645,0.006289308176100629,2.893081761006289
DSE,0.16352201257861634,0.1761006289308176,2.1153039832285114
DSG1,0.17819706498951782,0.10062893081761007,2.2285115303983227
DSG2,0.17819706498951782,0.10062893081761007,2.2285115303983227
DSG3,0.17819706498951782,0.10062893081761007,2.2285115303983227
DSG4,0.17819706498951782,0.10062893081761007,2.2285115303983227
DSN1,0.22851153039832284,0.020964360587002098,2.4255765199161425
DSP,0.2138364779874214,0.03563941299790356,2.350104821802935
DST,0.2222222222222222,0.010482180293501049,2.40041928721174
DSTN,0.20754716981132076,0.027253668763102725,2.379454926624738
DTL,0.22641509433962265,0.041928721174004195,2.4150943396226414
DTNA,0.1761006289308176,0.10062893081761007,2.2222222222222223
DTNB,0.23270440251572327,0.012578616352201259,2.4213836477987423
DTNBP1,0.22431865828092243,0.008385744234800839,2.406708595387841
DTX1,0.23689727463312368,0.014675052410901468,2.438155136268344
DTX2,0.2830188679245283,0.0020964360587002098,2.6058700209643604
DTX3L,0.2578616352201258,0.012578616352201259,2.511530398322851
DTX4,0.23270440251572327,0.0041928721174004195,2.440251572327044
DTYMK,0.2138364779874214,0.020964360587002098,2.3731656184486374
DUOX1,0.20335429769392033,0.03773584905660377,2.3207547169811322
DUOX2,0.20335429769392033,0.03773584905660377,2.3207547169811322
DUOXA1,0.20335429769392033,0.03773584905660377,2.3207547169811322
DUSP1,0.23060796645702306,0.0,2.448637316561845
DUSP10,0.22851153039832284,0.05241090146750524,2.408805031446541
DUSP12,0.2348008385744235,0.033542976939203356,2.4339622641509435
DUSP16,0.1509433962264151,0.1530398322851153,2.1236897274633124
DUSP19,0.20335429769392033,0.041928721174004195,2.339622641509434
DUSP2,0.2222222222222222,0.006289308176100629,2.406708595387841
DUSP3,0.1928721174004193,0.11740041928721175,2.2348008385744236
DUSP4,0.10482180293501048,0.3480083857442348,1.8532494758909854
DUSP5,0.20545073375262055,0.0440251572327044,2.310272536687631
DUSP6,0.24737945492662475,0.006289308176100629,2.488469601677149
DUSP7,0.22012578616352202,0.018867924528301886,2.419287211740042
DUSP8,0.22851153039832284,0.012578616352201259,2.410901467505241
DUSP9,0.010482180293501049,0.7840670859538784,1.230607966457023
DUT,0.19916142557651992,0.029350104821802937,2.3270440251572326
DVL1,0.21174004192872117,0.014675052410901468,2.3626834381551363
DVL2,0.1278825995807128,0.16981132075471697,2.052410901467505
DVL3,0.25157232704402516,0.010482180293501049,2.490566037735849
DYM,0.16771488469601678,0.11740041928721175,2.192872117400419
DYNC1H1,0.22431865828092243,0.016771488469601678,2.40041928721174
DYNC1I1,0.29350104821802936,0.0,2.6457023060796647
DYNC1I2,0.1970649895178197,0.04821802935010482,2.3207547169811322
DYNC1LI1,0.2222222222222222,0.0041928721174004195,2.438155136268344
DYNC1LI2,0.16352201257861634,0.14675052410901468,2.1551362683438153
DYNC2LI1,0.22012578616352202,0.04612159329140461,2.356394129979036
DYNLL1,0.24109014675052412,0.025157232704402517,2.429769392033543
DYNLL2,0.2138364779874214,0.025157232704402517,2.3773584905660377
DYNLRB1,0.23270440251572327,0.012578616352201259,2.4318658280922434
DYNLRB2,0.13626834381551362,0.2557651991614256,1.9811320754716981
DYNLT1,0.20545073375262055,0.03563941299790356,2.3459119496855347
DYNLT3,0.012578616352201259,0.7672955974842768,1.2557651991614256
DYRK1A,0.2180293501048218,0.020964360587002098,2.408805031446541
DYRK1B,0.21174004192872117,0.010482180293501049,2.3941299790356396
DYRK2,0.2389937106918239,0.008385744234800839,2.459119496855346
DYRK4,0.18867924528301888,0.07547169811320754,2.3039832285115303
DYSF,0.21174004192872117,0.027253668763102725,2.3647798742138364
DZIP1,0.18029350104821804,0.09643605870020965,2.230607966457023
DZIP3,0.2389937106918239,0.023060796645702306,2.461215932914046
E2F1,0.2389937106918239,0.010482180293501049,2.4444444444444446
E2F2,0.20335429769392033,0.033542976939203356,2.3270440251572326
E2F3,0.22641509433962265,0.012578616352201259,2.408805031446541
E2F4,0.16352201257861634,0.1488469601677149,2.153039832285115
E2F5,0.3668763102725367,0.008385744234800839,2.920335429769392
E2F6,0.22851153039832284,0.0041928721174004195,2.4234800838574424
E2F7,0.2389937106918239,0.0020964360587002098,2.4716981132075473
E2F8,0.23270440251572327,0.0041928721174004195,2.4255765199161425
E4F1,0.25157232704402516,0.0041928721174004195,2.469601677148847
EAF1,0.22012578616352202,0.012578616352201259,2.4318658280922434
EAF2,0.2578616352201258,0.014675052410901468,2.509433962264151
EAPP,0.22431865828092243,0.006289308176100629,2.4129979035639413
EARS2,0.2348008385744235,0.006289308176100629,2.440251572327044
EBAG9,0.3710691823899371,0.014675052410901468,2.90146750524109
EBF1,0.23270440251572327,0.006289308176100629,2.4360587002096437
EBI3,0.21174004192872117,0.018867924528301886,2.3668763102725365
EBNA1BP2,0.20545073375262055,0.014675052410901468,2.352201257861635
EBP,0.012578616352201259,0.7756813417190775,1.249475890985325
ECD,0.20545073375262055,0.03773584905660377,2.339622641509434
ECE1,0.20754716981132076,0.027253668763102725,2.3459119496855347
ECH1,0.21593291404612158,0.010482180293501049,2.3962264150943398
ECHDC1,0.20335429769392033,0.039832285115303984,2.3333333333333335
ECHDC2,0.20754716981132076,0.0440251572327044,2.3207547169811322
ECHS1,0.1970649895178197,0.05450733752620545,2.291404612159329
ECI1,0.25157232704402516,0.0041928721174004195,2.469601677148847
ECI2,0.21174004192872117,0.031446540880503145,2.350104821802935
ECM1,0.2557651991614256,0.0,2.5345911949685536
ECPAS,0.2578616352201258,0.0,2.507337526205451
ECSIT,0.2138364779874214,0.014675052410901468,2.3752620545073375
ECT2,0.27882599580712786,0.0020964360587002098,2.6121593291404612
EDA,0.012578616352201259,0.779874213836478,1.2452830188679245
EDA2R,0.014675052410901468,0.7735849056603774,1.2662473794549267
EDAR,0.20964360587002095,0.016771488469601678,2.3710691823899372
EDARADD,0.22851153039832284,0.05660377358490566,2.392033542976939
EDC3,0.20335429769392033,0.023060796645702306,2.3542976939203353
EDC4,0.16352201257861634,0.15513626834381553,2.146750524109015
EDEM1,0.2180293501048218,0.033542976939203356,2.40041928721174
EDEM3,0.2348008385744235,0.016771488469601678,2.448637316561845
EDF1,0.25366876310272535,0.0,2.5052410901467503
EDIL3,0.1928721174004193,0.05241090146750524,2.3144654088050314
EDN1,0.22012578616352202,0.014675052410901468,2.3878406708595388
EDN2,0.20545073375262055,0.010482180293501049,2.360587002096436
EDN3,0.23689727463312368,0.006289308176100629,2.457023060796646
EDNRA,0.22012578616352202,0.010482180293501049,2.40041928721174
EDNRB,0.1509433962264151,0.18867924528301888,2.069182389937107
EEA1,0.24947589098532494,0.0,2.49895178197065
EED,0.24737945492662475,0.008385744234800839,2.4675052410901466
EEF1A1,0.18029350104821804,0.12368972746331237,2.207547169811321
EEF1A2,0.24109014675052412,0.0041928721174004195,2.459119496855346
EEF1B2,0.2222222222222222,0.008385744234800839,2.4150943396226414
EEF1D,0.33752620545073375,0.020964360587002098,2.779874213836478
EEF1E1,0.2138364779874214,0.03563941299790356,2.3542976939203353
EEF1G,0.23060796645702306,0.006289308176100629,2.448637316561845
EEF2,0.20964360587002095,0.018867924528301886,2.3647798742138364
EEF2K,0.23270440251572327,0.006289308176100629,2.4360587002096437
EEFSEC,0.2746331236897275,0.010482180293501049,2.5953878406708597
EFEMP1,0.22012578616352202,0.025157232704402517,2.3731656184486374
EFEMP2,0.259958071278826,0.0,2.511530398322851
EFHC1,0.2180293501048218,0.008385744234800839,2.3962264150943398
EFHD2,0.20754716981132076,0.025157232704402517,2.341719077568134
EFNA1,0.259958071278826,0.0020964360587002098,2.5178197064989516
EFNA2,0.21174004192872117,0.016771488469601678,2.361344537815126
EFNA3,0.259958071278826,0.0041928721174004195,2.5157232704402515
EFNA4,0.259958071278826,0.0041928721174004195,2.5157232704402515
EFNA5,0.18448637316561844,0.10272536687631027,2.2452830188679247
EFNB1,0.014675052410901468,0.7777777777777778,1.249475890985325
EFNB3,0.11949685534591195,0.18658280922431866,2.0167714884696015
EFTUD2,0.19077568134171907,0.1069182389937107,2.247379454926625
EGF,0.21593291404612158,0.008385744234800839,2.389937106918239
EGFR,0.27882599580712786,0.010482180293501049,2.570230607966457
EGLN1,0.22851153039832284,0.06079664570230608,2.3773584905660377
EGLN2,0.21174004192872117,0.016771488469601678,2.3857442348008386
EGLN3,0.2222222222222222,0.0041928721174004195,2.410901467505241
EGR1,0.2222222222222222,0.018867924528301886,2.40041928721174
EGR2,0.2138364779874214,0.041928721174004195,2.358490566037736
EGR4,0.2138364779874214,0.020964360587002098,2.3731656184486374
EHBP1,0.22012578616352202,0.025157232704402517,2.3857442348008386
EHD1,0.24109014675052412,0.0041928721174004195,2.4737945492662474
EHD2,0.21174004192872117,0.033542976939203356,2.3731656184486374
EHD3,0.22012578616352202,0.025157232704402517,2.3878406708595388
EHD4,0.1928721174004193,0.03773584905660377,2.3165618448637315
EHHADH,0.24737945492662475,0.010482180293501049,2.4821802935010484
EHMT1,0.25366876310272535,0.0,2.5136268343815513
EHMT2,0.2348008385744235,0.0020964360587002098,2.4318658280922434
EID3,0.24109014675052412,0.008385744234800839,2.459119496855346
EIF1,0.20964360587002095,0.050314465408805034,2.3270440251572326
EIF1AX,0.012578616352201259,0.7693920335429769,1.2431865828092243
EIF2A,0.27672955974842767,0.010482180293501049,2.580712788259958
EIF2AK1,0.27882599580712786,0.010482180293501049,2.5681341719077566
EIF2AK2,0.2138364779874214,0.03773584905660377,2.3626834381551363
EIF2AK3,0.22012578616352202,0.018867924528301886,2.3941299790356396
EIF2AK4,0.1949685534591195,0.0440251572327044,2.3144654088050314
EIF2B1,0.22431865828092243,0.03773584905660377,2.3857442348008386
EIF2B2,0.21174004192872117,0.023060796645702306,2.368972746331237
EIF2B3,0.20964360587002095,0.012578616352201259,2.360587002096436
EIF2B4,0.22641509433962265,0.008385744234800839,2.4213836477987423
EIF2D,0.24109014675052412,0.014675052410901468,2.4737945492662474
EIF2S1,0.2138364779874214,0.020964360587002098,2.3752620545073375
EIF2S2,0.2389937106918239,0.010482180293501049,2.442348008385744
EIF2S3,0.012578616352201259,0.7672955974842768,1.259958071278826
EIF3A,0.1949685534591195,0.039832285115303984,2.308176100628931
EIF3B,0.27882599580712786,0.014675052410901468,2.5639412997903563
EIF3C,0.23689727463312368,0.008385744234800839,2.4318658280922434
EIF3D,0.2180293501048218,0.023060796645702306,2.3710691823899372
EIF3E,0.3710691823899371,0.014675052410901468,2.909853249475891
EIF3F,0.23060796645702306,0.010482180293501049,2.4171907756813416
EIF3G,0.21593291404612158,0.006289308176100629,2.3857442348008386
EIF3H,0.3710691823899371,0.006289308176100629,2.8951781970649897
EIF3I,0.2180293501048218,0.012578616352201259,2.3710691823899372
EIF3J,0.20125786163522014,0.03773584905660377,2.3165618448637315
EIF3K,0.22012578616352202,0.008385744234800839,2.408805031446541
EIF3L,0.2138364779874214,0.018867924528301886,2.3731656184486374
EIF3M,0.22851153039832284,0.018867924528301886,2.410901467505241
EIF4A1,0.12159329140461216,0.19077568134171907,2.0167714884696015
EIF4A2,0.25157232704402516,0.014675052410901468,2.4821802935010484
EIF4B,0.22851153039832284,0.0020964360587002098,2.442348008385744
EIF4E,0.22012578616352202,0.014675052410901468,2.39832285115304
EIF4E1B,0.23060796645702306,0.0,2.4360587002096437
EIF4E2,0.2180293501048218,0.020964360587002098,2.3815513626834384
EIF4E3,0.20754716981132076,0.09433962264150944,2.3144654088050314
EIF4EBP1,0.18658280922431866,0.22012578616352202,2.169811320754717
EIF4EBP3,0.2222222222222222,0.010482180293501049,2.408805031446541
EIF4ENIF1,0.20125786163522014,0.029350104821802937,2.3375262054507338
EIF4G1,0.25157232704402516,0.010482180293501049,2.490566037735849
EIF4G2,0.22851153039832284,0.006289308176100629,2.419287211740042
EIF4G3,0.20964360587002095,0.025157232704402517,2.350104821802935
EIF4H,0.2809224318658281,0.0,2.5953878406708597
EIF5,0.22012578616352202,0.014675052410901468,2.39832285115304
EIF5A,0.12368972746331237,0.17819706498951782,2.0335429769392035
EIF5A2,0.2851153039832285,0.0020964360587002098,2.6226415094339623
EIF5AL1,0.1928721174004193,0.06918238993710692,2.293501048218029
EIF5B,0.22012578616352202,0.006289308176100629,2.408805031446541
EIF6,0.23270440251572327,0.012578616352201259,2.4318658280922434
ELAC2,0.1530398322851153,0.08385744234800839,2.190775681341719
ELANE,0.2138364779874214,0.014675052410901468,2.3668763102725365
ELAVL1,0.21174004192872117,0.012578616352201259,2.3752620545073375
ELF1,0.12578616352201258,0.26834381551362685,1.9329140461215932
ELF2,0.22012578616352202,0.018867924528301886,2.3857442348008386
ELF3,0.23689727463312368,0.008385744234800839,2.4675052410901466
ELK4,0.24528301886792453,0.006289308176100629,2.4821802935010484
ELL,0.2180293501048218,0.0,2.4129979035639413
ELL2,0.1928721174004193,0.11530398322851153,2.243186582809224
ELL3,0.1970649895178197,0.03773584905660377,2.3123689727463312
ELMO1,0.28721174004192873,0.006289308176100629,2.6268343815513626
ELMO2,0.2348008385744235,0.010482180293501049,2.4737945492662474
ELMO3,0.16352201257861634,0.1488469601677149,2.153039832285115
ELOA,0.20125786163522014,0.03563941299790356,2.3207547169811322
ELOA2,0.1740041928721174,0.11740041928721175,2.2054507337526204
ELOB,0.24947589098532494,0.0041928721174004195,2.4675052410901466
ELOC,0.3584905660377358,0.0020964360587002098,2.9350104821802936
ELOVL1,0.20545073375262055,0.014675052410901468,2.3542976939203353
ELOVL2,0.22012578616352202,0.014675052410901468,2.389937106918239
ELOVL3,0.19077568134171907,0.07337526205450734,2.251572327044025
ELOVL4,0.15932914046121593,0.18238993710691823,2.111111111111111
ELOVL5,0.21593291404612158,0.008385744234800839,2.392033542976939
ELOVL6,0.2222222222222222,0.012578616352201259,2.3962264150943398
ELOVL7,0.17819706498951782,0.11320754716981132,2.2054507337526204
ELP1,0.2557651991614256,0.0,2.50314465408805
ELP2,0.1719077568134172,0.1090146750524109,2.209643605870021
ELP3,0.10062893081761007,0.3584905660377358,1.8259958071278826
ELP4,0.23270440251572327,0.020964360587002098,2.4129979035639413
ELP5,0.12578616352201258,0.1740041928721174,2.0440251572327046
EMB,0.1928721174004193,0.06289308176100629,2.30188679245283
EMC1,0.20335429769392033,0.020964360587002098,2.3438155136268346
EMC10,0.2180293501048218,0.008385744234800839,2.4150943396226414
EMC2,0.3710691823899371,0.014675052410901468,2.909853249475891
EMC4,0.20545073375262055,0.03563941299790356,2.341719077568134
EMC6,0.15932914046121593,0.07756813417190776,2.20335429769392
EMC7,0.20545073375262055,0.03773584905660377,2.339622641509434
EMC8,0.1278825995807128,0.27672955974842767,1.9392033542976939
EMD,0.010482180293501049,0.7819706498951782,1.2327044025157232
EME1,0.22431865828092243,0.006289308176100629,2.4234800838574424
EME2,0.25157232704402516,0.006289308176100629,2.4642857142857144
EMG1,0.17819706498951782,0.07966457023060797,2.2725366876310273
EML1,0.21593291404612158,0.020964360587002098,2.3857442348008386
EML4,0.20964360587002095,0.041928721174004195,2.3438155136268346
EMSY,0.25366876310272535,0.0020964360587002098,2.490566037735849
ENAH,0.2222222222222222,0.05870020964360587,2.3773584905660377
ENAM,0.23060796645702306,0.010482180293501049,2.4150943396226414
ENC1,0.1761006289308176,0.11949685534591195,2.211740041928721
ENDOG,0.2578616352201258,0.0,2.509433962264151
ENG,0.2641509433962264,0.0,2.538784067085954
ENGASE,0.22641509433962265,0.018867924528301886,2.4129979035639413
ENKUR,0.21593291404612158,0.031446540880503145,2.379454926624738
ENO1,0.20335429769392033,0.031446540880503145,2.331236897274633
ENO2,0.17819706498951782,0.07966457023060797,2.2725366876310273
ENO3,0.15723270440251572,0.0880503144654088,2.1844863731656186
ENPEP,0.2222222222222222,0.012578616352201259,2.3962264150943398
ENPP2,0.3689727463312369,0.0041928721174004195,2.909853249475891
ENPP3,0.23060796645702306,0.020964360587002098,2.39832285115304
ENPP6,0.2180293501048218,0.012578616352201259,2.3773584905660377
ENPP7,0.22431865828092243,0.018867924528301886,2.408805031446541
ENSA,0.2557651991614256,0.0,2.5345911949685536
ENTPD2,0.25366876310272535,0.0,2.5136268343815513
ENTPD3,0.22431865828092243,0.0020964360587002098,2.450733752620545
ENTPD4,0.08176100628930817,0.42138364779874216,1.7169811320754718
ENTPD5,0.2138364779874214,0.025157232704402517,2.3668763102725365
ENTPD6,0.22012578616352202,0.020964360587002098,2.4129979035639413
ENTPD8,0.25366876310272535,0.0,2.5136268343815513
ENY2,0.3731656184486373,0.014675052410901468,2.9140461215932913
EOGT,0.2180293501048218,0.033542976939203356,2.40251572327044
EOMES,0.22431865828092243,0.006289308176100629,2.4339622641509435
EP300,0.21174004192872117,0.023060796645702306,2.358490566037736
EPAS1,0.22012578616352202,0.033542976939203356,2.3710691823899372
EPB41,0.20335429769392033,0.018867924528301886,2.3459119496855347
EPB41L1,0.22851153039832284,0.016771488469601678,2.4276729559748427
EPB41L2,0.22641509433962265,0.023060796645702306,2.3857442348008386
EPB41L3,0.20125786163522014,0.05870020964360587,2.3333333333333335
EPB41L5,0.18448637316561844,0.06289308176100629,2.2683438155136266
EPC1,0.20964360587002095,0.0440251572327044,2.3459119496855347
EPC2,0.17819706498951782,0.09224318658280922,2.2368972746331237
EPCAM,0.2222222222222222,0.029350104821802937,2.379454926624738
EPGN,0.23060796645702306,0.008385744234800839,2.4276729559748427
EPHA1,0.27672955974842767,0.012578616352201259,2.5681341719077566
EPHA10,0.20754716981132076,0.012578616352201259,2.358490566037736
EPHA2,0.20545073375262055,0.023060796645702306,2.3438155136268346
EPHA3,0.22641509433962265,0.010482180293501049,2.438155136268344
EPHA4,0.2180293501048218,0.027253668763102725,2.3773584905660377
EPHA5,0.21174004192872117,0.023060796645702306,2.3710691823899372
EPHA7,0.14675052410901468,0.25366876310272535,2.0
EPHA8,0.20964360587002095,0.025157232704402517,2.3438155136268346
EPHB1,0.2746331236897275,0.006289308176100629,2.5953878406708597
EPHB2,0.20964360587002095,0.025157232704402517,2.3438155136268346
EPHB3,0.25157232704402516,0.010482180293501049,2.490566037735849
EPHB4,0.28721174004192873,0.006289308176100629,2.620545073375262
EPHB6,0.2746331236897275,0.012578616352201259,2.561844863731656
EPHX1,0.2222222222222222,0.05870020964360587,2.3773584905660377
EPHX2,0.09643605870020965,0.3857442348008386,1.7861635220125787
EPM2A,0.20125786163522014,0.025157232704402517,2.3459119496855347
EPM2AIP1,0.22431865828092243,0.0020964360587002098,2.4444444444444446
EPN1,0.23060796645702306,0.0,2.438155136268344
EPN2,0.20125786163522014,0.029350104821802937,2.3459119496855347
EPN3,0.22431865828092243,0.008385744234800839,2.4213836477987423
EPO,0.2893081761006289,0.006289308176100629,2.6247379454926625
EPOR,0.2138364779874214,0.012578616352201259,2.3773584905660377
EPPK1,0.33752620545073375,0.023060796645702306,2.7777777777777777
EPS15,0.20125786163522014,0.039832285115303984,2.3207547169811322
EPS15L1,0.22012578616352202,0.0041928721174004195,2.406708595387841
EPS8L2,0.23060796645702306,0.012578616352201259,2.410901467505241
ERAL1,0.20964360587002095,0.016771488469601678,2.3668763102725365
ERBB2,0.20964360587002095,0.033542976939203356,2.4339622641509435
ERBB3,0.2222222222222222,0.0041928721174004195,2.450733752620545
ERBB4,0.21593291404612158,0.012578616352201259,2.3941299790356396
ERBIN,0.1740041928721174,0.1320754716981132,2.1823899371069184
ERC1,0.19077568134171907,0.07337526205450734,2.30188679245283
ERCC1,0.2138364779874214,0.012578616352201259,2.392033542976939
ERCC2,0.2138364779874214,0.012578616352201259,2.392033542976939
ERCC3,0.1740041928721174,0.07547169811320754,2.241090146750524
ERCC4,0.24528301886792453,0.0020964360587002098,2.452830188679245
ERCC6,0.20754716981132076,0.0440251572327044,2.3291404612159328
ERCC6L,0.008385744234800839,0.7777777777777778,1.2348008385744236
ERCC8,0.17819706498951782,0.11320754716981132,2.2054507337526204
EREG,0.23060796645702306,0.008385744234800839,2.4276729559748427
ERF,0.20964360587002095,0.031446540880503145,2.3626834381551363
ERG28,0.20964360587002095,0.027253668763102725,2.360587002096436
ERGIC1,0.23060796645702306,0.0,2.448637316561845
ERGIC2,0.20964360587002095,0.05870020964360587,2.341719077568134
ERGIC3,0.23270440251572327,0.012578616352201259,2.4339622641509435
ERH,0.20754716981132076,0.020964360587002098,2.3647798742138364
ERLEC1,0.2222222222222222,0.025157232704402517,2.3857442348008386
ERLIN1,0.19077568134171907,0.07966457023060797,2.2452830188679247
ERMAP,0.20545073375262055,0.012578616352201259,2.356394129979036
ERN1,0.23060796645702306,0.010482180293501049,2.4276729559748427
ERO1A,0.22641509433962265,0.0041928721174004195,2.4171907756813416
ERO1B,0.22851153039832284,0.05660377358490566,2.3941299790356396
ERP27,0.18238993710691823,0.1069182389937107,2.2557651991614254
ERP44,0.2578616352201258,0.006289308176100629,2.50314465408805
ERRFI1,0.20964360587002095,0.029350104821802937,2.339622641509434
ERVW-1,0.2914046121593291,0.0,2.647798742138365
ESAM,0.22641509433962265,0.04612159329140461,2.392033542976939
ESCO1,0.1970649895178197,0.06708595387840671,2.3060796645702304
ESCO2,0.09643605870020965,0.3752620545073375,1.80083857442348
ESD,0.11320754716981132,0.3018867924528302,1.878406708595388
ESF1,0.22641509433962265,0.029350104821802937,2.408805031446541
ESPL1,0.22851153039832284,0.0020964360587002098,2.440251572327044
ESR1,0.20964360587002095,0.027253668763102725,2.360587002096436
ESR2,0.21593291404612158,0.016771488469601678,2.3878406708595388
ESRP1,0.36477987421383645,0.014675052410901468,2.930817610062893
ESRP2,0.16352201257861634,0.15723270440251572,2.142557651991614
ESRRA,0.2389937106918239,0.0041928721174004195,2.4716981132075473
ESRRB,0.20964360587002095,0.025157232704402517,2.360587002096436
ESRRG,0.22641509433962265,0.04612159329140461,2.410901467505241
ESS2,0.19916142557651992,0.031446540880503145,2.3291404612159328
ESYT1,0.2222222222222222,0.0041928721174004195,2.450733752620545
ESYT2,0.26834381551362685,0.012578616352201259,2.542976939203354
ESYT3,0.2746331236897275,0.008385744234800839,2.607966457023061
ETF1,0.2222222222222222,0.018867924528301886,2.40041928721174
ETFA,0.20754716981132076,0.014675052410901468,2.368972746331237
ETFB,0.22641509433962265,0.0041928721174004195,2.429769392033543
ETFBKMT,0.2138364779874214,0.05450733752620545,2.356394129979036
ETFDH,0.2222222222222222,0.010482180293501049,2.39832285115304
ETFRF1,0.19916142557651992,0.07756813417190776,2.308176100628931
ETHE1,0.21174004192872117,0.025157232704402517,2.3710691823899372
ETNK1,0.1928721174004193,0.07966457023060797,2.29769392033543
ETS1,0.23060796645702306,0.031446540880503145,2.419287211740042
ETS2,0.16771488469601678,0.18658280922431866,2.1341719077568135
ETV1,0.27882599580712786,0.012578616352201259,2.5828092243186584
ETV3,0.23060796645702306,0.03563941299790356,2.4318658280922434
ETV4,0.1970649895178197,0.09433962264150944,2.2662473794549265
ETV5,0.25157232704402516,0.014675052410901468,2.4821802935010484
ETV6,0.15723270440251572,0.14675052410901468,2.140461215932914
ETV7,0.22431865828092243,0.006289308176100629,2.4129979035639413
EVA1A,0.2138364779874214,0.023060796645702306,2.3731656184486374
EVA1C,0.22012578616352202,0.016771488469601678,2.4150943396226414
EVC,0.2180293501048218,0.018867924528301886,2.3878406708595388
EVC2,0.2180293501048218,0.023060796645702306,2.3836477987421385
EVI2A,0.20545073375262055,0.027253668763102725,2.352201257861635
EVI2B,0.20545073375262055,0.027253668763102725,2.352201257861635
EVI5,0.19077568134171907,0.05450733752620545,2.280922431865828
EVL,0.2180293501048218,0.020964360587002098,2.3878406708595388
EVPL,0.23270440251572327,0.016771488469601678,2.4255765199161425
EWSR1,0.1949685534591195,0.03773584905660377,2.3144654088050314
EXO1,0.23689727463312368,0.023060796645702306,2.4549266247379453
EXOC1,0.2138364779874214,0.014675052410901468,2.3857442348008386
EXOC2,0.20754716981132076,0.020964360587002098,2.360587002096436
EXOC3,0.2348008385744235,0.006289308176100629,2.488469601677149
EXOC3L1,0.16352201257861634,0.1488469601677149,2.153039832285115
EXOC4,0.2746331236897275,0.010482180293501049,2.561844863731656
EXOC5,0.22012578616352202,0.006289308176100629,2.40041928721174
EXOC6,0.17819706498951782,0.10272536687631027,2.209643605870021
EXOC6B,0.21174004192872117,0.027253668763102725,2.3668763102725365
EXOC7,0.23270440251572327,0.018867924528301886,2.4234800838574424
EXOC8,0.22851153039832284,0.06079664570230608,2.3773584905660377
EXOSC1,0.1949685534591195,0.07756813417190776,2.2557651991614254
EXOSC10,0.19916142557651992,0.033542976939203356,2.3186582809224316
EXOSC2,0.25157232704402516,0.010482180293501049,2.490566037735849
EXOSC3,0.22851153039832284,0.010482180293501049,2.452830188679245
EXOSC4,0.33752620545073375,0.023060796645702306,2.7777777777777777
EXOSC5,0.21174004192872117,0.018867924528301886,2.3836477987421385
EXOSC6,0.16142557651991615,0.1928721174004193,2.10062893081761
EXOSC7,0.2180293501048218,0.012578616352201259,2.4234800838574424
EXOSC8,0.1509433962264151,0.19916142557651992,2.060796645702306
EXOSC9,0.21174004192872117,0.039832285115303984,2.350104821802935
EXPH5,0.22641509433962265,0.06079664570230608,2.3773584905660377
EXT1,0.3689727463312369,0.0041928721174004195,2.89937106918239
EXT2,0.2222222222222222,0.04821802935010482,2.3731656184486374
EXTL1,0.20964360587002095,0.014675052410901468,2.356394129979036
EXTL2,0.20335429769392033,0.04612159329140461,2.3228511530398324
EXTL3,0.10062893081761007,0.3522012578616352,1.8343815513626835
EYA1,0.3584905660377358,0.0020964360587002098,2.9056603773584904
EYA2,0.2348008385744235,0.008385744234800839,2.440251572327044
EYA3,0.20545073375262055,0.020964360587002098,2.3438155136268346
EYA4,0.20964360587002095,0.016771488469601678,2.3668763102725365
EZH1,0.20125786163522014,0.06708595387840671,2.29769392033543
EZH2,0.26834381551362685,0.008385744234800839,2.542976939203354
EZR,0.20545073375262055,0.03773584905660377,2.3438155136268346
F10,0.1928721174004193,0.07547169811320754,2.2746331236897275
F11,0.2180293501048218,0.010482180293501049,2.389937106918239
F11R,0.23270440251572327,0.031446540880503145,2.438155136268344
F12,0.22851153039832284,0.0,2.442348008385744
F13A1,0.20964360587002095,0.039832285115303984,2.3375262054507338
F13B,0.2389937106918239,0.014675052410901468,2.457023060796646
F2,0.21593291404612158,0.05241090146750524,2.360587002096436
F2R,0.1761006289308176,0.10482180293501048,2.220125786163522
F2RL1,0.1761006289308176,0.10062893081761007,2.2243186582809225
F2RL2,0.1761006289308176,0.10482180293501048,2.220125786163522
F2RL3,0.2180293501048218,0.0020964360587002098,2.410901467505241
F3,0.20125786163522014,0.05660377358490566,2.29979035639413
F5,0.23060796645702306,0.029350104821802937,2.4213836477987423
F7,0.1928721174004193,0.07547169811320754,2.2746331236897275
F8,0.010482180293501049,0.7819706498951782,1.2327044025157232
F9,0.014675052410901468,0.7756813417190775,1.2368972746331237
FA2H,0.14675052410901468,0.24947589098532494,2.0125786163522013
FAAH,0.20545073375262055,0.025157232704402517,2.3438155136268346
FAAP100,0.22431865828092243,0.012578616352201259,2.4150943396226414
FAAP24,0.2222222222222222,0.0041928721174004195,2.419287211740042
FABP1,0.2180293501048218,0.018867924528301886,2.3878406708595388
FABP2,0.21174004192872117,0.0440251572327044,2.348008385744235
FABP3,0.21593291404612158,0.012578616352201259,2.3668763102725365
FABP4,0.36058700209643607,0.0041928721174004195,2.951781970649895
FABP5,0.3584905660377358,0.0041928721174004195,2.947589098532495
FABP7,0.18238993710691823,0.1090146750524109,2.220125786163522
FADD,0.259958071278826,0.0,2.5241090146750524
FADS1,0.2348008385744235,0.008385744234800839,2.450733752620545
FADS2,0.2348008385744235,0.008385744234800839,2.450733752620545
FADS6,0.23060796645702306,0.016771488469601678,2.4213836477987423
FAF1,0.1970649895178197,0.041928721174004195,2.310272536687631
FAF2,0.23060796645702306,0.0,2.4360587002096437
FAH,0.20754716981132076,0.008385744234800839,2.3773584905660377
FAHD1,0.25157232704402516,0.0041928721174004195,2.4654088050314464
FAIM,0.2746331236897275,0.008385744234800839,2.6058700209643604
FAM110A,0.22012578616352202,0.03563941299790356,2.3815513626834384
FAM110B,0.29979035639413,0.023060796645702306,2.706498951781971
FAM110C,0.23060796645702306,0.0041928721174004195,2.429769392033543
FAM120B,0.20335429769392033,0.03773584905660377,2.3375262054507338
FAM13A,0.23270440251572327,0.023060796645702306,2.406708595387841
FAM13B,0.2222222222222222,0.014675052410901468,2.406708595387841
FAM161A,0.21174004192872117,0.031446540880503145,2.3626834381551363
FAM20A,0.2222222222222222,0.014675052410901468,2.4150943396226414
FAM20B,0.22851153039832284,0.016771488469601678,2.438155136268344
FAM20C,0.2746331236897275,0.016771488469601678,2.5534591194968552
FAM220A,0.27882599580712786,0.010482180293501049,2.5681341719077566
FAM3C,0.27253668763102723,0.012578616352201259,2.559748427672956
FAM83D,0.22641509433962265,0.014675052410901468,2.419287211740042
FAM8A1,0.22851153039832284,0.006289308176100629,2.4129979035639413
FAM98B,0.1949685534591195,0.03773584905660377,2.3228511530398324
FAM9A,0.016771488469601678,0.7735849056603774,1.2578616352201257
FAN1,0.19916142557651992,0.03773584905660377,2.3354297693920336
FANCA,0.14046121593291405,0.22641509433962265,2.0125786163522013
FANCC,0.259958071278826,0.010482180293501049,2.5283018867924527
FANCD2,0.20754716981132076,0.041928721174004195,2.3752620545073375
FANCE,0.2222222222222222,0.010482180293501049,2.4046121593291403
FANCF,0.23270440251572327,0.0041928721174004195,2.4276729559748427
FANCG,0.23060796645702306,0.010482180293501049,2.4465408805031448
FANCI,0.2138364779874214,0.008385744234800839,2.3857442348008386
FANCL,0.22012578616352202,0.031446540880503145,2.3710691823899372
FANCM,0.22431865828092243,0.0020964360587002098,2.4171907756813416
FAR1,0.22641509433962265,0.006289308176100629,2.4150943396226414
FAR2,0.20964360587002095,0.05870020964360587,2.341719077568134
FARP1,0.18448637316561844,0.09224318658280922,2.241090146750524
FARP2,0.2138364779874214,0.020964360587002098,2.3773584905660377
FARS2,0.21174004192872117,0.039832285115303984,2.339622641509434
FARSA,0.2138364779874214,0.014675052410901468,2.3773584905660377
FARSB,0.22012578616352202,0.018867924528301886,2.3878406708595388
FAS,0.16352201257861634,0.16561844863731656,2.10272536687631
FASLG,0.2222222222222222,0.020964360587002098,2.4276729559748427
FASN,0.22851153039832284,0.008385744234800839,2.4255765199161425
FASTK,0.27044025157232704,0.012578616352201259,2.547169811320755
FASTKD2,0.2222222222222222,0.012578616352201259,2.4046121593291403
FAT1,0.22851153039832284,0.010482180293501049,2.408805031446541
FAT4,0.20754716981132076,0.04821802935010482,2.3354297693920336
FBF1,0.23270440251572327,0.016771488469601678,2.4255765199161425
FBH1,0.2180293501048218,0.029350104821802937,2.3647798742138364
FBL,0.21174004192872117,0.012578616352201259,2.392033542976939
FBLIM1,0.20754716981132076,0.025157232704402517,2.341719077568134
FBLL1,0.22851153039832284,0.008385744234800839,2.442348008385744
FBLN1,0.20125786163522014,0.04821802935010482,2.310272536687631
FBLN2,0.22431865828092243,0.012578616352201259,2.438155136268344
FBLN5,0.2180293501048218,0.031446540880503145,2.3731656184486374
FBN1,0.19916142557651992,0.029350104821802937,2.3270440251572326
FBN2,0.2138364779874214,0.033542976939203356,2.3668763102725365
FBN3,0.2138364779874214,0.010482180293501049,2.379454926624738
FBP1,0.259958071278826,0.008385744234800839,2.49685534591195
FBP2,0.259958071278826,0.008385744234800839,2.49685534591195
FBXL12,0.21593291404612158,0.006289308176100629,2.3878406708595388
FBXL14,0.1928721174004193,0.07337526205450734,2.310272536687631
FBXL2,0.22431865828092243,0.0041928721174004195,2.4444444444444446
FBXL20,0.21174004192872117,0.029350104821802937,2.358490566037736
FBXL3,0.1509433962264151,0.1928721174004193,2.056603773584906
FBXL4,0.13836477987421383,0.2138364779874214,2.0356394129979036
FBXL5,0.22012578616352202,0.020964360587002098,2.3878406708595388
FBXL7,0.23060796645702306,0.016771488469601678,2.4821802935010484
FBXO10,0.22641509433962265,0.012578616352201259,2.448637316561845
FBXO11,0.22431865828092243,0.029350104821802937,2.3815513626834384
FBXO15,0.1530398322851153,0.14465408805031446,2.1236897274633124
FBXO17,0.2138364779874214,0.008385744234800839,2.3941299790356396
FBXO2,0.1970649895178197,0.029350104821802937,2.3186582809224316
FBXO21,0.24737945492662475,0.018867924528301886,2.4549266247379453
FBXO22,0.20754716981132076,0.014675052410901468,2.368972746331237
FBXO25,0.13417190775681342,0.2851153039832285,1.9895178197064989
FBXO27,0.2138364779874214,0.008385744234800839,2.3941299790356396
FBXO3,0.23060796645702306,0.020964360587002098,2.410901467505241
FBXO31,0.129979035639413,0.2662473794549266,1.9517819706498951
FBXO38,0.22641509433962265,0.010482180293501049,2.4150943396226414
FBXO4,0.23060796645702306,0.012578616352201259,2.4675052410901466
FBXO40,0.2557651991614256,0.012578616352201259,2.509433962264151
FBXO44,0.1970649895178197,0.029350104821802937,2.3186582809224316
FBXO45,0.2431865828092243,0.039832285115303984,2.429769392033543
FBXO5,0.20964360587002095,0.029350104821802937,2.3542976939203353
FBXO6,0.1970649895178197,0.029350104821802937,2.3207547169811322
FBXO7,0.20335429769392033,0.029350104821802937,2.341719077568134
FBXO8,0.22012578616352202,0.018867924528301886,2.3731656184486374
FBXO9,0.2180293501048218,0.006289308176100629,2.39832285115304
FBXW11,0.23060796645702306,0.0,2.452830188679245
FBXW2,0.25157232704402516,0.008385744234800839,2.49895178197065
FBXW4,0.18867924528301888,0.07756813417190776,2.2452830188679247
FBXW5,0.25366876310272535,0.0,2.5136268343815513
FBXW7,0.22012578616352202,0.010482180293501049,2.40251572327044
FBXW8,0.24737945492662475,0.016771488469601678,2.457023060796646
FCAR,0.23270440251572327,0.0,2.438155136268344
FCER1A,0.23060796645702306,0.031446540880503145,2.4339622641509435
FCER1G,0.23270440251572327,0.031446540880503145,2.438155136268344
FCER2,0.21593291404612158,0.014675052410901468,2.3773584905660377
FCF1,0.21174004192872117,0.025157232704402517,2.3668763102725365
FCGR1A,0.25157232704402516,0.0,2.5283018867924527
FCGR2A,0.23270440251572327,0.033542976939203356,2.4360587002096437
FCGR2B,0.23270440251572327,0.033542976939203356,2.4360587002096437
FCGRT,0.22012578616352202,0.0041928721174004195,2.4213836477987423
FCN1,0.2578616352201258,0.0020964360587002098,2.530398322851153
FCN2,0.2578616352201258,0.0020964360587002098,2.530398322851153
FCN3,0.20545073375262055,0.016771488469601678,2.348008385744235
FDPS,0.25366876310272535,0.0020964360587002098,2.50104821802935
FDX1,0.21593291404612158,0.050314465408805034,2.3731656184486374
FDX2,0.2138364779874214,0.008385744234800839,2.3815513626834384
FDXR,0.23060796645702306,0.016771488469601678,2.4213836477987423
FECH,0.16352201257861634,0.14675052410901468,2.157232704402516
FEM1A,0.2138364779874214,0.014675052410901468,2.3731656184486374
FEM1B,0.20545073375262055,0.016771488469601678,2.360587002096436
FEM1C,0.18658280922431866,0.06708595387840671,2.293501048218029
FEN1,0.2348008385744235,0.006289308176100629,2.452830188679245
FER,0.18658280922431866,0.09224318658280922,2.259958071278826
FERD3L,0.28721174004192873,0.016771488469601678,2.589098532494759
FERMT1,0.22012578616352202,0.031446540880503145,2.3836477987421385
FERMT2,0.22641509433962265,0.006289308176100629,2.4150943396226414
FERMT3,0.2389937106918239,0.0041928721174004195,2.4716981132075473
FES,0.21174004192872117,0.006289308176100629,2.3857442348008386
FEZ1,0.22431865828092243,0.04612159329140461,2.3941299790356396
FEZF2,0.22431865828092243,0.016771488469601678,2.4339622641509435
FFAR1,0.2180293501048218,0.0041928721174004195,2.4096638655462184
FFAR2,0.2180293501048218,0.0041928721174004195,2.408805031446541
FFAR3,0.2180293501048218,0.0041928721174004195,2.408805031446541
FGB,0.2180293501048218,0.012578616352201259,2.392033542976939
FGD1,0.008385744234800839,0.7756813417190775,1.2368972746331237
FGD2,0.2222222222222222,0.0020964360587002098,2.4129979035639413
FGD3,0.259958071278826,0.008385744234800839,2.492662473794549
FGD4,0.2138364779874214,0.05450733752620545,2.356394129979036
FGF1,0.22012578616352202,0.014675052410901468,2.408805031446541
FGF10,0.23060796645702306,0.014675052410901468,2.461215932914046
FGF12,0.2578616352201258,0.020964360587002098,2.480083857442348
FGF13,0.014675052410901468,0.7756813417190775,1.2389937106918238
FGF14,0.18448637316561844,0.0859538784067086,2.249475890985325
FGF17,0.0859538784067086,0.42138364779874216,1.719077568134172
FGF18,0.23060796645702306,0.0020964360587002098,2.450733752620545
FGF19,0.2641509433962264,0.0,2.538784067085954
FGF2,0.21174004192872117,0.0440251572327044,2.3438155136268346
FGF20,0.1069182389937107,0.35429769392033544,1.8448637316561844
FGF22,0.21174004192872117,0.014675052410901468,2.3647798742138364
FGF23,0.18867924528301888,0.07547169811320754,2.3039832285115303
FGF3,0.2620545073375262,0.0,2.5283018867924527
FGF4,0.2620545073375262,0.0,2.5345911949685536
FGF5,0.2222222222222222,0.008385744234800839,2.408805031446541
FGF6,0.18867924528301888,0.07547169811320754,2.3039832285115303
FGF7,0.20335429769392033,0.027253668763102725,2.3354297693920336
FGF8,0.18867924528301888,0.07547169811320754,2.247379454926625
FGF9,0.20964360587002095,0.041928721174004195,2.352201257861635
FGFBP1,0.21593291404612158,0.020964360587002098,2.379454926624738
FGFR1,0.18238993710691823,0.22012578616352202,2.1677148846960166
FGFR1OP2,0.20335429769392033,0.06918238993710692,2.3228511530398324
FGFR2,0.1949685534591195,0.041928721174004195,2.30188679245283
FGFR3,0.22431865828092243,0.016771488469601678,2.4046121593291403
FGFR4,0.22851153039832284,0.0,2.442348008385744
FGFRL1,0.22431865828092243,0.014675052410901468,2.3878406708595388
FGG,0.2180293501048218,0.012578616352201259,2.392033542976939
FGL1,0.10272536687631027,0.38155136268343814,1.8050314465408805
FGR,0.20545073375262055,0.016771488469601678,2.348008385744235
FH,0.23689727463312368,0.031446540880503145,2.4444444444444446
FHL1,0.010482180293501049,0.779874213836478,1.2348008385744236
FHL2,0.2180293501048218,0.012578616352201259,2.3941299790356396
FHL5,0.13836477987421383,0.2222222222222222,2.029350104821803
FHOD1,0.16352201257861634,0.1488469601677149,2.153039832285115
FIBP,0.259958071278826,0.0,2.511530398322851
FIG4,0.1509433962264151,0.20754716981132076,2.069182389937107
FIGLA,0.20754716981132076,0.025157232704402517,2.3542976939203353
FIP1L1,0.20964360587002095,0.010482180293501049,2.3836477987421385
FIS1,0.2809224318658281,0.008385744234800839,2.5953878406708597
FIZ1,0.23060796645702306,0.0,2.438155136268344
FJX1,0.22851153039832284,0.025157232704402517,2.4046121593291403
FKBP10,0.20964360587002095,0.05660377358490566,2.3207547169811322
FKBP15,0.2578616352201258,0.0,2.5052410901467503
FKBP1A,0.22012578616352202,0.03563941299790356,2.3836477987421385
FKBP1B,0.23060796645702306,0.010482180293501049,2.4234800838574424
FKBP3,0.22431865828092243,0.0041928721174004195,2.4150943396226414
FKBP4,0.1949685534591195,0.07547169811320754,2.3123689727463312
FKBP5,0.2222222222222222,0.008385744234800839,2.408805031446541
FKBP6,0.2830188679245283,0.0020964360587002098,2.59958071278826
FKBP7,0.20335429769392033,0.04612159329140461,2.331236897274633
FKBP8,0.2180293501048218,0.0,2.4129979035639413
FKBP9,0.2914046121593291,0.0,2.6540880503144653
FKBPL,0.23270440251572327,0.0041928721174004195,2.4276729559748427
FKRP,0.21174004192872117,0.020964360587002098,2.3878406708595388
FKTN,0.2578616352201258,0.0,2.5345911949685536
FLAD1,0.259958071278826,0.0041928721174004195,2.5157232704402515
FLCN,0.18658280922431866,0.05450733752620545,2.2788259958071277
FLG,0.24737945492662475,0.0041928721174004195,2.5136268343815513
FLI1,0.22851153039832284,0.03563941299790356,2.4129979035639413
FLII,0.1970649895178197,0.039832285115303984,2.3291404612159328
FLNA,0.010482180293501049,0.7819706498951782,1.2327044025157232
FLNB,0.22431865828092243,0.012578616352201259,2.4318658280922434
FLNC,0.2620545073375262,0.018867924528301886,2.5178197064989516
FLOT1,0.22851153039832284,0.0041928721174004195,2.4234800838574424
FLOT2,0.20964360587002095,0.016771488469601678,2.3668763102725365
FLRT1,0.2389937106918239,0.0041928721174004195,2.4716981132075473
FLRT2,0.2222222222222222,0.016771488469601678,2.4129979035639413
FLRT3,0.2180293501048218,0.029350104821802937,2.39832285115304
FLT1,0.2138364779874214,0.041928721174004195,2.3354297693920336
FLT3,0.21593291404612158,0.033542976939203356,2.356394129979036
FLT3LG,0.22012578616352202,0.0041928721174004195,2.4213836477987423
FLT4,0.23060796645702306,0.0041928721174004195,2.4360587002096437
FMC1,0.27672955974842767,0.010482180293501049,2.5660377358490565
FMN1,0.20545073375262055,0.033542976939203356,2.3438155136268346
FMNL1,0.1928721174004193,0.09433962264150944,2.2641509433962264
FMNL2,0.18867924528301888,0.0649895178197065,2.293501048218029
FMNL3,0.21593291404612158,0.0020964360587002098,2.419287211740042
FMO1,0.22431865828092243,0.025157232704402517,2.4234800838574424
FMO2,0.22431865828092243,0.027253668763102725,2.4213836477987423
FMO3,0.22431865828092243,0.027253668763102725,2.4213836477987423
FMO4,0.22431865828092243,0.025157232704402517,2.4234800838574424
FMO5,0.2431865828092243,0.0041928721174004195,2.50314465408805
FMOD,0.2389937106918239,0.0041928721174004195,2.4842767295597485
FMR1,0.008385744234800839,0.7819706498951782,1.2159329140461217
FN1,0.2222222222222222,0.018867924528301886,2.3962264150943398
FNBP1,0.25157232704402516,0.006289308176100629,2.49895178197065
FNBP1L,0.1970649895178197,0.05870020964360587,2.2851153039832286
FNDC5,0.21593291404612158,0.012578616352201259,2.368972746331237
FNIP1,0.21593291404612158,0.023060796645702306,2.3857442348008386
FNIP2,0.22012578616352202,0.008385744234800839,2.39832285115304
FNTA,0.2138364779874214,0.1530398322851153,2.3207547169811322
FNTB,0.2138364779874214,0.016771488469601678,2.3773584905660377
FOLH1,0.22641509433962265,0.03563941299790356,2.389937106918239
FOLR1,0.24737945492662475,0.0041928721174004195,2.4758909853249476
FOS,0.20964360587002095,0.025157232704402517,2.3626834381551363
FOSB,0.2138364779874214,0.012578616352201259,2.392033542976939
FOSL1,0.259958071278826,0.0,2.511530398322851
FOSL2,0.22851153039832284,0.010482180293501049,2.419287211740042
FOXA1,0.24528301886792453,0.0020964360587002098,2.4549266247379453
FOXA2,0.22431865828092243,0.025157232704402517,2.4171907756813416
FOXA3,0.2138364779874214,0.016771488469601678,2.389937106918239
FOXD3,0.1928721174004193,0.0440251572327044,2.29979035639413
FOXE1,0.259958071278826,0.008385744234800839,2.507337526205451
FOXG1,0.22012578616352202,0.006289308176100629,2.408805031446541
FOXH1,0.33752620545073375,0.025157232704402517,2.7651991614255764
FOXJ1,0.23270440251572327,0.018867924528301886,2.4234800838574424
FOXK1,0.2809224318658281,0.010482180293501049,2.5681341719077566
FOXK2,0.23060796645702306,0.008385744234800839,2.4654088050314464
FOXM1,0.1949685534591195,0.07547169811320754,2.3123689727463312
FOXN1,0.21174004192872117,0.016771488469601678,2.3731656184486374
FOXN3,0.21593291404612158,0.023060796645702306,2.3815513626834384
FOXN4,0.2348008385744235,0.010482180293501049,2.442348008385744
FOXO1,0.1278825995807128,0.2620545073375262,1.9454926624737945
FOXO3,0.14465408805031446,0.20545073375262055,2.0628930817610063
FOXO4,0.010482180293501049,0.7819706498951782,1.2368972746331237
FOXP2,0.26834381551362685,0.014675052410901468,2.542976939203354
FOXP3,0.012578616352201259,0.7735849056603774,1.2431865828092243
FOXR1,0.2180293501048218,0.05241090146750524,2.3668763102725365
FOXRED1,0.2222222222222222,0.04612159329140461,2.392033542976939
FOXRED2,0.2180293501048218,0.023060796645702306,2.3710691823899372
FPGS,0.2641509433962264,0.0,2.538784067085954
FPR1,0.22641509433962265,0.0041928721174004195,2.4318658280922434
FPR2,0.22641509433962265,0.0041928721174004195,2.4318658280922434
FRA10AC1,0.17819706498951782,0.10062893081761007,2.2054507337526204
FRAS1,0.22851153039832284,0.010482180293501049,2.4213836477987423
FRAT1,0.1928721174004193,0.07547169811320754,2.2557651991614254
FREM2,0.13626834381551362,0.2431865828092243,1.9832285115303983
FRG1,0.24109014675052412,0.014675052410901468,2.438155136268344
FRG2,0.24109014675052412,0.014675052410901468,2.438155136268344
FRK,0.16352201257861634,0.17819706498951782,2.106918238993711
FRMD1,0.20125786163522014,0.04821802935010482,2.3228511530398324
FRMD6,0.22851153039832284,0.0041928721174004195,2.4150943396226414
FRS2,0.2431865828092243,0.0,2.4758909853249476
FRS3,0.22851153039832284,0.006289308176100629,2.419287211740042
FSCN1,0.27882599580712786,0.010482180293501049,2.5681341719077566
FSHB,0.23689727463312368,0.014675052410901468,2.4234800838574424
FSHR,0.2222222222222222,0.029350104821802937,2.3815513626834384
FST,0.1761006289308176,0.10272536687631027,2.2285115303983227
FSTL1,0.24947589098532494,0.014675052410901468,2.4947589098532497
FSTL3,0.21174004192872117,0.014675052410901468,2.3647798742138364
FTCD,0.21593291404612158,0.03563941299790356,2.3857442348008386
FTH1,0.2348008385744235,0.006289308176100629,2.4549266247379453
FTL,0.21174004192872117,0.014675052410901468,2.3962264150943398
FTO,0.1719077568134172,0.1320754716981132,2.180293501048218
FTSJ3,0.22851153039832284,0.010482180293501049,2.4255765199161425
FUBP1,0.1970649895178197,0.050314465408805034,2.30188679245283
FUBP3,0.25157232704402516,0.010482180293501049,2.490566037735849
FUCA1,0.20335429769392033,0.031446540880503145,2.331236897274633
FUCA2,0.20964360587002095,0.027253668763102725,2.3542976939203353
FURIN,0.21174004192872117,0.006289308176100629,2.3857442348008386
FUS,0.22851153039832284,0.010482180293501049,2.4171907756813416
FUT2,0.21174004192872117,0.014675052410901468,2.3962264150943398
FUT3,0.21174004192872117,0.012578616352201259,2.379454926624738
FUT4,0.2389937106918239,0.018867924528301886,2.440251572327044
FUT7,0.25366876310272535,0.0,2.5136268343815513
FUT8,0.20964360587002095,0.018867924528301886,2.3710691823899372
FUT9,0.13626834381551362,0.2348008385744235,2.0146750524109014
FUZ,0.2180293501048218,0.008385744234800839,2.4150943396226414
FXN,0.24109014675052412,0.008385744234800839,2.4633123689727463
FXR1,0.259958071278826,0.010482180293501049,2.5220125786163523
FXR2,0.12159329140461216,0.19077568134171907,2.0167714884696015
FXYD1,0.2180293501048218,0.0041928721174004195,2.4171907756813416
FXYD2,0.21174004192872117,0.05870020964360587,2.352201257861635
FXYD3,0.2180293501048218,0.0041928721174004195,2.4171907756813416
FXYD7,0.2180293501048218,0.0041928721174004195,2.4171907756813416
FYCO1,0.2180293501048218,0.016771488469601678,2.4213836477987423
FYN,0.1488469601677149,0.19916142557651992,2.069182389937107
FYTTD1,0.24109014675052412,0.029350104821802937,2.4360587002096437
FZD1,0.2893081761006289,0.0020964360587002098,2.6373165618448637
FZD10,0.2180293501048218,0.0440251572327044,2.3668763102725365
FZD2,0.18867924528301888,0.12159329140461216,2.2205882352941178
FZD3,0.10062893081761007,0.350104821802935,1.8343815513626835
FZD4,0.24528301886792453,0.012578616352201259,2.4675052410901466
FZD5,0.22431865828092243,0.008385744234800839,2.408805031446541
FZD6,0.3668763102725367,0.0041928721174004195,2.911949685534591
FZD7,0.2138364779874214,0.018867924528301886,2.3878406708595388
FZD8,0.21593291404612158,0.033542976939203356,2.3710691823899372
FZD9,0.2851153039832285,0.0020964360587002098,2.60167714884696
FZR1,0.20964360587002095,0.03563941299790356,2.348008385744235
G3BP1,0.22012578616352202,0.008385744234800839,2.4129979035639413
G3BP2,0.23060796645702306,0.0041928721174004195,2.4318658280922434
G6PC3,0.19077568134171907,0.13836477987421383,2.209643605870021
G6PD,0.010482180293501049,0.7819706498951782,1.2327044025157232
GAA,0.22431865828092243,0.016771488469601678,2.410901467505241
GAB1,0.22431865828092243,0.008385744234800839,2.40251572327044
GAB2,0.2578616352201258,0.0041928721174004195,2.492662473794549
GABARAP,0.1278825995807128,0.1719077568134172,2.050314465408805
GABARAPL1,0.16771488469601678,0.11949685534591195,2.207547169811321
GABARAPL2,0.14046121593291405,0.24947589098532494,1.9979035639412999
GABBR1,0.22851153039832284,0.006289308176100629,2.4171907756813416
GABBR2,0.2557651991614256,0.006289308176100629,2.50314465408805
GABPA,0.21174004192872117,0.025157232704402517,2.4129979035639413
GABPB1,0.20545073375262055,0.027253668763102725,2.339622641509434
GABPB2,0.25366876310272535,0.0,2.5324947589098534
GABRA1,0.2348008385744235,0.006289308176100629,2.440251572327044
GABRA2,0.21174004192872117,0.027253668763102725,2.3626834381551363
GABRA3,0.014675052410901468,0.779874213836478,1.2410901467505242
GABRA4,0.2138364779874214,0.023060796645702306,2.3836477987421385
GABRA5,0.21174004192872117,0.023060796645702306,2.3878406708595388
GABRA6,0.23270440251572327,0.006289308176100629,2.438155136268344
GABRB1,0.2138364779874214,0.020964360587002098,2.3836477987421385
GABRB2,0.2348008385744235,0.0041928721174004195,2.448637316561845
GABRB3,0.21174004192872117,0.023060796645702306,2.3878406708595388
GABRD,0.21174004192872117,0.014675052410901468,2.3647798742138364
GABRE,0.014675052410901468,0.7777777777777778,1.2431865828092243
GABRG2,0.2348008385744235,0.006289308176100629,2.442348008385744
GABRG3,0.20754716981132076,0.025157232704402517,2.3710691823899372
GABRR1,0.13836477987421383,0.2620545073375262,1.9874213836477987
GABRR2,0.13836477987421383,0.259958071278826,1.9895178197064989
GAD1,0.1949685534591195,0.050314465408805034,2.3165618448637315
GAD2,0.22012578616352202,0.031446540880503145,2.3773584905660377
GADD45A,0.20125786163522014,0.03563941299790356,2.3249475890985325
GADD45B,0.20754716981132076,0.029350104821802937,2.3438155136268346
GADD45G,0.2578616352201258,0.010482180293501049,2.488469601677149
GADD45GIP1,0.2138364779874214,0.014675052410901468,2.3773584905660377
GAK,0.22431865828092243,0.014675052410901468,2.3878406708595388
GAL3ST1,0.1949685534591195,0.027253668763102725,2.3270440251572326
GAL3ST2,0.21174004192872117,0.020964360587002098,2.3626834381551363
GALC,0.21593291404612158,0.020964360587002098,2.3815513626834384
GALE,0.20335429769392033,0.033542976939203356,2.3291404612159328
GALK1,0.23270440251572327,0.016771488469601678,2.4255765199161425
GALK2,0.20335429769392033,0.027253668763102725,2.3354297693920336
GALM,0.2138364779874214,0.04612159329140461,2.350104821802935
GALNS,0.13626834381551362,0.23689727463312368,1.9937106918238994
GALNT1,0.1719077568134172,0.1090146750524109,2.207547169811321
GALNT10,0.23060796645702306,0.006289308176100629,2.4213836477987423
GALNT11,0.2662473794549266,0.018867924528301886,2.5220125786163523
GALNT12,0.2557651991614256,0.006289308176100629,2.50314465408805
GALNT13,0.18867924528301888,0.05450733752620545,2.3039832285115303
GALNT14,0.22012578616352202,0.025157232704402517,2.3878406708595388
GALNT15,0.2180293501048218,0.010482180293501049,2.4318658280922434
GALNT16,0.20754716981132076,0.020964360587002098,2.3647798742138364
GALNT18,0.22641509433962265,0.008385744234800839,2.4129979035639413
GALNT2,0.22641509433962265,0.06289308176100629,2.3773584905660377
GALNT3,0.1928721174004193,0.050314465408805034,2.310272536687631
GALNT4,0.24737945492662475,0.0041928721174004195,2.488469601677149
GALNT6,0.22851153039832284,0.006289308176100629,2.4276729559748427
GALNT7,0.22012578616352202,0.020964360587002098,2.3710691823899372
GALNT8,0.18867924528301888,0.07547169811320754,2.3039832285115303
GALR2,0.23270440251572327,0.018867924528301886,2.4234800838574424
GALT,0.22431865828092243,0.010482180293501049,2.4339622641509435
GAMT,0.2138364779874214,0.020964360587002098,2.358490566037736
GANAB,0.23060796645702306,0.006289308176100629,2.448637316561845
GAP43,0.24947589098532494,0.029350104821802937,2.4675052410901466
GAPDH,0.18029350104821804,0.07966457023060797,2.2767295597484276
GAPDHS,0.2180293501048218,0.0041928721174004195,2.408805031446541
GAPVD1,0.259958071278826,0.0,2.519916142557652
GAR1,0.2180293501048218,0.008385744234800839,2.3941299790356396
GART,0.2222222222222222,0.012578616352201259,2.4213836477987423
GAS1,0.25366876310272535,0.010482180293501049,2.4821802935010484
GAS2,0.23270440251572327,0.008385744234800839,2.4234800838574424
GAS2L1,0.1949685534591195,0.03563941299790356,2.3165618448637315
GAS6,0.1928721174004193,0.06918238993710692,2.280922431865828
GAST,0.20964360587002095,0.050314465408805034,2.3270440251572326
GATA1,0.012578616352201259,0.7735849056603774,1.251572327044025
GATA2,0.2746331236897275,0.010482180293501049,2.59958071278826
GATA3,0.21593291404612158,0.033542976939203356,2.358490566037736
GATA4,0.11320754716981132,0.3417190775681342,1.859538784067086
GATA5,0.24109014675052412,0.0020964360587002098,2.459119496855346
GATA6,0.1928721174004193,0.07127882599580712,2.2955974842767297
GATAD2A,0.22431865828092243,0.0020964360587002098,2.4171907756813416
GATAD2B,0.2578616352201258,0.0,2.5241090146750524
GATB,0.2222222222222222,0.008385744234800839,2.408805031446541
GATC,0.24109014675052412,0.025157232704402517,2.429769392033543
GATM,0.20125786163522014,0.03773584905660377,2.3186582809224316
GBA2,0.23060796645702306,0.010482180293501049,2.448637316561845
GBE1,0.2180293501048218,0.03773584905660377,2.39832285115304
GBF1,0.19077568134171907,0.07127882599580712,2.2536687631027252
GBP1,0.19916142557651992,0.041928721174004195,2.3186582809224316
GBP2,0.19916142557651992,0.039832285115303984,2.3207547169811322
GBP3,0.19916142557651992,0.041928721174004195,2.3186582809224316
GBP4,0.1970649895178197,0.039832285115303984,2.3165618448637315
GBP5,0.1970649895178197,0.039832285115303984,2.3165618448637315
GBP7,0.1970649895178197,0.039832285115303984,2.3165618448637315
GC,0.2389937106918239,0.0041928721174004195,2.448637316561845
GCA,0.1970649895178197,0.05450733752620545,2.3186582809224316
GCAT,0.2138364779874214,0.018867924528301886,2.3731656184486374
GCC1,0.25366876310272535,0.027253668763102725,2.488469601677149
GCC2,0.2138364779874214,0.012578616352201259,2.379454926624738
GCDH,0.2138364779874214,0.014675052410901468,2.3773584905660377
GCFC2,0.21593291404612158,0.020964360587002098,2.3815513626834384
GCG,0.1970649895178197,0.05241090146750524,2.3207547169811322
GCGR,0.22431865828092243,0.010482180293501049,2.4171907756813416
GCH1,0.22012578616352202,0.008385744234800839,2.40041928721174
GCHFR,0.1970649895178197,0.041928721174004195,2.3207547169811322
GCK,0.2809224318658281,0.006289308176100629,2.5870020964360587
GCKR,0.22641509433962265,0.008385744234800839,2.4213836477987423
GCLM,0.1970649895178197,0.05660377358490566,2.2872117400419287
GCN1,0.24528301886792453,0.023060796645702306,2.440251572327044
GCNT1,0.2431865828092243,0.016771488469601678,2.459119496855346
GCNT2,0.21593291404612158,0.020964360587002098,2.3752620545073375
GCNT3,0.20545073375262055,0.027253668763102725,2.352201257861635
GCSH,0.13626834381551362,0.2641509433962264,1.9727463312368974
GDA,0.24109014675052412,0.016771488469601678,2.448637316561845
GDAP1,0.36477987421383645,0.0041928721174004195,2.9371069182389937
GDE1,0.2431865828092243,0.0020964360587002098,2.4549266247379453
GDF2,0.20125786163522014,0.041928721174004195,2.3186582809224316
GDF5,0.2348008385744235,0.012578616352201259,2.4360587002096437
GDF7,0.22641509433962265,0.006289308176100629,2.419287211740042
GDF9,0.2138364779874214,0.031446540880503145,2.3752620545073375
GDI1,0.010482180293501049,0.7819706498951782,1.2327044025157232
GDI2,0.21593291404612158,0.029350104821802937,2.368972746331237
GDNF,0.22851153039832284,0.012578616352201259,2.4737945492662474
GDPD1,0.2180293501048218,0.014675052410901468,2.40251572327044
GDPD5,0.25366876310272535,0.0020964360587002098,2.490566037735849
GEMIN2,0.22851153039832284,0.0041928721174004195,2.4129979035639413
GEMIN4,0.16352201257861634,0.07756813417190776,2.211740041928721
GEMIN5,0.23270440251572327,0.006289308176100629,2.4318658280922434
GEMIN6,0.21593291404612158,0.0440251572327044,2.3542976939203353
GEMIN7,0.2138364779874214,0.012578616352201259,2.392033542976939
GEMIN8,0.010482180293501049,0.7735849056603774,1.249475890985325
GEN1,0.22012578616352202,0.012578616352201259,2.40251572327044
GET4,0.27253668763102723,0.016771488469601678,2.551362683438155
GFAP,0.19077568134171907,0.10272536687631027,2.251572327044025
GFI1,0.1928721174004193,0.05450733752620545,2.2851153039832286
GFI1B,0.2557651991614256,0.0041928721174004195,2.50104821802935
GFM1,0.27044025157232704,0.0020964360587002098,2.5639412997903563
GFM2,0.1761006289308176,0.11740041928721175,2.2138364779874213
GFPT1,0.21174004192872117,0.025157232704402517,2.3647798742138364
GFPT2,0.22851153039832284,0.0041928721174004195,2.442348008385744
GFRA1,0.20125786163522014,0.0440251572327044,2.3060796645702304
GFRA2,0.0880503144654088,0.41509433962264153,1.729559748427673
GFRA4,0.2180293501048218,0.03563941299790356,2.3815513626834384
GGA1,0.2138364779874214,0.018867924528301886,2.3668763102725365
GGA2,0.2348008385744235,0.0041928721174004195,2.442348008385744
GGA3,0.23060796645702306,0.016771488469601678,2.4213836477987423
GGCT,0.29350104821802936,0.0020964360587002098,2.647798742138365
GGCX,0.22641509433962265,0.014675052410901468,2.40251572327044
GGH,0.3249475890985325,0.018867924528301886,2.792452830188679
GGPS1,0.22851153039832284,0.06918238993710692,2.3752620545073375
GGT1,0.20545073375262055,0.029350104821802937,2.339622641509434
GGT5,0.20754716981132076,0.027253668763102725,2.348008385744235
GGT6,0.15723270440251572,0.09014675052410902,2.1823899371069184
GGT7,0.22851153039832284,0.012578616352201259,2.4255765199161425
GH1,0.22851153039832284,0.010482180293501049,2.4255765199161425
GH2,0.22851153039832284,0.010482180293501049,2.4255765199161425
GHR,0.23060796645702306,0.014675052410901468,2.4654088050314464
GHRH,0.22641509433962265,0.016771488469601678,2.4213836477987423
GHRHR,0.29350104821802936,0.0020964360587002098,2.647798742138365
GHRL,0.20545073375262055,0.039832285115303984,2.3731656184486374
GHSR,0.2830188679245283,0.0041928721174004195,2.6142557651991614
GID8,0.24109014675052412,0.0020964360587002098,2.459119496855346
GIGYF1,0.2893081761006289,0.006289308176100629,2.6247379454926625
GIMAP4,0.27044025157232704,0.010482180293501049,2.540880503144654
GIMAP8,0.27044025157232704,0.008385744234800839,2.542976939203354
GINS1,0.2180293501048218,0.020964360587002098,2.410901467505241
GINS2,0.12578616352201258,0.27672955974842767,1.9350104821802936
GINS3,0.16142557651991615,0.1320754716981132,2.169811320754717
GINS4,0.1719077568134172,0.20964360587002095,2.150943396226415
GIP,0.23270440251572327,0.008385744234800839,2.438155136268344
GIPC1,0.2180293501048218,0.010482180293501049,2.389937106918239
GIPC2,0.1970649895178197,0.05241090146750524,2.29979035639413
GIPR,0.2138364779874214,0.012578616352201259,2.3941299790356396
GIT1,0.2138364779874214,0.016771488469601678,2.3815513626834384
GIT2,0.23270440251572327,0.008385744234800839,2.440251572327044
GJA1,0.1719077568134172,0.129979035639413,2.1823899371069184
GJA3,0.21593291404612158,0.03773584905660377,2.3647798742138364
GJD3,0.21174004192872117,0.039832285115303984,2.3459119496855347
GK,0.006289308176100629,0.7777777777777778,1.228511530398323
GK2,0.22641509433962265,0.008385744234800839,2.419287211740042
GKAP1,0.24737945492662475,0.012578616352201259,2.4633123689727463
GKN2,0.20754716981132076,0.027253668763102725,2.356394129979036
GLA,0.006289308176100629,0.7777777777777778,1.228511530398323
GLB1,0.22431865828092243,0.0041928721174004195,2.4444444444444446
GLCE,0.20754716981132076,0.012578616352201259,2.3668763102725365
GLDC,0.21174004192872117,0.03563941299790356,2.3710691823899372
GLE1,0.2578616352201258,0.0,2.530398322851153
GLG1,0.1488469601677149,0.24947589098532494,2.0146750524109014
GLI1,0.2180293501048218,0.006289308176100629,2.429769392033543
GLI2,0.18448637316561844,0.06918238993710692,2.2641509433962264
GLI3,0.2851153039832285,0.0041928721174004195,2.610062893081761
GLIPR1,0.2389937106918239,0.008385744234800839,2.461215932914046
GLMN,0.1970649895178197,0.05241090146750524,2.30188679245283
GLO1,0.22431865828092243,0.0020964360587002098,2.4150943396226414
GLOD4,0.16352201257861634,0.07756813417190776,2.211740041928721
GLP1R,0.22641509433962265,0.0020964360587002098,2.4171907756813416
GLP2R,0.14675052410901468,0.09853249475890985,2.153039832285115
GLRA1,0.22012578616352202,0.008385744234800839,2.410901467505241
GLRA2,0.010482180293501049,0.7693920335429769,1.2536687631027255
GLRA3,0.22012578616352202,0.016771488469601678,2.3752620545073375
GLRB,0.21593291404612158,0.016771488469601678,2.379454926624738
GLRX,0.19077568134171907,0.11320754716981132,2.241090146750524
GLRX2,0.22851153039832284,0.027253668763102725,2.4276729559748427
GLRX3,0.1970649895178197,0.04821802935010482,2.29979035639413
GLRX5,0.2180293501048218,0.020964360587002098,2.3836477987421385
GLS,0.2180293501048218,0.010482180293501049,2.4046121593291403
GLS2,0.2222222222222222,0.0041928721174004195,2.440251572327044
GLUD1,0.1740041928721174,0.14675052410901468,2.1677148846960166
GLUD2,0.008385744234800839,0.7777777777777778,1.230607966457023
GLUL,0.23270440251572327,0.012578616352201259,2.4465408805031448
GLYAT,0.23270440251572327,0.006289308176100629,2.4360587002096437
GLYCTK,0.22012578616352202,0.018867924528301886,2.419287211740042
GM2A,0.22431865828092243,0.0020964360587002098,2.4213836477987423
GMDS,0.21174004192872117,0.023060796645702306,2.3626834381551363
GMEB1,0.20335429769392033,0.020964360587002098,2.341719077568134
GMEB2,0.24109014675052412,0.0041928721174004195,2.459119496855346
GMIP,0.22641509433962265,0.0020964360587002098,2.419287211740042
GML,0.33962264150943394,0.020964360587002098,2.7756813417190775
GMNN,0.23060796645702306,0.008385744234800839,2.4171907756813416
GMPPA,0.22012578616352202,0.023060796645702306,2.3836477987421385
GMPR,0.22641509433962265,0.008385744234800839,2.408805031446541
GMPR2,0.2180293501048218,0.008385744234800839,2.4046121593291403
GMPS,0.27044025157232704,0.008385744234800839,2.5555555555555554
GNA11,0.20964360587002095,0.03563941299790356,2.341719077568134
GNA12,0.2809224318658281,0.010482180293501049,2.5723270440251573
GNA13,0.23060796645702306,0.010482180293501049,2.429769392033543
GNA14,0.24109014675052412,0.016771488469601678,2.457023060796646
GNA15,0.20964360587002095,0.03563941299790356,2.341719077568134
GNAI1,0.2746331236897275,0.010482180293501049,2.6037735849056602
GNAI2,0.2222222222222222,0.014675052410901468,2.4276729559748427
GNAI3,0.20754716981132076,0.031446540880503145,2.3459119496855347
GNAL,0.21174004192872117,0.05241090146750524,2.350104821802935
GNAO1,0.16561844863731656,0.1320754716981132,2.1719077568134173
GNAQ,0.2431865828092243,0.018867924528301886,2.450733752620545
GNAS,0.2389937106918239,0.0041928721174004195,2.461215932914046
GNAT1,0.2222222222222222,0.014675052410901468,2.4276729559748427
GNAT2,0.20754716981132076,0.033542976939203356,2.3438155136268346
GNAT3,0.2746331236897275,0.010482180293501049,2.59748427672956
GNAZ,0.20754716981132076,0.023060796645702306,2.352201257861635
GNB1,0.21174004192872117,0.016771488469601678,2.3626834381551363
GNB2,0.2893081761006289,0.006289308176100629,2.6247379454926625
GNB3,0.18238993710691823,0.07966457023060797,2.280922431865828
GNB4,0.2641509433962264,0.008385744234800839,2.570230607966457
GNB5,0.20335429769392033,0.025157232704402517,2.341719077568134
GNE,0.22641509433962265,0.010482180293501049,2.442348008385744
GNG10,0.259958071278826,0.0,2.5136268343815513
GNG11,0.2893081761006289,0.0020964360587002098,2.643605870020964
GNG12,0.20125786163522014,0.03563941299790356,2.331236897274633
GNG13,0.2389937106918239,0.012578616352201259,2.4360587002096437
GNG2,0.22851153039832284,0.0041928721174004195,2.4171907756813416
GNG3,0.23270440251572327,0.006289308176100629,2.448637316561845
GNG4,0.22851153039832284,0.06708595387840671,2.379454926624738
GNG5,0.1949685534591195,0.04612159329140461,2.29979035639413
GNG7,0.20754716981132076,0.029350104821802937,2.3438155136268346
GNG8,0.21174004192872117,0.016771488469601678,2.3857442348008386
GNGT1,0.2893081761006289,0.0020964360587002098,2.639412997903564
GNGT2,0.23060796645702306,0.006289308176100629,2.438155136268344
GNL1,0.22851153039832284,0.0020964360587002098,2.4255765199161425
GNL2,0.20754716981132076,0.014675052410901468,2.356394129979036
GNL3,0.22012578616352202,0.018867924528301886,2.419287211740042
GNL3L,0.008385744234800839,0.7756813417190775,1.2368972746331237
GNMT,0.22851153039832284,0.008385744234800839,2.419287211740042
GNPAT,0.22851153039832284,0.06079664570230608,2.3773584905660377
GNPDA1,0.2222222222222222,0.014675052410901468,2.410901467505241
GNPDA2,0.20964360587002095,0.03563941299790356,2.358490566037736
GNPNAT1,0.22641509433962265,0.0041928721174004195,2.4171907756813416
GNPTAB,0.2431865828092243,0.010482180293501049,2.4633123689727463
GNPTG,0.2431865828092243,0.010482180293501049,2.4465408805031448
GNRH1,0.08176100628930817,0.39832285115303984,1.7442348008385744
GNRHR,0.22012578616352202,0.016771488469601678,2.3878406708595388
GNS,0.23270440251572327,0.012578616352201259,2.4465408805031448
GOLGA1,0.259958071278826,0.0020964360587002098,2.538784067085954
GOLGA2,0.259958071278826,0.0,2.5345911949685536
GOLGA3,0.2138364779874214,0.039832285115303984,2.3647798742138364
GOLGA4,0.22431865828092243,0.006289308176100629,2.440251572327044
GOLGA5,0.22012578616352202,0.029350104821802937,2.3710691823899372
GOLGA7,0.1719077568134172,0.20754716981132076,2.153039832285115
GOLGB1,0.2557651991614256,0.012578616352201259,2.509433962264151
GOLIM4,0.28721174004192873,0.0041928721174004195,2.6268343815513626
GOLM1,0.25366876310272535,0.014675052410901468,2.4779874213836477
GOLPH3,0.23060796645702306,0.008385744234800839,2.4779874213836477
GOLPH3L,0.2557651991614256,0.0,2.5345911949685536
GON4L,0.24109014675052412,0.014675052410901468,2.4716981132075473
GOPC,0.15932914046121593,0.16561844863731656,2.1236897274633124
GORAB,0.2222222222222222,0.029350104821802937,2.408805031446541
GORASP1,0.2222222222222222,0.0,2.4465408805031448
GORASP2,0.1970649895178197,0.050314465408805034,2.3207547169811322
GOSR1,0.20964360587002095,0.023060796645702306,2.368972746331237
GOSR2,0.21174004192872117,0.05870020964360587,2.3333333333333335
GOT1,0.1928721174004193,0.07966457023060797,2.2536687631027252
GOT2,0.15723270440251572,0.13417190775681342,2.1635220125786163
GP1BA,0.15723270440251572,0.0880503144654088,2.1844863731656186
GP1BB,0.20125786163522014,0.029350104821802937,2.331932773109244
GP2,0.2348008385744235,0.008385744234800839,2.4360587002096437
GP5,0.24109014675052412,0.025157232704402517,2.440251572327044
GP6,0.23060796645702306,0.0,2.4360587002096437
GP9,0.2746331236897275,0.012578616352201259,2.591194968553459
GPA33,0.23060796645702306,0.033542976939203356,2.4171907756813416
GPAA1,0.33752620545073375,0.023060796645702306,2.7777777777777777
GPAM,0.19916142557651992,0.04612159329140461,2.29979035639413
GPAT3,0.22012578616352202,0.006289308176100629,2.40041928721174
GPAT4,0.1719077568134172,0.20964360587002095,2.150943396226415
GPATCH1,0.2222222222222222,0.0041928721174004195,2.4150943396226414
GPC1,0.2138364779874214,0.025157232704402517,2.3647798742138364
GPC2,0.2851153039832285,0.008385744234800839,2.610062893081761
GPC3,0.010482180293501049,0.779874213836478,1.2348008385744236
GPC4,0.010482180293501049,0.779874213836478,1.2348008385744236
GPC5,0.17819706498951782,0.11320754716981132,2.209643605870021
GPC6,0.18029350104821804,0.1111111111111111,2.207547169811321
GPCPD1,0.21593291404612158,0.03563941299790356,2.368972746331237
GPD1,0.21593291404612158,0.0020964360587002098,2.4234800838574424
GPD1L,0.22431865828092243,0.010482180293501049,2.4360587002096437
GPD2,0.1970649895178197,0.05450733752620545,2.3207547169811322
GPHA2,0.24109014675052412,0.0020964360587002098,2.4779874213836477
GPHB5,0.21174004192872117,0.020964360587002098,2.3731656184486374
GPHN,0.21174004192872117,0.020964360587002098,2.3731656184486374
GPI,0.2180293501048218,0.0041928721174004195,2.4150943396226414
GPIHBP1,0.33962264150943394,0.020964360587002098,2.7819706498951784
GPKOW,0.012578616352201259,0.7735849056603774,1.251572327044025
GPLD1,0.23060796645702306,0.010482180293501049,2.4150943396226414
GPN1,0.22641509433962265,0.008385744234800839,2.4213836477987423
GPN3,0.23060796645702306,0.010482180293501049,2.4318658280922434
GPNMB,0.2914046121593291,0.006289308176100629,2.620545073375262
GPR119,0.010482180293501049,0.779874213836478,1.2348008385744236
GPR143,0.014675052410901468,0.7735849056603774,1.2557651991614256
GPR15,0.24109014675052412,0.014675052410901468,2.4654088050314464
GPR153,0.20125786163522014,0.025157232704402517,2.3333333333333335
GPR156,0.24947589098532494,0.018867924528301886,2.490566037735849
GPR161,0.23060796645702306,0.023060796645702306,2.419287211740042
GPR17,0.1740041928721174,0.07547169811320754,2.241090146750524
GPR180,0.1740041928721174,0.1111111111111111,2.2138364779874213
GPR183,0.18238993710691823,0.09643605870020965,2.2327044025157234
GPR20,0.33962264150943394,0.020964360587002098,2.7861635220125787
GPR25,0.2348008385744235,0.010482180293501049,2.4633123689727463
GPR35,0.2138364779874214,0.023060796645702306,2.3668763102725365
GPR37,0.2662473794549266,0.018867924528301886,2.519916142557652
GPR39,0.17819706498951782,0.09224318658280922,2.2243186582809225
GPR45,0.22012578616352202,0.010482180293501049,2.39832285115304
GPR50,0.014675052410901468,0.7756813417190775,1.2431865828092243
GPR55,0.2180293501048218,0.016771488469601678,2.3878406708595388
GPR83,0.24109014675052412,0.016771488469601678,2.4465408805031448
GPR84,0.2222222222222222,0.0020964360587002098,2.4360587002096437
GPS1,0.22851153039832284,0.008385744234800839,2.4255765199161425
GPS2,0.12159329140461216,0.17819706498951782,2.029350104821803
GPSM1,0.2557651991614256,0.0020964360587002098,2.509433962264151
GPSM2,0.20754716981132076,0.031446540880503145,2.3459119496855347
GPT,0.33752620545073375,0.025157232704402517,2.7651991614255764
GPT2,0.21174004192872117,0.06079664570230608,2.3542976939203353
GPX1,0.22012578616352202,0.014675052410901468,2.4213836477987423
GPX2,0.2138364779874214,0.016771488469601678,2.3773584905660377
GPX4,0.2138364779874214,0.014675052410901468,2.3668763102725365
GPX7,0.20545073375262055,0.0440251572327044,2.3207547169811322
GPX8,0.1719077568134172,0.11740041928721175,2.20125786163522
GRAP,0.19916142557651992,0.031446540880503145,2.341719077568134
GRAP2,0.20545073375262055,0.023060796645702306,2.350104821802935
GRB10,0.2746331236897275,0.014675052410901468,2.5534591194968552
GRB14,0.1949685534591195,0.050314465408805034,2.308176100628931
GRB2,0.23060796645702306,0.016771488469601678,2.4213836477987423
GRB7,0.20964360587002095,0.033542976939203356,2.4339622641509435
GREM2,0.23060796645702306,0.039832285115303984,2.429769392033543
GRHL1,0.23060796645702306,0.0,2.429769392033543
GRHPR,0.22851153039832284,0.012578616352201259,2.452830188679245
GRIA1,0.22851153039832284,0.010482180293501049,2.4213836477987423
GRIA2,0.21593291404612158,0.016771488469601678,2.379454926624738
GRIA3,0.008385744234800839,0.779874213836478,1.228511530398323
GRIA4,0.22641509433962265,0.041928721174004195,2.392033542976939
GRID2,0.22012578616352202,0.014675052410901468,2.39832285115304
GRID2IP,0.27882599580712786,0.012578616352201259,2.5660377358490565
GRIK1,0.2138364779874214,0.018867924528301886,2.3962264150943398
GRIK2,0.14046121593291405,0.21593291404612158,2.041928721174004
GRIK3,0.20754716981132076,0.014675052410901468,2.356394129979036
GRIK4,0.21593291404612158,0.05450733752620545,2.3647798742138364
GRIK5,0.21174004192872117,0.020964360587002098,2.3815513626834384
GRIN1,0.25366876310272535,0.0,2.5136268343815513
GRIN2A,0.24737945492662475,0.0041928721174004195,2.4549266247379453
GRIN2B,0.16561844863731656,0.13836477987421383,2.1781970649895177
GRIN2C,0.23060796645702306,0.016771488469601678,2.4213836477987423
GRIN2D,0.2138364779874214,0.018867924528301886,2.3962264150943398
GRIN3A,0.2641509433962264,0.008385744234800839,2.5136268343815513
GRIN3B,0.2138364779874214,0.014675052410901468,2.3668763102725365
GRIP1,0.2348008385744235,0.010482180293501049,2.4549266247379453
GRIP2,0.22012578616352202,0.008385744234800839,2.4339622641509435
GRK1,0.1928721174004193,0.07127882599580712,2.2788259958071277
GRK2,0.2641509433962264,0.0,2.5345911949685536
GRK4,0.21593291404612158,0.016771488469601678,2.379454926624738
GRK5,0.1949685534591195,0.03563941299790356,2.3123689727463312
GRK6,0.22851153039832284,0.0,2.442348008385744
GRK7,0.2746331236897275,0.008385744234800839,2.6037735849056602
GRM1,0.19916142557651992,0.025157232704402517,2.3375262054507338
GRM2,0.22012578616352202,0.018867924528301886,2.4213836477987423
GRM3,0.2893081761006289,0.0020964360587002098,2.6331236897274635
GRM4,0.22431865828092243,0.0041928721174004195,2.4150943396226414
GRM5,0.24737945492662475,0.014675052410901468,2.469601677148847
GRM6,0.22851153039832284,0.0020964360587002098,2.4339622641509435
GRM7,0.22012578616352202,0.031446540880503145,2.4046121593291403
GRM8,0.25157232704402516,0.029350104821802937,2.4863731656184487
GRN,0.18867924528301888,0.13836477987421383,2.2054507337526204
GRP,0.16352201257861634,0.1509433962264151,2.153039832285115
GRPEL1,0.2180293501048218,0.016771488469601678,2.3941299790356396
GRPEL2,0.22431865828092243,0.006289308176100629,2.419287211740042
GRPR,0.014675052410901468,0.7610062893081762,1.2620545073375262
GRSF1,0.23270440251572327,0.010482180293501049,2.4213836477987423
GRWD1,0.21174004192872117,0.018867924528301886,2.392033542976939
GRXCR1,0.20964360587002095,0.039832285115303984,2.352201257861635
GSC,0.22012578616352202,0.020964360587002098,2.3836477987421385
GSDMB,0.20964360587002095,0.03563941299790356,2.4318658280922434
GSK3A,0.20754716981132076,0.031446540880503145,2.360587002096436
GSK3B,0.24737945492662475,0.023060796645702306,2.4779874213836477
GSN,0.25366876310272535,0.0041928721174004195,2.530398322851153
GSPT1,0.24737945492662475,0.008385744234800839,2.452830188679245
GSPT2,0.008385744234800839,0.7819706498951782,1.228511530398323
GSR,0.11740041928721175,0.3228511530398323,1.8972746331236898
GSTA1,0.2180293501048218,0.008385744234800839,2.3962264150943398
GSTA2,0.2180293501048218,0.008385744234800839,2.3962264150943398
GSTA3,0.2180293501048218,0.006289308176100629,2.39832285115304
GSTA4,0.2180293501048218,0.006289308176100629,2.39832285115304
GSTA5,0.2180293501048218,0.008385744234800839,2.3962264150943398
GSTK1,0.27672955974842767,0.014675052410901468,2.5660377358490565
GSTM1,0.20754716981132076,0.033542976939203356,2.3438155136268346
GSTM2,0.20754716981132076,0.033542976939203356,2.3438155136268346
GSTM3,0.20754716981132076,0.033542976939203356,2.3438155136268346
GSTM4,0.20754716981132076,0.033542976939203356,2.3438155136268346
GSTM5,0.20754716981132076,0.033542976939203356,2.3438155136268346
GSTO1,0.1928721174004193,0.07127882599580712,2.259958071278826
GSTO2,0.1928721174004193,0.07127882599580712,2.259958071278826
GSTP1,0.2641509433962264,0.0,2.5345911949685536
GSTT2B,0.20545073375262055,0.027253668763102725,2.3459119496855347
GSTZ1,0.2138364779874214,0.020964360587002098,2.3752620545073375
GTF2A1,0.2180293501048218,0.014675052410901468,2.40041928721174
GTF2A1L,0.22012578616352202,0.023060796645702306,2.3836477987421385
GTF2A2,0.20545073375262055,0.025157232704402517,2.3542976939203353
GTF2B,0.19916142557651992,0.041928721174004195,2.3186582809224316
GTF2E1,0.25157232704402516,0.014675052410901468,2.49895178197065
GTF2E2,0.11530398322851153,0.32914046121593293,1.8867924528301887
GTF2F1,0.2138364779874214,0.014675052410901468,2.3815513626834384
GTF2F2,0.11320754716981132,0.3060796645702306,1.8742138364779874
GTF2H1,0.23270440251572327,0.0041928721174004195,2.4255765199161425
GTF2H2,0.16561844863731656,0.129979035639413,2.1719077568134173
GTF2H2C,0.16352201257861634,0.13626834381551362,2.161425576519916
GTF2H3,0.22431865828092243,0.03773584905660377,2.3857442348008386
GTF2H4,0.22851153039832284,0.0041928721174004195,2.4234800838574424
GTF2H5,0.20335429769392033,0.03563941299790356,2.341719077568134
GTF2I,0.2830188679245283,0.0,2.60167714884696
GTF2IRD2,0.2830188679245283,0.0,2.59958071278826
GTF2IRD2B,0.2809224318658281,0.0,2.59748427672956
GTF3A,0.21593291404612158,0.023060796645702306,2.3668763102725365
GTF3C1,0.23689727463312368,0.008385744234800839,2.442348008385744
GTF3C2,0.22641509433962265,0.008385744234800839,2.4213836477987423
GTF3C3,0.22012578616352202,0.010482180293501049,2.406708595387841
GTF3C4,0.25366876310272535,0.006289308176100629,2.49685534591195
GTF3C5,0.2557651991614256,0.0020964360587002098,2.50314465408805
GTF3C6,0.1488469601677149,0.20125786163522014,2.0754716981132075
GTPBP1,0.20754716981132076,0.018867924528301886,2.360587002096436
GTPBP10,0.2851153039832285,0.0,2.620545073375262
GTPBP3,0.2180293501048218,0.0,2.4129979035639413
GTPBP4,0.2138364779874214,0.025157232704402517,2.368972746331237
GTSE1,0.20125786163522014,0.0440251572327044,2.3123689727463312
GUCA1B,0.22851153039832284,0.006289308176100629,2.419287211740042
GUCY1A1,0.2222222222222222,0.012578616352201259,2.3962264150943398
GUCY1A2,0.22641509433962265,0.0440251572327044,2.39832285115304
GUCY1B1,0.22012578616352202,0.014675052410901468,2.3878406708595388
GUCY2C,0.18029350104821804,0.11320754716981132,2.2452830188679247
GUCY2D,0.11949685534591195,0.16771488469601678,2.0335429769392035
GUCY2F,0.006289308176100629,0.779874213836478,1.2264150943396226
GUF1,0.20964360587002095,0.03563941299790356,2.358490566037736
GUK1,0.22012578616352202,0.06079664570230608,2.3731656184486374
GULP1,0.2138364779874214,0.025157232704402517,2.3773584905660377
GUSB,0.2809224318658281,0.0,2.59748427672956
GXYLT1,0.2180293501048218,0.010482180293501049,2.408805031446541
GXYLT2,0.20545073375262055,0.07966457023060797,2.3270440251572326
GYG1,0.2746331236897275,0.012578616352201259,2.570230607966457
GYG2,0.012578616352201259,0.7714884696016772,1.251572327044025
GYPB,0.22431865828092243,0.008385744234800839,2.40251572327044
GYPC,0.1761006289308176,0.06918238993710692,2.2452830188679247
GYS1,0.21174004192872117,0.014675052410901468,2.3962264150943398
GYS2,0.19077568134171907,0.08385744234800839,2.2872117400419287
GZMA,0.1719077568134172,0.11740041928721175,2.20125786163522
GZMB,0.2180293501048218,0.006289308176100629,2.406708595387841
GZMH,0.2180293501048218,0.006289308176100629,2.406708595387841
GZMK,0.1719077568134172,0.11530398322851153,2.20335429769392
GZMM,0.21174004192872117,0.014675052410901468,2.3647798742138364
HAAO,0.21593291404612158,0.0440251572327044,2.352201257861635
HABP2,0.20335429769392033,0.039832285115303984,2.3144654088050314
HACD1,0.2138364779874214,0.03773584905660377,2.3647798742138364
HACD2,0.2641509433962264,0.012578616352201259,2.5220125786163523
HACD4,0.21174004192872117,0.027253668763102725,2.379454926624738
HACE1,0.14675052410901468,0.20964360587002095,2.052410901467505
HACL1,0.22012578616352202,0.010482180293501049,2.4339622641509435
HADH,0.22012578616352202,0.010482180293501049,2.40041928721174
HADHA,0.22851153039832284,0.014675052410901468,2.4150943396226414
HADHB,0.22851153039832284,0.014675052410901468,2.4150943396226414
HAGH,0.25157232704402516,0.0041928721174004195,2.4654088050314464
HAL,0.24737945492662475,0.006289308176100629,2.49895178197065
HAMP,0.22012578616352202,0.0041928721174004195,2.4171907756813416
HAND1,0.23060796645702306,0.006289308176100629,2.4234800838574424
HAND2,0.2138364779874214,0.025157232704402517,2.3626834381551363
HAO1,0.2222222222222222,0.03563941299790356,2.3857442348008386
HAO2,0.22641509433962265,0.014675052410901468,2.4276729559748427
HAP1,0.20964360587002095,0.050314465408805034,2.3270440251572326
HAPLN1,0.20125786163522014,0.050314465408805034,2.3291404612159328
HARBI1,0.21174004192872117,0.05241090146750524,2.3542976939203353
HARS2,0.22431865828092243,0.010482180293501049,2.4129979035639413
HASPIN,0.16142557651991615,0.07756813417190776,2.2054507337526204
HAT1,0.19916142557651992,0.04821802935010482,2.3228511530398324
HAUS1,0.1719077568134172,0.11740041928721175,2.20125786163522
HAUS2,0.1949685534591195,0.03773584905660377,2.3165618448637315
HAUS3,0.22012578616352202,0.016771488469601678,2.39832285115304
HAUS4,0.2138364779874214,0.008385744234800839,2.3962264150943398
HAUS5,0.2180293501048218,0.0041928721174004195,2.408805031446541
HAUS6,0.21174004192872117,0.020964360587002098,2.3857442348008386
HAUS7,0.010482180293501049,0.7819706498951782,1.2327044025157232
HAUS8,0.2180293501048218,0.0,2.4129979035639413
HAVCR1,0.23060796645702306,0.008385744234800839,2.4360587002096437
HAVCR2,0.23060796645702306,0.006289308176100629,2.438155136268344
HAX1,0.2578616352201258,0.0,2.5241090146750524
HBA1,0.2389937106918239,0.012578616352201259,2.4360587002096437
HBA2,0.2389937106918239,0.012578616352201259,2.4360587002096437
HBB,0.22641509433962265,0.012578616352201259,2.4129979035639413
HBE1,0.22641509433962265,0.012578616352201259,2.4150943396226414
HBEGF,0.2222222222222222,0.010482180293501049,2.408805031446541
HBG1,0.22641509433962265,0.012578616352201259,2.4129979035639413
HBP1,0.2746331236897275,0.016771488469601678,2.5639412997903563
HBQ1,0.2389937106918239,0.012578616352201259,2.4360587002096437
HBZ,0.2389937106918239,0.012578616352201259,2.4360587002096437
HCAR1,0.22641509433962265,0.029350104821802937,2.39832285115304
HCCS,0.014675052410901468,0.7714884696016772,1.259958071278826
HCFC1,0.010482180293501049,0.7819706498951782,1.2327044025157232
HCFC2,0.24109014675052412,0.008385744234800839,2.459119496855346
HCLS1,0.2557651991614256,0.012578616352201259,2.509433962264151
HCN1,0.23060796645702306,0.016771488469601678,2.4465408805031448
HCN2,0.21174004192872117,0.014675052410901468,2.3647798742138364
HCN4,0.20545073375262055,0.018867924528301886,2.3626834381551363
HCRT,0.20754716981132076,0.06708595387840671,2.3039832285115303
HCRTR1,0.22012578616352202,0.012578616352201259,2.3731656184486374
HCRTR2,0.2180293501048218,0.010482180293501049,2.3941299790356396
HCST,0.21593291404612158,0.0041928721174004195,2.406708595387841
HDAC1,0.2180293501048218,0.012578616352201259,2.3710691823899372
HDAC10,0.20545073375262055,0.039832285115303984,2.331236897274633
HDAC11,0.22431865828092243,0.012578616352201259,2.438155136268344
HDAC2,0.1509433962264151,0.1928721174004193,2.079664570230608
HDAC3,0.2222222222222222,0.012578616352201259,2.408805031446541
HDAC4,0.2138364779874214,0.027253668763102725,2.3626834381551363
HDAC5,0.19077568134171907,0.13836477987421383,2.209643605870021
HDAC6,0.012578616352201259,0.7735849056603774,1.251572327044025
HDAC7,0.21174004192872117,0.012578616352201259,2.3941299790356396
HDAC8,0.008385744234800839,0.7777777777777778,1.2348008385744236
HDAC9,0.2851153039832285,0.014675052410901468,2.5953878406708597
HDC,0.20545073375262055,0.027253668763102725,2.339622641509434
HDGF,0.23270440251572327,0.020964360587002098,2.450733752620545
HDLBP,0.2138364779874214,0.025157232704402517,2.368972746331237
HEATR1,0.23060796645702306,0.05660377358490566,2.3941299790356396
HEBP1,0.15723270440251572,0.14465408805031446,2.150943396226415
HEBP2,0.2138364779874214,0.018867924528301886,2.3668763102725365
HECTD3,0.20964360587002095,0.012578616352201259,2.360587002096436
HECW1,0.27882599580712786,0.0020964360587002098,2.589098532494759
HECW2,0.2222222222222222,0.008385744234800839,2.410901467505241
HEG1,0.2641509433962264,0.016771488469601678,2.509433962264151
HELB,0.23689727463312368,0.008385744234800839,2.4549266247379453
HELLS,0.17819706498951782,0.08176100628930817,2.2264150943396226
HELQ,0.22012578616352202,0.006289308176100629,2.40041928721174
HELZ,0.23270440251572327,0.010482180293501049,2.4339622641509435
HELZ2,0.24109014675052412,0.0041928721174004195,2.459119496855346
HENMT1,0.20754716981132076,0.031446540880503145,2.3459119496855347
HERC1,0.20335429769392033,0.012578616352201259,2.358490566037736
HERC2,0.20545073375262055,0.029350104821802937,2.352201257861635
HERC3,0.22851153039832284,0.020964360587002098,2.40041928721174
HERC4,0.21593291404612158,0.039832285115303984,2.3542976939203353
HERC5,0.22641509433962265,0.018867924528301886,2.39832285115304
HERC6,0.22641509433962265,0.018867924528301886,2.39832285115304
HERPUD1,0.16352201257861634,0.13836477987421383,2.1656184486373165
HES1,0.24109014675052412,0.031446540880503145,2.4339622641509435
HES6,0.21174004192872117,0.025157232704402517,2.3647798742138364
HES7,0.129979035639413,0.14046121593291405,2.0775681341719077
HESX1,0.22431865828092243,0.010482180293501049,2.4360587002096437
HEXA,0.20964360587002095,0.014675052410901468,2.3710691823899372
HEXB,0.1761006289308176,0.11740041928721175,2.2138364779874213
HEXIM1,0.1928721174004193,0.09224318658280922,2.2662473794549265
HEXIM2,0.1928721174004193,0.09224318658280922,2.2662473794549265
HEY1,0.35639412997903563,0.0020964360587002098,2.9350104821802936
HEY2,0.1949685534591195,0.06708595387840671,2.2851153039832286
HEYL,0.21174004192872117,0.012578616352201259,2.368972746331237
HFE,0.22431865828092243,0.016771488469601678,2.39832285115304
HGD,0.25157232704402516,0.014675052410901468,2.49895178197065
HGF,0.27882599580712786,0.008385744234800839,2.60167714884696
HGFAC,0.2138364779874214,0.016771488469601678,2.3815513626834384
HGS,0.22431865828092243,0.010482180293501049,2.4171907756813416
HHAT,0.22851153039832284,0.029350104821802937,2.4360587002096437
HHIP,0.22431865828092243,0.010482180293501049,2.40041928721174
HIBADH,0.2914046121593291,0.0020964360587002098,2.643605870020964
HIBCH,0.2180293501048218,0.016771488469601678,2.39832285115304
HIC1,0.16352201257861634,0.07756813417190776,2.209643605870021
HID1,0.23060796645702306,0.016771488469601678,2.4213836477987423
HIF1A,0.21593291404612158,0.020964360587002098,2.3773584905660377
HIF1AN,0.19077568134171907,0.07547169811320754,2.251572327044025
HIF3A,0.21174004192872117,0.016771488469601678,2.3857442348008386
HIGD1A,0.2222222222222222,0.0041928721174004195,2.4465408805031448
HIKESHI,0.24737945492662475,0.008385744234800839,2.4675052410901466
HINT1,0.2138364779874214,0.027253668763102725,2.3773584905660377
HIP1,0.2809224318658281,0.0,2.59748427672956
HIP1R,0.22641509433962265,0.029350104821802937,2.39832285115304
HIPK1,0.21174004192872117,0.027253668763102725,2.3647798742138364
HIPK2,0.2746331236897275,0.010482180293501049,2.561844863731656
HIPK3,0.23060796645702306,0.020964360587002098,2.410901467505241
HIPK4,0.21174004192872117,0.012578616352201259,2.392033542976939
HIRA,0.19916142557651992,0.031446540880503145,2.3270440251572326
HIVEP2,0.21174004192872117,0.029350104821802937,2.356394129979036
HIVEP3,0.20754716981132076,0.014675052410901468,2.358490566037736
HJURP,0.22012578616352202,0.029350104821802937,2.3752620545073375
HJV,0.24109014675052412,0.0041928721174004195,2.50314465408805
HK2,0.21174004192872117,0.020964360587002098,2.368972746331237
HK3,0.22851153039832284,0.0,2.438155136268344
HKDC1,0.21174004192872117,0.033542976939203356,2.3542976939203353
HLA-A,0.22851153039832284,0.0041928721174004195,2.419287211740042
HLA-B,0.22851153039832284,0.0020964360587002098,2.4255765199161425
HLA-C,0.22851153039832284,0.0020964360587002098,2.4255765199161425
HLA-DMA,0.22641509433962265,0.006289308176100629,2.4150943396226414
HLA-DMB,0.22851153039832284,0.006289308176100629,2.4171907756813416
HLA-DOA,0.22641509433962265,0.006289308176100629,2.4150943396226414
HLA-DOB,0.22851153039832284,0.006289308176100629,2.4171907756813416
HLA-DPA1,0.22641509433962265,0.008385744234800839,2.4129979035639413
HLA-DPB1,0.22641509433962265,0.008385744234800839,2.4129979035639413
HLA-DQA1,0.22851153039832284,0.006289308176100629,2.4171907756813416
HLA-DQA2,0.22851153039832284,0.006289308176100629,2.4171907756813416
HLA-DQB1,0.22851153039832284,0.006289308176100629,2.4171907756813416
HLA-DQB2,0.22851153039832284,0.006289308176100629,2.4171907756813416
HLA-DRA,0.22851153039832284,0.0041928721174004195,2.419287211740042
HLA-DRB1,0.22851153039832284,0.006289308176100629,2.4171907756813416
HLA-DRB5,0.22851153039832284,0.006289308176100629,2.4171907756813416
HLA-E,0.22851153039832284,0.0020964360587002098,2.4255765199161425
HLA-F,0.22851153039832284,0.006289308176100629,2.4171907756813416
HLCS,0.2180293501048218,0.025157232704402517,2.4046121593291403
HLTF,0.2746331236897275,0.012578616352201259,2.570230607966457
HLX,0.22851153039832284,0.050314465408805034,2.410901467505241
HM13,0.2348008385744235,0.006289308176100629,2.4549266247379453
HMG20A,0.20754716981132076,0.014675052410901468,2.368972746331237
HMG20B,0.20964360587002095,0.033542976939203356,2.350104821802935
HMGA1,0.22431865828092243,0.0041928721174004195,2.4150943396226414
HMGA2,0.23270440251572327,0.012578616352201259,2.4465408805031448
HMGB1,0.20754716981132076,0.06918238993710692,2.29979035639413
HMGB2,0.21593291404612158,0.023060796645702306,2.3668763102725365
HMGB3,0.014675052410901468,0.7756813417190775,1.2431865828092243
HMGCL,0.20335429769392033,0.033542976939203356,2.3291404612159328
HMGCR,0.18029350104821804,0.11530398322851153,2.2243186582809225
HMGCS1,0.23270440251572327,0.016771488469601678,2.461215932914046
HMGCS2,0.22641509433962265,0.014675052410901468,2.429769392033543
HMGN1,0.16561844863731656,0.17819706498951782,2.140461215932914
HMGN2,0.20754716981132076,0.014675052410901468,2.3542976939203353
HMGN3,0.16771488469601678,0.15932914046121593,2.148846960167715
HMGN5,0.006289308176100629,0.7819706498951782,1.2222222222222223
HMGXB4,0.21174004192872117,0.023060796645702306,2.356394129979036
HMMR,0.22851153039832284,0.008385744234800839,2.4318658280922434
HMOX1,0.21174004192872117,0.023060796645702306,2.356394129979036
HMOX2,0.24528301886792453,0.010482180293501049,2.4444444444444446
HNF1A,0.24109014675052412,0.025157232704402517,2.429769392033543
HNF1B,0.20964360587002095,0.025157232704402517,2.3626834381551363
HNF4A,0.23060796645702306,0.008385744234800839,2.4465408805031448
HNF4G,0.350104821802935,0.014675052410901468,2.89727463312369
HNMT,0.16142557651991615,0.09224318658280922,2.20125786163522
HNRNPA0,0.2222222222222222,0.014675052410901468,2.406708595387841
HNRNPA1,0.2222222222222222,0.0020964360587002098,2.4360587002096437
HNRNPA1L2,0.1278825995807128,0.2641509433962264,1.9412997903563942
HNRNPA2B1,0.2914046121593291,0.0020964360587002098,2.641509433962264
HNRNPA3,0.20125786163522014,0.04612159329140461,2.331236897274633
HNRNPAB,0.22851153039832284,0.0020964360587002098,2.438155136268344
HNRNPC,0.20964360587002095,0.012578616352201259,2.379454926624738
HNRNPD,0.22012578616352202,0.006289308176100629,2.39832285115304
HNRNPDL,0.22012578616352202,0.006289308176100629,2.39832285115304
HNRNPF,0.21174004192872117,0.039832285115303984,2.348008385744235
HNRNPH1,0.23060796645702306,0.0020964360587002098,2.440251572327044
HNRNPH2,0.006289308176100629,0.7777777777777778,1.228511530398323
HNRNPH3,0.2180293501048218,0.03773584905660377,2.3647798742138364
HNRNPK,0.24737945492662475,0.012578616352201259,2.4633123689727463
HNRNPL,0.21593291404612158,0.010482180293501049,2.3962264150943398
HNRNPLL,0.2138364779874214,0.0440251572327044,2.352201257861635
HNRNPM,0.2138364779874214,0.008385744234800839,2.3815513626834384
HNRNPR,0.20335429769392033,0.029350104821802937,2.331236897274633
HNRNPU,0.23689727463312368,0.018867924528301886,2.4549266247379453
HNRNPUL1,0.21174004192872117,0.018867924528301886,2.3836477987421385
HNRNPUL2,0.23270440251572327,0.006289308176100629,2.448637316561845
HOGA1,0.1949685534591195,0.07547169811320754,2.257861635220126
HOMER1,0.17819706498951782,0.09433962264150944,2.2368972746331237
HOMER2,0.20964360587002095,0.010482180293501049,2.3815513626834384
HOMER3,0.22012578616352202,0.0,2.4150943396226414
HOOK1,0.20545073375262055,0.041928721174004195,2.3249475890985325
HOOK2,0.2138364779874214,0.014675052410901468,2.3773584905660377
HOOK3,0.20964360587002095,0.15723270440251572,2.308176100628931
HOPX,0.21593291404612158,0.016771488469601678,2.3878406708595388
HORMAD1,0.2557651991614256,0.0,2.5345911949685536
HOXA10,0.2893081761006289,0.0020964360587002098,2.641509433962264
HOXA2,0.2893081761006289,0.0020964360587002098,2.639412997903564
HOXA3,0.2893081761006289,0.0020964360587002098,2.641509433962264
HOXA5,0.2893081761006289,0.0020964360587002098,2.641509433962264
HOXA7,0.2893081761006289,0.0020964360587002098,2.641509433962264
HOXA9,0.2893081761006289,0.0020964360587002098,2.641509433962264
HOXB1,0.23060796645702306,0.006289308176100629,2.429769392033543
HOXB13,0.23270440251572327,0.006289308176100629,2.440251572327044
HOXB2,0.23060796645702306,0.006289308176100629,2.429769392033543
HOXB3,0.23060796645702306,0.006289308176100629,2.429769392033543
HOXB4,0.23060796645702306,0.006289308176100629,2.429769392033543
HOXB5,0.23060796645702306,0.006289308176100629,2.429769392033543
HOXB6,0.23060796645702306,0.006289308176100629,2.429769392033543
HOXB7,0.23060796645702306,0.006289308176100629,2.429769392033543
HOXB8,0.23060796645702306,0.006289308176100629,2.429769392033543
HOXC13,0.22431865828092243,0.0020964360587002098,2.438155136268344
HOXC4,0.22431865828092243,0.0020964360587002098,2.438155136268344
HOXC5,0.22431865828092243,0.0020964360587002098,2.438155136268344
HOXC6,0.22431865828092243,0.0020964360587002098,2.438155136268344
HOXC8,0.22431865828092243,0.0020964360587002098,2.438155136268344
HOXC9,0.22431865828092243,0.0020964360587002098,2.438155136268344
HOXD1,0.20125786163522014,0.05241090146750524,2.3249475890985325
HOXD3,0.20125786163522014,0.05241090146750524,2.3249475890985325
HOXD4,0.20125786163522014,0.05241090146750524,2.3249475890985325
HOXD9,0.20125786163522014,0.050314465408805034,2.3270440251572326
HP,0.1488469601677149,0.24947589098532494,2.0230607966457024
HPD,0.2348008385744235,0.031446540880503145,2.410901467505241
HPGDS,0.2222222222222222,0.023060796645702306,2.389937106918239
HPN,0.2180293501048218,0.0041928721174004195,2.4150943396226414
HPR,0.1488469601677149,0.24947589098532494,2.0230607966457024
HPRT1,0.010482180293501049,0.779874213836478,1.2348008385744236
HPS1,0.1928721174004193,0.07337526205450734,2.2557651991614254
HPS3,0.2746331236897275,0.012578616352201259,2.570230607966457
HPS4,0.20125786163522014,0.031446540880503145,2.3333333333333335
HPS5,0.23270440251572327,0.0041928721174004195,2.4255765199161425
HPS6,0.19077568134171907,0.07756813417190776,2.247379454926625
HPSE,0.22012578616352202,0.006289308176100629,2.40251572327044
HPX,0.22851153039832284,0.008385744234800839,2.4213836477987423
HRAS,0.23060796645702306,0.012578616352201259,2.410901467505241
HRC,0.21174004192872117,0.010482180293501049,2.40041928721174
HRG,0.25157232704402516,0.012578616352201259,2.4842767295597485
HRH1,0.20964360587002095,0.031446540880503145,2.3836477987421385
HRH3,0.24109014675052412,0.0041928721174004195,2.457023060796646
HRH4,0.18029350104821804,0.08176100628930817,2.2536687631027252
HRK,0.24737945492662475,0.016771488469601678,2.457023060796646
HRNR,0.24737945492662475,0.0020964360587002098,2.519916142557652
HS2ST1,0.19916142557651992,0.039832285115303984,2.3144654088050314
HS3ST1,0.2348008385744235,0.018867924528301886,2.4171907756813416
HS3ST2,0.2348008385744235,0.006289308176100629,2.438155136268344
HS3ST3A1,0.15723270440251572,0.07756813417190776,2.207547169811321
HS3ST3B1,0.16142557651991615,0.07756813417190776,2.211740041928721
HS6ST1,0.1761006289308176,0.07547169811320754,2.243186582809224
HS6ST2,0.010482180293501049,0.779874213836478,1.2348008385744236
HSBP1,0.13626834381551362,0.2662473794549266,1.9748427672955975
HSCB,0.19077568134171907,0.041928721174004195,2.3039832285115303
HSD11B1,0.22851153039832284,0.029350104821802937,2.4339622641509435
HSD11B2,0.16352201257861634,0.1488469601677149,2.153039832285115
HSD17B1,0.20125786163522014,0.07127882599580712,2.291404612159329
HSD17B10,0.008385744234800839,0.779874213836478,1.2327044025157232
HSD17B12,0.2222222222222222,0.04612159329140461,2.3752620545073375
HSD17B2,0.13836477987421383,0.2620545073375262,1.9769392033542976
HSD17B3,0.2620545073375262,0.014675052410901468,2.49685534591195
HSD17B6,0.2222222222222222,0.006289308176100629,2.438155136268344
HSD17B7,0.2348008385744235,0.029350104821802937,2.440251572327044
HSD17B8,0.22641509433962265,0.0020964360587002098,2.419287211740042
HSD3B1,0.22641509433962265,0.012578616352201259,2.4318658280922434
HSD3B2,0.22641509433962265,0.012578616352201259,2.429769392033543
HSF1,0.33752620545073375,0.025157232704402517,2.7714884696016773
HSF2,0.18029350104821804,0.11530398322851153,2.209643605870021
HSP90AA1,0.22431865828092243,0.016771488469601678,2.40041928721174
HSP90AB1,0.22851153039832284,0.010482180293501049,2.408805031446541
HSP90B1,0.24109014675052412,0.008385744234800839,2.4654088050314464
HSPA13,0.2138364779874214,0.027253668763102725,2.3962264150943398
HSPA14,0.2138364779874214,0.039832285115303984,2.360587002096436
HSPA1A,0.2348008385744235,0.0041928721174004195,2.429769392033543
HSPA1B,0.2348008385744235,0.0041928721174004195,2.429769392033543
HSPA1L,0.2348008385744235,0.0041928721174004195,2.429769392033543
HSPA2,0.21593291404612158,0.016771488469601678,2.3815513626834384
HSPA4,0.21174004192872117,0.029350104821802937,2.3710691823899372
HSPA4L,0.20964360587002095,0.04821802935010482,2.339622641509434
HSPA5,0.259958071278826,0.0,2.519916142557652
HSPA6,0.23270440251572327,0.033542976939203356,2.4360587002096437
HSPA8,0.2180293501048218,0.04612159329140461,2.3752620545073375
HSPA9,0.2222222222222222,0.018867924528301886,2.40251572327044
HSPB1,0.2830188679245283,0.0,2.6037735849056602
HSPB2,0.2138364779874214,0.05870020964360587,2.358490566037736
HSPB3,0.1761006289308176,0.1111111111111111,2.2159329140461215
HSPB7,0.20335429769392033,0.023060796645702306,2.339622641509434
HSPB8,0.24109014675052412,0.016771488469601678,2.4444444444444446
HSPD1,0.22012578616352202,0.006289308176100629,2.410901467505241
HSPE1,0.22012578616352202,0.006289308176100629,2.410901467505241
HSPG2,0.20964360587002095,0.027253668763102725,2.341719077568134
HSPH1,0.1928721174004193,0.07966457023060797,2.259958071278826
HTATSF1,0.010482180293501049,0.779874213836478,1.2348008385744236
HTN1,0.21593291404612158,0.014675052410901468,2.389937106918239
HTN3,0.21593291404612158,0.014675052410901468,2.389937106918239
HTR1A,0.18029350104821804,0.12578616352201258,2.20125786163522
HTR1B,0.1719077568134172,0.14046121593291405,2.1781970649895177
HTR1D,0.20125786163522014,0.029350104821802937,2.3270440251572326
HTR1E,0.1320754716981132,0.2662473794549266,1.9664570230607967
HTR1F,0.23270440251572327,0.014675052410901468,2.442348008385744
HTR2A,0.11320754716981132,0.3018867924528302,1.8763102725366876
HTR2B,0.2180293501048218,0.016771488469601678,2.3878406708595388
HTR2C,0.008385744234800839,0.7777777777777778,1.230607966457023
HTR3A,0.20125786163522014,0.07547169811320754,2.2955974842767297
HTR3B,0.20125786163522014,0.07337526205450734,2.3039832285115303
HTR3C,0.25157232704402516,0.012578616352201259,2.50314465408805
HTR3D,0.25157232704402516,0.012578616352201259,2.50314465408805
HTR3E,0.25157232704402516,0.012578616352201259,2.50314465408805
HTR4,0.22641509433962265,0.010482180293501049,2.4150943396226414
HTR5A,0.259958071278826,0.016771488469601678,2.5136268343815513
HTR6,0.20545073375262055,0.023060796645702306,2.3459119496855347
HTRA1,0.1949685534591195,0.039832285115303984,2.3039832285115303
HTRA2,0.20964360587002095,0.020964360587002098,2.3647798742138364
HTT,0.22012578616352202,0.018867924528301886,2.3857442348008386
HUS1,0.27882599580712786,0.010482180293501049,2.5744234800838575
HUWE1,0.008385744234800839,0.7777777777777778,1.2348008385744236
HVCN1,0.23270440251572327,0.010482180293501049,2.4360587002096437
HYAL1,0.2222222222222222,0.016771488469601678,2.4255765199161425
HYAL2,0.2222222222222222,0.016771488469601678,2.4255765199161425
HYAL3,0.2222222222222222,0.016771488469601678,2.4255765199161425
HYKK,0.20545073375262055,0.010482180293501049,2.3710691823899372
HYLS1,0.2222222222222222,0.04612159329140461,2.392033542976939
HYOU1,0.2180293501048218,0.050314465408805034,2.368972746331237
IAPP,0.18867924528301888,0.08385744234800839,2.2830188679245285
IARS2,0.22851153039832284,0.04612159329140461,2.4150943396226414
IBA57,0.22012578616352202,0.06079664570230608,2.3731656184486374
IBTK,0.15723270440251572,0.22431865828092243,2.0628930817610063
ICA1,0.27882599580712786,0.012578616352201259,2.5723270440251573
ICAM1,0.2138364779874214,0.008385744234800839,2.3815513626834384
ICAM2,0.22851153039832284,0.010482180293501049,2.4255765199161425
ICAM3,0.2138364779874214,0.008385744234800839,2.3815513626834384
ICAM4,0.2138364779874214,0.008385744234800839,2.3815513626834384
ICAM5,0.2138364779874214,0.008385744234800839,2.3815513626834384
ICE2,0.20754716981132076,0.018867924528301886,2.360587002096436
ICMT,0.20125786163522014,0.025157232704402517,2.3333333333333335
ICOS,0.2180293501048218,0.012578616352201259,2.40041928721174
ICOSLG,0.2180293501048218,0.03563941299790356,2.3878406708595388
ID1,0.2348008385744235,0.006289308176100629,2.452830188679245
ID2,0.23060796645702306,0.0041928721174004195,2.4255765199161425
ID4,0.22851153039832284,0.014675052410901468,2.408805031446541
IDE,0.17819706498951782,0.10062893081761007,2.2054507337526204
IDH1,0.2222222222222222,0.010482180293501049,2.40251572327044
IDH2,0.21174004192872117,0.008385744234800839,2.3836477987421385
IDH3A,0.20754716981132076,0.014675052410901468,2.368972746331237
IDH3B,0.22012578616352202,0.031446540880503145,2.3878406708595388
IDH3G,0.010482180293501049,0.7840670859538784,1.230607966457023
IDI1,0.2138364779874214,0.025157232704402517,2.368972746331237
IDI2,0.2138364779874214,0.025157232704402517,2.368972746331237
IDO1,0.18029350104821804,0.23060796645702306,2.157232704402516
IDS,0.016771488469601678,0.779874213836478,1.2327044025157232
IER3,0.22851153039832284,0.0041928721174004195,2.4234800838574424
IFI16,0.23270440251572327,0.033542976939203356,2.4360587002096437
IFI27,0.2222222222222222,0.025157232704402517,2.3815513626834384
IFI30,0.22012578616352202,0.0,2.4150943396226414
IFI35,0.20545073375262055,0.0649895178197065,2.310272536687631
IFI44,0.1970649895178197,0.050314465408805034,2.30188679245283
IFI6,0.20545073375262055,0.016771488469601678,2.348008385744235
IFIT1,0.16561844863731656,0.1509433962264151,2.1362683438155137
IFIT2,0.16561844863731656,0.1530398322851153,2.1341719077568135
IFITM1,0.23060796645702306,0.012578616352201259,2.410901467505241
IFITM3,0.23060796645702306,0.012578616352201259,2.410901467505241
IFNA1,0.20964360587002095,0.031446540880503145,2.3647798742138364
IFNA10,0.21174004192872117,0.027253668763102725,2.379454926624738
IFNA13,0.20964360587002095,0.031446540880503145,2.3647798742138364
IFNA14,0.21174004192872117,0.027253668763102725,2.3773584905660377
IFNA17,0.21174004192872117,0.027253668763102725,2.3773584905660377
IFNA2,0.20964360587002095,0.031446540880503145,2.3647798742138364
IFNA21,0.21174004192872117,0.027253668763102725,2.379454926624738
IFNA4,0.21174004192872117,0.027253668763102725,2.379454926624738
IFNA5,0.21174004192872117,0.031446540880503145,2.3731656184486374
IFNA7,0.21174004192872117,0.027253668763102725,2.379454926624738
IFNA8,0.20964360587002095,0.031446540880503145,2.3647798742138364
IFNAR1,0.22431865828092243,0.012578616352201259,2.4234800838574424
IFNAR2,0.22431865828092243,0.012578616352201259,2.4234800838574424
IFNB1,0.21174004192872117,0.027253668763102725,2.379454926624738
IFNE,0.20964360587002095,0.031446540880503145,2.3647798742138364
IFNG,0.2348008385744235,0.010482180293501049,2.452830188679245
IFNGR1,0.21174004192872117,0.020964360587002098,2.3647798742138364
IFNGR2,0.22431865828092243,0.012578616352201259,2.4234800838574424
IFNL1,0.2138364779874214,0.008385744234800839,2.39832285115304
IFNL2,0.2138364779874214,0.008385744234800839,2.3962264150943398
IFNL3,0.2138364779874214,0.008385744234800839,2.3962264150943398
IFNLR1,0.20545073375262055,0.027253668763102725,2.3375262054507338
IFNW1,0.21174004192872117,0.027253668763102725,2.379454926624738
IFT122,0.2746331236897275,0.014675052410901468,2.5849056603773586
IFT172,0.22641509433962265,0.008385744234800839,2.4213836477987423
IFT20,0.21174004192872117,0.018867924528301886,2.3710691823899372
IFT27,0.21593291404612158,0.025157232704402517,2.3647798742138364
IFT46,0.21593291404612158,0.05450733752620545,2.360587002096436
IFT52,0.23060796645702306,0.010482180293501049,2.4444444444444446
IFT57,0.24109014675052412,0.018867924528301886,2.4633123689727463
IFT74,0.21593291404612158,0.031446540880503145,2.3962264150943398
IFT80,0.2746331236897275,0.0020964360587002098,2.5723270440251573
IFT81,0.23270440251572327,0.010482180293501049,2.438155136268344
IFT88,0.21593291404612158,0.039832285115303984,2.3647798742138364
IGBP1,0.010482180293501049,0.779874213836478,1.2389937106918238
IGF1,0.2431865828092243,0.010482180293501049,2.469601677148847
IGF2,0.23060796645702306,0.014675052410901468,2.4129979035639413
IGF2BP1,0.23270440251572327,0.006289308176100629,2.440251572327044
IGF2BP2,0.24528301886792453,0.014675052410901468,2.4737945492662474
IGF2BP3,0.2914046121593291,0.006289308176100629,2.620545073375262
IGF2R,0.1970649895178197,0.039832285115303984,2.3270440251572326
IGFALS,0.25157232704402516,0.006289308176100629,2.4633123689727463
IGFBP1,0.2809224318658281,0.006289308176100629,2.5786163522012577
IGFBP2,0.22012578616352202,0.016771488469601678,2.39832285115304
IGFBP3,0.2809224318658281,0.006289308176100629,2.580712788259958
IGFBP4,0.21174004192872117,0.039832285115303984,2.3459119496855347
IGFBP5,0.22012578616352202,0.016771488469601678,2.39832285115304
IGFBP6,0.22851153039832284,0.0020964360587002098,2.442348008385744
IGFBP7,0.22012578616352202,0.018867924528301886,2.392033542976939
IGLL1,0.20754716981132076,0.023060796645702306,2.352201257861635
IGLL5,0.20545073375262055,0.025157232704402517,2.3459119496855347
IGSF1,0.010482180293501049,0.779874213836478,1.2348008385744236
IGSF5,0.16352201257861634,0.17819706498951782,2.1362683438155137
IGSF8,0.23689727463312368,0.025157232704402517,2.452830188679245
IHH,0.22012578616352202,0.020964360587002098,2.3878406708595388
IK,0.22431865828092243,0.010482180293501049,2.4129979035639413
IKBKB,0.18238993710691823,0.20545073375262055,2.1781970649895177
IKBKE,0.24109014675052412,0.016771488469601678,2.4716981132075473
IKBKG,0.010482180293501049,0.7819706498951782,1.2327044025157232
IKZF1,0.2746331236897275,0.018867924528301886,2.551362683438155
IKZF3,0.20964360587002095,0.03563941299790356,2.4318658280922434
IKZF4,0.22431865828092243,0.0041928721174004195,2.452830188679245
IL10,0.23689727463312368,0.016771488469601678,2.461215932914046
IL10RA,0.2138364779874214,0.05870020964360587,2.3542976939203353
IL10RB,0.22431865828092243,0.012578616352201259,2.4234800838574424
IL11,0.23060796645702306,0.0,2.4360587002096437
IL12A,0.2746331236897275,0.0041928721174004195,2.5681341719077566
IL12B,0.23270440251572327,0.006289308176100629,2.4360587002096437
IL12RB1,0.22012578616352202,0.0,2.4150943396226414
IL12RB2,0.1970649895178197,0.033542976939203356,2.3186582809224316
IL13,0.2138364779874214,0.031446540880503145,2.3752620545073375
IL13RA1,0.008385744234800839,0.7777777777777778,1.230607966457023
IL13RA2,0.008385744234800839,0.7777777777777778,1.230607966457023
IL15,0.22012578616352202,0.008385744234800839,2.39832285115304
IL15RA,0.2180293501048218,0.027253668763102725,2.3668763102725365
IL16,0.20964360587002095,0.008385744234800839,2.3773584905660377
IL17B,0.22431865828092243,0.006289308176100629,2.419287211740042
IL17F,0.2180293501048218,0.010482180293501049,2.3941299790356396
IL17RA,0.20545073375262055,0.039832285115303984,2.331236897274633
IL17RB,0.2180293501048218,0.014675052410901468,2.419287211740042
IL17RC,0.20754716981132076,0.0440251572327044,2.3731656184486374
IL17RD,0.22431865828092243,0.010482180293501049,2.4360587002096437
IL17RE,0.20754716981132076,0.04612159329140461,2.3710691823899372
IL18,0.2138364779874214,0.06079664570230608,2.356394129979036
IL18BP,0.24947589098532494,0.0041928721174004195,2.4779874213836477
IL18R1,0.2222222222222222,0.006289308176100629,2.408805031446541
IL18RAP,0.2222222222222222,0.006289308176100629,2.406708595387841
IL1A,0.20545073375262055,0.018867924528301886,2.3626834381551363
IL1B,0.20545073375262055,0.018867924528301886,2.3626834381551363
IL1F10,0.20335429769392033,0.018867924528301886,2.358490566037736
IL1R1,0.22012578616352202,0.006289308176100629,2.406708595387841
IL1R2,0.22012578616352202,0.006289308176100629,2.40251572327044
IL1RAP,0.2578616352201258,0.025157232704402517,2.4758909853249476
IL1RAPL1,0.006289308176100629,0.779874213836478,1.2180293501048218
IL1RAPL2,0.006289308176100629,0.7777777777777778,1.2243186582809225
IL1RL1,0.2222222222222222,0.006289308176100629,2.408805031446541
IL1RL2,0.22012578616352202,0.006289308176100629,2.406708595387841
IL1RN,0.20335429769392033,0.020964360587002098,2.356394129979036
IL2,0.20964360587002095,0.0440251572327044,2.339622641509434
IL20RA,0.20964360587002095,0.020964360587002098,2.3626834381551363
IL20RB,0.27253668763102723,0.0041928721174004195,2.6184486373165616
IL22,0.2348008385744235,0.0041928721174004195,2.459119496855346
IL22RA1,0.20545073375262055,0.027253668763102725,2.3375262054507338
IL22RA2,0.21174004192872117,0.020964360587002098,2.3647798742138364
IL23A,0.2222222222222222,0.0041928721174004195,2.440251572327044
IL23R,0.1970649895178197,0.03563941299790356,2.3165618448637315
IL24,0.23689727463312368,0.014675052410901468,2.4654088050314464
IL25,0.2138364779874214,0.008385744234800839,2.3962264150943398
IL26,0.2348008385744235,0.0041928721174004195,2.459119496855346
IL27,0.23689727463312368,0.008385744234800839,2.4318658280922434
IL27RA,0.2180293501048218,0.012578616352201259,2.3857442348008386
IL2RA,0.2180293501048218,0.027253668763102725,2.3668763102725365
IL2RB,0.21593291404612158,0.020964360587002098,2.3668763102725365
IL2RG,0.010482180293501049,0.7819706498951782,1.2368972746331237
IL32,0.24947589098532494,0.0041928721174004195,2.457023060796646
IL33,0.21174004192872117,0.03563941299790356,2.3668763102725365
IL36RN,0.20335429769392033,0.018867924528301886,2.358490566037736
IL37,0.20545073375262055,0.018867924528301886,2.3626834381551363
IL3RA,0.27672955974842767,0.033542976939203356,2.50104821802935
IL4,0.2138364779874214,0.031446540880503145,2.3752620545073375
IL4I1,0.2180293501048218,0.008385744234800839,2.4150943396226414
IL4R,0.23689727463312368,0.006289308176100629,2.4465408805031448
IL5,0.2138364779874214,0.031446540880503145,2.3752620545073375
IL5RA,0.22851153039832284,0.027253668763102725,2.429769392033543
IL6,0.29350104821802936,0.006289308176100629,2.6226415094339623
IL6R,0.259958071278826,0.0,2.5262054507337526
IL6ST,0.16771488469601678,0.13626834381551362,2.1656184486373165
IL7,0.36058700209643607,0.0041928721174004195,2.920335429769392
IL7R,0.23270440251572327,0.014675052410901468,2.4779874213836477
IL9,0.22012578616352202,0.016771488469601678,2.4046121593291403
IL9R,0.1488469601677149,0.43186582809224316,1.740041928721174
ILF2,0.2557651991614256,0.0,2.519916142557652
ILK,0.23060796645702306,0.008385744234800839,2.4234800838574424
ILKAP,0.21174004192872117,0.025157232704402517,2.3647798742138364
IMMT,0.22431865828092243,0.020964360587002098,2.3941299790356396
IMP3,0.20335429769392033,0.016771488469601678,2.358490566037736
IMP4,0.17819706498951782,0.07547169811320754,2.2452830188679247
IMPA1,0.36058700209643607,0.0020964360587002098,2.9538784067085953
IMPA2,0.21174004192872117,0.05241090146750524,2.3542976939203353
IMPDH1,0.2662473794549266,0.020964360587002098,2.519916142557652
IMPDH2,0.22012578616352202,0.016771488469601678,2.419287211740042
INA,0.1928721174004193,0.07547169811320754,2.251572327044025
INCENP,0.23060796645702306,0.006289308176100629,2.448637316561845
ING1,0.20125786163522014,0.06079664570230608,2.308176100628931
ING2,0.22012578616352202,0.012578616352201259,2.3815513626834384
ING3,0.27253668763102723,0.014675052410901468,2.559748427672956
ING4,0.18029350104821804,0.07966457023060797,2.2767295597484276
ING5,0.2138364779874214,0.020964360587002098,2.3731656184486374
INHA,0.22012578616352202,0.023060796645702306,2.3836477987421385
INHBA,0.2830188679245283,0.0020964360587002098,2.6037735849056602
INHBB,0.18029350104821804,0.06918238993710692,2.2536687631027252
INHBC,0.2180293501048218,0.006289308176100629,2.429769392033543
INHBE,0.2180293501048218,0.006289308176100629,2.429769392033543
INIP,0.2557651991614256,0.0,2.530398322851153
INO80B,0.20964360587002095,0.020964360587002098,2.3647798742138364
INO80C,0.1719077568134172,0.10482180293501048,2.211740041928721
INO80D,0.22431865828092243,0.008385744234800839,2.4171907756813416
INO80E,0.23060796645702306,0.008385744234800839,2.4213836477987423
INPP5A,0.1970649895178197,0.05241090146750524,2.293501048218029
INPP5B,0.20754716981132076,0.012578616352201259,2.358490566037736
INPP5D,0.21593291404612158,0.031446540880503145,2.3647798742138364
INPP5E,0.2557651991614256,0.0020964360587002098,2.5052410901467503
INPP5J,0.1949685534591195,0.031446540880503145,2.3228511530398324
INPP5K,0.16352201257861634,0.07756813417190776,2.209643605870021
INPPL1,0.24737945492662475,0.0041928721174004195,2.4758909853249476
INS,0.23060796645702306,0.014675052410901468,2.4129979035639413
INSC,0.22431865828092243,0.0041928721174004195,2.419287211740042
INSIG1,0.2578616352201258,0.016771488469601678,2.5178197064989516
INSIG2,0.20125786163522014,0.05870020964360587,2.308176100628931
INSL3,0.22012578616352202,0.0,2.4150943396226414
INSM1,0.2138364779874214,0.023060796645702306,2.3962264150943398
INSR,0.2138364779874214,0.014675052410901468,2.3836477987421385
INSRR,0.23270440251572327,0.023060796645702306,2.448637316561845
INTS1,0.27672955974842767,0.012578616352201259,2.561844863731656
INTS10,0.09433962264150944,0.4025157232704403,1.750524109014675
INTS11,0.21174004192872117,0.014675052410901468,2.3626834381551363
INTS12,0.22012578616352202,0.025157232704402517,2.3836477987421385
INTS13,0.20335429769392033,0.06918238993710692,2.3228511530398324
INTS2,0.23689727463312368,0.008385744234800839,2.530398322851153
INTS3,0.2557651991614256,0.0,2.519916142557652
INTS4,0.2578616352201258,0.0020964360587002098,2.50104821802935
INTS5,0.23270440251572327,0.0041928721174004195,2.450733752620545
INTS6,0.11740041928721175,0.29350104821802936,1.8972746331236898
INTS7,0.22851153039832284,0.039832285115303984,2.419287211740042
INTS8,0.3668763102725367,0.014675052410901468,2.9224318658280923
INTS9,0.10062893081761007,0.350104821802935,1.8364779874213837
INTU,0.20964360587002095,0.04821802935010482,2.339622641509434
INVS,0.2578616352201258,0.006289308176100629,2.50314465408805
IP6K1,0.22431865828092243,0.014675052410901468,2.4276729559748427
IP6K2,0.22012578616352202,0.020964360587002098,2.4150943396226414
IP6K3,0.22431865828092243,0.0020964360587002098,2.4171907756813416
IPCEF1,0.20545073375262055,0.03563941299790356,2.3438155136268346
IPMK,0.20964360587002095,0.04612159329140461,2.3354297693920336
IPO11,0.17819706498951782,0.11740041928721175,2.207547169811321
IPO13,0.20754716981132076,0.012578616352201259,2.358490566037736
IPO4,0.2180293501048218,0.006289308176100629,2.406708595387841
IPO5,0.18448637316561844,0.09224318658280922,2.241090146750524
IPO7,0.22851153039832284,0.006289308176100629,2.419287211740042
IPO8,0.20754716981132076,0.05660377358490566,2.341719077568134
IPO9,0.23689727463312368,0.008385744234800839,2.4675052410901466
IPP,0.20964360587002095,0.018867924528301886,2.3542976939203353
IPPK,0.259958071278826,0.010482180293501049,2.4947589098532497
IQCB1,0.2578616352201258,0.012578616352201259,2.511530398322851
IQCE,0.2809224318658281,0.014675052410901468,2.5639412997903563
IQGAP1,0.21174004192872117,0.006289308176100629,2.3878406708595388
IQGAP2,0.1761006289308176,0.10482180293501048,2.220125786163522
IQGAP3,0.2348008385744235,0.016771488469601678,2.457023060796646
IQSEC1,0.22431865828092243,0.006289308176100629,2.440251572327044
IRAK1,0.010482180293501049,0.7819706498951782,1.2327044025157232
IRAK2,0.20545073375262055,0.039832285115303984,2.3731656184486374
IRAK3,0.2348008385744235,0.008385744234800839,2.450733752620545
IREB2,0.20545073375262055,0.010482180293501049,2.3710691823899372
IRF1,0.21593291404612158,0.029350104821802937,2.3815513626834384
IRF2,0.2180293501048218,0.014675052410901468,2.3752620545073375
IRF2BP1,0.2138364779874214,0.016771488469601678,2.389937106918239
IRF2BP2,0.23060796645702306,0.07966457023060797,2.368972746331237
IRF2BPL,0.2138364779874214,0.025157232704402517,2.368972746331237
IRF3,0.22012578616352202,0.0041928721174004195,2.4213836477987423
IRF4,0.20964360587002095,0.023060796645702306,2.3626834381551363
IRF5,0.259958071278826,0.016771488469601678,2.5136268343815513
IRF6,0.22851153039832284,0.031446540880503145,2.438155136268344
IRF7,0.23060796645702306,0.012578616352201259,2.410901467505241
IRF8,0.1278825995807128,0.27672955974842767,1.9392033542976939
IRF9,0.2180293501048218,0.006289308176100629,2.406708595387841
IRGM,0.2222222222222222,0.0041928721174004195,2.4171907756813416
IRS1,0.2180293501048218,0.020964360587002098,2.3836477987421385
IRS2,0.20545073375262055,0.05870020964360587,2.3186582809224316
IRS4,0.006289308176100629,0.779874213836478,1.2264150943396226
IRX1,0.24528301886792453,0.006289308176100629,2.5345911949685536
IRX5,0.16771488469601678,0.1320754716981132,2.1761006289308176
ISCA1,0.25366876310272535,0.010482180293501049,2.4821802935010484
ISCA2,0.21174004192872117,0.027253668763102725,2.3647798742138364
ISCU,0.24109014675052412,0.012578616352201259,2.450733752620545
ISG20,0.20964360587002095,0.008385744234800839,2.3815513626834384
ISG20L2,0.23270440251572327,0.020964360587002098,2.450733752620545
ISL1,0.19077568134171907,0.07966457023060797,2.2788259958071277
ISL2,0.20754716981132076,0.014675052410901468,2.368972746331237
ISLR,0.20125786163522014,0.020964360587002098,2.3542976939203353
IST1,0.1509433962264151,0.23689727463312368,2.039832285115304
ISX,0.2138364779874214,0.023060796645702306,2.358490566037736
ISY1,0.2746331236897275,0.014675052410901468,2.589098532494759
ISYNA1,0.2180293501048218,0.0,2.4129979035639413
ITGA1,0.18448637316561844,0.09643605870020965,2.249475890985325
ITGA10,0.2389937106918239,0.0041928721174004195,2.50104821802935
ITGA11,0.20545073375262055,0.016771488469601678,2.360587002096436
ITGA2,0.18448637316561844,0.10482180293501048,2.241090146750524
ITGA2B,0.18867924528301888,0.13626834381551362,2.207547169811321
ITGA3,0.22641509433962265,0.006289308176100629,2.4234800838574424
ITGA4,0.20545073375262055,0.041928721174004195,2.3375262054507338
ITGA5,0.2222222222222222,0.0020964360587002098,2.4360587002096437
ITGA6,0.20125786163522014,0.04821802935010482,2.3291404612159328
ITGA7,0.22641509433962265,0.006289308176100629,2.450733752620545
ITGA8,0.2138364779874214,0.03773584905660377,2.3626834381551363
ITGA9,0.2222222222222222,0.008385744234800839,2.4360587002096437
ITGAD,0.22851153039832284,0.010482180293501049,2.4171907756813416
ITGAE,0.16142557651991615,0.08176100628930817,2.20125786163522
ITGAL,0.22851153039832284,0.010482180293501049,2.4171907756813416
ITGAM,0.22851153039832284,0.010482180293501049,2.4171907756813416
ITGAV,0.21174004192872117,0.039832285115303984,2.358490566037736
ITGAX,0.22851153039832284,0.010482180293501049,2.4171907756813416
ITGB1,0.21174004192872117,0.039832285115303984,2.3542976939203353
ITGB1BP1,0.23060796645702306,0.0,2.429769392033543
ITGB1BP2,0.008385744234800839,0.7819706498951782,1.230607966457023
ITGB2,0.2180293501048218,0.03563941299790356,2.3878406708595388
ITGB3,0.2222222222222222,0.039832285115303984,2.379454926624738
ITGB3BP,0.19077568134171907,0.0440251572327044,2.29769392033543
ITGB4,0.23270440251572327,0.016771488469601678,2.4255765199161425
ITGB5,0.259958071278826,0.016771488469601678,2.5052410901467503
ITGB6,0.19077568134171907,0.05241090146750524,2.308176100628931
ITGB7,0.22851153039832284,0.0020964360587002098,2.442348008385744
ITGB8,0.2830188679245283,0.014675052410901468,2.59958071278826
ITIH2,0.2180293501048218,0.031446540880503145,2.3626834381551363
ITIH3,0.22012578616352202,0.018867924528301886,2.419287211740042
ITIH4,0.22012578616352202,0.018867924528301886,2.419287211740042
ITK,0.23270440251572327,0.006289308176100629,2.438155136268344
ITLN1,0.23270440251572327,0.033542976939203356,2.4360587002096437
ITLN2,0.23270440251572327,0.031446540880503145,2.438155136268344
ITPA,0.21593291404612158,0.033542976939203356,2.3773584905660377
ITPK1,0.22012578616352202,0.029350104821802937,2.3710691823899372
ITPKC,0.21174004192872117,0.014675052410901468,2.3878406708595388
ITPR1,0.22012578616352202,0.031446540880503145,2.408805031446541
ITPR2,0.20545073375262055,0.07127882599580712,2.3270440251572326
ITPR3,0.22431865828092243,0.0020964360587002098,2.4171907756813416
ITSN1,0.2222222222222222,0.014675052410901468,2.419287211740042
ITSN2,0.23060796645702306,0.008385744234800839,2.4276729559748427
IVD,0.1949685534591195,0.0440251572327044,2.3144654088050314
IVL,0.24737945492662475,0.006289308176100629,2.50314465408805
IVNS1ABP,0.23270440251572327,0.014675052410901468,2.4444444444444446
IWS1,0.1740041928721174,0.07547169811320754,2.241090146750524
IZUMO1,0.21174004192872117,0.014675052410901468,2.3962264150943398
JADE1,0.20335429769392033,0.039832285115303984,2.3354297693920336
JADE2,0.2180293501048218,0.029350104821802937,2.3836477987421385
JADE3,0.012578616352201259,0.7756813417190775,1.249475890985325
JAG1,0.21593291404612158,0.03563941299790356,2.379454926624738
JAG2,0.2180293501048218,0.014675052410901468,2.39832285115304
JAK1,0.18448637316561844,0.041928721174004195,2.2830188679245285
JAK2,0.20964360587002095,0.03773584905660377,2.360587002096436
JAK3,0.22012578616352202,0.0,2.4150943396226414
JAM2,0.21174004192872117,0.023060796645702306,2.4150943396226414
JAM3,0.22641509433962265,0.018867924528301886,2.4318658280922434
JAML,0.2180293501048218,0.05660377358490566,2.360587002096436
JARID2,0.22431865828092243,0.008385744234800839,2.406708595387841
JAZF1,0.2914046121593291,0.0020964360587002098,2.643605870020964
JCHAIN,0.23270440251572327,0.010482180293501049,2.419287211740042
JDP2,0.20964360587002095,0.025157232704402517,2.3626834381551363
JMJD1C,0.21174004192872117,0.04612159329140461,2.348008385744235
JMY,0.17819706498951782,0.09643605870020965,2.2348008385744236
JPH2,0.23060796645702306,0.008385744234800839,2.4465408805031448
JPT1,0.23060796645702306,0.016771488469601678,2.4213836477987423
JPT2,0.24947589098532494,0.008385744234800839,2.459119496855346
JSRP1,0.21174004192872117,0.029350104821802937,2.348008385744235
JUN,0.20754716981132076,0.041928721174004195,2.3291404612159328
JUNB,0.2138364779874214,0.014675052410901468,2.3773584905660377
JUND,0.22012578616352202,0.0,2.4150943396226414
JUP,0.20964360587002095,0.05241090146750524,2.3249475890985325
KALRN,0.2578616352201258,0.016771488469601678,2.50314465408805
KANK1,0.20964360587002095,0.03563941299790356,2.3668763102725365
KANSL1,0.1970649895178197,0.08176100628930817,2.2830188679245285
KANSL2,0.2138364779874214,0.0041928721174004195,2.4129979035639413
KANSL3,0.22012578616352202,0.006289308176100629,2.40251572327044
KAT14,0.20754716981132076,0.025157232704402517,2.379454926624738
KAT2A,0.20754716981132076,0.0649895178197065,2.3060796645702304
KAT2B,0.22431865828092243,0.010482180293501049,2.4360587002096437
KAT5,0.2578616352201258,0.0,2.509433962264151
KAT6A,0.1740041928721174,0.21174004192872117,2.157232704402516
KAT6B,0.1970649895178197,0.06079664570230608,2.29769392033543
KAT7,0.22641509433962265,0.006289308176100629,2.4213836477987423
KAT8,0.22851153039832284,0.010482180293501049,2.4171907756813416
KATNA1,0.20545073375262055,0.027253668763102725,2.348008385744235
KATNAL1,0.21174004192872117,0.06289308176100629,2.310272536687631
KATNAL2,0.1740041928721174,0.11740041928721175,2.2054507337526204
KATNB1,0.16142557651991615,0.13417190775681342,2.159329140461216
KATNBL1,0.20545073375262055,0.03563941299790356,2.341719077568134
KAZN,0.20545073375262055,0.029350104821802937,2.3333333333333335
KBTBD13,0.20545073375262055,0.014675052410901468,2.356394129979036
KCNA1,0.18867924528301888,0.07547169811320754,2.3039832285115303
KCNA10,0.20545073375262055,0.031446540880503145,2.3438155136268346
KCNA2,0.20754716981132076,0.031446540880503145,2.348008385744235
KCNA3,0.20754716981132076,0.031446540880503145,2.348008385744235
KCNA4,0.23689727463312368,0.014675052410901468,2.4234800838574424
KCNA5,0.19077568134171907,0.07756813417190776,2.30188679245283
KCNAB1,0.27044025157232704,0.006289308176100629,2.557651991614256
KCNAB2,0.20545073375262055,0.029350104821802937,2.3354297693920336
KCNAB3,0.11740041928721175,0.17819706498951782,2.018867924528302
KCNB1,0.2348008385744235,0.008385744234800839,2.4465408805031448
KCNB2,0.3522012578616352,0.006289308176100629,2.909853249475891
KCNC1,0.23270440251572327,0.0020964360587002098,2.429769392033543
KCNC2,0.2389937106918239,0.012578616352201259,2.457023060796646
KCNC3,0.2180293501048218,0.006289308176100629,2.4171907756813416
KCNC4,0.20335429769392033,0.03773584905660377,2.3354297693920336
KCND2,0.27044025157232704,0.014675052410901468,2.557651991614256
KCND3,0.20964360587002095,0.031446540880503145,2.3542976939203353
KCNE1,0.22012578616352202,0.023060796645702306,2.408805031446541
KCNE2,0.22012578616352202,0.020964360587002098,2.410901467505241
KCNE3,0.25366876310272535,0.0041928721174004195,2.488469601677149
KCNE4,0.22012578616352202,0.027253668763102725,2.3815513626834384
KCNE5,0.006289308176100629,0.779874213836478,1.2264150943396226
KCNF1,0.23060796645702306,0.0041928721174004195,2.429769392033543
KCNG1,0.2389937106918239,0.0020964360587002098,2.4654088050314464
KCNG2,0.15932914046121593,0.1509433962264151,2.1257861635220126
KCNG3,0.21593291404612158,0.041928721174004195,2.3542976939203353
KCNG4,0.13417190775681342,0.27253668763102723,1.9559748427672956
KCNH1,0.22641509433962265,0.031446540880503145,2.4318658280922434
KCNH2,0.27044025157232704,0.012578616352201259,2.547169811320755
KCNH3,0.21593291404612158,0.0020964360587002098,2.419287211740042
KCNH5,0.2138364779874214,0.020964360587002098,2.3773584905660377
KCNIP1,0.22851153039832284,0.006289308176100629,2.4444444444444446
KCNIP2,0.18867924528301888,0.07547169811320754,2.247379454926625
KCNIP3,0.2222222222222222,0.008385744234800839,2.408805031446541
KCNIP4,0.2138364779874214,0.03563941299790356,2.356394129979036
KCNJ1,0.22851153039832284,0.03563941299790356,2.4129979035639413
KCNJ11,0.23270440251572327,0.0020964360587002098,2.429769392033543
KCNJ12,0.20754716981132076,0.027253668763102725,2.3542976939203353
KCNJ15,0.21593291404612158,0.023060796645702306,2.40041928721174
KCNJ2,0.2222222222222222,0.014675052410901468,2.4213836477987423
KCNJ3,0.19077568134171907,0.05241090146750524,2.310272536687631
KCNJ4,0.21174004192872117,0.018867924528301886,2.3647798742138364
KCNJ5,0.22851153039832284,0.033542976939203356,2.4150943396226414
KCNJ6,0.2180293501048218,0.020964360587002098,2.4046121593291403
KCNJ8,0.18867924528301888,0.08385744234800839,2.2830188679245285
KCNJ9,0.23689727463312368,0.025157232704402517,2.452830188679245
KCNK3,0.22851153039832284,0.010482180293501049,2.419287211740042
KCNK5,0.22641509433962265,0.0020964360587002098,2.419287211740042
KCNK9,0.33962264150943394,0.031446540880503145,2.7777777777777777
KCNMA1,0.19916142557651992,0.05450733752620545,2.3207547169811322
KCNMB1,0.22851153039832284,0.006289308176100629,2.4444444444444446
KCNMB2,0.27044025157232704,0.008385744234800839,2.5828092243186584
KCNMB4,0.24109014675052412,0.0,2.4737945492662474
KCNN1,0.22012578616352202,0.0,2.4150943396226414
KCNN2,0.18867924528301888,0.06708595387840671,2.293501048218029
KCNN3,0.259958071278826,0.0020964360587002098,2.519916142557652
KCNQ1,0.22851153039832284,0.014675052410901468,2.4129979035639413
KCNQ2,0.24109014675052412,0.0041928721174004195,2.459119496855346
KCNQ3,0.36268343815513626,0.010482180293501049,2.8742138364779874
KCNQ4,0.20964360587002095,0.010482180293501049,2.3668763102725365
KCNQ5,0.18238993710691823,0.11949685534591195,2.211740041928721
KCNRG,0.11530398322851153,0.29979035639413,1.8846960167714886
KCNS2,0.3668763102725367,0.0020964360587002098,2.941299790356394
KCNS3,0.22012578616352202,0.012578616352201259,2.40251572327044
KCNV1,0.3710691823899371,0.014675052410901468,2.9182389937106916
KCNV2,0.20754716981132076,0.039832285115303984,2.350104821802935
KCTD1,0.17819706498951782,0.08385744234800839,2.251572327044025
KCTD10,0.2348008385744235,0.008385744234800839,2.4444444444444446
KCTD13,0.23270440251572327,0.010482180293501049,2.4234800838574424
KCTD15,0.22012578616352202,0.008385744234800839,2.4150943396226414
KCTD3,0.23060796645702306,0.0440251572327044,2.410901467505241
KCTD5,0.24947589098532494,0.0041928721174004195,2.4675052410901466
KCTD6,0.22641509433962265,0.012578616352201259,2.4339622641509435
KCTD7,0.2809224318658281,0.0020964360587002098,2.59748427672956
KDELR1,0.21174004192872117,0.018867924528301886,2.392033542976939
KDELR2,0.27882599580712786,0.012578616352201259,2.5660377358490565
KDELR3,0.21174004192872117,0.018867924528301886,2.3647798742138364
KDM1A,0.20335429769392033,0.029350104821802937,2.3291404612159328
KDM1B,0.22851153039832284,0.008385744234800839,2.4150943396226414
KDM2A,0.2641509433962264,0.0,2.5324947589098534
KDM2B,0.2348008385744235,0.025157232704402517,2.4171907756813416
KDM3A,0.2222222222222222,0.018867924528301886,2.3941299790356396
KDM4A,0.20754716981132076,0.014675052410901468,2.356394129979036
KDM4B,0.21174004192872117,0.012578616352201259,2.3731656184486374
KDM4C,0.21174004192872117,0.03563941299790356,2.3710691823899372
KDM5A,0.18867924528301888,0.07547169811320754,2.29979035639413
KDM5B,0.2389937106918239,0.006289308176100629,2.4737945492662474
KDM6A,0.010482180293501049,0.7756813417190775,1.2452830188679245
KDM6B,0.11740041928721175,0.18238993710691823,2.0146750524109014
KDM8,0.23689727463312368,0.008385744234800839,2.4444444444444446
KDR,0.2138364779874214,0.012578616352201259,2.3836477987421385
KEAP1,0.2138364779874214,0.008385744234800839,2.3815513626834384
KEL,0.2746331236897275,0.012578616352201259,2.561844863731656
KERA,0.24947589098532494,0.0,2.511530398322851
KHDRBS1,0.22012578616352202,0.012578616352201259,2.3731656184486374
KHDRBS2,0.2180293501048218,0.03563941299790356,2.3647798742138364
KHDRBS3,0.35429769392033544,0.014675052410901468,2.8553459119496853
KHK,0.22851153039832284,0.008385744234800839,2.4234800838574424
KHSRP,0.2138364779874214,0.014675052410901468,2.3773584905660377
KIAA0319,0.22851153039832284,0.008385744234800839,2.4150943396226414
KIAA0319L,0.20335429769392033,0.012578616352201259,2.3542976939203353
KIAA0513,0.12159329140461216,0.27672955974842767,1.930817610062893
KIAA1549,0.2746331236897275,0.010482180293501049,2.557651991614256
KIAA1549L,0.23060796645702306,0.020964360587002098,2.410901467505241
KIAA2013,0.19916142557651992,0.029350104821802937,2.3249475890985325
KIDINS220,0.23060796645702306,0.0020964360587002098,2.4276729559748427
KIF11,0.17819706498951782,0.09853249475890985,2.209643605870021
KIF13A,0.22851153039832284,0.006289308176100629,2.4150943396226414
KIF13B,0.10272536687631027,0.3522012578616352,1.8343815513626835
KIF14,0.23689727463312368,0.010482180293501049,2.4654088050314464
KIF15,0.2180293501048218,0.008385744234800839,2.429769392033543
KIF16B,0.2138364779874214,0.025157232704402517,2.392033542976939
KIF17,0.20964360587002095,0.025157232704402517,2.3459119496855347
KIF18A,0.23689727463312368,0.006289308176100629,2.4318658280922434
KIF18B,0.19077568134171907,0.10272536687631027,2.251572327044025
KIF19,0.22851153039832284,0.016771488469601678,2.4171907756813416
KIF1A,0.2138364779874214,0.023060796645702306,2.3668763102725365
KIF1B,0.19916142557651992,0.03563941299790356,2.3144654088050314
KIF1C,0.15723270440251572,0.09224318658280922,2.180293501048218
KIF20A,0.2222222222222222,0.016771488469601678,2.4046121593291403
KIF20B,0.16771488469601678,0.13626834381551362,2.146750524109015
KIF21A,0.2180293501048218,0.006289308176100629,2.4171907756813416
KIF21B,0.23689727463312368,0.010482180293501049,2.4654088050314464
KIF22,0.23270440251572327,0.010482180293501049,2.4234800838574424
KIF23,0.20754716981132076,0.012578616352201259,2.3647798742138364
KIF26A,0.2180293501048218,0.014675052410901468,2.3962264150943398
KIF26B,0.23270440251572327,0.023060796645702306,2.450733752620545
KIF27,0.24947589098532494,0.012578616352201259,2.4654088050314464
KIF2A,0.17819706498951782,0.11949685534591195,2.2054507337526204
KIF2B,0.22431865828092243,0.010482180293501049,2.4276729559748427
KIF2C,0.20964360587002095,0.012578616352201259,2.360587002096436
KIF3A,0.2138364779874214,0.031446540880503145,2.3752620545073375
KIF3B,0.23270440251572327,0.008385744234800839,2.4444444444444446
KIF3C,0.23060796645702306,0.014675052410901468,2.4171907756813416
KIF4A,0.010482180293501049,0.779874213836478,1.2389937106918238
KIF4B,0.2348008385744235,0.006289308176100629,2.4360587002096437
KIF5A,0.22012578616352202,0.0,2.440251572327044
KIF5B,0.20754716981132076,0.04612159329140461,2.341719077568134
KIF5C,0.17819706498951782,0.0880503144654088,2.241090146750524
KIF6,0.22851153039832284,0.0020964360587002098,2.4213836477987423
KIF7,0.2138364779874214,0.008385744234800839,2.3857442348008386
KIFAP3,0.22431865828092243,0.029350104821802937,2.410901467505241
KIFC1,0.22641509433962265,0.0020964360587002098,2.419287211740042
KIFC2,0.33752620545073375,0.025157232704402517,2.7651991614255764
KIFC3,0.16142557651991615,0.13417190775681342,2.159329140461216
KIN,0.2180293501048218,0.031446540880503145,2.360587002096436
KIR2DL1,0.23270440251572327,0.0,2.4360587002096437
KIR2DL3,0.23270440251572327,0.0,2.4360587002096437
KIR2DL4,0.23270440251572327,0.0,2.438155136268344
KIR3DL1,0.23270440251572327,0.0,2.438155136268344
KIR3DL2,0.23270440251572327,0.0,2.438155136268344
KIR3DL3,0.23270440251572327,0.0,2.4360587002096437
KIRREL1,0.23060796645702306,0.033542976939203356,2.4339622641509435
KIRREL2,0.21593291404612158,0.0041928721174004195,2.406708595387841
KIRREL3,0.22012578616352202,0.0440251572327044,2.392033542976939
KISS1,0.24528301886792453,0.0020964360587002098,2.49895178197065
KISS1R,0.2138364779874214,0.014675052410901468,2.3668763102725365
KIT,0.21593291404612158,0.014675052410901468,2.3878406708595388
KIZ,0.2138364779874214,0.023060796645702306,2.40041928721174
KL,0.16981132075471697,0.13417190775681342,2.159329140461216
KLB,0.2138364779874214,0.03563941299790356,2.3626834381551363
KLC1,0.22012578616352202,0.014675052410901468,2.39832285115304
KLC2,0.259958071278826,0.0020964360587002098,2.5136268343815513
KLC3,0.2138364779874214,0.012578616352201259,2.392033542976939
KLC4,0.22851153039832284,0.006289308176100629,2.4213836477987423
KLF1,0.2138364779874214,0.014675052410901468,2.3773584905660377
KLF15,0.27253668763102723,0.010482180293501049,2.5534591194968552
KLF2,0.22012578616352202,0.0041928721174004195,2.406708595387841
KLF4,0.2578616352201258,0.0,2.50104821802935
KLF5,0.1320754716981132,0.22641509433962265,1.9895178197064989
KLF6,0.20964360587002095,0.027253668763102725,2.356394129979036
KLF7,0.2222222222222222,0.012578616352201259,2.4046121593291403
KLHDC2,0.22851153039832284,0.0041928721174004195,2.4171907756813416
KLHDC3,0.22851153039832284,0.006289308176100629,2.4213836477987423
KLHL10,0.20754716981132076,0.05660377358490566,2.3165618448637315
KLHL11,0.20754716981132076,0.05660377358490566,2.3165618448637315
KLHL2,0.23060796645702306,0.014675052410901468,2.40251572327044
KLHL20,0.22012578616352202,0.020964360587002098,2.4255765199161425
KLHL21,0.20125786163522014,0.025157232704402517,2.3333333333333335
KLHL22,0.20754716981132076,0.025157232704402517,2.348008385744235
KLHL24,0.2557651991614256,0.010482180293501049,2.511530398322851
KLHL25,0.20964360587002095,0.012578616352201259,2.379454926624738
KLHL3,0.2222222222222222,0.014675052410901468,2.4046121593291403
KLHL41,0.1928721174004193,0.05660377358490566,2.30188679245283
KLHL5,0.20964360587002095,0.03773584905660377,2.356394129979036
KLHL9,0.20964360587002095,0.031446540880503145,2.3647798742138364
KLK1,0.22431865828092243,0.008385744234800839,2.4213836477987423
KLK12,0.22641509433962265,0.008385744234800839,2.4276729559748427
KLK13,0.22641509433962265,0.008385744234800839,2.429769392033543
KLK14,0.22641509433962265,0.008385744234800839,2.429769392033543
KLK3,0.22641509433962265,0.006289308176100629,2.4255765199161425
KLK4,0.22641509433962265,0.008385744234800839,2.4234800838574424
KLK5,0.22641509433962265,0.008385744234800839,2.4276729559748427
KLK6,0.22641509433962265,0.008385744234800839,2.4276729559748427
KLK7,0.22641509433962265,0.008385744234800839,2.4276729559748427
KLK8,0.22641509433962265,0.008385744234800839,2.4276729559748427
KLKB1,0.21593291404612158,0.010482180293501049,2.3878406708595388
KLRB1,0.16981132075471697,0.10272536687631027,2.2327044025157234
KLRC1,0.16561844863731656,0.12578616352201258,2.1949685534591197
KLRC2,0.16561844863731656,0.12578616352201258,2.1949685534591197
KLRC4,0.16771488469601678,0.12578616352201258,2.20335429769392
KLRD1,0.16771488469601678,0.11949685534591195,2.207547169811321
KLRF2,0.16981132075471697,0.11320754716981132,2.2180293501048216
KLRG1,0.16981132075471697,0.09014675052410902,2.2452830188679247
KMO,0.23689727463312368,0.029350104821802937,2.4465408805031448
KMT2A,0.21593291404612158,0.05450733752620545,2.360587002096436
KMT2B,0.21593291404612158,0.0041928721174004195,2.406708595387841
KMT2C,0.2620545073375262,0.016771488469601678,2.5136268343815513
KMT2D,0.21593291404612158,0.0041928721174004195,2.4171907756813416
KMT2E,0.2746331236897275,0.014675052410901468,2.5765199161425576
KMT5A,0.22012578616352202,0.03773584905660377,2.379454926624738
KMT5B,0.2620545073375262,0.0,2.5283018867924527
KNL1,0.1970649895178197,0.041928721174004195,2.3207547169811322
KNTC1,0.22641509433962265,0.029350104821802937,2.406708595387841
KPNA1,0.2578616352201258,0.012578616352201259,2.511530398322851
KPNA2,0.22431865828092243,0.012578616352201259,2.4213836477987423
KPNA3,0.11740041928721175,0.29559748427672955,1.8909853249475892
KPNA4,0.2746331236897275,0.0020964360587002098,2.5786163522012577
KPNA5,0.16352201257861634,0.1740041928721174,2.1153039832285114
KPNA6,0.2180293501048218,0.012578616352201259,2.3710691823899372
KPNA7,0.2893081761006289,0.008385744234800839,2.6289308176100628
KPNB1,0.22641509433962265,0.025157232704402517,2.40041928721174
KPRP,0.24947589098532494,0.008385744234800839,2.50314465408805
KPTN,0.21174004192872117,0.033542976939203356,2.3731656184486374
KRAS,0.19916142557651992,0.07756813417190776,2.308176100628931
KRIT1,0.2914046121593291,0.0,2.649895178197065
KRR1,0.2389937106918239,0.008385744234800839,2.461215932914046
KRT1,0.22641509433962265,0.0020964360587002098,2.438155136268344
KRT10,0.20964360587002095,0.050314465408805034,2.3291404612159328
KRT12,0.20964360587002095,0.050314465408805034,2.3291404612159328
KRT13,0.20964360587002095,0.05241090146750524,2.3249475890985325
KRT14,0.20964360587002095,0.04821802935010482,2.3291404612159328
KRT15,0.20964360587002095,0.05241090146750524,2.3249475890985325
KRT16,0.20964360587002095,0.04821802935010482,2.3291404612159328
KRT17,0.20964360587002095,0.04821802935010482,2.3291404612159328
KRT18,0.22851153039832284,0.0020964360587002098,2.442348008385744
KRT19,0.20964360587002095,0.05241090146750524,2.3249475890985325
KRT2,0.22641509433962265,0.0020964360587002098,2.438155136268344
KRT20,0.20964360587002095,0.050314465408805034,2.3291404612159328
KRT23,0.20754716981132076,0.050314465408805034,2.3249475890985325
KRT24,0.20964360587002095,0.0440251572327044,2.3375262054507338
KRT25,0.20964360587002095,0.0440251572327044,2.3375262054507338
KRT26,0.20964360587002095,0.0440251572327044,2.3375262054507338
KRT27,0.20964360587002095,0.04821802935010482,2.331236897274633
KRT28,0.20964360587002095,0.04821802935010482,2.331236897274633
KRT3,0.22431865828092243,0.0020964360587002098,2.4339622641509435
KRT31,0.20754716981132076,0.05241090146750524,2.3228511530398324
KRT32,0.20754716981132076,0.05241090146750524,2.3228511530398324
KRT33A,0.20754716981132076,0.05241090146750524,2.3228511530398324
KRT33B,0.20754716981132076,0.05241090146750524,2.3228511530398324
KRT34,0.20754716981132076,0.05241090146750524,2.3228511530398324
KRT37,0.20754716981132076,0.05241090146750524,2.3228511530398324
KRT38,0.20754716981132076,0.05241090146750524,2.3228511530398324
KRT39,0.20754716981132076,0.050314465408805034,2.3249475890985325
KRT4,0.22851153039832284,0.0020964360587002098,2.442348008385744
KRT40,0.20754716981132076,0.050314465408805034,2.3249475890985325
KRT5,0.22851153039832284,0.0020964360587002098,2.440251572327044
KRT6A,0.22851153039832284,0.0020964360587002098,2.440251572327044
KRT6B,0.22851153039832284,0.0020964360587002098,2.440251572327044
KRT6C,0.22851153039832284,0.0020964360587002098,2.440251572327044
KRT7,0.22851153039832284,0.0041928721174004195,2.442348008385744
KRT71,0.22641509433962265,0.0020964360587002098,2.438155136268344
KRT72,0.22641509433962265,0.0020964360587002098,2.438155136268344
KRT73,0.22641509433962265,0.0020964360587002098,2.438155136268344
KRT74,0.22641509433962265,0.0020964360587002098,2.438155136268344
KRT75,0.22851153039832284,0.0020964360587002098,2.440251572327044
KRT76,0.22431865828092243,0.0020964360587002098,2.4339622641509435
KRT78,0.22851153039832284,0.0020964360587002098,2.442348008385744
KRT79,0.22851153039832284,0.0020964360587002098,2.442348008385744
KRT8,0.22851153039832284,0.0020964360587002098,2.442348008385744
KRT80,0.22851153039832284,0.0041928721174004195,2.442348008385744
KRT81,0.22851153039832284,0.0041928721174004195,2.442348008385744
KRT83,0.22851153039832284,0.0041928721174004195,2.442348008385744
KRT85,0.22851153039832284,0.0020964360587002098,2.442348008385744
KRT86,0.22851153039832284,0.0041928721174004195,2.442348008385744
KRT9,0.20964360587002095,0.04821802935010482,2.3291404612159328
KSR1,0.20964360587002095,0.018867924528301886,2.3668763102725365
KTN1,0.2180293501048218,0.006289308176100629,2.39832285115304
KYAT1,0.2578616352201258,0.0,2.509433962264151
KYNU,0.16981132075471697,0.09014675052410902,2.220125786163522
L1CAM,0.010482180293501049,0.7840670859538784,1.230607966457023
L2HGDH,0.22851153039832284,0.0041928721174004195,2.4171907756813416
L3MBTL1,0.23270440251572327,0.010482180293501049,2.4675052410901466
L3MBTL2,0.21174004192872117,0.023060796645702306,2.358490566037736
LACRT,0.2222222222222222,0.0041928721174004195,2.4339622641509435
LAIR1,0.23270440251572327,0.0,2.4360587002096437
LALBA,0.2138364779874214,0.0041928721174004195,2.4129979035639413
LAMA1,0.21593291404612158,0.05450733752620545,2.358490566037736
LAMA2,0.22641509433962265,0.03773584905660377,2.3710691823899372
LAMA3,0.18448637316561844,0.08385744234800839,2.259958071278826
LAMA4,0.1509433962264151,0.1928721174004193,2.0775681341719077
LAMA5,0.24109014675052412,0.0020964360587002098,2.459119496855346
LAMB1,0.27044025157232704,0.012578616352201259,2.5534591194968552
LAMB2,0.22012578616352202,0.016771488469601678,2.419287211740042
LAMB3,0.22851153039832284,0.031446540880503145,2.438155136268344
LAMC1,0.23060796645702306,0.010482180293501049,2.442348008385744
LAMC2,0.23060796645702306,0.010482180293501049,2.442348008385744
LAMC3,0.25157232704402516,0.006289308176100629,2.492662473794549
LAMP1,0.1928721174004193,0.07547169811320754,2.2746331236897275
LAMP2,0.008385744234800839,0.779874213836478,1.228511530398323
LAMTOR1,0.24737945492662475,0.0041928721174004195,2.4758909853249476
LAMTOR2,0.23689727463312368,0.016771488469601678,2.461215932914046
LAMTOR3,0.2222222222222222,0.014675052410901468,2.39832285115304
LAMTOR5,0.20335429769392033,0.03773584905660377,2.3375262054507338
LAP3,0.2180293501048218,0.023060796645702306,2.3752620545073375
LAPTM5,0.21174004192872117,0.016771488469601678,2.3542976939203353
LARGE1,0.20754716981132076,0.027253668763102725,2.348008385744235
LARGE2,0.21593291404612158,0.04821802935010482,2.3668763102725365
LARP6,0.20545073375262055,0.012578616352201259,2.3647798742138364
LARP7,0.2138364779874214,0.018867924528301886,2.3773584905660377
LAS1L,0.014675052410901468,0.7756813417190775,1.2641509433962264
LASP1,0.21174004192872117,0.029350104821802937,2.360587002096436
LAT,0.23270440251572327,0.010482180293501049,2.4255765199161425
LAT2,0.2809224318658281,0.0,2.5953878406708597
LATS1,0.20754716981132076,0.029350104821802937,2.348008385744235
LATS2,0.20964360587002095,0.041928721174004195,2.360587002096436
LAYN,0.21593291404612158,0.05660377358490566,2.3668763102725365
LBP,0.22641509433962265,0.016771488469601678,2.419287211740042
LBR,0.2222222222222222,0.05870020964360587,2.3773584905660377
LCA5,0.16981132075471697,0.16981132075471697,2.142557651991614
LCAT,0.16352201257861634,0.15513626834381553,2.1446540880503147
LCE1A,0.24737945492662475,0.006289308176100629,2.50314465408805
LCE1B,0.24737945492662475,0.006289308176100629,2.50104821802935
LCE1C,0.24737945492662475,0.006289308176100629,2.50104821802935
LCE1D,0.24737945492662475,0.006289308176100629,2.50104821802935
LCE1E,0.24947589098532494,0.006289308176100629,2.5052410901467503
LCE1F,0.24947589098532494,0.008385744234800839,2.50314465408805
LCE2A,0.24947589098532494,0.006289308176100629,2.5052410901467503
LCE2B,0.24947589098532494,0.006289308176100629,2.5052410901467503
LCE2C,0.24947589098532494,0.006289308176100629,2.5052410901467503
LCE2D,0.24947589098532494,0.006289308176100629,2.5052410901467503
LCE3A,0.24947589098532494,0.006289308176100629,2.5052410901467503
LCE3B,0.24947589098532494,0.006289308176100629,2.5052410901467503
LCE3C,0.24947589098532494,0.006289308176100629,2.5052410901467503
LCE3D,0.24947589098532494,0.006289308176100629,2.5052410901467503
LCE4A,0.24947589098532494,0.006289308176100629,2.5052410901467503
LCE5A,0.24947589098532494,0.006289308176100629,2.5052410901467503
LCK,0.2180293501048218,0.012578616352201259,2.3710691823899372
LCLAT1,0.22012578616352202,0.016771488469601678,2.3962264150943398
LCN1,0.2557651991614256,0.0020964360587002098,2.507337526205451
LCN2,0.2620545073375262,0.0,2.5366876310272537
LCORL,0.2180293501048218,0.023060796645702306,2.3752620545073375
LCP1,0.1090146750524109,0.3081761006289308,1.8658280922431867
LCP2,0.22851153039832284,0.0041928721174004195,2.4465408805031448
LCT,0.16142557651991615,0.09014675052410902,2.209643605870021
LDB1,0.19077568134171907,0.07756813417190776,2.247379454926625
LDB2,0.2138364779874214,0.029350104821802937,2.3668763102725365
LDB3,0.1761006289308176,0.13626834381551362,2.1823899371069184
LDHAL6A,0.23270440251572327,0.0041928721174004195,2.4255765199161425
LDHAL6B,0.20754716981132076,0.027253668763102725,2.3459119496855347
LDHB,0.19077568134171907,0.08385744234800839,2.2872117400419287
LDHC,0.23270440251572327,0.0041928721174004195,2.4255765199161425
LDHD,0.14465408805031446,0.25157232704402516,2.008385744234801
LDLR,0.2138364779874214,0.010482180293501049,2.379454926624738
LDLRAP1,0.20964360587002095,0.016771488469601678,2.3542976939203353
LEF1,0.22012578616352202,0.010482180293501049,2.40041928721174
LEFTY1,0.2222222222222222,0.05870020964360587,2.3773584905660377
LEFTY2,0.2222222222222222,0.05870020964360587,2.3773584905660377
LEMD2,0.22431865828092243,0.0020964360587002098,2.4171907756813416
LEMD3,0.2348008385744235,0.012578616352201259,2.452830188679245
LEO1,0.20335429769392033,0.025157232704402517,2.339622641509434
LEP,0.2662473794549266,0.020964360587002098,2.519916142557652
LEPR,0.18867924528301888,0.041928721174004195,2.291404612159329
LEPROT,0.19077568134171907,0.039832285115303984,2.29979035639413
LETM1,0.22431865828092243,0.016771488469601678,2.4046121593291403
LFNG,0.2809224318658281,0.014675052410901468,2.5639412997903563
LGALS1,0.2138364779874214,0.020964360587002098,2.3647798742138364
LGALS3,0.2180293501048218,0.006289308176100629,2.39832285115304
LGALS3BP,0.22851153039832284,0.020964360587002098,2.4129979035639413
LGALS4,0.2180293501048218,0.010482180293501049,2.40251572327044
LGALS7,0.2180293501048218,0.010482180293501049,2.40251572327044
LGALS7B,0.2180293501048218,0.010482180293501049,2.40251572327044
LGALS8,0.23060796645702306,0.05660377358490566,2.3941299790356396
LGALS9,0.20964360587002095,0.016771488469601678,2.368972746331237
LGI1,0.17819706498951782,0.09853249475890985,2.207547169811321
LGI3,0.0859538784067086,0.42138364779874216,1.719077568134172
LGMN,0.22012578616352202,0.027253668763102725,2.3731656184486374
LGR4,0.23689727463312368,0.006289308176100629,2.4339622641509435
LGR5,0.24109014675052412,0.0041928721174004195,2.469601677148847
LHCGR,0.22012578616352202,0.023060796645702306,2.3836477987421385
LHFPL5,0.2222222222222222,0.008385744234800839,2.408805031446541
LHPP,0.19916142557651992,0.041928721174004195,2.310272536687631
LHX1,0.20964360587002095,0.031446540880503145,2.3542976939203353
LHX2,0.2557651991614256,0.0020964360587002098,2.511530398322851
LHX3,0.2557651991614256,0.0020964360587002098,2.509433962264151
LHX4,0.22851153039832284,0.012578616352201259,2.442348008385744
LHX6,0.25366876310272535,0.0041928721174004195,2.5052410901467503
LHX8,0.19077568134171907,0.03773584905660377,2.30188679245283
LHX9,0.2389937106918239,0.010482180293501049,2.461215932914046
LIF,0.1949685534591195,0.031446540880503145,2.3228511530398324
LIFR,0.23060796645702306,0.016771488469601678,2.459119496855346
LIG1,0.2138364779874214,0.020964360587002098,2.392033542976939
LIG3,0.20964360587002095,0.029350104821802937,2.352201257861635
LIG4,0.20335429769392033,0.06918238993710692,2.291404612159329
LILRA1,0.23270440251572327,0.0,2.4360587002096437
LILRA4,0.23270440251572327,0.0,2.4360587002096437
LILRB1,0.23270440251572327,0.0,2.4360587002096437
LILRB2,0.23270440251572327,0.0,2.4360587002096437
LILRB3,0.23270440251572327,0.0,2.4360587002096437
LILRB4,0.23270440251572327,0.0,2.4360587002096437
LIMA1,0.2138364779874214,0.0020964360587002098,2.4171907756813416
LIMD1,0.2180293501048218,0.012578616352201259,2.4276729559748427
LIMK1,0.2809224318658281,0.0,2.5953878406708597
LIMK2,0.1970649895178197,0.031446540880503145,2.3270440251572326
LIMS1,0.21174004192872117,0.016771488469601678,2.3731656184486374
LIMS2,0.1740041928721174,0.07547169811320754,2.241090146750524
LIMS3,0.20964360587002095,0.016771488469601678,2.368972746331237
LIN28A,0.20754716981132076,0.014675052410901468,2.3542976939203353
LIN28B,0.14675052410901468,0.21174004192872117,2.050314465408805
LIN37,0.21593291404612158,0.0041928721174004195,2.406708595387841
LIN52,0.21174004192872117,0.027253668763102725,2.3647798742138364
LIN54,0.2222222222222222,0.006289308176100629,2.4046121593291403
LIN7A,0.2389937106918239,0.014675052410901468,2.469601677148847
LIN7B,0.21174004192872117,0.010482180293501049,2.40041928721174
LIN7C,0.23689727463312368,0.006289308176100629,2.4339622641509435
LIN9,0.2222222222222222,0.05660377358490566,2.3815513626834384
LINGO1,0.20754716981132076,0.014675052410901468,2.368972746331237
LIPC,0.20754716981132076,0.029350104821802937,2.3333333333333335
LIPE,0.20754716981132076,0.029350104821802937,2.360587002096436
LIPG,0.16981132075471697,0.11740041928721175,2.1949685534591197
LIPH,0.24528301886792453,0.012578616352201259,2.4758909853249476
LIPT1,0.2222222222222222,0.006289308176100629,2.4129979035639413
LLGL1,0.1970649895178197,0.039832285115303984,2.3291404612159328
LLGL2,0.23060796645702306,0.016771488469601678,2.4213836477987423
LMAN1,0.16142557651991615,0.1509433962264151,2.150943396226415
LMAN2,0.22851153039832284,0.0,2.442348008385744
LMAN2L,0.22431865828092243,0.006289308176100629,2.408805031446541
LMBR1,0.2662473794549266,0.014675052410901468,2.5345911949685536
LMBR1L,0.21593291404612158,0.0020964360587002098,2.419287211740042
LMCD1,0.22012578616352202,0.03773584905660377,2.3941299790356396
LMF1,0.2431865828092243,0.010482180293501049,2.442348008385744
LMF2,0.20335429769392033,0.0440251572327044,2.3207547169811322
LMNA,0.23689727463312368,0.016771488469601678,2.461215932914046
LMNB1,0.20964360587002095,0.03563941299790356,2.360587002096436
LMNB2,0.20964360587002095,0.027253668763102725,2.348008385744235
LMO1,0.23060796645702306,0.010482180293501049,2.4171907756813416
LMO2,0.23060796645702306,0.020964360587002098,2.410901467505241
LMO4,0.19916142557651992,0.041928721174004195,2.3144654088050314
LMO7,0.14465408805031446,0.20125786163522014,2.039832285115304
LMOD1,0.23689727463312368,0.008385744234800839,2.4675052410901466
LMTK2,0.2914046121593291,0.0041928721174004195,2.6373165618448637
LMX1A,0.23060796645702306,0.033542976939203356,2.4255765199161425
LMX1B,0.2641509433962264,0.0,2.5220125786163523
LNPEP,0.17819706498951782,0.11320754716981132,2.2180293501048216
LNPK,0.1970649895178197,0.050314465408805034,2.3186582809224316
LNX1,0.20964360587002095,0.012578616352201259,2.3815513626834384
LONP1,0.21174004192872117,0.012578616352201259,2.379454926624738
LONP2,0.20545073375262055,0.06918238993710692,2.3270440251572326
LOX,0.19916142557651992,0.041928721174004195,2.3375262054507338
LOXL1,0.20125786163522014,0.020964360587002098,2.3542976939203353
LOXL2,0.08176100628930817,0.42138364779874216,1.7169811320754718
LOXL3,0.20964360587002095,0.020964360587002098,2.3647798742138364
LOXL4,0.1928721174004193,0.07337526205450734,2.2557651991614254
LPA,0.1949685534591195,0.039832285115303984,2.3228511530398324
LPAR1,0.2578616352201258,0.0,2.507337526205451
LPAR2,0.22641509433962265,0.0020964360587002098,2.419287211740042
LPAR3,0.1970649895178197,0.0440251572327044,2.3039832285115303
LPAR4,0.006289308176100629,0.779874213836478,1.2264150943396226
LPAR6,0.1111111111111111,0.3018867924528302,1.8763102725366876
LPCAT1,0.2348008385744235,0.0041928721174004195,2.490566037735849
LPCAT2,0.16561844863731656,0.129979035639413,2.1761006289308176
LPCAT3,0.17819706498951782,0.07966457023060797,2.2725366876310273
LPCAT4,0.20545073375262055,0.03563941299790356,2.341719077568134
LPGAT1,0.22851153039832284,0.03563941299790356,2.4255765199161425
LPIN1,0.2222222222222222,0.008385744234800839,2.408805031446541
LPIN2,0.20545073375262055,0.05660377358490566,2.341719077568134
LPIN3,0.23270440251572327,0.010482180293501049,2.4360587002096437
LPXN,0.23060796645702306,0.008385744234800839,2.4318658280922434
LRAT,0.2222222222222222,0.010482180293501049,2.39832285115304
LRCH3,0.24109014675052412,0.029350104821802937,2.4360587002096437
LRCH4,0.2893081761006289,0.006289308176100629,2.6247379454926625
LRFN1,0.2138364779874214,0.008385744234800839,2.39832285115304
LRFN3,0.21593291404612158,0.0041928721174004195,2.4046121593291403
LRFN4,0.2620545073375262,0.0,2.5283018867924527
LRG1,0.21174004192872117,0.020964360587002098,2.3647798742138364
LRIG1,0.22641509433962265,0.023060796645702306,2.4318658280922434
LRIG3,0.21593291404612158,0.0041928721174004195,2.4318658280922434
LRP1,0.2222222222222222,0.0020964360587002098,2.442348008385744
LRP10,0.21174004192872117,0.008385744234800839,2.392033542976939
LRP12,0.36477987421383645,0.010482180293501049,2.8951781970649897
LRP2BP,0.2138364779874214,0.016771488469601678,2.3710691823899372
LRP5,0.2620545073375262,0.0020964360587002098,2.5262054507337526
LRP6,0.15723270440251572,0.14465408805031446,2.142557651991614
LRP8,0.20335429769392033,0.041928721174004195,2.3228511530398324
LRPPRC,0.2180293501048218,0.0440251572327044,2.3542976939203353
LRRC4,0.2641509433962264,0.023060796645702306,2.5136268343815513
LRRC49,0.20545073375262055,0.012578616352201259,2.3647798742138364
LRRC4B,0.2180293501048218,0.008385744234800839,2.4150943396226414
LRRC4C,0.22851153039832284,0.0440251572327044,2.39832285115304
LRRC8A,0.2578616352201258,0.0,2.509433962264151
LRRC8B,0.19916142557651992,0.041928721174004195,2.3165618448637315
LRRC8C,0.20125786163522014,0.041928721174004195,2.3228511530398324
LRRC8D,0.20335429769392033,0.041928721174004195,2.3249475890985325
LRRC8E,0.2138364779874214,0.012578616352201259,2.3773584905660377
LRRFIP1,0.21174004192872117,0.023060796645702306,2.3668763102725365
LRRK2,0.2180293501048218,0.006289308176100629,2.4171907756813416
LRRTM1,0.2222222222222222,0.018867924528301886,2.4046121593291403
LRRTM2,0.22431865828092243,0.018867924528301886,2.4046121593291403
LRRTM4,0.21593291404612158,0.023060796645702306,2.3836477987421385
LRSAM1,0.2641509433962264,0.0,2.538784067085954
LRWD1,0.27672955974842767,0.014675052410901468,2.5903361344537816
LSAMP,0.25366876310272535,0.031446540880503145,2.461215932914046
LSG1,0.24528301886792453,0.027253668763102725,2.4444444444444446
LSM1,0.18448637316561844,0.2222222222222222,2.169811320754717
LSM10,0.20754716981132076,0.014675052410901468,2.358490566037736
LSM11,0.23270440251572327,0.010482180293501049,2.4339622641509435
LSM14A,0.2222222222222222,0.0041928721174004195,2.4213836477987423
LSM14B,0.24109014675052412,0.0041928721174004195,2.457023060796646
LSM2,0.2348008385744235,0.0041928721174004195,2.429769392033543
LSM3,0.2222222222222222,0.008385744234800839,2.440251572327044
LSM4,0.22012578616352202,0.0,2.4150943396226414
LSM5,0.2914046121593291,0.0,2.6540880503144653
LSM6,0.2180293501048218,0.008385744234800839,2.3941299790356396
LSM7,0.21174004192872117,0.027253668763102725,2.350104821802935
LSM8,0.2662473794549266,0.018867924528301886,2.5450733752620547
LSP1,0.23060796645702306,0.014675052410901468,2.4129979035639413
LSR,0.22012578616352202,0.0041928721174004195,2.4171907756813416
LSS,0.21593291404612158,0.03563941299790356,2.3857442348008386
LTA,0.23060796645702306,0.006289308176100629,2.4213836477987423
LTA4H,0.24737945492662475,0.006289308176100629,2.49895178197065
LTB4R,0.22012578616352202,0.008385744234800839,2.406708595387841
LTB4R2,0.22012578616352202,0.008385744234800839,2.406708595387841
LTBP1,0.22012578616352202,0.033542976939203356,2.3857442348008386
LTBP3,0.25366876310272535,0.0020964360587002098,2.50314465408805
LTBP4,0.21174004192872117,0.012578616352201259,2.389937106918239
LTBR,0.18029350104821804,0.07966457023060797,2.2767295597484276
LTC4S,0.23060796645702306,0.0020964360587002098,2.440251572327044
LTF,0.2180293501048218,0.020964360587002098,2.4150943396226414
LTV1,0.20964360587002095,0.029350104821802937,2.352201257861635
LUC7L,0.2389937106918239,0.012578616352201259,2.4360587002096437
LUC7L3,0.22431865828092243,0.008385744234800839,2.4234800838574424
LUM,0.24737945492662475,0.0,2.492662473794549
LURAP1,0.20545073375262055,0.025157232704402517,2.3438155136268346
LUZP4,0.008385744234800839,0.7777777777777778,1.230607966457023
LY6D,0.33962264150943394,0.020964360587002098,2.7756813417190775
LY6E,0.33962264150943394,0.020964360587002098,2.7756813417190775
LY6G6C,0.23270440251572327,0.0041928721174004195,2.4276729559748427
LY6H,0.33962264150943394,0.020964360587002098,2.7819706498951784
LY86,0.20964360587002095,0.041928721174004195,2.3333333333333335
LY9,0.23270440251572327,0.031446540880503145,2.438155136268344
LY96,0.3584905660377358,0.0020964360587002098,2.9287211740041927
LYAR,0.21593291404612158,0.018867924528301886,2.3815513626834384
LYL1,0.2138364779874214,0.014675052410901468,2.3773584905660377
LYN,0.3039832285115304,0.016771488469601678,2.7253668763102725
LYPD1,0.17819706498951782,0.09014675052410902,2.2285115303983227
LYPD3,0.21174004192872117,0.023060796645702306,2.3731656184486374
LYPD4,0.21174004192872117,0.016771488469601678,2.3857442348008386
LYPD5,0.2138364779874214,0.016771488469601678,2.3815513626834384
LYPLA1,0.3081761006289308,0.027253668763102725,2.7148846960167714
LYPLA2,0.20335429769392033,0.033542976939203356,2.3291404612159328
LYRM2,0.13417190775681342,0.2641509433962264,1.9769392033542976
LYRM4,0.21174004192872117,0.033542976939203356,2.3459119496855347
LYST,0.22851153039832284,0.0649895178197065,2.3815513626834384
LYVE1,0.22641509433962265,0.0041928721174004195,2.419287211740042
LYZ,0.24528301886792453,0.0,2.4779874213836477
LZTS2,0.18867924528301888,0.07337526205450734,2.249475890985325
LZTS3,0.21593291404612158,0.033542976939203356,2.3773584905660377
M6PR,0.16981132075471697,0.09014675052410902,2.2452830188679247
MAB21L1,0.16352201257861634,0.1488469601677149,2.1365546218487395
MACF1,0.21174004192872117,0.012578616352201259,2.368972746331237
MACROD1,0.2389937106918239,0.0041928721174004195,2.4716981132075473
MAD1L1,0.27672955974842767,0.012578616352201259,2.561844863731656
MAD2L1,0.20964360587002095,0.0440251572327044,2.3459119496855347
MAD2L1BP,0.23060796645702306,0.006289308176100629,2.4213836477987423
MAD2L2,0.1970649895178197,0.029350104821802937,2.3207547169811322
MADCAM1,0.21174004192872117,0.014675052410901468,2.3647798742138364
MADD,0.2180293501048218,0.05450733752620545,2.358490566037736
MAEA,0.22641509433962265,0.014675052410901468,2.4129979035639413
MAEL,0.23060796645702306,0.033542976939203356,2.419287211740042
MAF,0.13626834381551362,0.2557651991614256,1.9916142557651992
MAF1,0.33752620545073375,0.023060796645702306,2.7777777777777777
MAFA,0.33962264150943394,0.020964360587002098,2.7819706498951784
MAFB,0.23060796645702306,0.010482180293501049,2.4339622641509435
MAFF,0.21174004192872117,0.018867924528301886,2.3710691823899372
MAFG,0.22641509433962265,0.008385744234800839,2.4234800838574424
MAFK,0.27672955974842767,0.012578616352201259,2.561844863731656
MAG,0.22012578616352202,0.0041928721174004195,2.4171907756813416
MAGEA1,0.012578616352201259,0.7840670859538784,1.2327044025157232
MAGED1,0.008385744234800839,0.7819706498951782,1.228511530398323
MAGEH1,0.008385744234800839,0.779874213836478,1.230607966457023
MAGI1,0.22641509433962265,0.025157232704402517,2.429769392033543
MAGI2,0.27672955974842767,0.006289308176100629,2.610062893081761
MAGI3,0.21174004192872117,0.029350104821802937,2.360587002096436
MAGOH,0.20545073375262055,0.04612159329140461,2.3228511530398324
MAGOHB,0.16561844863731656,0.1278825995807128,2.192872117400419
MAGT1,0.006289308176100629,0.779874213836478,1.2264150943396226
MAIP1,0.2222222222222222,0.008385744234800839,2.408805031446541
MAK16,0.1320754716981132,0.2914046121593291,1.9664570230607967
MAL,0.2222222222222222,0.008385744234800839,2.408805031446541
MAL2,0.3689727463312369,0.0020964360587002098,2.9182389937106916
MALSU1,0.2914046121593291,0.006289308176100629,2.620545073375262
MAML1,0.23060796645702306,0.0020964360587002098,2.440251572327044
MAML2,0.2389937106918239,0.023060796645702306,2.442348008385744
MAML3,0.22431865828092243,0.012578616352201259,2.3962264150943398
MAN1A1,0.16771488469601678,0.1530398322851153,2.150943396226415
MAN1A2,0.2222222222222222,0.016771488469601678,2.4129979035639413
MAN1B1,0.25366876310272535,0.0,2.5136268343815513
MAN1C1,0.20964360587002095,0.016771488469601678,2.3542976939203353
MAN2A1,0.18658280922431866,0.09224318658280922,2.259958071278826
MAN2A2,0.21174004192872117,0.006289308176100629,2.3857442348008386
MAN2B1,0.2138364779874214,0.014675052410901468,2.3773584905660377
MANEA,0.13836477987421383,0.2389937106918239,2.008385744234801
MAOA,0.008385744234800839,0.7777777777777778,1.2410901467505242
MAOB,0.008385744234800839,0.7777777777777778,1.2410901467505242
MAP1A,0.1949685534591195,0.03773584905660377,2.310272536687631
MAP1B,0.16561844863731656,0.1278825995807128,2.180293501048218
MAP1LC3A,0.23270440251572327,0.012578616352201259,2.4318658280922434
MAP1LC3B,0.129979035639413,0.2662473794549266,1.9517819706498951
MAP1LC3B2,0.24528301886792453,0.016771488469601678,2.452830188679245
MAP1LC3C,0.2389937106918239,0.025157232704402517,2.459119496855346
MAP1S,0.22012578616352202,0.0,2.4150943396226414
MAP2,0.2222222222222222,0.012578616352201259,2.40251572327044
MAP2K1,0.20754716981132076,0.012578616352201259,2.3647798742138364
MAP2K2,0.20964360587002095,0.018867924528301886,2.3647798742138364
MAP2K3,0.20754716981132076,0.027253668763102725,2.3542976939203353
MAP2K4,0.1509433962264151,0.09433962264150944,2.169811320754717
MAP2K5,0.20964360587002095,0.016771488469601678,2.3647798742138364
MAP2K6,0.2222222222222222,0.016771488469601678,2.419287211740042
MAP2K7,0.2138364779874214,0.012578616352201259,2.3773584905660377
MAP3K1,0.16561844863731656,0.14255765199161424,2.153039832285115
MAP3K10,0.21174004192872117,0.012578616352201259,2.392033542976939
MAP3K11,0.2557651991614256,0.0020964360587002098,2.5052410901467503
MAP3K12,0.22641509433962265,0.0020964360587002098,2.438155136268344
MAP3K13,0.24737945492662475,0.010482180293501049,2.4821802935010484
MAP3K14,0.1928721174004193,0.09433962264150944,2.2641509433962264
MAP3K2,0.1740041928721174,0.07547169811320754,2.241090146750524
MAP3K20,0.1970649895178197,0.05450733752620545,2.3039832285115303
MAP3K3,0.22851153039832284,0.010482180293501049,2.4255765199161425
MAP3K4,0.1949685534591195,0.039832285115303984,2.3228511530398324
MAP3K5,0.21174004192872117,0.018867924528301886,2.3647798742138364
MAP3K7,0.13417190775681342,0.2578616352201258,1.9832285115303983
MAP3K8,0.21174004192872117,0.0440251572327044,2.3542976939203353
MAP4K2,0.24109014675052412,0.0041928721174004195,2.4737945492662474
MAP4K4,0.2180293501048218,0.006289308176100629,2.40041928721174
MAP4K5,0.22851153039832284,0.0041928721174004195,2.4150943396226414
MAP9,0.2222222222222222,0.012578616352201259,2.39832285115304
MAPK1,0.21174004192872117,0.025157232704402517,2.352201257861635
MAPK10,0.22641509433962265,0.014675052410901468,2.40041928721174
MAPK11,0.20545073375262055,0.039832285115303984,2.331236897274633
MAPK12,0.20545073375262055,0.039832285115303984,2.331236897274633
MAPK13,0.22431865828092243,0.008385744234800839,2.410901467505241
MAPK14,0.22431865828092243,0.008385744234800839,2.410901467505241
MAPK15,0.33752620545073375,0.020964360587002098,2.779874213836478
MAPK3,0.23060796645702306,0.008385744234800839,2.4213836477987423
MAPK4,0.16981132075471697,0.12368972746331237,2.190775681341719
MAPK6,0.20335429769392033,0.025157232704402517,2.339622641509434
MAPK7,0.19916142557651992,0.029350104821802937,2.3270440251572326
MAPK8,0.20545073375262055,0.0440251572327044,2.3270440251572326
MAPK8IP1,0.21593291404612158,0.04821802935010482,2.3668763102725365
MAPK8IP2,0.20335429769392033,0.041928721174004195,2.323529411764706
MAPK8IP3,0.25157232704402516,0.008385744234800839,2.461215932914046
MAPK9,0.23060796645702306,0.0041928721174004195,2.4444444444444446
MAPKAP1,0.259958071278826,0.0,2.5157232704402515
MAPKAPK2,0.2389937106918239,0.014675052410901468,2.4675052410901466
MAPKAPK3,0.2222222222222222,0.014675052410901468,2.4276729559748427
MAPKAPK5,0.2348008385744235,0.012578616352201259,2.4360587002096437
MAPRE1,0.2348008385744235,0.006289308176100629,2.442348008385744
MAPRE2,0.1740041928721174,0.10062893081761007,2.220125786163522
MAPRE3,0.22851153039832284,0.008385744234800839,2.4234800838574424
MAPT,0.1970649895178197,0.08385744234800839,2.280922431865828
MARCKS,0.1530398322851153,0.1928721174004193,2.0817610062893084
MARCO,0.1928721174004193,0.06079664570230608,2.2872117400419287
MARK2,0.2389937106918239,0.0041928721174004195,2.4654088050314464
MARK3,0.22012578616352202,0.014675052410901468,2.39832285115304
MARK4,0.2138364779874214,0.012578616352201259,2.392033542976939
MARS2,0.22012578616352202,0.006289308176100629,2.408805031446541
MAS1,0.1970649895178197,0.03773584905660377,2.3291404612159328
MASP1,0.2557651991614256,0.014675052410901468,2.4842767295597485
MASP2,0.19916142557651992,0.033542976939203356,2.3186582809224316
MAST2,0.20754716981132076,0.023060796645702306,2.3459119496855347
MASTL,0.2180293501048218,0.029350104821802937,2.3752620545073375
MAT1A,0.1949685534591195,0.06918238993710692,2.2955974842767297
MAT2A,0.22641509433962265,0.014675052410901468,2.40251572327044
MAT2B,0.22641509433962265,0.008385744234800839,2.429769392033543
MATK,0.20754716981132076,0.025157232704402517,2.356394129979036
MATN1,0.21174004192872117,0.018867924528301886,2.352201257861635
MATN3,0.22431865828092243,0.008385744234800839,2.4150943396226414
MATN4,0.23270440251572327,0.008385744234800839,2.4716981132075473
MATR3,0.22851153039832284,0.016771488469601678,2.410901467505241
MAU2,0.22431865828092243,0.0,2.419287211740042
MAVS,0.2180293501048218,0.03773584905660377,2.379454926624738
MAX,0.2138364779874214,0.016771488469601678,2.3773584905660377
MBD1,0.16771488469601678,0.12368972746331237,2.1865828092243187
MBD2,0.1740041928721174,0.12159329140461216,2.1949685534591197
MBD3,0.21174004192872117,0.031446540880503145,2.3438155136268346
MBD3L1,0.2138364779874214,0.006289308176100629,2.3857442348008386
MBD4,0.2746331236897275,0.014675052410901468,2.5849056603773586
MBD5,0.1761006289308176,0.09224318658280922,2.2327044025157234
MBD6,0.2180293501048218,0.0041928721174004195,2.4318658280922434
MBIP,0.23060796645702306,0.0041928721174004195,2.429769392033543
MBL2,0.20545073375262055,0.04821802935010482,2.348008385744235
MBNL1,0.27672955974842767,0.008385744234800839,2.5765199161425576
MBNL2,0.18238993710691823,0.09643605870020965,2.2368972746331237
MBOAT1,0.22641509433962265,0.012578616352201259,2.408805031446541
MBOAT2,0.23060796645702306,0.0,2.4276729559748427
MBOAT7,0.23270440251572327,0.0,2.4360587002096437
MBP,0.1530398322851153,0.1509433962264151,2.1174004192872116
MBTD1,0.22641509433962265,0.010482180293501049,2.4276729559748427
MBTPS1,0.13417190775681342,0.27253668763102723,1.9580712788259957
MBTPS2,0.008385744234800839,0.7714884696016772,1.2368972746331237
MC1R,0.14046121593291405,0.22851153039832284,2.010482180293501
MC2R,0.20964360587002095,0.04821802935010482,2.3542976939203353
MC3R,0.2389937106918239,0.008385744234800839,2.4633123689727463
MC4R,0.16142557651991615,0.15513626834381553,2.140461215932914
MC5R,0.2138364779874214,0.050314465408805034,2.358490566037736
MCAM,0.2180293501048218,0.05241090146750524,2.368972746331237
MCAT,0.20125786163522014,0.039832285115303984,2.3249475890985325
MCC,0.19077568134171907,0.07127882599580712,2.293501048218029
MCCC1,0.2578616352201258,0.010482180293501049,2.511530398322851
MCCC2,0.16352201257861634,0.1278825995807128,2.1761006289308176
MCEE,0.20964360587002095,0.027253668763102725,2.360587002096436
MCEMP1,0.21593291404612158,0.014675052410901468,2.3773584905660377
MCF2,0.014675052410901468,0.7756813417190775,1.2348008385744236
MCF2L,0.1928721174004193,0.07547169811320754,2.2767295597484276
MCFD2,0.2222222222222222,0.029350104821802937,2.379454926624738
MCIDAS,0.16981132075471697,0.11949685534591195,2.1949685534591197
MCL1,0.2557651991614256,0.0,2.5345911949685536
MCM10,0.21174004192872117,0.03773584905660377,2.3542976939203353
MCM2,0.2746331236897275,0.014675052410901468,2.5765199161425576
MCM3,0.2180293501048218,0.010482180293501049,2.3941299790356396
MCM3AP,0.21593291404612158,0.033542976939203356,2.3878406708595388
MCM4,0.28721174004192873,0.03773584905660377,2.6373165618448637
MCM5,0.21174004192872117,0.023060796645702306,2.356394129979036
MCM6,0.16142557651991615,0.09014675052410902,2.209643605870021
MCM7,0.2851153039832285,0.008385744234800839,2.6121593291404612
MCM8,0.2180293501048218,0.031446540880503145,2.379454926624738
MCMBP,0.19077568134171907,0.039832285115303984,2.30188679245283
MCPH1,0.12159329140461216,0.31236897274633124,1.9077568134171907
MCRS1,0.21593291404612158,0.0020964360587002098,2.419287211740042
MCTS1,0.008385744234800839,0.779874213836478,1.228511530398323
MCU,0.20545073375262055,0.03563941299790356,2.3438155136268346
MCUB,0.2180293501048218,0.008385744234800839,2.3962264150943398
MCUR1,0.22641509433962265,0.010482180293501049,2.4046121593291403
MDC1,0.22851153039832284,0.0041928721174004195,2.4234800838574424
MDGA1,0.22641509433962265,0.0020964360587002098,2.4150943396226414
MDH1,0.22012578616352202,0.025157232704402517,2.3857442348008386
MDH2,0.2809224318658281,0.0020964360587002098,2.59748427672956
MDK,0.21174004192872117,0.04821802935010482,2.358490566037736
MDM2,0.2431865828092243,0.0041928721174004195,2.469601677148847
MDM4,0.24737945492662475,0.0020964360587002098,2.50104821802935
MDN1,0.13417190775681342,0.2641509433962264,1.9769392033542976
ME1,0.1488469601677149,0.2348008385744235,2.0335429769392035
ME2,0.16981132075471697,0.12368972746331237,2.190775681341719
MEA1,0.22851153039832284,0.006289308176100629,2.4213836477987423
MEAF6,0.20754716981132076,0.014675052410901468,2.356394129979036
MECP2,0.010482180293501049,0.7819706498951782,1.2327044025157232
MECR,0.20545073375262055,0.018867924528301886,2.350104821802935
MED1,0.21174004192872117,0.029350104821802937,2.358490566037736
MED10,0.23270440251572327,0.010482180293501049,2.4863731656184487
MED11,0.15723270440251572,0.09224318658280922,2.1761006289308176
MED12,0.010482180293501049,0.7819706498951782,1.2368972746331237
MED12L,0.2746331236897275,0.006289308176100629,2.5744234800838575
MED13,0.23689727463312368,0.010482180293501049,2.5283018867924527
MED13L,0.24109014675052412,0.018867924528301886,2.448637316561845
MED14,0.010482180293501049,0.7756813417190775,1.2473794549266248
MED15,0.20754716981132076,0.025157232704402517,2.348008385744235
MED16,0.2138364779874214,0.014675052410901468,2.3668763102725365
MED17,0.24528301886792453,0.016771488469601678,2.4549266247379453
MED18,0.20545073375262055,0.020964360587002098,2.3438155136268346
MED19,0.22431865828092243,0.012578616352201259,2.419287211740042
MED20,0.22851153039832284,0.006289308176100629,2.419287211740042
MED21,0.20335429769392033,0.06918238993710692,2.3228511530398324
MED22,0.2578616352201258,0.0020964360587002098,2.5262054507337526
MED23,0.23060796645702306,0.020964360587002098,2.39832285115304
MED24,0.20964360587002095,0.039832285115303984,2.350104821802935
MED25,0.2180293501048218,0.008385744234800839,2.4150943396226414
MED26,0.22012578616352202,0.0020964360587002098,2.408805031446541
MED27,0.24947589098532494,0.008385744234800839,2.492662473794549
MED28,0.2180293501048218,0.023060796645702306,2.3752620545073375
MED29,0.2138364779874214,0.008385744234800839,2.39832285115304
MED30,0.3689727463312369,0.0041928721174004195,2.893081761006289
MED31,0.13836477987421383,0.13417190775681342,2.111111111111111
MED4,0.1090146750524109,0.3018867924528302,1.8721174004192873
MED6,0.21174004192872117,0.020964360587002098,2.368972746331237
MED7,0.23060796645702306,0.006289308176100629,2.4360587002096437
MED8,0.20545073375262055,0.014675052410901468,2.3542976939203353
MED9,0.18867924528301888,0.04821802935010482,2.291404612159329
MEF2A,0.21174004192872117,0.010482180293501049,2.3878406708595388
MEF2C,0.1928721174004193,0.1090146750524109,2.251572327044025
MEF2D,0.2348008385744235,0.016771488469601678,2.457023060796646
MEFV,0.24737945492662475,0.0041928721174004195,2.4549266247379453
MEGF10,0.20964360587002095,0.033542976939203356,2.360587002096436
MEIG1,0.2138364779874214,0.03773584905660377,2.3626834381551363
MEIS1,0.2138364779874214,0.029350104821802937,2.368972746331237
MEIS2,0.19916142557651992,0.039832285115303984,2.3270440251572326
MEIS3,0.21174004192872117,0.031446540880503145,2.3752620545073375
MELK,0.22641509433962265,0.012578616352201259,2.440251572327044
MELTF,0.24109014675052412,0.031446540880503145,2.4360587002096437
MEMO1,0.2222222222222222,0.029350104821802937,2.3857442348008386
MEP1A,0.22431865828092243,0.014675052410901468,2.408805031446541
MEP1B,0.17819706498951782,0.09853249475890985,2.230607966457023
MEPE,0.22641509433962265,0.018867924528301886,2.39832285115304
MERTK,0.20335429769392033,0.025157232704402517,2.352201257861635
MESP2,0.2138364779874214,0.008385744234800839,2.3857442348008386
MET,0.2641509433962264,0.016771488469601678,2.538784067085954
METAP1,0.22012578616352202,0.014675052410901468,2.39832285115304
METAP1D,0.1970649895178197,0.04821802935010482,2.3207547169811322
METAP2,0.24109014675052412,0.0041928721174004195,2.490566037735849
METTL1,0.2180293501048218,0.0020964360587002098,2.4360587002096437
METTL14,0.2138364779874214,0.041928721174004195,2.3542976939203353
METTL3,0.20754716981132076,0.012578616352201259,2.3773584905660377
MEX3B,0.20964360587002095,0.008385744234800839,2.3773584905660377
MEX3C,0.16981132075471697,0.12578616352201258,2.188679245283019
MFAP1,0.1970649895178197,0.03773584905660377,2.3123689727463312
MFAP2,0.20335429769392033,0.025157232704402517,2.3375262054507338
MFAP3,0.22851153039832284,0.008385744234800839,2.4171907756813416
MFAP4,0.19916142557651992,0.029350104821802937,2.3270440251572326
MFAP5,0.16981132075471697,0.09224318658280922,2.243186582809224
MFF,0.2180293501048218,0.018867924528301886,2.3878406708595388
MFGE8,0.21174004192872117,0.008385744234800839,2.3857442348008386
MFN1,0.2641509433962264,0.008385744234800839,2.5744234800838575
MFN2,0.19916142557651992,0.029350104821802937,2.3249475890985325
MFNG,0.2138364779874214,0.018867924528301886,2.3668763102725365
MFSD10,0.21593291404612158,0.016771488469601678,2.379454926624738
MFSD12,0.20964360587002095,0.03563941299790356,2.348008385744235
MFSD2A,0.21174004192872117,0.012578616352201259,2.368972746331237
MFSD8,0.20964360587002095,0.04821802935010482,2.339622641509434
MGA,0.1970649895178197,0.03773584905660377,2.3228511530398324
MGAM,0.27882599580712786,0.010482180293501049,2.559748427672956
MGAT1,0.22851153039832284,0.0041928721174004195,2.4339622641509435
MGAT2,0.22641509433962265,0.0041928721174004195,2.4150943396226414
MGAT3,0.20545073375262055,0.020964360587002098,2.3542976939203353
MGAT4A,0.22431865828092243,0.008385744234800839,2.408805031446541
MGAT4B,0.23060796645702306,0.0020964360587002098,2.440251572327044
MGAT4C,0.24109014675052412,0.006289308176100629,2.4821802935010484
MGAT4D,0.22431865828092243,0.010482180293501049,2.40251572327044
MGAT5,0.16981132075471697,0.0859538784067086,2.2180293501048216
MGAT5B,0.23270440251572327,0.025157232704402517,2.4171907756813416
MGLL,0.2746331236897275,0.012578616352201259,2.5639412997903563
MGMT,0.1970649895178197,0.050314465408805034,2.29769392033543
MGRN1,0.24737945492662475,0.0041928721174004195,2.452830188679245
MGST1,0.19077568134171907,0.09643605870020965,2.2788259958071277
MGST2,0.22641509433962265,0.010482180293501049,2.40041928721174
MGST3,0.23060796645702306,0.03563941299790356,2.4234800838574424
MIA3,0.22851153039832284,0.05241090146750524,2.406708595387841
MIB1,0.1949685534591195,0.07127882599580712,2.29769392033543
MIB2,0.21174004192872117,0.016771488469601678,2.3626834381551363
MICA,0.22851153039832284,0.0020964360587002098,2.4255765199161425
MICAL1,0.1488469601677149,0.20754716981132076,2.0649895178197064
MICALL1,0.2138364779874214,0.018867924528301886,2.3731656184486374
MICALL2,0.27672955974842767,0.014675052410901468,2.559748427672956
MICB,0.23060796645702306,0.0041928721174004195,2.4234800838574424
MICOS10,0.20545073375262055,0.023060796645702306,2.3459119496855347
MICOS13,0.21174004192872117,0.012578616352201259,2.379454926624738
MICU1,0.20545073375262055,0.033542976939203356,2.3438155136268346
MICU2,0.20964360587002095,0.04612159329140461,2.352201257861635
MICU3,0.1090146750524109,0.35429769392033544,1.8532494758909854
MID1,0.014675052410901468,0.7735849056603774,1.2578616352201257
MID1IP1,0.010482180293501049,0.7672955974842768,1.2557651991614256
MIDN,0.21174004192872117,0.016771488469601678,2.360587002096436
MIEF1,0.20545073375262055,0.020964360587002098,2.3542976939203353
MIEF2,0.1970649895178197,0.039832285115303984,2.3291404612159328
MIEN1,0.20964360587002095,0.033542976939203356,2.4339622641509435
MIER1,0.1949685534591195,0.03563941299790356,2.3123689727463312
MIF,0.20545073375262055,0.027253668763102725,2.3459119496855347
MIF4GD,0.23060796645702306,0.016771488469601678,2.4213836477987423
MIGA1,0.1970649895178197,0.050314465408805034,2.30188679245283
MIGA2,0.2578616352201258,0.0,2.509433962264151
MINK1,0.15723270440251572,0.0880503144654088,2.1844863731656186
MINPP1,0.16352201257861634,0.18029350104821804,2.088050314465409
MIS12,0.14675052410901468,0.11320754716981132,2.1446540880503147
MIS18BP1,0.22431865828092243,0.0020964360587002098,2.4171907756813416
MITF,0.21593291404612158,0.0440251572327044,2.389937106918239
MKI67,0.1970649895178197,0.04612159329140461,2.3060796645702304
MKKS,0.21593291404612158,0.033542976939203356,2.3815513626834384
MKLN1,0.26834381551362685,0.012578616352201259,2.5324947589098534
MKNK1,0.20545073375262055,0.027253668763102725,2.3375262054507338
MKNK2,0.21174004192872117,0.027253668763102725,2.350104821802935
MKS1,0.2138364779874214,0.025157232704402517,2.3773584905660377
MLANA,0.20964360587002095,0.03563941299790356,2.3647798742138364
MLC1,0.20545073375262055,0.039832285115303984,2.3291404612159328
MLEC,0.2389937106918239,0.023060796645702306,2.4276729559748427
MLH1,0.22431865828092243,0.0020964360587002098,2.4444444444444446
MLH3,0.21174004192872117,0.023060796645702306,2.368972746331237
MLLT1,0.2138364779874214,0.016771488469601678,2.379454926624738
MLLT10,0.21174004192872117,0.033542976939203356,2.3626834381551363
MLLT3,0.21174004192872117,0.025157232704402517,2.3815513626834384
MLLT6,0.21174004192872117,0.031446540880503145,2.358490566037736
MLNR,0.11530398322851153,0.2914046121593291,1.8909853249475892
MLPH,0.21174004192872117,0.023060796645702306,2.3668763102725365
MLST8,0.25157232704402516,0.0041928721174004195,2.469601677148847
MLX,0.20125786163522014,0.07127882599580712,2.291404612159329
MLXIP,0.23689727463312368,0.029350104821802937,2.429769392033543
MLXIPL,0.2830188679245283,0.0,2.59958071278826
MLYCD,0.13626834381551362,0.26834381551362685,1.970649895178197
MMAB,0.2348008385744235,0.008385744234800839,2.4444444444444446
MMACHC,0.20754716981132076,0.016771488469601678,2.3542976939203353
MMADHC,0.17819706498951782,0.08385744234800839,2.2452830188679247
MMD,0.22431865828092243,0.012578616352201259,2.4234800838574424
MME,0.26834381551362685,0.014675052410901468,2.5555555555555554
MMGT1,0.010482180293501049,0.779874213836478,1.2348008385744236
MMP1,0.23689727463312368,0.031446540880503145,2.4213836477987423
MMP10,0.23689727463312368,0.031446540880503145,2.4213836477987423
MMP11,0.20754716981132076,0.025157232704402517,2.350104821802935
MMP12,0.2348008385744235,0.031446540880503145,2.419287211740042
MMP13,0.2348008385744235,0.031446540880503145,2.419287211740042
MMP14,0.21174004192872117,0.010482180293501049,2.389937106918239
MMP15,0.16352201257861634,0.1320754716981132,2.1740041928721174
MMP16,0.3584905660377358,0.012578616352201259,2.8951781970649897
MMP17,0.21593291404612158,0.039832285115303984,2.3668763102725365
MMP2,0.16561844863731656,0.129979035639413,2.1761006289308176
MMP20,0.23689727463312368,0.03563941299790356,2.4171907756813416
MMP24,0.23270440251572327,0.012578616352201259,2.4318658280922434
MMP25,0.24947589098532494,0.0041928721174004195,2.457023060796646
MMP3,0.2348008385744235,0.031446540880503145,2.419287211740042
MMP7,0.2389937106918239,0.03563941299790356,2.419287211740042
MMP8,0.23689727463312368,0.031446540880503145,2.4213836477987423
MMP9,0.23270440251572327,0.010482180293501049,2.4716981132075473
MMRN1,0.23270440251572327,0.018867924528301886,2.419287211740042
MMS19,0.1949685534591195,0.07756813417190776,2.2557651991614254
MMS22L,0.13836477987421383,0.2180293501048218,2.0314465408805034
MMUT,0.22431865828092243,0.010482180293501049,2.410901467505241
MNAT1,0.2180293501048218,0.023060796645702306,2.3773584905660377
MND1,0.22431865828092243,0.008385744234800839,2.408805031446541
MNDA,0.22851153039832284,0.03563941299790356,2.4276729559748427
MNS1,0.19916142557651992,0.033542976939203356,2.3165618448637315
MOAP1,0.2222222222222222,0.027253668763102725,2.3752620545073375
MOB1A,0.21174004192872117,0.025157232704402517,2.3647798742138364
MOB1B,0.23270440251572327,0.010482180293501049,2.4213836477987423
MOB2,0.22851153039832284,0.012578616352201259,2.408805031446541
MOB4,0.22012578616352202,0.006289308176100629,2.408805031446541
MOCS2,0.18238993710691823,0.10482180293501048,2.2368972746331237
MOCS3,0.2389937106918239,0.0020964360587002098,2.4654088050314464
MOG,0.22851153039832284,0.006289308176100629,2.4171907756813416
MOGAT3,0.2809224318658281,0.008385744234800839,2.5953878406708597
MOK,0.2222222222222222,0.016771488469601678,2.39832285115304
MON2,0.22431865828092243,0.0041928721174004195,2.440251572327044
MORF4L1,0.20754716981132076,0.010482180293501049,2.3731656184486374
MOSPD2,0.010482180293501049,0.7693920335429769,1.2536687631027255
MOV10,0.20964360587002095,0.029350104821802937,2.358490566037736
MPDU1,0.12159329140461216,0.19077568134171907,2.0167714884696015
MPDZ,0.2138364779874214,0.031446540880503145,2.3941299790356396
MPG,0.2389937106918239,0.012578616352201259,2.4339622641509435
MPHOSPH10,0.20964360587002095,0.027253668763102725,2.360587002096436
MPHOSPH6,0.13836477987421383,0.2620545073375262,1.9769392033542976
MPHOSPH8,0.2138364779874214,0.033542976939203356,2.3668763102725365
MPI,0.20335429769392033,0.023060796645702306,2.3542976939203353
MPL,0.20545073375262055,0.014675052410901468,2.352201257861635
MPO,0.2138364779874214,0.025157232704402517,2.3773584905660377
MPP2,0.1928721174004193,0.12578616352201258,2.2264150943396226
MPP7,0.21174004192872117,0.033542976939203356,2.3626834381551363
MPRIP,0.18238993710691823,0.05660377358490566,2.270440251572327
MPST,0.21593291404612158,0.023060796645702306,2.3668763102725365
MPV17,0.22641509433962265,0.008385744234800839,2.4213836477987423
MPZ,0.23270440251572327,0.033542976939203356,2.4360587002096437
MRAP,0.21593291404612158,0.016771488469601678,2.406708595387841
MRAP2,0.14465408805031446,0.2431865828092243,2.0167714884696015
MRAS,0.2746331236897275,0.008385744234800839,2.607966457023061
MRC1,0.2138364779874214,0.03563941299790356,2.3668763102725365
MRC2,0.2348008385744235,0.012578616352201259,2.4360587002096437
MRE11,0.24109014675052412,0.016771488469601678,2.4465408805031448
MRFAP1,0.2180293501048218,0.016771488469601678,2.3941299790356396
MRGBP,0.24109014675052412,0.0020964360587002098,2.459119496855346
MRI1,0.21593291404612158,0.012578616352201259,2.3815513626834384
MRM1,0.21174004192872117,0.029350104821802937,2.360587002096436
MRM2,0.27882599580712786,0.014675052410901468,2.561844863731656
MRM3,0.16352201257861634,0.07756813417190776,2.211740041928721
MRPL1,0.23060796645702306,0.008385744234800839,2.4234800838574424
MRPL10,0.22641509433962265,0.014675052410901468,2.4129979035639413
MRPL11,0.2620545073375262,0.0,2.509433962264151
MRPL12,0.22431865828092243,0.010482180293501049,2.4171907756813416
MRPL13,0.3689727463312369,0.006289308176100629,2.8846960167714886
MRPL14,0.22851153039832284,0.010482180293501049,2.410901467505241
MRPL15,0.3081761006289308,0.027253668763102725,2.7148846960167714
MRPL16,0.23689727463312368,0.006289308176100629,2.448637316561845
MRPL17,0.23060796645702306,0.008385744234800839,2.4234800838574424
MRPL18,0.19916142557651992,0.03563941299790356,2.3354297693920336
MRPL19,0.21593291404612158,0.020964360587002098,2.3815513626834384
MRPL2,0.22851153039832284,0.006289308176100629,2.4213836477987423
MRPL20,0.20964360587002095,0.014675052410901468,2.361344537815126
MRPL21,0.2620545073375262,0.0041928721174004195,2.530398322851153
MRPL22,0.23270440251572327,0.006289308176100629,2.4318658280922434
MRPL23,0.23060796645702306,0.014675052410901468,2.4129979035639413
MRPL24,0.23270440251572327,0.020964360587002098,2.450733752620545
MRPL27,0.22431865828092243,0.006289308176100629,2.4234800838574424
MRPL28,0.24109014675052412,0.012578616352201259,2.442348008385744
MRPL3,0.27044025157232704,0.012578616352201259,2.5639412997903563
MRPL30,0.2222222222222222,0.006289308176100629,2.4129979035639413
MRPL32,0.27882599580712786,0.0020964360587002098,2.591194968553459
MRPL33,0.22851153039832284,0.010482180293501049,2.419287211740042
MRPL34,0.2180293501048218,0.0,2.4129979035639413
MRPL35,0.22431865828092243,0.020964360587002098,2.392033542976939
MRPL36,0.23689727463312368,0.0041928721174004195,2.49685534591195
MRPL37,0.19916142557651992,0.041928721174004195,2.3186582809224316
MRPL38,0.23270440251572327,0.016771488469601678,2.4255765199161425
MRPL39,0.21174004192872117,0.023060796645702306,2.4150943396226414
MRPL4,0.2138364779874214,0.008385744234800839,2.3815513626834384
MRPL40,0.19916142557651992,0.031446540880503145,2.3270440251572326
MRPL41,0.25366876310272535,0.0,2.5136268343815513
MRPL42,0.24737945492662475,0.0,2.50104821802935
MRPL43,0.18867924528301888,0.07337526205450734,2.249475890985325
MRPL45,0.20964360587002095,0.029350104821802937,2.358490566037736
MRPL47,0.2641509433962264,0.006289308176100629,2.5681341719077566
MRPL48,0.25366876310272535,0.0041928721174004195,2.488469601677149
MRPL49,0.24528301886792453,0.0020964360587002098,2.4821802935010484
MRPL50,0.2641509433962264,0.006289308176100629,2.547169811320755
MRPL51,0.18029350104821804,0.07966457023060797,2.2767295597484276
MRPL52,0.21174004192872117,0.010482180293501049,2.389937106918239
MRPL53,0.20964360587002095,0.020964360587002098,2.3647798742138364
MRPL54,0.20754716981132076,0.027253668763102725,2.3542976939203353
MRPL55,0.22012578616352202,0.06079664570230608,2.3731656184486374
MRPL57,0.20964360587002095,0.0440251572327044,2.358490566037736
MRPL58,0.23060796645702306,0.016771488469601678,2.4213836477987423
MRPL9,0.24947589098532494,0.0,2.5283018867924527
MRPS10,0.22851153039832284,0.006289308176100629,2.419287211740042
MRPS11,0.20964360587002095,0.008385744234800839,2.3815513626834384
MRPS12,0.2138364779874214,0.008385744234800839,2.3941299790356396
MRPS14,0.22641509433962265,0.018867924528301886,2.438155136268344
MRPS15,0.20754716981132076,0.014675052410901468,2.358490566037736
MRPS16,0.20125786163522014,0.03773584905660377,2.3333333333333335
MRPS17,0.2809224318658281,0.006289308176100629,2.5765199161425576
MRPS18A,0.23060796645702306,0.006289308176100629,2.4213836477987423
MRPS18B,0.22851153039832284,0.0020964360587002098,2.4255765199161425
MRPS18C,0.22012578616352202,0.006289308176100629,2.40041928721174
MRPS2,0.2557651991614256,0.0020964360587002098,2.507337526205451
MRPS21,0.25366876310272535,0.0,2.5324947589098534
MRPS22,0.2746331236897275,0.010482180293501049,2.6037735849056602
MRPS23,0.2138364779874214,0.023060796645702306,2.3773584905660377
MRPS24,0.2809224318658281,0.006289308176100629,2.5870020964360587
MRPS25,0.22012578616352202,0.010482180293501049,2.4318658280922434
MRPS26,0.2180293501048218,0.033542976939203356,2.3815513626834384
MRPS27,0.16561844863731656,0.1278825995807128,2.180293501048218
MRPS28,0.35639412997903563,0.0020964360587002098,2.9350104821802936
MRPS30,0.22851153039832284,0.014675052410901468,2.4465408805031448
MRPS31,0.12578616352201258,0.26834381551362685,1.9350104821802936
MRPS33,0.27882599580712786,0.010482180293501049,2.5723270440251573
MRPS34,0.25157232704402516,0.006289308176100629,2.4642857142857144
MRPS35,0.20545073375262055,0.06708595387840671,2.3291404612159328
MRPS5,0.2222222222222222,0.008385744234800839,2.408805031446541
MRPS6,0.2222222222222222,0.018867924528301886,2.4150943396226414
MRPS7,0.23060796645702306,0.016771488469601678,2.4213836477987423
MRPS9,0.22012578616352202,0.010482180293501049,2.39832285115304
MRRF,0.2557651991614256,0.0041928721174004195,2.509433962264151
MRTO4,0.20335429769392033,0.023060796645702306,2.341719077568134
MS4A1,0.23060796645702306,0.006289308176100629,2.4465408805031448
MS4A2,0.23270440251572327,0.006289308176100629,2.448637316561845
MS4A3,0.23270440251572327,0.006289308176100629,2.448637316561845
MS4A4A,0.23270440251572327,0.006289308176100629,2.448637316561845
MS4A6A,0.23270440251572327,0.006289308176100629,2.448637316561845
MS4A6E,0.23060796645702306,0.006289308176100629,2.4465408805031448
MSH2,0.2222222222222222,0.029350104821802937,2.379454926624738
MSH3,0.18658280922431866,0.07547169811320754,2.2725366876310273
MSH4,0.19077568134171907,0.03773584905660377,2.30188679245283
MSH5,0.2348008385744235,0.0041928721174004195,2.429769392033543
MSH6,0.22431865828092243,0.031446540880503145,2.379454926624738
MSI1,0.2431865828092243,0.025157232704402517,2.4339622641509435
MSL1,0.20964360587002095,0.039832285115303984,2.350104821802935
MSL2,0.27253668763102723,0.006289308176100629,2.6121593291404612
MSL3,0.012578616352201259,0.7714884696016772,1.2578616352201257
MSLN,0.2389937106918239,0.012578616352201259,2.4360587002096437
MSMO1,0.23060796645702306,0.014675052410901468,2.40251572327044
MSN,0.014675052410901468,0.7756813417190775,1.2641509433962264
MSR1,0.1090146750524109,0.36268343815513626,1.8406708595387842
MSRA,0.11530398322851153,0.3312368972746331,1.8825995807127882
MSRB2,0.2138364779874214,0.031446540880503145,2.379454926624738
MSRB3,0.2348008385744235,0.010482180293501049,2.4549266247379453
MST1R,0.22641509433962265,0.014675052410901468,2.4318658280922434
MSTN,0.2180293501048218,0.014675052410901468,2.40041928721174
MSX1,0.2180293501048218,0.016771488469601678,2.3878406708595388
MSX2,0.22851153039832284,0.0,2.438155136268344
MT1M,0.16561844863731656,0.13626834381551362,2.169811320754717
MT2A,0.16561844863731656,0.13626834381551362,2.169811320754717
MTA1,0.2180293501048218,0.014675052410901468,2.39832285115304
MTA2,0.23060796645702306,0.006289308176100629,2.448637316561845
MTA3,0.21593291404612158,0.041928721174004195,2.3542976939203353
MTCH1,0.2222222222222222,0.0020964360587002098,2.4129979035639413
MTCH2,0.2180293501048218,0.050314465408805034,2.3647798742138364
MTCP1,0.010482180293501049,0.7819706498951782,1.2327044025157232
MTDH,0.3668763102725367,0.006289308176100629,2.9538784067085953
MTERF1,0.2914046121593291,0.0,2.649895178197065
MTERF2,0.24528301886792453,0.010482180293501049,2.4675052410901466
MTERF3,0.3689727463312369,0.008385744234800839,2.9287211740041927
MTERF4,0.21174004192872117,0.025157232704402517,2.3668763102725365
MTF1,0.20754716981132076,0.012578616352201259,2.358490566037736
MTF2,0.1928721174004193,0.05870020964360587,2.2788259958071277
MTFMT,0.20545073375262055,0.014675052410901468,2.356394129979036
MTG1,0.1970649895178197,0.05450733752620545,2.291404612159329
MTHFD1L,0.20754716981132076,0.025157232704402517,2.3542976939203353
MTHFD2,0.21174004192872117,0.023060796645702306,2.3668763102725365
MTHFD2L,0.23060796645702306,0.006289308176100629,2.429769392033543
MTHFR,0.1970649895178197,0.029350104821802937,2.3207547169811322
MTHFS,0.20754716981132076,0.008385744234800839,2.3752620545073375
MTIF2,0.2222222222222222,0.025157232704402517,2.379454926624738
MTIF3,0.21593291404612158,0.023060796645702306,2.3668763102725365
MTM1,0.014675052410901468,0.7777777777777778,1.2452830188679245
MTMR1,0.014675052410901468,0.7777777777777778,1.2410901467505242
MTMR12,0.23060796645702306,0.012578616352201259,2.4737945492662474
MTMR14,0.20964360587002095,0.04612159329140461,2.3731656184486374
MTMR2,0.2348008385744235,0.023060796645702306,2.4360587002096437
MTMR3,0.1970649895178197,0.031446540880503145,2.3228511530398324
MTMR4,0.21593291404612158,0.014675052410901468,2.392033542976939
MTMR6,0.20335429769392033,0.027253668763102725,2.341719077568134
MTMR7,0.1069182389937107,0.36268343815513626,1.8364779874213837
MTMR8,0.010482180293501049,0.7777777777777778,1.230607966457023
MTMR9,0.11740041928721175,0.33752620545073375,1.880503144654088
MTNR1A,0.2222222222222222,0.010482180293501049,2.40041928721174
MTNR1B,0.2431865828092243,0.016771488469601678,2.4549266247379453
MTO1,0.18029350104821804,0.12368972746331237,2.207547169811321
MTOR,0.1970649895178197,0.033542976939203356,2.3144654088050314
MTR,0.22851153039832284,0.05450733752620545,2.3962264150943398
MTREX,0.16981132075471697,0.11949685534591195,2.1949685534591197
MTRF1,0.12578616352201258,0.2746331236897275,1.9266247379454926
MTRF1L,0.20964360587002095,0.029350104821802937,2.3542976939203353
MTRR,0.22851153039832284,0.010482180293501049,2.4779874213836477
MTSS1,0.3689727463312369,0.0020964360587002098,2.9224318658280923
MTTP,0.2222222222222222,0.014675052410901468,2.40041928721174
MTUS1,0.10272536687631027,0.37945492662473795,1.8071278825995807
MTX1,0.2557651991614256,0.0020964360587002098,2.540880503144654
MTX2,0.20125786163522014,0.05241090146750524,2.3249475890985325
MUC12,0.2830188679245283,0.008385744234800839,2.60167714884696
MUC13,0.2620545073375262,0.016771488469601678,2.507337526205451
MUC15,0.2348008385744235,0.006289308176100629,2.429769392033543
MUC16,0.21593291404612158,0.006289308176100629,2.3941299790356396
MUC20,0.24109014675052412,0.029350104821802937,2.4360587002096437
MUC3A,0.2851153039832285,0.008385744234800839,2.610062893081761
MUC4,0.24109014675052412,0.029350104821802937,2.4360587002096437
MUC5AC,0.23060796645702306,0.012578616352201259,2.410901467505241
MUC5B,0.23060796645702306,0.012578616352201259,2.410901467505241
MUC6,0.23060796645702306,0.012578616352201259,2.410901467505241
MUC7,0.22431865828092243,0.016771488469601678,2.40041928721174
MUCL1,0.2222222222222222,0.006289308176100629,2.4360587002096437
MUL1,0.20964360587002095,0.025157232704402517,2.3459119496855347
MUS81,0.259958071278826,0.0,2.511530398322851
MUSK,0.2557651991614256,0.0,2.509433962264151
MUTYH,0.20754716981132076,0.014675052410901468,2.356394129979036
MVB12A,0.22012578616352202,0.0,2.4171907756813416
MVB12B,0.2620545073375262,0.0,2.519916142557652
MVD,0.1320754716981132,0.25157232704402516,1.9727463312368974
MVP,0.23270440251572327,0.010482180293501049,2.4234800838574424
MX1,0.16771488469601678,0.18238993710691823,2.1236897274633124
MX2,0.16561844863731656,0.18238993710691823,2.119496855345912
MXD1,0.20545073375262055,0.025157232704402517,2.352201257861635
MXD4,0.22012578616352202,0.014675052410901468,2.392033542976939
MYADM,0.23060796645702306,0.0,2.4318658280922434
MYB,0.20964360587002095,0.023060796645702306,2.358490566037736
MYBBP1A,0.15723270440251572,0.09014675052410902,2.1823899371069184
MYBL1,0.3417190775681342,0.012578616352201259,2.8763102725366876
MYBL2,0.23060796645702306,0.008385744234800839,2.452830188679245
MYBPC1,0.2431865828092243,0.008385744234800839,2.4654088050314464
MYBPC2,0.2180293501048218,0.006289308176100629,2.4171907756813416
MYBPC3,0.2180293501048218,0.05450733752620545,2.358490566037736
MYBPH,0.24109014675052412,0.0041928721174004195,2.4863731656184487
MYCBP,0.21174004192872117,0.012578616352201259,2.368972746331237
MYCBP2,0.1530398322851153,0.19077568134171907,2.0649895178197064
MYCBPAP,0.22431865828092243,0.006289308176100629,2.4234800838574424
MYCN,0.2222222222222222,0.008385744234800839,2.410901467505241
MYD88,0.2222222222222222,0.0041928721174004195,2.440251572327044
MYF5,0.2389937106918239,0.012578616352201259,2.4675052410901466
MYF6,0.2389937106918239,0.012578616352201259,2.4675052410901466
MYH1,0.14675052410901468,0.10062893081761007,2.153039832285115
MYH10,0.13836477987421383,0.11530398322851153,2.1215932914046123
MYH11,0.2431865828092243,0.0041928721174004195,2.450733752620545
MYH13,0.14675052410901468,0.10062893081761007,2.153039832285115
MYH15,0.24109014675052412,0.023060796645702306,2.4633123689727463
MYH2,0.14675052410901468,0.10062893081761007,2.153039832285115
MYH3,0.1488469601677149,0.09853249475890985,2.161425576519916
MYH4,0.14675052410901468,0.10062893081761007,2.153039832285115
MYH6,0.21593291404612158,0.006289308176100629,2.40041928721174
MYH7,0.21593291404612158,0.006289308176100629,2.40041928721174
MYH7B,0.23060796645702306,0.012578616352201259,2.4276729559748427
MYH8,0.14675052410901468,0.10062893081761007,2.153039832285115
MYH9,0.21593291404612158,0.023060796645702306,2.368972746331237
MYL1,0.21593291404612158,0.010482180293501049,2.3962264150943398
MYL10,0.27672955974842767,0.014675052410901468,2.5849056603773586
MYL12A,0.20754716981132076,0.05450733752620545,2.3438155136268346
MYL12B,0.20754716981132076,0.05450733752620545,2.3438155136268346
MYL2,0.23270440251572327,0.010482180293501049,2.4360587002096437
MYL3,0.21593291404612158,0.020964360587002098,2.4129979035639413
MYL4,0.22012578616352202,0.041928721174004195,2.3752620545073375
MYL5,0.2222222222222222,0.016771488469601678,2.3815513626834384
MYL6,0.2222222222222222,0.0041928721174004195,2.450733752620545
MYL6B,0.2222222222222222,0.0041928721174004195,2.450733752620545
MYL7,0.2809224318658281,0.006289308176100629,2.5870020964360587
MYL9,0.22851153039832284,0.018867924528301886,2.4276729559748427
MYLIP,0.22431865828092243,0.008385744234800839,2.406708595387841
MYLK,0.2641509433962264,0.012578616352201259,2.5241090146750524
MYLK2,0.2348008385744235,0.006289308176100629,2.452830188679245
MYLK3,0.21174004192872117,0.06079664570230608,2.3542976939203353
MYO10,0.23060796645702306,0.010482180293501049,2.4821802935010484
MYO18A,0.21174004192872117,0.018867924528301886,2.3668763102725365
MYO18B,0.20125786163522014,0.033542976939203356,2.3291404612159328
MYO1A,0.2222222222222222,0.0041928721174004195,2.440251572327044
MYO5A,0.20125786163522014,0.023060796645702306,2.339622641509434
MYO5B,0.16771488469601678,0.12159329140461216,2.188679245283019
MYO6,0.17819706498951782,0.13626834381551362,2.1949685534591197
MYO7A,0.25366876310272535,0.0020964360587002098,2.488469601677149
MYO7B,0.1740041928721174,0.07547169811320754,2.241090146750524
MYO9A,0.20754716981132076,0.016771488469601678,2.3647798742138364
MYO9B,0.2180293501048218,0.0,2.4129979035639413
MYOC,0.22641509433962265,0.023060796645702306,2.429769392033543
MYOCD,0.15513626834381553,0.09014675052410902,2.1844863731656186
MYOD1,0.23270440251572327,0.0020964360587002098,2.429769392033543
MYOF,0.1761006289308176,0.10062893081761007,2.20335429769392
MYOG,0.24109014675052412,0.0041928721174004195,2.4863731656184487
MYOM1,0.20754716981132076,0.05660377358490566,2.3438155136268346
MYOM2,0.129979035639413,0.2914046121593291,1.9811320754716981
MYOT,0.2222222222222222,0.014675052410901468,2.406708595387841
MYOZ1,0.1970649895178197,0.0440251572327044,2.3228511530398324
MYOZ2,0.21174004192872117,0.0440251572327044,2.348008385744235
MYOZ3,0.2222222222222222,0.0041928721174004195,2.4171907756813416
MYPN,0.2138364779874214,0.039832285115303984,2.352201257861635
MYRIP,0.22431865828092243,0.0020964360587002098,2.448637316561845
MYSM1,0.20754716981132076,0.041928721174004195,2.331236897274633
MYT1,0.2389937106918239,0.008385744234800839,2.452830188679245
MYT1L,0.23270440251572327,0.0041928721174004195,2.4318658280922434
MZB1,0.22851153039832284,0.016771488469601678,2.410901467505241
MZF1,0.2222222222222222,0.0020964360587002098,2.419287211740042
MZT1,0.1320754716981132,0.22012578616352202,1.9979035639412999
MZT2A,0.18029350104821804,0.08176100628930817,2.243186582809224
MZT2B,0.1761006289308176,0.07547169811320754,2.243186582809224
NAA10,0.010482180293501049,0.7819706498951782,1.2327044025157232
NAA11,0.22431865828092243,0.008385744234800839,2.4171907756813416
NAA15,0.2222222222222222,0.018867924528301886,2.3878406708595388
NAA16,0.12578616352201258,0.27672955974842767,1.9245283018867925
NAA20,0.2138364779874214,0.027253668763102725,2.389937106918239
NAA25,0.2348008385744235,0.012578616352201259,2.4360587002096437
NAA30,0.22012578616352202,0.006289308176100629,2.39832285115304
NAA35,0.25366876310272535,0.014675052410901468,2.4779874213836477
NAA38,0.11740041928721175,0.18238993710691823,2.0146750524109014
NAA50,0.24109014675052412,0.025157232704402517,2.448637316561845
NAB1,0.2180293501048218,0.014675052410901468,2.40041928721174
NAB2,0.2222222222222222,0.0020964360587002098,2.442348008385744
NABP1,0.2180293501048218,0.008385744234800839,2.406708595387841
NABP2,0.2222222222222222,0.0041928721174004195,2.440251572327044
NACA,0.2222222222222222,0.006289308176100629,2.438155136268344
NACA2,0.2348008385744235,0.008385744234800839,2.4444444444444446
NACAD,0.2809224318658281,0.0041928721174004195,2.580712788259958
NACC1,0.2138364779874214,0.014675052410901468,2.3773584905660377
NADK,0.21174004192872117,0.016771488469601678,2.3626834381551363
NADK2,0.23270440251572327,0.012578616352201259,2.480083857442348
NADSYN1,0.24947589098532494,0.006289308176100629,2.4758909853249476
NAE1,0.16352201257861634,0.14675052410901468,2.1551362683438153
NAF1,0.22851153039832284,0.016771488469601678,2.40251572327044
NAGA,0.20545073375262055,0.029350104821802937,2.339622641509434
NAGK,0.20964360587002095,0.027253668763102725,2.358490566037736
NAGLU,0.20125786163522014,0.07127882599580712,2.291404612159329
NAGPA,0.24737945492662475,0.0,2.457023060796646
NAIF1,0.2641509433962264,0.0,2.538784067085954
NAIP,0.16561844863731656,0.129979035639413,2.1719077568134173
NAMPT,0.27672955974842767,0.014675052410901468,2.5849056603773586
NANOG,0.18029350104821804,0.07966457023060797,2.2746331236897275
NANOS1,0.1949685534591195,0.039832285115303984,2.308176100628931
NANOS2,0.2138364779874214,0.016771488469601678,2.389937106918239
NANOS3,0.21593291404612158,0.012578616352201259,2.3815513626834384
NANS,0.2578616352201258,0.006289308176100629,2.507337526205451
NAP1L1,0.2389937106918239,0.008385744234800839,2.4633123689727463
NAP1L4,0.22431865828092243,0.014675052410901468,2.406708595387841
NAPA,0.21174004192872117,0.033542976939203356,2.3731656184486374
NAPB,0.22641509433962265,0.023060796645702306,2.4213836477987423
NAPEPLD,0.2809224318658281,0.014675052410901468,2.59958071278826
NAPG,0.20964360587002095,0.050314465408805034,2.3542976939203353
NAPRT,0.33752620545073375,0.020964360587002098,2.779874213836478
NAPSA,0.2180293501048218,0.006289308176100629,2.4171907756813416
NARS2,0.2578616352201258,0.006289308176100629,2.4863731656184487
NASP,0.20754716981132076,0.018867924528301886,2.352201257861635
NAT10,0.22851153039832284,0.023060796645702306,2.406708595387841
NAT2,0.10272536687631027,0.38784067085953877,1.79874213836478
NAT8,0.2138364779874214,0.020964360587002098,2.3731656184486374
NAT8L,0.22012578616352202,0.016771488469601678,2.39832285115304
NAV1,0.23689727463312368,0.008385744234800839,2.4675052410901466
NAXE,0.23270440251572327,0.016771488469601678,2.4549266247379453
NBEA,0.16352201257861634,0.1488469601677149,2.1362683438155137
NBEAL2,0.21593291404612158,0.023060796645702306,2.410901467505241
NBN,0.36477987421383645,0.010482180293501049,2.9350104821802936
NCALD,0.3668763102725367,0.0041928721174004195,2.9182389937106916
NCAM1,0.20754716981132076,0.05870020964360587,2.3438155136268346
NCAN,0.22431865828092243,0.0,2.419287211740042
NCAPD2,0.18029350104821804,0.07966457023060797,2.2767295597484276
NCAPD3,0.22641509433962265,0.018867924528301886,2.4318658280922434
NCAPG,0.2180293501048218,0.023060796645702306,2.3752620545073375
NCAPG2,0.26834381551362685,0.014675052410901468,2.540880503144654
NCAPH,0.2222222222222222,0.006289308176100629,2.406708595387841
NCAPH2,0.20335429769392033,0.0440251572327044,2.3207547169811322
NCBP1,0.259958071278826,0.012578616352201259,2.50314465408805
NCBP2,0.24109014675052412,0.031446540880503145,2.4360587002096437
NCEH1,0.2809224318658281,0.0041928721174004195,2.6121593291404612
NCF1,0.2830188679245283,0.0,2.59958071278826
NCF2,0.23060796645702306,0.014675052410901468,2.438155136268344
NCF4,0.21593291404612158,0.023060796645702306,2.3668763102725365
NCK1,0.27253668763102723,0.0041928721174004195,2.6142557651991614
NCK2,0.2180293501048218,0.010482180293501049,2.3941299790356396
NCKAP1,0.20335429769392033,0.041928721174004195,2.339622641509434
NCKAP1L,0.2222222222222222,0.0020964360587002098,2.4360587002096437
NCKIPSD,0.22012578616352202,0.020964360587002098,2.4150943396226414
NCL,0.22012578616352202,0.016771488469601678,2.392033542976939
NCLN,0.20964360587002095,0.03773584905660377,2.3459119496855347
NCOA1,0.23060796645702306,0.008385744234800839,2.4255765199161425
NCOA2,0.3584905660377358,0.0020964360587002098,2.909853249475891
NCOA3,0.23689727463312368,0.008385744234800839,2.442348008385744
NCOA4,0.19916142557651992,0.041928721174004195,2.3165618448637315
NCOA5,0.23270440251572327,0.010482180293501049,2.4716981132075473
NCOA6,0.23060796645702306,0.014675052410901468,2.4255765199161425
NCOA7,0.1949685534591195,0.0649895178197065,2.289308176100629
NCOR1,0.1740041928721174,0.07547169811320754,2.2348008385744236
NCOR2,0.2180293501048218,0.050314465408805034,2.3647798742138364
NCR1,0.23270440251572327,0.0,2.438155136268344
NCR2,0.22641509433962265,0.006289308176100629,2.4150943396226414
NCR3,0.23060796645702306,0.0041928721174004195,2.4234800838574424
NCR3LG1,0.23270440251572327,0.0020964360587002098,2.429769392033543
NCS1,0.25157232704402516,0.008385744234800839,2.49685534591195
NCSTN,0.23270440251572327,0.027253668763102725,2.4444444444444446
NDC1,0.1970649895178197,0.041928721174004195,2.3144654088050314
NDC80,0.21174004192872117,0.05660377358490566,2.3459119496855347
NDE1,0.2431865828092243,0.0041928721174004195,2.450733752620545
NDEL1,0.13836477987421383,0.11740041928721175,2.1215932914046123
NDFIP1,0.22012578616352202,0.012578616352201259,2.410901467505241
NDOR1,0.25366876310272535,0.0,2.5136268343815513
NDRG1,0.36058700209643607,0.010482180293501049,2.8825995807127884
NDRG2,0.21174004192872117,0.012578616352201259,2.3815513626834384
NDRG3,0.22851153039832284,0.020964360587002098,2.4255765199161425
NDST1,0.2222222222222222,0.0041928721174004195,2.4171907756813416
NDST2,0.1970649895178197,0.04612159329140461,2.3207547169811322
NDUFA1,0.008385744234800839,0.779874213836478,1.228511530398323
NDUFA10,0.2138364779874214,0.023060796645702306,2.3668763102725365
NDUFA11,0.21174004192872117,0.012578616352201259,2.379454926624738
NDUFA12,0.2431865828092243,0.0041928721174004195,2.49685534591195
NDUFA13,0.22431865828092243,0.0020964360587002098,2.4171907756813416
NDUFA2,0.22431865828092243,0.010482180293501049,2.4129979035639413
NDUFA3,0.23270440251572327,0.0,2.438155136268344
NDUFA4,0.27672955974842767,0.012578616352201259,2.5660377358490565
NDUFA5,0.26834381551362685,0.018867924528301886,2.5324947589098534
NDUFA6,0.20545073375262055,0.029350104821802937,2.339622641509434
NDUFA7,0.2138364779874214,0.008385744234800839,2.3815513626834384
NDUFA8,0.25366876310272535,0.0041928721174004195,2.50314465408805
NDUFA9,0.18867924528301888,0.07547169811320754,2.3039832285115303
NDUFAB1,0.2348008385744235,0.006289308176100629,2.440251572327044
NDUFAF1,0.1970649895178197,0.03773584905660377,2.3207547169811322
NDUFAF2,0.1761006289308176,0.11740041928721175,2.19916142557652
NDUFAF3,0.22012578616352202,0.016771488469601678,2.419287211740042
NDUFAF4,0.13836477987421383,0.2180293501048218,2.029350104821803
NDUFAF5,0.22641509433962265,0.029350104821802937,2.40041928721174
NDUFAF6,0.3668763102725367,0.010482180293501049,2.9266247379454926
NDUFAF7,0.2138364779874214,0.039832285115303984,2.360587002096436
NDUFB1,0.2180293501048218,0.033542976939203356,2.3668763102725365
NDUFB10,0.25157232704402516,0.0041928721174004195,2.4654088050314464
NDUFB11,0.012578616352201259,0.7756813417190775,1.249475890985325
NDUFB2,0.27882599580712786,0.010482180293501049,2.5723270440251573
NDUFB3,0.2180293501048218,0.010482180293501049,2.40251572327044
NDUFB4,0.24947589098532494,0.014675052410901468,2.4947589098532497
NDUFB5,0.2641509433962264,0.006289308176100629,2.5681341719077566
NDUFB6,0.2180293501048218,0.020964360587002098,2.4129979035639413
NDUFB7,0.2180293501048218,0.010482180293501049,2.392033542976939
NDUFB8,0.19077568134171907,0.07547169811320754,2.251572327044025
NDUFB9,0.3689727463312369,0.0020964360587002098,2.9224318658280923
NDUFC1,0.2222222222222222,0.018867924528301886,2.3878406708595388
NDUFC2,0.2578616352201258,0.0020964360587002098,2.50104821802935
NDUFS2,0.23270440251572327,0.029350104821802937,2.440251572327044
NDUFS3,0.2180293501048218,0.050314465408805034,2.3647798742138364
NDUFS4,0.1740041928721174,0.10482180293501048,2.2180293501048216
NDUFS5,0.21174004192872117,0.012578616352201259,2.368972746331237
NDUFS6,0.23689727463312368,0.0041928721174004195,2.49685534591195
NDUFS7,0.2138364779874214,0.020964360587002098,2.358490566037736
NDUFS8,0.2620545073375262,0.0,2.5283018867924527
NDUFV1,0.2641509433962264,0.0,2.5345911949685536
NDUFV2,0.20964360587002095,0.050314465408805034,2.350104821802935
NDUFV3,0.22012578616352202,0.03563941299790356,2.3857442348008386
NECAP1,0.17819706498951782,0.0859538784067086,2.2641509433962264
NECAP2,0.20545073375262055,0.025157232704402517,2.339622641509434
NECTIN1,0.2180293501048218,0.05241090146750524,2.368972746331237
NECTIN2,0.2138364779874214,0.010482180293501049,2.3941299790356396
NECTIN3,0.24528301886792453,0.031446540880503145,2.452830188679245
NECTIN4,0.23270440251572327,0.031446540880503145,2.438155136268344
NEDD1,0.24947589098532494,0.006289308176100629,2.50104821802935
NEDD4,0.19916142557651992,0.029350104821802937,2.3249475890985325
NEDD4L,0.16561844863731656,0.1509433962264151,2.1677148846960166
NEDD8,0.2180293501048218,0.008385744234800839,2.4046121593291403
NEDD9,0.22012578616352202,0.016771488469601678,2.3878406708595388
NEFL,0.08176100628930817,0.40041928721174,1.7421383647798743
NEFM,0.08176100628930817,0.40041928721174,1.7421383647798743
NEGR1,0.20125786163522014,0.03773584905660377,2.3207547169811322
NEIL1,0.20545073375262055,0.016771488469601678,2.3626834381551363
NEIL2,0.11320754716981132,0.33542976939203356,1.8658280922431867
NEIL3,0.2180293501048218,0.029350104821802937,2.368972746331237
NEK2,0.22851153039832284,0.033542976939203356,2.4318658280922434
NEK6,0.2557651991614256,0.0020964360587002098,2.511530398322851
NEK7,0.2389937106918239,0.010482180293501049,2.461215932914046
NEK8,0.20964360587002095,0.016771488469601678,2.3668763102725365
NEK9,0.20964360587002095,0.025157232704402517,2.3647798742138364
NELFA,0.22012578616352202,0.016771488469601678,2.39832285115304
NELFB,0.25366876310272535,0.0,2.5136268343815513
NELFCD,0.2389937106918239,0.0041928721174004195,2.461215932914046
NELFE,0.23270440251572327,0.0020964360587002098,2.429769392033543
NELL1,0.23270440251572327,0.0020964360587002098,2.429769392033543
NELL2,0.21593291404612158,0.008385744234800839,2.406708595387841
NEMF,0.22851153039832284,0.0041928721174004195,2.4171907756813416
NEMP1,0.2222222222222222,0.0020964360587002098,2.442348008385744
NEO1,0.20754716981132076,0.014675052410901468,2.368972746331237
NEPRO,0.2431865828092243,0.027253668763102725,2.452830188679245
NES,0.23270440251572327,0.018867924528301886,2.452830188679245
NET1,0.21593291404612158,0.027253668763102725,2.3647798742138364
NEU1,0.2348008385744235,0.0041928721174004195,2.429769392033543
NEU2,0.2180293501048218,0.031446540880503145,2.368972746331237
NEU3,0.25366876310272535,0.0020964360587002098,2.490566037735849
NEU4,0.21174004192872117,0.020964360587002098,2.3626834381551363
NEURL1,0.1928721174004193,0.07756813417190776,2.251572327044025
NEURL2,0.23270440251572327,0.008385744234800839,2.4737945492662474
NEUROD1,0.20335429769392033,0.041928721174004195,2.3333333333333335
NEUROD4,0.22431865828092243,0.006289308176100629,2.438155136268344
NEUROG2,0.21593291404612158,0.018867924528301886,2.3815513626834384
NEUROG3,0.2138364779874214,0.03773584905660377,2.3542976939203353
NF1,0.20545073375262055,0.027253668763102725,2.352201257861635
NF2,0.1970649895178197,0.031446540880503145,2.3207547169811322
NFAM1,0.20754716981132076,0.029350104821802937,2.341719077568134
NFASC,0.24737945492662475,0.0020964360587002098,2.490566037735849
NFATC1,0.15723270440251572,0.1530398322851153,2.1215932914046123
NFATC2,0.2389937106918239,0.0020964360587002098,2.4654088050314464
NFATC2IP,0.23270440251572327,0.008385744234800839,2.4276729559748427
NFATC3,0.16352201257861634,0.15513626834381553,2.1446540880503147
NFATC4,0.2180293501048218,0.008385744234800839,2.4046121593291403
NFE2,0.2222222222222222,0.0020964360587002098,2.4360587002096437
NFE2L1,0.22641509433962265,0.008385744234800839,2.419287211740042
NFE2L2,0.20125786163522014,0.04612159329140461,2.3291404612159328
NFIA,0.20125786163522014,0.0440251572327044,2.3186582809224316
NFIB,0.2138364779874214,0.03563941299790356,2.3836477987421385
NFIC,0.20964360587002095,0.03773584905660377,2.3459119496855347
NFIL3,0.259958071278826,0.010482180293501049,2.492662473794549
NFIX,0.2138364779874214,0.014675052410901468,2.3773584905660377
NFKB1,0.22431865828092243,0.016771488469601678,2.3962264150943398
NFKB2,0.19077568134171907,0.06918238993710692,2.2557651991614254
NFKBIA,0.22431865828092243,0.006289308176100629,2.4171907756813416
NFKBIB,0.2138364779874214,0.010482180293501049,2.392033542976939
NFKBIE,0.22851153039832284,0.010482180293501049,2.408805031446541
NFKBIZ,0.24109014675052412,0.014675052410901468,2.4633123689727463
NFRKB,0.23060796645702306,0.033542976939203356,2.4234800838574424
NFS1,0.23270440251572327,0.012578616352201259,2.4339622641509435
NFU1,0.20964360587002095,0.025157232704402517,2.360587002096436
NFX1,0.2222222222222222,0.014675052410901468,2.4339622641509435
NFYA,0.22851153039832284,0.006289308176100629,2.419287211740042
NFYB,0.24109014675052412,0.008385744234800839,2.459119496855346
NFYC,0.20964360587002095,0.010482180293501049,2.3668763102725365
NGB,0.2138364779874214,0.025157232704402517,2.368972746331237
NGDN,0.21593291404612158,0.006289308176100629,2.40041928721174
NGEF,0.2180293501048218,0.029350104821802937,2.3710691823899372
NGF,0.2138364779874214,0.03563941299790356,2.3668763102725365
NGFR,0.22851153039832284,0.0041928721174004195,2.4318658280922434
NGLY1,0.22431865828092243,0.016771488469601678,2.4276729559748427
NGRN,0.21174004192872117,0.006289308176100629,2.3878406708595388
NHEJ1,0.22012578616352202,0.020964360587002098,2.3857442348008386
NHLRC1,0.22851153039832284,0.006289308176100629,2.4171907756813416
NHLRC3,0.1320754716981132,0.25366876310272535,1.9580712788259957
NHP2,0.22851153039832284,0.0020964360587002098,2.438155136268344
NICN1,0.2222222222222222,0.014675052410901468,2.4255765199161425
NID1,0.22851153039832284,0.05660377358490566,2.389937106918239
NID2,0.22851153039832284,0.0041928721174004195,2.4171907756813416
NIF3L1,0.22012578616352202,0.008385744234800839,2.406708595387841
NIFK,0.18658280922431866,0.06289308176100629,2.2746331236897275
NIN,0.22851153039832284,0.0041928721174004195,2.4150943396226414
NINJ1,0.259958071278826,0.008385744234800839,2.492662473794549
NINL,0.2180293501048218,0.020964360587002098,2.410901467505241
NIP7,0.15932914046121593,0.1740041928721174,2.1153039832285114
NIPA1,0.22012578616352202,0.012578616352201259,2.4171907756813416
NIPA2,0.22012578616352202,0.012578616352201259,2.4171907756813416
NIPAL4,0.23270440251572327,0.008385744234800839,2.4360587002096437
NIPBL,0.23689727463312368,0.006289308176100629,2.4947589098532497
NIPSNAP1,0.1970649895178197,0.031446540880503145,2.3207547169811322
NIPSNAP3A,0.2578616352201258,0.0041928721174004195,2.5283018867924527
NKAIN4,0.24109014675052412,0.0041928721174004195,2.459119496855346
NKAP,0.008385744234800839,0.779874213836478,1.228511530398323
NKD1,0.1740041928721174,0.12159329140461216,2.20125786163522
NKD2,0.2348008385744235,0.0041928721174004195,2.490566037735849
NKG7,0.22641509433962265,0.0041928721174004195,2.429769392033543
NKTR,0.2222222222222222,0.0041928721174004195,2.4465408805031448
NKX2-1,0.2348008385744235,0.0041928721174004195,2.429769392033543
NKX2-2,0.2138364779874214,0.023060796645702306,2.40041928721174
NKX2-5,0.23060796645702306,0.0041928721174004195,2.440251572327044
NKX3-1,0.08176100628930817,0.42138364779874216,1.7169811320754718
NKX3-2,0.22851153039832284,0.018867924528301886,2.4046121593291403
NKX6-1,0.22431865828092243,0.008385744234800839,2.40251572327044
NLE1,0.20964360587002095,0.029350104821802937,2.352201257861635
NLGN1,0.2746331236897275,0.006289308176100629,2.589098532494759
NLGN2,0.12368972746331237,0.18238993710691823,2.029350104821803
NLGN3,0.010482180293501049,0.7819706498951782,1.2368972746331237
NLGN4X,0.014675052410901468,0.7714884696016772,1.2578616352201257
NLK,0.21174004192872117,0.016771488469601678,2.3710691823899372
NLN,0.1761006289308176,0.1320754716981132,2.1865828092243187
NLRC3,0.24528301886792453,0.0041928721174004195,2.452830188679245
NLRC4,0.22012578616352202,0.031446540880503145,2.379454926624738
NLRC5,0.16352201257861634,0.14046121593291405,2.1635220125786163
NLRP1,0.14675052410901468,0.11949685534591195,2.138364779874214
NLRP12,0.23060796645702306,0.0,2.4318658280922434
NLRP3,0.2348008385744235,0.020964360587002098,2.457023060796646
NLRP6,0.23060796645702306,0.012578616352201259,2.410901467505241
NLRP9,0.23060796645702306,0.0,2.438155136268344
NLRX1,0.22012578616352202,0.05241090146750524,2.3710691823899372
NMB,0.20964360587002095,0.010482180293501049,2.3857442348008386
NMD3,0.27253668763102723,0.008385744234800839,2.5681341719077566
NME1,0.22641509433962265,0.012578616352201259,2.4213836477987423
NME2,0.22641509433962265,0.012578616352201259,2.4213836477987423
NME3,0.25157232704402516,0.006289308176100629,2.4642857142857144
NME4,0.24109014675052412,0.012578616352201259,2.442348008385744
NME6,0.22012578616352202,0.020964360587002098,2.4150943396226414
NME7,0.22851153039832284,0.027253668763102725,2.419287211740042
NME8,0.2830188679245283,0.0020964360587002098,2.6184486373165616
NMI,0.18658280922431866,0.07337526205450734,2.2662473794549265
NMNAT1,0.19916142557651992,0.031446540880503145,2.3249475890985325
NMNAT2,0.23060796645702306,0.010482180293501049,2.442348008385744
NMNAT3,0.2746331236897275,0.010482180293501049,2.59958071278826
NMRAL1,0.2431865828092243,0.010482180293501049,2.440251572327044
NMT1,0.1928721174004193,0.10272536687631027,2.2536687631027252
NMT2,0.21174004192872117,0.03773584905660377,2.356394129979036
NMU,0.2138364779874214,0.014675052410901468,2.3857442348008386
NMUR2,0.22641509433962265,0.008385744234800839,2.419287211740042
NNMT,0.20335429769392033,0.07547169811320754,2.30188679245283
NNT,0.2348008385744235,0.014675052410901468,2.469601677148847
NOA1,0.22012578616352202,0.016771488469601678,2.3941299790356396
NOB1,0.15932914046121593,0.19077568134171907,2.09853249475891
NOC2L,0.2138364779874214,0.014675052410901468,2.3647798742138364
NOC3L,0.1761006289308176,0.0859538784067086,2.2180293501048216
NOC4L,0.21593291404612158,0.039832285115303984,2.3668763102725365
NOCT,0.22012578616352202,0.018867924528301886,2.3857442348008386
NOD1,0.29350104821802936,0.0020964360587002098,2.647798742138365
NOD2,0.16981132075471697,0.12159329140461216,2.19706498951782
NODAL,0.20545073375262055,0.039832285115303984,2.3375262054507338
NOG,0.22641509433962265,0.016771488469601678,2.4171907756813416
NOL10,0.23060796645702306,0.0041928721174004195,2.4255765199161425
NOL11,0.22641509433962265,0.010482180293501049,2.4255765199161425
NOL12,0.2138364779874214,0.020964360587002098,2.3647798742138364
NOL3,0.16352201257861634,0.1488469601677149,2.153039832285115
NOL6,0.22012578616352202,0.014675052410901468,2.4318658280922434
NOL7,0.22431865828092243,0.010482180293501049,2.4046121593291403
NOL8,0.2620545073375262,0.010482180293501049,2.49895178197065
NOL9,0.20125786163522014,0.025157232704402517,2.3333333333333335
NOLC1,0.19077568134171907,0.07547169811320754,2.249475890985325
NOM1,0.2662473794549266,0.014675052410901468,2.5345911949685536
NOMO2,0.24528301886792453,0.0,2.459119496855346
NOMO3,0.24528301886792453,0.0,2.459119496855346
NONO,0.008385744234800839,0.7819706498951782,1.230607966457023
NOP10,0.20545073375262055,0.03563941299790356,2.341719077568134
NOP14,0.21593291404612158,0.016771488469601678,2.379454926624738
NOP16,0.23060796645702306,0.0,2.4360587002096437
NOP2,0.18029350104821804,0.07966457023060797,2.2767295597484276
NOP53,0.2138364779874214,0.033542976939203356,2.3752620545073375
NOP56,0.22012578616352202,0.031446540880503145,2.3878406708595388
NOP58,0.2180293501048218,0.016771488469601678,2.3962264150943398
NOS1,0.24947589098532494,0.020964360587002098,2.457023060796646
NOS2,0.20964360587002095,0.016771488469601678,2.368972746331237
NOS3,0.27044025157232704,0.012578616352201259,2.547169811320755
NOSIP,0.2180293501048218,0.0041928721174004195,2.419287211740042
NOSTRIN,0.1949685534591195,0.05241090146750524,2.310272536687631
NOTCH2,0.22641509433962265,0.016771488469601678,2.429769392033543
NOTCH3,0.2222222222222222,0.0020964360587002098,2.4150943396226414
NOTCH4,0.23270440251572327,0.0041928721174004195,2.4276729559748427
NOTUM,0.22641509433962265,0.008385744234800839,2.4234800838574424
NOX1,0.006289308176100629,0.7777777777777778,1.228511530398323
NOX4,0.24528301886792453,0.012578616352201259,2.4675052410901466
NOX5,0.20754716981132076,0.012578616352201259,2.3668763102725365
NOXA1,0.25366876310272535,0.0,2.5136268343815513
NOXO1,0.25157232704402516,0.0041928721174004195,2.4654088050314464
NPAS2,0.22012578616352202,0.006289308176100629,2.406708595387841
NPB,0.22641509433962265,0.008385744234800839,2.4234800838574424
NPBWR2,0.2389937106918239,0.008385744234800839,2.452830188679245
NPC1,0.18448637316561844,0.07966457023060797,2.2641509433962264
NPC1L1,0.27882599580712786,0.008385744234800839,2.5765199161425576
NPC2,0.21174004192872117,0.025157232704402517,2.3668763102725365
NPDC1,0.25366876310272535,0.0,2.5136268343815513
NPEPL1,0.2389937106918239,0.0041928721174004195,2.461215932914046
NPFF,0.22641509433962265,0.0020964360587002098,2.438155136268344
NPFFR1,0.21174004192872117,0.039832285115303984,2.348008385744235
NPFFR2,0.23689727463312368,0.006289308176100629,2.4444444444444446
NPHP1,0.20964360587002095,0.018867924528301886,2.3647798742138364
NPHP3,0.2662473794549266,0.008385744234800839,2.559748427672956
NPHP4,0.20754716981132076,0.031446540880503145,2.3375262054507338
NPHS1,0.21593291404612158,0.0041928721174004195,2.406708595387841
NPHS2,0.22851153039832284,0.012578616352201259,2.4465408805031448
NPL,0.23270440251572327,0.010482180293501049,2.4465408805031448
NPLOC4,0.22431865828092243,0.010482180293501049,2.4171907756813416
NPM1,0.23060796645702306,0.0020964360587002098,2.450733752620545
NPM2,0.0859538784067086,0.42138364779874216,1.719077568134172
NPM3,0.18867924528301888,0.07547169811320754,2.247379454926625
NPNT,0.2222222222222222,0.023060796645702306,2.3878406708595388
NPPA,0.1970649895178197,0.029350104821802937,2.3207547169811322
NPPB,0.1970649895178197,0.029350104821802937,2.3207547169811322
NPPC,0.2180293501048218,0.020964360587002098,2.3815513626834384
NPR1,0.2557651991614256,0.0,2.519916142557652
NPRL2,0.2222222222222222,0.016771488469601678,2.4255765199161425
NPSR1,0.2830188679245283,0.0,2.6184486373165616
NPTN,0.20545073375262055,0.018867924528301886,2.3626834381551363
NPY,0.2914046121593291,0.0041928721174004195,2.631027253668763
NPY1R,0.22851153039832284,0.018867924528301886,2.4046121593291403
NPY2R,0.22012578616352202,0.016771488469601678,2.392033542976939
NQO1,0.15932914046121593,0.18867924528301888,2.10062893081761
NR0B1,0.008385744234800839,0.7819706498951782,1.2264150943396226
NR0B2,0.20754716981132076,0.014675052410901468,2.3542976939203353
NR1D1,0.20964360587002095,0.039832285115303984,2.350104821802935
NR1D2,0.22012578616352202,0.020964360587002098,2.4213836477987423
NR1H2,0.2180293501048218,0.006289308176100629,2.4171907756813416
NR1H3,0.2180293501048218,0.05450733752620545,2.358490566037736
NR1H4,0.24737945492662475,0.010482180293501049,2.4675052410901466
NR1I2,0.24737945492662475,0.023060796645702306,2.4737945492662474
NR1I3,0.23270440251572327,0.033542976939203356,2.4360587002096437
NR2C1,0.2431865828092243,0.0041928721174004195,2.49685534591195
NR2C2,0.22012578616352202,0.010482180293501049,2.4318658280922434
NR2C2AP,0.2222222222222222,0.0,2.4171907756813416
NR2E1,0.14465408805031446,0.21174004192872117,2.056603773584906
NR2E3,0.20545073375262055,0.016771488469601678,2.3626834381551363
NR2F1,0.1949685534591195,0.11530398322851153,2.2452830188679247
NR2F2,0.22641509433962265,0.016771488469601678,2.410901467505241
NR2F6,0.2180293501048218,0.0,2.4129979035639413
NR3C1,0.2222222222222222,0.016771488469601678,2.408805031446541
NR3C2,0.22012578616352202,0.012578616352201259,2.39832285115304
NR4A1,0.22851153039832284,0.0041928721174004195,2.442348008385744
NR4A2,0.1970649895178197,0.05450733752620545,2.3207547169811322
NR4A3,0.259958071278826,0.006289308176100629,2.511530398322851
NR5A1,0.2578616352201258,0.0020964360587002098,2.5178197064989516
NR5A2,0.2389937106918239,0.010482180293501049,2.4654088050314464
NR6A1,0.2578616352201258,0.0020964360587002098,2.5178197064989516
NRAS,0.2138364779874214,0.031446540880503145,2.3668763102725365
NRBF2,0.2138364779874214,0.04612159329140461,2.3542976939203353
NRBP1,0.22641509433962265,0.008385744234800839,2.4213836477987423
NRCAM,0.26834381551362685,0.012578616352201259,2.549266247379455
NRF1,0.2620545073375262,0.016771488469601678,2.519916142557652
NRG1,0.12578616352201258,0.3081761006289308,1.9392033542976939
NRG2,0.22641509433962265,0.010482180293501049,2.4150943396226414
NRG3,0.18867924528301888,0.08385744234800839,2.2641509433962264
NRG4,0.20754716981132076,0.014675052410901468,2.368972746331237
NRIP1,0.2138364779874214,0.031446540880503145,2.392033542976939
NRL,0.2180293501048218,0.006289308176100629,2.406708595387841
NRN1,0.21174004192872117,0.039832285115303984,2.339622641509434
NRN1L,0.16352201257861634,0.15513626834381553,2.1446540880503147
NRP1,0.21174004192872117,0.03563941299790356,2.358490566037736
NRP2,0.22431865828092243,0.012578616352201259,2.4129979035639413
NRXN1,0.22431865828092243,0.023060796645702306,2.3962264150943398
NRXN3,0.21593291404612158,0.016771488469601678,2.392033542976939
NSA2,0.1761006289308176,0.11740041928721175,2.2138364779874213
NSD2,0.2222222222222222,0.016771488469601678,2.40041928721174
NSD3,0.18448637316561844,0.2222222222222222,2.169811320754717
NSDHL,0.012578616352201259,0.7840670859538784,1.2327044025157232
NSF,0.20754716981132076,0.06289308176100629,2.3186582809224316
NSFL1C,0.22012578616352202,0.033542976939203356,2.3857442348008386
NSL1,0.22851153039832284,0.03773584905660377,2.4150943396226414
NSMAF,0.3018867924528302,0.027253668763102725,2.69811320754717
NSMCE1,0.23689727463312368,0.008385744234800839,2.4444444444444446
NSMCE2,0.3710691823899371,0.0041928721174004195,2.9350104821802936
NSMCE3,0.20545073375262055,0.033542976939203356,2.3438155136268346
NSMCE4A,0.1949685534591195,0.039832285115303984,2.3039832285115303
NSUN2,0.23060796645702306,0.010482180293501049,2.4821802935010484
NSUN4,0.20545073375262055,0.025157232704402517,2.3438155136268346
NT5C,0.23060796645702306,0.016771488469601678,2.4213836477987423
NT5C1A,0.21174004192872117,0.012578616352201259,2.368972746331237
NT5C1B,0.2222222222222222,0.010482180293501049,2.4046121593291403
NT5C2,0.1928721174004193,0.07547169811320754,2.251572327044025
NT5E,0.13626834381551362,0.259958071278826,1.9832285115303983
NTAN1,0.24528301886792453,0.0041928721174004195,2.452830188679245
NTF3,0.1928721174004193,0.08176100628930817,2.29769392033543
NTF4,0.21174004192872117,0.012578616352201259,2.39832285115304
NTHL1,0.25157232704402516,0.0041928721174004195,2.4716981132075473
NTM,0.22851153039832284,0.025157232704402517,2.4318658280922434
NTMT1,0.24947589098532494,0.0041928721174004195,2.4947589098532497
NTN1,0.14255765199161424,0.1069182389937107,2.138364779874214
NTN4,0.24528301886792453,0.0041928721174004195,2.49685534591195
NTNG1,0.20545073375262055,0.027253668763102725,2.348008385744235
NTNG2,0.25366876310272535,0.008385744234800839,2.492662473794549
NTPCR,0.22641509433962265,0.06708595387840671,2.379454926624738
NTRK1,0.23270440251572327,0.023060796645702306,2.448637316561845
NTRK2,0.24947589098532494,0.012578616352201259,2.4737945492662474
NTS,0.2431865828092243,0.006289308176100629,2.4842767295597485
NTSR1,0.24109014675052412,0.0020964360587002098,2.459119496855346
NUAK1,0.2389937106918239,0.010482180293501049,2.452830188679245
NUB1,0.27044025157232704,0.012578616352201259,2.547169811320755
NUBP1,0.24737945492662475,0.0041928721174004195,2.4549266247379453
NUBP2,0.25157232704402516,0.006289308176100629,2.4633123689727463
NUBPL,0.21593291404612158,0.008385744234800839,2.3941299790356396
NUCB1,0.21174004192872117,0.014675052410901468,2.3962264150943398
NUCKS1,0.24528301886792453,0.012578616352201259,2.4779874213836477
NUDC,0.20754716981132076,0.014675052410901468,2.3542976939203353
NUDT1,0.27882599580712786,0.014675052410901468,2.561844863731656
NUDT12,0.1761006289308176,0.1111111111111111,2.2180293501048216
NUDT14,0.2180293501048218,0.014675052410901468,2.39832285115304
NUDT16,0.27253668763102723,0.012578616352201259,2.5660377358490565
NUDT16L1,0.24737945492662475,0.0020964360587002098,2.4549266247379453
NUDT19,0.2222222222222222,0.0041928721174004195,2.419287211740042
NUDT2,0.2222222222222222,0.016771488469601678,2.429769392033543
NUDT21,0.16352201257861634,0.1320754716981132,2.169811320754717
NUDT3,0.22431865828092243,0.0041928721174004195,2.4150943396226414
NUDT5,0.21174004192872117,0.039832285115303984,2.352201257861635
NUDT7,0.14046121593291405,0.25157232704402516,1.9958071278825995
NUDT8,0.2641509433962264,0.0,2.5345911949685536
NUDT9,0.22851153039832284,0.018867924528301886,2.3962264150943398
NUF2,0.2348008385744235,0.033542976939203356,2.438155136268344
NUFIP1,0.11530398322851153,0.3018867924528302,1.880503144654088
NUFIP2,0.21174004192872117,0.016771488469601678,2.3710691823899372
NUMA1,0.24947589098532494,0.0041928721174004195,2.4779874213836477
NUMB,0.2180293501048218,0.025157232704402517,2.3752620545073375
NUMBL,0.21174004192872117,0.014675052410901468,2.3878406708595388
NUP107,0.2389937106918239,0.0041928721174004195,2.4633123689727463
NUP133,0.22431865828092243,0.0649895178197065,2.3731656184486374
NUP153,0.22851153039832284,0.006289308176100629,2.4129979035639413
NUP155,0.2348008385744235,0.010482180293501049,2.4863731656184487
NUP160,0.2180293501048218,0.05241090146750524,2.3626834381551363
NUP188,0.2578616352201258,0.0,2.509433962264151
NUP205,0.27882599580712786,0.012578616352201259,2.5681341719077566
NUP210,0.22431865828092243,0.012578616352201259,2.438155136268344
NUP214,0.25157232704402516,0.006289308176100629,2.492662473794549
NUP37,0.2431865828092243,0.010482180293501049,2.469601677148847
NUP43,0.20754716981132076,0.029350104821802937,2.348008385744235
NUP50,0.19916142557651992,0.04821802935010482,2.308176100628931
NUP54,0.22641509433962265,0.0041928721174004195,2.4234800838574424
NUP58,0.20335429769392033,0.027253668763102725,2.341719077568134
NUP62,0.2180293501048218,0.008385744234800839,2.4150943396226414
NUP62CL,0.008385744234800839,0.7777777777777778,1.228511530398323
NUP85,0.23060796645702306,0.016771488469601678,2.4213836477987423
NUP88,0.1509433962264151,0.1069182389937107,2.157232704402516
NUP93,0.16352201257861634,0.13626834381551362,2.1677148846960166
NUP98,0.22641509433962265,0.012578616352201259,2.4129979035639413
NUSAP1,0.1970649895178197,0.03773584905660377,2.3207547169811322
NUTF2,0.16352201257861634,0.15513626834381553,2.146750524109015
NVL,0.22851153039832284,0.05450733752620545,2.389937106918239
NXF1,0.23270440251572327,0.008385744234800839,2.4465408805031448
NXF2,0.006289308176100629,0.779874213836478,1.2243186582809225
NXF3,0.006289308176100629,0.779874213836478,1.2264150943396226
NXPH3,0.22851153039832284,0.006289308176100629,2.429769392033543
NXT1,0.22641509433962265,0.023060796645702306,2.4213836477987423
NXT2,0.006289308176100629,0.779874213836478,1.2264150943396226
OAS1,0.23689727463312368,0.014675052410901468,2.4360587002096437
OAS2,0.23689727463312368,0.014675052410901468,2.4360587002096437
OAS3,0.23689727463312368,0.014675052410901468,2.4360587002096437
OASL,0.24109014675052412,0.025157232704402517,2.429769392033543
OAT,0.19916142557651992,0.041928721174004195,2.310272536687631
OAZ1,0.21174004192872117,0.029350104821802937,2.348008385744235
OAZ2,0.20335429769392033,0.012578616352201259,2.360587002096436
OAZ3,0.24947589098532494,0.0,2.5283018867924527
OBSCN,0.22012578616352202,0.06079664570230608,2.3731656184486374
OBSL1,0.22012578616352202,0.023060796645702306,2.3836477987421385
OCA2,0.20754716981132076,0.029350104821802937,2.356394129979036
OCLN,0.16352201257861634,0.13626834381551362,2.161425576519916
OCRL,0.010482180293501049,0.7819706498951782,1.230607966457023
ODF1,0.3668763102725367,0.0041928721174004195,2.9245283018867925
ODF2,0.2578616352201258,0.0,2.530398322851153
OFD1,0.010482180293501049,0.7714884696016772,1.251572327044025
OGA,0.18867924528301888,0.07547169811320754,2.247379454926625
OGDH,0.2809224318658281,0.008385744234800839,2.5786163522012577
OGDHL,0.20964360587002095,0.0440251572327044,2.3333333333333335
OGG1,0.20754716981132076,0.04612159329140461,2.3710691823899372
OGN,0.259958071278826,0.010482180293501049,2.492662473794549
OGT,0.008385744234800839,0.779874213836478,1.2327044025157232
OIP5,0.1970649895178197,0.03773584905660377,2.3207547169811322
OLA1,0.19916142557651992,0.05450733752620545,2.308176100628931
OLFM4,0.129979035639413,0.2662473794549266,1.9454926624737945
OLIG1,0.2222222222222222,0.012578616352201259,2.4213836477987423
OLIG2,0.2222222222222222,0.012578616352201259,2.4213836477987423
OLR1,0.16771488469601678,0.11949685534591195,2.207547169811321
OMA1,0.20545073375262055,0.041928721174004195,2.3270440251572326
OMG,0.20545073375262055,0.027253668763102725,2.352201257861635
ONECUT1,0.20335429769392033,0.027253668763102725,2.3333333333333335
ONECUT2,0.16352201257861634,0.14675052410901468,2.1551362683438153
ONECUT3,0.21174004192872117,0.031446540880503145,2.3438155136268346
OOEP,0.18029350104821804,0.12368972746331237,2.207547169811321
OPA1,0.24528301886792453,0.023060796645702306,2.459119496855346
OPCML,0.22851153039832284,0.023060796645702306,2.429769392033543
OPHN1,0.012578616352201259,0.7777777777777778,1.2473794549266248
OPLAH,0.33752620545073375,0.023060796645702306,2.7777777777777777
OPN1LW,0.010482180293501049,0.7819706498951782,1.2327044025157232
OPN1SW,0.2620545073375262,0.018867924528301886,2.5178197064989516
OPN4,0.17819706498951782,0.129979035639413,2.1949685534591197
OPRD1,0.20335429769392033,0.018867924528301886,2.3438155136268346
OPRK1,0.31027253668763105,0.029350104821802937,2.7169811320754715
OPRL1,0.2389937106918239,0.006289308176100629,2.4549266247379453
OPRM1,0.20545073375262055,0.03563941299790356,2.3438155136268346
OPTN,0.21174004192872117,0.03773584905660377,2.3542976939203353
OR10AG1,0.22431865828092243,0.010482180293501049,2.4255765199161425
OR10J1,0.23060796645702306,0.029350104821802937,2.438155136268344
OR2F2,0.27672955974842767,0.012578616352201259,2.5681341719077566
OR2W3,0.23689727463312368,0.018867924528301886,2.461215932914046
OR3A1,0.16142557651991615,0.07756813417190776,2.2054507337526204
OR4N2,0.2180293501048218,0.016771488469601678,2.379454926624738
OR4X1,0.22431865828092243,0.039832285115303984,2.3815513626834384
OR51B6,0.22641509433962265,0.012578616352201259,2.4150943396226414
OR51E1,0.22641509433962265,0.016771488469601678,2.408805031446541
OR51E2,0.22641509433962265,0.016771488469601678,2.408805031446541
OR51F2,0.22641509433962265,0.014675052410901468,2.410901467505241
OR5F1,0.22431865828092243,0.010482180293501049,2.4255765199161425
OR7D4,0.2138364779874214,0.006289308176100629,2.3857442348008386
OR7G3,0.2138364779874214,0.006289308176100629,2.3857442348008386
ORAI2,0.27672955974842767,0.016771488469601678,2.5870020964360587
ORAI3,0.22851153039832284,0.010482180293501049,2.418067226890756
ORC1,0.20545073375262055,0.041928721174004195,2.3270440251572326
ORC2,0.22012578616352202,0.008385744234800839,2.406708595387841
ORC3,0.13626834381551362,0.2620545073375262,1.9853249475890986
ORC4,0.1761006289308176,0.09224318658280922,2.2348008385744236
ORC5,0.27672955974842767,0.014675052410901468,2.589098532494759
ORC6,0.21174004192872117,0.06079664570230608,2.3542976939203353
ORM1,0.2578616352201258,0.0,2.5241090146750524
ORM2,0.2578616352201258,0.0,2.5241090146750524
ORMDL1,0.2180293501048218,0.014675052410901468,2.40041928721174
ORMDL2,0.22431865828092243,0.006289308176100629,2.450733752620545
ORMDL3,0.20964360587002095,0.03563941299790356,2.4318658280922434
OS9,0.2180293501048218,0.0020964360587002098,2.4360587002096437
OSBP,0.23689727463312368,0.0041928721174004195,2.450733752620545
OSBP2,0.1949685534591195,0.031446540880503145,2.3228511530398324
OSBPL1A,0.18029350104821804,0.08176100628930817,2.2536687631027252
OSBPL5,0.22431865828092243,0.014675052410901468,2.406708595387841
OSCAR,0.23060796645702306,0.0,2.4360587002096437
OSGEPL1,0.2180293501048218,0.014675052410901468,2.40041928721174
OSM,0.1949685534591195,0.031446540880503145,2.3228511530398324
OSMR,0.23270440251572327,0.012578616352201259,2.4716981132075473
OST4,0.22851153039832284,0.008385744234800839,2.4234800838574424
OSTC,0.22012578616352202,0.008385744234800839,2.40251572327044
OSTM1,0.14675052410901468,0.21174004192872117,2.058700209643606
OTC,0.012578616352201259,0.7693920335429769,1.2578616352201257
OTUB1,0.2389937106918239,0.0041928721174004195,2.4716981132075473
OTUD5,0.012578616352201259,0.7735849056603774,1.251572327044025
OTUD7A,0.19916142557651992,0.033542976939203356,2.3354297693920336
OTUD7B,0.25366876310272535,0.0,2.5324947589098534
OTX2,0.22012578616352202,0.006289308176100629,2.40041928721174
OVCA2,0.16352201257861634,0.07756813417190776,2.209643605870021
OVGP1,0.20964360587002095,0.033542976939203356,2.352201257861635
OXA1L,0.21174004192872117,0.010482180293501049,2.389937106918239
OXCT1,0.23060796645702306,0.010482180293501049,2.4716981132075473
OXCT2,0.21174004192872117,0.012578616352201259,2.368972746331237
OXER1,0.21593291404612158,0.0440251572327044,2.352201257861635
OXNAD1,0.2180293501048218,0.010482180293501049,2.4318658280922434
OXSM,0.22431865828092243,0.014675052410901468,2.429769392033543
OXT,0.21593291404612158,0.033542976939203356,2.3773584905660377
OXTR,0.22012578616352202,0.033542976939203356,2.3962264150943398
P2RX1,0.16142557651991615,0.08176100628930817,2.19916142557652
P2RX2,0.2138364779874214,0.039832285115303984,2.3647798742138364
P2RX3,0.22641509433962265,0.012578616352201259,2.4213836477987423
P2RX4,0.23689727463312368,0.023060796645702306,2.4276729559748427
P2RX5,0.15932914046121593,0.07756813417190776,2.20335429769392
P2RX6,0.20964360587002095,0.027253668763102725,2.348008385744235
P2RX7,0.23689727463312368,0.025157232704402517,2.4255765199161425
P2RY1,0.2746331236897275,0.014675052410901468,2.5681341719077566
P2RY12,0.27672955974842767,0.006289308176100629,2.5786163522012577
P2RY13,0.2746331236897275,0.006289308176100629,2.5744234800838575
P2RY14,0.2746331236897275,0.006289308176100629,2.5744234800838575
P2RY2,0.25157232704402516,0.0020964360587002098,2.488469601677149
P2RY4,0.010482180293501049,0.779874213836478,1.2389937106918238
P2RY6,0.25157232704402516,0.0020964360587002098,2.488469601677149
P2RY8,0.2809224318658281,0.031446540880503145,2.509433962264151
P3H2,0.259958071278826,0.023060796645702306,2.4842767295597485
P3H3,0.18238993710691823,0.07966457023060797,2.280922431865828
P4HA1,0.20335429769392033,0.03773584905660377,2.3354297693920336
P4HA2,0.2180293501048218,0.025157232704402517,2.3857442348008386
P4HA3,0.25366876310272535,0.0041928721174004195,2.488469601677149
P4HB,0.22641509433962265,0.010482180293501049,2.4213836477987423
PA2G4,0.2222222222222222,0.0041928721174004195,2.450733752620545
PAAF1,0.25366876310272535,0.0041928721174004195,2.488469601677149
PABPC1,0.3710691823899371,0.0020964360587002098,2.939203354297694
PABPC3,0.20335429769392033,0.025157232704402517,2.3438155136268346
PABPC4,0.21174004192872117,0.012578616352201259,2.368972746331237
PABPC5,0.006289308176100629,0.779874213836478,1.2222222222222223
PABPN1,0.2138364779874214,0.008385744234800839,2.3962264150943398
PACS1,0.259958071278826,0.0020964360587002098,2.5136268343815513
PACSIN1,0.22431865828092243,0.0041928721174004195,2.4150943396226414
PACSIN2,0.20335429769392033,0.03773584905660377,2.3270440251572326
PACSIN3,0.2180293501048218,0.05450733752620545,2.358490566037736
PADI2,0.20125786163522014,0.027253668763102725,2.3333333333333335
PAF1,0.2138364779874214,0.008385744234800839,2.39832285115304
PAFAH1B1,0.16561844863731656,0.07756813417190776,2.211740041928721
PAFAH1B2,0.21174004192872117,0.06289308176100629,2.348008385744235
PAFAH1B3,0.20754716981132076,0.031446540880503145,2.358490566037736
PAG1,0.35639412997903563,0.008385744234800839,2.941299790356394
PAH,0.2431865828092243,0.010482180293501049,2.469601677148847
PAICS,0.21593291404612158,0.016771488469601678,2.3878406708595388
PAIP1,0.23270440251572327,0.014675052410901468,2.4654088050314464
PAIP2,0.22851153039832284,0.016771488469601678,2.410901467505241
PAIP2B,0.20964360587002095,0.027253668763102725,2.360587002096436
PAK1,0.25366876310272535,0.0020964360587002098,2.488469601677149
PAK1IP1,0.2180293501048218,0.018867924528301886,2.3815513626834384
PAK2,0.24109014675052412,0.03563941299790356,2.4318658280922434
PAK3,0.006289308176100629,0.7777777777777778,1.2264150943396226
PAK4,0.2138364779874214,0.008385744234800839,2.3962264150943398
PAK5,0.22012578616352202,0.031446540880503145,2.389937106918239
PAK6,0.1949685534591195,0.041928721174004195,2.3165618448637315
PALB2,0.2348008385744235,0.008385744234800839,2.438155136268344
PAM16,0.2431865828092243,0.010482180293501049,2.440251572327044
PAN2,0.2222222222222222,0.0041928721174004195,2.440251572327044
PAN3,0.21593291404612158,0.039832285115303984,2.3438155136268346
PANK1,0.16981132075471697,0.14465408805031446,2.148846960167715
PANK2,0.2180293501048218,0.03773584905660377,2.379454926624738
PANK4,0.21593291404612158,0.018867924528301886,2.3668763102725365
PANX1,0.2431865828092243,0.016771488469601678,2.450733752620545
PAOX,0.1970649895178197,0.05450733752620545,2.291404612159329
PAPOLA,0.21593291404612158,0.020964360587002098,2.3773584905660377
PAPOLB,0.2809224318658281,0.010482180293501049,2.570230607966457
PAPOLG,0.2138364779874214,0.03773584905660377,2.358490566037736
PAPPA,0.2641509433962264,0.0,2.5136268343815513
PAPPA2,0.2348008385744235,0.020964360587002098,2.4444444444444446
PAPSS1,0.2222222222222222,0.010482180293501049,2.4046121593291403
PAPSS2,0.1488469601677149,0.20125786163522014,2.010482180293501
PAQR3,0.22641509433962265,0.008385744234800839,2.419287211740042
PAQR5,0.20754716981132076,0.012578616352201259,2.3668763102725365
PAQR8,0.2180293501048218,0.008385744234800839,2.3962264150943398
PARD3,0.21174004192872117,0.039832285115303984,2.352201257861635
PARD3B,0.22012578616352202,0.016771488469601678,2.39832285115304
PARD6A,0.16352201257861634,0.1530398322851153,2.148846960167715
PARD6B,0.24109014675052412,0.0041928721174004195,2.4654088050314464
PARD6G,0.15932914046121593,0.15723270440251572,2.119496855345912
PARG,0.20754716981132076,0.0440251572327044,2.3270440251572326
PARK7,0.20964360587002095,0.029350104821802937,2.339622641509434
PARL,0.25366876310272535,0.010482180293501049,2.507337526205451
PARN,0.24528301886792453,0.0020964360587002098,2.4549266247379453
PARP1,0.22431865828092243,0.05660377358490566,2.3878406708595388
PARP12,0.27672955974842767,0.008385744234800839,2.5681341719077566
PARP14,0.2578616352201258,0.012578616352201259,2.511530398322851
PARP2,0.20964360587002095,0.012578616352201259,2.3773584905660377
PARP3,0.22012578616352202,0.018867924528301886,2.419287211740042
PARP4,0.19916142557651992,0.033542976939203356,2.3291404612159328
PARP9,0.2578616352201258,0.012578616352201259,2.511530398322851
PARPBP,0.2431865828092243,0.010482180293501049,2.469601677148847
PARS2,0.19916142557651992,0.03563941299790356,2.3249475890985325
PARVA,0.22431865828092243,0.008385744234800839,2.410901467505241
PARVB,0.19916142557651992,0.0440251572327044,2.3144654088050314
PARVG,0.19916142557651992,0.0440251572327044,2.3144654088050314
PASD1,0.014675052410901468,0.7777777777777778,1.2410901467505242
PASK,0.21174004192872117,0.025157232704402517,2.3668763102725365
PATJ,0.20335429769392033,0.039832285115303984,2.3270440251572326
PATL1,0.23689727463312368,0.0041928721174004195,2.450733752620545
PAWR,0.2389937106918239,0.006289308176100629,2.4716981132075473
PAX2,0.1928721174004193,0.07547169811320754,2.2536687631027252
PAX3,0.2180293501048218,0.020964360587002098,2.3836477987421385
PAX4,0.2557651991614256,0.027253668763102725,2.49685534591195
PAX5,0.22641509433962265,0.012578616352201259,2.440251572327044
PAX6,0.23060796645702306,0.023060796645702306,2.408805031446541
PAX7,0.20335429769392033,0.025157232704402517,2.3375262054507338
PAX8,0.20335429769392033,0.023060796645702306,2.3542976939203353
PAX9,0.24109014675052412,0.0041928721174004195,2.448637316561845
PAXBP1,0.22012578616352202,0.014675052410901468,2.4171907756813416
PAXIP1,0.2578616352201258,0.016771488469601678,2.511530398322851
PBRM1,0.22012578616352202,0.018867924528301886,2.419287211740042
PBX1,0.23270440251572327,0.033542976939203356,2.4360587002096437
PBX2,0.23270440251572327,0.0041928721174004195,2.4276729559748427
PBX3,0.259958071278826,0.0,2.509433962264151
PBX4,0.22431865828092243,0.0020964360587002098,2.4171907756813416
PC,0.2620545073375262,0.0,2.530398322851153
PCBD1,0.20545073375262055,0.039832285115303984,2.3354297693920336
PCBP1,0.20545073375262055,0.025157232704402517,2.352201257861635
PCBP2,0.22641509433962265,0.0020964360587002098,2.438155136268344
PCCA,0.18448637316561844,0.09433962264150944,2.238993710691824
PCCB,0.27253668763102723,0.006289308176100629,2.6121593291404612
PCDH15,0.20754716981132076,0.041928721174004195,2.3459119496855347
PCDHA10,0.22431865828092243,0.010482180293501049,2.4129979035639413
PCDHA11,0.22431865828092243,0.010482180293501049,2.4129979035639413
PCDHA4,0.22431865828092243,0.010482180293501049,2.4129979035639413
PCDHA7,0.22431865828092243,0.010482180293501049,2.4129979035639413
PCDHA9,0.22431865828092243,0.010482180293501049,2.4129979035639413
PCF11,0.24947589098532494,0.0020964360587002098,2.4737945492662474
PCGF1,0.20964360587002095,0.020964360587002098,2.3647798742138364
PCGF2,0.21174004192872117,0.031446540880503145,2.358490566037736
PCGF3,0.2222222222222222,0.014675052410901468,2.3836477987421385
PCGF5,0.1740041928721174,0.11740041928721175,2.1844863731656186
PCGF6,0.1928721174004193,0.07966457023060797,2.247379454926625
PCK1,0.2389937106918239,0.0041928721174004195,2.4716981132075473
PCK2,0.2180293501048218,0.006289308176100629,2.406708595387841
PCLAF,0.20335429769392033,0.012578616352201259,2.360587002096436
PCLO,0.2809224318658281,0.014675052410901468,2.5953878406708597
PCM1,0.10482180293501048,0.38155136268343814,1.8092243186582808
PCMT1,0.20754716981132076,0.027253668763102725,2.350104821802935
PCNA,0.22012578616352202,0.03563941299790356,2.379454926624738
PCNT,0.21593291404612158,0.033542976939203356,2.3878406708595388
PCOLCE,0.2893081761006289,0.006289308176100629,2.6247379454926625
PCOLCE2,0.2746331236897275,0.006289308176100629,2.60167714884696
PCSK1,0.18448637316561844,0.11530398322851153,2.2264150943396226
PCSK2,0.20964360587002095,0.027253668763102725,2.3836477987421385
PCSK5,0.24528301886792453,0.018867924528301886,2.448637316561845
PCSK6,0.20545073375262055,0.014675052410901468,2.3731656184486374
PCSK9,0.19916142557651992,0.039832285115303984,2.3249475890985325
PCTP,0.22851153039832284,0.014675052410901468,2.4255765199161425
PCYOX1L,0.22431865828092243,0.006289308176100629,2.419287211740042
PCYT1A,0.24109014675052412,0.039832285115303984,2.4276729559748427
PCYT1B,0.012578616352201259,0.7693920335429769,1.2578616352201257
PDC,0.22641509433962265,0.014675052410901468,2.438155136268344
PDCD1,0.21174004192872117,0.020964360587002098,2.3626834381551363
PDCD10,0.2893081761006289,0.006289308176100629,2.6268343815513626
PDCD11,0.1928721174004193,0.07756813417190776,2.251572327044025
PDCD1LG2,0.20964360587002095,0.03773584905660377,2.3626834381551363
PDCD2L,0.2180293501048218,0.0041928721174004195,2.4150943396226414
PDCD4,0.20545073375262055,0.05241090146750524,2.30188679245283
PDCD5,0.2222222222222222,0.0041928721174004195,2.419287211740042
PDCD6,0.23270440251572327,0.006289308176100629,2.4863731656184487
PDCD6IP,0.2222222222222222,0.0020964360587002098,2.440251572327044
PDCD7,0.20545073375262055,0.014675052410901468,2.356394129979036
PDCL3,0.22012578616352202,0.006289308176100629,2.406708595387841
PDE10A,0.20125786163522014,0.04612159329140461,2.3270440251572326
PDE1A,0.20545073375262055,0.041928721174004195,2.341719077568134
PDE1B,0.2222222222222222,0.0020964360587002098,2.4360587002096437
PDE1C,0.2893081761006289,0.006289308176100629,2.639412997903564
PDE2A,0.24737945492662475,0.0020964360587002098,2.480083857442348
PDE3A,0.18867924528301888,0.0859538784067086,2.2788259958071277
PDE3B,0.22641509433962265,0.0041928721174004195,2.419287211740042
PDE4A,0.2138364779874214,0.008385744234800839,2.3815513626834384
PDE4B,0.1928721174004193,0.03773584905660377,2.30188679245283
PDE4D,0.16981132075471697,0.12159329140461216,2.1844863731656186
PDE4DIP,0.24737945492662475,0.0041928721174004195,2.509433962264151
PDE6A,0.2222222222222222,0.0041928721174004195,2.4171907756813416
PDE6B,0.2222222222222222,0.016771488469601678,2.3815513626834384
PDE6G,0.22431865828092243,0.010482180293501049,2.4171907756813416
PDE7A,0.33962264150943394,0.016771488469601678,2.853249475890985
PDE7B,0.20964360587002095,0.025157232704402517,2.356394129979036
PDF,0.15932914046121593,0.1740041928721174,2.1153039832285114
PDGFA,0.2746331236897275,0.016771488469601678,2.5534591194968552
PDGFB,0.20545073375262055,0.020964360587002098,2.3542976939203353
PDGFC,0.21593291404612158,0.016771488469601678,2.379454926624738
PDGFD,0.23270440251572327,0.03563941299790356,2.4150943396226414
PDGFRA,0.21174004192872117,0.012578616352201259,2.3857442348008386
PDGFRB,0.2222222222222222,0.0041928721174004195,2.4171907756813416
PDHA2,0.2222222222222222,0.020964360587002098,2.3941299790356396
PDHB,0.22641509433962265,0.012578616352201259,2.4339622641509435
PDHX,0.22851153039832284,0.025157232704402517,2.40251572327044
PDIA2,0.24109014675052412,0.012578616352201259,2.442348008385744
PDIA3,0.1970649895178197,0.03773584905660377,2.3123689727463312
PDIA4,0.27253668763102723,0.008385744234800839,2.547169811320755
PDIA5,0.2641509433962264,0.012578616352201259,2.5157232704402515
PDIA6,0.23060796645702306,0.0041928721174004195,2.429769392033543
PDK1,0.20125786163522014,0.04821802935010482,2.3270440251572326
PDK2,0.22431865828092243,0.006289308176100629,2.4213836477987423
PDK4,0.2914046121593291,0.0020964360587002098,2.647798742138365
PDLIM1,0.17819706498951782,0.0859538784067086,2.2222222222222223
PDLIM2,0.08385744234800839,0.42138364779874216,1.7106918238993711
PDLIM3,0.2138364779874214,0.016771488469601678,2.3710691823899372
PDLIM5,0.2222222222222222,0.023060796645702306,2.392033542976939
PDLIM7,0.22641509433962265,0.0,2.438155136268344
PDP1,0.36268343815513626,0.012578616352201259,2.9266247379454926
PDP2,0.16352201257861634,0.14675052410901468,2.1551362683438153
PDPK1,0.24947589098532494,0.0041928721174004195,2.4675052410901466
PDPN,0.20754716981132076,0.031446540880503145,2.3333333333333335
PDPR,0.16352201257861634,0.1928721174004193,2.10272536687631
PDRG1,0.23270440251572327,0.006289308176100629,2.448637316561845
PDS5A,0.2138364779874214,0.03563941299790356,2.3626834381551363
PDS5B,0.16981132075471697,0.13417190775681342,2.159329140461216
PDSS1,0.22012578616352202,0.029350104821802937,2.3815513626834384
PDSS2,0.14465408805031446,0.2138364779874214,2.0545073375262053
PDX1,0.21593291404612158,0.027253668763102725,2.3626834381551363
PDXK,0.22012578616352202,0.03563941299790356,2.3878406708595388
PDXP,0.2138364779874214,0.020964360587002098,2.3647798742138364
PDYN,0.22012578616352202,0.033542976939203356,2.3857442348008386
PDZD11,0.010482180293501049,0.779874213836478,1.2389937106918238
PDZD7,0.18867924528301888,0.07337526205450734,2.249475890985325
PDZK1,0.2389937106918239,0.0041928721174004195,2.50104821802935
PEA15,0.23270440251572327,0.027253668763102725,2.442348008385744
PEAK1,0.20754716981132076,0.014675052410901468,2.368972746331237
PEBP1,0.25157232704402516,0.016771488469601678,2.4633123689727463
PECAM1,0.22851153039832284,0.010482180293501049,2.4255765199161425
PECR,0.22012578616352202,0.016771488469601678,2.3962264150943398
PEF1,0.22012578616352202,0.012578616352201259,2.3731656184486374
PELI1,0.22012578616352202,0.025157232704402517,2.3857442348008386
PELI2,0.2180293501048218,0.008385744234800839,2.3962264150943398
PELI3,0.2620545073375262,0.0,2.509433962264151
PELO,0.18448637316561844,0.09224318658280922,2.251572327044025
PELP1,0.15932914046121593,0.09224318658280922,2.1844863731656186
PEMT,0.18867924528301888,0.04821802935010482,2.291404612159329
PENK,0.3039832285115304,0.016771488469601678,2.7232704402515724
PER1,0.129979035639413,0.14046121593291405,2.079664570230608
PER2,0.21174004192872117,0.025157232704402517,2.3647798742138364
PER3,0.20964360587002095,0.027253668763102725,2.341719077568134
PERP,0.21593291404612158,0.018867924528301886,2.3710691823899372
PES1,0.1949685534591195,0.027253668763102725,2.3270440251572326
PEX1,0.2914046121593291,0.0,2.647798742138365
PEX10,0.21593291404612158,0.018867924528301886,2.3668763102725365
PEX11A,0.2138364779874214,0.008385744234800839,2.3857442348008386
PEX11B,0.2389937106918239,0.0041928721174004195,2.50104821802935
PEX11G,0.21593291404612158,0.014675052410901468,2.3773584905660377
PEX13,0.21174004192872117,0.039832285115303984,2.356394129979036
PEX14,0.20125786163522014,0.0440251572327044,2.308176100628931
PEX16,0.21593291404612158,0.04821802935010482,2.3668763102725365
PEX19,0.23060796645702306,0.029350104821802937,2.438155136268344
PEX2,0.350104821802935,0.020964360587002098,2.893081761006289
PEX26,0.20125786163522014,0.03773584905660377,2.3270440251572326
PEX3,0.20754716981132076,0.027253668763102725,2.350104821802935
PEX5,0.17819706498951782,0.07966457023060797,2.2725366876310273
PEX5L,0.2620545073375262,0.006289308176100629,2.557651991614256
PEX6,0.22851153039832284,0.006289308176100629,2.4213836477987423
PEX7,0.20964360587002095,0.018867924528301886,2.3626834381551363
PF4,0.23060796645702306,0.008385744234800839,2.438155136268344
PF4V1,0.23060796645702306,0.008385744234800839,2.4318658280922434
PFAS,0.13417190775681342,0.129979035639413,2.10062893081761
PFDN1,0.2222222222222222,0.010482180293501049,2.408805031446541
PFDN2,0.23270440251572327,0.031446540880503145,2.438155136268344
PFDN4,0.2431865828092243,0.008385744234800839,2.4633123689727463
PFDN5,0.22851153039832284,0.0020964360587002098,2.440251572327044
PFDN6,0.22641509433962265,0.0020964360587002098,2.419287211740042
PFKFB1,0.008385744234800839,0.7756813417190775,1.2368972746331237
PFKFB2,0.23060796645702306,0.014675052410901468,2.457023060796646
PFKFB3,0.22012578616352202,0.027253668763102725,2.368972746331237
PFKFB4,0.22012578616352202,0.020964360587002098,2.4150943396226414
PFKL,0.2180293501048218,0.03563941299790356,2.3878406708595388
PFKM,0.21174004192872117,0.012578616352201259,2.3962264150943398
PFKP,0.2138364779874214,0.029350104821802937,2.360587002096436
PFN1,0.15723270440251572,0.0880503144654088,2.1844863731656186
PFN2,0.27882599580712786,0.010482180293501049,2.5849056603773586
PGAM1,0.1949685534591195,0.07756813417190776,2.2557651991614254
PGAM5,0.2138364779874214,0.039832285115303984,2.3647798742138364
PGAP1,0.22012578616352202,0.010482180293501049,2.406708595387841
PGAP2,0.22641509433962265,0.012578616352201259,2.4129979035639413
PGAP3,0.20964360587002095,0.031446540880503145,2.4360587002096437
PGBD1,0.22641509433962265,0.014675052410901468,2.406708595387841
PGD,0.19916142557651992,0.03773584905660377,2.3123689727463312
PGF,0.21174004192872117,0.025157232704402517,2.3668763102725365
PGGT1B,0.18448637316561844,0.06289308176100629,2.293501048218029
PGK1,0.006289308176100629,0.779874213836478,1.2264150943396226
PGK2,0.2222222222222222,0.010482180293501049,2.406708595387841
PGLS,0.22012578616352202,0.0,2.4150943396226414
PGLYRP1,0.2138364779874214,0.016771488469601678,2.389937106918239
PGLYRP3,0.25366876310272535,0.0020964360587002098,2.5136268343815513
PGLYRP4,0.25366876310272535,0.0020964360587002098,2.5136268343815513
PGM1,0.18867924528301888,0.039832285115303984,2.2955974842767297
PGM2,0.20964360587002095,0.033542976939203356,2.3542976939203353
PGM2L1,0.25366876310272535,0.0041928721174004195,2.488469601677149
PGM5,0.24109014675052412,0.006289308176100629,2.4654088050314464
PGR,0.24528301886792453,0.03563941299790356,2.4360587002096437
PGRMC1,0.008385744234800839,0.779874213836478,1.228511530398323
PGS1,0.23270440251572327,0.025157232704402517,2.4150943396226414
PHACTR3,0.2389937106918239,0.0041928721174004195,2.459119496855346
PHAX,0.20754716981132076,0.031446540880503145,2.3626834381551363
PHB2,0.17819706498951782,0.07966457023060797,2.2725366876310273
PHC1,0.16981132075471697,0.09224318658280922,2.243186582809224
PHC2,0.21174004192872117,0.012578616352201259,2.3647798742138364
PHC3,0.29350104821802936,0.0020964360587002098,2.639412997903564
PHETA1,0.2348008385744235,0.012578616352201259,2.4360587002096437
PHETA2,0.20545073375262055,0.029350104821802937,2.339622641509434
PHF1,0.22641509433962265,0.0020964360587002098,2.419287211740042
PHF10,0.20335429769392033,0.03773584905660377,2.3375262054507338
PHF11,0.11740041928721175,0.29559748427672955,1.8909853249475892
PHF12,0.21174004192872117,0.016771488469601678,2.368972746331237
PHF13,0.20125786163522014,0.025157232704402517,2.3333333333333335
PHF19,0.25157232704402516,0.008385744234800839,2.49895178197065
PHF2,0.259958071278826,0.008385744234800839,2.50314465408805
PHF20,0.23060796645702306,0.014675052410901468,2.4318658280922434
PHF21A,0.2138364779874214,0.050314465408805034,2.360587002096436
PHF5A,0.20964360587002095,0.025157232704402517,2.352201257861635
PHGDH,0.22641509433962265,0.014675052410901468,2.429769392033543
PHKA1,0.008385744234800839,0.779874213836478,1.2327044025157232
PHKA2,0.012578616352201259,0.7672955974842768,1.2557651991614256
PHKB,0.20964360587002095,0.0649895178197065,2.3438155136268346
PHKG1,0.2809224318658281,0.0041928721174004195,2.5786163522012577
PHLDA1,0.2389937106918239,0.008385744234800839,2.4633123689727463
PHLDA2,0.22641509433962265,0.014675052410901468,2.408805031446541
PHLDA3,0.23689727463312368,0.008385744234800839,2.4675052410901466
PHLPP1,0.15513626834381553,0.15513626834381553,2.1257861635220126
PHLPP2,0.1509433962264151,0.22851153039832284,2.048218029350105
PHPT1,0.25366876310272535,0.0,2.5052410901467503
PHYH,0.21174004192872117,0.03773584905660377,2.3542976939203353
PHYKPL,0.22851153039832284,0.0020964360587002098,2.438155136268344
PI3,0.23270440251572327,0.008385744234800839,2.4716981132075473
PI4K2A,0.1949685534591195,0.07756813417190776,2.2536687631027252
PI4K2B,0.21593291404612158,0.03773584905660377,2.358490566037736
PI4KA,0.2138364779874214,0.025157232704402517,2.3542976939203353
PI4KB,0.25157232704402516,0.0,2.5345911949685536
PIANP,0.18029350104821804,0.07966457023060797,2.2767295597484276
PIAS1,0.20754716981132076,0.016771488469601678,2.3626834381551363
PIAS2,0.1740041928721174,0.11740041928721175,2.2054507337526204
PIAS3,0.2389937106918239,0.0041928721174004195,2.50104821802935
PIAS4,0.20964360587002095,0.018867924528301886,2.3647798742138364
PICALM,0.24737945492662475,0.008385744234800839,2.4654088050314464
PICK1,0.21174004192872117,0.018867924528301886,2.3710691823899372
PIDD1,0.23060796645702306,0.012578616352201259,2.410901467505241
PIF1,0.20545073375262055,0.014675052410901468,2.3626834381551363
PIGA,0.010482180293501049,0.7672955974842768,1.2557651991614256
PIGB,0.19916142557651992,0.027253668763102725,2.3291404612159328
PIGC,0.2222222222222222,0.023060796645702306,2.4234800838574424
PIGF,0.2222222222222222,0.033542976939203356,2.3752620545073375
PIGG,0.2222222222222222,0.016771488469601678,2.3815513626834384
PIGH,0.20964360587002095,0.020964360587002098,2.3668763102725365
PIGK,0.1970649895178197,0.04821802935010482,2.308176100628931
PIGL,0.1761006289308176,0.07337526205450734,2.2368972746331237
PIGM,0.23689727463312368,0.029350104821802937,2.448637316561845
PIGN,0.15723270440251572,0.16142557651991615,2.1215932914046123
PIGO,0.23060796645702306,0.010482180293501049,2.4465408805031448
PIGP,0.2180293501048218,0.020964360587002098,2.410901467505241
PIGQ,0.24109014675052412,0.012578616352201259,2.440251572327044
PIGR,0.23689727463312368,0.014675052410901468,2.4654088050314464
PIGS,0.21174004192872117,0.016771488469601678,2.3731656184486374
PIGT,0.23270440251572327,0.008385744234800839,2.4716981132075473
PIGU,0.23270440251572327,0.014675052410901468,2.429769392033543
PIGV,0.20754716981132076,0.016771488469601678,2.352201257861635
PIGW,0.21174004192872117,0.029350104821802937,2.361344537815126
PIGX,0.2431865828092243,0.03563941299790356,2.4339622641509435
PIGY,0.22641509433962265,0.018867924528301886,2.39832285115304
PIH1D1,0.2180293501048218,0.0041928721174004195,2.4171907756813416
PIK3AP1,0.18448637316561844,0.08176100628930817,2.2327044025157234
PIK3C2A,0.23270440251572327,0.0,2.4318658280922434
PIK3C2B,0.24737945492662475,0.0020964360587002098,2.50104821802935
PIK3C3,0.16981132075471697,0.11320754716981132,2.20125786163522
PIK3CA,0.2662473794549266,0.008385744234800839,2.5744234800838575
PIK3CB,0.2746331236897275,0.008385744234800839,2.6058700209643604
PIK3CD,0.19916142557651992,0.033542976939203356,2.3228511530398324
PIK3CG,0.27672955974842767,0.016771488469601678,2.5849056603773586
PIK3R1,0.16771488469601678,0.13626834381551362,2.1635220125786163
PIK3R2,0.22012578616352202,0.0,2.4150943396226414
PIK3R3,0.20754716981132076,0.025157232704402517,2.3459119496855347
PIK3R4,0.27044025157232704,0.012578616352201259,2.5534591194968552
PIK3R5,0.14046121593291405,0.1090146750524109,2.129979035639413
PIK3R6,0.14046121593291405,0.11320754716981132,2.1257861635220126
PIKFYVE,0.2222222222222222,0.010482180293501049,2.40251572327044
PILRA,0.2914046121593291,0.006289308176100629,2.6289308176100628
PIM1,0.22431865828092243,0.0020964360587002098,2.4171907756813416
PIMREG,0.13836477987421383,0.1278825995807128,2.1174004192872116
PIN1,0.21593291404612158,0.006289308176100629,2.3878406708595388
PINK1,0.20964360587002095,0.025157232704402517,2.3459119496855347
PINX1,0.11530398322851153,0.3333333333333333,1.880503144654088
PIP,0.2746331236897275,0.012578616352201259,2.561844863731656
PIP4K2B,0.21174004192872117,0.031446540880503145,2.358490566037736
PIP4K2C,0.22012578616352202,0.0,2.440251572327044
PIP4P1,0.20964360587002095,0.012578616352201259,2.3773584905660377
PIP4P2,0.36268343815513626,0.008385744234800839,2.930817610062893
PIP5K1A,0.25366876310272535,0.0,2.5366876310272537
PIP5K1B,0.23689727463312368,0.008385744234800839,2.457023060796646
PIP5K1C,0.20754716981132076,0.029350104821802937,2.352201257861635
PIP5KL1,0.2641509433962264,0.0,2.538784067085954
PIPOX,0.21174004192872117,0.016771488469601678,2.368972746331237
PIR,0.014675052410901468,0.7631027253668763,1.2662473794549267
PISD,0.20125786163522014,0.031446540880503145,2.3354297693920336
PITPNA,0.16142557651991615,0.07756813417190776,2.2054507337526204
PITPNM1,0.2641509433962264,0.0,2.5345911949685536
PITPNM3,0.13836477987421383,0.1320754716981132,2.1132075471698113
PITRM1,0.2138364779874214,0.029350104821802937,2.360587002096436
PITX1,0.2180293501048218,0.020964360587002098,2.389937106918239
PITX3,0.19077568134171907,0.07337526205450734,2.251572327044025
PIWIL1,0.2180293501048218,0.041928721174004195,2.368972746331237
PIWIL2,0.0859538784067086,0.42138364779874216,1.719077568134172
PIWIL4,0.24109014675052412,0.016771488469601678,2.4465408805031448
PJA1,0.012578616352201259,0.779874213836478,1.2452830188679245
PJA2,0.18448637316561844,0.09014675052410902,2.257861635220126
PKD1,0.25157232704402516,0.0041928721174004195,2.4716981132075473
PKD1L3,0.1509433962264151,0.24528301886792453,2.0314465408805034
PKD2,0.22641509433962265,0.018867924528301886,2.3962264150943398
PKD2L1,0.1928721174004193,0.07756813417190776,2.251572327044025
PKIA,0.36058700209643607,0.006289308176100629,2.9182389937106916
PKLR,0.2557651991614256,0.0020964360587002098,2.538784067085954
PKM,0.20964360587002095,0.016771488469601678,2.368972746331237
PKMYT1,0.24947589098532494,0.0041928721174004195,2.4675052410901466
PKN1,0.2180293501048218,0.010482180293501049,2.389937106918239
PKN2,0.19916142557651992,0.041928721174004195,2.3186582809224316
PKN3,0.2557651991614256,0.0,2.507337526205451
PKNOX1,0.22012578616352202,0.03563941299790356,2.3857442348008386
PKNOX2,0.22641509433962265,0.04612159329140461,2.3962264150943398
PKP1,0.23689727463312368,0.008385744234800839,2.4654088050314464
PKP2,0.21593291404612158,0.04821802935010482,2.3647798742138364
PKP3,0.23060796645702306,0.012578616352201259,2.410901467505241
PKP4,0.1928721174004193,0.05450733752620545,2.308176100628931
PLA2G10,0.24528301886792453,0.0041928721174004195,2.452830188679245
PLA2G12A,0.2180293501048218,0.008385744234800839,2.3962264150943398
PLA2G12B,0.20545073375262055,0.03773584905660377,2.339622641509434
PLA2G15,0.16352201257861634,0.15932914046121593,2.140461215932914
PLA2G1B,0.2431865828092243,0.025157232704402517,2.4339622641509435
PLA2G2A,0.20754716981132076,0.025157232704402517,2.3438155136268346
PLA2G3,0.1949685534591195,0.031446540880503145,2.3228511530398324
PLA2G4A,0.22851153039832284,0.014675052410901468,2.442348008385744
PLA2G4D,0.1928721174004193,0.039832285115303984,2.3144654088050314
PLA2G5,0.20754716981132076,0.025157232704402517,2.3438155136268346
PLA2G6,0.21174004192872117,0.018867924528301886,2.3710691823899372
PLA2G7,0.22431865828092243,0.014675052410901468,2.408805031446541
PLA2R1,0.19077568134171907,0.05450733752620545,2.3060796645702304
PLAGL1,0.20754716981132076,0.029350104821802937,2.350104821802935
PLAT,0.18238993710691823,0.20545073375262055,2.1781970649895177
PLAU,0.1970649895178197,0.050314465408805034,2.3186582809224316
PLAUR,0.2138364779874214,0.018867924528301886,2.379454926624738
PLB1,0.22851153039832284,0.010482180293501049,2.419287211740042
PLCB1,0.2180293501048218,0.033542976939203356,2.379454926624738
PLCB2,0.1949685534591195,0.0440251572327044,2.3144654088050314
PLCB3,0.2389937106918239,0.0041928721174004195,2.4716981132075473
PLCB4,0.22012578616352202,0.031446540880503145,2.3962264150943398
PLCD1,0.2222222222222222,0.006289308176100629,2.438155136268344
PLCD3,0.1928721174004193,0.09643605870020965,2.262054507337526
PLCD4,0.22431865828092243,0.018867924528301886,2.3941299790356396
PLCE1,0.1761006289308176,0.09224318658280922,2.211740041928721
PLCG1,0.23270440251572327,0.010482180293501049,2.4360587002096437
PLCG2,0.13836477987421383,0.259958071278826,1.979035639412998
PLCH1,0.26834381551362685,0.014675052410901468,2.5450733752620547
PLCZ1,0.1970649895178197,0.09224318658280922,2.29979035639413
PLD1,0.2851153039832285,0.0020964360587002098,2.6289308176100628
PLD2,0.15723270440251572,0.09014675052410902,2.1823899371069184
PLD3,0.21174004192872117,0.012578616352201259,2.392033542976939
PLEC,0.33752620545073375,0.023060796645702306,2.7777777777777777
PLEK,0.20964360587002095,0.027253668763102725,2.3626834381551363
PLEKHA1,0.1949685534591195,0.039832285115303984,2.3039832285115303
PLEKHA2,0.18238993710691823,0.2222222222222222,2.1740041928721174
PLEKHA7,0.23270440251572327,0.0020964360587002098,2.429769392033543
PLEKHG2,0.2138364779874214,0.008385744234800839,2.39832285115304
PLEKHG5,0.20335429769392033,0.025157232704402517,2.3375262054507338
PLEKHG6,0.18238993710691823,0.07966457023060797,2.2788259958071277
PLEKHM1,0.1949685534591195,0.09014675052410902,2.270440251572327
PLEKHM2,0.20754716981132076,0.025157232704402517,2.341719077568134
PLG,0.1949685534591195,0.039832285115303984,2.3228511530398324
PLIN1,0.2138364779874214,0.008385744234800839,2.3857442348008386
PLIN2,0.21174004192872117,0.016771488469601678,2.392033542976939
PLIN3,0.2138364779874214,0.012578616352201259,2.3752620545073375
PLIN5,0.21174004192872117,0.020964360587002098,2.3647798742138364
PLK1,0.2348008385744235,0.008385744234800839,2.438155136268344
PLK2,0.1761006289308176,0.12578616352201258,2.1949685534591197
PLK3,0.20964360587002095,0.012578616352201259,2.360587002096436
PLK4,0.20964360587002095,0.04821802935010482,2.339622641509434
PLLP,0.15932914046121593,0.14046121593291405,2.146750524109015
PLN,0.16142557651991615,0.15513626834381553,2.140461215932914
PLOD1,0.19916142557651992,0.029350104821802937,2.3249475890985325
PLOD2,0.2893081761006289,0.008385744234800839,2.593291404612159
PLOD3,0.2809224318658281,0.008385744234800839,2.5953878406708597
PLP1,0.006289308176100629,0.779874213836478,1.2264150943396226
PLP2,0.012578616352201259,0.7735849056603774,1.251572327044025
PLPBP,0.18448637316561844,0.2222222222222222,2.1740041928721174
PLPP1,0.16771488469601678,0.1278825995807128,2.1781970649895177
PLPP2,0.21174004192872117,0.014675052410901468,2.3647798742138364
PLPP3,0.19916142557651992,0.041928721174004195,2.3186582809224316
PLPP4,0.1949685534591195,0.039832285115303984,2.3060796645702304
PLPP6,0.20964360587002095,0.039832285115303984,2.358490566037736
PLPPR2,0.2138364779874214,0.012578616352201259,2.3773584905660377
PLPPR3,0.21174004192872117,0.014675052410901468,2.365546218487395
PLRG1,0.2180293501048218,0.012578616352201259,2.392033542976939
PLS3,0.008385744234800839,0.7777777777777778,1.230607966457023
PLSCR1,0.2851153039832285,0.008385744234800839,2.59748427672956
PLTP,0.23270440251572327,0.008385744234800839,2.4737945492662474
PLXNA1,0.2746331236897275,0.012578616352201259,2.5639412997903563
PLXNA2,0.22851153039832284,0.018867924528301886,2.450733752620545
PLXNA3,0.010482180293501049,0.7819706498951782,1.2327044025157232
PLXNA4,0.27044025157232704,0.012578616352201259,2.538784067085954
PLXNB1,0.22012578616352202,0.020964360587002098,2.4150943396226414
PLXNB2,0.20545073375262055,0.039832285115303984,2.331236897274633
PLXNB3,0.010482180293501049,0.7840670859538784,1.230607966457023
PLXNC1,0.24528301886792453,0.0020964360587002098,2.50104821802935
PLXND1,0.2746331236897275,0.014675052410901468,2.580712788259958
PMAIP1,0.16142557651991615,0.1530398322851153,2.1446540880503147
PMCH,0.2431865828092243,0.010482180293501049,2.469601677148847
PMEL,0.22431865828092243,0.006289308176100629,2.450733752620545
PMEPA1,0.2389937106918239,0.0041928721174004195,2.4716981132075473
PMF1,0.23689727463312368,0.016771488469601678,2.461215932914046
PML,0.20125786163522014,0.020964360587002098,2.3542976939203353
PMM1,0.20754716981132076,0.031446540880503145,2.341719077568134
PMM2,0.24737945492662475,0.0,2.459119496855346
PMP2,0.3584905660377358,0.0041928721174004195,2.947589098532495
PMP22,0.16771488469601678,0.07547169811320754,2.2222222222222223
PMPCA,0.2557651991614256,0.0020964360587002098,2.5052410901467503
PMPCB,0.2809224318658281,0.012578616352201259,2.60167714884696
PMS1,0.2180293501048218,0.014675052410901468,2.40041928721174
PMS2,0.27882599580712786,0.010482180293501049,2.5681341719077566
PMVK,0.259958071278826,0.0041928721174004195,2.5157232704402515
PNISR,0.13626834381551362,0.2180293501048218,2.029350104821803
PNKD,0.22431865828092243,0.012578616352201259,2.4046121593291403
PNKP,0.2180293501048218,0.008385744234800839,2.4150943396226414
PNLIP,0.20125786163522014,0.041928721174004195,2.3123689727463312
PNLIPRP1,0.20125786163522014,0.041928721174004195,2.3123689727463312
PNMA2,0.0859538784067086,0.39622641509433965,1.748427672955975
PNMT,0.21174004192872117,0.031446540880503145,2.438155136268344
PNN,0.22851153039832284,0.006289308176100629,2.410901467505241
PNO1,0.20964360587002095,0.029350104821802937,2.3626834381551363
PNP,0.20964360587002095,0.012578616352201259,2.3773584905660377
PNPLA2,0.23060796645702306,0.012578616352201259,2.410901467505241
PNPLA3,0.19916142557651992,0.0440251572327044,2.3186582809224316
PNPLA6,0.21593291404612158,0.014675052410901468,2.3773584905660377
PNPO,0.22641509433962265,0.012578616352201259,2.4150943396226414
PNPT1,0.22012578616352202,0.027253668763102725,2.3710691823899372
PNRC2,0.20335429769392033,0.031446540880503145,2.331236897274633
POC5,0.17819706498951782,0.11320754716981132,2.220125786163522
PODXL2,0.2746331236897275,0.014675052410901468,2.5765199161425576
POFUT1,0.23060796645702306,0.006289308176100629,2.4444444444444446
POFUT2,0.2180293501048218,0.03563941299790356,2.3878406708595388
POGLUT1,0.24737945492662475,0.020964360587002098,2.4821802935010484
POGZ,0.25157232704402516,0.0,2.5345911949685536
POLA1,0.012578616352201259,0.7693920335429769,1.2578616352201257
POLA2,0.24528301886792453,0.0020964360587002098,2.4821802935010484
POLB,0.18238993710691823,0.20545073375262055,2.1781970649895177
POLD1,0.2180293501048218,0.006289308176100629,2.4171907756813416
POLD2,0.2809224318658281,0.006289308176100629,2.5870020964360587
POLD3,0.25366876310272535,0.0041928721174004195,2.488469601677149
POLD4,0.2641509433962264,0.0,2.5345911949685536
POLDIP3,0.20754716981132076,0.027253668763102725,2.3438155136268346
POLE,0.2138364779874214,0.039832285115303984,2.3647798742138364
POLE2,0.22641509433962265,0.0041928721174004195,2.4150943396226414
POLE3,0.2620545073375262,0.0,2.5220125786163523
POLE4,0.21174004192872117,0.020964360587002098,2.3710691823899372
POLG,0.2138364779874214,0.008385744234800839,2.3857442348008386
POLG2,0.22851153039832284,0.010482180293501049,2.4255765199161425
POLH,0.23060796645702306,0.006289308176100629,2.4213836477987423
POLI,0.1740041928721174,0.12368972746331237,2.192872117400419
POLK,0.18029350104821804,0.11320754716981132,2.2243186582809225
POLL,0.18867924528301888,0.07547169811320754,2.247379454926625
POLM,0.2809224318658281,0.006289308176100629,2.5870020964360587
POLN,0.22012578616352202,0.016771488469601678,2.39832285115304
POLQ,0.25366876310272535,0.014675052410901468,2.5052410901467503
POLR1A,0.22431865828092243,0.014675052410901468,2.40251572327044
POLR1B,0.20545073375262055,0.023060796645702306,2.358490566037736
POLR1D,0.21593291404612158,0.025157232704402517,2.3647798742138364
POLR1E,0.22851153039832284,0.012578616352201259,2.452830188679245
POLR2B,0.22012578616352202,0.016771488469601678,2.3941299790356396
POLR2C,0.16142557651991615,0.14046121593291405,2.150943396226415
POLR2D,0.1761006289308176,0.07337526205450734,2.2452830188679247
POLR2E,0.2138364779874214,0.014675052410901468,2.3668763102725365
POLR2F,0.21174004192872117,0.018867924528301886,2.3710691823899372
POLR2G,0.23270440251572327,0.006289308176100629,2.448637316561845
POLR2H,0.25157232704402516,0.010482180293501049,2.490566037735849
POLR2I,0.21593291404612158,0.0041928721174004195,2.406708595387841
POLR2J,0.27672955974842767,0.014675052410901468,2.5903361344537816
POLR2J2,0.27882599580712786,0.014675052410901468,2.5953878406708597
POLR2J3,0.27672955974842767,0.014675052410901468,2.5903361344537816
POLR2K,0.3731656184486373,0.0020964360587002098,2.939203354297694
POLR2L,0.23060796645702306,0.012578616352201259,2.410901467505241
POLR2M,0.20754716981132076,0.033542976939203356,2.3228511530398324
POLR3A,0.20545073375262055,0.050314465408805034,2.331236897274633
POLR3B,0.24109014675052412,0.010482180293501049,2.461215932914046
POLR3C,0.2389937106918239,0.0041928721174004195,2.50104821802935
POLR3D,0.0859538784067086,0.42138364779874216,1.719077568134172
POLR3E,0.23270440251572327,0.006289308176100629,2.4360587002096437
POLR3F,0.20964360587002095,0.027253668763102725,2.379454926624738
POLR3G,0.1928721174004193,0.1069182389937107,2.249475890985325
POLR3GL,0.2389937106918239,0.0041928721174004195,2.50104821802935
POLR3H,0.20754716981132076,0.029350104821802937,2.3438155136268346
POLR3K,0.2389937106918239,0.012578616352201259,2.4339622641509435
POLRMT,0.21174004192872117,0.014675052410901468,2.3647798742138364
POM121,0.2830188679245283,0.0020964360587002098,2.59958071278826
POMC,0.23270440251572327,0.012578616352201259,2.4213836477987423
POMGNT1,0.20545073375262055,0.025157232704402517,2.3438155136268346
POMGNT2,0.2222222222222222,0.0041928721174004195,2.4465408805031448
POMK,0.21593291404612158,0.1509433962264151,2.3270440251572326
POMP,0.2180293501048218,0.03773584905660377,2.3438155136268346
POMT1,0.25157232704402516,0.008385744234800839,2.490566037735849
POMT2,0.2138364779874214,0.023060796645702306,2.3710691823899372
PON1,0.2914046121593291,0.0020964360587002098,2.649895178197065
PON3,0.2914046121593291,0.0020964360587002098,2.647798742138365
POP1,0.3668763102725367,0.0020964360587002098,2.9454926624737947
POP4,0.2180293501048218,0.008385744234800839,2.410901467505241
POP5,0.2389937106918239,0.025157232704402517,2.4255765199161425
POP7,0.2893081761006289,0.006289308176100629,2.6247379454926625
POR,0.27882599580712786,0.0020964360587002098,2.589098532494759
PORCN,0.012578616352201259,0.7756813417190775,1.249475890985325
POT1,0.2620545073375262,0.025157232704402517,2.507337526205451
POU1F1,0.2348008385744235,0.014675052410901468,2.450733752620545
POU2AF1,0.21593291404612158,0.05450733752620545,2.3668763102725365
POU2F1,0.22851153039832284,0.033542976939203356,2.4150943396226414
POU2F2,0.20964360587002095,0.029350104821802937,2.3647798742138364
POU3F2,0.14046121593291405,0.21174004192872117,2.0440251572327046
POU4F1,0.15513626834381553,0.18448637316561844,2.0817610062893084
POU4F2,0.2180293501048218,0.010482180293501049,2.3962264150943398
POU5F1,0.22851153039832284,0.0041928721174004195,2.4234800838574424
PPA1,0.21174004192872117,0.039832285115303984,2.348008385744235
PPA2,0.22012578616352202,0.025157232704402517,2.3815513626834384
PPARA,0.1970649895178197,0.050314465408805034,2.29769392033543
PPARD,0.2222222222222222,0.010482180293501049,2.4046121593291403
PPARG,0.2222222222222222,0.016771488469601678,2.4213836477987423
PPARGC1A,0.2180293501048218,0.033542976939203356,2.3647798742138364
PPARGC1B,0.22431865828092243,0.0041928721174004195,2.4213836477987423
PPAT,0.21593291404612158,0.016771488469601678,2.3878406708595388
PPBP,0.23060796645702306,0.008385744234800839,2.438155136268344
PPCDC,0.20335429769392033,0.020964360587002098,2.356394129979036
PPCS,0.20545073375262055,0.014675052410901468,2.356394129979036
PPFIA1,0.259958071278826,0.0020964360587002098,2.5220125786163523
PPFIA2,0.2389937106918239,0.008385744234800839,2.4779874213836477
PPFIA3,0.21174004192872117,0.010482180293501049,2.40041928721174
PPFIA4,0.24109014675052412,0.0041928721174004195,2.4863731656184487
PPFIBP1,0.20545073375262055,0.06708595387840671,2.331236897274633
PPIA,0.2809224318658281,0.008385744234800839,2.5765199161425576
PPIB,0.20335429769392033,0.012578616352201259,2.360587002096436
PPID,0.2222222222222222,0.010482180293501049,2.39832285115304
PPIE,0.21174004192872117,0.012578616352201259,2.368972746331237
PPIF,0.1949685534591195,0.06708595387840671,2.29979035639413
PPIG,0.1928721174004193,0.05660377358490566,2.30188679245283
PPIH,0.20545073375262055,0.012578616352201259,2.356394129979036
PPIL1,0.2222222222222222,0.0041928721174004195,2.410901467505241
PPIL2,0.21174004192872117,0.027253668763102725,2.350104821802935
PPIL3,0.22012578616352202,0.008385744234800839,2.406708595387841
PPIL4,0.20335429769392033,0.029350104821802937,2.3438155136268346
PPIP5K1,0.1970649895178197,0.03773584905660377,2.3123689727463312
PPIP5K2,0.1761006289308176,0.12159329140461216,2.19706498951782
PPL,0.25157232704402516,0.0,2.461215932914046
PPM1A,0.2222222222222222,0.023060796645702306,2.389937106918239
PPM1B,0.2138364779874214,0.041928721174004195,2.352201257861635
PPM1D,0.22641509433962265,0.012578616352201259,2.4276729559748427
PPM1K,0.22641509433962265,0.018867924528301886,2.39832285115304
PPM1L,0.27253668763102723,0.006289308176100629,2.570230607966457
PPOX,0.23270440251572327,0.029350104821802937,2.440251572327044
PPP1CA,0.2641509433962264,0.0,2.5345911949685536
PPP1CB,0.22851153039832284,0.010482180293501049,2.419287211740042
PPP1CC,0.23270440251572327,0.010482180293501049,2.4360587002096437
PPP1R10,0.22851153039832284,0.0020964360587002098,2.4255765199161425
PPP1R12A,0.23689727463312368,0.006289308176100629,2.4758909853249476
PPP1R12B,0.23689727463312368,0.006289308176100629,2.4716981132075473
PPP1R12C,0.23060796645702306,0.0,2.4360587002096437
PPP1R13B,0.22012578616352202,0.014675052410901468,2.39832285115304
PPP1R13L,0.2138364779874214,0.012578616352201259,2.392033542976939
PPP1R14A,0.22012578616352202,0.008385744234800839,2.408805031446541
PPP1R14B,0.2389937106918239,0.0041928721174004195,2.4716981132075473
PPP1R14C,0.20754716981132076,0.029350104821802937,2.348008385744235
PPP1R14D,0.1970649895178197,0.041928721174004195,2.3207547169811322
PPP1R15A,0.21174004192872117,0.014675052410901468,2.3962264150943398
PPP1R15B,0.24528301886792453,0.0020964360587002098,2.49895178197065
PPP1R16B,0.22641509433962265,0.014675052410901468,2.419287211740042
PPP1R17,0.2914046121593291,0.0041928721174004195,2.643605870020964
PPP1R18,0.22851153039832284,0.0041928721174004195,2.4234800838574424
PPP1R1B,0.21174004192872117,0.031446540880503145,2.438155136268344
PPP1R3A,0.26834381551362685,0.014675052410901468,2.540880503144654
PPP1R3C,0.1719077568134172,0.1111111111111111,2.1865828092243187
PPP1R3D,0.2389937106918239,0.0041928721174004195,2.4654088050314464
PPP1R3E,0.2138364779874214,0.008385744234800839,2.3962264150943398
PPP1R3F,0.012578616352201259,0.7735849056603774,1.2431865828092243
PPP1R7,0.21174004192872117,0.025157232704402517,2.3668763102725365
PPP1R8,0.20545073375262055,0.018867924528301886,2.3459119496855347
PPP1R9A,0.2914046121593291,0.0020964360587002098,2.647798742138365
PPP1R9B,0.22431865828092243,0.006289308176100629,2.4213836477987423
PPP2CA,0.21593291404612158,0.031446540880503145,2.379454926624738
PPP2CB,0.11740041928721175,0.32075471698113206,1.90146750524109
PPP2R1A,0.22641509433962265,0.0020964360587002098,2.429769392033543
PPP2R1B,0.21593291404612158,0.05660377358490566,2.3668763102725365
PPP2R2A,0.08385744234800839,0.39832285115303984,1.740041928721174
PPP2R2B,0.22851153039832284,0.010482180293501049,2.419287211740042
PPP2R2C,0.2180293501048218,0.016771488469601678,2.3941299790356396
PPP2R2D,0.1970649895178197,0.04612159329140461,2.30188679245283
PPP2R3A,0.2746331236897275,0.006289308176100629,2.6163522012578615
PPP2R3B,0.27672955974842767,0.031446540880503145,2.50104821802935
PPP2R3C,0.22431865828092243,0.006289308176100629,2.4171907756813416
PPP2R5A,0.22851153039832284,0.03773584905660377,2.419287211740042
PPP2R5B,0.24109014675052412,0.0020964360587002098,2.4779874213836477
PPP2R5C,0.22431865828092243,0.018867924528301886,2.39832285115304
PPP2R5D,0.22851153039832284,0.006289308176100629,2.4213836477987423
PPP2R5E,0.21174004192872117,0.020964360587002098,2.3731656184486374
PPP3CA,0.22012578616352202,0.016771488469601678,2.39832285115304
PPP3CB,0.1970649895178197,0.041928721174004195,2.3249475890985325
PPP3CC,0.08385744234800839,0.42138364779874216,1.7127882599580713
PPP3R1,0.20964360587002095,0.027253668763102725,2.3647798742138364
PPP4C,0.23060796645702306,0.008385744234800839,2.4213836477987423
PPP4R1,0.21174004192872117,0.050314465408805034,2.3542976939203353
PPP4R2,0.20545073375262055,0.07756813417190776,2.3291404612159328
PPP4R3A,0.22012578616352202,0.029350104821802937,2.3752620545073375
PPP4R3B,0.2222222222222222,0.029350104821802937,2.3752620545073375
PPP4R4,0.2222222222222222,0.023060796645702306,2.3836477987421385
PPP5C,0.21174004192872117,0.016771488469601678,2.3857442348008386
PPP6C,0.259958071278826,0.0020964360587002098,2.5178197064989516
PPP6R1,0.23060796645702306,0.0,2.4360587002096437
PPP6R2,0.20335429769392033,0.041928721174004195,2.3228511530398324
PPP6R3,0.2620545073375262,0.0041928721174004195,2.5241090146750524
PPRC1,0.19077568134171907,0.07756813417190776,2.247379454926625
PPT1,0.21174004192872117,0.010482180293501049,2.3710691823899372
PPT2,0.23270440251572327,0.0041928721174004195,2.4276729559748427
PPTC7,0.23270440251572327,0.010482180293501049,2.4360587002096437
PPWD1,0.1761006289308176,0.1320754716981132,2.188679245283019
PQBP1,0.012578616352201259,0.7735849056603774,1.251572327044025
PRC1,0.21174004192872117,0.006289308176100629,2.3857442348008386
PRCC,0.23270440251572327,0.023060796645702306,2.448637316561845
PRCP,0.24947589098532494,0.0020964360587002098,2.4758909853249476
PRDM1,0.14255765199161424,0.2138364779874214,2.0461215932914047
PRDM14,0.36058700209643607,0.0020964360587002098,2.9182389937106916
PRDM16,0.21174004192872117,0.016771488469601678,2.3626834381551363
PRDM4,0.24109014675052412,0.012578616352201259,2.450733752620545
PRDM6,0.19916142557651992,0.041928721174004195,2.339622641509434
PRDM7,0.14046121593291405,0.22851153039832284,2.008385744234801
PRDM9,0.23689727463312368,0.025157232704402517,2.4821802935010484
PRDX1,0.20754716981132076,0.016771488469601678,2.3542976939203353
PRDX2,0.2138364779874214,0.014675052410901468,2.3773584905660377
PRDX3,0.1949685534591195,0.03773584905660377,2.310272536687631
PRDX4,0.008385744234800839,0.7693920335429769,1.2368972746331237
PRDX5,0.2389937106918239,0.0041928721174004195,2.4716981132075473
PRDX6,0.22012578616352202,0.023060796645702306,2.4255765199161425
PREB,0.22641509433962265,0.008385744234800839,2.4213836477987423
PRELID1,0.22851153039832284,0.0,2.442348008385744
PRELID3A,0.21174004192872117,0.04821802935010482,2.356394129979036
PRELID3B,0.2389937106918239,0.0041928721174004195,2.461215932914046
PRELP,0.2389937106918239,0.0041928721174004195,2.4842767295597485
PREP,0.14465408805031446,0.21174004192872117,2.050314465408805
PREPL,0.2138364779874214,0.039832285115303984,2.352201257861635
PREX1,0.2348008385744235,0.008385744234800839,2.4444444444444446
PRF1,0.20545073375262055,0.039832285115303984,2.3375262054507338
PRG2,0.22641509433962265,0.012578616352201259,2.4213836477987423
PRH2,0.16561844863731656,0.14046121593291405,2.1740041928721174
PRICKLE1,0.22012578616352202,0.006289308176100629,2.4150943396226414
PRICKLE2,0.23060796645702306,0.023060796645702306,2.438155136268344
PRIM1,0.2222222222222222,0.006289308176100629,2.438155136268344
PRIM2,0.22431865828092243,0.006289308176100629,2.408805031446541
PRKAA1,0.23689727463312368,0.006289308176100629,2.4821802935010484
PRKAA2,0.19916142557651992,0.039832285115303984,2.3207547169811322
PRKAB1,0.24737945492662475,0.018867924528301886,2.450733752620545
PRKAB2,0.2431865828092243,0.0041928721174004195,2.50314465408805
PRKACA,0.2180293501048218,0.012578616352201259,2.3857442348008386
PRKACB,0.1949685534591195,0.04821802935010482,2.3060796645702304
PRKACG,0.24109014675052412,0.008385744234800839,2.4633123689727463
PRKAG1,0.21593291404612158,0.0041928721174004195,2.4171907756813416
PRKAG2,0.2662473794549266,0.014675052410901468,2.530398322851153
PRKAG3,0.2222222222222222,0.020964360587002098,2.389937106918239
PRKAR1A,0.2222222222222222,0.014675052410901468,2.4150943396226414
PRKAR1B,0.2746331236897275,0.016771488469601678,2.5534591194968552
PRKAR2A,0.22012578616352202,0.018867924528301886,2.4171907756813416
PRKAR2B,0.2746331236897275,0.016771488469601678,2.5639412997903563
PRKCA,0.23270440251572327,0.010482180293501049,2.4339622641509435
PRKCD,0.2180293501048218,0.018867924528301886,2.4150943396226414
PRKCE,0.2180293501048218,0.03563941299790356,2.3626834381551363
PRKCG,0.23060796645702306,0.0,2.4318658280922434
PRKCH,0.21593291404612158,0.023060796645702306,2.3752620545073375
PRKCI,0.2914046121593291,0.0020964360587002098,2.6352201257861636
PRKCQ,0.22012578616352202,0.025157232704402517,2.368972746331237
PRKCSH,0.2138364779874214,0.010482180293501049,2.379454926624738
PRKCZ,0.21174004192872117,0.014675052410901468,2.3647798742138364
PRKD1,0.2180293501048218,0.0041928721174004195,2.4129979035639413
PRKD2,0.21174004192872117,0.018867924528301886,2.389937106918239
PRKD3,0.2138364779874214,0.039832285115303984,2.360587002096436
PRKDC,0.2851153039832285,0.041928721174004195,2.631027253668763
PRKG1,0.20754716981132076,0.039832285115303984,2.3375262054507338
PRKG2,0.22641509433962265,0.006289308176100629,2.4129979035639413
PRKN,0.1970649895178197,0.039832285115303984,2.3270440251572326
PRKRA,0.20335429769392033,0.0440251572327044,2.3333333333333335
PRKRIP1,0.27672955974842767,0.016771488469601678,2.5870020964360587
PRKX,0.012578616352201259,0.7714884696016772,1.2536687631027255
PRL,0.22851153039832284,0.020964360587002098,2.40041928721174
PRLR,0.23270440251572327,0.018867924528301886,2.4737945492662474
PRM1,0.24737945492662475,0.0041928721174004195,2.457023060796646
PRM2,0.24737945492662475,0.0041928721174004195,2.457023060796646
PRMT1,0.22012578616352202,0.0041928721174004195,2.4213836477987423
PRMT3,0.22851153039832284,0.006289308176100629,2.419287211740042
PRMT5,0.2138364779874214,0.008385744234800839,2.3962264150943398
PRMT6,0.20545073375262055,0.025157232704402517,2.350104821802935
PRMT7,0.16142557651991615,0.15932914046121593,2.1362683438155137
PRMT8,0.1928721174004193,0.07547169811320754,2.310272536687631
PRND,0.2180293501048218,0.03563941299790356,2.3773584905660377
PRNP,0.2180293501048218,0.03563941299790356,2.3773584905660377
PROC,0.1740041928721174,0.07547169811320754,2.241090146750524
PROCR,0.23270440251572327,0.012578616352201259,2.4318658280922434
PRODH,0.19916142557651992,0.031446540880503145,2.3291404612159328
PROKR2,0.2180293501048218,0.03563941299790356,2.3752620545073375
PROM1,0.21593291404612158,0.020964360587002098,2.379454926624738
PROP1,0.22851153039832284,0.0020964360587002098,2.438155136268344
PROS1,0.24528301886792453,0.012578616352201259,2.4675052410901466
PROX1,0.23270440251572327,0.039832285115303984,2.4213836477987423
PROZ,0.1928721174004193,0.07547169811320754,2.2746331236897275
PRPF18,0.21174004192872117,0.041928721174004195,2.348008385744235
PRPF19,0.23270440251572327,0.0041928721174004195,2.450733752620545
PRPF3,0.2557651991614256,0.0,2.5345911949685536
PRPF31,0.23270440251572327,0.0,2.438155136268344
PRPF38A,0.20545073375262055,0.0440251572327044,2.3207547169811322
PRPF38B,0.20754716981132076,0.031446540880503145,2.3459119496855347
PRPF39,0.22431865828092243,0.0041928721174004195,2.4150943396226414
PRPF4,0.259958071278826,0.0,2.507337526205451
PRPF40A,0.1928721174004193,0.0649895178197065,2.3039832285115303
PRPF40B,0.21593291404612158,0.0020964360587002098,2.419287211740042
PRPF6,0.24109014675052412,0.006289308176100629,2.457023060796646
PRPF8,0.16142557651991615,0.07756813417190776,2.2054507337526204
PRPH2,0.22641509433962265,0.008385744234800839,2.4150943396226414
PRPS1,0.006289308176100629,0.779874213836478,1.2222222222222223
PRPSAP1,0.23060796645702306,0.020964360587002098,2.419287211740042
PRPSAP2,0.1970649895178197,0.03773584905660377,2.3291404612159328
PRRC1,0.20964360587002095,0.033542976939203356,2.360587002096436
PRRT2,0.23270440251572327,0.010482180293501049,2.4234800838574424
PRSS1,0.2914046121593291,0.012578616352201259,2.60167714884696
PRSS21,0.24947589098532494,0.0041928721174004195,2.4675052410901466
PRSS23,0.24528301886792453,0.010482180293501049,2.469601677148847
PRSS3,0.2222222222222222,0.014675052410901468,2.4318658280922434
PRTN3,0.2138364779874214,0.014675052410901468,2.3668763102725365
PRUNE1,0.2557651991614256,0.0,2.5345911949685536
PSAP,0.19916142557651992,0.03773584905660377,2.3270440251572326
PSAT1,0.24737945492662475,0.018867924528301886,2.457023060796646
PSCA,0.33962264150943394,0.020964360587002098,2.7756813417190775
PSD,0.19077568134171907,0.06918238993710692,2.2557651991614254
PSEN1,0.21593291404612158,0.023060796645702306,2.3752620545073375
PSEN2,0.22431865828092243,0.05660377358490566,2.3878406708595388
PSENEN,0.21593291404612158,0.0041928721174004195,2.406708595387841
PSG1,0.20964360587002095,0.025157232704402517,2.3710691823899372
PSG11,0.20964360587002095,0.025157232704402517,2.368972746331237
PSG3,0.20964360587002095,0.027253668763102725,2.368972746331237
PSG4,0.20964360587002095,0.025157232704402517,2.368972746331237
PSG5,0.20964360587002095,0.025157232704402517,2.368972746331237
PSG6,0.20964360587002095,0.025157232704402517,2.3710691823899372
PSG8,0.20964360587002095,0.025157232704402517,2.3710691823899372
PSG9,0.20964360587002095,0.025157232704402517,2.368972746331237
PSIP1,0.2138364779874214,0.027253668763102725,2.392033542976939
PSMA1,0.22641509433962265,0.0041928721174004195,2.419287211740042
PSMA2,0.27882599580712786,0.0020964360587002098,2.591194968553459
PSMA3,0.22012578616352202,0.006289308176100629,2.40041928721174
PSMA4,0.20545073375262055,0.010482180293501049,2.3710691823899372
PSMA5,0.20754716981132076,0.029350104821802937,2.3459119496855347
PSMA6,0.22431865828092243,0.006289308176100629,2.4171907756813416
PSMA7,0.24109014675052412,0.0041928721174004195,2.457023060796646
PSMB1,0.20335429769392033,0.03773584905660377,2.3375262054507338
PSMB10,0.16352201257861634,0.15513626834381553,2.1446540880503147
PSMB11,0.21174004192872117,0.008385744234800839,2.392033542976939
PSMB2,0.20335429769392033,0.012578616352201259,2.3542976939203353
PSMB3,0.21174004192872117,0.031446540880503145,2.358490566037736
PSMB4,0.25157232704402516,0.0,2.5345911949685536
PSMB5,0.21174004192872117,0.008385744234800839,2.392033542976939
PSMB6,0.15723270440251572,0.09014675052410902,2.1823899371069184
PSMB7,0.2578616352201258,0.0020964360587002098,2.5136268343815513
PSMB8,0.22851153039832284,0.006289308176100629,2.4171907756813416
PSMB9,0.22851153039832284,0.006289308176100629,2.4171907756813416
PSMC1,0.21593291404612158,0.025157232704402517,2.3773584905660377
PSMC2,0.2809224318658281,0.012578616352201259,2.60167714884696
PSMC3,0.2180293501048218,0.050314465408805034,2.3647798742138364
PSMC4,0.21174004192872117,0.012578616352201259,2.392033542976939
PSMC5,0.22851153039832284,0.010482180293501049,2.4255765199161425
PSMC6,0.22641509433962265,0.0041928721174004195,2.4171907756813416
PSMD1,0.2180293501048218,0.016771488469601678,2.3878406708595388
PSMD10,0.006289308176100629,0.779874213836478,1.2243186582809225
PSMD11,0.20754716981132076,0.023060796645702306,2.360587002096436
PSMD12,0.23060796645702306,0.010482180293501049,2.429769392033543
PSMD13,0.23060796645702306,0.012578616352201259,2.410901467505241
PSMD14,0.18658280922431866,0.05660377358490566,2.2955974842767297
PSMD2,0.25157232704402516,0.010482180293501049,2.490566037735849
PSMD3,0.20964360587002095,0.039832285115303984,2.4276729559748427
PSMD4,0.25366876310272535,0.0,2.5366876310272537
PSMD5,0.25157232704402516,0.008385744234800839,2.49895178197065
PSMD6,0.22851153039832284,0.023060796645702306,2.4339622641509435
PSMD7,0.1488469601677149,0.24947589098532494,2.018867924528302
PSMD8,0.22012578616352202,0.008385744234800839,2.408805031446541
PSMD9,0.23689727463312368,0.027253668763102725,2.4318658280922434
PSME1,0.2180293501048218,0.006289308176100629,2.406708595387841
PSME2,0.2180293501048218,0.006289308176100629,2.406708595387841
PSME3,0.20545073375262055,0.06708595387840671,2.308176100628931
PSME4,0.2222222222222222,0.025157232704402517,2.3857442348008386
PSMF1,0.22012578616352202,0.03563941299790356,2.3878406708595388
PSMG1,0.16771488469601678,0.18448637316561844,2.1362683438155137
PSMG2,0.2138364779874214,0.04821802935010482,2.358490566037736
PSPC1,0.2138364779874214,0.033542976939203356,2.368972746331237
PSPH,0.2809224318658281,0.006289308176100629,2.5765199161425576
PSPN,0.2138364779874214,0.014675052410901468,2.3815513626834384
PSRC1,0.20754716981132076,0.029350104821802937,2.3459119496855347
PSTPIP1,0.20754716981132076,0.012578616352201259,2.3710691823899372
PSTPIP2,0.1719077568134172,0.11740041928721175,2.20125786163522
PTAFR,0.20545073375262055,0.020964360587002098,2.3438155136268346
PTBP1,0.21174004192872117,0.014675052410901468,2.3647798742138364
PTBP2,0.20335429769392033,0.050314465408805034,2.3123689727463312
PTCD3,0.22641509433962265,0.018867924528301886,2.40041928721174
PTCH1,0.259958071278826,0.014675052410901468,2.5241090146750524
PTCH2,0.20964360587002095,0.012578616352201259,2.360587002096436
PTCRA,0.22641509433962265,0.008385744234800839,2.4150943396226414
PTDSS1,0.3689727463312369,0.008385744234800839,2.9287211740041927
PTDSS2,0.23060796645702306,0.012578616352201259,2.410901467505241
PTEN,0.13836477987421383,0.23689727463312368,1.90146750524109
PTF1A,0.2138364779874214,0.031446540880503145,2.379454926624738
PTGDR,0.22641509433962265,0.0041928721174004195,2.4150943396226414
PTGDR2,0.23270440251572327,0.0041928721174004195,2.450733752620545
PTGDS,0.25366876310272535,0.0,2.5136268343815513
PTGER1,0.2180293501048218,0.010482180293501049,2.389937106918239
PTGER2,0.22641509433962265,0.0041928721174004195,2.4150943396226414
PTGER3,0.20335429769392033,0.033542976939203356,2.3186582809224316
PTGER4,0.23689727463312368,0.008385744234800839,2.480083857442348
PTGES,0.25157232704402516,0.0041928721174004195,2.50104821802935
PTGES2,0.2620545073375262,0.0,2.5366876310272537
PTGES3,0.2222222222222222,0.0041928721174004195,2.440251572327044
PTGES3L-AARSD1,0.20545073375262055,0.06289308176100629,2.3123689727463312
PTGFR,0.1970649895178197,0.05660377358490566,2.2955974842767297
PTGFRN,0.22012578616352202,0.016771488469601678,2.408805031446541
PTGIR,0.21174004192872117,0.016771488469601678,2.3857442348008386
PTGIS,0.2348008385744235,0.008385744234800839,2.4549266247379453
PTGS1,0.2578616352201258,0.0020964360587002098,2.5136268343815513
PTGS2,0.22641509433962265,0.014675052410901468,2.438155136268344
PTH,0.22641509433962265,0.006289308176100629,2.4150943396226414
PTH1R,0.21593291404612158,0.020964360587002098,2.4129979035639413
PTH2R,0.2222222222222222,0.010482180293501049,2.40251572327044
PTHLH,0.20335429769392033,0.06918238993710692,2.3270440251572326
PTK2,0.3417190775681342,0.023060796645702306,2.7861635220125787
PTK2B,0.09643605870020965,0.38784067085953877,1.7840670859538783
PTK6,0.24109014675052412,0.0041928721174004195,2.459119496855346
PTMA,0.2180293501048218,0.018867924528301886,2.3857442348008386
PTN,0.2746331236897275,0.008385744234800839,2.561844863731656
PTOV1,0.2180293501048218,0.008385744234800839,2.4150943396226414
PTP4A3,0.33962264150943394,0.020964360587002098,2.7861635220125787
PTPA,0.2578616352201258,0.0020964360587002098,2.507337526205451
PTPMT1,0.2180293501048218,0.050314465408805034,2.3647798742138364
PTPN1,0.2389937106918239,0.006289308176100629,2.459119496855346
PTPN11,0.2348008385744235,0.012578616352201259,2.4360587002096437
PTPN12,0.27882599580712786,0.006289308176100629,2.59958071278826
PTPN13,0.22641509433962265,0.016771488469601678,2.39832285115304
PTPN14,0.23270440251572327,0.041928721174004195,2.4234800838574424
PTPN18,0.17819706498951782,0.07547169811320754,2.2452830188679247
PTPN2,0.2138364779874214,0.050314465408805034,2.356394129979036
PTPN21,0.21593291404612158,0.020964360587002098,2.3815513626834384
PTPN22,0.21174004192872117,0.029350104821802937,2.3626834381551363
PTPN23,0.21593291404612158,0.027253668763102725,2.406708595387841
PTPN3,0.25366876310272535,0.0,2.4947589098532497
PTPN4,0.18448637316561844,0.06079664570230608,2.270440251572327
PTPN5,0.23270440251572327,0.0020964360587002098,2.4276729559748427
PTPN6,0.17819706498951782,0.07966457023060797,2.2725366876310273
PTPN7,0.23689727463312368,0.008385744234800839,2.4675052410901466
PTPN9,0.20335429769392033,0.016771488469601678,2.358490566037736
PTPRB,0.24109014675052412,0.0,2.4737945492662474
PTPRC,0.23689727463312368,0.010482180293501049,2.459119496855346
PTPRCAP,0.2641509433962264,0.0,2.5345911949685536
PTPRD,0.2138364779874214,0.029350104821802937,2.392033542976939
PTPRE,0.1970649895178197,0.04612159329140461,2.3060796645702304
PTPRF,0.20754716981132076,0.014675052410901468,2.356394129979036
PTPRJ,0.2222222222222222,0.04821802935010482,2.3710691823899372
PTPRK,0.2138364779874214,0.041928721174004195,2.341719077568134
PTPRM,0.20964360587002095,0.05450733752620545,2.348008385744235
PTPRN,0.22012578616352202,0.020964360587002098,2.3857442348008386
PTPRN2,0.2641509433962264,0.016771488469601678,2.5324947589098534
PTPRO,0.18448637316561844,0.10272536687631027,2.262054507337526
PTPRR,0.24109014675052412,0.0,2.4737945492662474
PTPRU,0.20335429769392033,0.020964360587002098,2.3438155136268346
PTPRZ1,0.27253668763102723,0.012578616352201259,2.547169811320755
PTRH2,0.2180293501048218,0.014675052410901468,2.40251572327044
PTS,0.20964360587002095,0.05870020964360587,2.350104821802935
PTTG1,0.23270440251572327,0.008385744234800839,2.4360587002096437
PTX3,0.2746331236897275,0.006289308176100629,2.561844863731656
PUF60,0.33752620545073375,0.020964360587002098,2.779874213836478
PUM1,0.2138364779874214,0.016771488469601678,2.358490566037736
PUM2,0.22431865828092243,0.006289308176100629,2.4171907756813416
PUM3,0.20754716981132076,0.039832285115303984,2.350104821802935
PURA,0.22641509433962265,0.010482180293501049,2.4150943396226414
PURB,0.2809224318658281,0.006289308176100629,2.5786163522012577
PUS1,0.21593291404612158,0.03773584905660377,2.368972746331237
PVR,0.2138364779874214,0.012578616352201259,2.389937106918239
PWP1,0.24109014675052412,0.010482180293501049,2.452830188679245
PWP2,0.2180293501048218,0.033542976939203356,2.389937106918239
PXN,0.2431865828092243,0.025157232704402517,2.4339622641509435
PYCARD,0.22851153039832284,0.010482180293501049,2.4171907756813416
PYCR1,0.22641509433962265,0.008385744234800839,2.4234800838574424
PYCR2,0.2222222222222222,0.05870020964360587,2.3773584905660377
PYDC1,0.22851153039832284,0.010482180293501049,2.4171907756813416
PYGB,0.22012578616352202,0.020964360587002098,2.4129979035639413
PYGL,0.22641509433962265,0.0041928721174004195,2.408805031446541
PYGM,0.24109014675052412,0.0041928721174004195,2.4737945492662474
PYGO1,0.19916142557651992,0.029350104821802937,2.3270440251572326
PYGO2,0.259958071278826,0.0041928721174004195,2.5157232704402515
PYM1,0.22431865828092243,0.006289308176100629,2.450733752620545
PYY,0.19077568134171907,0.12578616352201258,2.2222222222222223
QDPR,0.21593291404612158,0.025157232704402517,2.368972746331237
QKI,0.1970649895178197,0.04612159329140461,2.3228511530398324
QPCT,0.21593291404612158,0.039832285115303984,2.3647798742138364
QPRT,0.23270440251572327,0.010482180293501049,2.4255765199161425
QRFPR,0.20964360587002095,0.039832285115303984,2.348008385744235
QRSL1,0.14465408805031446,0.21593291404612158,2.0461215932914047
QSOX1,0.22641509433962265,0.012578616352201259,2.440251572327044
QTRT1,0.2138364779874214,0.008385744234800839,2.3815513626834384
QTRT2,0.24109014675052412,0.023060796645702306,2.461215932914046
RAB10,0.23060796645702306,0.014675052410901468,2.4171907756813416
RAB11A,0.20545073375262055,0.014675052410901468,2.358490566037736
RAB11B,0.2138364779874214,0.008385744234800839,2.3815513626834384
RAB11FIP1,0.18448637316561844,0.2222222222222222,2.1656184486373165
RAB11FIP2,0.1949685534591195,0.041928721174004195,2.3039832285115303
RAB11FIP3,0.2431865828092243,0.012578616352201259,2.4444444444444446
RAB11FIP4,0.20545073375262055,0.029350104821802937,2.352201257861635
RAB11FIP5,0.2138364779874214,0.023060796645702306,2.3731656184486374
RAB13,0.2578616352201258,0.0,2.5241090146750524
RAB14,0.25366876310272535,0.0041928721174004195,2.530398322851153
RAB15,0.2138364779874214,0.016771488469601678,2.3773584905660377
RAB17,0.21174004192872117,0.023060796645702306,2.3668763102725365
RAB18,0.2180293501048218,0.029350104821802937,2.3731656184486374
RAB1A,0.21593291404612158,0.027253668763102725,2.3773584905660377
RAB1B,0.259958071278826,0.0020964360587002098,2.5136268343815513
RAB21,0.24109014675052412,0.0020964360587002098,2.4716981132075473
RAB22A,0.2389937106918239,0.0041928721174004195,2.461215932914046
RAB23,0.2222222222222222,0.012578616352201259,2.39832285115304
RAB24,0.22851153039832284,0.0,2.442348008385744
RAB25,0.23689727463312368,0.016771488469601678,2.461215932914046
RAB27A,0.19916142557651992,0.029350104821802937,2.3270440251572326
RAB27B,0.16771488469601678,0.13417190775681342,2.169811320754717
RAB29,0.24528301886792453,0.012578616352201259,2.4779874213836477
RAB2A,0.3018867924528302,0.033542976939203356,2.70020964360587
RAB2B,0.20754716981132076,0.012578616352201259,2.3773584905660377
RAB30,0.25157232704402516,0.0020964360587002098,2.4758909853249476
RAB31,0.20964360587002095,0.050314465408805034,2.352201257861635
RAB32,0.19916142557651992,0.025157232704402517,2.3375262054507338
RAB33A,0.010482180293501049,0.779874213836478,1.2348008385744236
RAB33B,0.2222222222222222,0.016771488469601678,2.389937106918239
RAB34,0.20964360587002095,0.016771488469601678,2.368972746331237
RAB35,0.24737945492662475,0.020964360587002098,2.4444444444444446
RAB36,0.20754716981132076,0.023060796645702306,2.350104821802935
RAB37,0.23060796645702306,0.014675052410901468,2.4234800838574424
RAB39B,0.014675052410901468,0.7735849056603774,1.2452830188679245
RAB3A,0.22012578616352202,0.0,2.4150943396226414
RAB3B,0.20335429769392033,0.041928721174004195,2.3228511530398324
RAB3C,0.18029350104821804,0.11949685534591195,2.2054507337526204
RAB3D,0.2138364779874214,0.012578616352201259,2.3773584905660377
RAB3GAP1,0.16142557651991615,0.09224318658280922,2.20335429769392
RAB3GAP2,0.22641509433962265,0.04612159329140461,2.410901467505241
RAB3IP,0.2431865828092243,0.0,2.480083857442348
RAB40A,0.006289308176100629,0.779874213836478,1.2243186582809225
RAB40AL,0.006289308176100629,0.779874213836478,1.2264150943396226
RAB40B,0.22851153039832284,0.008385744234800839,2.4633123689727463
RAB40C,0.2389937106918239,0.012578616352201259,2.4360587002096437
RAB43,0.2746331236897275,0.012578616352201259,2.591194968553459
RAB4A,0.22431865828092243,0.0649895178197065,2.3731656184486374
RAB4B,0.21174004192872117,0.014675052410901468,2.3878406708595388
RAB5A,0.22431865828092243,0.010482180293501049,2.4360587002096437
RAB5B,0.22431865828092243,0.006289308176100629,2.450733752620545
RAB5C,0.20754716981132076,0.0649895178197065,2.3060796645702304
RAB6A,0.25366876310272535,0.0020964360587002098,2.490566037735849
RAB6B,0.27253668763102723,0.006289308176100629,2.5765199161425576
RAB7A,0.27253668763102723,0.012578616352201259,2.5681341719077566
RAB7B,0.24109014675052412,0.016771488469601678,2.4716981132075473
RAB8A,0.22012578616352202,0.0020964360587002098,2.408805031446541
RAB9A,0.010482180293501049,0.7735849056603774,1.249475890985325
RABEP1,0.15513626834381553,0.1069182389937107,2.1635220125786163
RABEPK,0.259958071278826,0.0,2.519916142557652
RABGAP1,0.2578616352201258,0.0020964360587002098,2.538784067085954
RAC1,0.27882599580712786,0.010482180293501049,2.5681341719077566
RAC2,0.21593291404612158,0.020964360587002098,2.3668763102725365
RAC3,0.22641509433962265,0.008385744234800839,2.4234800838574424
RACGAP1,0.21593291404612158,0.0020964360587002098,2.4234800838574424
RACK1,0.22851153039832284,0.0041928721174004195,2.4339622641509435
RAD1,0.2348008385744235,0.020964360587002098,2.4737945492662474
RAD17,0.16352201257861634,0.13626834381551362,2.161425576519916
RAD18,0.2180293501048218,0.03563941299790356,2.389937106918239
RAD21,0.3689727463312369,0.0041928721174004195,2.893081761006289
RAD21L1,0.22012578616352202,0.03563941299790356,2.3836477987421385
RAD23A,0.2138364779874214,0.014675052410901468,2.3773584905660377
RAD23B,0.2578616352201258,0.0,2.50104821802935
RAD50,0.2138364779874214,0.031446540880503145,2.3752620545073375
RAD51,0.1970649895178197,0.041928721174004195,2.3207547169811322
RAD51AP1,0.18867924528301888,0.07547169811320754,2.3039832285115303
RAD51B,0.20964360587002095,0.025157232704402517,2.358490566037736
RAD51C,0.21593291404612158,0.014675052410901468,2.392033542976939
RAD51D,0.20964360587002095,0.029350104821802937,2.352201257861635
RAD52,0.19077568134171907,0.07547169811320754,2.30188679245283
RAD54B,0.36268343815513626,0.014675052410901468,2.9245283018867925
RAD54L,0.20545073375262055,0.025157232704402517,2.3438155136268346
RAD9A,0.2641509433962264,0.0,2.5345911949685536
RAD9B,0.23270440251572327,0.010482180293501049,2.4360587002096437
RAE1,0.2389937106918239,0.006289308176100629,2.469601677148847
RAET1E,0.20754716981132076,0.027253668763102725,2.350104821802935
RAET1G,0.20754716981132076,0.027253668763102725,2.350104821802935
RAF1,0.2222222222222222,0.014675052410901468,2.4276729559748427
RAG1,0.23060796645702306,0.025157232704402517,2.4046121593291403
RAI1,0.19077568134171907,0.04821802935010482,2.293501048218029
RAI14,0.23270440251572327,0.020964360587002098,2.469601677148847
RALA,0.28721174004192873,0.0020964360587002098,2.6037735849056602
RALB,0.18448637316561844,0.06289308176100629,2.2683438155136266
RALBP1,0.20964360587002095,0.050314465408805034,2.350104821802935
RALGAPA2,0.2138364779874214,0.023060796645702306,2.39832285115304
RALGAPB,0.22851153039832284,0.014675052410901468,2.4255765199161425
RALGDS,0.2557651991614256,0.0020964360587002098,2.5241090146750524
RALGPS2,0.23270440251572327,0.016771488469601678,2.442348008385744
RALY,0.2389937106918239,0.010482180293501049,2.442348008385744
RAMP1,0.21174004192872117,0.025157232704402517,2.3647798742138364
RAMP2,0.20335429769392033,0.06708595387840671,2.3060796645702304
RAMP3,0.2809224318658281,0.0041928721174004195,2.580712788259958
RAN,0.2180293501048218,0.039832285115303984,2.3710691823899372
RANBP1,0.20754716981132076,0.029350104821802937,2.3438155136268346
RANBP10,0.16352201257861634,0.15513626834381553,2.146750524109015
RANBP2,0.21174004192872117,0.016771488469601678,2.3731656184486374
RANBP3,0.21174004192872117,0.012578616352201259,2.3773584905660377
RANBP6,0.20964360587002095,0.03563941299790356,2.3647798742138364
RANBP9,0.22431865828092243,0.010482180293501049,2.40251572327044
RANGAP1,0.21174004192872117,0.023060796645702306,2.358490566037736
RANGRF,0.13417190775681342,0.12578616352201258,2.1048218029350103
RAP1A,0.20964360587002095,0.03563941299790356,2.350104821802935
RAP1B,0.23689727463312368,0.006289308176100629,2.459119496855346
RAP1GAP,0.20754716981132076,0.027253668763102725,2.339622641509434
RAP1GAP2,0.16142557651991615,0.07756813417190776,2.2054507337526204
RAP2A,0.18238993710691823,0.09643605870020965,2.2368972746331237
RAP2B,0.2746331236897275,0.010482180293501049,2.5660377358490565
RAP2C,0.010482180293501049,0.779874213836478,1.2348008385744236
RAPGEF1,0.25157232704402516,0.008385744234800839,2.490566037735849
RAPGEF2,0.22012578616352202,0.008385744234800839,2.39832285115304
RAPGEF3,0.2138364779874214,0.012578616352201259,2.39832285115304
RAPGEF4,0.19916142557651992,0.050314465408805034,2.3123689727463312
RAPGEF5,0.2914046121593291,0.006289308176100629,2.6142557651991614
RAPGEF6,0.21593291404612158,0.025157232704402517,2.3836477987421385
RAPH1,0.2180293501048218,0.010482180293501049,2.40251572327044
RAPSN,0.2180293501048218,0.050314465408805034,2.3647798742138364
RARA,0.21174004192872117,0.039832285115303984,2.3459119496855347
RARB,0.2222222222222222,0.023060796645702306,2.4213836477987423
RARG,0.22851153039832284,0.0020964360587002098,2.442348008385744
RARRES2,0.27044025157232704,0.008385744234800839,2.542976939203354
RARS2,0.13417190775681342,0.2620545073375262,1.9811320754716981
RASA1,0.1928721174004193,0.09014675052410902,2.2746331236897275
RASA2,0.27253668763102723,0.010482180293501049,2.59748427672956
RASA3,0.1928721174004193,0.06918238993710692,2.280922431865828
RASA4,0.27882599580712786,0.014675052410901468,2.5953878406708597
RASAL1,0.23689727463312368,0.014675052410901468,2.438155136268344
RASAL2,0.23060796645702306,0.016771488469601678,2.440251572327044
RASAL3,0.22012578616352202,0.0020964360587002098,2.410901467505241
RASD1,0.18867924528301888,0.04821802935010482,2.291404612159329
RASD2,0.21174004192872117,0.025157232704402517,2.356394129979036
RASGRF1,0.20754716981132076,0.010482180293501049,2.3731656184486374
RASGRF2,0.18658280922431866,0.07337526205450734,2.2746331236897275
RASGRP1,0.1949685534591195,0.03773584905660377,2.3228511530398324
RASGRP2,0.24109014675052412,0.0041928721174004195,2.4737945492662474
RASGRP3,0.22431865828092243,0.033542976939203356,2.3962264150943398
RASGRP4,0.22012578616352202,0.008385744234800839,2.408805031446541
RASIP1,0.21174004192872117,0.014675052410901468,2.3962264150943398
RASL10A,0.1949685534591195,0.03563941299790356,2.3165618448637315
RASSF1,0.2222222222222222,0.016771488469601678,2.4255765199161425
RASSF2,0.2180293501048218,0.03563941299790356,2.3773584905660377
RASSF5,0.24109014675052412,0.014675052410901468,2.4737945492662474
RAX2,0.20754716981132076,0.025157232704402517,2.356394129979036
RB1,0.1111111111111111,0.3018867924528302,1.8763102725366876
RB1CC1,0.3060796645702306,0.031446540880503145,2.691823899371069
RBBP4,0.21593291404612158,0.014675052410901468,2.3647798742138364
RBBP5,0.24737945492662475,0.0020964360587002098,2.490566037735849
RBBP6,0.2348008385744235,0.014675052410901468,2.429769392033543
RBBP7,0.014675052410901468,0.7610062893081762,1.2683438155136268
RBBP8,0.18448637316561844,0.07547169811320754,2.2683438155136266
RBBP9,0.20964360587002095,0.027253668763102725,2.379454926624738
RBCK1,0.2180293501048218,0.033542976939203356,2.3878406708595388
RBFOX1,0.2578616352201258,0.0020964360587002098,2.4758909853249476
RBFOX2,0.2138364779874214,0.025157232704402517,2.3626834381551363
RBL1,0.22641509433962265,0.018867924528301886,2.4234800838574424
RBL2,0.1740041928721174,0.13417190775681342,2.180293501048218
RBM10,0.012578616352201259,0.7756813417190775,1.249475890985325
RBM12,0.23270440251572327,0.012578616352201259,2.4339622641509435
RBM14,0.2620545073375262,0.0,2.5136268343815513
RBM15,0.20335429769392033,0.03773584905660377,2.3375262054507338
RBM15B,0.2222222222222222,0.016771488469601678,2.4255765199161425
RBM17,0.2180293501048218,0.027253668763102725,2.3668763102725365
RBM19,0.2348008385744235,0.016771488469601678,2.4318658280922434
RBM22,0.2222222222222222,0.0041928721174004195,2.4171907756813416
RBM23,0.2138364779874214,0.008385744234800839,2.3962264150943398
RBM24,0.22641509433962265,0.006289308176100629,2.410901467505241
RBM25,0.21593291404612158,0.023060796645702306,2.3752620545073375
RBM28,0.2662473794549266,0.020964360587002098,2.519916142557652
RBM34,0.22851153039832284,0.07337526205450734,2.3752620545073375
RBM38,0.2389937106918239,0.0041928721174004195,2.4716981132075473
RBM39,0.23270440251572327,0.012578616352201259,2.4339622641509435
RBM4,0.2620545073375262,0.0,2.5136268343815513
RBM42,0.2180293501048218,0.0041928721174004195,2.408805031446541
RBM45,0.20125786163522014,0.041928721174004195,2.3291404612159328
RBM4B,0.2620545073375262,0.0,2.5136268343815513
RBM5,0.22431865828092243,0.014675052410901468,2.4318658280922434
RBM8A,0.2389937106918239,0.0041928721174004195,2.50104821802935
RBMX,0.010482180293501049,0.7777777777777778,1.2368972746331237
RBP2,0.2746331236897275,0.010482180293501049,2.607966457023061
RBP4,0.17819706498951782,0.10062893081761007,2.2054507337526204
RBP5,0.17819706498951782,0.07756813417190776,2.2746331236897275
RBPJ,0.21593291404612158,0.0440251572327044,2.348008385744235
RBPJL,0.23270440251572327,0.008385744234800839,2.4716981132075473
RBPMS,0.11530398322851153,0.3270440251572327,1.8888888888888888
RBSN,0.22012578616352202,0.010482180293501049,2.4318658280922434
RBX1,0.21174004192872117,0.023060796645702306,2.358490566037736
RC3H1,0.22012578616352202,0.025157232704402517,2.4213836477987423
RCAN1,0.22012578616352202,0.023060796645702306,2.406708595387841
RCC1,0.20335429769392033,0.020964360587002098,2.341719077568134
RCC2,0.20125786163522014,0.029350104821802937,2.331236897274633
RCCD1,0.21174004192872117,0.006289308176100629,2.3857442348008386
RCE1,0.2620545073375262,0.0,2.5283018867924527
RCHY1,0.23060796645702306,0.0041928721174004195,2.4318658280922434
RCL1,0.20964360587002095,0.03773584905660377,2.360587002096436
RCN1,0.23060796645702306,0.023060796645702306,2.408805031446541
RCOR1,0.22012578616352202,0.016771488469601678,2.3962264150943398
RCOR2,0.2389937106918239,0.0041928721174004195,2.4654088050314464
RCOR3,0.22641509433962265,0.031446540880503145,2.4318658280922434
RCSD1,0.22851153039832284,0.029350104821802937,2.410901467505241
RDH10,0.3584905660377358,0.0020964360587002098,2.9224318658280923
RDH11,0.20964360587002095,0.020964360587002098,2.3668763102725365
RDH13,0.23060796645702306,0.0,2.4360587002096437
RDH14,0.2222222222222222,0.010482180293501049,2.4046121593291403
RDH5,0.22641509433962265,0.006289308176100629,2.457023060796646
REC8,0.2180293501048218,0.006289308176100629,2.406708595387841
RECK,0.22641509433962265,0.010482180293501049,2.442348008385744
RECQL,0.18867924528301888,0.08385744234800839,2.2830188679245285
RECQL4,0.33752620545073375,0.025157232704402517,2.7651991614255764
RECQL5,0.23270440251572327,0.016771488469601678,2.4255765199161425
REEP1,0.22641509433962265,0.018867924528301886,2.3962264150943398
REEP2,0.2222222222222222,0.018867924528301886,2.40041928721174
REEP3,0.20964360587002095,0.0440251572327044,2.350104821802935
REEP4,0.0859538784067086,0.42138364779874216,1.719077568134172
REEP5,0.1949685534591195,0.07547169811320754,2.291404612159329
REEP6,0.2138364779874214,0.025157232704402517,2.3542976939203353
REG1A,0.21593291404612158,0.020964360587002098,2.3941299790356396
REG1B,0.21593291404612158,0.020964360587002098,2.3941299790356396
REG3A,0.21593291404612158,0.023060796645702306,2.392033542976939
REL,0.21174004192872117,0.039832285115303984,2.356394129979036
RELA,0.2557651991614256,0.0020964360587002098,2.5052410901467503
RELB,0.2138364779874214,0.012578616352201259,2.392033542976939
RELN,0.2809224318658281,0.014675052410901468,2.59748427672956
RELT,0.25157232704402516,0.0020964360587002098,2.488469601677149
REN,0.24528301886792453,0.0020964360587002098,2.49895178197065
REP15,0.20545073375262055,0.06708595387840671,2.3291404612159328
REPIN1,0.27044025157232704,0.008385744234800839,2.542976939203354
REPS1,0.2138364779874214,0.020964360587002098,2.3647798742138364
REPS2,0.014675052410901468,0.7631027253668763,1.2641509433962264
RER1,0.21593291404612158,0.018867924528301886,2.3668763102725365
RERE,0.20335429769392033,0.031446540880503145,2.331236897274633
REST,0.22012578616352202,0.016771488469601678,2.3941299790356396
RET,0.2138364779874214,0.039832285115303984,2.350104821802935
RETN,0.21593291404612158,0.014675052410901468,2.3773584905660377
RETREG1,0.23060796645702306,0.010482180293501049,2.4821802935010484
RETSAT,0.22431865828092243,0.014675052410901468,2.40251572327044
REV1,0.22012578616352202,0.006289308176100629,2.408805031446541
REV3L,0.1509433962264151,0.20125786163522014,2.079664570230608
REXO1,0.20964360587002095,0.033542976939203356,2.339622641509434
REXO2,0.20125786163522014,0.07547169811320754,2.30188679245283
REXO4,0.2578616352201258,0.0020964360587002098,2.5262054507337526
REXO5,0.2348008385744235,0.006289308176100629,2.440251572327044
RFC1,0.2138364779874214,0.03563941299790356,2.3626834381551363
RFC2,0.2809224318658281,0.0,2.5953878406708597
RFC3,0.16981132075471697,0.13417190775681342,2.1677148846960166
RFC4,0.25157232704402516,0.014675052410901468,2.4821802935010484
RFC5,0.25157232704402516,0.018867924528301886,2.461215932914046
RFFL,0.20964360587002095,0.029350104821802937,2.352201257861635
RFK,0.2431865828092243,0.016771488469601678,2.450733752620545
RFT1,0.2180293501048218,0.018867924528301886,2.4150943396226414
RFWD3,0.1488469601677149,0.24947589098532494,2.0167714884696015
RFX2,0.2138364779874214,0.014675052410901468,2.3773584905660377
RFX3,0.20964360587002095,0.039832285115303984,2.358490566037736
RFX5,0.25157232704402516,0.0,2.5345911949685536
RFX6,0.16142557651991615,0.1719077568134172,2.1174004192872116
RFX7,0.19916142557651992,0.029350104821802937,2.3207547169811322
RFXANK,0.2222222222222222,0.0,2.4171907756813416
RFXAP,0.1509433962264151,0.1928721174004193,2.0733752620545074
RGCC,0.12578616352201258,0.27672955974842767,1.9245283018867925
RGMA,0.21174004192872117,0.008385744234800839,2.3878406708595388
RGMB,0.16771488469601678,0.1509433962264151,2.129979035639413
RGPD8,0.20335429769392033,0.023060796645702306,2.3542976939203353
RGR,0.18448637316561844,0.09853249475890985,2.2348008385744236
RGS1,0.22641509433962265,0.031446540880503145,2.419287211740042
RGS10,0.1928721174004193,0.03773584905660377,2.3060796645702304
RGS11,0.24109014675052412,0.012578616352201259,2.442348008385744
RGS12,0.21593291404612158,0.018867924528301886,2.3815513626834384
RGS13,0.22431865828092243,0.031446540880503145,2.4171907756813416
RGS14,0.22851153039832284,0.0,2.442348008385744
RGS16,0.23270440251572327,0.012578616352201259,2.4444444444444446
RGS17,0.20754716981132076,0.029350104821802937,2.352201257861635
RGS18,0.22641509433962265,0.029350104821802937,2.4213836477987423
RGS19,0.2389937106918239,0.006289308176100629,2.4549266247379453
RGS2,0.22851153039832284,0.029350104821802937,2.4276729559748427
RGS20,0.31027253668763105,0.025157232704402517,2.7211740041928723
RGS22,0.3731656184486373,0.0020964360587002098,2.939203354297694
RGS3,0.2620545073375262,0.0,2.5220125786163523
RGS4,0.2348008385744235,0.031446540880503145,2.440251572327044
RGS5,0.2348008385744235,0.033542976939203356,2.438155136268344
RGS6,0.20964360587002095,0.025157232704402517,2.3647798742138364
RGS7,0.23270440251572327,0.03563941299790356,2.440251572327044
RGS7BP,0.18238993710691823,0.12578616352201258,2.20335429769392
RGS8,0.23270440251572327,0.012578616352201259,2.4444444444444446
RGS9,0.23060796645702306,0.010482180293501049,2.429769392033543
RGS9BP,0.2222222222222222,0.006289308176100629,2.4171907756813416
RGSL1,0.23270440251572327,0.012578616352201259,2.4465408805031448
RHAG,0.2222222222222222,0.010482180293501049,2.406708595387841
RHBDD1,0.2180293501048218,0.020964360587002098,2.3836477987421385
RHBDF1,0.2389937106918239,0.012578616352201259,2.4339622641509435
RHBDF2,0.23270440251572327,0.020964360587002098,2.4213836477987423
RHEB,0.26834381551362685,0.016771488469601678,2.5345911949685536
RHNO1,0.1949685534591195,0.07547169811320754,2.3123689727463312
RHO,0.2746331236897275,0.014675052410901468,2.580712788259958
RHOA,0.2222222222222222,0.014675052410901468,2.4255765199161425
RHOB,0.22431865828092243,0.006289308176100629,2.4171907756813416
RHOBTB1,0.2180293501048218,0.04612159329140461,2.3668763102725365
RHOBTB2,0.08176100628930817,0.42348008385744235,1.7106918238993711
RHOBTB3,0.19077568134171907,0.11530398322851153,2.238993710691824
RHOC,0.20964360587002095,0.029350104821802937,2.358490566037736
RHOD,0.2641509433962264,0.0,2.5324947589098534
RHOF,0.2348008385744235,0.031446540880503145,2.4129979035639413
RHOG,0.22641509433962265,0.012578616352201259,2.4129979035639413
RHOH,0.2138364779874214,0.041928721174004195,2.356394129979036
RHOQ,0.2222222222222222,0.033542976939203356,2.3752620545073375
RHOT1,0.20964360587002095,0.025157232704402517,2.3626834381551363
RHOT2,0.2389937106918239,0.012578616352201259,2.4360587002096437
RHOU,0.2222222222222222,0.0649895178197065,2.3773584905660377
RHOV,0.1970649895178197,0.039832285115303984,2.3207547169811322
RHPN2,0.2222222222222222,0.006289308176100629,2.4171907756813416
RIC8A,0.23060796645702306,0.012578616352201259,2.410901467505241
RIC8B,0.24109014675052412,0.010482180293501049,2.461215932914046
RICTOR,0.2348008385744235,0.010482180293501049,2.480083857442348
RIF1,0.18658280922431866,0.07127882599580712,2.270440251572327
RILP,0.16142557651991615,0.07756813417190776,2.2054507337526204
RIMKLA,0.20545073375262055,0.014675052410901468,2.356394129979036
RIMKLB,0.16981132075471697,0.09224318658280922,2.243186582809224
RIMS1,0.18658280922431866,0.1069182389937107,2.2348008385744236
RIMS2,0.3689727463312369,0.0041928721174004195,2.920335429769392
RIN1,0.259958071278826,0.0020964360587002098,2.5136268343815513
RING1,0.22641509433962265,0.0020964360587002098,2.419287211740042
RINT1,0.2746331236897275,0.014675052410901468,2.5786163522012577
RIOK1,0.20964360587002095,0.03773584905660377,2.339622641509434
RIOX1,0.21593291404612158,0.025157232704402517,2.3731656184486374
RIPK1,0.2138364779874214,0.023060796645702306,2.3647798742138364
RIPK2,0.36268343815513626,0.010482180293501049,2.9350104821802936
RIPK3,0.22012578616352202,0.008385744234800839,2.406708595387841
RIT1,0.2389937106918239,0.016771488469601678,2.4654088050314464
RIT2,0.1740041928721174,0.11740041928721175,2.20335429769392
RLBP1,0.2138364779874214,0.008385744234800839,2.3857442348008386
RLIM,0.008385744234800839,0.7861635220125787,1.2180293501048218
RMDN2,0.2138364779874214,0.041928721174004195,2.356394129979036
RMDN3,0.1970649895178197,0.041928721174004195,2.3207547169811322
RMI1,0.24737945492662475,0.012578616352201259,2.4633123689727463
RMI2,0.24737945492662475,0.0041928721174004195,2.457023060796646
RNASE2,0.21174004192872117,0.012578616352201259,2.3815513626834384
RNASE3,0.21174004192872117,0.012578616352201259,2.3815513626834384
RNASEH1,0.2348008385744235,0.0020964360587002098,2.4339622641509435
RNASEH2A,0.2138364779874214,0.014675052410901468,2.3773584905660377
RNASEH2B,0.11949685534591195,0.29559748427672955,1.8972746331236898
RNASEH2C,0.2578616352201258,0.0,2.509433962264151
RND1,0.21593291404612158,0.0041928721174004195,2.4171907756813416
RND2,0.20545073375262055,0.0649895178197065,2.310272536687631
RND3,0.18448637316561844,0.07966457023060797,2.257861635220126
RNF103,0.2222222222222222,0.018867924528301886,2.3941299790356396
RNF11,0.19916142557651992,0.041928721174004195,2.3144654088050314
RNF111,0.20964360587002095,0.027253668763102725,2.348008385744235
RNF115,0.2389937106918239,0.0041928721174004195,2.50104821802935
RNF123,0.22431865828092243,0.012578616352201259,2.429769392033543
RNF125,0.18029350104821804,0.10062893081761007,2.230607966457023
RNF128,0.006289308176100629,0.7777777777777778,1.2264150943396226
RNF13,0.27882599580712786,0.010482180293501049,2.5849056603773586
RNF130,0.23060796645702306,0.0020964360587002098,2.440251572327044
RNF135,0.20754716981132076,0.027253668763102725,2.356394129979036
RNF138,0.17819706498951782,0.09853249475890985,2.230607966457023
RNF139,0.3689727463312369,0.0020964360587002098,2.9224318658280923
RNF14,0.2222222222222222,0.014675052410901468,2.410901467505241
RNF144A,0.23270440251572327,0.0041928721174004195,2.4318658280922434
RNF144B,0.23060796645702306,0.008385744234800839,2.4171907756813416
RNF146,0.20335429769392033,0.039832285115303984,2.3354297693920336
RNF152,0.15723270440251572,0.16142557651991615,2.1215932914046123
RNF168,0.2431865828092243,0.039832285115303984,2.429769392033543
RNF17,0.20125786163522014,0.029350104821802937,2.3354297693920336
RNF182,0.22641509433962265,0.008385744234800839,2.406708595387841
RNF185,0.1949685534591195,0.031446540880503145,2.3228511530398324
RNF187,0.2180293501048218,0.06079664570230608,2.3668763102725365
RNF19A,0.3731656184486373,0.0020964360587002098,2.939203354297694
RNF19B,0.2138364779874214,0.012578616352201259,2.3668763102725365
RNF2,0.23270440251572327,0.014675052410901468,2.4444444444444446
RNF20,0.2641509433962264,0.008385744234800839,2.5345911949685536
RNF213,0.22431865828092243,0.016771488469601678,2.410901467505241
RNF216,0.27882599580712786,0.010482180293501049,2.5681341719077566
RNF220,0.20964360587002095,0.012578616352201259,2.360587002096436
RNF24,0.2180293501048218,0.03773584905660377,2.379454926624738
RNF25,0.2222222222222222,0.020964360587002098,2.389937106918239
RNF31,0.2180293501048218,0.006289308176100629,2.406708595387841
RNF32,0.2641509433962264,0.014675052410901468,2.5283018867924527
RNF34,0.23689727463312368,0.023060796645702306,2.4276729559748427
RNF4,0.22012578616352202,0.016771488469601678,2.389937106918239
RNF40,0.22851153039832284,0.010482180293501049,2.4171907756813416
RNF41,0.2222222222222222,0.0041928721174004195,2.448637316561845
RNF43,0.2138364779874214,0.023060796645702306,2.379454926624738
RNF5,0.23270440251572327,0.0041928721174004195,2.4276729559748427
RNF6,0.20964360587002095,0.023060796645702306,2.358490566037736
RNF7,0.2746331236897275,0.008385744234800839,2.6037735849056602
RNF8,0.22641509433962265,0.0020964360587002098,2.419287211740042
RNGTT,0.13836477987421383,0.259958071278826,1.9895178197064989
RNH1,0.23060796645702306,0.012578616352201259,2.410901467505241
RNMT,0.21593291404612158,0.050314465408805034,2.360587002096436
RNPEP,0.23689727463312368,0.008385744234800839,2.4675052410901466
RNPS1,0.25157232704402516,0.0041928721174004195,2.469601677148847
RO60,0.22851153039832284,0.027253668763102725,2.4276729559748427
ROBO1,0.2222222222222222,0.0440251572327044,2.40251572327044
ROBO2,0.2180293501048218,0.041928721174004195,2.3836477987421385
ROBO3,0.22851153039832284,0.0440251572327044,2.40041928721174
ROBO4,0.22851153039832284,0.0440251572327044,2.40041928721174
ROCK1,0.1949685534591195,0.06708595387840671,2.3039832285115303
ROCK2,0.23060796645702306,0.0041928721174004195,2.4255765199161425
ROM1,0.23060796645702306,0.006289308176100629,2.448637316561845
ROMO1,0.23270440251572327,0.012578616352201259,2.4339622641509435
ROPN1L,0.23270440251572327,0.010482180293501049,2.488469601677149
ROR1,0.18448637316561844,0.041928721174004195,2.280922431865828
ROR2,0.259958071278826,0.010482180293501049,2.511530398322851
RORA,0.20754716981132076,0.018867924528301886,2.360587002096436
RORB,0.23689727463312368,0.018867924528301886,2.440251572327044
RORC,0.24947589098532494,0.0,2.5262054507337526
RP1L1,0.11530398322851153,0.3333333333333333,1.880503144654088
RP2,0.012578616352201259,0.7756813417190775,1.249475890985325
RP9,0.2914046121593291,0.0,2.6540880503144653
RPA1,0.16352201257861634,0.07756813417190776,2.209643605870021
RPA2,0.20545073375262055,0.018867924528301886,2.3459119496855347
RPA3,0.27672955974842767,0.012578616352201259,2.570230607966457
RPA4,0.008385744234800839,0.7756813417190775,1.230607966457023
RPAIN,0.1509433962264151,0.1069182389937107,2.157232704402516
RPAP1,0.1970649895178197,0.03773584905660377,2.3207547169811322
RPAP2,0.1949685534591195,0.05241090146750524,2.2955974842767297
RPE,0.2222222222222222,0.012578616352201259,2.40041928721174
RPE65,0.20335429769392033,0.03773584905660377,2.331236897274633
RPF1,0.1949685534591195,0.04612159329140461,2.29979035639413
RPF2,0.1509433962264151,0.20125786163522014,2.079664570230608
RPGRIP1,0.20964360587002095,0.012578616352201259,2.379454926624738
RPH3A,0.2389937106918239,0.014675052410901468,2.438155136268344
RPH3AL,0.16352201257861634,0.07756813417190776,2.211740041928721
RPIA,0.2222222222222222,0.018867924528301886,2.3962264150943398
RPL10A,0.2222222222222222,0.008385744234800839,2.406708595387841
RPL10L,0.22431865828092243,0.0,2.4150943396226414
RPL11,0.20125786163522014,0.03563941299790356,2.3207547169811322
RPL12,0.2641509433962264,0.0,2.538784067085954
RPL13,0.14046121593291405,0.23060796645702306,2.006289308176101
RPL13A,0.22012578616352202,0.0041928721174004195,2.4213836477987423
RPL14,0.22431865828092243,0.0020964360587002098,2.450733752620545
RPL15,0.22012578616352202,0.018867924528301886,2.4234800838574424
RPL18,0.20964360587002095,0.014675052410901468,2.392857142857143
RPL18A,0.22012578616352202,0.0,2.4150943396226414
RPL19,0.21174004192872117,0.029350104821802937,2.358490566037736
RPL21,0.21174004192872117,0.020964360587002098,2.3647798742138364
RPL22,0.20125786163522014,0.027253668763102725,2.331236897274633
RPL22L1,0.2851153039832285,0.0020964360587002098,2.6226415094339623
RPL23,0.21174004192872117,0.029350104821802937,2.360587002096436
RPL23A,0.20754716981132076,0.016771488469601678,2.3647798742138364
RPL24,0.24109014675052412,0.016771488469601678,2.461215932914046
RPL26,0.13626834381551362,0.11949685534591195,2.1153039832285114
RPL26L1,0.23060796645702306,0.0,2.448637316561845
RPL27,0.20545073375262055,0.06289308176100629,2.3123689727463312
RPL27A,0.22851153039832284,0.0041928721174004195,2.4234800838574424
RPL28,0.23060796645702306,0.0,2.4360587002096437
RPL29,0.22012578616352202,0.018867924528301886,2.419287211740042
RPL3,0.20545073375262055,0.020964360587002098,2.3542976939203353
RPL30,0.3668763102725367,0.0020964360587002098,2.9454926624737947
RPL31,0.22012578616352202,0.006289308176100629,2.406708595387841
RPL32,0.22431865828092243,0.008385744234800839,2.438155136268344
RPL34,0.22012578616352202,0.008385744234800839,2.40251572327044
RPL35,0.259958071278826,0.0020964360587002098,2.519916142557652
RPL36,0.21174004192872117,0.012578616352201259,2.379454926624738
RPL36A,0.006289308176100629,0.7777777777777778,1.228511530398323
RPL36AL,0.22641509433962265,0.0041928721174004195,2.4150943396226414
RPL37,0.23689727463312368,0.006289308176100629,2.4821802935010484
RPL37A,0.22012578616352202,0.016771488469601678,2.39832285115304
RPL38,0.22641509433962265,0.016771488469601678,2.4150943396226414
RPL39,0.008385744234800839,0.779874213836478,1.228511530398323
RPL39L,0.25366876310272535,0.014675052410901468,2.480083857442348
RPL3L,0.25157232704402516,0.0041928721174004195,2.4654088050314464
RPL4,0.20754716981132076,0.012578616352201259,2.3647798742138364
RPL41,0.2222222222222222,0.0041928721174004195,2.450733752620545
RPL5,0.19077568134171907,0.05870020964360587,2.2746331236897275
RPL6,0.2348008385744235,0.012578616352201259,2.4360587002096437
RPL7,0.3584905660377358,0.0020964360587002098,2.9224318658280923
RPL7A,0.2578616352201258,0.0020964360587002098,2.5262054507337526
RPL7L1,0.22641509433962265,0.008385744234800839,2.4150943396226414
RPL8,0.33752620545073375,0.025157232704402517,2.7651991614255764
RPL9,0.2138364779874214,0.03563941299790356,2.3626834381551363
RPLP0,0.24528301886792453,0.023060796645702306,2.440251572327044
RPLP1,0.20754716981132076,0.012578616352201259,2.3647798742138364
RPLP2,0.23060796645702306,0.012578616352201259,2.410901467505241
RPN1,0.2746331236897275,0.010482180293501049,2.5953878406708597
RPN2,0.22641509433962265,0.016771488469601678,2.4255765199161425
RPP14,0.22431865828092243,0.012578616352201259,2.4318658280922434
RPP21,0.22851153039832284,0.0020964360587002098,2.4255765199161425
RPP25,0.20545073375262055,0.020964360587002098,2.358490566037736
RPP30,0.1740041928721174,0.11949685534591195,2.1823899371069184
RPP38,0.21174004192872117,0.03773584905660377,2.356394129979036
RPP40,0.2138364779874214,0.033542976939203356,2.348008385744235
RPRD1A,0.1719077568134172,0.1090146750524109,2.209643605870021
RPRD1B,0.22641509433962265,0.016771488469601678,2.419287211740042
RPRD2,0.2557651991614256,0.0,2.5345911949685536
RPS10,0.22431865828092243,0.0041928721174004195,2.4150943396226414
RPS11,0.22012578616352202,0.0041928721174004195,2.4213836477987423
RPS12,0.2138364779874214,0.016771488469601678,2.3752620545073375
RPS13,0.23270440251572327,0.0,2.4318658280922434
RPS14,0.2222222222222222,0.0041928721174004195,2.4171907756813416
RPS15,0.2138364779874214,0.023060796645702306,2.356394129979036
RPS15A,0.2431865828092243,0.0,2.452830188679245
RPS16,0.2138364779874214,0.010482180293501049,2.3962264150943398
RPS18,0.22641509433962265,0.0020964360587002098,2.419287211740042
RPS19,0.21174004192872117,0.016771488469601678,2.3857442348008386
RPS19BP1,0.20545073375262055,0.020964360587002098,2.3542976939203353
RPS2,0.25157232704402516,0.0041928721174004195,2.4654088050314464
RPS20,0.3039832285115304,0.016771488469601678,2.7253668763102725
RPS21,0.24109014675052412,0.0020964360587002098,2.459119496855346
RPS23,0.20335429769392033,0.03773584905660377,2.348008385744235
RPS24,0.20335429769392033,0.05450733752620545,2.3228511530398324
RPS25,0.2180293501048218,0.050314465408805034,2.368972746331237
RPS26,0.22431865828092243,0.0041928721174004195,2.452830188679245
RPS27A,0.2222222222222222,0.025157232704402517,2.379454926624738
RPS27L,0.20545073375262055,0.012578616352201259,2.360587002096436
RPS28,0.2138364779874214,0.008385744234800839,2.3815513626834384
RPS29,0.22641509433962265,0.0041928721174004195,2.4150943396226414
RPS3,0.25366876310272535,0.0020964360587002098,2.490566037735849
RPS3A,0.22431865828092243,0.0041928721174004195,2.408805031446541
RPS4X,0.008385744234800839,0.7777777777777778,1.2348008385744236
RPS5,0.2222222222222222,0.0020964360587002098,2.419287211740042
RPS6,0.21174004192872117,0.016771488469601678,2.392033542976939
RPS6KA1,0.20754716981132076,0.016771488469601678,2.352201257861635
RPS6KA2,0.20545073375262055,0.04821802935010482,2.3291404612159328
RPS6KA3,0.010482180293501049,0.7714884696016772,1.2389937106918238
RPS6KA4,0.2389937106918239,0.0041928721174004195,2.4716981132075473
RPS6KA5,0.2180293501048218,0.023060796645702306,2.379454926624738
RPS6KA6,0.006289308176100629,0.7819706498951782,1.220125786163522
RPS6KB1,0.22012578616352202,0.014675052410901468,2.410901467505241
RPS6KB2,0.2641509433962264,0.0,2.5345911949685536
RPS8,0.20964360587002095,0.012578616352201259,2.360587002096436
RPS9,0.23270440251572327,0.0,2.4360587002096437
RPSA,0.2222222222222222,0.0,2.4465408805031448
RPTOR,0.22431865828092243,0.014675052410901468,2.4129979035639413
RPUSD4,0.2222222222222222,0.04612159329140461,2.392033542976939
RRAGA,0.21174004192872117,0.020964360587002098,2.3857442348008386
RRAGB,0.008385744234800839,0.779874213836478,1.230607966457023
RRAGC,0.21174004192872117,0.012578616352201259,2.368972746331237
RRAGD,0.13836477987421383,0.2620545073375262,1.9853249475890986
RRAS,0.22012578616352202,0.0041928721174004195,2.4213836477987423
RRAS2,0.22641509433962265,0.0041928721174004195,2.4171907756813416
RRBP1,0.20754716981132076,0.027253668763102725,2.379454926624738
RRH,0.2180293501048218,0.008385744234800839,2.3941299790356396
RRM1,0.22641509433962265,0.012578616352201259,2.4129979035639413
RRM2,0.23270440251572327,0.0,2.429769392033543
RRM2B,0.3668763102725367,0.0041928721174004195,2.9182389937106916
RRN3,0.2431865828092243,0.0041928721174004195,2.450733752620545
RRP1,0.22012578616352202,0.03563941299790356,2.389937106918239
RRP12,0.1949685534591195,0.07547169811320754,2.257861635220126
RRP15,0.22431865828092243,0.04612159329140461,2.408805031446541
RRP1B,0.22012578616352202,0.03563941299790356,2.3878406708595388
RRP36,0.22851153039832284,0.006289308176100629,2.4213836477987423
RRP8,0.22851153039832284,0.008385744234800839,2.4213836477987423
RRP9,0.22012578616352202,0.018867924528301886,2.419287211740042
RRS1,0.3417190775681342,0.012578616352201259,2.8763102725366876
RSAD2,0.2348008385744235,0.0041928721174004195,2.438155136268344
RSF1,0.2557651991614256,0.0020964360587002098,2.49685534591195
RSL1D1,0.24737945492662475,0.008385744234800839,2.452830188679245
RSL24D1,0.19916142557651992,0.029350104821802937,2.3270440251572326
RSPH9,0.23060796645702306,0.006289308176100629,2.4213836477987423
RSPO1,0.20754716981132076,0.014675052410901468,2.356394129979036
RSRC1,0.27253668763102723,0.0020964360587002098,2.5660377358490565
RSU1,0.21174004192872117,0.03563941299790356,2.360587002096436
RTCA,0.20545073375262055,0.04821802935010482,2.3249475890985325
RTCB,0.20335429769392033,0.029350104821802937,2.341719077568134
RTEL1,0.24109014675052412,0.0041928721174004195,2.459119496855346
RTF1,0.1970649895178197,0.03773584905660377,2.3207547169811322
RTKN,0.20964360587002095,0.020964360587002098,2.3647798742138364
RTN1,0.22012578616352202,0.023060796645702306,2.3836477987421385
RTN3,0.2389937106918239,0.0041928721174004195,2.4654088050314464
RTN4,0.2222222222222222,0.027253668763102725,2.3773584905660377
RTN4IP1,0.14465408805031446,0.21593291404612158,2.0461215932914047
RTN4R,0.20754716981132076,0.029350104821802937,2.3438155136268346
RTN4RL1,0.16352201257861634,0.07756813417190776,2.209643605870021
RTP2,0.2620545073375262,0.018867924528301886,2.4947589098532497
RTP4,0.2557651991614256,0.014675052410901468,2.490566037735849
RTRAF,0.22851153039832284,0.0041928721174004195,2.4171907756813416
RUBCN,0.24109014675052412,0.029350104821802937,2.4360587002096437
RUFY1,0.23060796645702306,0.0020964360587002098,2.440251572327044
RUFY3,0.23270440251572327,0.010482180293501049,2.419287211740042
RUNX1,0.2138364779874214,0.018867924528301886,2.4046121593291403
RUNX1T1,0.36268343815513626,0.012578616352201259,2.9266247379454926
RUNX2,0.22431865828092243,0.016771488469601678,2.39832285115304
RUNX3,0.20964360587002095,0.027253668763102725,2.341719077568134
RUSC1,0.25157232704402516,0.0041928721174004195,2.49685534591195
RUSC2,0.23060796645702306,0.010482180293501049,2.448637316561845
RUVBL1,0.2746331236897275,0.010482180293501049,2.5744234800838575
RUVBL2,0.21174004192872117,0.014675052410901468,2.3962264150943398
RWDD3,0.19916142557651992,0.05870020964360587,2.2955974842767297
RXFP1,0.2180293501048218,0.014675052410901468,2.3878406708595388
RXFP3,0.23060796645702306,0.016771488469601678,2.4716981132075473
RXFP4,0.2389937106918239,0.014675052410901468,2.4675052410901466
RXRA,0.2578616352201258,0.0020964360587002098,2.5052410901467503
RXRB,0.22641509433962265,0.0020964360587002098,2.419287211740042
RXRG,0.23060796645702306,0.033542976939203356,2.4255765199161425
RYBP,0.1928721174004193,0.11949685534591195,2.2641509433962264
RYK,0.2746331236897275,0.006289308176100629,2.59958071278826
RYR1,0.22012578616352202,0.008385744234800839,2.408805031446541
RYR2,0.22641509433962265,0.05241090146750524,2.39832285115304
RYR3,0.20335429769392033,0.03773584905660377,2.3354297693920336
S100A1,0.2557651991614256,0.0,2.519916142557652
S100A10,0.24737945492662475,0.0,2.5220125786163523
S100A11,0.24528301886792453,0.0,2.5178197064989516
S100A12,0.25366876310272535,0.0020964360587002098,2.5136268343815513
S100A14,0.2557651991614256,0.0,2.519916142557652
S100A16,0.2557651991614256,0.0,2.519916142557652
S100A4,0.2557651991614256,0.0,2.519916142557652
S100A6,0.25366876310272535,0.0,2.5157232704402515
S100A7,0.25366876310272535,0.0020964360587002098,2.5136268343815513
S100A8,0.25366876310272535,0.0020964360587002098,2.5136268343815513
S100A9,0.25366876310272535,0.0020964360587002098,2.5136268343815513
S100B,0.21593291404612158,0.033542976939203356,2.3878406708595388
S100G,0.014675052410901468,0.7610062893081762,1.2620545073375262
S100P,0.2180293501048218,0.016771488469601678,2.3941299790356396
S100PBP,0.21593291404612158,0.012578616352201259,2.3668763102725365
S1PR1,0.20335429769392033,0.04612159329140461,2.3249475890985325
S1PR3,0.2578616352201258,0.010482180293501049,2.4863731656184487
S1PR4,0.20754716981132076,0.03773584905660377,2.341719077568134
S1PR5,0.2138364779874214,0.008385744234800839,2.3815513626834384
SAA1,0.23270440251572327,0.0041928721174004195,2.4255765199161425
SACM1L,0.2180293501048218,0.016771488469601678,2.4213836477987423
SAE1,0.21174004192872117,0.029350104821802937,2.379454926624738
SAFB,0.21174004192872117,0.012578616352201259,2.379454926624738
SAFB2,0.21174004192872117,0.010482180293501049,2.379454926624738
SALL1,0.16771488469601678,0.11740041928721175,2.1844863731656186
SALL3,0.15932914046121593,0.1530398322851153,2.1257861635220126
SALL4,0.23689727463312368,0.0020964360587002098,2.461215932914046
SAMD8,0.19916142557651992,0.06289308176100629,2.29979035639413
SAMHD1,0.22641509433962265,0.018867924528301886,2.4234800838574424
SAMM50,0.19916142557651992,0.0440251572327044,2.3186582809224316
SAP130,0.1761006289308176,0.07337526205450734,2.2452830188679247
SAP18,0.20964360587002095,0.041928721174004195,2.360587002096436
SAP25,0.2893081761006289,0.006289308176100629,2.6247379454926625
SAP30,0.21593291404612158,0.023060796645702306,2.3668763102725365
SAP30BP,0.23270440251572327,0.016771488469601678,2.4255765199161425
SAP30L,0.23060796645702306,0.006289308176100629,2.4234800838574424
SAR1A,0.21174004192872117,0.039832285115303984,2.348008385744235
SAR1B,0.2180293501048218,0.029350104821802937,2.3836477987421385
SARAF,0.1069182389937107,0.33752620545073375,1.870020964360587
SARM1,0.21174004192872117,0.016771488469601678,2.3731656184486374
SARNP,0.22431865828092243,0.006289308176100629,2.450733752620545
SARS2,0.2138364779874214,0.008385744234800839,2.3941299790356396
SART1,0.259958071278826,0.0,2.5136268343815513
SART3,0.24109014675052412,0.012578616352201259,2.450733752620545
SASS6,0.20335429769392033,0.04821802935010482,2.3186582809224316
SAT1,0.010482180293501049,0.7693920335429769,1.2536687631027255
SAT2,0.12159329140461216,0.19077568134171907,2.0167714884696015
SATB1,0.22012578616352202,0.014675052410901468,2.4318658280922434
SATB2,0.22431865828092243,0.0041928721174004195,2.4150943396226414
SAV1,0.22851153039832284,0.0041928721174004195,2.4150943396226414
SBDS,0.2809224318658281,0.0041928721174004195,2.5953878406708597
SBF1,0.20335429769392033,0.041928721174004195,2.3228511530398324
SBF2,0.22641509433962265,0.006289308176100629,2.4171907756813416
SC5D,0.21593291404612158,0.050314465408805034,2.3731656184486374
SCAF1,0.22012578616352202,0.0041928721174004195,2.4213836477987423
SCAF11,0.21593291404612158,0.008385744234800839,2.408805031446541
SCAF8,0.20545073375262055,0.029350104821802937,2.350104821802935
SCAI,0.259958071278826,0.0020964360587002098,2.538784067085954
SCAMP1,0.17819706498951782,0.09853249475890985,2.2327044025157234
SCAMP2,0.20335429769392033,0.023060796645702306,2.3542976939203353
SCAND1,0.23060796645702306,0.014675052410901468,2.4318658280922434
SCAP,0.21593291404612158,0.025157232704402517,2.408805031446541
SCARA3,0.09643605870020965,0.3752620545073375,1.7966457023060796
SCARA5,0.09433962264150944,0.3689727463312369,1.8050314465408805
SCARB1,0.22012578616352202,0.04821802935010482,2.3710691823899372
SCARB2,0.22641509433962265,0.006289308176100629,2.4213836477987423
SCARF2,0.20754716981132076,0.025157232704402517,2.348008385744235
SCCPDH,0.23270440251572327,0.018867924528301886,2.457023060796646
SCD,0.1928721174004193,0.07756813417190776,2.251572327044025
SCD5,0.22012578616352202,0.008385744234800839,2.3941299790356396
SCFD1,0.21593291404612158,0.006289308176100629,2.39832285115304
SCG2,0.2180293501048218,0.023060796645702306,2.3836477987421385
SCG3,0.20335429769392033,0.025157232704402517,2.341719077568134
SCG5,0.20545073375262055,0.033542976939203356,2.341719077568134
SCGB1A1,0.23060796645702306,0.006289308176100629,2.448637316561845
SCGB3A2,0.22641509433962265,0.010482180293501049,2.4150943396226414
SCLT1,0.20545073375262055,0.041928721174004195,2.3354297693920336
SCLY,0.21174004192872117,0.025157232704402517,2.3647798742138364
SCML2,0.014675052410901468,0.7651991614255765,1.259958071278826
SCN10A,0.2222222222222222,0.0,2.4465408805031448
SCN1A,0.1949685534591195,0.04821802935010482,2.3165618448637315
SCN1B,0.2180293501048218,0.0041928721174004195,2.4150943396226414
SCN2A,0.1928721174004193,0.04821802935010482,2.310272536687631
SCN2B,0.21593291404612158,0.05870020964360587,2.356394129979036
SCN3A,0.1949685534591195,0.050314465408805034,2.310272536687631
SCN3B,0.22431865828092243,0.04612159329140461,2.389937106918239
SCN4A,0.22851153039832284,0.010482180293501049,2.4255765199161425
SCN4B,0.21593291404612158,0.05870020964360587,2.356394129979036
SCN5A,0.2222222222222222,0.0,2.4465408805031448
SCN8A,0.22851153039832284,0.0041928721174004195,2.4318658280922434
SCNN1A,0.18029350104821804,0.07966457023060797,2.2767295597484276
SCNN1B,0.2348008385744235,0.0041928721174004195,2.442348008385744
SCNN1D,0.21174004192872117,0.014675052410901468,2.3626834381551363
SCNN1G,0.2348008385744235,0.006289308176100629,2.440251572327044
SCO1,0.1488469601677149,0.09853249475890985,2.161425576519916
SCO2,0.20335429769392033,0.0440251572327044,2.3207547169811322
SCOC,0.22431865828092243,0.010482180293501049,2.40251572327044
SCP2,0.20754716981132076,0.04612159329140461,2.3186582809224316
SCPEP1,0.22851153039832284,0.020964360587002098,2.4150943396226414
SCRIB,0.33752620545073375,0.020964360587002098,2.779874213836478
SCTR,0.19077568134171907,0.06079664570230608,2.2830188679245285
SCUBE2,0.22851153039832284,0.006289308176100629,2.419287211740042
SCUBE3,0.2222222222222222,0.010482180293501049,2.4046121593291403
SCYL1,0.25366876310272535,0.0020964360587002098,2.50314465408805
SCYL2,0.25157232704402516,0.010482180293501049,2.488469601677149
SDAD1,0.22851153039832284,0.0041928721174004195,2.4276729559748427
SDC1,0.22431865828092243,0.008385744234800839,2.4150943396226414
SDC2,0.3668763102725367,0.006289308176100629,2.9287211740041927
SDC3,0.2138364779874214,0.016771488469601678,2.358490566037736
SDC4,0.23270440251572327,0.008385744234800839,2.4716981132075473
SDCBP,0.29979035639413,0.029350104821802937,2.6939203354297696
SDCCAG8,0.2431865828092243,0.018867924528301886,2.4675052410901466
SDF2,0.21174004192872117,0.016771488469601678,2.3731656184486374
SDF2L1,0.21174004192872117,0.027253668763102725,2.350104821802935
SDHA,0.23270440251572327,0.006289308176100629,2.4863731656184487
SDHAF1,0.21593291404612158,0.0041928721174004195,2.4046121593291403
SDHAF2,0.23270440251572327,0.0041928721174004195,2.452830188679245
SDHAF3,0.29350104821802936,0.0041928721174004195,2.6373165618448637
SDHAF4,0.18658280922431866,0.1111111111111111,2.2327044025157234
SDHB,0.20335429769392033,0.025157232704402517,2.3375262054507338
SDHC,0.23270440251572327,0.033542976939203356,2.4360587002096437
SDHD,0.2138364779874214,0.05870020964360587,2.358490566037736
SDR16C5,0.3060796645702306,0.014675052410901468,2.729559748427673
SDR9C7,0.2222222222222222,0.006289308176100629,2.438155136268344
SEC11A,0.20964360587002095,0.010482180293501049,2.3857442348008386
SEC11C,0.16561844863731656,0.1488469601677149,2.157232704402516
SEC13,0.20545073375262055,0.039832285115303984,2.3731656184486374
SEC14L1,0.23270440251572327,0.025157232704402517,2.4171907756813416
SEC16A,0.2557651991614256,0.0020964360587002098,2.5052410901467503
SEC22A,0.2641509433962264,0.012578616352201259,2.5157232704402515
SEC22B,0.22641509433962265,0.014675052410901468,2.4318658280922434
SEC22C,0.2222222222222222,0.0041928721174004195,2.4465408805031448
SEC23A,0.22851153039832284,0.0041928721174004195,2.4129979035639413
SEC23B,0.20964360587002095,0.027253668763102725,2.379454926624738
SEC23IP,0.19077568134171907,0.039832285115303984,2.30188679245283
SEC24A,0.2180293501048218,0.025157232704402517,2.3878406708595388
SEC24B,0.2180293501048218,0.008385744234800839,2.3962264150943398
SEC24C,0.1970649895178197,0.04612159329140461,2.3207547169811322
SEC24D,0.2138364779874214,0.041928721174004195,2.3542976939203353
SEC31A,0.2222222222222222,0.006289308176100629,2.40251572327044
SEC31B,0.19077568134171907,0.07337526205450734,2.2536687631027252
SEC61A1,0.2746331236897275,0.012578616352201259,2.5723270440251573
SEC61A2,0.21174004192872117,0.039832285115303984,2.352201257861635
SEC61B,0.259958071278826,0.008385744234800839,2.509433962264151
SEC62,0.29350104821802936,0.0020964360587002098,2.639412997903564
SEC63,0.14675052410901468,0.21174004192872117,2.058700209643606
SECISBP2,0.2557651991614256,0.010482180293501049,2.4842767295597485
SECTM1,0.23060796645702306,0.008385744234800839,2.448637316561845
SEH1L,0.2138364779874214,0.050314465408805034,2.356394129979036
SEL1L,0.22012578616352202,0.014675052410901468,2.406708595387841
SELE,0.23060796645702306,0.027253668763102725,2.4234800838574424
SELENOI,0.22851153039832284,0.014675052410901468,2.4150943396226414
SELENOK,0.2180293501048218,0.014675052410901468,2.419287211740042
SELENON,0.20964360587002095,0.016771488469601678,2.3542976939203353
SELENOP,0.23060796645702306,0.014675052410901468,2.4633123689727463
SELENOS,0.20545073375262055,0.014675052410901468,2.3731656184486374
SELL,0.23060796645702306,0.029350104821802937,2.4213836477987423
SELP,0.23060796645702306,0.029350104821802937,2.4213836477987423
SELPLG,0.2389937106918239,0.012578616352201259,2.4465408805031448
SEM1,0.29559748427672955,0.006289308176100629,2.641509433962264
SEMA3A,0.2830188679245283,0.016771488469601678,2.59958071278826
SEMA3B,0.2222222222222222,0.014675052410901468,2.4276729559748427
SEMA3C,0.27882599580712786,0.008385744234800839,2.60167714884696
SEMA3F,0.2222222222222222,0.014675052410901468,2.4276729559748427
SEMA4A,0.23689727463312368,0.016771488469601678,2.461215932914046
SEMA4B,0.21174004192872117,0.006289308176100629,2.3878406708595388
SEMA4D,0.2578616352201258,0.010482180293501049,2.509433962264151
SEMA4F,0.21174004192872117,0.020964360587002098,2.368972746331237
SEMA4G,0.18867924528301888,0.07337526205450734,2.249475890985325
SEMA6A,0.18448637316561844,0.06708595387840671,2.291404612159329
SEMA6D,0.20125786163522014,0.029350104821802937,2.3291404612159328
SEMA7A,0.20125786163522014,0.023060796645702306,2.352201257861635
SEMG1,0.23270440251572327,0.008385744234800839,2.4716981132075473
SENP1,0.21174004192872117,0.012578616352201259,2.3962264150943398
SENP2,0.24528301886792453,0.014675052410901468,2.4737945492662474
SENP3,0.12159329140461216,0.18867924528301888,2.018867924528302
SENP5,0.24109014675052412,0.031446540880503145,2.4360587002096437
SENP6,0.17819706498951782,0.129979035639413,2.20125786163522
SENP7,0.24109014675052412,0.014675052410901468,2.461215932914046
SEPSECS,0.21593291404612158,0.03773584905660377,2.358490566037736
SERBP1,0.19916142557651992,0.033542976939203356,2.3228511530398324
SERGEF,0.23270440251572327,0.0020964360587002098,2.429769392033543
SERINC3,0.23270440251572327,0.008385744234800839,2.448637316561845
SERINC5,0.18029350104821804,0.0880503144654088,2.243186582809224
SERP1,0.27672955974842767,0.010482180293501049,2.580712788259958
SERPINA1,0.2222222222222222,0.020964360587002098,2.3857442348008386
SERPINA10,0.2222222222222222,0.020964360587002098,2.3857442348008386
SERPINA3,0.22012578616352202,0.020964360587002098,2.3836477987421385
SERPINA4,0.2222222222222222,0.020964360587002098,2.3857442348008386
SERPINA5,0.2222222222222222,0.020964360587002098,2.3857442348008386
SERPINA7,0.006289308176100629,0.7777777777777778,1.228511530398323
SERPINB1,0.20964360587002095,0.027253668763102725,2.3542976939203353
SERPINB13,0.15513626834381553,0.15513626834381553,2.1278825995807127
SERPINB2,0.15723270440251572,0.1530398322851153,2.1362683438155137
SERPINB3,0.15723270440251572,0.15513626834381553,2.1341719077568135
SERPINB4,0.15723270440251572,0.15513626834381553,2.1341719077568135
SERPINB5,0.15513626834381553,0.15513626834381553,2.1257861635220126
SERPINB6,0.20964360587002095,0.025157232704402517,2.356394129979036
SERPINB8,0.15723270440251572,0.15513626834381553,2.1320754716981134
SERPINC1,0.22012578616352202,0.023060796645702306,2.4234800838574424
SERPIND1,0.2138364779874214,0.025157232704402517,2.3542976939203353
SERPINE1,0.2809224318658281,0.008385744234800839,2.5953878406708597
SERPINE2,0.2180293501048218,0.018867924528301886,2.3878406708595388
SERPINF1,0.16352201257861634,0.07756813417190776,2.209643605870021
SERPINF2,0.16352201257861634,0.07756813417190776,2.209643605870021
SERPING1,0.22431865828092243,0.012578616352201259,2.419287211740042
SERPINH1,0.25366876310272535,0.0020964360587002098,2.490566037735849
SERTAD3,0.21174004192872117,0.012578616352201259,2.392033542976939
SESN2,0.20545073375262055,0.020964360587002098,2.3438155136268346
SESN3,0.23689727463312368,0.020964360587002098,2.440251572327044
SET,0.2578616352201258,0.0,2.509433962264151
SETD1A,0.22851153039832284,0.010482180293501049,2.4171907756813416
SETD1B,0.2348008385744235,0.031446540880503145,2.410901467505241
SETD2,0.21593291404612158,0.023060796645702306,2.410901467505241
SETD6,0.15723270440251572,0.1320754716981132,2.1635220125786163
SETD7,0.22431865828092243,0.016771488469601678,2.392033542976939
SETDB1,0.2557651991614256,0.0,2.5345911949685536
SETDB2,0.11740041928721175,0.2976939203354298,1.8888888888888888
SETMAR,0.2222222222222222,0.029350104821802937,2.4150943396226414
SETX,0.2557651991614256,0.006289308176100629,2.49895178197065
SEZ6L,0.20125786163522014,0.031446540880503145,2.3333333333333335
SEZ6L2,0.23270440251572327,0.010482180293501049,2.4234800838574424
SF1,0.24109014675052412,0.0041928721174004195,2.4737945492662474
SF3A1,0.1949685534591195,0.031446540880503145,2.3228511530398324
SF3A2,0.21174004192872117,0.029350104821802937,2.348008385744235
SF3A3,0.20754716981132076,0.012578616352201259,2.358490566037736
SF3B1,0.22012578616352202,0.006289308176100629,2.410901467505241
SF3B2,0.259958071278826,0.0,2.5157232704402515
SF3B3,0.15932914046121593,0.20335429769392033,2.0859538784067087
SF3B4,0.25157232704402516,0.0,2.5283018867924527
SF3B5,0.20754716981132076,0.033542976939203356,2.3459119496855347
SF3B6,0.23060796645702306,0.010482180293501049,2.4234800838574424
SFI1,0.20125786163522014,0.031446540880503145,2.3354297693920336
SFN,0.20754716981132076,0.014675052410901468,2.3542976939203353
SFPQ,0.20335429769392033,0.012578616352201259,2.3542976939203353
SFR1,0.19077568134171907,0.07127882599580712,2.2557651991614254
SFRP1,0.1740041928721174,0.20754716981132076,2.157232704402516
SFRP2,0.22012578616352202,0.008385744234800839,2.39832285115304
SFRP4,0.2830188679245283,0.0020964360587002098,2.6184486373165616
SFRP5,0.1949685534591195,0.07756813417190776,2.2536687631027252
SFSWAP,0.21593291404612158,0.039832285115303984,2.3668763102725365
SFTPA1,0.1949685534591195,0.06918238993710692,2.2955974842767297
SFTPA2,0.1949685534591195,0.06918238993710692,2.2955974842767297
SFTPB,0.22851153039832284,0.014675052410901468,2.4046121593291403
SFTPC,0.0859538784067086,0.42138364779874216,1.719077568134172
SFTPD,0.1949685534591195,0.06918238993710692,2.2955974842767297
SFXN1,0.23060796645702306,0.0,2.4360587002096437
SFXN2,0.1928721174004193,0.07127882599580712,2.257861635220126
SGCA,0.22431865828092243,0.006289308176100629,2.4213836477987423
SGCB,0.21593291404612158,0.010482180293501049,2.3941299790356396
SGCD,0.22851153039832284,0.008385744234800839,2.4318658280922434
SGCE,0.2893081761006289,0.0020964360587002098,2.643605870020964
SGCG,0.20545073375262055,0.04612159329140461,2.331236897274633
SGCZ,0.11530398322851153,0.3522012578616352,1.8658280922431867
SGF29,0.23689727463312368,0.008385744234800839,2.4318658280922434
SGIP1,0.1949685534591195,0.039832285115303984,2.308176100628931
SGK1,0.21174004192872117,0.020964360587002098,2.3626834381551363
SGMS1,0.20754716981132076,0.04821802935010482,2.3270440251572326
SGMS2,0.22012578616352202,0.010482180293501049,2.40251572327044
SGO1,0.22431865828092243,0.010482180293501049,2.4339622641509435
SGO2,0.22641509433962265,0.008385744234800839,2.4129979035639413
SGPL1,0.20545073375262055,0.039832285115303984,2.3354297693920336
SGPP1,0.2138364779874214,0.018867924528301886,2.3773584905660377
SGSH,0.22431865828092243,0.016771488469601678,2.408805031446541
SGSM1,0.20545073375262055,0.029350104821802937,2.339622641509434
SGSM3,0.20964360587002095,0.025157232704402517,2.352201257861635
SGTA,0.20964360587002095,0.031446540880503145,2.3438155136268346
SH2B1,0.23270440251572327,0.008385744234800839,2.4276729559748427
SH2B2,0.2746331236897275,0.016771488469601678,2.5828092243186584
SH2B3,0.2348008385744235,0.012578616352201259,2.4360587002096437
SH2D1A,0.008385744234800839,0.779874213836478,1.228511530398323
SH2D2A,0.23270440251572327,0.023060796645702306,2.448637316561845
SH2D3C,0.2641509433962264,0.0,2.538784067085954
SH2D4A,0.09643605870020965,0.3941299790356394,1.7631027253668763
SH3BGRL3,0.20964360587002095,0.014675052410901468,2.356394129979036
SH3BP5,0.22012578616352202,0.010482180293501049,2.4339622641509435
SH3GL1,0.21174004192872117,0.020964360587002098,2.3647798742138364
SH3GL2,0.2138364779874214,0.027253668763102725,2.3878406708595388
SH3GL3,0.20964360587002095,0.010482180293501049,2.3815513626834384
SH3GLB1,0.20125786163522014,0.03773584905660377,2.3186582809224316
SH3GLB2,0.2578616352201258,0.0,2.509433962264151
SH3KBP1,0.010482180293501049,0.7714884696016772,1.2389937106918238
SH3PXD2A,0.1928721174004193,0.07547169811320754,2.2536687631027252
SH3PXD2B,0.23060796645702306,0.0,2.452830188679245
SH3RF1,0.2222222222222222,0.016771488469601678,2.3962264150943398
SHANK1,0.22012578616352202,0.008385744234800839,2.4171907756813416
SHARPIN,0.33752620545073375,0.023060796645702306,2.7777777777777777
SHB,0.22851153039832284,0.010482180293501049,2.452830188679245
SHBG,0.12159329140461216,0.19077568134171907,2.0167714884696015
SHC1,0.259958071278826,0.0041928721174004195,2.5157232704402515
SHC4,0.20125786163522014,0.029350104821802937,2.3291404612159328
SHH,0.2620545073375262,0.016771488469601678,2.5241090146750524
SHISA5,0.22012578616352202,0.020964360587002098,2.4150943396226414
SHMT1,0.1970649895178197,0.039832285115303984,2.3291404612159328
SHMT2,0.2222222222222222,0.006289308176100629,2.438155136268344
SHOC2,0.20545073375262055,0.05450733752620545,2.29979035639413
SHPRH,0.20125786163522014,0.023060796645702306,2.3459119496855347
SHQ1,0.1970649895178197,0.10272536687631027,2.289308176100629
SHROOM3,0.22641509433962265,0.008385744234800839,2.4234800838574424
SHTN1,0.20125786163522014,0.039832285115303984,2.3144654088050314
SI,0.28721174004192873,0.006289308176100629,2.5953878406708597
SIAH1,0.20335429769392033,0.07127882599580712,2.3228511530398324
SIAH2,0.27672955974842767,0.008385744234800839,2.5828092243186584
SIGIRR,0.23060796645702306,0.012578616352201259,2.410901467505241
SIGLEC1,0.2180293501048218,0.03773584905660377,2.379454926624738
SIGLEC14,0.22641509433962265,0.0041928721174004195,2.429769392033543
SIGMAR1,0.22431865828092243,0.010482180293501049,2.4339622641509435
SIK1,0.22012578616352202,0.03563941299790356,2.3878406708595388
SIK2,0.21593291404612158,0.05660377358490566,2.3668763102725365
SIK3,0.20964360587002095,0.06289308176100629,2.341719077568134
SIKE1,0.2138364779874214,0.031446540880503145,2.3668763102725365
SIL1,0.22641509433962265,0.016771488469601678,2.408805031446541
SIM1,0.14255765199161424,0.21174004192872117,2.048218029350105
SIM2,0.22012578616352202,0.020964360587002098,2.410901467505241
SIN3A,0.20545073375262055,0.016771488469601678,2.3626834381551363
SIN3B,0.2180293501048218,0.0020964360587002098,2.410901467505241
SIPA1,0.2557651991614256,0.0020964360587002098,2.5052410901467503
SIPA1L1,0.21174004192872117,0.023060796645702306,2.3710691823899372
SIRPA,0.22012578616352202,0.033542976939203356,2.3857442348008386
SIRPB1,0.22012578616352202,0.033542976939203356,2.3857442348008386
SIRPG,0.22012578616352202,0.033542976939203356,2.3857442348008386
SIRT1,0.2180293501048218,0.03773584905660377,2.360587002096436
SIRT2,0.2138364779874214,0.010482180293501049,2.392033542976939
SIRT3,0.23060796645702306,0.012578616352201259,2.410901467505241
SIRT4,0.2431865828092243,0.025157232704402517,2.4339622641509435
SIRT5,0.2222222222222222,0.010482180293501049,2.40041928721174
SIRT6,0.20964360587002095,0.018867924528301886,2.3647798742138364
SIRT7,0.22641509433962265,0.008385744234800839,2.4234800838574424
SIVA1,0.2180293501048218,0.014675052410901468,2.39832285115304
SIX2,0.2138364779874214,0.03563941299790356,2.356394129979036
SIX3,0.2138364779874214,0.039832285115303984,2.352201257861635
SIX4,0.22012578616352202,0.023060796645702306,2.3815513626834384
SIX5,0.2138364779874214,0.012578616352201259,2.3941299790356396
SIX6,0.22431865828092243,0.023060796645702306,2.3878406708595388
SKA1,0.16771488469601678,0.12159329140461216,2.188679245283019
SKA2,0.2180293501048218,0.014675052410901468,2.39832285115304
SKA3,0.20964360587002095,0.0440251572327044,2.358490566037736
SKAP1,0.23060796645702306,0.008385744234800839,2.4255765199161425
SKAP2,0.2893081761006289,0.0041928721174004195,2.6373165618448637
SKI,0.2180293501048218,0.014675052410901468,2.3731656184486374
SKIL,0.2914046121593291,0.0020964360587002098,2.6352201257861636
SKP1,0.21593291404612158,0.031446540880503145,2.379454926624738
SKP2,0.23270440251572327,0.012578616352201259,2.480083857442348
SLA,0.36268343815513626,0.012578616352201259,2.8721174004192873
SLA2,0.22851153039832284,0.020964360587002098,2.4255765199161425
SLAIN2,0.21593291404612158,0.027253668763102725,2.3731656184486374
SLAMF1,0.23270440251572327,0.031446540880503145,2.438155136268344
SLAMF6,0.23270440251572327,0.029350104821802937,2.442348008385744
SLBP,0.22641509433962265,0.016771488469601678,2.406708595387841
SLC10A1,0.21174004192872117,0.020964360587002098,2.3710691823899372
SLC11A2,0.22641509433962265,0.0041928721174004195,2.4276729559748427
SLC12A1,0.20125786163522014,0.029350104821802937,2.3291404612159328
SLC12A2,0.21174004192872117,0.033542976939203356,2.3626834381551363
SLC12A3,0.16352201257861634,0.13626834381551362,2.1677148846960166
SLC12A5,0.23270440251572327,0.010482180293501049,2.4716981132075473
SLC12A6,0.20545073375262055,0.03563941299790356,2.341719077568134
SLC13A5,0.13836477987421383,0.13626834381551362,2.109014675052411
SLC15A4,0.22641509433962265,0.04821802935010482,2.3878406708595388
SLC15A5,0.18867924528301888,0.10062893081761007,2.2725366876310273
SLC16A1,0.20964360587002095,0.029350104821802937,2.358490566037736
SLC16A13,0.129979035639413,0.15723270440251572,2.071578947368421
SLC16A2,0.008385744234800839,0.7861635220125787,1.2180293501048218
SLC16A3,0.23060796645702306,0.008385744234800839,2.448637316561845
SLC16A4,0.20335429769392033,0.03773584905660377,2.3375262054507338
SLC16A7,0.22012578616352202,0.0041928721174004195,2.4360587002096437
SLC17A1,0.22431865828092243,0.010482180293501049,2.40251572327044
SLC17A7,0.2180293501048218,0.0041928721174004195,2.4171907756813416
SLC17A8,0.24947589098532494,0.010482180293501049,2.469601677148847
SLC18A1,0.09433962264150944,0.4088050314465409,1.7463312368972745
SLC18A3,0.20964360587002095,0.041928721174004195,2.3354297693920336
SLC19A1,0.21593291404612158,0.03563941299790356,2.3857442348008386
SLC1A1,0.20964360587002095,0.039832285115303984,2.358490566037736
SLC1A2,0.22851153039832284,0.025157232704402517,2.4046121593291403
SLC20A2,0.18658280922431866,0.1928721174004193,2.19706498951782
SLC22A1,0.1970649895178197,0.039832285115303984,2.3270440251572326
SLC22A12,0.24109014675052412,0.0041928721174004195,2.4737945492662474
SLC22A17,0.2138364779874214,0.008385744234800839,2.3962264150943398
SLC22A2,0.1970649895178197,0.039832285115303984,2.3270440251572326
SLC22A7,0.22851153039832284,0.010482180293501049,2.4129979035639413
SLC22A8,0.23060796645702306,0.008385744234800839,2.4465408805031448
SLC24A5,0.20125786163522014,0.029350104821802937,2.3291404612159328
SLC25A12,0.19916142557651992,0.04821802935010482,2.3228511530398324
SLC25A13,0.29559748427672955,0.006289308176100629,2.641509433962264
SLC25A14,0.010482180293501049,0.779874213836478,1.2348008385744236
SLC25A16,0.2180293501048218,0.03773584905660377,2.3647798742138364
SLC25A17,0.21174004192872117,0.025157232704402517,2.356394129979036
SLC25A20,0.22012578616352202,0.018867924528301886,2.4171907756813416
SLC25A21,0.24737945492662475,0.0041928721174004195,2.4549266247379453
SLC25A24,0.20754716981132076,0.031446540880503145,2.3459119496855347
SLC25A25,0.2641509433962264,0.0,2.538784067085954
SLC25A26,0.22641509433962265,0.023060796645702306,2.4318658280922434
SLC25A27,0.22431865828092243,0.012578616352201259,2.410901467505241
SLC25A28,0.1928721174004193,0.07966457023060797,2.2536687631027252
SLC25A3,0.25157232704402516,0.008385744234800839,2.49895178197065
SLC25A31,0.20964360587002095,0.04821802935010482,2.339622641509434
SLC25A4,0.2138364779874214,0.012578616352201259,2.3752620545073375
SLC25A5,0.008385744234800839,0.779874213836478,1.228511530398323
SLC25A6,0.27672955974842767,0.033542976939203356,2.50104821802935
SLC26A6,0.22012578616352202,0.020964360587002098,2.4150943396226414
SLC27A1,0.22012578616352202,0.0,2.4150943396226414
SLC27A2,0.20545073375262055,0.027253668763102725,2.339622641509434
SLC27A5,0.2222222222222222,0.0020964360587002098,2.419287211740042
SLC29A1,0.22851153039832284,0.010482180293501049,2.408805031446541
SLC2A1,0.20545073375262055,0.012578616352201259,2.3542976939203353
SLC2A14,0.18029350104821804,0.08176100628930817,2.2725366876310273
SLC2A2,0.28721174004192873,0.0020964360587002098,2.620545073375262
SLC2A3,0.18029350104821804,0.08385744234800839,2.270440251572327
SLC2A5,0.19916142557651992,0.033542976939203356,2.3228511530398324
SLC2A8,0.2641509433962264,0.0,2.538784067085954
SLC2A9,0.22851153039832284,0.016771488469601678,2.406708595387841
SLC30A1,0.22851153039832284,0.031446540880503145,2.4339622641509435
SLC30A10,0.22851153039832284,0.04612159329140461,2.4150943396226414
SLC30A4,0.20125786163522014,0.03773584905660377,2.3186582809224316
SLC30A5,0.16352201257861634,0.13417190775681342,2.159329140461216
SLC30A6,0.22012578616352202,0.031446540880503145,2.379454926624738
SLC30A7,0.20335429769392033,0.04821802935010482,2.3207547169811322
SLC30A8,0.3668763102725367,0.0041928721174004195,2.8951781970649897
SLC30A9,0.20964360587002095,0.039832285115303984,2.348008385744235
SLC31A1,0.259958071278826,0.0,2.507337526205451
SLC32A1,0.22851153039832284,0.014675052410901468,2.4255765199161425
SLC35A1,0.13417190775681342,0.2641509433962264,1.979035639412998
SLC35A2,0.012578616352201259,0.7735849056603774,1.251572327044025
SLC35A3,0.20335429769392033,0.04821802935010482,2.3186582809224316
SLC35B1,0.22851153039832284,0.006289308176100629,2.429769392033543
SLC35B2,0.22851153039832284,0.010482180293501049,2.408805031446541
SLC35B4,0.2746331236897275,0.010482180293501049,2.5639412997903563
SLC35C1,0.21593291404612158,0.04821802935010482,2.3668763102725365
SLC35C2,0.2348008385744235,0.010482180293501049,2.4737945492662474
SLC35E3,0.24109014675052412,0.0041928721174004195,2.4654088050314464
SLC35G5,0.11740041928721175,0.33752620545073375,1.880503144654088
SLC38A9,0.16771488469601678,0.1320754716981132,2.1761006289308176
SLC39A1,0.2578616352201258,0.0,2.5241090146750524
SLC39A10,0.2222222222222222,0.012578616352201259,2.40251572327044
SLC39A11,0.22851153039832284,0.018867924528301886,2.419287211740042
SLC39A13,0.2180293501048218,0.050314465408805034,2.3647798742138364
SLC39A14,0.0859538784067086,0.42138364779874216,1.719077568134172
SLC39A2,0.21174004192872117,0.012578616352201259,2.3815513626834384
SLC39A4,0.33752620545073375,0.025157232704402517,2.7714884696016773
SLC39A5,0.2222222222222222,0.0041928721174004195,2.440251572327044
SLC39A6,0.1719077568134172,0.1090146750524109,2.209643605870021
SLC39A7,0.22641509433962265,0.0020964360587002098,2.419287211740042
SLC39A8,0.22431865828092243,0.016771488469601678,2.3962264150943398
SLC39A9,0.20754716981132076,0.020964360587002098,2.3647798742138364
SLC3A1,0.21593291404612158,0.039832285115303984,2.356394129979036
SLC3A2,0.23060796645702306,0.008385744234800839,2.442348008385744
SLC40A1,0.2180293501048218,0.014675052410901468,2.40041928721174
SLC44A2,0.2138364779874214,0.008385744234800839,2.3815513626834384
SLC45A2,0.23060796645702306,0.016771488469601678,2.4716981132075473
SLC47A1,0.1970649895178197,0.027253668763102725,2.3270440251572326
SLC4A1,0.18867924528301888,0.14255765199161424,2.20125786163522
SLC4A4,0.23270440251572327,0.0041928721174004195,2.4360587002096437
SLC4A7,0.22012578616352202,0.008385744234800839,2.429769392033543
SLC51A,0.24109014675052412,0.039832285115303984,2.4276729559748427
SLC51B,0.20545073375262055,0.014675052410901468,2.356394129979036
SLC5A1,0.20125786163522014,0.029350104821802937,2.3375262054507338
SLC5A2,0.22851153039832284,0.010482180293501049,2.4150943396226414
SLC5A4,0.20335429769392033,0.029350104821802937,2.341719077568134
SLC5A6,0.22641509433962265,0.008385744234800839,2.4213836477987423
SLC5A7,0.2180293501048218,0.012578616352201259,2.3857442348008386
SLC5A8,0.24528301886792453,0.006289308176100629,2.469601677148847
SLC6A1,0.20964360587002095,0.033542976939203356,2.3815513626834384
SLC6A17,0.20335429769392033,0.03563941299790356,2.3375262054507338
SLC6A3,0.2348008385744235,0.0041928721174004195,2.490566037735849
SLC6A4,0.20964360587002095,0.018867924528301886,2.3731656184486374
SLC6A9,0.20754716981132076,0.012578616352201259,2.358490566037736
SLC7A10,0.2222222222222222,0.006289308176100629,2.4129979035639413
SLC7A11,0.22012578616352202,0.018867924528301886,2.392033542976939
SLC7A5,0.129979035639413,0.259958071278826,1.960167714884696
SLC7A6,0.16142557651991615,0.15932914046121593,2.1362683438155137
SLC7A7,0.21174004192872117,0.010482180293501049,2.389937106918239
SLC7A8,0.21174004192872117,0.008385744234800839,2.392033542976939
SLC7A9,0.2222222222222222,0.0041928721174004195,2.419287211740042
SLC8A1,0.2180293501048218,0.039832285115303984,2.356394129979036
SLC8A2,0.21174004192872117,0.031446540880503145,2.3752620545073375
SLC8A3,0.21174004192872117,0.020964360587002098,2.3731656184486374
SLC9A1,0.20754716981132076,0.016771488469601678,2.352201257861635
SLC9A2,0.2222222222222222,0.006289308176100629,2.406708595387841
SLC9A3,0.2348008385744235,0.006289308176100629,2.488469601677149
SLC9A5,0.16352201257861634,0.1488469601677149,2.153039832285115
SLCO1A2,0.18867924528301888,0.08385744234800839,2.2830188679245285
SLCO1B1,0.19077568134171907,0.07966457023060797,2.289308176100629
SLCO1C1,0.19077568134171907,0.0859538784067086,2.280922431865828
SLCO4C1,0.1761006289308176,0.1278825995807128,2.192872117400419
SLF1,0.19077568134171907,0.11530398322851153,2.238993710691824
SLIRP,0.20964360587002095,0.020964360587002098,2.368972746331237
SLIT1,0.1928721174004193,0.07966457023060797,2.249475890985325
SLIT2,0.21174004192872117,0.03773584905660377,2.352201257861635
SLIT3,0.22851153039832284,0.0041928721174004195,2.448637316561845
SLITRK1,0.16561844863731656,0.1488469601677149,2.146750524109015
SLITRK5,0.17819706498951782,0.14465408805031446,2.180293501048218
SLK,0.19077568134171907,0.07337526205450734,2.2536687631027252
SLMAP,0.22431865828092243,0.012578616352201259,2.4339622641509435
SLN,0.23060796645702306,0.04612159329140461,2.40041928721174
SLPI,0.23270440251572327,0.008385744234800839,2.4716981132075473
SLTM,0.20964360587002095,0.027253668763102725,2.348008385744235
SLU7,0.23270440251572327,0.008385744234800839,2.4360587002096437
SLURP1,0.33962264150943394,0.020964360587002098,2.7756813417190775
SLX4,0.24528301886792453,0.0041928721174004195,2.452830188679245
SMAD1,0.2222222222222222,0.010482180293501049,2.39832285115304
SMAD2,0.1719077568134172,0.11740041928721175,2.19916142557652
SMAD3,0.20545073375262055,0.014675052410901468,2.3626834381551363
SMAD4,0.16981132075471697,0.12368972746331237,2.190775681341719
SMAD5,0.22012578616352202,0.018867924528301886,2.39832285115304
SMAD6,0.20754716981132076,0.014675052410901468,2.3647798742138364
SMAD7,0.16981132075471697,0.11949685534591195,2.1949685534591197
SMAD9,0.1509433962264151,0.1949685534591195,2.0712788259958073
SMAP1,0.18658280922431866,0.1090146750524109,2.2348008385744236
SMAP2,0.21174004192872117,0.010482180293501049,2.3710691823899372
SMARCA1,0.010482180293501049,0.779874213836478,1.2327044025157232
SMARCA2,0.2138364779874214,0.03773584905660377,2.358490566037736
SMARCA4,0.2138364779874214,0.012578616352201259,2.3773584905660377
SMARCA5,0.22431865828092243,0.008385744234800839,2.40041928721174
SMARCAD1,0.2222222222222222,0.023060796645702306,2.389937106918239
SMARCAL1,0.22012578616352202,0.016771488469601678,2.39832285115304
SMARCB1,0.20754716981132076,0.027253668763102725,2.348008385744235
SMARCC1,0.21593291404612158,0.025157232704402517,2.408805031446541
SMARCC2,0.2222222222222222,0.0041928721174004195,2.450733752620545
SMARCD1,0.21593291404612158,0.0020964360587002098,2.4234800838574424
SMARCD2,0.22851153039832284,0.010482180293501049,2.4255765199161425
SMARCD3,0.27044025157232704,0.012578616352201259,2.547169811320755
SMARCE1,0.20964360587002095,0.0440251572327044,2.3375262054507338
SMC1A,0.008385744234800839,0.779874213836478,1.2327044025157232
SMC1B,0.19916142557651992,0.050314465408805034,2.3060796645702304
SMC2,0.2557651991614256,0.006289308176100629,2.5262054507337526
SMC3,0.20545073375262055,0.0440251572327044,2.310272536687631
SMC4,0.2746331236897275,0.0020964360587002098,2.5723270440251573
SMC5,0.23689727463312368,0.010482180293501049,2.457023060796646
SMC6,0.2222222222222222,0.010482180293501049,2.408805031446541
SMCHD1,0.21174004192872117,0.05870020964360587,2.3438155136268346
SMDT1,0.20545073375262055,0.029350104821802937,2.339622641509434
SMG1,0.2431865828092243,0.0,2.457023060796646
SMG5,0.2348008385744235,0.016771488469601678,2.459119496855346
SMG6,0.16561844863731656,0.07756813417190776,2.211740041928721
SMG7,0.23060796645702306,0.014675052410901468,2.438155136268344
SMG9,0.2138364779874214,0.016771488469601678,2.3815513626834384
SMN1,0.16561844863731656,0.1320754716981132,2.169811320754717
SMN2,0.16561844863731656,0.1320754716981132,2.169811320754717
SMNDC1,0.20545073375262055,0.04612159329140461,2.308176100628931
SMO,0.259958071278826,0.016771488469601678,2.5136268343815513
SMOX,0.22012578616352202,0.039832285115303984,2.379454926624738
SMPD1,0.22851153039832284,0.008385744234800839,2.4213836477987423
SMPD2,0.1488469601677149,0.20754716981132076,2.0649895178197064
SMPD3,0.16142557651991615,0.15932914046121593,2.1362683438155137
SMPD4,0.1761006289308176,0.07547169811320754,2.243186582809224
SMPDL3A,0.18238993710691823,0.1090146750524109,2.220125786163522
SMS,0.008385744234800839,0.7714884696016772,1.2368972746331237
SMTN,0.1949685534591195,0.031446540880503145,2.3228511530398324
SMTNL1,0.22641509433962265,0.012578616352201259,2.4213836477987423
SMU1,0.2222222222222222,0.018867924528301886,2.429769392033543
SMUG1,0.22431865828092243,0.0020964360587002098,2.438155136268344
SMURF1,0.2893081761006289,0.008385744234800839,2.6289308176100628
SMURF2,0.22851153039832284,0.010482180293501049,2.4276729559748427
SMYD1,0.2180293501048218,0.018867924528301886,2.3878406708595388
SMYD2,0.2348008385744235,0.041928721174004195,2.4255765199161425
SMYD3,0.23270440251572327,0.020964360587002098,2.4549266247379453
SNAI1,0.2389937106918239,0.006289308176100629,2.4633123689727463
SNAI2,0.29350104821802936,0.039832285115303984,2.6645702306079664
SNAI3,0.13417190775681342,0.24737945492662475,1.979035639412998
SNAP23,0.1949685534591195,0.03773584905660377,2.3165618448637315
SNAP25,0.2180293501048218,0.031446540880503145,2.3878406708595388
SNAP29,0.2138364779874214,0.025157232704402517,2.3542976939203353
SNAP47,0.22012578616352202,0.06079664570230608,2.3731656184486374
SNAP91,0.14675052410901468,0.2348008385744235,2.0272536687631026
SNAPC1,0.21593291404612158,0.020964360587002098,2.3773584905660377
SNAPC2,0.2138364779874214,0.012578616352201259,2.3773584905660377
SNAPC3,0.2138364779874214,0.027253668763102725,2.392033542976939
SNAPC4,0.2557651991614256,0.0020964360587002098,2.509433962264151
SNAPC5,0.20754716981132076,0.012578616352201259,2.3647798742138364
SNAPIN,0.2557651991614256,0.0,2.519916142557652
SNCA,0.23060796645702306,0.018867924528301886,2.4129979035639413
SNCAIP,0.19916142557651992,0.0440251572327044,2.3354297693920336
SNCB,0.23060796645702306,0.0,2.4360587002096437
SND1,0.259958071278826,0.025157232704402517,2.5052410901467503
SNF8,0.23270440251572327,0.008385744234800839,2.438155136268344
SNIP1,0.20754716981132076,0.014675052410901468,2.356394129979036
SNRNP200,0.2222222222222222,0.006289308176100629,2.406708595387841
SNRNP35,0.22012578616352202,0.03773584905660377,2.379454926624738
SNRNP40,0.21593291404612158,0.012578616352201259,2.3668763102725365
SNRNP48,0.21593291404612158,0.03563941299790356,2.3542976939203353
SNRNP70,0.21174004192872117,0.012578616352201259,2.39832285115304
SNRPA,0.21174004192872117,0.014675052410901468,2.3878406708595388
SNRPA1,0.20545073375262055,0.014675052410901468,2.3731656184486374
SNRPB,0.22012578616352202,0.033542976939203356,2.3857442348008386
SNRPB2,0.21174004192872117,0.027253668763102725,2.3878406708595388
SNRPC,0.22431865828092243,0.006289308176100629,2.4129979035639413
SNRPD1,0.1970649895178197,0.06918238993710692,2.3039832285115303
SNRPD2,0.2138364779874214,0.012578616352201259,2.3941299790356396
SNRPD3,0.20754716981132076,0.029350104821802937,2.341719077568134
SNRPE,0.2431865828092243,0.0020964360587002098,2.492662473794549
SNRPF,0.24737945492662475,0.0041928721174004195,2.50104821802935
SNRPG,0.20545073375262055,0.025157232704402517,2.3542976939203353
SNRPN,0.2222222222222222,0.014675052410901468,2.4318658280922434
SNTA1,0.23689727463312368,0.010482180293501049,2.442348008385744
SNTB1,0.3689727463312369,0.006289308176100629,2.8846960167714886
SNTB2,0.15932914046121593,0.1740041928721174,2.1153039832285114
SNTG2,0.23060796645702306,0.006289308176100629,2.4276729559748427
SNU13,0.20545073375262055,0.031446540880503145,2.3375262054507338
SNUPN,0.20335429769392033,0.016771488469601678,2.358490566037736
SNURF,0.2222222222222222,0.014675052410901468,2.4318658280922434
SNW1,0.20964360587002095,0.020964360587002098,2.368972746331237
SNX1,0.20335429769392033,0.012578616352201259,2.360587002096436
SNX11,0.22641509433962265,0.008385744234800839,2.419287211740042
SNX12,0.010482180293501049,0.7819706498951782,1.2368972746331237
SNX17,0.22641509433962265,0.008385744234800839,2.4213836477987423
SNX18,0.1761006289308176,0.1090146750524109,2.2180293501048216
SNX2,0.19916142557651992,0.041928721174004195,2.339622641509434
SNX20,0.1719077568134172,0.12159329140461216,2.19916142557652
SNX24,0.19916142557651992,0.041928721174004195,2.339622641509434
SNX27,0.24947589098532494,0.0,2.5283018867924527
SNX3,0.14465408805031446,0.21174004192872117,2.056603773584906
SNX4,0.2662473794549266,0.016771488469601678,2.5136268343815513
SNX5,0.20754716981132076,0.027253668763102725,2.379454926624738
SNX6,0.22431865828092243,0.006289308176100629,2.4129979035639413
SNX7,0.1970649895178197,0.0440251572327044,2.308176100628931
SNX8,0.27882599580712786,0.014675052410901468,2.561844863731656
SNX9,0.20754716981132076,0.03563941299790356,2.348008385744235
SOAT1,0.22641509433962265,0.016771488469601678,2.4360587002096437
SOAT2,0.22851153039832284,0.0020964360587002098,2.442348008385744
SOCS1,0.24737945492662475,0.0041928721174004195,2.457023060796646
SOCS2,0.24737945492662475,0.0,2.50104821802935
SOCS3,0.23270440251572327,0.025157232704402517,2.4150943396226414
SOCS6,0.1530398322851153,0.1509433962264151,2.119496855345912
SOD1,0.21593291404612158,0.016771488469601678,2.40251572327044
SOD2,0.19916142557651992,0.033542976939203356,2.3375262054507338
SOD3,0.21593291404612158,0.03773584905660377,2.358490566037736
SOHLH1,0.2557651991614256,0.0020964360587002098,2.507337526205451
SOHLH2,0.15723270440251572,0.16771488469601678,2.109014675052411
SON,0.2222222222222222,0.012578616352201259,2.4213836477987423
SORBS1,0.18029350104821804,0.08385744234800839,2.230607966457023
SORBS3,0.08385744234800839,0.42138364779874216,1.7106918238993711
SORD,0.20335429769392033,0.03773584905660377,2.3207547169811322
SORL1,0.2180293501048218,0.04612159329140461,2.379454926624738
SORT1,0.20754716981132076,0.029350104821802937,2.3459119496855347
SOS2,0.22851153039832284,0.0041928721174004195,2.4171907756813416
SOST,0.1928721174004193,0.1111111111111111,2.241090146750524
SOSTDC1,0.28721174004192873,0.016771488469601678,2.5870020964360587
SOX1,0.1928721174004193,0.06918238993710692,2.2851153039832286
SOX10,0.21174004192872117,0.018867924528301886,2.3710691823899372
SOX13,0.24528301886792453,0.0020964360587002098,2.49685534591195
SOX17,0.3060796645702306,0.027253668763102725,2.7148846960167714
SOX2,0.2620545073375262,0.012578616352201259,2.5262054507337526
SOX3,0.014675052410901468,0.7777777777777778,1.2327044025157232
SOX4,0.23060796645702306,0.018867924528301886,2.4046121593291403
SOX5,0.1949685534591195,0.07756813417190776,2.30188679245283
SOX6,0.22851153039832284,0.0020964360587002098,2.4255765199161425
SOX9,0.2222222222222222,0.016771488469601678,2.4171907756813416
SP1,0.22641509433962265,0.0020964360587002098,2.438155136268344
SP100,0.22012578616352202,0.016771488469601678,2.392033542976939
SP110,0.2180293501048218,0.016771488469601678,2.389937106918239
SP3,0.19077568134171907,0.05870020964360587,2.2872117400419287
SP7,0.22851153039832284,0.0020964360587002098,2.440251572327044
SPA17,0.22641509433962265,0.04821802935010482,2.3941299790356396
SPACA4,0.20964360587002095,0.016771488469601678,2.389937106918239
SPAG1,0.3731656184486373,0.0020964360587002098,2.939203354297694
SPAG16,0.21593291404612158,0.018867924528301886,2.3878406708595388
SPAG17,0.22012578616352202,0.018867924528301886,2.4129979035639413
SPAG4,0.23270440251572327,0.012578616352201259,2.4339622641509435
SPAG5,0.21174004192872117,0.016771488469601678,2.3731656184486374
SPAG6,0.21174004192872117,0.031446540880503145,2.3731656184486374
SPAG7,0.15723270440251572,0.0880503144654088,2.1844863731656186
SPAG9,0.22641509433962265,0.012578616352201259,2.4213836477987423
SPARC,0.22012578616352202,0.008385744234800839,2.4129979035639413
SPARCL1,0.22851153039832284,0.018867924528301886,2.3962264150943398
SPART,0.15513626834381553,0.1761006289308176,2.0964360587002098
SPATA13,0.20335429769392033,0.03563941299790356,2.3333333333333335
SPATA2,0.2389937106918239,0.006289308176100629,2.4654088050314464
SPATC1,0.33752620545073375,0.023060796645702306,2.7777777777777777
SPC24,0.2138364779874214,0.010482180293501049,2.379454926624738
SPC25,0.1949685534591195,0.05241090146750524,2.310272536687631
SPCS1,0.22012578616352202,0.018867924528301886,2.419287211740042
SPCS2,0.25366876310272535,0.0020964360587002098,2.490566037735849
SPCS3,0.21174004192872117,0.025157232704402517,2.356394129979036
SPDL1,0.22851153039832284,0.008385744234800839,2.442348008385744
SPDYA,0.22641509433962265,0.010482180293501049,2.4171907756813416
SPECC1,0.20125786163522014,0.027253668763102725,2.3438155136268346
SPEN,0.20754716981132076,0.023060796645702306,2.3438155136268346
SPG11,0.20125786163522014,0.03773584905660377,2.3165618448637315
SPG7,0.13626834381551362,0.23270440251572327,1.9979035639412999
SPHK1,0.23060796645702306,0.020964360587002098,2.419287211740042
SPHK2,0.20964360587002095,0.014675052410901468,2.392033542976939
SPHKAP,0.2180293501048218,0.018867924528301886,2.389937106918239
SPI1,0.2180293501048218,0.05660377358490566,2.356394129979036
SPIB,0.2180293501048218,0.006289308176100629,2.4171907756813416
SPIC,0.2431865828092243,0.0041928721174004195,2.469601677148847
SPICE1,0.24109014675052412,0.025157232704402517,2.448637316561845
SPIN1,0.2557651991614256,0.010482180293501049,2.4821802935010484
SPINK1,0.22641509433962265,0.012578616352201259,2.4129979035639413
SPINK2,0.2180293501048218,0.016771488469601678,2.389937106918239
SPINK5,0.22641509433962265,0.010482180293501049,2.4150943396226414
SPINK6,0.22641509433962265,0.010482180293501049,2.4150943396226414
SPINK9,0.22641509433962265,0.010482180293501049,2.4150943396226414
SPINT1,0.19916142557651992,0.039832285115303984,2.3249475890985325
SPINT2,0.22012578616352202,0.008385744234800839,2.408805031446541
SPIRE1,0.21174004192872117,0.04821802935010482,2.356394129979036
SPIRE2,0.14046121593291405,0.22641509433962265,2.0125786163522013
SPN,0.23270440251572327,0.010482180293501049,2.4255765199161425
SPNS1,0.23270440251572327,0.010482180293501049,2.4255765199161425
SPNS3,0.15723270440251572,0.09224318658280922,2.180293501048218
SPO11,0.2389937106918239,0.008385744234800839,2.4675052410901466
SPOCK3,0.22431865828092243,0.025157232704402517,2.379454926624738
SPON1,0.22641509433962265,0.0041928721174004195,2.4171907756813416
SPOP,0.22851153039832284,0.006289308176100629,2.429769392033543
SPOPL,0.15932914046121593,0.09853249475890985,2.1844863731656186
SPP1,0.22641509433962265,0.018867924528301886,2.3962264150943398
SPP2,0.22012578616352202,0.029350104821802937,2.3731656184486374
SPPL2A,0.20545073375262055,0.027253668763102725,2.339622641509434
SPPL2B,0.21174004192872117,0.027253668763102725,2.350104821802935
SPPL3,0.24109014675052412,0.025157232704402517,2.429769392033543
SPR,0.2138364779874214,0.023060796645702306,2.3731656184486374
SPRED1,0.1970649895178197,0.03773584905660377,2.3270440251572326
SPRED2,0.2180293501048218,0.027253668763102725,2.3773584905660377
SPRED3,0.22012578616352202,0.008385744234800839,2.408805031446541
SPRR1A,0.24737945492662475,0.006289308176100629,2.50314465408805
SPRR1B,0.24947589098532494,0.006289308176100629,2.5052410901467503
SPRR2A,0.25157232704402516,0.006289308176100629,2.507337526205451
SPRR2E,0.25157232704402516,0.006289308176100629,2.507337526205451
SPRR2G,0.24947589098532494,0.0020964360587002098,2.507337526205451
SPRR3,0.24737945492662475,0.006289308176100629,2.50314465408805
SPRTN,0.22851153039832284,0.06079664570230608,2.3773584905660377
SPRY1,0.20964360587002095,0.050314465408805034,2.3354297693920336
SPRY2,0.1530398322851153,0.17819706498951782,2.0838574423480085
SPRY3,0.041928721174004195,0.7777777777777778,1.2075471698113207
SPRY4,0.22012578616352202,0.012578616352201259,2.410901467505241
SPSB1,0.19916142557651992,0.033542976939203356,2.3207547169811322
SPSB4,0.27253668763102723,0.010482180293501049,2.59958071278826
SPTAN1,0.2578616352201258,0.0,2.509433962264151
SPTBN1,0.22012578616352202,0.027253668763102725,2.3773584905660377
SPTBN2,0.2620545073375262,0.0,2.5136268343815513
SPTBN4,0.21174004192872117,0.012578616352201259,2.392033542976939
SPTBN5,0.1949685534591195,0.03773584905660377,2.3207547169811322
SPTLC1,0.2620545073375262,0.010482180293501049,2.49895178197065
SPTLC2,0.21174004192872117,0.018867924528301886,2.3731656184486374
SPTLC3,0.21593291404612158,0.029350104821802937,2.389937106918239
SPTSSA,0.22431865828092243,0.0041928721174004195,2.4150943396226414
SPTSSB,0.27253668763102723,0.008385744234800839,2.5681341719077566
SQLE,0.3710691823899371,0.0041928721174004195,2.9266247379454926
SQOR,0.20125786163522014,0.033542976939203356,2.3228511530398324
SQSTM1,0.23060796645702306,0.0020964360587002098,2.440251572327044
SRA1,0.2222222222222222,0.010482180293501049,2.408805031446541
SRC,0.22641509433962265,0.016771488469601678,2.4213836477987423
SRCAP,0.22851153039832284,0.010482180293501049,2.4171907756813416
SRCIN1,0.20964360587002095,0.031446540880503145,2.356394129979036
SRD5A2,0.22012578616352202,0.029350104821802937,2.3836477987421385
SRD5A3,0.2138364779874214,0.012578616352201259,2.3836477987421385
SREBF1,0.19077568134171907,0.04821802935010482,2.29769392033543
SREBF2,0.20545073375262055,0.029350104821802937,2.339622641509434
SREK1,0.1740041928721174,0.13417190775681342,2.180293501048218
SRF,0.22851153039832284,0.008385744234800839,2.419287211740042
SRGAP1,0.22851153039832284,0.012578616352201259,2.438155136268344
SRGAP2,0.24109014675052412,0.016771488469601678,2.4716981132075473
SRGAP3,0.2180293501048218,0.041928721174004195,2.3836477987421385
SRGN,0.21593291404612158,0.033542976939203356,2.3647798742138364
SRI,0.28721174004192873,0.0020964360587002098,2.6247379454926625
SRL,0.2431865828092243,0.010482180293501049,2.440251572327044
SRM,0.19916142557651992,0.033542976939203356,2.3186582809224316
SRP14,0.1949685534591195,0.041928721174004195,2.3186582809224316
SRP19,0.1949685534591195,0.07547169811320754,2.293501048218029
SRP54,0.22431865828092243,0.006289308176100629,2.4171907756813416
SRP68,0.23270440251572327,0.018867924528301886,2.4234800838574424
SRP9,0.2222222222222222,0.05870020964360587,2.3773584905660377
SRPK1,0.2222222222222222,0.008385744234800839,2.408805031446541
SRPK2,0.2746331236897275,0.014675052410901468,2.5786163522012577
SRPRA,0.2222222222222222,0.04612159329140461,2.392033542976939
SRPRB,0.27253668763102723,0.006289308176100629,2.5765199161425576
SRPX2,0.006289308176100629,0.7777777777777778,1.2264150943396226
SRR,0.16561844863731656,0.07756813417190776,2.211740041928721
SRRM1,0.21174004192872117,0.025157232704402517,2.348008385744235
SRRM2,0.24947589098532494,0.0041928721174004195,2.4675052410901466
SRRM4,0.24109014675052412,0.016771488469601678,2.4444444444444446
SRRT,0.28721174004192873,0.006289308176100629,2.6163522012578615
SRSF1,0.2138364779874214,0.023060796645702306,2.379454926624738
SRSF10,0.20545073375262055,0.031446540880503145,2.3333333333333335
SRSF11,0.20125786163522014,0.03773584905660377,2.3123689727463312
SRSF12,0.13836477987421383,0.259958071278826,1.9895178197064989
SRSF2,0.23270440251572327,0.023060796645702306,2.419287211740042
SRSF3,0.2222222222222222,0.0041928721174004195,2.410901467505241
SRSF4,0.20335429769392033,0.018867924528301886,2.3459119496855347
SRSF5,0.21174004192872117,0.020964360587002098,2.3710691823899372
SRSF6,0.23270440251572327,0.010482180293501049,2.4675052410901466
SRSF7,0.21593291404612158,0.04612159329140461,2.352201257861635
SRSF8,0.24109014675052412,0.020964360587002098,2.450733752620545
SRSF9,0.24109014675052412,0.025157232704402517,2.429769392033543
SRXN1,0.2180293501048218,0.03563941299790356,2.3857442348008386
SS18,0.17819706498951782,0.08385744234800839,2.249475890985325
SS18L1,0.24109014675052412,0.0041928721174004195,2.457023060796646
SSB,0.1928721174004193,0.05660377358490566,2.30188679245283
SSBP1,0.2809224318658281,0.010482180293501049,2.5723270440251573
SSBP2,0.1949685534591195,0.0649895178197065,2.2955974842767297
SSBP4,0.2180293501048218,0.0,2.4129979035639413
SSH1,0.24109014675052412,0.010482180293501049,2.452830188679245
SSH2,0.2138364779874214,0.016771488469601678,2.3815513626834384
SSH3,0.2641509433962264,0.0,2.5345911949685536
SSNA1,0.25366876310272535,0.0,2.5136268343815513
SSPN,0.20335429769392033,0.07547169811320754,2.3207547169811322
SSR1,0.20964360587002095,0.03773584905660377,2.339622641509434
SSR2,0.2389937106918239,0.016771488469601678,2.4654088050314464
SSR3,0.27044025157232704,0.006289308176100629,2.557651991614256
SSR4,0.010482180293501049,0.7840670859538784,1.230607966457023
SSRP1,0.22641509433962265,0.012578616352201259,2.4213836477987423
SSTR1,0.2348008385744235,0.0020964360587002098,2.4339622641509435
SSTR2,0.22641509433962265,0.018867924528301886,2.4150943396226414
SSTR3,0.21593291404612158,0.020964360587002098,2.3668763102725365
SSTR5,0.2431865828092243,0.010482180293501049,2.442348008385744
SSU72,0.21174004192872117,0.016771488469601678,2.3626834381551363
SSX1,0.012578616352201259,0.7756813417190775,1.249475890985325
SSX2,0.008385744234800839,0.779874213836478,1.2327044025157232
SSX2B,0.008385744234800839,0.779874213836478,1.2327044025157232
SSX2IP,0.1970649895178197,0.0440251572327044,2.3039832285115303
SSX3,0.012578616352201259,0.7756813417190775,1.249475890985325
SSX7,0.008385744234800839,0.779874213836478,1.2327044025157232
ST13,0.21174004192872117,0.025157232704402517,2.356394129979036
ST14,0.23060796645702306,0.03563941299790356,2.4213836477987423
ST3GAL1,0.36268343815513626,0.014675052410901468,2.8846960167714886
ST3GAL2,0.16142557651991615,0.20125786163522014,2.092243186582809
ST3GAL3,0.20754716981132076,0.014675052410901468,2.356394129979036
ST3GAL4,0.2222222222222222,0.0440251572327044,2.3941299790356396
ST3GAL5,0.22431865828092243,0.014675052410901468,2.40041928721174
ST3GAL6,0.2431865828092243,0.014675052410901468,2.461215932914046
ST6GAL1,0.25366876310272535,0.014675052410901468,2.4821802935010484
ST6GAL2,0.22012578616352202,0.014675052410901468,2.3857442348008386
ST6GALNAC1,0.23270440251572327,0.023060796645702306,2.419287211740042
ST6GALNAC2,0.23270440251572327,0.020964360587002098,2.4213836477987423
ST6GALNAC3,0.1949685534591195,0.0440251572327044,2.30188679245283
ST6GALNAC4,0.2641509433962264,0.0,2.538784067085954
ST6GALNAC5,0.19077568134171907,0.04821802935010482,2.29979035639413
ST8SIA1,0.19077568134171907,0.08176100628930817,2.289308176100629
ST8SIA2,0.21174004192872117,0.006289308176100629,2.3878406708595388
ST8SIA4,0.16981132075471697,0.1488469601677149,2.1446540880503147
ST8SIA5,0.1740041928721174,0.11740041928721175,2.2054507337526204
STAB1,0.22012578616352202,0.020964360587002098,2.4171907756813416
STAB2,0.24109014675052412,0.008385744234800839,2.4654088050314464
STAC,0.22851153039832284,0.0041928721174004195,2.4465408805031448
STAG1,0.27253668763102723,0.006289308176100629,2.6121593291404612
STAG2,0.008385744234800839,0.779874213836478,1.228511530398323
STAG3,0.2851153039832285,0.008385744234800839,2.610062893081761
STAM,0.2138364779874214,0.03773584905660377,2.3647798742138364
STAM2,0.19077568134171907,0.0649895178197065,2.289308176100629
STAMBP,0.21174004192872117,0.027253668763102725,2.3626834381551363
STAP1,0.2222222222222222,0.018867924528301886,2.392033542976939
STAP2,0.21174004192872117,0.018867924528301886,2.3668763102725365
STAR,0.18448637316561844,0.2222222222222222,2.169811320754717
STARD13,0.16981132075471697,0.13417190775681342,2.161425576519916
STARD3,0.21174004192872117,0.031446540880503145,2.438155136268344
STARD3NL,0.2851153039832285,0.0020964360587002098,2.6226415094339623
STARD8,0.014675052410901468,0.7777777777777778,1.249475890985325
STAT1,0.2180293501048218,0.010482180293501049,2.4046121593291403
STAT2,0.2222222222222222,0.0041928721174004195,2.440251572327044
STAT3,0.20964360587002095,0.06918238993710692,2.3060796645702304
STAT4,0.2180293501048218,0.010482180293501049,2.4046121593291403
STAT5A,0.20754716981132076,0.06918238993710692,2.30188679245283
STAT5B,0.20754716981132076,0.06708595387840671,2.3039832285115303
STAT6,0.2222222222222222,0.0020964360587002098,2.442348008385744
STATH,0.21593291404612158,0.014675052410901468,2.389937106918239
STAU1,0.2348008385744235,0.006289308176100629,2.448637316561845
STBD1,0.22641509433962265,0.008385744234800839,2.419287211740042
STC2,0.22851153039832284,0.0020964360587002098,2.440251572327044
STEAP3,0.19077568134171907,0.06079664570230608,2.2851153039832286
STH,0.1970649895178197,0.08385744234800839,2.280922431865828
STIL,0.20125786163522014,0.031446540880503145,2.3291404612159328
STIM1,0.22641509433962265,0.014675052410901468,2.410901467505241
STIM2,0.21593291404612158,0.03773584905660377,2.356394129979036
STIP1,0.2389937106918239,0.0041928721174004195,2.4716981132075473
STK10,0.23060796645702306,0.0020964360587002098,2.450733752620545
STK11,0.2138364779874214,0.016771488469601678,2.3647798742138364
STK24,0.18448637316561844,0.09014675052410902,2.241090146750524
STK25,0.2138364779874214,0.020964360587002098,2.3773584905660377
STK26,0.010482180293501049,0.779874213836478,1.2348008385744236
STK3,0.3668763102725367,0.0020964360587002098,2.9287211740041927
STK35,0.22012578616352202,0.033542976939203356,2.3857442348008386
STK36,0.2222222222222222,0.020964360587002098,2.389937106918239
STK38,0.22431865828092243,0.0041928721174004195,2.4150943396226414
STK38L,0.20545073375262055,0.06708595387840671,2.331236897274633
STK39,0.1970649895178197,0.05450733752620545,2.3165618448637315
STK4,0.23270440251572327,0.008385744234800839,2.469601677148847
STK40,0.20754716981132076,0.014675052410901468,2.358490566037736
STMN1,0.20964360587002095,0.014675052410901468,2.356394129979036
STMN4,0.09433962264150944,0.389937106918239,1.771488469601677
STN1,0.1928721174004193,0.07547169811320754,2.2536687631027252
STOM,0.25366876310272535,0.0041928721174004195,2.530398322851153
STOML2,0.23060796645702306,0.010482180293501049,2.4465408805031448
STOML3,0.13626834381551362,0.24947589098532494,1.9769392033542976
STON1,0.22431865828092243,0.025157232704402517,2.3857442348008386
STON2,0.22012578616352202,0.014675052410901468,2.4046121593291403
STRA6,0.20125786163522014,0.020964360587002098,2.3542976939203353
STRA8,0.27882599580712786,0.014675052410901468,2.5681341719077566
STRADA,0.22851153039832284,0.010482180293501049,2.4255765199161425
STRADB,0.2138364779874214,0.012578616352201259,2.3941299790356396
STRAP,0.18658280922431866,0.10062893081761007,2.2683438155136266
STRBP,0.2557651991614256,0.0020964360587002098,2.511530398322851
STRIP1,0.20545073375262055,0.033542976939203356,2.3438155136268346
STRIP2,0.259958071278826,0.016771488469601678,2.5157232704402515
STRN,0.21593291404612158,0.03563941299790356,2.3710691823899372
STRN3,0.21593291404612158,0.006289308176100629,2.39832285115304
STRN4,0.21174004192872117,0.018867924528301886,2.389937106918239
STS,0.014675052410901468,0.7693920335429769,1.259958071278826
STT3A,0.22431865828092243,0.04612159329140461,2.3941299790356396
STT3B,0.22641509433962265,0.008385744234800839,2.440251572327044
STUB1,0.2389937106918239,0.012578616352201259,2.4360587002096437
STX10,0.2138364779874214,0.014675052410901468,2.3773584905660377
STX11,0.20964360587002095,0.031446540880503145,2.350104821802935
STX12,0.20545073375262055,0.018867924528301886,2.3459119496855347
STX16,0.2389937106918239,0.0041928721174004195,2.461215932914046
STX17,0.259958071278826,0.006289308176100629,2.507337526205451
STX18,0.2180293501048218,0.016771488469601678,2.3857442348008386
STX19,0.24528301886792453,0.012578616352201259,2.4675052410901466
STX1A,0.2830188679245283,0.0,2.59958071278826
STX1B,0.22851153039832284,0.010482180293501049,2.4171907756813416
STX2,0.2180293501048218,0.039832285115303984,2.3710691823899372
STX3,0.23689727463312368,0.006289308176100629,2.448637316561845
STX4,0.22851153039832284,0.010482180293501049,2.4171907756813416
STX5,0.23270440251572327,0.008385744234800839,2.4465408805031448
STX6,0.22851153039832284,0.010482180293501049,2.4444444444444446
STX7,0.2180293501048218,0.018867924528301886,2.3878406708595388
STX8,0.14465408805031446,0.1090146750524109,2.138364779874214
STXBP1,0.2641509433962264,0.0,2.538784067085954
STXBP2,0.21593291404612158,0.012578616352201259,2.379454926624738
STXBP3,0.20754716981132076,0.031446540880503145,2.3459119496855347
STXBP4,0.2222222222222222,0.012578616352201259,2.419287211740042
STXBP5,0.20125786163522014,0.029350104821802937,2.3375262054507338
STXBP5L,0.25157232704402516,0.014675052410901468,2.49685534591195
STXBP6,0.22012578616352202,0.006289308176100629,2.408805031446541
SUB1,0.23270440251572327,0.010482180293501049,2.4779874213836477
SUCLG1,0.22431865828092243,0.014675052410901468,2.408805031446541
SUCLG2,0.22431865828092243,0.027253668763102725,2.4234800838574424
SUCNR1,0.27672955974842767,0.006289308176100629,2.5765199161425576
SUDS3,0.24528301886792453,0.018867924528301886,2.4444444444444446
SUFU,0.1928721174004193,0.07127882599580712,2.257861635220126
SUGP1,0.22431865828092243,0.0,2.419287211740042
SUGT1,0.1278825995807128,0.2641509433962264,1.9412997903563942
SULT1A2,0.23689727463312368,0.008385744234800839,2.4318658280922434
SULT1E1,0.21593291404612158,0.018867924528301886,2.3857442348008386
SULT2A1,0.2138364779874214,0.025157232704402517,2.3878406708595388
SULT2B1,0.21174004192872117,0.018867924528301886,2.392033542976939
SULT4A1,0.19916142557651992,0.0440251572327044,2.3186582809224316
SUMF1,0.22431865828092243,0.027253668763102725,2.4276729559748427
SUMF2,0.2809224318658281,0.0041928721174004195,2.5786163522012577
SUMO1,0.21593291404612158,0.016771488469601678,2.392033542976939
SUMO2,0.23060796645702306,0.016771488469601678,2.4213836477987423
SUMO3,0.2180293501048218,0.033542976939203356,2.389937106918239
SUN1,0.27253668763102723,0.016771488469601678,2.551362683438155
SUN2,0.20754716981132076,0.020964360587002098,2.358490566037736
SUOX,0.22431865828092243,0.0041928721174004195,2.452830188679245
SUPT16H,0.20754716981132076,0.012578616352201259,2.3773584905660377
SUPT20H,0.1509433962264151,0.19916142557651992,2.060796645702306
SUPT3H,0.22431865828092243,0.012578616352201259,2.39832285115304
SUPT4H1,0.2138364779874214,0.023060796645702306,2.379454926624738
SUPT5H,0.2138364779874214,0.010482180293501049,2.3962264150943398
SUPT6H,0.21174004192872117,0.016771488469601678,2.3731656184486374
SUPT7L,0.22641509433962265,0.008385744234800839,2.4213836477987423
SUPV3L1,0.21174004192872117,0.033542976939203356,2.3542976939203353
SURF1,0.2578616352201258,0.0020964360587002098,2.5262054507337526
SURF4,0.2578616352201258,0.0020964360587002098,2.5262054507337526
SURF6,0.2557651991614256,0.0020964360587002098,2.5241090146750524
SUV39H1,0.012578616352201259,0.7756813417190775,1.249475890985325
SUV39H2,0.2138364779874214,0.039832285115303984,2.360587002096436
SUZ12,0.20964360587002095,0.027253668763102725,2.360587002096436
SV2A,0.25157232704402516,0.0,2.5283018867924527
SV2B,0.21174004192872117,0.006289308176100629,2.3878406708595388
SVIL,0.21174004192872117,0.03563941299790356,2.3626834381551363
SVIP,0.23060796645702306,0.006289308176100629,2.4213836477987423
SWSAP1,0.2138364779874214,0.012578616352201259,2.3773584905660377
SYBU,0.3731656184486373,0.014675052410901468,2.90146750524109
SYCE1,0.1970649895178197,0.05870020964360587,2.2872117400419287
SYCE2,0.2138364779874214,0.014675052410901468,2.3773584905660377
SYCE3,0.20335429769392033,0.0440251572327044,2.3207547169811322
SYCN,0.2138364779874214,0.008385744234800839,2.3962264150943398
SYCP1,0.21174004192872117,0.033542976939203356,2.360587002096436
SYCP2,0.2389937106918239,0.0041928721174004195,2.4654088050314464
SYCP3,0.2431865828092243,0.008385744234800839,2.4654088050314464
SYDE1,0.22012578616352202,0.0020964360587002098,2.408805031446541
SYDE2,0.1970649895178197,0.041928721174004195,2.3039832285115303
SYF2,0.20964360587002095,0.020964360587002098,2.348008385744235
SYK,0.2557651991614256,0.010482180293501049,2.488469601677149
SYMPK,0.2138364779874214,0.014675052410901468,2.392033542976939
SYN1,0.012578616352201259,0.7756813417190775,1.2410901467505242
SYN2,0.2180293501048218,0.020964360587002098,2.410901467505241
SYN3,0.20335429769392033,0.029350104821802937,2.341719077568134
SYNC,0.21593291404612158,0.012578616352201259,2.3668763102725365
SYNCRIP,0.1320754716981132,0.2620545073375262,1.9748427672955975
SYNE1,0.20754716981132076,0.027253668763102725,2.356394129979036
SYNE2,0.21593291404612158,0.018867924528301886,2.3857442348008386
SYNE4,0.21593291404612158,0.0041928721174004195,2.4046121593291403
SYNGAP1,0.22641509433962265,0.0020964360587002098,2.419287211740042
SYNGR1,0.20545073375262055,0.020964360587002098,2.3542976939203353
SYNGR2,0.23270440251572327,0.025157232704402517,2.4150943396226414
SYNJ1,0.22012578616352202,0.016771488469601678,2.4150943396226414
SYNJ2,0.20545073375262055,0.03563941299790356,2.3438155136268346
SYNJ2BP,0.21174004192872117,0.020964360587002098,2.368972746331237
SYNM,0.21174004192872117,0.010482180293501049,2.3878406708595388
SYNPO,0.2222222222222222,0.0041928721174004195,2.4171907756813416
SYNPR,0.22851153039832284,0.023060796645702306,2.4339622641509435
SYNRG,0.20754716981132076,0.025157232704402517,2.358490566037736
SYP,0.012578616352201259,0.7735849056603774,1.251572327044025
SYS1,0.23270440251572327,0.008385744234800839,2.4716981132075473
SYT1,0.2389937106918239,0.006289308176100629,2.4737945492662474
SYT10,0.21174004192872117,0.039832285115303984,2.3647798742138364
SYT11,0.24109014675052412,0.016771488469601678,2.469601677148847
SYT12,0.2641509433962264,0.0,2.5324947589098534
SYT2,0.2389937106918239,0.006289308176100629,2.4737945492662474
SYT3,0.2180293501048218,0.008385744234800839,2.4150943396226414
SYT4,0.1761006289308176,0.11740041928721175,2.2054507337526204
SYT5,0.23060796645702306,0.0,2.4360587002096437
SYT6,0.21174004192872117,0.027253668763102725,2.3647798742138364
SYT7,0.23270440251572327,0.0041928721174004195,2.452830188679245
SYT9,0.23060796645702306,0.010482180293501049,2.419287211740042
SYTL1,0.20545073375262055,0.016771488469601678,2.348008385744235
SYTL2,0.24737945492662475,0.008385744234800839,2.4654088050314464
SYTL4,0.006289308176100629,0.7777777777777778,1.228511530398323
SYVN1,0.24528301886792453,0.0020964360587002098,2.4821802935010484
SZT2,0.20545073375262055,0.014675052410901468,2.3542976939203353
TAAR1,0.2138364779874214,0.016771488469601678,2.379454926624738
TAAR9,0.21593291404612158,0.016771488469601678,2.3857442348008386
TAB1,0.20545073375262055,0.020964360587002098,2.3542976939203353
TAB2,0.20335429769392033,0.031446540880503145,2.341719077568134
TAB3,0.0041928721174004195,0.779874213836478,1.220125786163522
TAC1,0.2914046121593291,0.0020964360587002098,2.641509433962264
TACC1,0.18238993710691823,0.22012578616352202,2.1740041928721174
TACC2,0.1949685534591195,0.039832285115303984,2.3039832285115303
TACC3,0.22641509433962265,0.016771488469601678,2.406708595387841
TACO1,0.23060796645702306,0.010482180293501049,2.4276729559748427
TACR1,0.2138364779874214,0.020964360587002098,2.3752620545073375
TACR2,0.21174004192872117,0.03563941299790356,2.352201257861635
TACR3,0.2222222222222222,0.012578616352201259,2.39832285115304
TADA1,0.23060796645702306,0.03563941299790356,2.4171907756813416
TADA2A,0.20754716981132076,0.025157232704402517,2.358490566037736
TADA2B,0.2180293501048218,0.016771488469601678,2.3941299790356396
TADA3,0.20754716981132076,0.04612159329140461,2.3710691823899372
TAF1,0.008385744234800839,0.7819706498951782,1.230607966457023
TAF10,0.23060796645702306,0.008385744234800839,2.4234800838574424
TAF11,0.22431865828092243,0.008385744234800839,2.410901467505241
TAF12,0.20335429769392033,0.020964360587002098,2.341719077568134
TAF13,0.20545073375262055,0.029350104821802937,2.3438155136268346
TAF15,0.2138364779874214,0.027253668763102725,2.3647798742138364
TAF1A,0.22851153039832284,0.05241090146750524,2.40251572327044
TAF1B,0.23060796645702306,0.0,2.429769392033543
TAF1C,0.13417190775681342,0.27253668763102723,1.9559748427672956
TAF1D,0.24528301886792453,0.018867924528301886,2.452830188679245
TAF2,0.3668763102725367,0.006289308176100629,2.909853249475891
TAF3,0.2138364779874214,0.031446540880503145,2.358490566037736
TAF4,0.24109014675052412,0.006289308176100629,2.4549266247379453
TAF4B,0.17819706498951782,0.0859538784067086,2.247379454926625
TAF5,0.1928721174004193,0.07966457023060797,2.249475890985325
TAF5L,0.22641509433962265,0.06079664570230608,2.379454926624738
TAF6,0.2851153039832285,0.008385744234800839,2.6121593291404612
TAF6L,0.23270440251572327,0.006289308176100629,2.448637316561845
TAF7,0.2222222222222222,0.010482180293501049,2.410901467505241
TAF7L,0.006289308176100629,0.7777777777777778,1.228511530398323
TAF8,0.22851153039832284,0.006289308176100629,2.419287211740042
TAF9,0.16352201257861634,0.13626834381551362,2.161425576519916
TAF9B,0.006289308176100629,0.779874213836478,1.2264150943396226
TAGAP,0.20545073375262055,0.03563941299790356,2.3459119496855347
TAGLN,0.21174004192872117,0.06289308176100629,2.348008385744235
TAL1,0.20125786163522014,0.031446540880503145,2.3291404612159328
TALDO1,0.23060796645702306,0.012578616352201259,2.410901467505241
TAMM41,0.2138364779874214,0.025157232704402517,2.40041928721174
TANC1,0.1928721174004193,0.05660377358490566,2.3060796645702304
TANK,0.19077568134171907,0.05870020964360587,2.29979035639413
TAOK1,0.2138364779874214,0.016771488469601678,2.379454926624738
TAOK2,0.23060796645702306,0.008385744234800839,2.4213836477987423
TAOK3,0.24947589098532494,0.016771488469601678,2.461215932914046
TAP1,0.22851153039832284,0.006289308176100629,2.4171907756813416
TAPBP,0.22641509433962265,0.0020964360587002098,2.419287211740042
TARBP2,0.22641509433962265,0.0020964360587002098,2.438155136268344
TARDBP,0.19916142557651992,0.033542976939203356,2.3186582809224316
TARS2,0.2557651991614256,0.0,2.5345911949685536
TAS1R1,0.20125786163522014,0.025157232704402517,2.3333333333333335
TAS1R2,0.20335429769392033,0.025157232704402517,2.3375262054507338
TAS1R3,0.21174004192872117,0.014675052410901468,2.3626834381551363
TAS2R10,0.16771488469601678,0.13626834381551362,2.1844863731656186
TAS2R19,0.16561844863731656,0.14046121593291405,2.1740041928721174
TAS2R5,0.2809224318658281,0.010482180293501049,2.5723270440251573
TAS2R7,0.16771488469601678,0.13417190775681342,2.1865828092243187
TATDN1,0.3689727463312369,0.0020964360587002098,2.9224318658280923
TAX1BP1,0.2914046121593291,0.0020964360587002098,2.643605870020964
TAX1BP3,0.15932914046121593,0.07756813417190776,2.20335429769392
TBC1D1,0.20754716981132076,0.033542976939203356,2.352201257861635
TBC1D10A,0.1949685534591195,0.031446540880503145,2.3228511530398324
TBC1D15,0.24109014675052412,0.0020964360587002098,2.4716981132075473
TBC1D2,0.2578616352201258,0.0041928721174004195,2.507337526205451
TBC1D20,0.2180293501048218,0.033542976939203356,2.3878406708595388
TBC1D25,0.012578616352201259,0.7756813417190775,1.249475890985325
TBC1D31,0.3689727463312369,0.006289308176100629,2.8867924528301887
TBC1D4,0.14255765199161424,0.20335429769392033,2.0314465408805034
TBC1D7,0.2180293501048218,0.012578616352201259,2.389937106918239
TBCA,0.17819706498951782,0.09853249475890985,2.2327044025157234
TBCB,0.21593291404612158,0.0041928721174004195,2.406708595387841
TBCC,0.22641509433962265,0.008385744234800839,2.4150943396226414
TBCD,0.22641509433962265,0.010482180293501049,2.459119496855346
TBCE,0.22851153039832284,0.06918238993710692,2.3752620545073375
TBCEL,0.21593291404612158,0.05241090146750524,2.3710691823899372
TBK1,0.23060796645702306,0.014675052410901468,2.438155136268344
TBL1XR1,0.2662473794549266,0.020964360587002098,2.5786163522012577
TBL3,0.25157232704402516,0.0041928721174004195,2.4654088050314464
TBP,0.20335429769392033,0.03773584905660377,2.3375262054507338
TBPL1,0.21174004192872117,0.016771488469601678,2.368972746331237
TBPL2,0.2180293501048218,0.006289308176100629,2.39832285115304
TBR1,0.18658280922431866,0.05450733752620545,2.29769392033543
TBX18,0.13836477987421383,0.25366876310272535,1.9916142557651992
TBX19,0.23270440251572327,0.023060796645702306,2.4255765199161425
TBX2,0.2348008385744235,0.008385744234800839,2.442348008385744
TBX20,0.2851153039832285,0.0,2.6226415094339623
TBX21,0.22641509433962265,0.018867924528301886,2.408805031446541
TBX22,0.006289308176100629,0.779874213836478,1.2264150943396226
TBX3,0.23060796645702306,0.023060796645702306,2.419287211740042
TBX4,0.2348008385744235,0.008385744234800839,2.4444444444444446
TBX5,0.2348008385744235,0.018867924528301886,2.4339622641509435
TBXA2R,0.20964360587002095,0.033542976939203356,2.350104821802935
TCAP,0.21174004192872117,0.031446540880503145,2.438155136268344
TCEA1,0.31027253668763105,0.027253668763102725,2.719077568134172
TCEA2,0.2389937106918239,0.006289308176100629,2.4549266247379453
TCEA3,0.20335429769392033,0.031446540880503145,2.3291404612159328
TCEAL1,0.006289308176100629,0.779874213836478,1.2264150943396226
TCEAL4,0.006289308176100629,0.779874213836478,1.2264150943396226
TCEAL6,0.006289308176100629,0.779874213836478,1.2264150943396226
TCEAL7,0.006289308176100629,0.779874213836478,1.2243186582809225
TCERG1,0.22431865828092243,0.008385744234800839,2.4234800838574424
TCF12,0.19916142557651992,0.0440251572327044,2.2955974842767297
TCF19,0.22851153039832284,0.0041928721174004195,2.4234800838574424
TCF20,0.20754716981132076,0.029350104821802937,2.3438155136268346
TCF21,0.21174004192872117,0.016771488469601678,2.368972746331237
TCF25,0.14046121593291405,0.22641509433962265,2.0125786163522013
TCF3,0.21174004192872117,0.031446540880503145,2.3438155136268346
TCF4,0.16561844863731656,0.14465408805031446,2.157232704402516
TCF7,0.21593291404612158,0.031446540880503145,2.379454926624738
TCF7L1,0.22641509433962265,0.012578616352201259,2.406708595387841
TCF7L2,0.20754716981132076,0.03563941299790356,2.3270440251572326
TCHH,0.24528301886792453,0.0020964360587002098,2.5157232704402515
TCIRG1,0.2620545073375262,0.0,2.5283018867924527
TCL1A,0.2180293501048218,0.020964360587002098,2.3836477987421385
TCP1,0.19916142557651992,0.03563941299790356,2.3354297693920336
TCP11,0.2222222222222222,0.008385744234800839,2.406708595387841
TCTN1,0.23270440251572327,0.010482180293501049,2.4360587002096437
TCTN2,0.22431865828092243,0.03773584905660377,2.3857442348008386
TCTN3,0.18029350104821804,0.08176100628930817,2.2327044025157234
TDG,0.24109014675052412,0.008385744234800839,2.4654088050314464
TDO2,0.2180293501048218,0.012578616352201259,2.3857442348008386
TDP1,0.21593291404612158,0.023060796645702306,2.3836477987421385
TDP2,0.22851153039832284,0.008385744234800839,2.4150943396226414
TDRD1,0.20125786163522014,0.03773584905660377,2.3144654088050314
TDRD5,0.22851153039832284,0.012578616352201259,2.4465408805031448
TDRD6,0.22431865828092243,0.014675052410901468,2.408805031446541
TDRD7,0.259958071278826,0.012578616352201259,2.50104821802935
TDRD9,0.22012578616352202,0.014675052410901468,2.39832285115304
TDRKH,0.24947589098532494,0.0,2.5262054507337526
TEAD1,0.22851153039832284,0.008385744234800839,2.4150943396226414
TEAD2,0.2180293501048218,0.0041928721174004195,2.4171907756813416
TEAD3,0.2222222222222222,0.008385744234800839,2.406708595387841
TEAD4,0.1949685534591195,0.07547169811320754,2.3123689727463312
TEC,0.2138364779874214,0.027253668763102725,2.368972746331237
TECPR1,0.2914046121593291,0.0041928721174004195,2.641509433962264
TECR,0.2180293501048218,0.010482180293501049,2.392033542976939
TEFM,0.20754716981132076,0.027253668763102725,2.356394129979036
TEK,0.2138364779874214,0.029350104821802937,2.39832285115304
TELO2,0.24528301886792453,0.010482180293501049,2.448637316561845
TEN1,0.23270440251572327,0.016771488469601678,2.4255765199161425
TENT2,0.17819706498951782,0.09224318658280922,2.238993710691824
TENT4A,0.23060796645702306,0.010482180293501049,2.480083857442348
TEP1,0.20964360587002095,0.012578616352201259,2.3773584905660377
TERF1,0.35429769392033544,0.0041928721174004195,2.909853249475891
TERF2,0.15932914046121593,0.1740041928721174,2.1153039832285114
TERF2IP,0.14046121593291405,0.25157232704402516,1.9958071278825995
TERT,0.2348008385744235,0.0041928721174004195,2.490566037735849
TES,0.26834381551362685,0.012578616352201259,2.5450733752620547
TESC,0.24737945492662475,0.016771488469601678,2.457023060796646
TET1,0.21593291404612158,0.033542976939203356,2.3668763102725365
TEX10,0.259958071278826,0.008385744234800839,2.50314465408805
TEX101,0.21174004192872117,0.023060796645702306,2.3731656184486374
TEX14,0.21593291404612158,0.014675052410901468,2.392033542976939
TEX264,0.22012578616352202,0.018867924528301886,2.4213836477987423
TEX35,0.23060796645702306,0.016771488469601678,2.440251572327044
TF,0.27044025157232704,0.006289308176100629,2.5723270440251573
TFAM,0.20754716981132076,0.041928721174004195,2.3354297693920336
TFAP2B,0.2222222222222222,0.012578616352201259,2.40251572327044
TFAP2C,0.23689727463312368,0.008385744234800839,2.459119496855346
TFAP2D,0.2222222222222222,0.012578616352201259,2.40251572327044
TFAP4,0.2431865828092243,0.010482180293501049,2.440251572327044
TFB1M,0.20545073375262055,0.033542976939203356,2.3438155136268346
TFB2M,0.23270440251572327,0.020964360587002098,2.4549266247379453
TFDP1,0.1928721174004193,0.07127882599580712,2.2788259958071277
TFDP2,0.2746331236897275,0.006289308176100629,2.6058700209643604
TFDP3,0.010482180293501049,0.779874213836478,1.2348008385744236
TFE3,0.012578616352201259,0.7735849056603774,1.251572327044025
TFEB,0.22851153039832284,0.006289308176100629,2.419287211740042
TFF1,0.21593291404612158,0.039832285115303984,2.368972746331237
TFG,0.2431865828092243,0.012578616352201259,2.4654088050314464
TFIP11,0.19916142557651992,0.031446540880503145,2.3291404612159328
TFPI,0.20964360587002095,0.029350104821802937,2.3647798742138364
TFPT,0.23270440251572327,0.0,2.438155136268344
TFR2,0.2893081761006289,0.006289308176100629,2.6247379454926625
TFRC,0.24109014675052412,0.033542976939203356,2.4318658280922434
TG,0.36268343815513626,0.012578616352201259,2.8721174004192873
TGFA,0.20754716981132076,0.025157232704402517,2.356394129979036
TGFB1,0.21174004192872117,0.018867924528301886,2.3836477987421385
TGFB1I1,0.22851153039832284,0.010482180293501049,2.4150943396226414
TGFB2,0.22851153039832284,0.04821802935010482,2.4129979035639413
TGFB3,0.20964360587002095,0.027253668763102725,2.360587002096436
TGFBI,0.22012578616352202,0.016771488469601678,2.40251572327044
TGFBR1,0.2578616352201258,0.008385744234800839,2.5052410901467503
TGFBR2,0.22641509433962265,0.008385744234800839,2.4444444444444446
TGFBR3,0.20545073375262055,0.050314465408805034,2.3207547169811322
TGFBRAP1,0.2180293501048218,0.012578616352201259,2.3941299790356396
TGIF1,0.20964360587002095,0.05660377358490566,2.350104821802935
TGIF2,0.22851153039832284,0.018867924528301886,2.4276729559748427
TGIF2LX,0.010482180293501049,0.7735849056603774,1.228511530398323
TGM1,0.2180293501048218,0.008385744234800839,2.4046121593291403
TGM2,0.22641509433962265,0.016771488469601678,2.419287211740042
TGM5,0.1928721174004193,0.039832285115303984,2.308176100628931
TGOLN2,0.22431865828092243,0.014675052410901468,2.40251572327044
TGS1,0.3039832285115304,0.016771488469601678,2.7337526205450735
TH,0.23060796645702306,0.014675052410901468,2.4129979035639413
THAP1,0.20125786163522014,0.16561844863731656,2.258403361344538
THAP11,0.16352201257861634,0.15513626834381553,2.146750524109015
THAP7,0.20964360587002095,0.027253668763102725,2.348008385744235
THBD,0.22431865828092243,0.025157232704402517,2.4150943396226414
THBS1,0.19916142557651992,0.041928721174004195,2.3228511530398324
THBS2,0.20335429769392033,0.041928721174004195,2.3333333333333335
THBS3,0.2557651991614256,0.0020964360587002098,2.540880503144654
THBS4,0.18029350104821804,0.0880503144654088,2.243186582809224
THEM4,0.24737945492662475,0.0,2.5220125786163523
THEMIS,0.20545073375262055,0.039832285115303984,2.3354297693920336
THOC1,0.20545073375262055,0.05870020964360587,2.3270440251572326
THOC2,0.008385744234800839,0.779874213836478,1.228511530398323
THOC3,0.23060796645702306,0.0,2.4360587002096437
THOC5,0.19916142557651992,0.031446540880503145,2.3249475890985325
THOC6,0.24947589098532494,0.0041928721174004195,2.461215932914046
THOC7,0.22851153039832284,0.020964360587002098,2.4360587002096437
THRA,0.20964360587002095,0.039832285115303984,2.350104821802935
THRAP3,0.20335429769392033,0.014675052410901468,2.352201257861635
THRB,0.21593291404612158,0.016771488469601678,2.4171907756813416
THRSP,0.2578616352201258,0.0020964360587002098,2.50104821802935
THSD7A,0.27672955974842767,0.014675052410901468,2.5660377358490565
THTPA,0.2180293501048218,0.006289308176100629,2.4046121593291403
THY1,0.2180293501048218,0.05241090146750524,2.368972746331237
TIA1,0.20335429769392033,0.025157232704402517,2.350104821802935
TIAL1,0.1928721174004193,0.03773584905660377,2.3060796645702304
TIAM1,0.21593291404612158,0.016771488469601678,2.40251572327044
TIAM2,0.20545073375262055,0.031446540880503145,2.3459119496855347
TICAM1,0.2138364779874214,0.012578616352201259,2.3752620545073375
TICAM2,0.18658280922431866,0.06918238993710692,2.291404612159329
TICRR,0.2138364779874214,0.008385744234800839,2.3857442348008386
TIGD3,0.24737945492662475,0.0020964360587002098,2.4842767295597485
TIGIT,0.24109014675052412,0.023060796645702306,2.461215932914046
TIMELESS,0.2222222222222222,0.0041928721174004195,2.440251572327044
TIMM10,0.22641509433962265,0.010482180293501049,2.4234800838574424
TIMM10B,0.22851153039832284,0.008385744234800839,2.4213836477987423
TIMM13,0.20964360587002095,0.027253668763102725,2.348008385744235
TIMM17A,0.23689727463312368,0.008385744234800839,2.4675052410901466
TIMM17B,0.012578616352201259,0.7735849056603774,1.251572327044025
TIMM21,0.1530398322851153,0.14465408805031446,2.1236897274633124
TIMM22,0.16352201257861634,0.07547169811320754,2.2138364779874213
TIMM23,0.19916142557651992,0.039832285115303984,2.3186582809224316
TIMM44,0.2138364779874214,0.012578616352201259,2.3773584905660377
TIMM50,0.2138364779874214,0.008385744234800839,2.39832285115304
TIMM8A,0.006289308176100629,0.7777777777777778,1.228511530398323
TIMM8B,0.2138364779874214,0.05870020964360587,2.358490566037736
TIMM9,0.22012578616352202,0.006289308176100629,2.40041928721174
TIMMDC1,0.24737945492662475,0.020964360587002098,2.4821802935010484
TIMP1,0.012578616352201259,0.7756813417190775,1.2410901467505242
TIMP2,0.22851153039832284,0.020964360587002098,2.4129979035639413
TIMP3,0.20335429769392033,0.029350104821802937,2.341719077568134
TINF2,0.2180293501048218,0.008385744234800839,2.4046121593291403
TIPIN,0.20545073375262055,0.012578616352201259,2.3626834381551363
TIPRL,0.23060796645702306,0.023060796645702306,2.419287211740042
TIRAP,0.2222222222222222,0.0440251572327044,2.3941299790356396
TJAP1,0.23060796645702306,0.008385744234800839,2.419287211740042
TJP1,0.20125786163522014,0.031446540880503145,2.341719077568134
TJP2,0.24109014675052412,0.010482180293501049,2.461215932914046
TJP3,0.20754716981132076,0.027253668763102725,2.3542976939203353
TK1,0.23270440251572327,0.025157232704402517,2.4150943396226414
TK2,0.16352201257861634,0.14675052410901468,2.1551362683438153
TKFC,0.23270440251572327,0.0041928721174004195,2.452830188679245
TKT,0.2180293501048218,0.018867924528301886,2.4150943396226414
TKTL1,0.010482180293501049,0.7819706498951782,1.2327044025157232
TKTL2,0.22851153039832284,0.018867924528301886,2.4046121593291403
TLE1,0.24109014675052412,0.014675052410901468,2.4549266247379453
TLE2,0.20964360587002095,0.03563941299790356,2.341719077568134
TLE3,0.20964360587002095,0.010482180293501049,2.3710691823899372
TLE4,0.24737945492662475,0.018867924528301886,2.461215932914046
TLE6,0.20964360587002095,0.03563941299790356,2.339622641509434
TLK1,0.1970649895178197,0.050314465408805034,2.3207547169811322
TLK2,0.2348008385744235,0.010482180293501049,2.438155136268344
TLL1,0.22851153039832284,0.016771488469601678,2.389937106918239
TLL2,0.18448637316561844,0.08176100628930817,2.2327044025157234
TLN1,0.23060796645702306,0.010482180293501049,2.448637316561845
TLN2,0.20545073375262055,0.014675052410901468,2.360587002096436
TLR1,0.20964360587002095,0.033542976939203356,2.360587002096436
TLR10,0.20964360587002095,0.033542976939203356,2.360587002096436
TLR2,0.2222222222222222,0.008385744234800839,2.40041928721174
TLR3,0.2180293501048218,0.014675052410901468,2.3857442348008386
TLR4,0.26834381551362685,0.0041928721174004195,2.5324947589098534
TLR7,0.010482180293501049,0.7756813417190775,1.2473794549266248
TLR8,0.010482180293501049,0.7756813417190775,1.2473794549266248
TLR9,0.22012578616352202,0.018867924528301886,2.419287211740042
TM6SF2,0.22431865828092243,0.0,2.419287211740042
TM7SF2,0.24528301886792453,0.0020964360587002098,2.4821802935010484
TM9SF4,0.23270440251572327,0.006289308176100629,2.448637316561845
TMBIM1,0.22431865828092243,0.012578616352201259,2.4046121593291403
TMC6,0.23060796645702306,0.025157232704402517,2.4171907756813416
TMC8,0.23270440251572327,0.025157232704402517,2.419287211740042
TMCO1,0.23270440251572327,0.03563941299790356,2.4276729559748427
TMED1,0.2138364779874214,0.008385744234800839,2.3815513626834384
TMED10,0.21174004192872117,0.023060796645702306,2.368972746331237
TMED2,0.22431865828092243,0.03773584905660377,2.3857442348008386
TMED3,0.20964360587002095,0.008385744234800839,2.3773584905660377
TMED4,0.2809224318658281,0.008385744234800839,2.5786163522012577
TMED5,0.1928721174004193,0.05870020964360587,2.2788259958071277
TMED7,0.18448637316561844,0.06918238993710692,2.2872117400419287
TMED9,0.22641509433962265,0.0,2.438155136268344
TMEM11,0.20754716981132076,0.025157232704402517,2.356394129979036
TMEM115,0.2222222222222222,0.016771488469601678,2.4255765199161425
TMEM138,0.23270440251572327,0.0041928721174004195,2.452830188679245
TMEM147,0.2180293501048218,0.0041928721174004195,2.408805031446541
TMEM17,0.2222222222222222,0.027253668763102725,2.3857442348008386
TMEM176A,0.27044025157232704,0.012578616352201259,2.547169811320755
TMEM176B,0.27044025157232704,0.012578616352201259,2.547169811320755
TMEM179B,0.23270440251572327,0.006289308176100629,2.4495798319327733
TMEM18,0.23060796645702306,0.0041928721174004195,2.429769392033543
TMEM199,0.21174004192872117,0.016771488469601678,2.3731656184486374
TMEM216,0.23270440251572327,0.0041928721174004195,2.452830188679245
TMEM219,0.23060796645702306,0.008385744234800839,2.4213836477987423
TMEM231,0.14046121593291405,0.24947589098532494,1.9979035639412999
TMEM258,0.2348008385744235,0.006289308176100629,2.452830188679245
TMEM30A,0.17819706498951782,0.129979035639413,2.20125786163522
TMEM43,0.2222222222222222,0.008385744234800839,2.440251572327044
TMEM50A,0.20964360587002095,0.016771488469601678,2.352201257861635
TMEM63A,0.2222222222222222,0.05870020964360587,2.3773584905660377
TMEM67,0.36268343815513626,0.012578616352201259,2.9266247379454926
TMEM86B,0.23060796645702306,0.0,2.4360587002096437
TMEM97,0.21174004192872117,0.018867924528301886,2.3710691823899372
TMF1,0.2180293501048218,0.033542976939203356,2.40251572327044
TMLHE,0.029350104821802937,0.7882599580712788,1.1844863731656186
TMOD1,0.259958071278826,0.012578616352201259,2.50314465408805
TMOD2,0.20335429769392033,0.025157232704402517,2.341719077568134
TMOD3,0.20335429769392033,0.027253668763102725,2.339622641509434
TMOD4,0.25366876310272535,0.0,2.5366876310272537
TMPO,0.25157232704402516,0.006289308176100629,2.50104821802935
TMPRSS2,0.17819706498951782,0.10482180293501048,2.2264150943396226
TMPRSS6,0.21593291404612158,0.020964360587002098,2.3668763102725365
TMSB4X,0.010482180293501049,0.7735849056603774,1.249475890985325
TMX1,0.22851153039832284,0.0041928721174004195,2.410901467505241
TNC,0.2578616352201258,0.0,2.50314465408805
TNF,0.23060796645702306,0.006289308176100629,2.4213836477987423
TNFAIP1,0.21174004192872117,0.018867924528301886,2.3710691823899372
TNFAIP3,0.21174004192872117,0.018867924528301886,2.3668763102725365
TNFAIP8,0.1928721174004193,0.06079664570230608,2.3165618448637315
TNFRSF10A,0.08176100628930817,0.42557651991614254,1.7106918238993711
TNFRSF10B,0.08176100628930817,0.42348008385744235,1.7106918238993711
TNFRSF10C,0.08176100628930817,0.42557651991614254,1.7106918238993711
TNFRSF10D,0.08176100628930817,0.42557651991614254,1.7106918238993711
TNFRSF11A,0.15723270440251572,0.15723270440251572,2.1257861635220126
TNFRSF11B,0.3710691823899371,0.0020964360587002098,2.920335429769392
TNFRSF12A,0.24947589098532494,0.0041928721174004195,2.461215932914046
TNFRSF13B,0.18029350104821804,0.05660377358490566,2.2641509433962264
TNFRSF13C,0.20545073375262055,0.029350104821802937,2.339622641509434
TNFRSF14,0.21593291404612158,0.018867924528301886,2.3668763102725365
TNFRSF17,0.24737945492662475,0.008385744234800839,2.452830188679245
TNFRSF18,0.2138364779874214,0.014675052410901468,2.3647798742138364
TNFRSF1A,0.18029350104821804,0.07966457023060797,2.2767295597484276
TNFRSF1B,0.20125786163522014,0.029350104821802937,2.3291404612159328
TNFRSF21,0.2222222222222222,0.014675052410901468,2.4046121593291403
TNFRSF25,0.20335429769392033,0.025157232704402517,2.3375262054507338
TNFRSF4,0.2138364779874214,0.014675052410901468,2.3647798742138364
TNFRSF6B,0.24109014675052412,0.0041928721174004195,2.459119496855346
TNFRSF8,0.19916142557651992,0.031446540880503145,2.3228511530398324
TNFSF10,0.2809224318658281,0.0041928721174004195,2.6121593291404612
TNFSF11,0.1278825995807128,0.2809224318658281,1.9224318658280923
TNFSF12,0.12159329140461216,0.18448637316561844,2.0230607966457024
TNFSF13,0.12159329140461216,0.18867924528301888,2.018867924528302
TNFSF13B,0.20335429769392033,0.06708595387840671,2.293501048218029
TNFSF14,0.2138364779874214,0.014675052410901468,2.379454926624738
TNFSF15,0.2578616352201258,0.0,2.50314465408805
TNFSF18,0.22012578616352202,0.023060796645702306,2.4213836477987423
TNFSF4,0.22012578616352202,0.023060796645702306,2.4234800838574424
TNFSF8,0.2578616352201258,0.0,2.50314465408805
TNFSF9,0.2138364779874214,0.014675052410901468,2.379454926624738
TNIK,0.2893081761006289,0.0020964360587002098,2.6226415094339623
TNIP1,0.2222222222222222,0.0020964360587002098,2.419287211740042
TNIP2,0.21593291404612158,0.016771488469601678,2.379454926624738
TNK2,0.24109014675052412,0.029350104821802937,2.4360587002096437
TNKS,0.11949685534591195,0.3270440251572327,1.8909853249475892
TNKS1BP1,0.22641509433962265,0.012578616352201259,2.4213836477987423
TNKS2,0.1761006289308176,0.1111111111111111,2.190775681341719
TNNC1,0.22012578616352202,0.020964360587002098,2.4171907756813416
TNNC2,0.23270440251572327,0.008385744234800839,2.4737945492662474
TNNI1,0.23689727463312368,0.008385744234800839,2.4654088050314464
TNNI2,0.23060796645702306,0.014675052410901468,2.4129979035639413
TNNI3,0.23060796645702306,0.0,2.4360587002096437
TNNI3K,0.19077568134171907,0.03773584905660377,2.3060796645702304
TNNT1,0.23060796645702306,0.0,2.4360587002096437
TNNT3,0.23060796645702306,0.014675052410901468,2.4129979035639413
TNP1,0.22012578616352202,0.018867924528301886,2.3857442348008386
TNP2,0.24737945492662475,0.0041928721174004195,2.457023060796646
TNPO1,0.16561844863731656,0.12368972746331237,2.1844863731656186
TNPO2,0.2138364779874214,0.014675052410901468,2.3773584905660377
TNPO3,0.259958071278826,0.016771488469601678,2.5136268343815513
TNR,0.22641509433962265,0.016771488469601678,2.438155136268344
TNRC6A,0.2348008385744235,0.014675052410901468,2.429769392033543
TNRC6B,0.20545073375262055,0.027253668763102725,2.3459119496855347
TNS1,0.22431865828092243,0.014675052410901468,2.4046121593291403
TNS2,0.22851153039832284,0.0020964360587002098,2.442348008385744
TNS3,0.2809224318658281,0.008385744234800839,2.5870020964360587
TNS4,0.20964360587002095,0.041928721174004195,2.341719077568134
TNXB,0.23270440251572327,0.0020964360587002098,2.429769392033543
TOB2,0.21174004192872117,0.023060796645702306,2.358490566037736
TOE1,0.20754716981132076,0.014675052410901468,2.356394129979036
TOLLIP,0.23060796645702306,0.012578616352201259,2.410901467505241
TOM1,0.21174004192872117,0.023060796645702306,2.356394129979036
TOMM20,0.22851153039832284,0.07337526205450734,2.3752620545073375
TOMM20L,0.22012578616352202,0.006289308176100629,2.40041928721174
TOMM22,0.20754716981132076,0.018867924528301886,2.360587002096436
TOMM34,0.23270440251572327,0.008385744234800839,2.448637316561845
TOMM40,0.2138364779874214,0.010482180293501049,2.3941299790356396
TOMM40L,0.23270440251572327,0.033542976939203356,2.4360587002096437
TOMM5,0.22641509433962265,0.012578616352201259,2.448637316561845
TOMM6,0.22851153039832284,0.006289308176100629,2.419287211740042
TOMM7,0.2914046121593291,0.006289308176100629,2.620545073375262
TOMM70,0.2431865828092243,0.012578616352201259,2.4675052410901466
TONSL,0.33752620545073375,0.025157232704402517,2.7714884696016773
TOP1,0.23060796645702306,0.010482180293501049,2.4339622641509435
TOP1MT,0.33962264150943394,0.020964360587002098,2.7819706498951784
TOP2A,0.21174004192872117,0.039832285115303984,2.3459119496855347
TOP2B,0.2222222222222222,0.018867924528301886,2.4234800838574424
TOP3B,0.21174004192872117,0.025157232704402517,2.3542976939203353
TOPBP1,0.27044025157232704,0.006289308176100629,2.5660377358490565
TOPORS,0.2180293501048218,0.020964360587002098,2.4129979035639413
TOR1A,0.25157232704402516,0.0041928721174004195,2.50104821802935
TOR1AIP1,0.22851153039832284,0.012578616352201259,2.4465408805031448
TOR1AIP2,0.22851153039832284,0.012578616352201259,2.4465408805031448
TOR1B,0.25157232704402516,0.0041928721174004195,2.50104821802935
TOR4A,0.25366876310272535,0.0,2.5136268343815513
TOX2,0.23060796645702306,0.008385744234800839,2.4465408805031448
TOX4,0.20754716981132076,0.012578616352201259,2.3773584905660377
TP53,0.11949685534591195,0.19077568134171907,2.0125786163522013
TP53AIP1,0.22851153039832284,0.031446540880503145,2.4213836477987423
TP53BP1,0.1949685534591195,0.03773584905660377,2.310272536687631
TP53BP2,0.22851153039832284,0.05660377358490566,2.392033542976939
TP53INP1,0.3668763102725367,0.012578616352201259,2.9245283018867925
TP53INP2,0.23060796645702306,0.014675052410901468,2.4255765199161425
TP53RK,0.23270440251572327,0.006289308176100629,2.442348008385744
TP63,0.259958071278826,0.020964360587002098,2.4842767295597485
TP73,0.21174004192872117,0.016771488469601678,2.358490566037736
TPD52,0.35639412997903563,0.0020964360587002098,2.9454926624737947
TPD52L1,0.19916142557651992,0.06708595387840671,2.2955974842767297
TPD52L2,0.24109014675052412,0.006289308176100629,2.457023060796646
TPGS1,0.21174004192872117,0.014675052410901468,2.3647798742138364
TPGS2,0.1740041928721174,0.1090146750524109,2.211740041928721
TPH1,0.23270440251572327,0.0020964360587002098,2.429769392033543
TPH2,0.24109014675052412,0.006289308176100629,2.4675052410901466
TPI1,0.18238993710691823,0.07966457023060797,2.280922431865828
TPK1,0.27672955974842767,0.012578616352201259,2.5681341719077566
TPM1,0.20545073375262055,0.014675052410901468,2.358490566037736
TPM2,0.23060796645702306,0.010482180293501049,2.448637316561845
TPM3,0.2578616352201258,0.0,2.5241090146750524
TPM4,0.22012578616352202,0.0020964360587002098,2.408805031446541
TPO,0.23060796645702306,0.006289308176100629,2.4276729559748427
TPP2,0.18658280922431866,0.0859538784067086,2.251572327044025
TPPP,0.2348008385744235,0.006289308176100629,2.488469601677149
TPR,0.22641509433962265,0.012578616352201259,2.440251572327044
TPRKB,0.2138364779874214,0.020964360587002098,2.3731656184486374
TPRN,0.25366876310272535,0.0,2.5136268343815513
TPSAB1,0.2431865828092243,0.010482180293501049,2.4465408805031448
TPST1,0.2809224318658281,0.0,2.59748427672956
TPST2,0.19916142557651992,0.031446540880503145,2.3291404612159328
TPT1,0.11530398322851153,0.3039832285115304,1.878406708595388
TPX2,0.2348008385744235,0.006289308176100629,2.452830188679245
TRA2A,0.2914046121593291,0.0041928721174004195,2.6226415094339623
TRA2B,0.25157232704402516,0.016771488469601678,2.480083857442348
TRADD,0.16352201257861634,0.1488469601677149,2.153039832285115
TRAF1,0.25157232704402516,0.008385744234800839,2.492662473794549
TRAF2,0.25366876310272535,0.0,2.5052410901467503
TRAF3,0.22012578616352202,0.016771488469601678,2.3962264150943398
TRAF3IP1,0.21174004192872117,0.025157232704402517,2.3647798742138364
TRAF3IP3,0.22851153039832284,0.031446540880503145,2.438155136268344
TRAF5,0.22641509433962265,0.029350104821802937,2.4339622641509435
TRAF6,0.23060796645702306,0.025157232704402517,2.4046121593291403
TRAF7,0.25157232704402516,0.0041928721174004195,2.4716981132075473
TRAIP,0.22641509433962265,0.014675052410901468,2.4318658280922434
TRAK1,0.22431865828092243,0.0041928721174004195,2.452830188679245
TRAK2,0.2138364779874214,0.010482180293501049,2.3962264150943398
TRAM1,0.3584905660377358,0.0020964360587002098,2.911949685534591
TRAPPC1,0.11740041928721175,0.17819706498951782,2.018867924528302
TRAPPC10,0.22012578616352202,0.033542976939203356,2.392033542976939
TRAPPC11,0.22012578616352202,0.010482180293501049,2.3836477987421385
TRAPPC12,0.2348008385744235,0.0020964360587002098,2.4339622641509435
TRAPPC2,0.010482180293501049,0.7735849056603774,1.249475890985325
TRAPPC2B,0.22431865828092243,0.0020964360587002098,2.438155136268344
TRAPPC2L,0.13626834381551362,0.23689727463312368,1.9937106918238994
TRAPPC3,0.20335429769392033,0.012578616352201259,2.3542976939203353
TRAPPC3L,0.16352201257861634,0.1761006289308176,2.1153039832285114
TRAPPC4,0.2180293501048218,0.050314465408805034,2.368972746331237
TRAPPC5,0.21593291404612158,0.014675052410901468,2.3773584905660377
TRAPPC6A,0.2138364779874214,0.010482180293501049,2.3941299790356396
TRAPPC6B,0.22851153039832284,0.006289308176100629,2.410901467505241
TRAPPC8,0.18029350104821804,0.10062893081761007,2.230607966457023
TRAT1,0.24109014675052412,0.029350104821802937,2.452830188679245
TRDMT1,0.2138364779874214,0.03773584905660377,2.360587002096436
TRDN,0.18448637316561844,0.09643605870020965,2.2368972746331237
TREH,0.21593291404612158,0.05241090146750524,2.3626834381551363
TREM1,0.22851153039832284,0.006289308176100629,2.419287211740042
TREM2,0.22851153039832284,0.006289308176100629,2.419287211740042
TREML1,0.22851153039832284,0.006289308176100629,2.419287211740042
TREML2,0.22851153039832284,0.006289308176100629,2.419287211740042
TRERF1,0.22851153039832284,0.0041928721174004195,2.4213836477987423
TRH,0.27253668763102723,0.014675052410901468,2.5786163522012577
TRHR,0.3731656184486373,0.014675052410901468,2.9140461215932913
TRIAP1,0.24109014675052412,0.025157232704402517,2.429769392033543
TRIB1,0.3710691823899371,0.006289308176100629,2.9287211740041927
TRIB2,0.22012578616352202,0.008385744234800839,2.4046121593291403
TRIB3,0.2180293501048218,0.033542976939203356,2.3878406708595388
TRIL,0.2893081761006289,0.0020964360587002098,2.6331236897274635
TRIM10,0.22851153039832284,0.0041928721174004195,2.4234800838574424
TRIM11,0.2180293501048218,0.06079664570230608,2.3668763102725365
TRIM13,0.11530398322851153,0.29979035639413,1.8846960167714886
TRIM14,0.2578616352201258,0.006289308176100629,2.507337526205451
TRIM17,0.2180293501048218,0.06079664570230608,2.3668763102725365
TRIM2,0.22431865828092243,0.010482180293501049,2.406708595387841
TRIM21,0.22641509433962265,0.014675052410901468,2.410901467505241
TRIM22,0.22641509433962265,0.012578616352201259,2.4150943396226414
TRIM23,0.1761006289308176,0.1320754716981132,2.188679245283019
TRIM24,0.2746331236897275,0.010482180293501049,2.557651991614256
TRIM25,0.22851153039832284,0.018867924528301886,2.4171907756813416
TRIM27,0.22431865828092243,0.008385744234800839,2.410901467505241
TRIM28,0.2222222222222222,0.0020964360587002098,2.419287211740042
TRIM29,0.21593291404612158,0.05241090146750524,2.3668763102725365
TRIM3,0.22851153039832284,0.008385744234800839,2.4213836477987423
TRIM31,0.22851153039832284,0.0041928721174004195,2.4234800838574424
TRIM32,0.2620545073375262,0.0,2.509433962264151
TRIM33,0.2138364779874214,0.029350104821802937,2.3668763102725365
TRIM35,0.09433962264150944,0.389937106918239,1.771488469601677
TRIM36,0.18658280922431866,0.06289308176100629,2.29769392033543
TRIM37,0.2180293501048218,0.014675052410901468,2.39832285115304
TRIM4,0.2851153039832285,0.010482180293501049,2.6142557651991614
TRIM41,0.22851153039832284,0.0041928721174004195,2.4339622641509435
TRIM45,0.22012578616352202,0.018867924528301886,2.406708595387841
TRIM5,0.22641509433962265,0.012578616352201259,2.4150943396226414
TRIM50,0.2830188679245283,0.0020964360587002098,2.59958071278826
TRIM56,0.2830188679245283,0.008385744234800839,2.60167714884696
TRIM59,0.2746331236897275,0.0020964360587002098,2.5723270440251573
TRIM6,0.22641509433962265,0.014675052410901468,2.410901467505241
TRIM63,0.20964360587002095,0.014675052410901468,2.356394129979036
TRIM68,0.22641509433962265,0.016771488469601678,2.408805031446541
TRIM69,0.20125786163522014,0.03773584905660377,2.3165618448637315
TRIM7,0.22851153039832284,0.0041928721174004195,2.4339622641509435
TRIM71,0.22431865828092243,0.0041928721174004195,2.4444444444444446
TRIM72,0.22851153039832284,0.010482180293501049,2.4171907756813416
TRIM8,0.1928721174004193,0.06918238993710692,2.259958071278826
TRIM9,0.22641509433962265,0.0041928721174004195,2.408805031446541
TRIO,0.2348008385744235,0.014675052410901468,2.4863731656184487
TRIP10,0.2138364779874214,0.014675052410901468,2.379454926624738
TRIP11,0.2180293501048218,0.033542976939203356,2.3710691823899372
TRIP13,0.2348008385744235,0.0041928721174004195,2.490566037735849
TRIP4,0.20335429769392033,0.012578616352201259,2.360587002096436
TRIP6,0.28721174004192873,0.006289308176100629,2.6163522012578615
TRMT10C,0.24109014675052412,0.014675052410901468,2.461215932914046
TRMT112,0.2389937106918239,0.0041928721174004195,2.4716981132075473
TRMT6,0.2180293501048218,0.033542976939203356,2.3773584905660377
TRMT61A,0.22012578616352202,0.014675052410901468,2.39832285115304
TRNAU1AP,0.20335429769392033,0.020964360587002098,2.341719077568134
TRNT1,0.22851153039832284,0.027253668763102725,2.429769392033543
TRO,0.008385744234800839,0.7756813417190775,1.2368972746331237
TROAP,0.21593291404612158,0.0020964360587002098,2.419287211740042
TRPA1,0.35639412997903563,0.006289308176100629,2.89937106918239
TRPC1,0.2746331236897275,0.006289308176100629,2.60167714884696
TRPC3,0.21174004192872117,0.041928721174004195,2.3459119496855347
TRPC4,0.14465408805031446,0.22012578616352202,2.029350104821803
TRPC4AP,0.23060796645702306,0.012578616352201259,2.4276729559748427
TRPC5,0.006289308176100629,0.7777777777777778,1.2264150943396226
TRPC6,0.24737945492662475,0.033542976939203356,2.4360587002096437
TRPC7,0.22012578616352202,0.016771488469601678,2.40041928721174
TRPM2,0.2180293501048218,0.033542976939203356,2.389937106918239
TRPM4,0.21174004192872117,0.010482180293501049,2.40041928721174
TRPM8,0.22012578616352202,0.029350104821802937,2.3731656184486374
TRPS1,0.3731656184486373,0.006289308176100629,2.9056603773584904
TRPV1,0.15723270440251572,0.07756813417190776,2.19916142557652
TRPV2,0.18029350104821804,0.06918238993710692,2.247379454926625
TRPV4,0.23270440251572327,0.008385744234800839,2.440251572327044
TRPV5,0.2746331236897275,0.012578616352201259,2.561844863731656
TRPV6,0.2746331236897275,0.012578616352201259,2.561844863731656
TRRAP,0.2893081761006289,0.008385744234800839,2.6289308176100628
TSC1,0.2557651991614256,0.0041928721174004195,2.50104821802935
TSC2,0.25157232704402516,0.0041928721174004195,2.4716981132075473
TSEN15,0.23270440251572327,0.016771488469601678,2.4444444444444446
TSEN2,0.2222222222222222,0.016771488469601678,2.4255765199161425
TSEN34,0.23270440251572327,0.0,2.4360587002096437
TSEN54,0.23060796645702306,0.016771488469601678,2.4213836477987423
TSFM,0.2180293501048218,0.0020964360587002098,2.4360587002096437
TSG101,0.23270440251572327,0.0041928721174004195,2.4255765199161425
TSHB,0.21174004192872117,0.033542976939203356,2.360587002096436
TSHR,0.21593291404612158,0.014675052410901468,2.39832285115304
TSHZ1,0.1530398322851153,0.14675052410901468,2.119496855345912
TSLP,0.18448637316561844,0.0880503144654088,2.259958071278826
TSN,0.18448637316561844,0.06289308176100629,2.270440251572327
TSNARE1,0.33962264150943394,0.020964360587002098,2.7756813417190775
TSNAX,0.22851153039832284,0.06079664570230608,2.3752620545073375
TSNAXIP1,0.16352201257861634,0.15513626834381553,2.146750524109015
TSPAN12,0.27253668763102723,0.014675052410901468,2.559748427672956
TSPAN14,0.19077568134171907,0.07337526205450734,2.280922431865828
TSPAN3,0.20754716981132076,0.012578616352201259,2.3710691823899372
TSPAN7,0.010482180293501049,0.7672955974842768,1.2557651991614256
TSPO,0.20125786163522014,0.039832285115303984,2.3249475890985325
TSPOAP1,0.2138364779874214,0.025157232704402517,2.3773584905660377
TSPYL2,0.008385744234800839,0.779874213836478,1.2327044025157232
TSR1,0.16561844863731656,0.07756813417190776,2.211740041928721
TST,0.21593291404612158,0.023060796645702306,2.3668763102725365
TTBK2,0.1949685534591195,0.03773584905660377,2.3144654088050314
TTC19,0.1719077568134172,0.07547169811320754,2.230607966457023
TTC21B,0.1949685534591195,0.050314465408805034,2.3144654088050314
TTC5,0.20754716981132076,0.012578616352201259,2.3731656184486374
TTF1,0.2557651991614256,0.006289308176100629,2.49895178197065
TTK,0.15932914046121593,0.18867924528301888,2.106918238993711
TTLL1,0.20125786163522014,0.039832285115303984,2.3228511530398324
TTLL5,0.20964360587002095,0.027253668763102725,2.360587002096436
TTN,0.20335429769392033,0.04821802935010482,2.3291404612159328
TTR,0.17819706498951782,0.10062893081761007,2.2285115303983227
TUB,0.23060796645702306,0.012578616352201259,2.4150943396226414
TUBA1A,0.21593291404612158,0.0020964360587002098,2.419287211740042
TUBA1B,0.21593291404612158,0.0020964360587002098,2.419287211740042
TUBA1C,0.21593291404612158,0.0020964360587002098,2.419287211740042
TUBA3E,0.1761006289308176,0.07547169811320754,2.243186582809224
TUBA4A,0.22012578616352202,0.020964360587002098,2.3857442348008386
TUBA8,0.20125786163522014,0.03773584905660377,2.3270440251572326
TUBAL3,0.21593291404612158,0.027253668763102725,2.3647798742138364
TUBB,0.22851153039832284,0.0041928721174004195,2.4234800838574424
TUBB1,0.2389937106918239,0.0041928721174004195,2.461215932914046
TUBB2A,0.2138364779874214,0.023060796645702306,2.3647798742138364
TUBB2B,0.2138364779874214,0.023060796645702306,2.3647798742138364
TUBB3,0.14046121593291405,0.22851153039832284,2.010482180293501
TUBB4A,0.2138364779874214,0.014675052410901468,2.379454926624738
TUBB4B,0.25366876310272535,0.0,2.5136268343815513
TUBB6,0.21174004192872117,0.050314465408805034,2.3542976939203353
TUBB8,0.2138364779874214,0.025157232704402517,2.368972746331237
TUBD1,0.2180293501048218,0.014675052410901468,2.40251572327044
TUBE1,0.1509433962264151,0.1949685534591195,2.0775681341719077
TUBG1,0.20125786163522014,0.07127882599580712,2.291404612159329
TUBG2,0.20125786163522014,0.06918238993710692,2.2955974842767297
TUBGCP2,0.1970649895178197,0.05450733752620545,2.291404612159329
TUBGCP3,0.1928721174004193,0.06708595387840671,2.2872117400419287
TUBGCP4,0.1949685534591195,0.03773584905660377,2.3144654088050314
TUBGCP5,0.2222222222222222,0.010482180293501049,2.4255765199161425
TUBGCP6,0.20545073375262055,0.039832285115303984,2.331236897274633
TUFM,0.23270440251572327,0.008385744234800839,2.4276729559748427
TUFT1,0.24947589098532494,0.0,2.5283018867924527
TULP3,0.1949685534591195,0.07547169811320754,2.3123689727463312
TULP4,0.20335429769392033,0.03773584905660377,2.339622641509434
TUSC3,0.1111111111111111,0.36268343815513626,1.8532494758909854
TUT1,0.23060796645702306,0.006289308176100629,2.448637316561845
TUT4,0.20545073375262055,0.0440251572327044,2.3207547169811322
TVP23B,0.1949685534591195,0.03773584905660377,2.3270440251572326
TWF1,0.22012578616352202,0.006289308176100629,2.4171907756813416
TWF2,0.22012578616352202,0.018867924528301886,2.419287211740042
TWIST1,0.28721174004192873,0.014675052410901468,2.591194968553459
TWIST2,0.21174004192872117,0.025157232704402517,2.3647798742138364
TWNK,0.18867924528301888,0.07337526205450734,2.249475890985325
TWSG1,0.20964360587002095,0.050314465408805034,2.350104821802935
TXK,0.21593291404612158,0.027253668763102725,2.3773584905660377
TXLNA,0.2180293501048218,0.012578616352201259,2.3710691823899372
TXLNB,0.20964360587002095,0.025157232704402517,2.3542976939203353
TXLNG,0.014675052410901468,0.7610062893081762,1.2683438155136268
TXN,0.25366876310272535,0.0,2.50104821802935
TXN2,0.2180293501048218,0.023060796645702306,2.3710691823899372
TXNDC12,0.20335429769392033,0.039832285115303984,2.3249475890985325
TXNDC16,0.22641509433962265,0.0041928721174004195,2.4150943396226414
TXNDC17,0.13836477987421383,0.13417190775681342,2.111111111111111
TXNDC5,0.2138364779874214,0.033542976939203356,2.356394129979036
TXNIP,0.24109014675052412,0.0041928721174004195,2.50314465408805
TXNL1,0.16352201257861634,0.14465408805031446,2.157232704402516
TXNL4A,0.15932914046121593,0.1509433962264151,2.1257861635220126
TXNL4B,0.1488469601677149,0.24947589098532494,2.0230607966457024
TXNRD1,0.24109014675052412,0.008385744234800839,2.459119496855346
TXNRD2,0.20125786163522014,0.031446540880503145,2.3291404612159328
TYK2,0.2138364779874214,0.008385744234800839,2.3815513626834384
TYMP,0.20335429769392033,0.0440251572327044,2.3207547169811322
TYMS,0.20545073375262055,0.05870020964360587,2.3270440251572326
TYR,0.24528301886792453,0.014675052410901468,2.4633123689727463
TYRO3,0.1970649895178197,0.03773584905660377,2.3207547169811322
TYROBP,0.21593291404612158,0.0041928721174004195,2.406708595387841
TYRP1,0.21593291404612158,0.031446540880503145,2.3962264150943398
TYSND1,0.21174004192872117,0.039832285115303984,2.348008385744235
U2AF1,0.22012578616352202,0.03563941299790356,2.3878406708595388
U2AF1L4,0.21593291404612158,0.0041928721174004195,2.406708595387841
U2AF2,0.23060796645702306,0.0,2.438155136268344
U2SURP,0.2746331236897275,0.006289308176100629,2.607966457023061
UAP1,0.23270440251572327,0.029350104821802937,2.4360587002096437
UBA2,0.2180293501048218,0.0041928721174004195,2.4150943396226414
UBA3,0.21593291404612158,0.033542976939203356,2.40041928721174
UBA5,0.2662473794549266,0.008385744234800839,2.559748427672956
UBA52,0.2180293501048218,0.0,2.4129979035639413
UBA6,0.2222222222222222,0.014675052410901468,2.3941299790356396
UBA7,0.22641509433962265,0.014675052410901468,2.4318658280922434
UBAC1,0.2557651991614256,0.0020964360587002098,2.509433962264151
UBAC2,0.18238993710691823,0.09643605870020965,2.2327044025157234
UBAP1,0.2222222222222222,0.016771488469601678,2.429769392033543
UBAP2L,0.2578616352201258,0.0,2.5241090146750524
UBASH3A,0.21593291404612158,0.03563941299790356,2.3752620545073375
UBB,0.18029350104821804,0.06918238993710692,2.247379454926625
UBC,0.22012578616352202,0.05241090146750524,2.3668763102725365
UBD,0.22851153039832284,0.006289308176100629,2.4171907756813416
UBE2A,0.008385744234800839,0.779874213836478,1.228511530398323
UBE2B,0.21593291404612158,0.031446540880503145,2.379454926624738
UBE2C,0.23270440251572327,0.008385744234800839,2.4737945492662474
UBE2D1,0.20754716981132076,0.041928721174004195,2.3354297693920336
UBE2D2,0.22851153039832284,0.016771488469601678,2.410901467505241
UBE2D3,0.22431865828092243,0.016771488469601678,2.3962264150943398
UBE2E1,0.22012578616352202,0.018867924528301886,2.4234800838574424
UBE2E2,0.22012578616352202,0.020964360587002098,2.419287211740042
UBE2E3,0.20545073375262055,0.0440251572327044,2.3354297693920336
UBE2F,0.21174004192872117,0.025157232704402517,2.3647798742138364
UBE2G2,0.2180293501048218,0.033542976939203356,2.389937106918239
UBE2I,0.2431865828092243,0.010482180293501049,2.4465408805031448
UBE2J1,0.13836477987421383,0.259958071278826,1.9874213836477987
UBE2J2,0.21174004192872117,0.014675052410901468,2.3626834381551363
UBE2K,0.2138364779874214,0.03563941299790356,2.3626834381551363
UBE2L3,0.21174004192872117,0.027253668763102725,2.350104821802935
UBE2L6,0.22431865828092243,0.012578616352201259,2.4171907756813416
UBE2M,0.2222222222222222,0.0020964360587002098,2.419287211740042
UBE2N,0.24737945492662475,0.0,2.49685534591195
UBE2Q2,0.20754716981132076,0.014675052410901468,2.368972746331237
UBE2S,0.23060796645702306,0.0,2.4360587002096437
UBE2V1,0.2389937106918239,0.006289308176100629,2.4633123689727463
UBE2V2,0.2893081761006289,0.03773584905660377,2.647798742138365
UBE2W,0.3584905660377358,0.0020964360587002098,2.9266247379454926
UBE2Z,0.23270440251572327,0.006289308176100629,2.440251572327044
UBE3C,0.27044025157232704,0.014675052410901468,2.540880503144654
UBE3D,0.15513626834381553,0.23060796645702306,2.050314465408805
UBE4A,0.21593291404612158,0.05450733752620545,2.360587002096436
UBE4B,0.19916142557651992,0.033542976939203356,2.3228511530398324
UBIAD1,0.1970649895178197,0.029350104821802937,2.3186582809224316
UBL3,0.21593291404612158,0.05660377358490566,2.3228511530398324
UBL4A,0.010482180293501049,0.7819706498951782,1.2327044025157232
UBL4B,0.20335429769392033,0.033542976939203356,2.339622641509434
UBL5,0.21593291404612158,0.006289308176100629,2.3878406708595388
UBLCP1,0.23270440251572327,0.006289308176100629,2.4360587002096437
UBN1,0.25157232704402516,0.0,2.461215932914046
UBOX5,0.21593291404612158,0.033542976939203356,2.3773584905660377
UBQLN1,0.24737945492662475,0.012578616352201259,2.4633123689727463
UBQLN2,0.008385744234800839,0.7777777777777778,1.2348008385744236
UBQLN4,0.23689727463312368,0.016771488469601678,2.461215932914046
UBR1,0.1949685534591195,0.03773584905660377,2.3144654088050314
UBR2,0.22641509433962265,0.006289308176100629,2.4171907756813416
UBR4,0.20335429769392033,0.023060796645702306,2.341719077568134
UBR5,0.3668763102725367,0.0041928721174004195,2.9245283018867925
UBTF,0.18867924528301888,0.14255765199161424,2.20125786163522
UBXN1,0.23270440251572327,0.0041928721174004195,2.450733752620545
UBXN2A,0.23270440251572327,0.010482180293501049,2.4255765199161425
UBXN2B,0.3018867924528302,0.025157232704402517,2.7044025157232703
UBXN4,0.16142557651991615,0.09014675052410902,2.209643605870021
UBXN7,0.24109014675052412,0.039832285115303984,2.4276729559748427
UCHL1,0.21174004192872117,0.039832285115303984,2.352201257861635
UCHL3,0.14465408805031446,0.20125786163522014,2.039832285115304
UCHL5,0.22851153039832284,0.027253668763102725,2.4276729559748427
UCK1,0.25157232704402516,0.008385744234800839,2.490566037735849
UCKL1,0.24109014675052412,0.006289308176100629,2.457023060796646
UCN,0.22641509433962265,0.008385744234800839,2.4213836477987423
UCN3,0.21593291404612158,0.027253668763102725,2.3647798742138364
UCP1,0.22431865828092243,0.010482180293501049,2.40251572327044
UCP2,0.25366876310272535,0.0041928721174004195,2.488469601677149
UCP3,0.25366876310272535,0.0041928721174004195,2.488469601677149
UFD1,0.20125786163522014,0.031446540880503145,2.3291404612159328
UFL1,0.13836477987421383,0.22851153039832284,2.0230607966457024
UFM1,0.13836477987421383,0.2222222222222222,2.0146750524109014
UFSP2,0.2138364779874214,0.016771488469601678,2.3710691823899372
UGCG,0.2578616352201258,0.0,2.509433962264151
UGDH,0.2138364779874214,0.03773584905660377,2.360587002096436
UGGT1,0.1761006289308176,0.07337526205450734,2.2452830188679247
UGP2,0.22012578616352202,0.025157232704402517,2.3857442348008386
UGT1A1,0.22012578616352202,0.029350104821802937,2.3752620545073375
UGT1A10,0.22012578616352202,0.029350104821802937,2.3752620545073375
UGT1A3,0.22012578616352202,0.029350104821802937,2.3752620545073375
UGT1A4,0.22012578616352202,0.029350104821802937,2.3752620545073375
UGT1A6,0.22012578616352202,0.029350104821802937,2.3752620545073375
UGT1A7,0.22012578616352202,0.029350104821802937,2.3752620545073375
UGT1A8,0.22012578616352202,0.029350104821802937,2.3752620545073375
UGT1A9,0.22012578616352202,0.029350104821802937,2.3752620545073375
UGT2A3,0.2138364779874214,0.023060796645702306,2.3878406708595388
UGT2B11,0.21593291404612158,0.020964360587002098,2.3836477987421385
UGT2B15,0.21593291404612158,0.020964360587002098,2.3857442348008386
UGT2B7,0.2138364779874214,0.023060796645702306,2.379454926624738
UGT8,0.20754716981132076,0.027253668763102725,2.358490566037736
UHRF1,0.2138364779874214,0.012578616352201259,2.3752620545073375
UHRF2,0.21174004192872117,0.033542976939203356,2.3731656184486374
UIMC1,0.22851153039832284,0.0,2.440251572327044
ULBP1,0.20754716981132076,0.029350104821802937,2.348008385744235
ULBP2,0.20754716981132076,0.029350104821802937,2.348008385744235
ULBP3,0.20754716981132076,0.029350104821802937,2.348008385744235
ULK1,0.21593291404612158,0.03773584905660377,2.368972746331237
ULK2,0.20335429769392033,0.025157232704402517,2.3438155136268346
ULK3,0.20335429769392033,0.023060796645702306,2.3542976939203353
UMOD,0.2348008385744235,0.008385744234800839,2.4360587002096437
UMPS,0.2578616352201258,0.016771488469601678,2.50314465408805
UNC119,0.21174004192872117,0.016771488469601678,2.3731656184486374
UNC119B,0.24109014675052412,0.023060796645702306,2.4318658280922434
UNC13A,0.22012578616352202,0.0,2.4150943396226414
UNC13B,0.23060796645702306,0.010482180293501049,2.448637316561845
UNC13D,0.23270440251572327,0.016771488469601678,2.4255765199161425
UNC45A,0.21174004192872117,0.006289308176100629,2.3857442348008386
UNC45B,0.20964360587002095,0.029350104821802937,2.352201257861635
UNC5A,0.22851153039832284,0.0,2.438155136268344
UNC5B,0.19916142557651992,0.039832285115303984,2.3228511530398324
UNC5C,0.2222222222222222,0.018867924528301886,2.3941299790356396
UNC93B1,0.2620545073375262,0.0,2.5283018867924527
UNG,0.2348008385744235,0.010482180293501049,2.438155136268344
UNKL,0.24528301886792453,0.010482180293501049,2.448637316561845
UPF1,0.2180293501048218,0.0020964360587002098,2.410901467505241
UPF2,0.21174004192872117,0.039832285115303984,2.352201257861635
UPF3A,0.1928721174004193,0.06918238993710692,2.280922431865828
UPF3B,0.008385744234800839,0.779874213836478,1.228511530398323
UPK1B,0.24947589098532494,0.025157232704402517,2.4863731656184487
UPK2,0.2180293501048218,0.05241090146750524,2.3668763102725365
UPK3A,0.19916142557651992,0.050314465408805034,2.3060796645702304
UPP1,0.27882599580712786,0.010482180293501049,2.5744234800838575
UPP2,0.1949685534591195,0.05450733752620545,2.3123689727463312
UPRT,0.008385744234800839,0.779874213836478,1.2327044025157232
UQCC1,0.2348008385744235,0.012578616352201259,2.4360587002096437
UQCC2,0.22431865828092243,0.0020964360587002098,2.4171907756813416
UQCR10,0.1970649895178197,0.031446540880503145,2.3207547169811322
UQCR11,0.21174004192872117,0.031446540880503145,2.3438155136268346
UQCRB,0.3689727463312369,0.008385744234800839,2.9287211740041927
UQCRC1,0.22012578616352202,0.020964360587002098,2.4150943396226414
UQCRC2,0.23270440251572327,0.006289308176100629,2.4360587002096437
UQCRFS1,0.22012578616352202,0.006289308176100629,2.4213836477987423
UQCRH,0.20545073375262055,0.025157232704402517,2.3438155136268346
UQCRQ,0.2138364779874214,0.031446540880503145,2.3752620545073375
URB1,0.2180293501048218,0.016771488469601678,2.410901467505241
URB2,0.22641509433962265,0.06079664570230608,2.379454926624738
URI1,0.21593291404612158,0.006289308176100629,2.410901467505241
UROD,0.20964360587002095,0.012578616352201259,2.360587002096436
UROS,0.19916142557651992,0.041928721174004195,2.3144654088050314
USE1,0.2180293501048218,0.0,2.4129979035639413
USF1,0.23270440251572327,0.031446540880503145,2.438155136268344
USF2,0.22012578616352202,0.0041928721174004195,2.4171907756813416
USH1C,0.23270440251572327,0.0020964360587002098,2.429769392033543
USH1G,0.23060796645702306,0.016771488469601678,2.4213836477987423
USH2A,0.22641509433962265,0.04612159329140461,2.40251572327044
USO1,0.22851153039832284,0.0020964360587002098,2.429769392033543
USP1,0.20335429769392033,0.0440251572327044,2.3207547169811322
USP10,0.12368972746331237,0.27672955974842767,1.9350104821802936
USP11,0.012578616352201259,0.7756813417190775,1.249475890985325
USP14,0.20545073375262055,0.05870020964360587,2.3270440251572326
USP16,0.20754716981132076,0.025157232704402517,2.379454926624738
USP17L1,0.12159329140461216,0.31027253668763105,1.9077568134171907
USP17L2,0.11320754716981132,0.33752620545073375,1.8658280922431867
USP17L5,0.2180293501048218,0.016771488469601678,2.3941299790356396
USP18,0.20125786163522014,0.03563941299790356,2.3291404612159328
USP19,0.22012578616352202,0.016771488469601678,2.419287211740042
USP2,0.2180293501048218,0.05241090146750524,2.368972746331237
USP21,0.23270440251572327,0.029350104821802937,2.440251572327044
USP22,0.20964360587002095,0.025157232704402517,2.360587002096436
USP25,0.21593291404612158,0.029350104821802937,2.3962264150943398
USP26,0.010482180293501049,0.779874213836478,1.2348008385744236
USP28,0.20125786163522014,0.07337526205450734,2.3060796645702304
USP3,0.20545073375262055,0.012578616352201259,2.360587002096436
USP30,0.2348008385744235,0.012578616352201259,2.438155136268344
USP33,0.19916142557651992,0.04821802935010482,2.3060796645702304
USP37,0.22431865828092243,0.014675052410901468,2.40251572327044
USP39,0.22851153039832284,0.014675052410901468,2.4046121593291403
USP4,0.22012578616352202,0.014675052410901468,2.4213836477987423
USP44,0.24109014675052412,0.0041928721174004195,2.490566037735849
USP47,0.22641509433962265,0.010482180293501049,2.410901467505241
USP48,0.20754716981132076,0.027253668763102725,2.339622641509434
USP49,0.22851153039832284,0.006289308176100629,2.419287211740042
USP5,0.18238993710691823,0.07966457023060797,2.280922431865828
USP6,0.15513626834381553,0.10062893081761007,2.169811320754717
USP7,0.24737945492662475,0.0,2.457023060796646
USP8,0.20754716981132076,0.027253668763102725,2.341719077568134
USP9X,0.008385744234800839,0.779874213836478,1.2410901467505242
UST,0.20335429769392033,0.033542976939203356,2.3375262054507338
UTF1,0.1970649895178197,0.05450733752620545,2.291404612159329
UTP11,0.20754716981132076,0.012578616352201259,2.358490566037736
UTP14A,0.010482180293501049,0.779874213836478,1.2348008385744236
UTP14C,0.12159329140461216,0.2809224318658281,1.9161425576519917
UTP15,0.16981132075471697,0.11949685534591195,2.1949685534591197
UTP18,0.22641509433962265,0.010482180293501049,2.4276729559748427
UTP20,0.2431865828092243,0.006289308176100629,2.4675052410901466
UTP23,0.3689727463312369,0.006289308176100629,2.890985324947589
UTP25,0.22851153039832284,0.031446540880503145,2.438155136268344
UTP3,0.23270440251572327,0.010482180293501049,2.419287211740042
UTP4,0.15932914046121593,0.1719077568134172,2.1174004192872116
UTP6,0.20754716981132076,0.031446540880503145,2.352201257861635
UTRN,0.20754716981132076,0.027253668763102725,2.352201257861635
UVRAG,0.25366876310272535,0.0020964360587002098,2.490566037735849
UXS1,0.21593291404612158,0.012578616352201259,2.3857442348008386
UXT,0.012578616352201259,0.7756813417190775,1.2410901467505242
VAC14,0.15932914046121593,0.21174004192872117,2.0754716981132075
VAMP1,0.18029350104821804,0.07966457023060797,2.2767295597484276
VAMP2,0.129979035639413,0.14046121593291405,2.0798319327731094
VAMP3,0.20964360587002095,0.027253668763102725,2.341719077568134
VAMP4,0.22641509433962265,0.025157232704402517,2.4276729559748427
VAMP5,0.22641509433962265,0.014675052410901468,2.40251572327044
VAMP7,0.1488469601677149,0.43186582809224316,1.740041928721174
VAMP8,0.22641509433962265,0.014675052410901468,2.40251572327044
VANGL1,0.21593291404612158,0.029350104821802937,2.3752620545073375
VANGL2,0.23270440251572327,0.029350104821802937,2.442348008385744
VAPA,0.20964360587002095,0.050314465408805034,2.3542976939203353
VAPB,0.2389937106918239,0.0041928721174004195,2.461215932914046
VARS2,0.22851153039832284,0.0041928721174004195,2.4234800838574424
VASN,0.2431865828092243,0.010482180293501049,2.440251572327044
VASP,0.2138364779874214,0.012578616352201259,2.3941299790356396
VAT1,0.20545073375262055,0.0649895178197065,2.310272536687631
VAV1,0.2138364779874214,0.014675052410901468,2.379454926624738
VAV2,0.2557651991614256,0.0020964360587002098,2.511530398322851
VAV3,0.20754716981132076,0.029350104821802937,2.348008385744235
VAX1,0.20125786163522014,0.039832285115303984,2.3144654088050314
VBP1,0.010482180293501049,0.7819706498951782,1.2327044025157232
VCAM1,0.20545073375262055,0.04612159329140461,2.3249475890985325
VCAN,0.20335429769392033,0.04612159329140461,2.3375262054507338
VCL,0.19916142557651992,0.05241090146750524,2.3144654088050314
VCP,0.23060796645702306,0.010482180293501049,2.4465408805031448
VCPIP1,0.3438155136268344,0.010482180293501049,2.880503144654088
VDAC1,0.21593291404612158,0.029350104821802937,2.379454926624738
VDAC2,0.20125786163522014,0.06289308176100629,2.30188679245283
VDAC3,0.18448637316561844,0.20125786163522014,2.1844863731656186
VDR,0.21174004192872117,0.012578616352201259,2.3941299790356396
VEGFB,0.2389937106918239,0.0041928721174004195,2.4716981132075473
VEGFC,0.20964360587002095,0.023060796645702306,2.358490566037736
VEGFD,0.010482180293501049,0.7672955974842768,1.2557651991614256
VENTX,0.1970649895178197,0.05450733752620545,2.291404612159329
VEZT,0.24109014675052412,0.0041928721174004195,2.490566037735849
VGF,0.2809224318658281,0.008385744234800839,2.5953878406708597
VGLL1,0.010482180293501049,0.7777777777777778,1.2368972746331237
VGLL2,0.15932914046121593,0.16981132075471697,2.1174004192872116
VGLL3,0.2348008385744235,0.010482180293501049,2.459119496855346
VGLL4,0.20964360587002095,0.027253668763102725,2.3878406708595388
VHL,0.20545073375262055,0.039832285115303984,2.3731656184486374
VHLL,0.2348008385744235,0.016771488469601678,2.459119496855346
VIM,0.2138364779874214,0.03773584905660377,2.360587002096436
VIP,0.20754716981132076,0.029350104821802937,2.352201257861635
VIPAS39,0.2138364779874214,0.018867924528301886,2.3773584905660377
VIPR1,0.2222222222222222,0.0041928721174004195,2.4465408805031448
VIPR2,0.2662473794549266,0.012578616352201259,2.538784067085954
VIRMA,0.36268343815513626,0.014675052410901468,2.9266247379454926
VKORC1,0.22851153039832284,0.010482180293501049,2.4171907756813416
VKORC1L1,0.2809224318658281,0.0,2.59748427672956
VLDLR,0.20754716981132076,0.039832285115303984,2.350104821802935
VMA21,0.014675052410901468,0.7756813417190775,1.2452830188679245
VMP1,0.2180293501048218,0.014675052410901468,2.40251572327044
VN1R1,0.22431865828092243,0.0020964360587002098,2.438155136268344
VNN2,0.2138364779874214,0.016771488469601678,2.3752620545073375
VPREB1,0.21174004192872117,0.025157232704402517,2.3542976939203353
VPS11,0.2180293501048218,0.05241090146750524,2.3668763102725365
VPS16,0.22012578616352202,0.031446540880503145,2.3857442348008386
VPS18,0.1970649895178197,0.03773584905660377,2.3228511530398324
VPS25,0.20545073375262055,0.06918238993710692,2.3060796645702304
VPS26A,0.21593291404612158,0.033542976939203356,2.3626834381551363
VPS26B,0.22641509433962265,0.018867924528301886,2.4318658280922434
VPS26C,0.2180293501048218,0.018867924528301886,2.410901467505241
VPS28,0.33752620545073375,0.025157232704402517,2.7714884696016773
VPS29,0.23060796645702306,0.010482180293501049,2.4318658280922434
VPS33A,0.2348008385744235,0.029350104821802937,2.4213836477987423
VPS33B,0.21174004192872117,0.006289308176100629,2.3857442348008386
VPS35,0.21174004192872117,0.06079664570230608,2.3542976939203353
VPS35L,0.2389937106918239,0.0041928721174004195,2.4465408805031448
VPS36,0.1278825995807128,0.2662473794549266,1.9392033542976939
VPS37A,0.1069182389937107,0.3584905660377358,1.8406708595387842
VPS37B,0.22641509433962265,0.029350104821802937,2.39832285115304
VPS37C,0.23270440251572327,0.0041928721174004195,2.450733752620545
VPS37D,0.2851153039832285,0.0,2.60167714884696
VPS39,0.1949685534591195,0.039832285115303984,2.3165618448637315
VPS41,0.2830188679245283,0.0020964360587002098,2.5953878406708597
VPS4A,0.15932914046121593,0.1740041928721174,2.1153039832285114
VPS4B,0.15513626834381553,0.15513626834381553,2.1257861635220126
VPS51,0.24528301886792453,0.0020964360587002098,2.4821802935010484
VPS52,0.22641509433962265,0.0020964360587002098,2.419287211740042
VPS53,0.16352201257861634,0.07756813417190776,2.211740041928721
VPS72,0.25366876310272535,0.0,2.5366876310272537
VRK1,0.21593291404612158,0.020964360587002098,2.3773584905660377
VRK3,0.2180293501048218,0.008385744234800839,2.4150943396226414
VSIG4,0.014675052410901468,0.7756813417190775,1.2641509433962264
VTA1,0.20964360587002095,0.020964360587002098,2.360587002096436
VTCN1,0.22012578616352202,0.018867924528301886,2.406708595387841
VTI1A,0.20335429769392033,0.039832285115303984,2.3165618448637315
VTI1B,0.20964360587002095,0.020964360587002098,2.3668763102725365
VTN,0.21174004192872117,0.016771488469601678,2.3731656184486374
VWA1,0.20964360587002095,0.016771488469601678,2.358490566037736
VWA8,0.1278825995807128,0.27882599580712786,1.9245283018867925
VWF,0.18658280922431866,0.07966457023060797,2.2851153039832286
WAC,0.20754716981132076,0.031446540880503145,2.358490566037736
WAPL,0.18238993710691823,0.12368972746331237,2.209643605870021
WARS2,0.22641509433962265,0.016771488469601678,2.4255765199161425
WAS,0.012578616352201259,0.7756813417190775,1.249475890985325
WASF1,0.1488469601677149,0.19916142557651992,2.0754716981132075
WASF2,0.20545073375262055,0.018867924528301886,2.3459119496855347
WASF3,0.21174004192872117,0.020964360587002098,2.3647798742138364
WASHC1,0.21174004192872117,0.03773584905660377,2.3668763102725365
WASHC2A,0.20754716981132076,0.04821802935010482,2.3228511530398324
WASHC2C,0.20545073375262055,0.041928721174004195,2.3270440251572326
WASHC3,0.2431865828092243,0.010482180293501049,2.469601677148847
WASHC4,0.2431865828092243,0.010482180293501049,2.461215932914046
WASHC5,0.3710691823899371,0.0041928721174004195,2.9266247379454926
WASL,0.26834381551362685,0.020964360587002098,2.5262054507337526
WBP11,0.18238993710691823,0.1111111111111111,2.251572327044025
WBP4,0.12578616352201258,0.27253668763102723,1.928721174004193
WDFY3,0.2222222222222222,0.008385744234800839,2.39832285115304
WDHD1,0.2180293501048218,0.008385744234800839,2.3962264150943398
WDR1,0.22851153039832284,0.018867924528301886,2.406708595387841
WDR11,0.1949685534591195,0.039832285115303984,2.3039832285115303
WDR12,0.21593291404612158,0.012578616352201259,2.39832285115304
WDR19,0.21174004192872117,0.03773584905660377,2.358490566037736
WDR26,0.22851153039832284,0.05450733752620545,2.389937106918239
WDR3,0.2222222222222222,0.018867924528301886,2.408805031446541
WDR33,0.1761006289308176,0.07337526205450734,2.2452830188679247
WDR35,0.22431865828092243,0.008385744234800839,2.4150943396226414
WDR4,0.22012578616352202,0.03563941299790356,2.3857442348008386
WDR43,0.22641509433962265,0.010482180293501049,2.4171907756813416
WDR48,0.2222222222222222,0.0,2.4465408805031448
WDR5,0.2557651991614256,0.0020964360587002098,2.50314465408805
WDR62,0.21593291404612158,0.0041928721174004195,2.406708595387841
WDR74,0.23270440251572327,0.006289308176100629,2.448637316561845
WDR75,0.21593291404612158,0.016771488469601678,2.3941299790356396
WDR77,0.20964360587002095,0.033542976939203356,2.352201257861635
WDR82,0.22012578616352202,0.018867924528301886,2.419287211740042
WDR83,0.2138364779874214,0.014675052410901468,2.3773584905660377
WDR83OS,0.2138364779874214,0.014675052410901468,2.3773584905660377
WDTC1,0.20545073375262055,0.016771488469601678,2.348008385744235
WEE1,0.22851153039832284,0.006289308176100629,2.419287211740042
WFIKKN2,0.22431865828092243,0.008385744234800839,2.4234800838574424
WFS1,0.2180293501048218,0.014675052410901468,2.3941299790356396
WHAMM,0.20964360587002095,0.010482180293501049,2.3815513626834384
WHRN,0.2578616352201258,0.0,2.5241090146750524
WIF1,0.2348008385744235,0.012578616352201259,2.452830188679245
WIPF1,0.20335429769392033,0.050314465408805034,2.3270440251572326
WIPF2,0.21174004192872117,0.03773584905660377,2.356394129979036
WIPF3,0.2893081761006289,0.0020964360587002098,2.6373165618448637
WIPI1,0.22431865828092243,0.014675052410901468,2.4171907756813416
WIPI2,0.27672955974842767,0.010482180293501049,2.5660377358490565
WIZ,0.22012578616352202,0.0020964360587002098,2.410901467505241
WLS,0.20335429769392033,0.03773584905660377,2.3333333333333335
WNK1,0.18867924528301888,0.07756813417190776,2.29769392033543
WNK2,0.2578616352201258,0.008385744234800839,2.490566037735849
WNK3,0.008385744234800839,0.7756813417190775,1.2368972746331237
WNK4,0.20545073375262055,0.06918238993710692,2.3060796645702304
WNT1,0.21593291404612158,0.0041928721174004195,2.4171907756813416
WNT10B,0.21593291404612158,0.0041928721174004195,2.4171907756813416
WNT11,0.25366876310272535,0.0020964360587002098,2.490566037735849
WNT16,0.27253668763102723,0.012578616352201259,2.559748427672956
WNT2,0.2662473794549266,0.020964360587002098,2.538784067085954
WNT2B,0.20964360587002095,0.031446540880503145,2.356394129979036
WNT3,0.20964360587002095,0.06079664570230608,2.3291404612159328
WNT3A,0.22012578616352202,0.06079664570230608,2.3731656184486374
WNT4,0.20964360587002095,0.025157232704402517,2.3438155136268346
WNT5A,0.22012578616352202,0.014675052410901468,2.4234800838574424
WNT5B,0.1928721174004193,0.07337526205450734,2.310272536687631
WNT6,0.2222222222222222,0.020964360587002098,2.389937106918239
WNT7A,0.2222222222222222,0.012578616352201259,2.4360587002096437
WNT7B,0.19916142557651992,0.05241090146750524,2.3039832285115303
WRAP73,0.21174004192872117,0.016771488469601678,2.358490566037736
WRN,0.11949685534591195,0.31865828092243187,1.9077568134171907
WRNIP1,0.21174004192872117,0.025157232704402517,2.360587002096436
WT1,0.23060796645702306,0.023060796645702306,2.408805031446541
WTAP,0.19916142557651992,0.03563941299790356,2.3354297693920336
WTIP,0.2180293501048218,0.0041928721174004195,2.4150943396226414
WWC1,0.23270440251572327,0.008385744234800839,2.4465408805031448
WWOX,0.13626834381551362,0.2557651991614256,1.9895178197064989
WWP1,0.36268343815513626,0.010482180293501049,2.89937106918239
WWP2,0.15932914046121593,0.19077568134171907,2.09853249475891
WWTR1,0.27672955974842767,0.012578616352201259,2.5786163522012577
XAB2,0.21593291404612158,0.012578616352201259,2.379454926624738
XAF1,0.13836477987421383,0.14046121593291405,2.1048218029350103
XBP1,0.19077568134171907,0.041928721174004195,2.3039832285115303
XCL1,0.2348008385744235,0.023060796645702306,2.4318658280922434
XCL2,0.2348008385744235,0.023060796645702306,2.429769392033543
XDH,0.22012578616352202,0.029350104821802937,2.3836477987421385
XIAP,0.008385744234800839,0.779874213836478,1.228511530398323
XIRP1,0.2222222222222222,0.0,2.4465408805031448
XK,0.012578616352201259,0.7672955974842768,1.2557651991614256
XPA,0.259958071278826,0.010482180293501049,2.5052410901467503
XPC,0.2222222222222222,0.008385744234800839,2.440251572327044
XPO1,0.21174004192872117,0.03773584905660377,2.358490566037736
XPO4,0.2138364779874214,0.041928721174004195,2.360587002096436
XPO5,0.23060796645702306,0.006289308176100629,2.4213836477987423
XPO6,0.23689727463312368,0.008385744234800839,2.4360587002096437
XPO7,0.0859538784067086,0.42138364779874216,1.719077568134172
XPOT,0.23060796645702306,0.012578616352201259,2.440251572327044
XPR1,0.22851153039832284,0.012578616352201259,2.442348008385744
XRCC1,0.21174004192872117,0.025157232704402517,2.3710691823899372
XRCC2,0.2557651991614256,0.023060796645702306,2.49895178197065
XRCC3,0.22012578616352202,0.014675052410901468,2.39832285115304
XRCC4,0.20545073375262055,0.0440251572327044,2.3438155136268346
XRCC5,0.2180293501048218,0.018867924528301886,2.392033542976939
XRCC6,0.20545073375262055,0.031446540880503145,2.3375262054507338
XRN1,0.2746331236897275,0.0041928721174004195,2.6058700209643604
XRN2,0.2138364779874214,0.023060796645702306,2.40041928721174
XYLT1,0.24528301886792453,0.0,2.459119496855346
YAF2,0.2180293501048218,0.010482180293501049,2.408805031446541
YAP1,0.2431865828092243,0.03563941299790356,2.4255765199161425
YARS2,0.21593291404612158,0.05241090146750524,2.360587002096436
YBX1,0.20545073375262055,0.012578616352201259,2.356394129979036
YBX3,0.16771488469601678,0.129979035639413,2.190775681341719
YEATS2,0.25366876310272535,0.010482180293501049,2.507337526205451
YEATS4,0.24528301886792453,0.0,2.4779874213836477
YES1,0.20754716981132076,0.05870020964360587,2.331236897274633
YIF1A,0.259958071278826,0.0020964360587002098,2.5136268343815513
YIF1B,0.22012578616352202,0.008385744234800839,2.408805031446541
YIPF1,0.1970649895178197,0.041928721174004195,2.3144654088050314
YIPF2,0.2138364779874214,0.010482180293501049,2.379454926624738
YIPF3,0.23060796645702306,0.008385744234800839,2.419287211740042
YIPF4,0.22012578616352202,0.029350104821802937,2.3815513626834384
YIPF5,0.22431865828092243,0.010482180293501049,2.4234800838574424
YIPF6,0.014675052410901468,0.7777777777777778,1.249475890985325
YKT6,0.2809224318658281,0.006289308176100629,2.5870020964360587
YLPM1,0.21174004192872117,0.025157232704402517,2.3668763102725365
YME1L1,0.2180293501048218,0.029350104821802937,2.3752620545073375
YOD1,0.23060796645702306,0.014675052410901468,2.457023060796646
YPEL1,0.21174004192872117,0.025157232704402517,2.352201257861635
YRDC,0.20754716981132076,0.012578616352201259,2.358490566037736
YTHDC1,0.21593291404612158,0.023060796645702306,2.3836477987421385
YWHAB,0.23270440251572327,0.008385744234800839,2.448637316561845
YWHAE,0.16352201257861634,0.07756813417190776,2.209643605870021
YWHAG,0.2830188679245283,0.0,2.607966457023061
YWHAH,0.20125786163522014,0.029350104821802937,2.3375262054507338
YWHAQ,0.22851153039832284,0.0,2.4276729559748427
YWHAZ,0.3689727463312369,0.0020964360587002098,2.9350104821802936
YY1,0.22012578616352202,0.018867924528301886,2.392033542976939
YY1AP1,0.24528301886792453,0.010482180293501049,2.4821802935010484
YY2,0.008385744234800839,0.7714884696016772,1.2368972746331237
ZAP70,0.22641509433962265,0.006289308176100629,2.4129979035639413
ZBED1,0.2851153039832285,0.033542976939203356,2.5366876310272537
ZBP1,0.2389937106918239,0.0041928721174004195,2.4716981132075473
ZBTB14,0.20335429769392033,0.05870020964360587,2.3333333333333335
ZBTB16,0.20125786163522014,0.07756813417190776,2.2955974842767297
ZBTB17,0.20335429769392033,0.023060796645702306,2.339622641509434
ZBTB18,0.24528301886792453,0.014675052410901468,2.4737945492662474
ZBTB22,0.22641509433962265,0.0020964360587002098,2.419287211740042
ZBTB32,0.21593291404612158,0.0041928721174004195,2.406708595387841
ZBTB33,0.008385744234800839,0.779874213836478,1.228511530398323
ZBTB38,0.27253668763102723,0.010482180293501049,2.59748427672956
ZBTB7B,0.259958071278826,0.0041928721174004195,2.5157232704402515
ZC3H15,0.20964360587002095,0.04821802935010482,2.3438155136268346
ZC3H18,0.129979035639413,0.24947589098532494,1.970649895178197
ZC3H3,0.33962264150943394,0.020964360587002098,2.7819706498951784
ZC3H8,0.20335429769392033,0.023060796645702306,2.3542976939203353
ZC3HAV1,0.2746331236897275,0.010482180293501049,2.557651991614256
ZCCHC7,0.22641509433962265,0.012578616352201259,2.448637316561845
ZCCHC8,0.22851153039832284,0.031446540880503145,2.410901467505241
ZCRB1,0.2180293501048218,0.010482180293501049,2.408805031446541
ZDHHC17,0.2389937106918239,0.0020964360587002098,2.4716981132075473
ZDHHC21,0.2138364779874214,0.027253668763102725,2.392033542976939
ZDHHC8,0.20754716981132076,0.029350104821802937,2.3438155136268346
ZDHHC9,0.010482180293501049,0.779874213836478,1.2348008385744236
ZEB2,0.1740041928721174,0.09014675052410902,2.2327044025157234
ZER1,0.2557651991614256,0.0,2.507337526205451
ZFAND2B,0.22012578616352202,0.020964360587002098,2.3857442348008386
ZFHX3,0.13836477987421383,0.2578616352201258,1.9916142557651992
ZFP1,0.14465408805031446,0.24947589098532494,2.010482180293501
ZFP14,0.21593291404612158,0.008385744234800839,2.406708595387841
ZFP2,0.22851153039832284,0.0020964360587002098,2.4360587002096437
ZFP28,0.22641509433962265,0.0,2.442348008385744
ZFP36,0.2138364779874214,0.008385744234800839,2.39832285115304
ZFP36L1,0.20964360587002095,0.027253668763102725,2.356394129979036
ZFP36L2,0.22012578616352202,0.05241090146750524,2.350104821802935
ZFP37,0.2578616352201258,0.0,2.5052410901467503
ZFP69B,0.21174004192872117,0.010482180293501049,2.3710691823899372
ZFP90,0.16352201257861634,0.16142557651991615,2.1341719077568135
ZFPM1,0.129979035639413,0.25157232704402516,1.9685534591194969
ZFPM2,0.36477987421383645,0.010482180293501049,2.909853249475891
ZFR,0.23270440251572327,0.012578616352201259,2.4758909853249476
ZFYVE16,0.18448637316561844,0.07547169811320754,2.2662473794549265
ZFYVE26,0.20964360587002095,0.023060796645702306,2.3647798742138364
ZFYVE27,0.1949685534591195,0.07756813417190776,2.2536687631027252
ZFYVE28,0.22012578616352202,0.014675052410901468,2.389937106918239
ZFYVE9,0.20545073375262055,0.041928721174004195,2.3270440251572326
ZG16,0.23270440251572327,0.010482180293501049,2.4234800838574424
ZGPAT,0.24109014675052412,0.0041928721174004195,2.459119496855346
ZHX1,0.3689727463312369,0.0041928721174004195,2.8846960167714886
ZIC3,0.014675052410901468,0.7777777777777778,1.2410901467505242
ZIK1,0.22431865828092243,0.0,2.440251572327044
ZIM3,0.22641509433962265,0.0020964360587002098,2.442348008385744
ZKSCAN1,0.2851153039832285,0.010482180293501049,2.6142557651991614
ZKSCAN3,0.22641509433962265,0.014675052410901468,2.406708595387841
ZKSCAN4,0.22431865828092243,0.014675052410901468,2.4046121593291403
ZKSCAN5,0.2893081761006289,0.008385744234800839,2.6268343815513626
ZKSCAN7,0.2180293501048218,0.0041928721174004195,2.4339622641509435
ZKSCAN8,0.22431865828092243,0.014675052410901468,2.4046121593291403
ZMAT2,0.22431865828092243,0.010482180293501049,2.4129979035639413
ZMAT5,0.1970649895178197,0.031446540880503145,2.3207547169811322
ZMIZ1,0.19916142557651992,0.06289308176100629,2.308176100628931
ZMIZ2,0.2809224318658281,0.008385744234800839,2.5765199161425576
ZMPSTE24,0.21174004192872117,0.010482180293501049,2.3710691823899372
ZMYM2,0.21593291404612158,0.033542976939203356,2.368972746331237
ZMYM3,0.008385744234800839,0.7819706498951782,1.230607966457023
ZMYND11,0.2138364779874214,0.025157232704402517,2.368972746331237
ZMYND8,0.2348008385744235,0.008385744234800839,2.440251572327044
ZNF10,0.2138364779874214,0.039832285115303984,2.3647798742138364
ZNF100,0.22431865828092243,0.0041928721174004195,2.406708595387841
ZNF101,0.22641509433962265,0.0020964360587002098,2.419287211740042
ZNF112,0.2138364779874214,0.014675052410901468,2.3878406708595388
ZNF114,0.21174004192872117,0.020964360587002098,2.389937106918239
ZNF12,0.27882599580712786,0.012578616352201259,2.5660377358490565
ZNF124,0.2348008385744235,0.016771488469601678,2.4633123689727463
ZNF131,0.2348008385744235,0.016771488469601678,2.4654088050314464
ZNF133,0.20964360587002095,0.027253668763102725,2.379454926624738
ZNF135,0.2222222222222222,0.0020964360587002098,2.4360587002096437
ZNF136,0.20964360587002095,0.016771488469601678,2.3710691823899372
ZNF138,0.27882599580712786,0.0020964360587002098,2.5953878406708597
ZNF140,0.2138364779874214,0.039832285115303984,2.3647798742138364
ZNF143,0.22851153039832284,0.006289308176100629,2.419287211740042
ZNF155,0.2138364779874214,0.016771488469601678,2.3815513626834384
ZNF157,0.012578616352201259,0.7756813417190775,1.249475890985325
ZNF160,0.22851153039832284,0.0041928721174004195,2.4276729559748427
ZNF169,0.259958071278826,0.008385744234800839,2.50104821802935
ZNF17,0.22431865828092243,0.0020964360587002098,2.438155136268344
ZNF174,0.24528301886792453,0.0041928721174004195,2.452830188679245
ZNF175,0.22641509433962265,0.0041928721174004195,2.429769392033543
ZNF18,0.1509433962264151,0.09433962264150944,2.169811320754717
ZNF184,0.22431865828092243,0.018867924528301886,2.39832285115304
ZNF185,0.012578616352201259,0.7840670859538784,1.2327044025157232
ZNF189,0.2641509433962264,0.006289308176100629,2.547169811320755
ZNF19,0.1509433962264151,0.22641509433962265,2.050314465408805
ZNF195,0.22641509433962265,0.012578616352201259,2.4129979035639413
ZNF2,0.2222222222222222,0.008385744234800839,2.408805031446541
ZNF20,0.21174004192872117,0.014675052410901468,2.3752620545073375
ZNF200,0.24737945492662475,0.0041928721174004195,2.4549266247379453
ZNF202,0.22851153039832284,0.04612159329140461,2.39832285115304
ZNF205,0.24947589098532494,0.0041928721174004195,2.457023060796646
ZNF207,0.20964360587002095,0.023060796645702306,2.3647798742138364
ZNF208,0.22431865828092243,0.0020964360587002098,2.408805031446541
ZNF211,0.22431865828092243,0.0,2.440251572327044
ZNF212,0.27044025157232704,0.008385744234800839,2.5450733752620547
ZNF213,0.24947589098532494,0.0041928721174004195,2.457023060796646
ZNF214,0.23060796645702306,0.008385744234800839,2.4234800838574424
ZNF215,0.23060796645702306,0.008385744234800839,2.4234800838574424
ZNF217,0.24947589098532494,0.0041928721174004195,2.4716981132075473
ZNF219,0.21174004192872117,0.012578616352201259,2.3815513626834384
ZNF221,0.2138364779874214,0.016771488469601678,2.3815513626834384
ZNF223,0.2138364779874214,0.016771488469601678,2.3815513626834384
ZNF224,0.2138364779874214,0.016771488469601678,2.3815513626834384
ZNF225,0.2138364779874214,0.014675052410901468,2.3857442348008386
ZNF226,0.2138364779874214,0.014675052410901468,2.3857442348008386
ZNF227,0.2138364779874214,0.014675052410901468,2.3878406708595388
ZNF230,0.2138364779874214,0.016771488469601678,2.3815513626834384
ZNF234,0.2138364779874214,0.014675052410901468,2.3857442348008386
ZNF235,0.2138364779874214,0.014675052410901468,2.3878406708595388
ZNF24,0.1740041928721174,0.10272536687631027,2.2159329140461215
ZNF25,0.2222222222222222,0.033542976939203356,2.3815513626834384
ZNF250,0.33752620545073375,0.025157232704402517,2.7651991614255764
ZNF253,0.22641509433962265,0.0020964360587002098,2.419287211740042
ZNF254,0.22431865828092243,0.0041928721174004195,2.4150943396226414
ZNF256,0.2222222222222222,0.0020964360587002098,2.4360587002096437
ZNF257,0.22431865828092243,0.0020964360587002098,2.410901467505241
ZNF26,0.2138364779874214,0.039832285115303984,2.3647798742138364
ZNF263,0.24737945492662475,0.0041928721174004195,2.4549266247379453
ZNF264,0.22431865828092243,0.0020964360587002098,2.438155136268344
ZNF266,0.2138364779874214,0.006289308176100629,2.3857442348008386
ZNF267,0.23060796645702306,0.010482180293501049,2.419287211740042
ZNF268,0.2138364779874214,0.039832285115303984,2.3647798742138364
ZNF274,0.2222222222222222,0.0,2.4213836477987423
ZNF28,0.22641509433962265,0.0041928721174004195,2.4255765199161425
ZNF280A,0.20964360587002095,0.027253668763102725,2.350104821802935
ZNF280B,0.20964360587002095,0.025157232704402517,2.352201257861635
ZNF282,0.27044025157232704,0.008385744234800839,2.5450733752620547
ZNF286A,0.16561844863731656,0.07966457023060797,2.2159329140461215
ZNF30,0.2180293501048218,0.0041928721174004195,2.4150943396226414
ZNF300,0.2222222222222222,0.0041928721174004195,2.4171907756813416
ZNF302,0.21593291404612158,0.0041928721174004195,2.4129979035639413
ZNF304,0.22431865828092243,0.0020964360587002098,2.438155136268344
ZNF311,0.22431865828092243,0.006289308176100629,2.4129979035639413
ZNF317,0.2138364779874214,0.006289308176100629,2.3857442348008386
ZNF32,0.20754716981132076,0.039832285115303984,2.341719077568134
ZNF320,0.22641509433962265,0.0041928721174004195,2.4255765199161425
ZNF324,0.2222222222222222,0.0020964360587002098,2.419287211740042
ZNF324B,0.2222222222222222,0.0020964360587002098,2.419287211740042
ZNF326,0.20335429769392033,0.0440251572327044,2.3228511530398324
ZNF331,0.22851153039832284,0.0020964360587002098,2.4465408805031448
ZNF333,0.22012578616352202,0.008385744234800839,2.3962264150943398
ZNF334,0.2348008385744235,0.008385744234800839,2.442348008385744
ZNF335,0.23270440251572327,0.008385744234800839,2.4737945492662474
ZNF337,0.22012578616352202,0.016771488469601678,2.4213836477987423
ZNF33A,0.2222222222222222,0.033542976939203356,2.3815513626834384
ZNF33B,0.2180293501048218,0.039832285115303984,2.360587002096436
ZNF34,0.33752620545073375,0.025157232704402517,2.7651991614255764
ZNF343,0.22012578616352202,0.033542976939203356,2.3857442348008386
ZNF350,0.22851153039832284,0.0020964360587002098,2.4360587002096437
ZNF354A,0.22851153039832284,0.0020964360587002098,2.438155136268344
ZNF354C,0.22851153039832284,0.0020964360587002098,2.4339622641509435
ZNF362,0.21174004192872117,0.012578616352201259,2.3647798742138364
ZNF37A,0.2222222222222222,0.039832285115303984,2.3752620545073375
ZNF382,0.21593291404612158,0.010482180293501049,2.4046121593291403
ZNF383,0.21593291404612158,0.012578616352201259,2.39832285115304
ZNF384,0.18029350104821804,0.07966457023060797,2.2767295597484276
ZNF385A,0.2222222222222222,0.0020964360587002098,2.4360587002096437
ZNF394,0.2893081761006289,0.008385744234800839,2.6268343815513626
ZNF396,0.1740041928721174,0.10272536687631027,2.2159329140461215
ZNF398,0.27044025157232704,0.008385744234800839,2.5450733752620547
ZNF41,0.012578616352201259,0.7756813417190775,1.2410901467505242
ZNF415,0.22851153039832284,0.0041928721174004195,2.4276729559748427
ZNF416,0.22431865828092243,0.0,2.440251572327044
ZNF417,0.2222222222222222,0.0020964360587002098,2.4360587002096437
ZNF419,0.22431865828092243,0.0,2.440251572327044
ZNF420,0.21593291404612158,0.010482180293501049,2.4046121593291403
ZNF423,0.18238993710691823,0.09014675052410902,2.2683438155136266
ZNF426,0.2138364779874214,0.006289308176100629,2.3857442348008386
ZNF430,0.22431865828092243,0.006289308176100629,2.406708595387841
ZNF431,0.22431865828092243,0.006289308176100629,2.406708595387841
ZNF432,0.22851153039832284,0.0020964360587002098,2.4360587002096437
ZNF433,0.21174004192872117,0.012578616352201259,2.3773584905660377
ZNF436,0.20335429769392033,0.031446540880503145,2.3291404612159328
ZNF439,0.21174004192872117,0.010482180293501049,2.379454926624738
ZNF440,0.21174004192872117,0.010482180293501049,2.379454926624738
ZNF441,0.21174004192872117,0.010482180293501049,2.379454926624738
ZNF442,0.20964360587002095,0.018867924528301886,2.3668763102725365
ZNF443,0.20964360587002095,0.018867924528301886,2.3668763102725365
ZNF445,0.2180293501048218,0.0041928721174004195,2.4339622641509435
ZNF446,0.2222222222222222,0.0020964360587002098,2.419287211740042
ZNF45,0.2138364779874214,0.016771488469601678,2.3815513626834384
ZNF451,0.2222222222222222,0.012578616352201259,2.39832285115304
ZNF454,0.22851153039832284,0.0020964360587002098,2.4339622641509435
ZNF460,0.22431865828092243,0.0020964360587002098,2.438155136268344
ZNF461,0.21593291404612158,0.010482180293501049,2.4046121593291403
ZNF462,0.2578616352201258,0.0,2.5324947589098534
ZNF467,0.27044025157232704,0.008385744234800839,2.5450733752620547
ZNF468,0.22641509433962265,0.0041928721174004195,2.4255765199161425
ZNF471,0.22641509433962265,0.0,2.442348008385744
ZNF473,0.2180293501048218,0.008385744234800839,2.4150943396226414
ZNF479,0.27882599580712786,0.006289308176100629,2.570230607966457
ZNF480,0.22641509433962265,0.0020964360587002098,2.4276729559748427
ZNF483,0.2578616352201258,0.0,2.507337526205451
ZNF484,0.259958071278826,0.008385744234800839,2.492662473794549
ZNF485,0.20754716981132076,0.039832285115303984,2.341719077568134
ZNF490,0.21174004192872117,0.016771488469601678,2.3731656184486374
ZNF493,0.2222222222222222,0.0041928721174004195,2.406708595387841
ZNF496,0.2348008385744235,0.018867924528301886,2.459119496855346
ZNF500,0.24737945492662475,0.0020964360587002098,2.4549266247379453
ZNF510,0.2620545073375262,0.012578616352201259,2.50314465408805
ZNF514,0.2222222222222222,0.008385744234800839,2.408805031446541
ZNF516,0.15513626834381553,0.14465408805031446,2.1257861635220126
ZNF517,0.33752620545073375,0.025157232704402517,2.7651991614255764
ZNF519,0.20964360587002095,0.04821802935010482,2.3542976939203353
ZNF521,0.1761006289308176,0.08385744234800839,2.2452830188679247
ZNF526,0.20754716981132076,0.029350104821802937,2.3626834381551363
ZNF529,0.21593291404612158,0.008385744234800839,2.406708595387841
ZNF544,0.2222222222222222,0.0,2.4213836477987423
ZNF547,0.22431865828092243,0.0020964360587002098,2.438155136268344
ZNF549,0.22431865828092243,0.0,2.440251572327044
ZNF551,0.22431865828092243,0.0,2.440251572327044
ZNF552,0.22431865828092243,0.0020964360587002098,2.438155136268344
ZNF554,0.20964360587002095,0.033542976939203356,2.341719077568134
ZNF555,0.20964360587002095,0.033542976939203356,2.341719077568134
ZNF556,0.20964360587002095,0.033542976939203356,2.341719077568134
ZNF557,0.2138364779874214,0.014675052410901468,2.3836477987421385
ZNF559,0.2138364779874214,0.006289308176100629,2.3857442348008386
ZNF561,0.2138364779874214,0.006289308176100629,2.3857442348008386
ZNF562,0.2138364779874214,0.006289308176100629,2.3857442348008386
ZNF564,0.21174004192872117,0.016771488469601678,2.3731656184486374
ZNF566,0.21593291404612158,0.008385744234800839,2.406708595387841
ZNF567,0.21593291404612158,0.010482180293501049,2.4046121593291403
ZNF569,0.21593291404612158,0.012578616352201259,2.39832285115304
ZNF582,0.22641509433962265,0.0,2.469601677148847
ZNF585A,0.21593291404612158,0.010482180293501049,2.4046121593291403
ZNF585B,0.21593291404612158,0.010482180293501049,2.40041928721174
ZNF587,0.22431865828092243,0.0020964360587002098,2.438155136268344
ZNF589,0.22012578616352202,0.018867924528301886,2.4171907756813416
ZNF592,0.20964360587002095,0.010482180293501049,2.3857442348008386
ZNF593,0.20964360587002095,0.014675052410901468,2.356394129979036
ZNF596,0.13417190775681342,0.2830188679245283,1.9958071278825995
ZNF597,0.24528301886792453,0.0041928721174004195,2.452830188679245
ZNF599,0.21593291404612158,0.0041928721174004195,2.4129979035639413
ZNF600,0.22851153039832284,0.0041928721174004195,2.4276729559748427
ZNF605,0.2138364779874214,0.039832285115303984,2.3647798742138364
ZNF606,0.2222222222222222,0.0020964360587002098,2.4360587002096437
ZNF607,0.21593291404612158,0.010482180293501049,2.40041928721174
ZNF611,0.22851153039832284,0.0041928721174004195,2.4276729559748427
ZNF613,0.22851153039832284,0.0020964360587002098,2.4360587002096437
ZNF614,0.22851153039832284,0.0020964360587002098,2.4360587002096437
ZNF615,0.22851153039832284,0.0020964360587002098,2.4360587002096437
ZNF616,0.22851153039832284,0.0020964360587002098,2.4360587002096437
ZNF620,0.22431865828092243,0.0020964360587002098,2.450733752620545
ZNF621,0.22431865828092243,0.0020964360587002098,2.450733752620545
ZNF622,0.23270440251572327,0.010482180293501049,2.4863731656184487
ZNF624,0.17819706498951782,0.0649895178197065,2.251572327044025
ZNF625,0.21174004192872117,0.014675052410901468,2.3752620545073375
ZNF626,0.22641509433962265,0.0020964360587002098,2.4129979035639413
ZNF627,0.2138364779874214,0.014675052410901468,2.3752620545073375
ZNF638,0.21174004192872117,0.029350104821802937,2.3626834381551363
ZNF641,0.2138364779874214,0.008385744234800839,2.408805031446541
ZNF649,0.22851153039832284,0.0020964360587002098,2.4360587002096437
ZNF653,0.2138364779874214,0.012578616352201259,2.3773584905660377
ZNF655,0.2893081761006289,0.008385744234800839,2.6268343815513626
ZNF658,0.24109014675052412,0.0041928721174004195,2.4654088050314464
ZNF660,0.2180293501048218,0.0041928721174004195,2.4339622641509435
ZNF662,0.2222222222222222,0.0041928721174004195,2.4465408805031448
ZNF664,0.22431865828092243,0.039832285115303984,2.3836477987421385
ZNF665,0.22851153039832284,0.0041928721174004195,2.4276729559748427
ZNF668,0.22851153039832284,0.010482180293501049,2.4171907756813416
ZNF669,0.2348008385744235,0.016771488469601678,2.4633123689727463
ZNF670,0.23270440251572327,0.018867924528301886,2.457023060796646
ZNF671,0.22431865828092243,0.0,2.440251572327044
ZNF675,0.22431865828092243,0.0041928721174004195,2.4150943396226414
ZNF676,0.22431865828092243,0.0020964360587002098,2.4129979035639413
ZNF678,0.22012578616352202,0.06079664570230608,2.3731656184486374
ZNF679,0.2809224318658281,0.0041928721174004195,2.59958071278826
ZNF684,0.21174004192872117,0.010482180293501049,2.3731656184486374
ZNF687,0.25157232704402516,0.0,2.5345911949685536
ZNF689,0.22851153039832284,0.010482180293501049,2.4171907756813416
ZNF69,0.21174004192872117,0.010482180293501049,2.379454926624738
ZNF691,0.20545073375262055,0.012578616352201259,2.3542976939203353
ZNF692,0.23689727463312368,0.016771488469601678,2.4633123689727463
ZNF696,0.33962264150943394,0.020964360587002098,2.7819706498951784
ZNF699,0.2138364779874214,0.006289308176100629,2.3857442348008386
ZNF7,0.33752620545073375,0.025157232704402517,2.7651991614255764
ZNF70,0.20754716981132076,0.025157232704402517,2.350104821802935
ZNF701,0.22641509433962265,0.0041928721174004195,2.4255765199161425
ZNF703,0.18448637316561844,0.22012578616352202,2.1761006289308176
ZNF705G,0.12159329140461216,0.31236897274633124,1.9056603773584906
ZNF707,0.33752620545073375,0.020964360587002098,2.779874213836478
ZNF708,0.22431865828092243,0.0041928721174004195,2.408805031446541
ZNF71,0.22641509433962265,0.0,2.442348008385744
ZNF710,0.21174004192872117,0.008385744234800839,2.3836477987421385
ZNF711,0.006289308176100629,0.7777777777777778,1.2264150943396226
ZNF714,0.22431865828092243,0.006289308176100629,2.406708595387841
ZNF716,0.27882599580712786,0.0041928721174004195,2.5723270440251573
ZNF721,0.22012578616352202,0.016771488469601678,2.379454926624738
ZNF724,0.22431865828092243,0.0041928721174004195,2.4129979035639413
ZNF726,0.22431865828092243,0.0041928721174004195,2.4150943396226414
ZNF732,0.22012578616352202,0.016771488469601678,2.379454926624738
ZNF738,0.22431865828092243,0.0041928721174004195,2.408805031446541
ZNF74,0.20754716981132076,0.029350104821802937,2.3438155136268346
ZNF740,0.22851153039832284,0.0020964360587002098,2.442348008385744
ZNF746,0.27044025157232704,0.008385744234800839,2.5450733752620547
ZNF747,0.22851153039832284,0.010482180293501049,2.4171907756813416
ZNF75A,0.24737945492662475,0.0041928721174004195,2.4549266247379453
ZNF76,0.2222222222222222,0.010482180293501049,2.4046121593291403
ZNF764,0.22851153039832284,0.010482180293501049,2.4171907756813416
ZNF77,0.20964360587002095,0.03563941299790356,2.339622641509434
ZNF770,0.20545073375262055,0.03563941299790356,2.3438155136268346
ZNF771,0.23060796645702306,0.010482180293501049,2.4213836477987423
ZNF773,0.22431865828092243,0.0,2.440251572327044
ZNF774,0.21174004192872117,0.006289308176100629,2.3878406708595388
ZNF775,0.27044025157232704,0.008385744234800839,2.542976939203354
ZNF785,0.22851153039832284,0.010482180293501049,2.4171907756813416
ZNF786,0.27044025157232704,0.008385744234800839,2.5450733752620547
ZNF79,0.2641509433962264,0.0,2.538784067085954
ZNF790,0.21593291404612158,0.010482180293501049,2.4046121593291403
ZNF791,0.21174004192872117,0.016771488469601678,2.3731656184486374
ZNF792,0.2180293501048218,0.0041928721174004195,2.4150943396226414
ZNF804B,0.2893081761006289,0.0,2.6289308176100628
ZNF830,0.20964360587002095,0.029350104821802937,2.352201257861635
ZNF860,0.22431865828092243,0.008385744234800839,2.4360587002096437
ZNF875,0.21593291404612158,0.012578616352201259,2.39832285115304
ZNF92,0.27882599580712786,0.0020964360587002098,2.593291404612159
ZNF99,0.22431865828092243,0.0041928721174004195,2.4129979035639413
ZNHIT6,0.20125786163522014,0.039832285115303984,2.3165618448637315
ZNRF1,0.14465408805031446,0.25157232704402516,2.008385744234801
ZNRF2,0.29350104821802936,0.0020964360587002098,2.647798742138365
ZNRF3,0.1928721174004193,0.039832285115303984,2.310272536687631
ZP2,0.2348008385744235,0.006289308176100629,2.440251572327044
ZP3,0.2830188679245283,0.0,2.607966457023061
ZP4,0.23060796645702306,0.050314465408805034,2.410901467505241
ZPR1,0.20964360587002095,0.05870020964360587,2.3459119496855347
ZRANB1,0.19916142557651992,0.039832285115303984,2.3123689727463312
ZRANB2,0.20335429769392033,0.033542976939203356,2.3186582809224316
ZRSR2,0.014675052410901468,0.7610062893081762,1.2662473794549267
ZSCAN22,0.2222222222222222,0.0,2.4213836477987423
ZSCAN25,0.2893081761006289,0.006289308176100629,2.6289308176100628
ZSWIM7,0.1719077568134172,0.07547169811320754,2.230607966457023
ZW10,0.20335429769392033,0.07127882599580712,2.3207547169811322
ZWILCH,0.20754716981132076,0.012578616352201259,2.3647798742138364
ZWINT,0.21174004192872117,0.05450733752620545,2.3249475890985325
ZYX,0.27672955974842767,0.012578616352201259,2.5681341719077566
